Branch,Pressure [bar],x_CO2 [-],x_CH4 [-],y_CO2 [-],y_CH4 [-],rho_L [kg/m3],rho_V [kg/m3],rho_L_mol_cm3 [mol/cm3],rho_V_mol_cm3 [mol/cm3],M_liq [kg/mol],M_vap [kg/mol]
Dew,5.997790636600953,0.9999915487422816,8.451257718408349e-06,0.999,0.0010000000000000009,1166.103841282768,15.828968646355515,0.02649672055577237,0.000359802408154071,0.04400936481283641,0.0439935039
Dew,6.0044155225326605,0.9999830847614986,1.6915238501401462e-05,0.9980010010010011,0.001998998998998913,1166.097493919767,15.840777072397067,0.026496657842701866,0.00036020165983138554,0.04400922942215341,0.04397752381211212
Dew,6.011055927338339,0.9999745995443173,2.540045568259544e-05,0.9970020020020021,0.0029979979979979365,1166.0911303912476,15.852612547892395,0.02649659496644649,0.0003606018170639693,0.044009093691770855,0.04396154372422423
Dew,6.0177118978673825,0.9999660930263132,3.390697368677852e-05,0.996003003003003,0.00399699699699696,1166.0847506481443,15.864475148299494,0.02649653192650883,0.00036100288255677237,0.04400895762065821,0.04394556363633634
Dew,6.024383481138319,0.999957565142837,4.243485716304706e-05,0.995004004004004,0.004995995995995983,1166.0783546412272,15.87636494939336,0.02649646872238989,0.00036140485902589665,0.04400882120778134,0.04392958354844845
Dew,6.031070724339487,0.9999490158290135,5.098417098642426e-05,0.9940050050050051,0.0059949949949948955,1166.0719423210862,15.88828202726661,0.026496405353588746,0.0003618077491986305,0.04400868445210249,0.043913603460560564
Dew,6.037773674830681,0.9999404450197406,5.955498025948729e-05,0.9930060060060061,0.006993993993993919,1166.0655136381513,15.900226458332796,0.026496341819602993,0.00036221155581354474,0.04400854735258027,0.043897623372672674
Dew,6.044492380144334,0.999931852649686,6.814735031400114e-05,0.9920070070070071,0.007992992992992942,1166.0590685426685,15.912198319328457,0.026496278119928236,0.00036261628162055957,0.04400840990816965,0.04388164328478479
Dew,6.051226887986314,0.9999232386532875,7.67613467125576e-05,0.991008008008008,0.008991991991991966,1166.0526069847172,15.92419768731401,0.02649621425405851,0.0003630219293809857,0.04400827211782185,0.0438656631968969
Dew,6.057977246237685,0.9999146029647498,8.53970352502327e-05,0.990009009009009,0.009990990990990989,1166.0461289141942,15.936224639677423,0.02649615022148591,0.0003634285018676291,0.044008133980484435,0.043849683109009004
Dew,6.064743502955412,0.9999059455180438,9.40544819562344e-05,0.9890100100100101,0.010989989989989901,1166.0396342808294,15.948279254134892,0.026496086021700966,0.0003638360018648268,0.04400799549510118,0.04383370302112113
Dew,6.07152570637406,0.9998972662469044,0.00010273375309558305,0.9880110110110111,0.011988988988988925,1166.033123034163,15.96036160873425,0.026496021654192157,0.0003642444321685468,0.04400785666061211,0.04381772293323324
Dew,6.07832390490667,0.9998885650848293,0.00011143491517077101,0.987012012012012,0.012987987987987948,1166.026595123566,15.972471781856168,0.02649595711844639,0.00036465379558643527,0.04400771747595344,0.043801742845345354
Dew,6.085138147146111,0.9998798419650765,0.00012015803492345653,0.986013013013013,0.013986986986986971,1166.0200504982201,15.984609852216579,0.02649589241394854,0.00036506409493789453,0.04400757794005756,0.043785762757457464
Dew,6.091968481866297,0.9998710968206639,0.00012890317933614927,0.9850140140140141,0.014985985985985883,1166.0134891071336,15.996775898868801,0.02649582754018184,0.00036547533305415227,0.044007438051853025,0.043769782669569574
Dew,6.098814958023608,0.9998623295843662,0.00013767041563391276,0.9840150150150151,0.015984984984984907,1166.006910899124,16.008970001206187,0.026495762496627523,0.0003658875127783438,0.04400729781026448,0.04375380258168168
Dew,6.1056776247579245,0.999853540188714,0.00014645981128607284,0.9830160160160161,0.01698398398398393,1166.0003158228287,16.021192238963675,0.026495697282765032,0.00036630063696556933,0.04400715721421269,0.0437378224937938
Dew,6.112556531393918,0.9998447285659922,0.00015527143400793513,0.982017017017017,0.017982982982982954,1165.9937038266964,16.033442692220085,0.026495631898071893,0.0003667147084829687,0.04400701626261447,0.04372184240590591
Dew,6.119451727442473,0.9998358946482375,0.0001641053517625057,0.981018018018018,0.018981981981981977,1165.9870748589929,16.04572144140079,0.026495566342023824,0.00036712973020980387,0.04400687495438268,0.04370586231801802
Dew,6.126363262601698,0.9998270383672377,0.00017296163276223276,0.9800190190190191,0.01998098098098089,1165.980428867792,16.05802856727914,0.026495500614094572,0.0003675457050375142,0.04400673328842618,0.04368988223013013
Dew,6.13329118675855,0.9998181596545292,0.00018184034547075265,0.9790200200200201,0.020979979979979912,1165.9737658009778,16.07036415097974,0.02649543471375598,0.0003679626358698132,0.044006591263649815,0.043673902142242246
Dew,6.140235549989871,0.9998092584413955,0.00019074155860463805,0.9780210210210211,0.021978978978978936,1165.9670856062448,16.082728273979942,0.02649536864047795,0.00036838052562274625,0.04400644887895441,0.043657922054354356
Dew,6.147196402563639,0.9998003346588649,0.00019966534113515153,0.977022022022022,0.02297797797797796,1165.9603882310944,16.095121018112025,0.026495302393728496,0.00036879937722476174,0.04400630613323667,0.043641941966466466
Dew,6.15417379494037,0.99979138823771,0.00020861176229003831,0.976023023023023,0.023976976976976982,1165.9536736228351,16.107542465565718,0.026495235972973635,0.0003692191936167927,0.04400616302538923,0.043625961878578576
Dew,6.16116777777459,0.9997824191084447,0.0002175808915552901,0.9750240240240241,0.024975975975975895,1165.946941728577,16.119992698891053,0.026495169377677378,0.0003696399777523444,0.04400601955430059,0.04360998179069069
Dew,6.168178401915809,0.999773427201323,0.00022657279867694313,0.9740250250250251,0.025974974974974918,1165.9401924952394,16.132471800999593,0.026495102607301868,0.0003700617325975463,0.044005875718855086,0.04359400170280281
Dew,6.175205718410113,0.9997644124463372,0.0002355875536628803,0.9730260260260261,0.02697397397397394,1165.9334258695362,16.14497985516758,0.026495035661307086,0.0003704844611312468,0.044005731517932856,0.04357802161491492
Dew,6.182249778501227,0.9997553747732154,0.00024462522678462406,0.972027027027027,0.027972972972972965,1165.9266417979904,16.15751694503753,0.026494968539151186,0.0003709081663450732,0.044005586950409833,0.04356204152702703
Dew,6.189310633632211,0.9997463141114209,0.00025368588857918725,0.9710280280280281,0.028971971971971877,1165.9198402269183,16.170083154621604,0.02649490124029015,0.000371332851243533,0.04400544201515771,0.043546061439139146
Dew,6.196388335446429,0.9997372303901492,0.0002627696098508766,0.9700290290290291,0.0299709709709709,1165.9130211024356,16.182678568302865,0.026494833764177987,0.000371758518844066,0.04400529671104387,0.043530081351251255
Dew,6.20348293578914,0.9997281235383269,0.00027187646167313754,0.9690300300300301,0.030969969969969924,1165.9061843704558,16.1953032708384,0.026494766110266636,0.00037218517217714003,0.044005151036931436,0.043514101263363365
Dew,6.2105944867087315,0.9997189934846096,0.0002810065153904189,0.968031031031031,0.03196896896896895,1165.8993299766862,16.20795734736135,0.026494698278005973,0.00037261281428632145,0.04400500499167916,0.043498121175475475
Dew,6.217723040458047,0.99970984015738,0.0002901598426200088,0.967032032032032,0.03296796796796797,1165.8924578666292,16.22064088338317,0.026494630266843795,0.00037304144822835125,0.044004858574141464,0.043482141087587585
Dew,6.2248686494959635,0.9997006634847461,0.0002993365152539325,0.9660330330330331,0.03396696696696688,1165.8855679855785,16.233353964796716,0.026494562076225792,0.0003734710770732402,0.04400471178316835,0.0434661609996997
Dew,6.232031366488546,0.9996914633945392,0.00030853660546080973,0.9650340340340341,0.034965965965965906,1165.8786602786183,16.246096677877983,0.026494493705595545,0.0003739017039043334,0.044004564617605386,0.04345018091181182
Dew,6.2392112443103915,0.9996822398143123,0.0003177601856877581,0.9640350350350351,0.03596496496496493,1165.8717346906242,16.25886910928843,0.02649442515439452,0.00037433333181838827,0.04400441707629372,0.04343420082392393
Dew,6.246408336046456,0.9996729926713377,0.00032700732866229517,0.963036036036036,0.03696396396396395,1165.8647911662576,16.271671346078747,0.026494356422062028,0.0003747659639256859,0.044004269158069986,0.04341822073603603
Dew,6.253622694992771,0.9996637218926058,0.0003362781073942475,0.9620370370370371,0.037962962962962865,1165.8578296499688,16.28450347568932,0.026494287508035255,0.0003751996033500665,0.04400412086176632,0.04340224064814815
Dew,6.260854374658625,0.9996544274048224,0.0003455725951776865,0.9610380380380381,0.03896196196196189,1165.8508500859896,16.297365585954985,0.026494218411749138,0.0003756342532290646,0.044003972186210286,0.04338626056026027
Dew,6.2681034287669215,0.9996451091344072,0.00035489086559283646,0.9600390390390391,0.03996096096096091,1165.8438524183398,16.31025776510444,0.026494149132636542,0.00037606991671392014,0.0440038231302249,0.04337028047237238
Dew,6.275369911256897,0.9996357670074919,0.00036423299250805646,0.9590400400400401,0.040959959959959935,1165.836836590819,16.32318010176656,0.026494079670128064,0.00037650659696974954,0.044003673692628545,0.04335430038448449
Dew,6.282653876284616,0.9996264009499183,0.0003735990500817717,0.958041041041041,0.04195895895895896,1165.829802547007,16.336132684970195,0.02649401002365207,0.00037694429717556653,0.044003523872234995,0.0433383202965966
Dew,6.289955378224587,0.9996170108872355,0.0003829891127644525,0.9570420420420421,0.04295795795795787,1165.8227502302632,16.34911560414726,0.02649394019263472,0.00037738302052437925,0.04400337366785331,0.04332234020870871
Dew,6.297274471671526,0.9996075967446995,0.00039240325530058703,0.9560430430430431,0.043956956956956894,1165.815679583727,16.36212894913622,0.02649387017649997,0.0003778227702232966,0.0440032230782879,0.04330636012082083
Dew,6.304611211441368,0.9995981584472693,0.00040184155273069124,0.9550440440440441,0.04495595595595592,1165.8085905503087,16.375172810183358,0.02649379997466942,0.0003782635494935833,0.044003072102338364,0.04329038003293294
Dew,6.311965652573118,0.9995886959196068,0.00041130408039329454,0.9540450450450451,0.04595495495495494,1165.801483072698,16.388247277946547,0.02649372958656245,0.00037870536157077355,0.04400292073879963,0.04327439994504505
Dew,6.319337850330036,0.9995792090860731,0.00042079091392695873,0.9530460460460461,0.04695395395395385,1165.794357093357,16.401352443497007,0.02649365901159618,0.0003791482097047376,0.044002768986461736,0.04325841985715716
Dew,6.3267278602015296,0.9995696978707277,0.00043030212927230757,0.9520470470470471,0.047952952952952876,1165.7872125545177,16.414488398323165,0.026493588249185372,0.0003795920971597978,0.04400261684410995,0.043242439769269274
Dew,6.334135737903587,0.9995601621973259,0.00043983780267407185,0.9510480480480481,0.0489519519519519,1165.780049398184,16.427655234330206,0.026493517298742497,0.0003800370272147448,0.044002464310524646,0.043226459681381384
Dew,6.3415615393819955,0.9995506019893169,0.00044939801068314024,0.9500490490490491,0.04995095095095092,1165.7728675661242,16.440853043847767,0.026493446159677594,0.00038048300316304246,0.04400231138448132,0.043210479593493493
Dew,6.3490053208123065,0.9995410171698413,0.0004589828301586055,0.94905005005005,0.050949949949949946,1165.765666999879,16.454081919628138,0.026493374831398492,0.0003809300283128131,0.044002158064750496,0.04319449950560561
Dew,6.356467138601952,0.9995314076617301,0.0004685923382698679,0.9480510510510511,0.05194894894894886,1165.7584476407515,16.46734195485072,0.026493303313310554,0.0003813781059869684,0.0440020043500978,0.04317851941771771
Dew,6.363947585857891,0.9995217733830745,0.0004782266169256046,0.9470520520520521,0.05294794794794788,1165.7512095402149,16.480634781656416,0.026493231607368543,0.00038182727516836737,0.044001850239213,0.04316253932982984
Dew,6.371445653067852,0.9995121142647838,0.0004878857352162328,0.9460530530530531,0.053946946946946905,1165.743952419405,16.493957435191344,0.026493159707896393,0.00038227746835390485,0.04400169573099091,0.04314655924194195
Dew,6.378961927301734,0.9995024302244635,0.0004975697755364971,0.9450540540540541,0.05494594594594593,1165.7366763281998,16.507311530384403,0.026493087616817217,0.0003827287241245588,0.04400154082411354,0.043130579154054056
Dew,6.386496465909954,0.999492721183682,0.0005072788163180254,0.9440550550550552,0.05594494494494484,1165.7293812069465,16.520697162151073,0.02649301533352673,0.0003831810458633154,0.0440013855173263,0.043114599066166166
Dew,6.394049326482399,0.9994829870636867,0.0005170129363133136,0.9430560560560561,0.056943943943943864,1165.7220669957528,16.53411442584737,0.026492942857418243,0.0003836344369683996,0.04400122980936944,0.04309861897827828
Dew,6.401620566850044,0.9994732277854022,0.0005267722145978855,0.9420570570570571,0.05794294294294289,1165.7147336344779,16.547563417272794,0.026492870187882517,0.00038408890085337224,0.04400107369897808,0.04308263889039039
Dew,6.409210245086672,0.9994634432694276,0.000536556730572433,0.9410580580580581,0.05894194194194191,1165.7073810627385,16.561044232673577,0.02649279732430792,0.0003845444409472335,0.04400091718488209,0.0430666588025025
Dew,6.416818419510467,0.999453633436035,0.0005463665639650534,0.9400590590590591,0.059940940940940934,1165.700009219902,16.57455696874553,0.02649272426608024,0.0003850010606945178,0.04400076026580616,0.04305067871461462
Dew,6.424445148684961,0.9994437982051666,0.00055620179483338,0.9390600600600602,0.06093993993993985,1165.6926180450855,16.58810172263505,0.026492651012582757,0.0003854587635553463,0.04400060294046967,0.043034698626726736
Dew,6.4320904914219135,0.9994339374964332,0.0005660625035668203,0.9380610610610611,0.06193893893893887,1165.6852074771596,16.60167859194564,0.0264925775631963,0.00038591755300560723,0.044000445207586704,0.043018718538838846
Dew,6.4397545067815525,0.9994240512291112,0.0005759487708888107,0.9370620620620621,0.0629379379379379,1165.677777454734,16.61528767473688,0.026492503917298973,0.00038637743253696103,0.044000287065865985,0.04300273845095095
Dew,6.447437254075215,0.9994141393221411,0.0005858606778589634,0.9360630630630631,0.06393693693693692,1165.6703279161723,16.628929069530244,0.026492430074266476,0.00038683840565700514,0.0440001285140109,0.04298675836306306
Dew,6.455138792866397,0.9994042016941246,0.0005957983058754115,0.9350640640640641,0.06493593593593594,1165.6628587995774,16.642602875310374,0.026492356033471824,0.00038730047588933335,0.043999969550719394,0.042970778275175175
Dew,6.462859182972647,0.999394238263323,0.000605761736677018,0.9340650650650651,0.06593493493493485,1165.6553700427958,16.656309191528706,0.026492281794285467,0.0003877636467736503,0.04399981017468394,0.04295479818728729
Dew,6.470598484467255,0.9993842489476544,0.0006157510523456672,0.9330660660660661,0.06693393393393388,1165.6478615834126,16.670048118106592,0.026492207356075166,0.0003882279218658736,0.04399965038459158,0.04293881809939941
Dew,6.478356757680709,0.9993742336646915,0.000625766335308568,0.9320670670670671,0.0679329329329329,1165.6403333587548,16.683819755437664,0.026492132718206142,0.00038869330473821916,0.043999490179123774,0.04292283801151152
Dew,6.486134063202602,0.9993641923316595,0.0006358076683405488,0.9310680680680681,0.06893193193193192,1165.6327853058817,16.697624204391502,0.026492057880040824,0.00038915979897931736,0.043999329556956464,0.04290685792362363
Dew,6.493930461883092,0.9993541248654336,0.0006458751345663618,0.9300690690690692,0.06993093093093083,1165.6252173615942,16.71146156631608,0.02649198284093913,0.0003896274081943003,0.043999168516759966,0.042890877835735745
Dew,6.50174601483503,0.9993440311825369,0.0006559688174630917,0.9290700700700701,0.07092992992992986,1165.6176294624186,16.725331943041933,0.02649190760025808,0.0003900961360049302,0.04399900705719898,0.042874897747847855
Dew,6.509580783434851,0.9993339111991376,0.000666088800862401,0.9280710710710711,0.07192892892892888,1165.6100215446204,16.73923543688306,0.026491832157352166,0.0003905659860496509,0.04399884517693253,0.042858917659959965
Dew,6.517434829325264,0.9993237648310469,0.0006762351689530115,0.9270720720720721,0.0729279279279279,1165.602393544188,16.75317215064266,0.02649175651157299,0.0003910369619837532,0.043998682874613906,0.042842937572072075
Dew,6.525308214416365,0.999313591993717,0.0006864080062829965,0.9260730730730731,0.07392692692692693,1165.594745396845,16.767142187614535,0.026491680662269552,0.00039150906747943904,0.0439985201488907,0.04282695748418419
Dew,6.685289553501957,0.9999999999989385,1.0614842338441122e-12,0.9250740740740742,0.07492592592592584,1166.2667210460277,17.21481102575779,0.026500340177608873,0.00040211207668543186,0.04400949999998302,0.0428109773962963
Dew,6.693412374619641,0.9999999999989264,1.0735856648125264e-12,0.9240750750750751,0.07592492492492486,1166.2685518459411,17.22927857397366,0.026500381777716093,0.00040260029577308634,0.044009499999982826,0.04279499730840841
Dew,6.701518548433855,0.9999999999989143,1.0856870957809406e-12,0.9230760760760761,0.07692392392392389,1166.2703788678834,17.243675900155132,0.026500423291978863,0.00040308723810241186,0.04400949999998263,0.04277901722052052
Dew,6.709608673899934,0.9999999999989022,1.0977885267493548e-12,0.9220770770770771,0.07792292292292291,1166.2722022470075,17.25800476207499,0.026500464723468176,0.00040357294334703226,0.044009499999982445,0.04276303713263264
Dew,6.717683348861159,0.9999999999988902,1.1097789354153065e-12,0.9210780780780782,0.07892192192192182,1166.2740221182096,17.272266912088288,0.02650050607524921,0.00040405745111315707,0.04400949999998224,0.04274705704474475
Dew,6.725743169783764,0.9999999999988781,1.1218803663837207e-12,0.9200790790790792,0.07992092092092085,1166.2758386160654,17.286464096357435,0.026500547350379825,0.00040454080092132,0.044009499999982056,0.04273107695685686
Dew,6.733788731501741,0.9999999999988661,1.1338707750496724e-12,0.9190800800800801,0.08091991991991987,1166.2776518747744,17.300598054107557,0.02650058855190936,0.0004050230321887866,0.04400949999998186,0.04271509686896897
Dew,6.741820626977742,0.9999999999988541,1.145861183715624e-12,0.9180810810810811,0.08191891891891889,1166.2794620281122,17.31467051693019,0.026500629682877513,0.0004055041842130535,0.044009499999981674,0.042699116781081084
Dew,6.749839447053296,0.9999999999988421,1.1578515923815758e-12,0.9170820820820821,0.08291791791791792,1166.28126920936,17.32868320805869,0.02650067074631274,0.0004059842961546484,0.04400949999998149,0.0426831366931932
Dew,6.757845780242814,0.9999999999988302,1.1698420010475274e-12,0.9160830830830832,0.08391691691691683,1166.2830735512753,17.342637841770856,0.026500711745231623,0.0004064634070228725,0.044009499999981286,0.04266715660530531
Dew,6.765840212493044,0.9999999999988182,1.1818324097134791e-12,0.9150840840840841,0.08491591591591585,1166.2848751860236,17.356536122695093,0.026500752682637258,0.0004069415556592494,0.0440094999999811,0.04265117651741742
Bubble,6.767478098439027,0.999,0.0010000000000000009,0.896496288296764,0.10350371170323604,1165.358864899393,17.196352060979763,0.026489339597689853,0.00040601632164538235,0.0439935039,0.04235384427722387
Dew,6.77382332699596,0.9999999999988062,1.1938228183794308e-12,0.9140850850850851,0.08591491491491487,1166.2866742451426,17.370379745271073,0.0265007935615185,0.0004074187807245609,0.04400949999998091,0.04263519642952953
Dew,6.781795703974312,0.9999999999987942,1.2058132270453825e-12,0.9130860860860861,0.0869139139139139,1166.2884708594986,17.384170393134454,0.02650083438484895,0.00040789512068407105,0.04400949999998071,0.04261921634164165
Dew,6.7897579205022645,0.9999999999987822,1.2178036357113342e-12,0.9120870870870871,0.08791291291291292,1166.2902651592342,17.39790973860357,0.026500875155585735,0.00040837061379511155,0.04400949999998052,0.04260323625375376
Dew,6.79771055032647,0.9999999999987702,1.229794044377286e-12,0.9110880880880882,0.08891191191191183,1166.2920572737382,17.411599442169223,0.026500915876668887,0.00040884529809471034,0.044009499999980335,0.04258725616586587
Dew,6.80565416369464,0.9999999999987583,1.241673430740775e-12,0.9100890890890891,0.08991091091091086,1166.2938473316033,17.425241152007622,0.026500956551020343,0.00040931921138773805,0.044009499999980134,0.042571276077977976
Dew,6.81358932718267,0.9999999999987463,1.2536638394067268e-12,0.9090900900900901,0.09090990990990988,1166.2956354605885,17.438836503491125,0.026500997181543074,0.00040979239123497413,0.044009499999979954,0.04255529599009009
Dew,6.821516603557147,0.9999999999987343,1.2656542480726785e-12,0.9080910910910911,0.0919089089089089,1166.297421787585,17.45238711880117,0.026501037771120364,0.00041026487494355036,0.04400949999997976,0.0425393159022022
Dew,6.829436551622391,0.9999999999987225,1.2775336344361676e-12,0.9070920920920922,0.09290790790790782,1166.299206438585,17.465894606498956,0.026501078322615043,0.0004107366995563772,0.044009499999979565,0.04252333581431432
Dew,6.8373497260869165,0.9999999999987105,1.2895240431021193e-12,0.9060930930930932,0.09390690690690684,1166.3009895386533,17.4793605611529,0.026501118838868874,0.00041120790184288376,0.04400949999997938,0.04250735572642643
Dew,6.845256677434556,0.9999999999986985,1.301514451768071e-12,0.9050940940940941,0.09490590590590586,1166.3027712118906,17.492786562980832,0.02650115932270174,0.000411678518290082,0.04400949999997918,0.04249137563853854
Dew,6.853157951807636,0.9999999999986865,1.3135048604340227e-12,0.9040950950950951,0.09590490490490489,1166.3045515814165,17.506174177527868,0.026501199776911195,0.0004121485850944524,0.04400949999997899,0.042475395550650656
Dew,6.861054090903979,0.9999999999986745,1.3254952690999744e-12,0.9030960960960961,0.09690390390390391,1166.3063307693424,17.519524955384856,0.0265012402042719,0.000412618138154766,0.0440094999999788,0.042459415462762766
Dew,6.868945631840565,0.9999999999986626,1.3373746554634636e-12,0.9020970970970972,0.09790290290290282,1166.3081088967385,17.53284043181373,0.026501280607534858,0.0004130872130626965,0.044009499999978614,0.04244343537487488
Dew,6.876833107101511,0.9999999999986506,1.3493650641294153e-12,0.9010980980980982,0.09890190190190185,1166.3098860836262,17.546122126613074,0.026501320989427243,0.00041355584509907386,0.04400949999997841,0.04242745528698699
Dew,6.884717044418231,0.9999999999986386,1.361355472795367e-12,0.9000990990990991,0.09990090090090087,1166.311662448948,17.55937154379273,0.0265013613526517,0.00041402406922562597,0.044009499999978226,0.04241147519909911
Dew,6.892597966704544,0.9999999999986265,1.3734569037637812e-12,0.8991001001001001,0.10089989989989989,1166.3134381105572,17.572590171405146,0.026501401699886146,0.0004144919200803999,0.04400949999997803,0.04239549511121122
Dew,6.900476391966044,0.9999999999986146,1.3854473124297328e-12,0.8981011011011012,0.1018988988988988,1166.3152131851887,17.585779481305092,0.026501442033783067,0.00041495943197148095,0.044009499999977844,0.04237951502332333
Dew,6.908352833257872,0.9999999999986026,1.3974377210956845e-12,0.8971021021021022,0.10289789789789783,1166.3169877884643,17.5989409290472,0.02650148235696967,0.0004154266388739523,0.04400949999997765,0.04236353493543544
Dew,6.916227798604041,0.9999999999985906,1.4094281297616362e-12,0.8961031031031031,0.10389689689689685,1166.3187620348588,17.612075953675784,0.026501522672047084,0.00041589357442430334,0.044009499999977456,0.04234755484754755
Dew,6.9241017909336655,0.9999999999985785,1.4215295607300504e-12,0.8951041041041041,0.10489589589589587,1166.3205360376976,17.62518597756347,0.026501562981590347,0.00041636027191597845,0.04400949999997726,0.042331574759659665
Dew,6.93197530806869,0.9999999999985665,1.4335199693960021e-12,0.8941051051051051,0.1058948948948949,1166.3223099091429,17.63827240639608,0.026501603288148025,0.0004168267642983725,0.044009499999977074,0.042315594671771775
Dew,6.939848842643114,0.9999999999985544,1.4456214003644163e-12,0.8931061061061062,0.10689389389389381,1166.3240837601895,17.65133662896488,0.026501643594242206,0.0004172930841712686,0.04400949999997687,0.042299614583883885
Dew,6.947722882093434,0.9999999999985423,1.4577228313328305e-12,0.8921071071071072,0.10789289289289283,1166.325857700652,17.664380017160664,0.026501683902368123,0.0004177592637840386,0.044009499999976685,0.042283634495995995
Dew,6.955597908607739,0.9999999999985302,1.4698242623012447e-12,0.8911081081081081,0.10889189189189186,1166.3276318391547,17.67740392585182,0.026501724214993985,0.00041822533503209494,0.04400949999997649,0.04226765440810811
Dew,6.963474399123744,0.9999999999985181,1.481925693269659e-12,0.8901091091091091,0.10989089089089088,1166.3294062831358,17.690409692901113,0.026501764534561035,0.00041869132945661944,0.0440094999999763,0.04225167432022023
Dew,6.971352825285529,0.999999999998506,1.4940271242380732e-12,0.8891101101101102,0.11088988988988979,1166.3311811388337,17.70339863906656,0.02650180486348327,0.0004191572782415454,0.0440094999999761,0.04223569423233234
Dew,6.979233653437504,0.9999999999984938,1.5062395775089499e-12,0.8881111111111112,0.11188888888888882,1166.3329565112865,17.71637206800791,0.0265018452041474,0.0004196232122130355,0.04400949999997591,0.04221971414444445
Dew,6.987117344619957,0.9999999999984817,1.518341008477364e-12,0.8871121121121122,0.11288788788788784,1166.3347325043344,17.729331266297958,0.026501885558912915,0.00042008916183907237,0.044009499999975714,0.04220373405655656
Dew,6.995004354552098,0.9999999999984694,1.5305534617482408e-12,0.8861131131131131,0.11388688688688686,1166.3365092206107,17.74227750339911,0.026501925930111893,0.00042055515722822455,0.04400949999997552,0.042187753968668674
Dew,7.002895133639017,0.9999999999984572,1.5427659150191175e-12,0.8851141141141141,0.11488588588588589,1166.3382867615464,17.75521203170776,0.026501966320049093,0.00042102122813001845,0.04400949999997532,0.042171773880780784
Dew,7.01079012697085,0.999999999998445,1.5549783682899943e-12,0.8841151151151152,0.1158848848848848,1166.3400652273706,17.76813608657702,0.026502006731001938,0.00042148740393479616,0.04400949999997513,0.042155793792892894
Dew,7.018689774326813,0.9999999999984327,1.5673018438633335e-12,0.8831161161161162,0.11688388388388382,1166.3418447171073,17.781050886353476,0.0265020471652205,0.00042195371367390733,0.04400949999997493,0.042139813705005004
Dew,7.026594510199335,0.9999999999984205,1.5795142971342102e-12,0.8821171171171172,0.11788288288288284,1166.3436253285906,17.79395763247077,0.026502087624927805,0.00042242018602124936,0.044009499999974735,0.04212383361711712
Dew,7.034504763780572,0.9999999999984082,1.5918377727075494e-12,0.8811181181181181,0.11888188188188187,1166.3454071584488,17.806857509437677,0.026502128112319466,0.0004228868492923065,0.044009499999974534,0.04210785352922923
Dew,7.042420959014557,0.9999999999983958,1.6041612482808887e-12,0.8801191191191192,0.11988088088088078,1166.3471903021248,17.81975168501076,0.02650216862956418,0.0004233537314475708,0.04400949999997434,0.04209187344134135
Dew,7.050343514598749,0.9999999999983835,1.616484723854228e-12,0.8791201201201202,0.1208798798798798,1166.3489748538773,17.83264131022511,0.026502209178803724,0.00042382086009259897,0.044009499999974146,0.04207589335345345
Dew,7.058272844003646,0.9999999999983711,1.6289192217300297e-12,0.8781211211211212,0.12187887887887883,1166.3507609067776,17.845527519475937,0.026502249762152905,0.0004242882624792778,0.044009499999973944,0.04205991326556556
Dew,7.06620935551543,0.9999999999983586,1.6413537196058314e-12,0.8771221221221221,0.12287787787787785,1166.352548552728,17.858411430664884,0.026502290381699944,0.0004247559655086319,0.04400949999997375,0.04204393317767768
Dew,7.074153452254059,0.9999999999983463,1.6536771951791707e-12,0.8761231231231231,0.12387687687687687,1166.354337882459,17.871294145277467,0.02650233103950647,0.000425223995732,0.04400949999997355,0.04202795308978979
Dew,7.082105532217585,0.9999999999983338,1.666222715357435e-12,0.8751241241241242,0.12487587587587579,1166.3561289855447,17.884176748534227,0.026502371737607812,0.0004256923793539665,0.04400949999997335,0.04201197300190191
Dew,7.090065988309753,0.9999999999983213,1.6786572132332367e-12,0.8741251251251252,0.1258748748748748,1166.3579219504072,17.897060309494822,0.02650241247801313,0.00042616114223418183,0.04400949999997315,0.04199599291401402
Dew,7.098035208366818,0.9999999999983088,1.691202733411501e-12,0.8731261261261262,0.12687387387387383,1166.3597168643191,17.909945881160176,0.02650245326270546,0.0004266303098891379,0.04400949999997295,0.04198001282612614
Dew,7.106013575217754,0.9999999999982963,1.7037482535897652e-12,0.8721271271271271,0.12787287287287286,1166.3615138134226,17.92283450066785,0.026502494093642165,0.00042709990749617116,0.044009499999972744,0.04196403273823824
Dew,7.114001466731991,0.9999999999982837,1.7162937737680295e-12,0.8711281281281281,0.12887187187187188,1166.363312882739,17.9357271894525,0.026502534972755114,0.0004275699598966414,0.04400949999997256,0.04194805265035035
Dew,7.121999255821564,0.9999999999982712,1.7288392939462938e-12,0.8701291291291292,0.1298708708708708,1166.3651141561643,17.94862495327873,0.02650257590195065,0.0004280404915960752,0.04400949999997235,0.041932072562462466
Dew,7.130007310545428,0.9999999999982585,1.7414958364270205e-12,0.8691301301301302,0.13086986986986981,1166.3669177165018,17.961528782559483,0.026502616883110237,0.0004285115267711218,0.04400949999997215,0.04191609247457458
Dew,7.1380259844708105,0.9999999999982458,1.7541523789077473e-12,0.8681311311311312,0.13186886886886884,1166.3687236432818,17.974439625481104,0.026502657918040996,0.00042898308862752087,0.044009499999971946,0.04190011238668669
Dew,7.146055655656902,0.9999999999982331,1.7669199436909366e-12,0.8671321321321321,0.13286786786786786,1166.3705320215488,17.9873584968457,0.02650269900867535,0.00042945520199690426,0.04400949999997174,0.0418841322987988
Dew,7.154096667788071,0.9999999999982204,1.7795764861716634e-12,0.8661331331331332,0.13386686686686677,1166.372342928602,18.000286313764008,0.026502740156769705,0.0004299278894155043,0.04400949999997154,0.04186815221091091
Dew,7.162149369860189,0.9999999999982077,1.7923440509548527e-12,0.8651341341341342,0.1348658658658658,1166.3741564429267,18.013224006483288,0.02650278136410744,0.0004304011737678521,0.044009499999971335,0.04185217212302302
Dew,7.170214106264212,0.9999999999981949,1.805111615738042e-12,0.8641351351351352,0.13586486486486482,1166.3759726419728,18.026172490723997,0.026502822632448398,0.00043087507762621275,0.044009499999971134,0.04183619203513514
Dew,7.178291216799649,0.999999999998182,1.8179902028236938e-12,0.8631361361361362,0.13686386386386384,1166.3777916021477,18.039132667743278,0.026502863963528748,0.00043134962325150713,0.04400949999997092,0.04182021194724725
Dew,7.186381036741851,0.9999999999981691,1.8308687899093457e-12,0.8621371371371371,0.13786286286286287,1166.379613398839,18.052105424548344,0.026502905359061458,0.00043182483259782085,0.04400949999997071,0.04180423185935936
Dew,7.1944838969217315,0.9999999999981563,1.8437473769949975e-12,0.8611381381381382,0.13886186186186178,1166.3814381064235,18.06509163414416,0.026502946820736548,0.00043230072731774487,0.04400949999997051,0.041788251771471475
Dew,7.202600123756673,0.9999999999981433,1.856736986383112e-12,0.8601391391391392,0.1398608608608608,1166.383265798287,18.07809215564484,0.026502988350221524,0.0004327773287644657,0.0440094999999703,0.04177227168358359
Dew,7.210730039319332,0.9999999999981303,1.869726595771226e-12,0.8591401401401402,0.14085985985985983,1166.3850965468273,18.09110783449032,0.026503029949161434,0.00043325465799638144,0.044009499999970086,0.0417562915956957
Dew,7.2188739613823705,0.9999999999981173,1.8827162051593405e-12,0.8581411411411412,0.14185885885885885,1166.386930423471,18.104139502595803,0.026503071619179246,0.0004337327357801175,0.04400949999996989,0.04174031150780781
Dew,7.227032203514087,0.9999999999981043,1.8957058145474548e-12,0.8571421421421422,0.14285785785785776,1166.388767498694,18.1171879786423,0.02650311336187636,0.0004342115825969314,0.04400949999996968,0.04172433141991992
Dew,7.2352050751042825,0.9999999999980912,1.9088064462380316e-12,0.8561431431431432,0.14385685685685679,1166.3906078420264,18.130254068172956,0.02650315517883265,0.00043469121864447597,0.04400949999996947,0.04170835133203203
Dew,7.243392881432522,0.9999999999980781,1.9219070779286085e-12,0.8551441441441442,0.1448558558558558,1166.3924515220695,18.1433385638069,0.026503197071606904,0.0004351716638413844,0.04400949999996926,0.04169237124414415
Dew,7.251595923738296,0.9999999999980649,1.935118731921648e-12,0.8541451451451452,0.14585485485485483,1166.3942986065101,18.15644224545795,0.026503239041737136,0.00043565293783198386,0.044009499999969046,0.04167639115625626
Dew,7.259814499278336,0.9999999999980517,1.9483303859146872e-12,0.8531461461461461,0.14685385385385386,1166.3961491621342,18.16956588051738,0.026503281090740866,0.0004361350599901555,0.04400949999996883,0.04166041106836837
Dew,7.268048901382845,0.9999999999980385,1.9615420399077266e-12,0.8521471471471472,0.14785285285285277,1166.3980032548395,18.1827102240332,0.026503323220115456,0.0004366180494231216,0.04400949999996862,0.04164443098048048
Dew,7.276299419524101,0.9999999999980251,1.9748647162032285e-12,0.8511481481481482,0.1488518518518518,1166.3998609496523,18.195876018923506,0.026503365431338445,0.0004371019249760576,0.044009499999968414,0.041628450892592594
Dew,7.284566339386279,0.9999999999980118,1.9881873924987303e-12,0.8501491491491492,0.14985085085085081,1166.4017223107398,18.209063996192718,0.026503407725867883,0.0004375867052367869,0.0440094999999682,0.041612470804704704
Dew,7.292849942892321,0.9999999999979984,2.0016210910966947e-12,0.8491501501501502,0.15084984984984984,1166.40358740142,18.22227487502853,0.0265034501051425,0.000438072408537616,0.04400949999996798,0.041596490716816814
Dew,7.30115050832403,0.9999999999979851,2.0149437673921966e-12,0.8481511511511511,0.15184884884884886,1166.4054562841845,18.235509363156606,0.026503492570582227,0.0004385590529633747,0.044009499999967776,0.041580510628928924
Dew,7.309468310323986,0.9999999999979715,2.0284884882926235e-12,0.8471521521521522,0.15284784784784777,1166.4073290207061,18.24876815686771,0.026503535123588457,0.00043904665635159223,0.044009499999967554,0.04156453054104105
Dew,7.31780362000533,0.9999999999979581,2.041922186890588e-12,0.8461531531531532,0.1538468468468468,1166.4092056718564,18.262051941342992,0.026503577765544305,0.00043953523629985193,0.04400949999996734,0.04154855045315316
Dew,7.326156704981798,0.9999999999979445,2.055466907791015e-12,0.8451541541541542,0.15484584584584582,1166.4110862977136,18.27536139075824,0.026503620497814902,0.0004400248101678384,0.044009499999967124,0.04153257036526527
Dew,7.3345278294580805,0.9999999999979309,2.0691226509939042e-12,0.8441551551551552,0.15584484484484484,1166.4129709575877,18.288697168554503,0.026503663321747913,0.00044051539508339915,0.04400949999996691,0.04151659027737738
Dew,7.342917254243403,0.9999999999979172,2.0827783941967937e-12,0.8431561561561562,0.15684384384384376,1166.4148597100184,18.30205992749623,0.0265037062386735,0.0004410070079434986,0.044009499999966686,0.041500610189489494
Dew,7.351325236883425,0.9999999999979036,2.096434137399683e-12,0.8421571571571572,0.15784284284284278,1166.416752612808,18.31545031005576,0.026503749249905065,0.0004414996654230418,0.044009499999966464,0.04148463010160161
Dew,7.35975203165564,0.9999999999978899,2.1100898806025725e-12,0.8411581581581582,0.1588418418418418,1166.4186497230191,18.32886894842044,0.026503792356739195,0.00044199338397461855,0.04400949999996625,0.04146865001371372
Dew,7.368197889682873,0.9999999999978761,2.1238566461079245e-12,0.8401591591591592,0.15984084084084083,1166.4205510969994,18.342316464825437,0.02650383556045626,0.000442488179836103,0.04400949999996603,0.04145266992582583
Dew,7.376663058947985,0.9999999999978623,2.137734433915739e-12,0.8391601601601602,0.16083983983983985,1166.4224567903873,18.355793471613467,0.02650387886232049,0.00044298406903168125,0.044009499999965805,0.04143668983793794
Dew,7.385147784385355,0.9999999999978484,2.1516122217235534e-12,0.8381611611611612,0.16183883883883876,1166.4243668581296,18.369300571505942,0.026503922263580403,0.00044348106737798586,0.04400949999996558,0.04142070975005005
Dew,7.393652307922264,0.9999999999978345,2.165490009531368e-12,0.8371621621621622,0.16283783783783778,1166.4262813544935,18.382838357735576,0.02650396576546908,0.0004439791904868971,0.04400949999996536,0.04140472966216217
Dew,7.402176868552771,0.9999999999978205,2.179478819641645e-12,0.8361631631631632,0.1638368368368368,1166.4282003330836,18.39640741426809,0.026504009369204544,0.0004444784537705053,0.044009499999965146,0.041388749574274276
Dew,7.410721702406642,0.9999999999978065,2.1934676297519218e-12,0.8351641641641642,0.16483583583583583,1166.4301238468543,18.410008316009804,0.02650405307599005,0.00044497887244574174,0.04400949999996492,0.041372769486386386
Dew,7.419287042773305,0.9999999999977924,2.2075674621646613e-12,0.8341651651651653,0.16583483483483474,1166.4320519481162,18.423641628891183,0.026504096887014213,0.0004454804615360223,0.04400949999996469,0.041356789398498496
Dew,7.427873120180802,0.9999999999977783,2.2216672945774008e-12,0.8331661661661662,0.16683383383383377,1166.4339846885564,18.43730791010124,0.02650414080345149,0.00044598323587654296,0.04400949999996446,0.04134080931061062
Dew,7.436480162463148,0.9999999999977642,2.2357671269901402e-12,0.8321671671671672,0.1678328328328328,1166.4359221192528,18.4510077082896,0.02650418482646248,0.0004464872101188065,0.044009499999964244,0.04132482922272273
Dew,7.445108394802506,0.99999999999775,2.2499779817053422e-12,0.8311681681681682,0.1688318318318318,1166.43786429068,18.464741563698986,0.0265042289571941,0.0004469923987334732,0.044009499999964015,0.04130884913483484
Dew,7.453758039782502,0.9999999999977358,2.2641888364205442e-12,0.8301691691691692,0.16983083083083084,1166.4398112527267,18.478510008327927,0.026504273196779934,0.0004474988160139519,0.044009499999963786,0.041292869046946956
Dew,7.462429317481657,0.9999999999977215,2.2785107134382088e-12,0.8291701701701703,0.17082982982982975,1166.441763054712,18.4923135662031,0.026504317546340632,0.000448006476082655,0.04400949999996355,0.041276888959059066
Dew,7.471122445445866,0.9999999999977071,2.292943612758336e-12,0.8281711711711712,0.17182882882882877,1166.4437197453833,18.506152753319547,0.02650436200698384,0.0004485153928892177,0.04400949999996333,0.041260908871171176
Dew,7.479837638855815,0.9999999999976927,2.3072654897760003e-12,0.8271721721721722,0.1728278278278278,1166.4456813729512,18.52002807811509,0.026504406579805028,0.0004490255802216665,0.04400949999996309,0.041244928783283286
Dew,7.488575110491599,0.9999999999976782,2.32180941139859e-12,0.8261731731731732,0.17382682682682682,1166.447647985084,18.5339400413882,0.026504451265887324,0.00044953705170411345,0.04400949999996286,0.041228948695395395
Dew,7.497335070831234,0.9999999999976638,2.336242310718717e-12,0.8251741741741743,0.17482582582582573,1166.4496196289258,18.547889136582697,0.026504496066301963,0.0004500498208033465,0.044009499999962634,0.041212968607507505
Dew,7.506117728079142,0.9999999999976491,2.350897254643769e-12,0.8241751751751752,0.17582482482482475,1166.4515963511067,18.561875849880035,0.02650454098210849,0.0004505639008307644,0.04400949999996239,0.04119698851961962
Dew,7.514923288243024,0.9999999999976346,2.3654411762663585e-12,0.8231761761761762,0.17682382382382378,1166.4535781977597,18.5759006604238,0.026504586014355135,0.0004510793049475271,0.04400949999996217,0.04118100843173173
Dew,7.52375195517812,0.9999999999976199,2.3800961201914106e-12,0.8221771771771772,0.1778228228228228,1166.455565214528,18.58996404045447,0.02650463116407905,0.0004515960461675369,0.04400949999996193,0.04116502834384384
Dew,7.532603930619423,0.9999999999976051,2.394862086418925e-12,0.8211781781781782,0.17882182182182182,1166.4575574465773,18.604066455410944,0.026504676432306494,0.000452114137359621,0.0440094999999617,0.04114904825595596
Bubble,7.53319386485706,0.9980010010010011,0.001998998998998913,0.8154558517336001,0.18454414826639984,1164.6062025854048,18.547933701004506,0.026481850309740578,0.0004517549210281759,0.04397752381211212,0.041057513349915836
Dew,7.541479414265773,0.9999999999975904,2.4096280526464398e-12,0.8201791791791793,0.17982082082082074,1166.4595549386092,18.61820836417351,0.02650472182005319,0.00045263359125315557,0.044009499999961454,0.041133068168068075
Dew,7.550378603809552,0.9999999999975755,2.424505041176417e-12,0.8191801801801802,0.18081981981981976,1166.4615577348711,18.632390219157745,0.026504767328324543,0.0004531544204400794,0.04400949999996122,0.04111708808018018
Dew,7.5593016949778935,0.9999999999975606,2.439382029706394e-12,0.8181811811811812,0.18181881881881878,1166.463565879164,18.646612466439606,0.02650481295811582,0.00045367663737766906,0.04400949999996098,0.041101107992292295
Dew,7.568248871867071,0.9999999999975456,2.4543700405388336e-12,0.8171821821821822,0.1828178178178178,1166.4655794126693,18.660875519411942,0.02650485871036276,0.00045420025374708545,0.04400949999996074,0.041085127904404405
Dew,7.577220346468261,0.9999999999975306,2.469358051371273e-12,0.8161831831831833,0.18381681681681672,1166.4675983828429,18.6751798665856,0.026504904586143668,0.00045472528307673144,0.044009499999960504,0.04106914781651652
Dew,7.5862162986677095,0.9999999999975157,2.4843460622037128e-12,0.8151841841841843,0.18481581581581574,1166.4696228299103,18.689525907959315,0.02650495058637257,0.0004552517367600376,0.04400949999996026,0.04105316772862864
Dew,7.595236916888988,0.9999999999975006,2.499445095338615e-12,0.8141851851851852,0.18581481481481477,1166.4716527960154,18.703914065890405,0.026504996712007067,0.00045577962675301864,0.04400949999996002,0.04103718764074074
Dew,7.604282387834738,0.9999999999974853,2.5146551507759796e-12,0.8131861861861862,0.1868138138138138,1166.4736883229134,18.71834475712095,0.02650504296399594,0.0004563089648934326,0.04400949999995978,0.04102120755285286
Dew,7.613352896538834,0.9999999999974701,2.5298652062133442e-12,0.8121871871871872,0.1878128128128128,1166.4757294519789,18.732818392930536,0.02650508934327932,0.0004568397629042768,0.04400949999995954,0.04100522746496497
Dew,7.6224486264269835,0.9999999999974548,2.5451862839531714e-12,0.8111881881881883,0.18881181181181173,1166.4777762242215,18.74733537931172,0.026505135850789046,0.0004573720323978435,0.04400949999995929,0.040989247377077084
Dew,7.631569759345288,0.9999999999974395,2.5605073616929985e-12,0.8101891891891893,0.18981081081081075,1166.4798286802932,18.761896117057844,0.026505182487448816,0.00045790578487764816,0.04400949999995905,0.040973267289189194
Dew,7.640716475612555,0.9999999999974241,2.5759394617352882e-12,0.8091901901901902,0.19080980980980977,1166.4818868604975,18.776501001915218,0.026505229254174433,0.0004584410317419325,0.0440094999999588,0.040957287201301304
Dew,7.649888954044411,0.9999999999974086,2.591371561777578e-12,0.8081911911911912,0.1918088088088088,1166.4839508047971,18.79115042465837,0.026505276151873928,0.00045897778428529725,0.044009499999958554,0.040941307113413414
Dew,7.659087372030663,0.9999999999973931,2.60691468412233e-12,0.8071921921921922,0.19280780780780782,1166.4860205528291,18.805844771309566,0.026505323181447965,0.0004595160537038635,0.044009499999958304,0.04092532702552553
Dew,7.668311905560456,0.9999999999973775,2.6224578064670823e-12,0.8061931931931933,0.19380680680680673,1166.4880961439167,18.820584423216182,0.026505370343790056,0.00046005585109697183,0.044009499999958054,0.04090934693763764
Dew,7.67756272926203,0.9999999999973619,2.638111951114297e-12,0.8051941941941942,0.19480580580580575,1166.4901776170666,18.83536975716749,0.026505417639786522,0.000460597187469849,0.044009499999957805,0.04089336684974975
Dew,7.6868400164354,0.9999999999973462,2.6537660957615117e-12,0.8041951951951952,0.19580480480480478,1166.4922650109893,18.850201145491912,0.02650546507031696,0.00046114007373580286,0.044009499999957555,0.04087738676186187
Dew,7.696143939118394,0.9999999999973305,2.669531262711189e-12,0.8031961961961962,0.1968038038038038,1166.494358364105,18.865078956244478,0.026505512636254374,0.00046168452072063113,0.0440094999999573,0.040861406673973984
Dew,7.705474668101795,0.9999999999973146,2.6854074519633286e-12,0.8021971971971973,0.1978028028028027,1166.4964577145504,18.880003553255854,0.02650556033846531,0.00046223053916364987,0.04400949999995704,0.040845426586086094
Dew,7.714832372997272,0.9999999999972987,2.7012836412154684e-12,0.8011981981981983,0.19880180180180174,1166.4985631001957,18.894975296324294,0.026505608177810266,0.0004627781397222254,0.04400949999995679,0.0408294464981982
Dew,7.7242172222357475,0.9999999999972827,2.7172708527700706e-12,0.8001991991991992,0.19980080080080076,1166.5006745586388,18.90999454121875,0.026505656155143567,0.00046332733297169045,0.04400949999995654,0.04081346641031031
Dew,7.733629383143286,0.9999999999972667,2.733258064324673e-12,0.7992002002002002,0.20079979979979978,1166.5027921272274,18.925061639891684,0.026505704271313834,0.0004638781294103997,0.044009499999956285,0.04079748632242243
Dew,7.743069021971519,0.9999999999972506,2.7493562981817377e-12,0.7982012012012012,0.2017987987987988,1166.5049158430647,18.94017694056843,0.026505752527164146,0.0004644305394617705,0.04400949999995602,0.04078150623453454
Dew,7.752536303915786,0.9999999999972345,2.7654545320388024e-12,0.7972022022022023,0.20279779779779772,1166.5070457430122,18.955340787803124,0.02650580092353207,0.0004649845734755071,0.044009499999955765,0.04076552614664665
Dew,7.762031393167982,0.9999999999972183,2.7816637881983297e-12,0.7962032032032033,0.20379679679679674,1166.5091818637018,18.970553522628244,0.02650584946124998,0.0004655402417311269,0.04400949999995551,0.04074954605875876
Dew,7.7715544529618175,0.9999999999972021,2.797873044357857e-12,0.7952042042042042,0.20479579579579577,1166.5113242415487,18.98581548268323,0.026505898141145318,0.00046609755444097984,0.04400949999995525,0.04073356597087087
Dew,7.781105645582594,0.9999999999971858,2.814193322819847e-12,0.7942052052052052,0.2057947947947948,1166.513472912748,19.001127002247078,0.026505946964040523,0.0004666565217509169,0.04400949999995498,0.040717585882982986
Dew,7.790685132427368,0.9999999999971694,2.830624623584299e-12,0.7932062062062063,0.2067937937937937,1166.5156279132957,19.01648841240672,0.026505995930753493,0.00046721715374429705,0.044009499999954724,0.0407016057950951
Dew,7.800293074014091,0.9999999999971529,2.8470559243487514e-12,0.7922072072072073,0.20779279279279272,1166.5177892789825,19.0319000410874,0.026506045042097488,0.0004677794604426107,0.04400949999995447,0.040685625707207206
Dew,7.809929630070052,0.9999999999971364,2.8635982474156663e-12,0.7912082082082083,0.20879179179179175,1166.519957045422,19.047362213296697,0.02650609429888174,0.00046834345181135837,0.044009499999954196,0.040669645619319315
Dew,7.819594959471598,0.9999999999971199,2.880140570482581e-12,0.7902092092092092,0.20979079079079077,1166.5221312480305,19.062875250967306,0.026506143701910987,0.0004689091377560731,0.04400949999995393,0.04065366553143144
Dew,7.8292892203762845,0.9999999999971032,2.8967939158519584e-12,0.7892102102102102,0.2107897897897898,1166.5243119220597,19.0784394733183,0.026506193251986224,0.0004694765281310935,0.04400949999995367,0.04063768544354355
Dew,7.8390125702024385,0.9999999999970864,2.9135582835237983e-12,0.7882112112112113,0.2117887887887887,1166.5264991025913,19.09405519680484,0.026506242949904602,0.00047004563273822335,0.0440094999999534,0.040621705355655666
Dew,7.848765165662041,0.9999999999970697,2.930322651195638e-12,0.7872122122122123,0.21278778778778773,1166.5286928245453,19.109722735211417,0.026506292796459576,0.00047061646132892583,0.04400949999995313,0.04060572526776777
Dew,7.858547162790368,0.9999999999970529,2.947087018867478e-12,0.7862132132132132,0.21378678678678675,1166.5308931226864,19.125442399736173,0.026506342792441087,0.00047118902360630127,0.04400949999995286,0.04058974517987988
Dew,7.868358717036463,0.9999999999970359,2.964073431144243e-12,0.7852142142142142,0.21478578578578578,1166.5331000316442,19.141214499238394,0.026506392938635995,0.0004717633292310917,0.04400949999995259,0.040573765091991995
Dew,7.8781999831905285,0.9999999999970189,2.981059843421008e-12,0.7842152152152152,0.2157847847847848,1166.5353135858968,19.157039340047355,0.026506443235827737,0.0004723393878168846,0.044009499999952316,0.040557785004104105
Dew,7.888071115510257,0.999999999997002,2.9980462556977727e-12,0.7832162162162163,0.2167837837837837,1166.5375338197978,19.17291722630582,0.026506493684796892,0.00047291720893849227,0.044009499999952045,0.04054180491621622
Dew,7.897972267691241,0.9999999999969849,3.015143690277e-12,0.7822172172172173,0.21778278278278274,1166.5397607675718,19.18884845989411,0.026506544286321144,0.0004734968021300022,0.04400949999995177,0.04052582482832833
Dew,7.907903592927067,0.9999999999969676,3.03235214715869e-12,0.7812182182182182,0.21878178178178176,1166.5419944633265,19.20483334059503,0.026506595041175477,0.0004740781768887675,0.0440094999999515,0.04050984474044044
Dew,7.9178652439221775,0.9999999999969503,3.0496716263428425e-12,0.7802192192192192,0.21978078078078078,1166.5442349410578,19.220872166131635,0.026506645950132378,0.00047466134267626733,0.04400949999995122,0.04049386465255255
Dew,7.927857372920043,0.999999999996933,3.066991105526995e-12,0.7792202202202203,0.2207797797797797,1166.5464822346532,19.23696523224601,0.026506697013961834,0.0004752463089199824,0.04400949999995095,0.04047788456466467
Dew,7.937880131750791,0.9999999999969157,3.0843105847111474e-12,0.7782212212212213,0.22177877877877872,1166.5487363779055,19.253112832829874,0.02650674823343172,0.0004758330850165556,0.044009499999950664,0.04046190447677678
Dew,7.947933671850219,0.9999999999968981,3.101852108500225e-12,0.7772222222222223,0.22277777777777774,1166.5509974045124,19.26931525997825,0.026506799609307706,0.00047642168033305783,0.04400949999995039,0.04044592438888889
Dew,7.958018144262002,0.9999999999968806,3.1193936322893023e-12,0.7762232232232232,0.22377677677677676,1166.553265348081,19.285572803998086,0.026506851142353436,0.00047701210420714315,0.0440094999999501,0.04042994430100101
Dew,7.968133699701472,0.9999999999968631,3.13693515607838e-12,0.7752242242242242,0.2247757757757758,1166.5555402421428,19.301885753581388,0.026506902833330827,0.0004776043659512744,0.04400949999994982,0.04041396421311312
Dew,7.9782804885630885,0.9999999999968453,3.1546987244723823e-12,0.7742252252252253,0.2257747747747747,1166.5578221201524,19.318254395827513,0.026506954683000034,0.0004781984748532253,0.04400949999994954,0.04039798412522523
Dew,7.9884586609520785,0.9999999999968276,3.1723512705639223e-12,0.7732262262262263,0.22677377377377372,1166.5601110154971,19.334679016329858,0.02650700669211971,0.00047879444017817803,0.044009499999949256,0.04038200403733734
Dew,7.998668366710873,0.9999999999968098,3.1902258612603873e-12,0.7722272272272273,0.22777277277277275,1166.5624069614976,19.351159899248493,0.026507058861446962,0.00047939227117047825,0.04400949999994897,0.04036602394944946
Dew,8.0089097554323,0.9999999999967919,3.2081004519568523e-12,0.7712282282282282,0.22877177177177177,1166.5647099914218,19.367697327347184,0.026507111191737733,0.0004799919770545113,0.04400949999994869,0.04035004386156157
Dew,8.019182976511141,0.9999999999967739,3.22608606495578e-12,0.7702292292292293,0.22977077077077068,1166.5670201384814,19.384291582132736,0.026507163683746674,0.0004805935670381172,0.044009499999948395,0.04033406377367368
Dew,8.029488179142042,0.9999999999967558,3.24418270025717e-12,0.7692302302302303,0.2307697697697697,1166.5693374358464,19.40094294385085,0.026507216338227474,0.0004811970503124554,0.044009499999948104,0.04031808368578579
Dew,8.039825502943177,0.9999999999967377,3.26227933555856e-12,0.7682312312312313,0.23176876876876873,1166.571661914525,19.417651666498138,0.02650726915588471,0.0004818024354319544,0.04400949999994782,0.0403021035978979
Dew,8.05019511623843,0.9999999999967195,3.2804869931624125e-12,0.7672322322322322,0.23276776776776775,1166.573993611982,19.434418079862468,0.026507322137569685,0.00048240973284593985,0.04400949999994752,0.04028612351001001
Dew,8.060597157761238,0.9999999999967013,3.298694650766265e-12,0.7662332332332332,0.23376676676676678,1166.5763325590199,19.45124243412092,0.02650737528398229,0.0004830189510434054,0.04400949999994724,0.04027014342212212
Dew,8.071031776188049,0.999999999996683,3.31701333067258e-12,0.7652342342342343,0.2347657657657657,1166.5786787886746,19.46812500523968,0.02650742859587319,0.00048363009916748106,0.04400949999994694,0.04025416333423423
Dew,8.08149912014302,0.9999999999966646,3.3354430328813578e-12,0.7642352352352353,0.2357647647647647,1166.581032333968,19.485066068323004,0.026507482073992714,0.00048424318635440037,0.04400949999994665,0.04023818324634634
Dew,8.091999338194597,0.999999999996646,3.353983757392598e-12,0.7632362362362363,0.23676376376376373,1166.583393227904,19.50206589760462,0.026507535719090793,0.00048485822173327336,0.04400949999994635,0.04022220315845846
Dew,8.102532578885516,0.9999999999966275,3.372524481903838e-12,0.7622372372372372,0.23776276276276276,1166.585761503479,19.51912476652807,0.02650758953191718,0.0004854752144280701,0.04400949999994605,0.040206223070570576
Dew,8.113098990759848,0.9999999999966088,3.3911762287175407e-12,0.7612382382382383,0.23876176176176167,1166.5881371936862,19.536242947818884,0.026507643513221556,0.0004860941735594066,0.04400949999994576,0.04019024298268269
Dew,8.123698722384864,0.9999999999965902,3.4098279755312433e-12,0.7602392392392393,0.2397607607607607,1166.5905203315167,19.55342071354284,0.026507697663753566,0.0004867151082459883,0.04400949999994545,0.040174262894794796
Dew,8.134331922363721,0.9999999999965713,3.428701766949871e-12,0.7592402402402403,0.24075975975975972,1166.5929109499707,19.57065833513974,0.026507751984263046,0.00048733802760544677,0.044009499999945155,0.04015828280690691
Dew,8.144998739368388,0.9999999999965524,3.4475755583684986e-12,0.7582412412412413,0.24175875875875874,1166.5953090820558,19.58795608351065,0.02650780647550001,0.000487962940756512,0.04400949999994485,0.04014230271901902
Dew,8.15569932214835,0.9999999999965334,3.4665603720895888e-12,0.7572422422422422,0.24275775775775776,1166.5977147607975,19.605314229040854,0.02650786113821487,0.0004885898568195855,0.04400949999994455,0.04012632263113113
Dew,8.166433819570084,0.9999999999965145,3.485545185810679e-12,0.7562432432432433,0.24375675675675668,1166.6001280192397,19.622733041704137,0.02650791597315847,0.0004892187849193441,0.044009499999944246,0.04011034254324325
Dew,8.17720238061631,0.9999999999964954,3.5046410218342317e-12,0.7552442442442443,0.2447557557557557,1166.6025488904518,19.64021279106032,0.026507970981082218,0.0004898497341846872,0.04400949999994394,0.04009436245535535
Dew,8.18800515441713,0.9999999999964762,3.523847880160247e-12,0.7542452452452453,0.24575475475475472,1166.6049774075314,19.657753746337182,0.02650802616273817,0.0004904827137507882,0.044009499999943635,0.04007838236746747
Dew,8.198842290267976,0.9999999999964568,3.5431657607887246e-12,0.7532462462462463,0.24675375375375375,1166.6074136036086,19.675356176477212,0.026508081518879126,0.0004911177327602754,0.04400949999994332,0.04006240227957958
Dew,8.20971393766692,0.9999999999964375,3.5624836414172023e-12,0.7522472472472473,0.24775275275275266,1166.6098575118565,19.693020350235585,0.026508137050258854,0.0004917548003656925,0.04400949999994302,0.040046422191691695
Dew,8.220620246290778,0.9999999999964181,3.5819125443481425e-12,0.7512482482482483,0.24875175175175168,1166.6123091654842,19.710746536115824,0.026508192757631943,0.0004923939257279114,0.044009499999942706,0.040030442103803805
Dew,8.231561366070725,0.9999999999963985,3.6014524695815453e-12,0.7502492492492493,0.2497507507507507,1166.6147685977537,19.728535002568815,0.026508248641754183,0.0004930351180211221,0.04400949999994239,0.04001446201591592
Dew,8.242537447157176,0.999999999996379,3.620992394814948e-12,0.7492502502502503,0.25074974974974973,1166.6172358419713,19.746386017898622,0.026508304703382377,0.0004936783864305058,0.04400949999994208,0.03999848192802803
Dew,8.253548639982046,0.9999999999963594,3.640643342350813e-12,0.7482512512512512,0.25174874874874875,1166.6197109315058,19.764299850425754,0.026508360943274734,0.0004943237401563383,0.04400949999994177,0.03998250184014014
Dew,8.2645950952517,0.9999999999963396,3.660405312189141e-12,0.7472522522522523,0.25274774774774766,1166.6221938997799,19.782276768467007,0.026508417362190707,0.0004949711884135177,0.04400949999994145,0.03996652175225226
Dew,8.275676963978452,0.9999999999963197,3.6802783043299314e-12,0.7462532532532533,0.2537467467467467,1166.6246847802843,19.80031704041708,0.026508473960891274,0.0004956207404336357,0.04400949999994114,0.03995054166436437
Dew,8.286794397485616,0.9999999999962997,3.700262318773184e-12,0.7452542542542543,0.2547457457457457,1166.6271836065725,19.818420934760194,0.026508530740138876,0.0004962724054653016,0.044009499999940804,0.039934561576476485
Bubble,8.292401019111109,0.9970020020020021,0.0029979979979979365,0.7495632080522544,0.25043679194774554,1163.8521773599055,19.881715735262656,0.02647432457469835,0.00049699955461877,0.04396154372422423,0.04000348803232467
Dew,8.297947547441131,0.9999999999962798,3.720246333216437e-12,0.7442552552552553,0.25574474474474473,1166.6296904122748,19.83658872015699,0.02650858770069763,0.0004969261927763544,0.04400949999994049,0.039918581488588595
Dew,8.309136565868986,0.9999999999962597,3.740341369962152e-12,0.7432562562562562,0.25674374374374376,1166.6322052310948,19.85482066547272,0.02650864484333339,0.0004975821116546066,0.044009499999940166,0.039902601400700705
Dew,8.320361605163505,0.9999999999962395,3.76054742901033e-12,0.7422572572572573,0.25774274274274267,1166.634728096815,19.87311703981286,0.026508702168813767,0.0004982401714087776,0.04400949999993985,0.039886621312812814
Dew,8.331622818111557,0.9999999999962192,3.780753488058508e-12,0.7412582582582583,0.2587417417417417,1166.6372590433048,19.891478112579485,0.026508759677908358,0.0004989003813699497,0.04400949999993953,0.03987064122492493
Dew,8.342920357903283,0.9999999999961988,3.801181591711611e-12,0.7402592592592593,0.2597407407407407,1166.6397981045177,19.90990415349726,0.026508817371388667,0.0004995627508922648,0.044009499999939194,0.03985466113703704
Dew,8.354254378158997,0.9999999999961784,3.821609695364714e-12,0.7392602602602603,0.26073973973973974,1166.6423453145,19.928395432681892,0.026508875250028298,0.0005002272893546889,0.044009499999938875,0.03983868104914915
Dew,8.365625032943283,0.999999999996158,3.842037799017817e-12,0.7382612612612613,0.26173873873873865,1166.6449007073945,19.946952220674756,0.02650893331460307,0.0005008940061619316,0.04400949999993854,0.03982270096126126
Dew,8.377032476776133,0.9999999999961373,3.862687947275845e-12,0.7372622622622623,0.2627377377377377,1166.647464317443,19.965574788469596,0.02650899156589102,0.0005015629107451683,0.044009499999938216,0.03980672087337337
Dew,8.38847686465284,0.9999999999961166,3.883449117836335e-12,0.7362632632632633,0.2637367367367367,1166.650036178985,19.98426340756217,0.026509050004672435,0.0005022340125633412,0.04400949999993789,0.03979074078548549
Dew,8.399958352064017,0.9999999999960958,3.9042102883968255e-12,0.7352642642642643,0.2647357357357357,1166.6526163264714,20.003018350000076,0.026509108631730127,0.0005029073211044677,0.04400949999993754,0.0397747606975976
Dew,8.411477095003415,0.9999999999960749,3.9250824812597784e-12,0.7342652652652653,0.26573473473473475,1166.6552047944633,20.021839888400397,0.026509167447849386,0.0005035828458861426,0.04400949999993722,0.03975878060970971
Dew,8.42303325000916,0.9999999999960539,3.946065696425194e-12,0.7332662662662663,0.26673373373373366,1166.657801617635,20.040728296054972,0.026509226453818112,0.0005042605964582463,0.044009499999936884,0.039742800521821824
Dew,8.43462697413335,0.999999999996033,3.967048911590609e-12,0.7322672672672673,0.2677327327327327,1166.660406830774,20.059683846847538,0.026509285650426755,0.0005049405824009241,0.044009499999936544,0.03972682043393394
Dew,8.446258425000435,0.9999999999960117,3.98825417136095e-12,0.7312682682682683,0.2687317317317317,1166.663020468793,20.078706815403724,0.026509345038468607,0.0005056228133284249,0.04400949999993621,0.03971084034604605
Dew,8.457927760813082,0.9999999999959905,4.00945943113129e-12,0.7302692692692693,0.26973073073073073,1166.6656425667288,20.097797477103118,0.026509404618739796,0.0005063072988894723,0.044009499999935864,0.03969486025815816
Dew,8.469635140350732,0.9999999999959692,4.030775713204093e-12,0.7292702702702704,0.27072972972972964,1166.6682731597448,20.116956108072138,0.02650946439203931,0.0005069940487671558,0.044009499999935524,0.03967888017027028
Dew,8.481380723003763,0.9999999999959478,4.052203017579359e-12,0.7282712712712713,0.27172872872872866,1166.6709122831348,20.136182985270004,0.026509524359169114,0.0005076830726811672,0.044009499999935184,0.03966290008238238
Dew,8.493164668780498,0.9999999999959263,4.073741344257087e-12,0.7272722722722723,0.2727277277277277,1166.6735599723283,20.155478386503656,0.026509584520934246,0.0005083743803882499,0.04400949999993484,0.039646919994494496
Dew,8.504987138326914,0.9999999999959047,4.095279670934815e-12,0.7262732732732733,0.2737267267267267,1166.6762162628938,20.17484259047556,0.026509644878142908,0.0005090679816834813,0.0440094999999345,0.039630939906606606
Dew,8.51684829294911,0.999999999995883,4.117040042217468e-12,0.7252742742742743,0.27472572572572573,1166.6788811905449,20.19427587683876,0.0265097054316066,0.0005097638864017384,0.04400949999993415,0.03961495981871872
Dew,8.528748294595998,0.9999999999958612,4.138800413500121e-12,0.7242752752752754,0.27572472472472465,1166.6815547911292,20.213778526147813,0.026509766182139863,0.0005104621044165398,0.044009499999933796,0.03959897973083083
Dew,8.540687296097234,0.9999999999958393,4.160671807085237e-12,0.7232762762762763,0.27672372372372367,1166.6842370984477,20.233350794382034,0.026509827130510727,0.000511162644996495,0.044009499999933456,0.03958299964294294
Dew,8.552665481342673,0.9999999999958173,4.182654222972815e-12,0.7222772772772773,0.2777227227227227,1166.6869281532704,20.252993017796438,0.0265098882776456,0.0005118655194540407,0.044009499999933095,0.03956701955505505
Dew,8.564683003577297,0.9999999999957953,4.204747661162855e-12,0.7212782782782783,0.2787217217217217,1166.6896279894797,20.272705451869847,0.02650994962431436,0.0005125707370775678,0.04400949999993274,0.03955103946716716
Dew,8.576740027585053,0.9999999999957732,4.226841099352896e-12,0.7202792792792793,0.27972072072072074,1166.6923366435444,20.29248838141223,0.02651001117134566,0.0005132783079123874,0.04400949999993239,0.03953505937927928
Dew,8.588836718885705,0.9999999999957508,4.249156582147862e-12,0.7192802802802803,0.28071971971971965,1166.6950541520955,20.312342092357458,0.02651007291957185,0.0005139882420484978,0.044009499999932034,0.039519079291391396
Dew,8.600973243745075,0.9999999999957285,4.271472064942827e-12,0.7182812812812813,0.2817187187187187,1166.6977805519248,20.33226687178569,0.026510134869828925,0.0005147005496212416,0.04400949999993167,0.03950309920350351
Dew,8.613149769214129,0.9999999999957061,4.2938985700402554e-12,0.7172822822822823,0.2827177177177177,1166.7005158799948,20.352263008020746,0.02651019702295676,0.0005154152408138636,0.04400949999993132,0.03948711911561562
Dew,8.625366463121317,0.9999999999956835,4.316547119742609e-12,0.7162832832832833,0.2837167167167167,1166.7032601734409,20.372330790605623,0.026510259379799166,0.0005161323258569874,0.04400949999993095,0.03947113902772773
Dew,8.637623494086506,0.9999999999956608,4.339195669444962e-12,0.7152842842842844,0.28471571571571563,1166.7060134695691,20.39247051033415,0.026510321941203813,0.0005168518150295132,0.04400949999993059,0.03945515893983985
Dew,8.64992103154397,0.999999999995638,4.3619552414497775e-12,0.7142852852852853,0.28571471471471466,1166.7087758058638,20.41268245930615,0.026510384708022437,0.0005175737186601154,0.04400949999993023,0.03943917885195195
Dew,8.662259245761472,0.9999999999956153,4.384714813454593e-12,0.7132862862862863,0.2867137137137137,1166.71154721999,20.43296693097229,0.026510447681110882,0.0005182980471284794,0.04400949999992986,0.03942319876406407
Dew,8.67463830784974,0.9999999999955923,4.407696430064334e-12,0.7122872872872873,0.2877127127127127,1166.714327749802,20.453324220153753,0.026510510861329283,0.0005190248108659064,0.044009499999929494,0.03940721867617618
Dew,8.68705838976003,0.9999999999955692,4.430789068976537e-12,0.7112882882882883,0.2887117117117117,1166.7171174333284,20.473754623031063,0.02651057424954174,0.0005197540203551323,0.04400949999992913,0.03939123858828829
Dew,8.699519664322434,0.9999999999955461,4.4538817078887405e-12,0.7102892892892894,0.28971071071071064,1166.7199163087994,20.49425843723852,0.026510637846616933,0.0005204856861328318,0.044009499999928765,0.039375258500400405
Dew,8.712022305253699,0.9999999999955228,4.477196391405869e-12,0.7092902902902903,0.29070970970970966,1166.7227244146345,20.514835961879346,0.02651070165342785,0.0005212198187901122,0.044009499999928384,0.039359278412512515
Dew,8.724566487149097,0.9999999999954995,4.500511074922997e-12,0.7082912912912913,0.2917087087087087,1166.7255417894457,20.535487497499496,0.026510765670851845,0.0005219564289719582,0.04400949999992801,0.039343298324624625
Dew,8.737152385547324,0.9999999999954761,4.523936780742588e-12,0.7072922922922923,0.2927077077077077,1166.7283684720528,20.556213346250548,0.026510829899770983,0.0005226955273814836,0.04400949999992764,0.039327318236736734
Dew,8.749780176880517,0.9999999999954525,4.547473508864641e-12,0.7062932932932934,0.2937067067067066,1166.7312045014676,20.577013811754885,0.02651089434107172,0.0005234371247766196,0.044009499999927267,0.03931133814884885
Dew,8.762450038530872,0.9999999999954288,4.5712322815916195e-12,0.7052942942942944,0.29470570570570565,1166.7340499169138,20.597889199246964,0.026510958995645314,0.0005241812319738217,0.04400949999992688,0.03929535806096097
Dew,8.775162148844485,0.999999999995405,4.594991054318598e-12,0.7042952952952953,0.29570470470470467,1166.7369047578238,20.618839815603554,0.026511023864387744,0.0005249278598489581,0.0440094999999265,0.03927937797307308
Dew,8.787916687114278,0.9999999999953811,4.618860849348039e-12,0.7032962962962963,0.2967037037037037,1166.7397690638375,20.63986596929402,0.02651108894819973,0.0005256770193361647,0.04400949999992612,0.03926339788518519
Dew,8.800713833627897,0.9999999999953572,4.642841666679942e-12,0.7022972972972973,0.2977027027027027,1166.7426428748129,20.660967970498582,0.02651115424798695,0.0005264287214309768,0.04400949999992574,0.039247417797297304
Dew,8.813553769656588,0.9999999999953331,4.666933506314308e-12,0.7012982982982984,0.2987017017017016,1166.7455262308229,20.682146131073722,0.026511219764659946,0.0005271829771895726,0.04400949999992535,0.039231437709409414
Dew,8.82643667748727,0.9999999999953089,4.6911363682511364e-12,0.7002992992992993,0.29970070070070065,1166.7484191721626,20.70340076462932,0.026511285499134323,0.0005279397977308633,0.04400949999992496,0.039215457621521524
Dew,8.839362740420038,0.9999999999952847,4.715339230187965e-12,0.6993003003003003,0.3006996996996997,1166.7513217393498,20.72473218651629,0.026511351452330734,0.0005286991942363062,0.044009499999924574,0.039199477533633634
Dew,8.852332142803736,0.9999999999952602,4.739764136729718e-12,0.6983013013013013,0.3016986986986987,1166.754233973131,20.746140713912393,0.02651141762517504,0.000529461177952221,0.044009499999924186,0.03918349744574575
Dew,8.86534507001621,0.9999999999952357,4.764300065573934e-12,0.6973023023023024,0.3026976976976976,1166.7571559144787,20.767626665765235,0.02651148401859824,0.000530225760188469,0.04400949999992379,0.03916751735785786
Dew,8.878401708513476,0.999999999995211,4.788947016720613e-12,0.6963033033033034,0.30369669669669663,1166.7600876046004,20.789190362912997,0.02651155063353665,0.0005309929523216636,0.0440094999999234,0.03915153726996997
Dew,8.891502245820526,0.9999999999951863,4.813704990169754e-12,0.6953043043043043,0.30469569569569566,1166.763029084939,20.810832128054468,0.026511617470931968,0.0005317627657945433,0.044009499999923,0.03913555718208208
Dew,8.904646870551748,0.9999999999951615,4.838462963618895e-12,0.6943053053053053,0.3056946946946947,1166.7659803971767,20.83255228579537,0.026511684531731295,0.0005325352121172895,0.04400949999992261,0.0391195770941942
Dew,8.917835772430623,0.9999999999951366,4.863442981672961e-12,0.6933063063063063,0.3066936936936937,1166.7689415832358,20.854351162692723,0.026511751816887225,0.0005333103028688001,0.04400949999992221,0.039103597006306307
Dew,8.931069142286256,0.9999999999951115,4.888534022029489e-12,0.6923073073073074,0.3076926926926926,1166.7719126852826,20.876229087239484,0.026511819327357862,0.0005340880496964354,0.0440094999999218,0.039087616918418416
Dew,8.944347172090927,0.9999999999950863,4.91373608468848e-12,0.6913083083083084,0.30869169169169164,1166.774893745735,20.89818638995463,0.02651188706410704,0.0005348684643184646,0.0440094999999214,0.03907163683053054
Dew,8.957670054951809,0.999999999995061,4.939049169649934e-12,0.6903093093093093,0.30969069069069066,1166.7778848072567,20.920223403355237,0.026511955028104186,0.0005356515585234965,0.044009499999921,0.03905565674264264
Dew,8.971037985135528,0.9999999999950356,4.9643622546113875e-12,0.6893103103103103,0.3106896896896897,1166.7808859127665,20.942340462013,0.026512023220324518,0.0005364373441720698,0.04400949999992059,0.03903967665475476
Dew,8.984451158084287,0.9999999999950101,4.989897384177766e-12,0.6883113113113114,0.3116886886886886,1166.7838971054432,20.964537902588802,0.02651209164174915,0.0005372258331976877,0.04400949999992019,0.039023696566866876
Dew,8.997909770418746,0.9999999999949845,5.015543536046607e-12,0.6873123123123124,0.3126876876876876,1166.786918428721,20.986816063833366,0.026512160293365023,0.000538017037606983,0.04400949999991977,0.039007716478978986
Dew,9.011414019971568,0.9999999999949587,5.041300710217911e-12,0.6863133133133134,0.31368668668668664,1166.7899499263003,21.009175286666395,0.026512229176165105,0.0005388109694818979,0.04400949999991936,0.038991736391091096
Dew,9.024964105772128,0.9999999999949328,5.067168906691677e-12,0.6853143143143143,0.31468568568568567,1166.7929916421435,21.031615914130377,0.02651229829114833,0.0005396076409786537,0.04400949999991895,0.038975756303203206
Dew,9.038560227537618,0.9999999999949069,5.093148125467906e-12,0.6843153153153153,0.3156846846846847,1166.796043620361,21.054138290079873,0.026512367639316983,0.0005404070642942597,0.04400949999991853,0.038959776215315316
Bubble,9.046963368288832,0.996003003003003,0.00399699699699696,0.6946429952845541,0.30535700471544597,1163.0972058980974,21.203703116330765,0.02646677183442453,0.0005419479769069528,0.04394556363633634,0.03912497881687126
Dew,9.05220258819769,0.9999999999948808,5.119238366546597e-12,0.6833163163163164,0.3166836836836836,1166.7991059057804,21.07674276564254,0.026512437221689663,0.0005412092518325033,0.04400949999991812,0.03894379612742743
Dew,9.065891389454457,0.9999999999948544,5.145550652230213e-12,0.6823173173173174,0.3176826826826826,1166.8021785429403,21.099429687835876,0.02651250703927839,0.0005420142159119556,0.0440094999999177,0.03892781603953954
Dew,9.079626835379258,0.9999999999948281,5.171862937913829e-12,0.6813183183183184,0.31868168168168165,1166.805261576913,21.12219940877652,0.02651257709310731,0.0005428219690024667,0.044009499999917275,0.03891183595165165
Dew,9.093409131290434,0.9999999999948017,5.198286245899908e-12,0.6803193193193193,0.3196806806806807,1166.8083550530366,21.145052282796613,0.026512647384206618,0.0005436325236513386,0.04400949999991685,0.03889585586376376
Dew,9.107238483834788,0.9999999999947751,5.224931598490912e-12,0.6793203203203203,0.3206796796796797,1166.8114590169432,21.167988666644813,0.02651271791361318,0.0005444458924886559,0.04400949999991642,0.03887987577587588
Dew,9.121115100950394,0.9999999999947484,5.2515769510819155e-12,0.6783213213213214,0.3216786786786786,1166.814573514551,21.191008919383567,0.026512788682370354,0.0005452620882248113,0.044009499999916005,0.03886389568798799
Dew,9.135039191896219,0.9999999999947216,5.278444348277844e-12,0.6773223223223224,0.32267767767767763,1166.8176985920616,21.21411340245732,0.02651285969152797,0.0005460811236524272,0.04400949999991556,0.0388479156001001
Dew,9.149010967273927,0.9999999999946946,5.3054227677762356e-12,0.6763233233233233,0.32367667667667666,1166.820834295975,21.237302479740503,0.026512930942142604,0.0005469030116477612,0.04400949999991514,0.038831935512212215
Dew,9.163030639050358,0.9999999999946675,5.332512209577089e-12,0.6753243243243243,0.3246756756756757,1166.8239806730905,21.260576517587136,0.02651300243527765,0.0005477277651721546,0.04400949999991471,0.03881595542432433
Dew,9.177098421532872,0.9999999999946403,5.359712673680406e-12,0.6743253253253254,0.3256746746746746,1166.827137770723,21.283935887309905,0.026513074172008225,0.0005485553973361034,0.04400949999991427,0.03879997533643644
Dew,9.19121452640935,0.999999999994613,5.3870241600861846e-12,0.6733263263263264,0.3266736736736736,1166.8303056355944,21.307380952525126,0.026513146153395947,0.0005493859210732688,0.04400949999991383,0.03878399524854855
Dew,9.205379172789588,0.9999999999945856,5.414446668794426e-12,0.6723273273273274,0.32767267267267264,1166.8334843160837,21.330912094748765,0.026513218380540108,0.0005502193498003485,0.044009499999913396,0.03876801516066067
Dew,9.219592577172198,0.999999999994558,5.44198019980513e-12,0.6713283283283283,0.32867167167167166,1166.8366738599764,21.354529687805375,0.026513290854526507,0.0005510556967576935,0.04400949999991295,0.03875203507277277
Dew,9.233854959158279,0.9999999999945303,5.469735775420759e-12,0.6703293293293293,0.3296706706706707,1166.8398743157509,21.378234112385776,0.026513363576456683,0.0005518949753847605,0.044009499999912514,0.03873605498488489
Dew,9.2481665370575,0.9999999999945025,5.497491351036388e-12,0.6693303303303304,0.3306696696696696,1166.8430857315761,21.402025744851183,0.026513436547425162,0.0005527371990313751,0.04400949999991206,0.038720074896997005
Dew,9.262527533087336,0.9999999999944745,5.5254689712569416e-12,0.6683313313313314,0.3316686686686686,1166.8463081565076,21.425904970461254,0.02651350976854659,0.0005535823812993195,0.04400949999991161,0.03870409480910911
Dew,9.276938171934964,0.9999999999944464,5.553557613779958e-12,0.6673323323323324,0.33266766766766764,1166.8495416401354,21.44987217969607,0.02651358324094777,0.0005544305359477848,0.04400949999991116,0.038688114721221224
Dew,9.29139867762498,0.9999999999944182,5.581757278605437e-12,0.6663333333333333,0.33366666666666667,1166.8527862318952,21.473927760284855,0.026513656965751992,0.000555281676687572,0.04400949999991072,0.038672134633333334
Dew,9.305909276388007,0.9999999999943898,5.610178988035841e-12,0.6653343343343344,0.3346656656656656,1166.8560419817115,21.49807210449395,0.02651373094409368,0.0005561358173695242,0.04400949999991026,0.038656154545445444
Dew,9.320470195966985,0.9999999999943614,5.638600697466245e-12,0.6643353353353354,0.3356646646646646,1166.8593089398403,21.522305607353328,0.02651380517711475,0.0005569929719389199,0.04400949999990981,0.03864017445755756
Dew,9.335081665626126,0.9999999999943328,5.667244451501574e-12,0.6633363363363364,0.3366636636636636,1166.8625871568688,21.546628666670667,0.026513879665964676,0.0005578531544360324,0.04400949999990934,0.03862419436966967
Dew,9.3497439161685,0.999999999994304,5.695999227839366e-12,0.6623373373373374,0.33766266266266265,1166.865876683724,21.571041683067207,0.026513954411800628,0.0005587163789972545,0.04400949999990889,0.03860821428178179
Dew,9.364457179960997,0.9999999999942751,5.72486502647962e-12,0.6613383383383383,0.3386616616616617,1166.8691775716734,21.595545060032123,0.026514029415787534,0.0005595826598567075,0.04400949999990842,0.0385922341938939
Dew,9.379221690927281,0.999999999994246,5.753952869724799e-12,0.6603393393393394,0.3396606606606606,1166.8724898723276,21.62013920389576,0.026514104679098104,0.0005604520113457485,0.044009499999907956,0.038576254106006014
Dew,9.394037684592769,0.999999999994217,5.783040712969978e-12,0.6593403403403404,0.3406596596596596,1166.8758136376455,21.64482452393453,0.026514180202912966,0.0005613244478958937,0.0440094999999075,0.038560274018118124
Dew,9.408905398074305,0.9999999999941876,5.812350600820082e-12,0.6583413413413414,0.34165865865865863,1166.8791489199377,21.669601432335668,0.02651425598842075,0.0005621999840381103,0.044009499999907026,0.03854429393023023
Dew,9.423825070110583,0.9999999999941582,5.841771510972649e-12,0.6573423423423423,0.34265765765765765,1166.882495771868,21.69447034426496,0.02651433203681809,0.0005630786344047814,0.044009499999906554,0.03852831384234234
Dew,9.438796941063956,0.9999999999941286,5.87141446573014e-12,0.6563433433433433,0.3436566566566567,1166.8858542464573,21.719431677862154,0.02651440834930975,0.0005639604137297968,0.04400949999990608,0.03851233375445446
Dew,9.453821252957539,0.9999999999940989,5.901057420487632e-12,0.6553443443443444,0.3446556556556556,1166.8892243970881,21.744485854325323,0.02651448492710871,0.0005648453368509559,0.04400949999990561,0.03849635366656657
Dew,9.468898249463543,0.9999999999940691,5.930922419850049e-12,0.6543453453453454,0.3456546546546546,1166.8926062775074,21.76963329787194,0.02651456177143623,0.0005657334187091709,0.04400949999990513,0.03848037357867868
Dew,9.484028175942267,0.9999999999940391,5.960898441514928e-12,0.6533463463463464,0.34665365365365364,1166.8959999418278,21.794874435827904,0.026514638883521877,0.0005666246743509961,0.044009499999904646,0.03846439349079079
Dew,9.499211279445698,0.9999999999940089,5.991096507784732e-12,0.6523473473473473,0.34765265265265266,1166.8994054445386,21.82020969862695,0.02651471626460377,0.000567519118928832,0.04400949999990417,0.038448413402902906
Dew,9.514447808748429,0.9999999999939787,6.0212945740545365e-12,0.6513483483483484,0.3486516516516516,1166.9028228405,21.845639519878976,0.026514793915928467,0.0005684167677029231,0.04400949999990368,0.038432433315015016
Dew,9.52973801432385,0.9999999999939482,6.051825707231728e-12,0.6503493493493494,0.3496506506506506,1166.9062521849473,21.871164336300172,0.026514871838751047,0.0005693176360397638,0.044009499999903195,0.038416453227127126
Dew,9.545082148418516,0.9999999999939176,6.08235684040892e-12,0.6493503503503504,0.3506496496496496,1166.9096935335035,21.896784587890785,0.026514950034335388,0.0005702217394169479,0.04400949999990271,0.038400473139239236
Dew,9.560480465023025,0.9999999999938869,6.113110018191037e-12,0.6483513513513514,0.35164864864864864,1166.9131469421757,21.922500717851573,0.026515028503954107,0.000571129093421224,0.04400949999990222,0.03838449305135136
Dew,9.575933219906206,0.999999999993856,6.143974218275616e-12,0.6473523523523523,0.35264764764764767,1166.9166124673577,21.94831317265999,0.026515107248888618,0.0005720397137507084,0.044009499999901724,0.03836851296346347
Dew,9.591440670642028,0.999999999993825,6.174949440662658e-12,0.6463533533533534,0.3536466466466466,1166.9200901658378,21.974222402127754,0.026515186270429262,0.000572953616216618,0.04400949999990123,0.03835253287557558
Dew,9.607003076586011,0.999999999993794,6.2060356853521625e-12,0.6453543543543544,0.3546456456456456,1166.9235800948,22.000228859331237,0.026515265569875414,0.0005738708167416897,0.04400949999990073,0.038336552787687696
Dew,9.622620698953957,0.9999999999937627,6.237343974646592e-12,0.6443553553553554,0.3556446446446446,1166.9270823118286,22.026333000799244,0.026515345148535527,0.0005747913313653144,0.044009499999900226,0.0383205726997998
Dew,9.638293800776687,0.9999999999937311,6.2688743085459464e-12,0.6433563563563564,0.35664364364364365,1166.93059687491,22.052535286388743,0.02651542500772717,0.0005757151762405344,0.044009499999899726,0.038304592611911915
Dew,9.654022646956108,0.9999999999936995,6.300515664747763e-12,0.6423573573573574,0.35764264264264256,1166.9341238424383,22.078836179415305,0.02651550514877721,0.0005766423676376894,0.04400949999989922,0.03828861252402403
Dew,9.669807504285618,0.9999999999936677,6.332268043252043e-12,0.6413583583583584,0.3586416416416416,1166.9376632732228,22.10523614669373,0.02651558557302193,0.0005775729219457211,0.044009499999898706,0.038272632436136135
Dew,9.685648641426866,0.9999999999936359,6.364131444058785e-12,0.6403593593593594,0.3596406406406406,1166.9412152264808,22.13173565846902,0.026515666281806884,0.0005785068556706169,0.044009499999898206,0.03825665234824825
Dew,9.701546328975754,0.9999999999936038,6.396216889470452e-12,0.6393603603603604,0.36063963963963963,1166.944779761854,22.158335188571264,0.02651574727648728,0.0005794441854397058,0.044009499999897686,0.03824067226036036
Dew,9.717500839449269,0.9999999999935716,6.428413357184581e-12,0.6383613613613613,0.36163863863863865,1166.9483569394038,22.185035214371705,0.026515828558427844,0.0005803849280007614,0.04400949999989717,0.03822469217247247
Dew,9.73351244731396,0.9999999999935392,6.460831869503636e-12,0.6373623623623624,0.36263763763763757,1166.9519468196197,22.211836216843178,0.02651591012900306,0.0005813291002238363,0.04400949999989665,0.03820871208458459
Dew,9.749581428996894,0.9999999999935066,6.493361404125153e-12,0.6363633633633634,0.3636366366366366,1166.9555494634183,22.238738680576507,0.02651599198959707,0.000582276719101947,0.04400949999989614,0.0381927319966967
Dew,9.765708062919792,0.9999999999934739,6.526112983351595e-12,0.6353643643643644,0.3646356356356356,1166.9591649321544,22.26574309385491,0.026516074141604024,0.0005832278017532804,0.04400949999989561,0.03817675190880881
Dew,9.78189262949663,0.999999999993441,6.5589755848805e-12,0.6343653653653654,0.36563463463463464,1166.962793287617,22.292849948636636,0.026516156586427905,0.0005841823654210004,0.044009499999895084,0.03816077182092092
Bubble,9.7979460411118,0.995004004004004,0.004995995995995983,0.6480380704315599,0.35196192956844025,1162.3415263546017,22.51794140740622,0.026459197480729463,0.0005867182245295861,0.04392958354844845,0.038379481778430286
Dew,9.798135411171447,0.999999999993408,6.591949208711867e-12,0.6333663663663665,0.36663363363363355,1166.9664345920428,22.320059740638328,0.026516239325482877,0.0005851404274756954,0.04400949999989456,0.03814479173303304
Dew,9.814436692410728,0.9999999999933749,6.625144877148159e-12,0.6323673673673674,0.36763263263263257,1166.9700889081062,22.347372969304462,0.026516322360193054,0.0005861020054148448,0.04400949999989402,0.03812881164514515
Dew,9.830796759769905,0.9999999999933414,6.658562590189376e-12,0.6313683683683684,0.3686316316316316,1166.9737562989435,22.374790137962123,0.026516405691993036,0.000587067116867144,0.044009499999893495,0.03811283155725726
Dew,9.847215901846292,0.999999999993308,6.6919803032305936e-12,0.6303693693693694,0.3696306306306306,1166.9774368281348,22.402311753691666,0.02651648932232753,0.0005880357795893861,0.044009499999892954,0.03809685146936937
Dew,9.863694409354206,0.9999999999932743,6.725731083179198e-12,0.6293703703703704,0.37062962962962964,1166.9811305597243,22.429938327502718,0.02651657325265175,0.0005890080114713518,0.04400949999989241,0.03808087138148149
Dew,9.880232585869427,0.9999999999932404,6.759592885430266e-12,0.6283713713713714,0.37162862862862855,1166.984837560628,22.45767040113248,0.02651665748448619,0.0005899838312401054,0.04400949999989188,0.0380648912935936
Dew,9.896830705709354,0.9999999999932064,6.793565709983795e-12,0.6273723723723724,0.3726276276276276,1166.9885578911924,22.48550844192017,0.02651674201920208,0.0005909632556988467,0.04400949999989133,0.03804891120570571
Dew,9.913489075922937,0.9999999999931722,6.82776057914225e-12,0.6263733733733734,0.3736266266266266,1166.9922916190874,22.5134529975148,0.02651682685833703,0.0005919463037906013,0.04400949999989078,0.03803293111781782
Dew,9.930207995807711,0.9999999999931379,6.8620664706031675e-12,0.6253743743743744,0.3746256256256256,1166.9960388102368,22.541504594810558,0.026516912003388977,0.0005929329939443096,0.04400949999989024,0.03801695102992993
Dew,9.94698776683888,0.9999999999931034,6.89659440666901e-12,0.6243753753753755,0.37562462462462454,1166.9997995310364,22.569663764721923,0.026516997455866612,0.0005939233447257047,0.044009499999889685,0.038000970942042044
Dew,9.963828692713557,0.9999999999930687,6.931344387339777e-12,0.6233763763763764,0.37662362362362356,1167.0035738483718,22.59793104228149,0.026517083217289718,0.0005949173748401761,0.04400949999988913,0.03798499085415416
Dew,9.980731079363201,0.9999999999930338,6.966205390313007e-12,0.6223773773773774,0.3776226226226226,1167.007361829615,22.626306966658497,0.02651716928918915,0.0005959151031335518,0.044009499999888575,0.03796901076626626
Dew,9.997695234974772,0.9999999999929987,7.001288437891162e-12,0.6213783783783784,0.3786216216216216,1167.0111635426326,22.654792081198888,0.026517255673106994,0.0005969165485934484,0.04400949999988801,0.03795303067837838
Dew,10.014721470010288,0.9999999999929635,7.03648250777178e-12,0.6203793793793794,0.37962062062062063,1167.014979055789,22.683386933461268,0.026517342370596653,0.0005979217303505194,0.04400949999988745,0.03793705059049049
Dew,10.031810097226256,0.9999999999929281,7.071898622257322e-12,0.6193803803803805,0.38061961961961954,1167.0188084379477,22.712092075252414,0.026517429383222883,0.000598930667679691,0.044009499999886875,0.03792107050260261
Dew,10.04896143169854,0.9999999999928926,7.107425759045327e-12,0.6183813813813814,0.38161861861861857,1167.0226517584822,22.740908062676258,0.026517516712561997,0.0005999433800017598,0.044009499999886306,0.03790509041471472
Dew,10.066175790839353,0.9999999999928568,7.143174940438257e-12,0.6173823823823824,0.3826176176176176,1167.0265090872751,22.769835456162983,0.02651760436020189,0.000600959886884468,0.04400949999988574,0.03788911032682683
Dew,10.083453494427905,0.9999999999928209,7.179146166436112e-12,0.6163833833833834,0.3836166166166166,1167.0303804947268,22.79887482053208,0.026517692327742235,0.0006019802080444781,0.04400949999988517,0.03787313023893894
Dew,10.100794864617512,0.9999999999927848,7.21522841473643e-12,0.6153843843843844,0.38461561561561564,1167.0342660517583,22.828026724996718,0.02651778061679453,0.0006030043633478029,0.044009499999884585,0.03785715015105105
Dew,10.118200225970604,0.9999999999927485,7.2515327076416725e-12,0.6143853853853855,0.38561461461461455,1167.0381658298145,22.85729174323726,0.02651786922898216,0.0006040323728120631,0.04400949999988401,0.03784117006316317
Dew,10.13566990547196,0.9999999999927119,7.28805904515184e-12,0.6133863863863864,0.38661361361361357,1167.0420799008716,22.886670453420606,0.026517958165940606,0.0006050642566073205,0.04400949999988342,0.03782518997527528
Dew,10.1532042325627,0.9999999999926753,7.32469640496447e-12,0.6123873873873874,0.3876126126126126,1167.0460083374412,22.916163438270917,0.02651804742931749,0.0006061000350582682,0.04400949999988284,0.03780920988738739
Dew,10.17080353914361,0.9999999999926384,7.361555809382025e-12,0.6113883883883884,0.3886116116116116,1167.049951212575,22.945771285064062,0.026518137020772735,0.0006071397286444128,0.04400949999988225,0.0377932297994995
Dew,10.188468159621362,0.9999999999926014,7.398637258404506e-12,0.6103893893893895,0.38961061061061053,1167.0539085998703,22.975494585728352,0.026518226941978636,0.0006081833580030672,0.04400949999988165,0.037777249711611616
Dew,10.206198430909303,0.9999999999925642,7.435829729729448e-12,0.6093903903903904,0.39060960960960955,1167.0578805734697,23.005333936832493,0.026518317194619882,0.0006092309439293659,0.04400949999988106,0.037761269623723726
Dew,10.22399469247086,0.9999999999925268,7.473244245659316e-12,0.6083913913913914,0.3916086086086086,1167.0618672080795,23.03528993967899,0.026518407780393993,0.0006102825073790732,0.044009499999880464,0.037745289535835835
Dew,10.241857286327715,0.9999999999924891,7.510880806194109e-12,0.6073923923923924,0.3926076076076076,1167.0658685789583,23.065363200310088,0.026518498701011015,0.0006113380694690819,0.04400949999987986,0.037729309447947945
Dew,10.259786557085134,0.9999999999924513,7.548739411333827e-12,0.6063933933933934,0.3936066066066066,1167.069884761935,23.09555432955623,0.02651858995819396,0.000612397651479038,0.044009499999879256,0.037713329360060055
Dew,10.277782851971791,0.9999999999924133,7.586709038776007e-12,0.6053943943943945,0.39460560560560554,1167.0739158334059,23.12586394311992,0.02651868155367873,0.0006134612748539116,0.044009499999878646,0.03769734927217218
Dew,10.295846520842012,0.9999999999923751,7.624900710823113e-12,0.6043953953953954,0.39560460460460456,1167.0779618703434,23.15629266156674,0.026518773489214328,0.0006145289612041087,0.04400949999987803,0.03768136918428429
Dew,10.313977916213535,0.9999999999923367,7.663314427475143e-12,0.6033963963963964,0.3966036036036036,1167.082022950304,23.186841110403954,0.02651886576656301,0.000615600732307909,0.04400949999987742,0.0376653890963964
Dew,10.332177393296742,0.999999999992298,7.701950188732098e-12,0.6023973973973974,0.3976026026026026,1167.0860991514282,23.217509920137754,0.026518958387500322,0.0006166766101133421,0.0440094999998768,0.037649409008508515
Dew,10.350445309999186,0.9999999999922593,7.740696972291516e-12,0.6013983983983985,0.3986016016016015,1167.0901905524483,23.248299726269533,0.02651905135381524,0.0006177566167384499,0.04400949999987618,0.037633428920620625
Dew,10.368782026973502,0.9999999999922203,7.77966580045586e-12,0.6003993993993995,0.39960060060060054,1167.0942972326932,23.279211169398984,0.026519144667310313,0.0006188407744743879,0.04400949999987556,0.037617448832732735
Dew,10.38718790763361,0.999999999992181,7.81896769552759e-12,0.5994004004004004,0.40059959959959957,1167.098419272099,23.310244895248818,0.026519238329801877,0.00061992910578645,0.04400949999987493,0.03760146874484485
Dew,10.405663318172005,0.9999999999921416,7.858380612901783e-12,0.5984014014014014,0.4015985985985986,1167.102556751204,23.34140155469197,0.02651933234311995,0.0006210216333151639,0.0440094999998743,0.037585488656956954
Dew,10.424208627606497,0.9999999999921021,7.897904552578439e-12,0.5974024024024024,0.4025975975975976,1167.1067097511664,23.372681803851343,0.026519426709108635,0.0006221183798793163,0.04400949999987367,0.03756950856906907
Dew,10.442824207780275,0.9999999999920622,7.937761559162482e-12,0.5964034034034035,0.4035965965965965,1167.1108783537588,23.404086304084263,0.026519521429626013,0.0006232193684759214,0.04400949999987303,0.03755352848118119
Dew,10.461510433417985,0.9999999999920222,7.97784061035145e-12,0.5954044044044045,0.40459559559559555,1167.1150626413857,23.435615722104767,0.026519616506544493,0.0006243246222838551,0.04400949999987239,0.03753754839329329
Dew,10.480267682131663,0.999999999991982,8.01803068384288e-12,0.5944054054054054,0.40559459459459457,1167.1192626970806,23.46727072998231,0.026519711941750804,0.0006254341646642096,0.04400949999987174,0.03752156830540541
Dew,10.499096334448588,0.9999999999919414,8.058553824241699e-12,0.5934064064064064,0.4065935935935936,1167.1234786045095,23.499052005194162,0.026519807737146024,0.0006265480191620777,0.044009499999871096,0.03750558821751752
Dew,10.517996773848427,0.9999999999919008,8.09918798694298e-12,0.5924074074074074,0.4075925925925926,1167.1277104479905,23.530960230700657,0.02651990389464607,0.000627666209508953,0.044009499999870444,0.03748960812962963
Dew,10.536969386790819,0.9999999999918598,8.140155216551648e-12,0.5914084084084085,0.40859159159159153,1167.131958312484,23.56299609499651,0.026520000416181435,0.0006287887596244956,0.0440094999998698,0.03747362804174175
Bubble,10.546007708256875,0.9940050050050051,0.0059949949949948955,0.6079402196515487,0.3920597803484514,1161.585286064987,23.827246185553378,0.026451604845141516,0.0006313848211383763,0.043913603460560564,0.037738072547568134
Dew,10.556014562726709,0.9999999999918188,8.181233468462779e-12,0.5904094094094094,0.40959059059059055,1167.1362222836076,23.595160292122273,0.02652009730369757,0.0006299156936172408,0.04400949999986913,0.03745764795385386
Dew,10.575132694155798,0.9999999999917775,8.222533764978834e-12,0.5894104104104104,0.4105895895895896,1167.1405024476428,23.627453521788716,0.026520194559154976,0.0006310470357883226,0.04400949999986847,0.03744166786596597
Dew,10.594324176630064,0.9999999999917359,8.264056106099815e-12,0.5884114114114114,0.4115885885885886,1167.14479889154,23.659876489368706,0.02652029218452938,0.0006321828106316691,0.04400949999986781,0.03742568777807808
Dew,10.61358940879324,0.9999999999916941,8.305911514128184e-12,0.5874124124124125,0.4125875875875875,1167.1491117029166,23.692429905977164,0.026520390181811654,0.0006333230428365506,0.04400949999986714,0.0374097076901902
Dew,10.63292879241108,0.9999999999916521,8.347877944459015e-12,0.5864134134134135,0.41358658658658654,1167.1534409700794,23.725114488528114,0.026520488553008346,0.000634467757289524,0.04400949999986647,0.03739372760230231
Dew,10.65234273239442,0.9999999999916099,8.39006641939477e-12,0.5854144144144144,0.41458558558558556,1167.1577867820167,23.757930959774132,0.02652058730014147,0.0006356169790759082,0.044009499999865795,0.03737774751441442
Dew,10.671831636842207,0.9999999999915675,8.432476938935451e-12,0.5844154154154154,0.4155845845845846,1167.1621492284116,23.79088004839427,0.02652068642524884,0.0006367707334825642,0.044009499999865115,0.037361767426526526
Dew,10.691395917049588,0.9999999999915248,8.47522052538352e-12,0.5834164164164164,0.4165835835835836,1167.1665283996479,23.823962488996425,0.0265207859303842,0.0006379290459983881,0.04400949999986443,0.037345787338638636
Dew,10.711035987567069,0.9999999999914819,8.518075134134051e-12,0.5824174174174175,0.4175825825825825,1167.170924386814,23.8571790222444,0.026520885817617277,0.0006390919423181485,0.04400949999986375,0.03732980725075075
Dew,10.730752266215351,0.9999999999914387,8.56126280979197e-12,0.5814184184184185,0.41858158158158154,1167.1753372817168,23.89053039487634,0.02652098608903416,0.0006402594483434211,0.044009499999863054,0.03731382716286286
Dew,10.750545174107547,0.9999999999913954,8.60456150775235e-12,0.5804194194194194,0.41958058058058056,1167.179767176877,23.924017359741168,0.02652108674673712,0.0006414315901840086,0.04400949999986236,0.03729784707497497
Dew,10.770415135710518,0.9999999999913518,8.64819327262012e-12,0.5794204204204204,0.4205795795795796,1167.184214165547,23.957640675930268,0.026521187792845086,0.0006426083941619183,0.044009499999861666,0.03728186698708708
Dew,10.79036257883346,0.999999999991308,8.692047082092813e-12,0.5784214214214215,0.4215785785785785,1167.18867834171,23.991401108731367,0.026521289229493573,0.000643789886810581,0.044009499999860965,0.0372658868991992
Dew,10.810387934711155,0.9999999999912639,8.736122936170432e-12,0.5774224224224225,0.4225775775775775,1167.1931598000951,24.025299429813302,0.02652139105883506,0.0006449760948802634,0.04400949999986025,0.03724990681131132
Dew,10.830491637999799,0.9999999999912195,8.780531857155438e-12,0.5764234234234235,0.42357657657657655,1167.1976586361754,24.059336417197187,0.026521493283038898,0.0006461670453377602,0.04400949999985955,0.037233926723423426
Dew,10.850674126819966,0.999999999991175,8.825051800442907e-12,0.5754244244244244,0.42457557557557557,1167.2021749461808,24.093512855342514,0.026521595904291678,0.0006473627653691708,0.04400949999985884,0.03721794663553554
Dew,10.870935842799096,0.9999999999911301,8.869904810637763e-12,0.5744254254254254,0.4255745745745746,1167.2067088271035,24.1278295352317,0.026521698924797294,0.0006485632823826446,0.04400949999985812,0.03720196654764765
Dew,10.891277231094644,0.999999999991085,8.914979865437545e-12,0.5734264264264265,0.4265735735735735,1167.2112603767075,24.16228725440747,0.02652180234677716,0.0006497686240098622,0.044009499999857406,0.03718598645975976
Dew,10.911698740433366,0.9999999999910397,8.960276964842251e-12,0.5724274274274275,0.42757257257257253,1167.2158296935308,24.196886817049183,0.026521906172470314,0.0006509788181085703,0.04400949999985667,0.03717000637187188
Dew,10.932200823149735,0.9999999999909942,9.005796108851882e-12,0.5714284284284284,0.42857157157157155,1167.2204168769026,24.23162903404693,0.026522010404133725,0.0006521938927650616,0.04400949999985595,0.03715402628398398
Dew,10.952783935206416,0.9999999999909484,9.051648319768901e-12,0.5704294294294294,0.4295705705705706,1167.2250220269364,24.266514723031793,0.02652211504404223,0.0006534138762954809,0.044009499999855206,0.0371380461960961
Dew,10.973448536250753,0.9999999999909023,9.097722575290845e-12,0.5694304304304305,0.4305695695695695,1167.2296452445537,24.301544708493356,0.026522220094488992,0.0006546387972494867,0.04400949999985448,0.03712206610820821
Dew,10.99419508964644,0.999999999990856,9.144018875417714e-12,0.5684314314314315,0.4315685685685685,1167.2342866314814,24.336719821836713,0.026522325557785494,0.0006558686844122888,0.044009499999853735,0.037106086020320325
Dew,11.01502406248189,0.9999999999908094,9.190648242451971e-12,0.5674324324324325,0.43256756756756753,1167.2389462902597,24.37204090138271,0.02652243143626169,0.0006571035668051636,0.044009499999852986,0.037090105932432435
Dew,11.035935915442089,0.9999999999907625,9.237499654091152e-12,0.5664334334334334,0.43356656656656656,1167.2436243219747,24.40750876779616,0.026522537732214496,0.0006583434730231873,0.044009499999852236,0.037074125844544545
Dew,11.056931143209297,0.9999999999907154,9.284573110335259e-12,0.5654344344344344,0.4345655655655656,1167.248320835291,24.44312432201333,0.02652264444811302,0.0006595884338768535,0.04400949999985149,0.037058145756656655
Dew,11.078010214567037,0.999999999990668,9.331979633486753e-12,0.5644354354354355,0.4355645645645645,1167.2530359330608,24.478888399991558,0.02652275158629432,0.000660838478475635,0.04400949999985073,0.03704216566876877
Dew,11.099173611993214,0.9999999999906204,9.379608201243173e-12,0.5634364364364365,0.4365635635635635,1167.257769721174,24.51480186870059,0.02652285914916446,0.0006620936368168381,0.04400949999984997,0.03702618558088088
Dew,11.120421821881548,0.9999999999905725,9.427458813604517e-12,0.5624374374374375,0.43756256256256254,1167.2625223063733,24.550865602386267,0.02652296713914889,0.0006633539391461738,0.0440094999998492,0.037010205492993
Dew,11.141755334614869,0.9999999999905244,9.475642492873249e-12,0.5614384384384384,0.43856156156156156,1167.2672937962707,24.587080482726755,0.026523075558692804,0.0006646194159625194,0.04400949999984843,0.03699422540510511
Dew,11.163174644587926,0.9999999999904758,9.524159239049368e-12,0.5604394394394395,0.4395605605605605,1167.27208429935,24.623447398866393,0.02652318441026121,0.0006658900980193782,0.04400949999984765,0.036978245317217225
Dew,11.184680250246185,0.9999999999904272,9.57278700752795e-12,0.5594404404404405,0.4405595595595595,1167.2768939249772,24.659967247487916,0.02652329369633917,0.0006671660163273862,0.04400949999984687,0.036962265229329334
Dew,11.206272654142333,0.9999999999903781,9.621858865216382e-12,0.5584414414414415,0.4415585585585585,1167.2817227834119,24.69664093292739,0.02652340341943203,0.0006684472021579776,0.044009499999846095,0.036946285141441444
Dew,11.22795236296171,0.9999999999903288,9.671152767509739e-12,0.5574424424424425,0.44255755755755755,1167.2865709858138,24.733469367213587,0.026523513582065616,0.0006697336870450153,0.044009499999845304,0.036930305053553554
Dew,11.249719887564215,0.9999999999902793,9.72066871440802e-12,0.5564434434434434,0.44355655655655657,1167.2914386442478,24.77045347014715,0.02652362418678631,0.0006710255027875049,0.044009499999844506,0.036914324965665664
Dew,11.27157574303454,0.9999999999902295,9.77051772821369e-12,0.5554444444444445,0.4445555555555555,1167.2963258717023,24.807594169399458,0.026523735236161458,0.0006723226814528463,0.04400949999984371,0.03689834487777778
Bubble,11.291551599928058,0.9930060060060061,0.006993993993993919,0.5730570526462719,0.42694294735372823,1160.8285751399444,25.13354249938034,0.026443995960441634,0.0006759948850449277,0.043897623372672674,0.03718007791983503
Dew,11.29352044872682,0.9999999999901793,9.820699808926747e-12,0.5544454454454455,0.4455545545545545,1167.301232782091,24.844892400597814,0.026523846732779455,0.0006736252553797266,0.04400949999984291,0.03688236478988989
Dew,11.315554528300407,0.9999999999901289,9.87110393424473e-12,0.5534464464464465,0.44655355355355353,1167.306159490267,24.88234910738896,0.026523958679250052,0.0006749332571804293,0.0440094999998421,0.03686638470200201
Dew,11.337678509755593,0.9999999999900782,9.921841126470099e-12,0.5524474474474474,0.44755255255255255,1167.3111061120248,24.919965241502222,0.026524071078204352,0.0006762467197431423,0.04400949999984129,0.03685040461411411
Dew,11.359892925503916,0.9999999999900272,9.972800363300394e-12,0.5514484484484484,0.4485515515515516,1167.3160727641177,24.957741762895775,0.026524183932295272,0.0006775656762365266,0.04400949999984048,0.03683442452622623
Dew,11.38219831238125,0.9999999999899759,1.0024092667038076e-11,0.5504494494494495,0.4495505505505505,1167.3210595642631,24.99567963976471,0.02652429724419764,0.0006788901601105446,0.044009499999839656,0.036818444438338344
Dew,11.404595211720732,0.9999999999899243,1.0075718037683146e-11,0.5494504504504505,0.4505495495495495,1167.3260666311583,25.03377984869304,0.02652441101660853,0.000680220205101201,0.04400949999983883,0.036802464350450446
Dew,11.427084169385967,0.9999999999898723,1.0127676475235603e-11,0.5484514514514515,0.45154854854854853,1167.3310940844804,25.07204337470978,0.026524525252247296,0.0006815558452326873,0.044009499999838,0.03678648426256257
Dew,11.449665735811678,0.9999999999898201,1.0179856957392985e-11,0.5474524524524524,0.45254754754754756,1167.3361420449023,25.11047121136258,0.02652463995385591,0.0006828971148200129,0.04400949999983716,0.03677050417467468
Dew,11.472340466062512,0.9999999999897676,1.0232370506457755e-11,0.5464534534534535,0.45354654654654647,1167.3412106341054,25.14906436083496,0.02652475512419925,0.0006842440484728251,0.044009499999836325,0.03675452408678679
Dew,11.495108919876088,0.9999999999897148,1.0285217122429913e-11,0.5454544544544545,0.4545455455455455,1167.3462999747833,25.187823834025163,0.026524870766065214,0.0006855966810981967,0.044009499999835486,0.03673854399889891
Dew,11.517971661712634,0.9999999999896617,1.0338285783006995e-11,0.5444554554554555,0.4555445445445445,1167.3514101906596,25.226750650640653,0.0265249868822651,0.0006869550479038468,0.04400949999983463,0.036722563911011016
Dew,11.540929260786106,0.9999999999896082,1.0391798532793928e-11,0.5434564564564565,0.45654354354354354,1167.356541406486,25.265845839247955,0.02652510347563356,0.0006883191844001529,0.04400949999983377,0.036706583823123126
Dew,11.563982291154137,0.9999999999895545,1.0445533327185785e-11,0.5424574574574574,0.45754254254254256,1167.3616937480729,25.30511043746326,0.026525220549029293,0.0006896891264060041,0.04400949999983292,0.036690603735235236
Dew,11.587131331731777,0.9999999999895004,1.049960118848503e-11,0.5414584584584585,0.4585415415415415,1167.3668673422806,25.34454549195996,0.026525338105334882,0.0006910649100496798,0.04400949999983205,0.03667462364734735
Dew,11.610376966349556,0.999999999989446,1.0554002116691663e-11,0.5404594594594595,0.4595405405405405,1167.3720623170404,25.384152058582156,0.02652545614745722,0.0006924465717726205,0.044009499999831184,0.03665864355945946
Dew,11.633719783820343,0.9999999999893913,1.0608736111805683e-11,0.5394604604604605,0.4605395395395395,1167.3772788013641,25.423931202479093,0.026525574678327758,0.0006938341483337778,0.0440094999998303,0.03664266347157157
Dew,11.657160377967228,0.9999999999893362,1.0663803173827091e-11,0.5384614614614615,0.46153853853853855,1167.3825169253525,25.463883998145693,0.0265256937009027,0.0006952276768114158,0.04400949999982942,0.03662668338368368
Dew,11.680699347695274,0.9999999999892808,1.0719203302755886e-11,0.5374624624624625,0.46253753753753746,1167.3877768202117,25.504011529568054,0.026525813218163347,0.0006966271946077805,0.04400949999982854,0.0366107032957958
Dew,11.704337297044212,0.9999999999892251,1.077493649859207e-11,0.5364634634634635,0.4635365365365365,1167.3930586182578,25.544314890322838,0.02652593323311625,0.0006980327394525246,0.044009499999827645,0.03659472320790791
Dew,11.728074835226924,0.9999999999891691,1.0830891739033177e-11,0.5354644644644645,0.4645355355355355,1167.3983624529365,25.584795183642495,0.026526053748793604,0.0006994443494052043,0.04400949999982675,0.03657874312002002
Dew,11.75191257670567,0.9999999999891127,1.0887291068684135e-11,0.5344654654654655,0.4655345345345345,1167.403688458829,25.625453522570343,0.026526174768253415,0.0007008620628602425,0.04400949999982585,0.036562763032132135
Dew,11.775851141230342,0.999999999989056,1.094402346524248e-11,0.5334664664664664,0.46653353353353355,1167.4090367716651,25.66629103002459,0.026526296294579782,0.0007022859185494129,0.04400949999982494,0.036546782944244245
Dew,11.799891153888225,0.9999999999889989,1.1001088928708214e-11,0.5324674674674675,0.46753253253253246,1167.4144075283346,25.70730883888959,0.02652641833088316,0.0007037159555450754,0.04400949999982403,0.03653080285635636
Dew,11.824033245195821,0.9999999999889415,1.1058487459081334e-11,0.5314684684684685,0.4685315315315315,1167.419800866904,25.74850809220713,0.026526540880300764,0.0007051522132661604,0.04400949999982311,0.03651482276846847
Dew,11.848278051114631,0.9999999999888837,1.1116330078664305e-11,0.5304694694694695,0.4695305305305305,1167.4252169266247,25.78988994318593,0.02652666394599669,0.0007065947314791871,0.04400949999982219,0.03649884268058058
Dew,11.872626213140055,0.9999999999888256,1.11743947428522e-11,0.5294704704704705,0.47052952952952953,1167.4306558479423,25.831455555385293,0.02652678753116222,0.0007080435503040592,0.044009499999821254,0.0364828625926927
Dew,11.897078378337715,0.9999999999887671,1.1232903496249946e-11,0.5284714714714714,0.47152852852852856,1167.4361177725184,25.8732061027729,0.02652691163901623,0.0007094987102164243,0.04400949999982032,0.03646688250480481
Dew,11.921635199430217,0.9999999999887083,1.129174531655508e-11,0.5274724724724725,0.47252752752752747,1167.4416028432381,25.915142769902697,0.026527036272805407,0.0007109602520533329,0.044009499999819374,0.03645090241691692
Dew,11.946297334819842,0.9999999999886491,1.13509202037676e-11,0.5264734734734735,0.4735265265265265,1167.44711120422,25.957266751939628,0.026527161435804462,0.0007124282170147108,0.04400949999981843,0.036434922329029035
Dew,11.971065448690336,0.9999999999885896,1.1410428157887509e-11,0.5254744744744745,0.4745255255255255,1167.4526430008361,25.99957925487244,0.0265272871313166,0.0007139026466699978,0.04400949999981748,0.03641894224114114
Dew,11.995940211043038,0.9999999999885296,1.1470380201217267e-11,0.5244754754754755,0.47552452452452454,1167.4581983797175,26.04208149556993,0.026527413362673623,0.0007153835829605039,0.04400949999981652,0.036402962153253254
Dew,12.020922297768637,0.9999999999884693,1.1530665311454413e-11,0.5234764764764765,0.47652352352352345,1167.4637774887794,26.084774701921383,0.02652754013323651,0.0007168710682040858,0.04400949999981556,0.036386982065365364
Bubble,12.034842966888004,0.9920070070070071,0.007992992992992942,0.542430501569829,0.45756949843017103,1160.0714528035996,26.43819109891531,0.026436372158511086,0.0007205796338420739,0.04388164328478479,0.036690172546161144
Dew,12.04601239070426,0.9999999999884086,1.159139451090141e-11,0.5224774774774775,0.4775225225225225,1167.4693804772196,26.127660112942046,0.0265276674463954,0.000718365145098874,0.04400949999981458,0.03637100197747748
Dew,12.07121117770961,0.9999999999883475,1.1652456777255793e-11,0.5214784784784785,0.4785215215215215,1167.4750074955457,26.17073897892332,0.02652779530557017,0.0007198658567282398,0.04400949999981361,0.03635502188958959
Dew,12.096519352722684,0.9999999999882861,1.1713852110517564e-11,0.5204794794794795,0.4795205205205205,1167.480658695582,26.214012561534144,0.02652792371421063,0.0007213732465644314,0.04400949999981262,0.03633904180170171
Dew,12.121937615839505,0.9999999999882243,1.1775691532989185e-11,0.5194804804804805,0.48051951951951954,1167.486334230486,26.257482133979053,0.02652805267579688,0.0007228873584737824,0.04400949999981164,0.03632306171381382
Dew,12.14746667335936,0.9999999999881621,1.1837864022368194e-11,0.5184814814814815,0.48151851851851846,1167.4920342547648,26.30114898107388,0.02652818219383969,0.0007244082367196629,0.044009499999810645,0.036307081625925934
Dew,12.173107237869974,0.9999999999880995,1.1900480600957053e-11,0.5174824824824825,0.4825175175175175,1167.4977589242812,26.345014399415952,0.026528312271880645,0.000725935925968044,0.04400949999980964,0.036291101538038044
Dew,12.198860028310389,0.9999999999880366,1.19634302464533e-11,0.5164834834834835,0.4835165165165165,1167.5035083962814,26.389079697501078,0.026528442913492725,0.0007274704712916087,0.04400949999980863,0.036275121450150154
Dew,12.224725770046042,0.9999999999879732,1.2026823981159396e-11,0.5154844844844845,0.4845155155155155,1167.5092828293998,26.433346195868847,0.026528574122280494,0.0007290119181746566,0.04400949999980762,0.036259141362262264
Dew,12.303008051124086,0.9999999999877806,1.221944767593186e-11,0.5124874874874875,0.4875125125125125,1167.526757502259,26.567366273421435,0.0265289711882081,0.0007336781290706652,0.04400949999980454,0.0362112010985986
Dew,12.32933298249948,0.9999999999877156,1.2284395722872432e-11,0.5114884884884885,0.4885115115115115,1167.5326333945443,26.612451023432065,0.02652910470238828,0.0007352476454158697,0.044009499999803504,0.03619522101071071
Dew,12.3557745908337,0.9999999999876502,1.2349787859022854e-11,0.5104894894894895,0.48951051051051053,1167.5385350625352,26.65774376169939,0.026529238802253514,0.000736824297075923,0.04400949999980245,0.03617924092282282
Dew,12.382333641558747,0.9999999999875843,1.2415735106685588e-11,0.5094904904904906,0.49050950950950944,1167.5444626735512,26.703245883895253,0.02652937349160567,0.0007384081321034802,0.0440094999998014,0.036163260834934936
Dew,12.40901090702167,0.999999999987518,1.248201542125571e-11,0.5084914914914915,0.49150850850850847,1167.5504163963985,26.74895879865475,0.02652950877428045,0.0007399991989947939,0.04400949999980034,0.036147280747047046
Dew,12.435807166624869,0.9999999999874514,1.254862880273322e-11,0.5074924924924925,0.4925075075075075,1167.556396401419,26.794883927872405,0.02652964465414841,0.0007415975466988896,0.044009499999799265,0.03613130065915916
Dew,12.462723206823627,0.9999999999873842,1.2615797295723041e-11,0.5064934934934935,0.4935065065065065,1167.5624028604786,26.841022706660752,0.026529781135114748,0.0007432032246174229,0.044009499999798196,0.036115320571271266
Dew,12.489759821282654,0.9999999999873166,1.2683409877922713e-11,0.5054944944944946,0.4945055055055054,1167.568435947002,26.887376583684027,0.026529918221120084,0.0007448162826149234,0.04400949999979712,0.03609934048338339
Dew,12.516917821268121,0.9999999999872486,1.2751355527029773e-11,0.5044954954954955,0.49550450450450445,1167.5744958382966,26.93394704561107,0.02653005591619327,0.0007464367716974996,0.04400949999979603,0.0360833603954955
Dew,12.544197994680712,0.9999999999871801,1.2819856287649145e-11,0.5034964964964965,0.4965035035035035,1167.5805827064041,26.980735520527364,0.0265301942242435,0.0007480647413373791,0.04400949999979494,0.03606738030760761
Dew,12.571601167196276,0.9999999999871113,1.2888690115175905e-11,0.5024974974974975,0.4975025025025025,1167.5866967317438,27.027743522011612,0.02653033314937033,0.0007497002434659314,0.04400949999979383,0.036051400219719726
Dew,12.599128161990036,0.9999999999870419,1.2958079054214977e-11,0.5014984984984985,0.4985015015015015,1167.592838094129,27.0749725541544,0.026530472695659533,0.000751343329843344,0.04400949999979272,0.03603542013183183
Dew,12.626779809835526,0.9999999999869721,1.30279120824639e-11,0.5004994994994995,0.49950050050050054,1167.5990069750171,27.12242413532946,0.026530612867234255,0.000752994052718197,0.044009499999791604,0.036019440043943945
Dew,12.654557142264133,0.9999999999869018,1.309813614820171e-11,0.49950050050050054,0.5004994994994995,1167.6052036005956,27.17010025232763,0.02653075366923401,0.0007546524774421689,0.04400949999979049,0.03600345995605606
Dew,12.682460625266227,0.9999999999868311,1.3168866025177495e-11,0.4985015015015015,0.5014984984984985,1167.611428070837,27.218001558327625,0.026530895103930415,0.0007563186324253461,0.044009499999789356,0.03598747986816817
Dew,12.710491300252693,0.9999999999867599,1.3240064690778994e-11,0.49750250250250255,0.5024974974974974,1167.617680614032,27.26613005618915,0.026531037176510775,0.0007579925836491408,0.04400949999978821,0.03597149978028028
Dew,12.738650029221626,0.9999999999866883,1.3311736540366567e-11,0.49650350350350353,0.5034964964964965,1167.6239614183896,27.31448732298885,0.02653117989125164,0.0007596743853703261,0.044009499999787066,0.03595551969239239
Dew,12.766937450222835,0.9999999999866162,1.3383885903347184e-11,0.4955045045045045,0.5044954954954954,1167.6302706221124,27.363074406432563,0.0265313232512933,0.0007613640772126919,0.04400949999978591,0.0359395396045045
Bubble,12.776026278509192,0.991008008008008,0.008991991991991966,0.515330028228001,0.48466997177199894,1159.313951004743,27.742073216671944,0.026428734151379574,0.0007651577684380718,0.0438656631968969,0.03625667066453793
Dew,12.795354898437374,0.9999999999865434,1.3456517518098226e-11,0.49450550550550554,0.5054944944944945,1167.6366085188395,27.411893986924717,0.02653146726330793,0.0007630617443197746,0.04400949999978475,0.03592355951661662
Dew,12.800550415940693,0.9909749079210984,0.00902509207890153,0.5144854854854856,0.48551451451451444,1159.2888475293066,27.785273111565942,0.026428480870656815,0.0007666349218607329,0.04386513372459669,0.03624316127437438
Dew,12.82390303516821,0.9999999999864704,1.3529635827855106e-11,0.4935065065065065,0.5064934934934935,1167.6429752518475,27.46094715890706,0.02653161193055112,0.0007647674278187703,0.044009499999783576,0.03590757942872873
Dew,12.829677004294727,0.9909355906664289,0.009064409333571099,0.5134864864864865,0.48651351351351346,1159.2590269849286,27.83658405688443,0.026428179965131887,0.0007683894563474364,0.04386450480185927,0.03622718118648649
Dew,12.8525827551596,0.9999999999863968,1.3603245447374142e-11,0.49250750750750755,0.5074924924924924,1167.6493710164245,27.510235561100536,0.026531757257460275,0.000766481184074648,0.044009499999782396,0.03589159934084084
Dew,12.881394961576715,0.9999999999863226,1.3677351048326687e-11,0.4915085085085085,0.5084914914914915,1167.655796009677,27.559760848084736,0.026531903248514115,0.0007682030699948479,0.04400949999978121,0.03587561925295296
Dew,12.91034056611963,0.999999999986248,1.3751957360159784e-11,0.49050950950950956,0.5094904904904904,1167.6622504305578,27.609524690523408,0.02653204990823332,0.0007699331430367812,0.04400949999978002,0.03585963916506507
Dew,12.939420489077332,0.999999999986173,1.3827069170940837e-11,0.48951051051051053,0.5104894894894895,1167.6687344798738,27.659528775248916,0.026532197241180704,0.0007716714612114095,0.04400949999977882,0.03584365907717718
Dew,12.968635659478966,0.9999999999860973,1.3902691328269378e-11,0.4885115115115115,0.5114884884884885,1167.675248360321,27.70977480557397,0.026532345251961992,0.0007734180830931813,0.044009499999777615,0.03582767898928929
Dew,12.997987015195507,0.9999999999860212,1.3978828740179338e-11,0.48751251251251254,0.5124874874874874,1167.6817922765047,27.76026450148653,0.026532493945226315,0.000775173067826732,0.044009499999776394,0.0358116989014014
Dew,13.02747550296348,0.9999999999859445,1.4055486376010754e-11,0.4865135135135135,0.5134864864864865,1167.6883664349457,27.810999599662004,0.026532643325666305,0.0007769364751284966,0.044009499999775166,0.03579571881351352
Dew,13.057102078609923,0.9999999999858673,1.4132669267407197e-11,0.48551451451451455,0.5144854854854854,1167.6949710441259,27.86198185394559,0.02653279339801915,0.0007787083653014688,0.04400949999977394,0.03577973872562563
Dew,13.086867707080215,0.9999999999857896,1.4210382509230917e-11,0.4845155155155155,0.5154844844844845,1167.7016063144995,27.91321303537293,0.026532944167066898,0.0007804887992370872,0.044009499999772696,0.03576375863773774
Dew,13.116773362560325,0.9999999999857113,1.4288631260523403e-11,0.48351651651651656,0.5164834834834835,1167.708272458511,27.964694932411096,0.026533095637636773,0.0007822778384232928,0.04400949999977143,0.035747778549849854
Dew,13.146820028598945,0.9999999999856326,1.4367420745513269e-11,0.48251751751751754,0.5174824824824824,1167.714969690632,28.016429351198628,0.026533247814602073,0.0007840755449525812,0.04400949999977018,0.035731798461961964
Dew,13.177008698216595,0.9999999999855532,1.444675625460423e-11,0.48151851851851857,0.5184814814814814,1167.7216982273749,28.068418115754643,0.026533400702882477,0.0007858819815292084,0.044009499999768914,0.035715818374074074
Dew,13.207340374027254,0.9999999999854734,1.4526643145404587e-11,0.48051951951951954,0.5194804804804805,1167.7284582873212,28.12066306821647,0.026533554307444678,0.0007876972114772174,0.04400949999976764,0.03569983828618619
Dew,13.237816068320452,0.9999999999853929,1.4607086843753874e-11,0.4795205205205205,0.5204794794794795,1167.7352500911443,28.173166068984482,0.0265337086333029,0.0007895212987458855,0.04400949999976635,0.03568385819829829
Dew,13.26843680321977,0.9999999999853119,1.4688092844796535e-11,0.47852152152152155,0.5214784784784785,1167.7420738616363,28.225928997044708,0.0265338636855195,0.0007913543079201671,0.04400949999976505,0.03566787811041041
Dew,13.29920361077107,0.9999999999852304,1.4769666714051475e-11,0.47752252252252253,0.5224774774774774,1167.748929823732,28.27895375012674,0.02653401946920553,0.0007931963042265507,0.044009499999763745,0.03565189802252253
Dew,13.330117533090124,0.9999999999851482,1.4851814088515618e-11,0.47652352352352356,0.5234764764764764,1167.755818204538,28.332242244999605,0.026534175989521392,0.0007950473535427982,0.04400949999976243,0.03563591793463464
Dew,13.361179622448017,0.9999999999850655,1.49345406777634e-11,0.47552452452452454,0.5244754754754755,1167.7627392333484,28.38579641762203,0.026534333251677186,0.0007969075224036239,0.04400949999976111,0.03561993784674675
Dew,13.39239094142628,0.9999999999849821,1.5017852265115953e-11,0.47452552552552557,0.5254744744744744,1167.7696931416856,28.439618223454463,0.02653449126093366,0.0007987768780109344,0.04400949999975977,0.035603957758858856
Dew,13.423752563039784,0.9999999999848982,1.5101754708779116e-11,0.47352652652652655,0.5264734734734735,1167.7766801633197,28.4937096376954,0.026534650022602614,0.0008006554882419646,0.04400949999975843,0.03558797767097097
Dew,13.455265570838254,0.9999999999848137,1.5186253943021477e-11,0.4725275275275276,0.5274724724724724,1167.7837005342903,28.548072655467248,0.026534809542047427,0.000802543421656022,0.044009499999757076,0.03557199758308309
Dew,13.486931059073143,0.9999999999847287,1.527135597940075e-11,0.47152852852852856,0.5284714714714714,1167.7907544929485,28.602709292153683,0.026534969824683997,0.0008044407475055062,0.04400949999975572,0.0355560174951952
Bubble,13.515215920138706,0.990009009009009,0.009990990990990989,0.49118640258939505,0.5088135974106051,1158.556095036716,29.045861107390515,0.02642108250033598,0.0008097430473272079,0.043849683109009004,0.03587046681446023
Dew,13.518750132797424,0.999999999984643,1.535706690795782e-11,0.47052952952952953,0.5294704704704705,1167.7978422799679,28.657621583580262,0.026535130875981007,0.0008063475357425491,0.044009499999754356,0.03554003740730731
Dew,13.550723908000608,0.9999999999845566,1.5443392898480777e-11,0.46953053053053057,0.5304694694694694,1167.8049641383816,28.712811586276366,0.026535292701460746,0.0008082638570279626,0.04400949999975297,0.03552405731941942
Dew,13.582853511788016,0.9999999999844696,1.5530340201802258e-11,0.46853153153153154,0.5314684684684685,1167.812120313622,28.76828137783911,0.026535455306700012,0.000810189782743082,0.044009499999751574,0.03550807723153153
Dew,13.615140082453197,0.999999999984382,1.5617915151043343e-11,0.4675325325325326,0.5324674674674674,1167.8193110535278,28.824033057048474,0.02653561869733028,0.000812125384994632,0.04400949999975018,0.035492097143643646
Dew,13.647584769660916,0.9999999999842939,1.5706124162969106e-11,0.46653353353353355,0.5334664664664664,1167.8265366083867,28.880068744238493,0.026535782879038693,0.0008140707366268232,0.04400949999974877,0.035476117055755756
Dew,13.680188734572729,0.9999999999842051,1.57949737393273e-11,0.4655345345345346,0.5344654654654655,1167.8337972309678,28.93639058153446,0.026535947857568753,0.0008160259112297032,0.04400949999974735,0.035460136967867865
Dew,13.71295314999442,0.9999999999841155,1.5884470468214192e-11,0.46453553553553556,0.5354644644644644,1167.8410931765425,28.993000733140075,0.026536113638720844,0.0008179909831489396,0.04400949999974591,0.035444156879979975
Dew,13.745879200524978,0.9999999999840253,1.5974621025471666e-11,0.46353653653653654,0.5364634634634635,1167.8484247029255,29.04990138562752,0.026536280228353113,0.0008199660274957116,0.04400949999974447,0.0354281767920921
Dew,13.778968082697954,0.9999999999839345,1.6065432176119534e-11,0.46253753753753757,0.5374624624624624,1167.8557920705007,29.107094748209057,0.0265364476323821,0.0008219511201561072,0.04400949999974302,0.03541219670420421
Dew,13.812221005132699,0.999999999983843,1.615691077579232e-11,0.46153853853853855,0.5384614614614615,1167.8631955422532,29.164583053030842,0.026536615856783456,0.0008239463378011727,0.04400949999974155,0.03539621661631632
Dew,13.845639188695259,0.9999999999837509,1.624906377223007e-11,0.4605395395395396,0.5394604604604605,1167.8706353838052,29.222368555488345,0.02653678490759274,0.0008259517578975999,0.044009499999740076,0.035380236528428435
Dew,13.879223866623263,0.9999999999836581,1.634189820676589e-11,0.45954054054054055,0.5404594594594594,1167.8781118634413,29.280453534457653,0.026536954790906012,0.0008279674587160667,0.0440094999997386,0.035364256440540545
Dew,13.912976284745767,0.9999999999835646,1.6435421215900764e-11,0.4585415415415416,0.5414584584584584,1167.8856252521573,29.33884029274564,0.026537125512880948,0.0008299935193457872,0.0440094999997371,0.035348276352652655
Dew,13.946897701575056,0.9999999999834703,1.6529640032818584e-11,0.45754254254254256,0.5424574574574574,1167.8931758236752,29.3975311572433,0.026537297079737142,0.000832030019700703,0.04400949999973559,0.035332296264764765
Dew,13.980989388496681,0.9999999999833754,1.6624561989018802e-11,0.45654354354354354,0.5434564564564565,1167.9007638544897,29.456528479305423,0.02653746949775723,0.0008340770405321007,0.044009499999734074,0.03531631617687688
Dew,14.015252629955055,0.9999999999832798,1.6720194515935897e-11,0.45554454454454457,0.5444554554554555,1167.908389623903,29.51583463511906,0.0265376427732876,0.0008361346634409452,0.04400949999973255,0.03530033608898899
Dew,14.049688723574938,0.9999999999831835,1.6816545146575702e-11,0.45454554554554555,0.5454544544544544,1167.9160534140512,29.575452025923266,0.02653781691273906,0.00083820297088603,0.04400949999973101,0.0352843560011011
Dew,14.084298980372942,0.9999999999830864,1.6913621517247694e-11,0.4535465465465466,0.5464534534534534,1167.9237555099548,29.635383078435776,0.026537991922587954,0.0008402820461980204,0.04400949999972946,0.03526837591321322
Dew,14.11908472489662,0.9999999999829886,1.701143136924532e-11,0.45254754754754756,0.5474524524524524,1167.93149619954,29.695630245111712,0.026538167809376647,0.0008423719735887673,0.044009499999727884,0.03525239582532532
Dew,14.154047295437422,0.99999999998289,1.7109982550642995e-11,0.4515485485485486,0.5484514514514514,1167.9392757736887,29.75619600457189,0.026538344579714653,0.0008444728381654605,0.04400949999972631,0.03523641573743744
Dew,14.189188044176417,0.9999999999827908,1.7209283017954163e-11,0.45054954954954957,0.5494504504504505,1167.9470945262692,29.81708286187516,0.02653852224027936,0.0008465847259403932,0.04400949999972473,0.03522043564954955
Dew,14.224507788475837,0.9999999999826906,1.730934047722125e-11,0.4495505505505506,0.5504494494494494,1167.954952632058,29.878292086098337,0.026538700795042117,0.0008487076879733476,0.04400949999972312,0.03520445556166167
Bubble,14.252481650844086,0.9890100100100101,0.010989989989989901,0.4695480421780045,0.5304519578219955,1157.797900098881,30.350012525408058,0.02641341753720875,0.0008543442246831092,0.04383370302112113,0.03552433743748358
Dew,14.26000898564933,0.9999999999825898,1.741016381402976e-11,0.4485515515515516,0.5514484484484484,1167.9628506305853,29.93982871409513,0.02653888025626231,0.0008508418824910302,0.04400949999972151,0.03518847547377378
Dew,14.295693119429876,0.9999999999824882,1.7511761386797375e-11,0.44755255255255255,0.5524474474474474,1167.970788844639,30.00169553492326,0.026539060631274453,0.0008529874040999211,0.044009499999719884,0.03517249538588589
Dew,14.331560387930423,0.9999999999823859,1.761414080103188e-11,0.4465535535535536,0.5534464464464464,1167.9787673109186,30.06389237762567,0.02653924192091244,0.0008551442633831706,0.044009499999718246,0.035156515297998
Dew,14.367612810463669,0.9999999999822827,1.7717310978043376e-11,0.44555455455455456,0.5544454454454455,1167.9867864711614,30.126423252930177,0.026539424135213596,0.0008573125899420748,0.044009499999716595,0.03514053521011012
Dew,14.403851826503942,0.9999999999821787,1.7821280565476188e-11,0.4445555555555556,0.5554444444444444,1167.9948466379876,30.1892908322592,0.026539607281281383,0.0008594924754836072,0.044009499999714936,0.03512455512222223
Dew,14.440278890750736,0.9999999999820739,1.7926058333143863e-11,0.44355655655655657,0.5564434434434434,1168.0029481272943,30.25249781608243,0.026539791366293742,0.0008616840127090627,0.04400949999971326,0.03510857503433434
Dew,14.476895473325403,0.9999999999819683,1.8031653175081878e-11,0.4425575575575576,0.5574424424424425,1168.0110912582838,30.316046934299397,0.026539976397503696,0.0008638872953272229,0.044009499999711564,0.035092594946446454
Dew,14.51370305998389,0.999999999981862,1.8138074111738347e-11,0.4415585585585586,0.5584414414414414,1168.0192763535217,30.37994094665806,0.026540162382240697,0.000866102418068586,0.044009499999709864,0.03507661485855856
Dew,14.550703152324047,0.9999999999817547,1.824533029212537e-11,0.4405595595595596,0.5594404404404404,1168.0275037389688,30.44418264315991,0.026540349327911345,0.0008683294766992476,0.04400949999970816,0.03506063477067067
Dew,14.58789726798382,0.9999999999816466,1.835343099605697e-11,0.4395605605605606,0.5604394394394394,1168.0357737440286,30.508774844443145,0.02654053724200048,0.0008705685680341976,0.04400949999970642,0.03504465468278278
Dew,14.625286940880937,0.9999999999815377,1.8462385636451023e-11,0.43856156156156156,0.5614384384384384,1168.0440867016034,30.573720402260165,0.026540726132072423,0.000872819789953343,0.04400949999970468,0.03502867459489489
Dew,14.662873721407887,0.9999999999814277,1.8572203761621113e-11,0.4375625625625626,0.5624374374374375,1168.0524429481252,30.63902219985137,0.02654091600577171,0.0008750832414146148,0.04400949999970292,0.03501269450700701
Dew,14.700659176665399,0.9999999999813171,1.8682895057661414e-11,0.4365635635635636,0.5634364364364364,1168.060842823613,30.70468315240638,0.026541106870824366,0.0008773590224696077,0.04400949999970115,0.03499671441911912
Dew,14.738644890691798,0.9999999999812055,1.879446935087594e-11,0.4355645645645646,0.5644354354354354,1168.0692866717186,30.770706207514614,0.02654129873503898,0.00087964723427896,0.044009499999699365,0.03498073433123123
Dew,14.776832464672069,0.999999999981093,1.8906936610219815e-11,0.4345655655655656,0.5654344344344344,1168.0777748397695,30.837094345568516,0.026541491606307654,0.000881947979126418,0.04400949999969756,0.03496475424334335
Dew,14.815223517189429,0.9999999999809797,1.9020306949856042e-11,0.4335665665665666,0.5664334334334333,1168.0863076788278,30.903850580262898,0.026541685492607346,0.000884261360435695,0.04400949999969575,0.034948774155455456
Dew,14.853819684462216,0.9999999999808654,1.913459063170771e-11,0.4325675675675676,0.5674324324324325,1168.094885543732,30.970977959059766,0.02654188040200084,0.0008865874827863812,0.044009499999693925,0.03493279406756757
Dew,14.892622620580118,0.9999999999807502,1.9249798068094336e-11,0.43156856856856857,0.5684314314314314,1168.1035087931548,31.038479563650323,0.026542076342638013,0.0008889264519298236,0.04400949999969208,0.03491681397967968
Dew,14.931633997739763,0.999999999980634,1.9365939824405236e-11,0.4305695695695696,0.5694304304304304,1168.1121777896478,31.106358510414733,0.026542273322756906,0.0008912783748049794,0.04400949999969022,0.03490083389179179
Dew,14.970855506506354,0.9999999999805169,1.948302662185501e-11,0.4295705705705706,0.5704294294294294,1168.1208928997025,31.17461795094006,0.02654247135068507,0.0008936433595559848,0.04400949999968835,0.03488485380390391
Bubble,14.987869799253877,0.9880110110110111,0.011988988988988925,0.4500514305927614,0.5499485694072385,1157.0393760952122,31.654850204582097,0.026405739473460043,0.0008989671068851631,0.04381772293323324,0.03521246768890487
Dew,15.010288856059418,0.9999999999803989,1.9601069340264692e-11,0.4285715715715716,0.5714284284284283,1168.1296544937954,31.243261072500857,0.026542670434840605,0.0008960215155486989,0.04400949999968646,0.03486887371601601
Dew,15.049935774463453,0.9999999999802799,1.97200790209338e-11,0.4275725725725726,0.5724274274274275,1168.1384629464512,31.312291098595537,0.026542870583733603,0.0008984129533888935,0.04400949999968456,0.03485289362812813
Dew,15.089798008896317,0.99999999998016,1.984006686952114e-11,0.4265735735735736,0.5734264264264264,1168.147318636284,31.38171128938509,0.02654307180596707,0.0009008177849376915,0.044009499999682636,0.034836913540240246
Dew,15.129877325950547,0.999999999980039,1.9961044259081895e-11,0.4255745745745746,0.5744254254254254,1168.156221946074,31.45152494229702,0.026543274110238678,0.000903236123331791,0.04400949999968071,0.034820933452352355
Dew,15.170175511889033,0.999999999979917,2.0083022733053934e-11,0.42457557557557557,0.5754244244244244,1168.1651732628065,31.521735392524096,0.026543477505341657,0.0009056680830007229,0.04400949999967875,0.034804953364464465
Dew,15.210694372915455,0.9999999999797939,2.0206014008402782e-11,0.4235765765765766,0.5764234234234233,1168.1741729777393,31.592346013555378,0.026543682000166297,0.0009081137796850852,0.044009499999676786,0.034788973276576575
Dew,15.251435735457727,0.9999999999796699,2.0330029978767796e-11,0.4225775775775776,0.5774224224224225,1168.1832214864583,31.663360217735967,0.02654388760370125,0.0009105733304556522,0.0440094999996748,0.034772993188688685
Dew,15.292401446463774,0.9999999999795449,2.0455082717733106e-11,0.4215785785785786,0.5784214214214214,1168.192319188941,31.734781456853252,0.026544094325034958,0.0009130468537332997,0.0440094999996728,0.0347570131008008
Dew,15.33359337365255,0.9999999999794188,2.0581184482109925e-11,0.4205795795795796,0.5794204204204204,1168.2014664896135,31.80661322262039,0.026544302173356946,0.0009155344693060268,0.04400949999967078,0.03474103301291292
Dew,15.375013405867099,0.9999999999792917,2.070834771535054e-11,0.4195805805805806,0.5804194194194194,1168.2106637974166,31.878859047390524,0.02654451115795929,0.0009180362983526697,0.04400949999966875,0.03472505292502503
Dew,15.416663453310324,0.9999999999791634,2.083658505097459e-11,0.4185815815815816,0.5814184184184183,1168.2199115258634,31.951522504602963,0.026544721288238007,0.0009205524634589568,0.044009499999666704,0.034709072837137145
Dew,15.458545447895325,0.9999999999790341,2.0965909316127046e-11,0.41758258258258263,0.5824174174174174,1168.2292100931093,32.02460720948865,0.026544932573694575,0.0009230830886410856,0.044009499999664636,0.03469309274924925
Dew,15.500661343539274,0.9999999999789037,2.1096333535183552e-11,0.4165835835835836,0.5834164164164164,1168.2385599220163,32.09811681964602,0.026545145023937424,0.0009256282993656227,0.04400949999966255,0.034677112661361364
Dew,15.543013116463849,0.9999999999787721,2.122787093343015e-11,0.4155845845845846,0.5844154154154154,1168.2479614402152,32.1720550356302,0.02654535864868333,0.0009281882225698479,0.04400949999966044,0.034661132573473474
Dew,15.585602765542205,0.9999999999786394,2.1360534940841092e-11,0.4145855855855856,0.5854144144144144,1168.2574150801784,32.24642560164695,0.026545573457759087,0.0009307629866851748,0.044009499999658315,0.03464515248558559
Dew,15.628432312601891,0.9999999999785056,2.149433919594666e-11,0.4135865865865866,0.5864134134134134,1168.266921279288,32.32123230614489,0.026545789461103055,0.0009333527216577012,0.04400949999965618,0.0346291723976977
Dew,15.671503802762023,0.9999999999783707,2.162929754972849e-11,0.4125875875875876,0.5874124124124124,1168.2764804798978,32.39647898248443,0.026546006668766567,0.0009359575589710301,0.04400949999965402,0.03461319230980982
Dew,15.71481930477794,0.9999999999782345,2.176542406970664e-11,0.4115885885885886,0.5884114114114114,1168.2860931294183,32.47216950962195,0.026546225090915844,0.000938577631669598,0.044009499999651834,0.03459721222192192
Bubble,15.721411435692712,0.987012012012012,0.012987987987987948,0.43240029357451665,0.5675997064254833,1156.2805294727098,32.960601899388266,0.02639804844193736,0.0009436155234943322,0.043801742845345354,0.034930118336047325
Dew,15.758380911379572,0.9999999999780973,2.1902733044015286e-11,0.41058958958958963,0.5894104104104103,1168.2957596803778,32.54830781277856,0.02654644473783339,0.0009412130743816177,0.04400949999964964,0.03458123213403403
Dew,15.802190739612183,0.9999999999779587,2.2041238985626283e-11,0.4095905905905906,0.5904094094094094,1168.3054805905015,32.62489786411282,0.026546665619919817,0.000943864023342203,0.04400949999964742,0.03456525204614615
Dew,15.84625093119495,0.9999999999778191,2.2180956636637048e-11,0.40859159159159164,0.5914084084084084,1168.3152563227795,32.701943683432255,0.026546887747695348,0.00094653061641768,0.044009499999645194,0.03454927195825826
Dew,15.890563652899083,0.9999999999776781,2.2321900972707252e-11,0.4075925925925926,0.5924074074074074,1168.3250873455547,32.77944933894792,0.026547111131801852,0.0009492129931312093,0.04400949999964294,0.034533291870370374
Dew,15.935131096888412,0.9999999999775359,2.2464087207518894e-11,0.4065935935935936,0.5934064064064064,1168.3349741325922,32.857418947942264,0.026547335783004385,0.0009519112946859724,0.04400949999964066,0.03451731178248248
Dew,15.979955481112933,0.9999999999773924,2.2607530797402652e-11,0.4055945945945946,0.5944054054054053,1168.3449171631573,32.935856677555634,0.026547561712193,0.0009546256639918559,0.044009499999638366,0.0345013316945946
Dew,16.025039049681638,0.9999999999772478,2.2752247446035755e-11,0.4045955955955956,0.5954044044044045,1168.3549169221014,33.01476674552414,0.026547788930384654,0.000957356245690806,0.044009499999636055,0.03448535160670671
Dew,16.07038407324974,0.9999999999771018,2.2898253109250913e-11,0.40359659659659664,0.5964034034034034,1168.3649738999359,33.094153420948714,0.026548017448724936,0.0009601031861831512,0.04400949999963372,0.03446937151881882
Dew,16.115992849409512,0.9999999999769544,2.3045563999975426e-11,0.4025975975975976,0.5974024024024024,1168.3750885929246,33.17402102507082,0.026548247278490127,0.0009628666336541968,0.044009499999631364,0.03445339143093094
Dew,16.161867703115814,0.9999999999768058,2.3194196593270206e-11,0.40159859859859864,0.5984014014014014,1168.385261503164,33.25437393212474,0.026548478431089057,0.0009656467381031153,0.044009499999628984,0.034437411343043046
Dew,16.208010987051473,0.9999999999766558,2.334416763144557e-11,0.4005995995995996,0.5994004004004003,1168.3954931386631,33.33521657005278,0.02654871091806489,0.0009684436513679337,0.04400949999962658,0.034421431255155156
Dew,16.254425082087277,0.9999999999765045,2.3495494129390444e-11,0.3996006006006006,0.6003993993993995,1168.405784013445,33.416553421432184,0.026548944751097446,0.0009712575271567458,0.04400949999962417,0.03440545116726727
Dew,16.301112397678047,0.9999999999763518,2.364819337992655e-11,0.39860160160160163,0.6013983983983984,1168.4161346476224,33.49838902425629,0.026549179942004914,0.0009740885210747715,0.044009499999621726,0.03438947107937938
Dew,16.348075372299782,0.9999999999761977,2.3802282959344083e-11,0.3976026026026026,0.6023973973973974,1168.4265455674954,33.58072797280678,0.026549416502746087,0.0009769367906541425,0.044009499999619256,0.03437349099149149
Dew,16.395316473904845,0.9999999999760422,2.3957780733051125e-11,0.39660360360360364,0.6033963963963964,1168.4370173056454,33.66357491856478,0.026549654445422472,0.0009798024953849014,0.044009499999616765,0.03435751090360361
Dew,16.442838200329636,0.9999999999758853,2.4114704861352012e-11,0.3956046046046046,0.6043953953953953,1168.4475504010243,33.746934571013306,0.026549893782280315,0.000982685796742925,0.04400949999961426,0.03434153081571571
Bubble,16.453119797151253,0.986013013013013,0.013986986986986971,0.4163505360545371,0.5836494639454628,1155.5213625828515,34.267409080019526,0.026390344482146687,0.0009882914306754407,0.043785762757457464,0.03467338480978198
Dew,16.490643079815047,0.999999999975727,2.4273073805371657e-11,0.39460560560560565,0.6053943943943944,1168.4581453990522,33.830811698692116,0.02655013452571288,0.0009855868582252746,0.04400949999961173,0.03432555072782783
Dew,16.538733671395068,0.9999999999755671,2.443290633310863e-11,0.3936066066066066,0.6063933933933934,1168.4688028517185,33.91521112995382,0.02655037668826265,0.0009885058453769442,0.044009499999609174,0.03430957063993994
Dew,16.58711256543284,0.9999999999754058,2.4594221525638718e-11,0.3926076076076076,0.6073923923923924,1168.4795233176746,34.000137754050236,0.026550620282623515,0.0009914429258273086,0.0440094999996066,0.03429359055205205
Dew,16.63578261728774,0.9999999999752429,2.4757039000260116e-11,0.39160860860860863,0.6083913913913914,1168.4903074140154,34.08559704614237,0.026550865322817342,0.0009943982846113925,0.04400949999960399,0.03427761046416417
Dew,16.684746022353337,0.9999999999750786,2.4921378058146148e-11,0.3906096096096096,0.6093903903903903,1168.5011556113263,34.17159298826541,0.026551111819536937,0.0009973720635293173,0.044009499999601354,0.034261630376276275
Dew,16.734005693857824,0.9999999999749127,2.5087258967100483e-11,0.38961061061061064,0.6103893893893894,1168.512068538958,34.25813116619912,0.02655135978708263,0.0010003644514764833,0.0440094999995987,0.03424565028838839
Dew,16.783564352261596,0.9999999999747453,2.525470212552543e-11,0.3886116116116116,0.6113883883883884,1168.523046783256,34.34521672231451,0.02655160923877758,0.0010033756247471036,0.04400949999959603,0.03422967020050051
Dew,16.833424751849602,0.9999999999745762,2.5423728278224672e-11,0.38761261261261265,0.6123873873873873,1168.534090937761,34.432854864870336,0.026551860188108452,0.0010064057618905285,0.044009499999593325,0.03421369011261261
Dew,16.883589681220094,0.9999999999744057,2.5594358523522384e-11,0.3866136136136136,0.6133863863863864,1168.5452016033134,34.521050868982265,0.02655211264872775,0.001009455043744852,0.0440094999995906,0.03419771002472473
Dew,16.93406196384728,0.9999999999742334,2.5766614320587148e-11,0.38561461461461466,0.6143853853853853,1168.5563793881686,34.60981007775589,0.02655236663445648,0.0010125236534754116,0.04400949999958784,0.034181729936836845
Dew,16.984844458601312,0.9999999999740595,2.594051749692307e-11,0.38461561561561564,0.6153843843843844,1168.567624908108,34.69913790332227,0.02655262215928665,0.0010156117766105383,0.044009499999585054,0.03416574984894895
Dew,17.035940060356353,0.9999999999738839,2.611609025609581e-11,0.3836166166166166,0.6163833833833834,1168.5789387865668,34.78903982806903,0.02655287923738419,0.0010187196010831348,0.044009499999582244,0.034149769761061065
Dew,17.087351700501838,0.9999999999737067,2.6293355185554252e-11,0.38261761761761764,0.6173823823823823,1168.5903216547408,34.879521405652355,0.026553137883091348,0.0010218473172659548,0.04400949999957941,0.03413378967317317
Dew,17.139082347566188,0.9999999999735276,2.6472335264722696e-11,0.3816186186186186,0.6183813813813814,1168.6017741517155,34.97058826225928,0.026553398110929678,0.001024995118014311,0.04400949999957655,0.034117809585285284
Bubble,17.18303973231702,0.9850140140140141,0.014985985985985883,0.401699326934417,0.5983006730655829,1154.7618851723134,35.575459042769566,0.026382627802608395,0.0010329985102154426,0.043769782669569574,0.03443902260357562
Dew,17.191135007775465,0.999999999973347,2.665305387325818e-11,0.38061961961961965,0.6193803803803803,1168.613296924589,35.062246097721996,0.026553659935602762,0.0010281631987045707,0.04400949999957366,0.0341018294973974
Dew,17.24351268883448,0.9999999999731645,2.683553476249945e-11,0.37962062062062063,0.6203793793793794,1168.6248906204387,35.154500604348236,0.026553923371813754,0.0010313517548587359,0.04400949999957073,0.03408584940950951
Dew,17.296218546701386,0.9999999999729802,2.7019802210762725e-11,0.37862162162162166,0.6213783783783784,1168.6365559188116,35.247357795191306,0.026554188435003543,0.0010345609917799836,0.0440094999995678,0.03406986932162162
Dew,17.349255668726315,0.9999999999727941,2.7205880814451678e-11,0.37762262262262264,0.6223773773773773,1168.6482934837065,35.34082351863385,0.026554455140259784,0.0010377911103212633,0.044009499999564806,0.03405388923373373
Dew,17.402627261825817,0.9999999999726062,2.7393795685770544e-11,0.37662362362362367,0.6233763763763763,1168.6601040052253,35.434903879229154,0.02655472350326319,0.001041042319238748,0.04400949999956181,0.03403790914584585
Dew,17.45633640068509,0.9999999999724164,2.7583572204319628e-11,0.37562462462462465,0.6243753753753754,1168.6719881438366,35.52960467470942,0.0265549935390212,0.0010443148186624885,0.04400949999955877,0.034021929057957964
Dew,17.510386525740397,0.9999999999722248,2.7775236537197343e-11,0.3746256256256256,0.6253743743743744,1168.6839466405606,35.62493250864953,0.02655526526437153,0.001047608832795826,0.04400949999955571,0.034005948970070074
Dew,17.564780750959056,0.9999999999720312,2.7968814935665032e-11,0.37362662662662666,0.6263733733733734,1168.6959801638,35.72089324368351,0.026555538694501883,0.0010509245644649205,0.04400949999955261,0.033989968882182184
Dew,17.619522445786387,0.9999999999718356,2.8164334344135505e-11,0.37262762762762763,0.6273723723723723,1168.7080894380917,35.81749330152548,0.026555813845875447,0.001054262233333661,0.044009499999549485,0.0339739887942943
Dew,17.674615035439686,0.9999999999716381,2.836182220559372e-11,0.37162862862862867,0.6283713713713713,1168.7202751999052,35.914739216456525,0.026556090735226558,0.0010576220627943056,0.04400949999954632,0.0339580087064064
Dew,17.73006186120861,0.9999999999714387,2.8561306322883283e-11,0.37062962962962964,0.6293703703703704,1168.7325381667424,36.01263732359207,0.026556369378858545,0.001061004270791989,0.044009499999543136,0.03394202861851852
Dew,17.78586654875433,0.9999999999712372,2.8762815259718158e-11,0.3696306306306307,0.6303693693693693,1168.7448791185784,36.11119458026331,0.026556649794494302,0.0010644090940228358,0.04400949999953991,0.03392604853063063
Dew,17.84203237941089,0.9999999999710336,2.896637767991347e-11,0.36863163163163165,0.6313683683683684,1168.7572987588198,36.210417163895265,0.026556931998116883,0.0010678367466298885,0.04400949999953665,0.03391006844274275
Dew,17.89856317060575,0.999999999970828,2.91720233022205e-11,0.3676326326326326,0.6323673673673673,1168.7697979089899,36.31031243466492,0.02655721600839324,0.001071287478055564,0.044009499999533366,0.03389408835485486
Bubble,17.911144965831866,0.9840150150150151,0.015984984984984907,0.3882763490898592,0.6117236509101408,1154.002090441109,36.88474087689692,0.02637489823397093,0.0010777352057209908,0.04375380258168168,0.0342243073076763
Dew,17.955462299755695,0.9999999999706202,2.9379781859353546e-11,0.36663363363363366,0.6333663663663663,1168.7823772928746,36.41088675975741,0.026557501841769512,0.0010747615089021969,0.04400949999953004,0.033878108266966966
Dew,18.01273350038655,0.9999999999704103,2.958968396965483e-11,0.36563463463463464,0.6343653653653654,1168.7950377125533,36.512147287352654,0.026557789516470844,0.0010782590832525058,0.044009499999526684,0.033862128179079076
Dew,18.07038047268254,0.9999999999701983,2.980176072731505e-11,0.36463563563563567,0.6353643643643643,1168.8077799622738,36.614101078608925,0.026558079050544407,0.0010817804430790791,0.0440094999995233,0.033846148091191186
Dew,18.128406966560128,0.999999999969984,3.0016043803985706e-11,0.36363663663663665,0.6363633633633634,1168.8206048468069,36.71675529262168,0.02655837046227652,0.001085325833706664,0.04400949999951986,0.03383016800330331
Dew,18.186816782524783,0.9999999999697674,3.023256546183741e-11,0.3626376376376377,0.6373623623623623,1168.8335131816336,36.820117188163806,0.02655866377019683,0.0010888955038715576,0.0440094999995164,0.03381418791541542
Dew,18.304801800242988,0.9999999999693275,3.0672456556423665e-11,0.36063963963963963,0.6393603603603604,1168.8595835097178,37.0289934775609,0.026559256149757415,0.0010961086925037672,0.04400949999950936,0.033782227739639646
Dew,18.364384902645437,0.9999999999691042,3.089589363616269e-11,0.35964064064064066,0.6403593593593593,1168.8727471976838,37.13452298963608,0.026559555259905467,0.0010997527286011476,0.04400949999950579,0.033766247651751756
Dew,18.42436705223957,0.9999999999688783,3.112170452318187e-11,0.35864164164164164,0.6413583583583584,1168.8859977085015,37.240790249955474,0.026559856342874236,0.001103422074491311,0.044009499999502176,0.033750267563863866
Dew,18.484752315637035,0.9999999999686501,3.134992463982257e-11,0.35764264264264267,0.6423573573573573,1168.8993359139236,37.347803042385415,0.026560159418471983,0.0011071169968828547,0.044009499999498526,0.033734287475975976
Dew,18.545544815447677,0.9999999999684194,3.1580590084666453e-11,0.35664364364364365,0.6433563563563564,1168.9127626975383,37.45556926145654,0.026560464506775936,0.0011108377662720026,0.044009499999494835,0.03371830738808809
Dew,18.606748731249642,0.9999999999681862,3.1813737648179416e-11,0.3556446446446447,0.6443553553553554,1168.926278954968,37.56409691433824,0.026560771628136762,0.0011145846570101733,0.0440094999994911,0.0337023273002002
Bubble,18.63745669967524,0.9830160160160161,0.01698398398398393,0.37593789659979887,0.624062103400201,1153.2419826537598,38.19534320959405,0.026367155859608686,0.0011225030225694094,0.0437378224937938,0.03402694018780004
Dew,18.66836830057144,0.9999999999679506,3.204940482880805e-11,0.35464564564564566,0.6453543543543543,1168.9398855940774,37.67339412283752,0.02656108080318327,0.001118357947372458,0.04400949999948734,0.03368634721231231
Dew,18.730407819937742,0.9999999999677124,3.2287629849537735e-11,0.3536466466466467,0.6463533533533533,1168.953583535188,37.78346912553624,0.026561392052827374,0.0011221579196304093,0.044009499999483524,0.03367036712442443
Dew,18.79287170758018,0.9999999999674716,3.2528451749411606e-11,0.35264764764764767,0.6473523523523523,1168.967373724911,37.894330416590876,0.0265617053985783,0.0011259848641857982,0.04400949999947968,0.03365438703653653
Dew,18.855764259940756,0.9999999999672281,3.2771910106059287e-11,0.35164864864864864,0.6483513513513514,1168.9812570823813,38.0059862058511,0.02656202086132098,0.0011298390635403712,0.04400949999947578,0.03363840694864865
Dew,18.919089960875233,0.999999999966982,3.3018045423336654e-11,0.3506496496496497,0.6493503503503504,1168.9952345675053,38.118445104161594,0.026562338462866757,0.0011337208126593605,0.04400949999947184,0.03362242686076076
Dew,18.982853461995056,0.999999999966733,3.3266899129565996e-11,0.34965065065065065,0.6503493493493493,1169.009307176598,38.23171607919032,0.02656265822585426,0.0011376304176867328,0.04400949999946786,0.033606446772872875
Dew,19.047059317229905,0.9999999999664815,3.351851326969084e-11,0.3486516516516517,0.6513483483483483,1169.023475883778,38.34580786735821,0.026562980172417778,0.0011415681784647208,0.04400949999946383,0.03359046668498499
Dew,19.111712199399197,0.999999999966227,3.377293078736239e-11,0.34765265265265266,0.6523473473473473,1169.0377416887652,38.46072945342329,0.026563304325273308,0.0011455344028030098,0.044009499999459765,0.0335744865970971
Dew,19.176816848011775,0.9999999999659698,3.403019547999385e-11,0.3466536536536537,0.6533463463463463,1169.0521056053349,38.576489954631846,0.026563630707456223,0.0011495294030455612,0.04400949999945565,0.03355850650920921
Dew,19.242378070434153,0.9999999999657097,3.429035201933461e-11,0.34565465465465467,0.6543453453453454,1169.0665686615662,38.69309862310563,0.026563959342326922,0.0011535534961525837,0.044009499999451494,0.03354252642132133
Dew,19.308400775205815,0.9999999999654465,3.455344601368182e-11,0.3446556556556557,0.6553443443443443,1169.0811319071702,38.810564919287124,0.026564290253737327,0.0011576070059021958,0.044009499999447275,0.03352654633343344
Bubble,19.36198038538207,0.982017017017017,0.017982982982982954,0.36456169060459226,0.6354383093954078,1152.481562411535,39.507302869352635,0.026359400679232554,0.001167302213694942,0.04372184240590591,0.03384496525908012
Dew,19.374889868683393,0.9999999999651805,3.481952389631226e-11,0.3436566566566567,0.6563433433433433,1169.0957963906803,38.928898283233224,0.026564623465512586,0.001161690256081779,0.04400949999944303,0.03351056624554555
Dew,19.441850356261153,0.9999999999649114,3.508863307423354e-11,0.34265765765765765,0.6573423423423423,1169.1105631817582,39.048108358273105,0.026564959001957947,0.0011658035771654333,0.04400949999943873,0.03349458615765766
Dew,19.50928735089193,0.9999999999646392,3.536082196198796e-11,0.3416586586586587,0.6583413413413413,1169.1254333730633,39.16820500952546,0.026565296887901237,0.0011699473068830437,0.04400949999943437,0.03347860606976977
Dew,19.5574606806867,0.9817470546838182,0.01825294531618193,0.36163863863863865,0.6383613613613613,1152.2760237903385,39.86206632483576,0.02635730290149247,0.0011794136105752154,0.04371752406142783,0.033798207827527536
Dew,19.57720578384586,0.9999999999643638,3.563613962395122e-11,0.34065965965965966,0.6593403403403404,1169.1404080164502,39.28919768501617,0.026565637147243065,0.001174121771145189,0.04400949999942996,0.033462625981881884
Dew,19.645611355646114,0.9999999999640854,3.5914637047108333e-11,0.3396606606606607,0.6603393393393393,1169.1554883326198,39.41109751507539,0.026565979807720644,0.0011783273467834462,0.044009499999425515,0.033446645893993994
Dew,19.71450915935502,0.9999999999638036,3.6196365356680755e-11,0.3386616616616617,0.6613383383383383,1169.1706754075565,39.53391427227019,0.02656632489401012,0.0011825643707356055,0.044009499999421,0.033430665806106104
Dew,19.78390459171075,0.9999999999635186,3.6481377034237374e-11,0.3376626626626627,0.6623373373373374,1169.1859703934058,39.65765838318243,0.026566672432290963,0.0011868332001566738,0.04400949999941644,0.03341468571821822
Dew,19.853803129385803,0.9999999999632303,3.6769725649619117e-11,0.3366636636636637,0.6633363363363363,1169.2013744591216,39.78234043408304,0.02656702244912456,0.0011911341976664973,0.04400949999941183,0.03339870563033032
Dew,19.924210330409363,0.9999999999629385,3.7061465888205214e-11,0.33566466466466466,0.6643353353353354,1169.2168887907578,39.90797117385301,0.02656737497146089,0.0011954677314503406,0.04400949999940716,0.03338272554244244
Dew,19.99513183576504,0.9999999999626433,3.7356653579149654e-11,0.3346656656656657,0.6653343343343343,1169.2325145917998,40.03456151728784,0.026567730026645964,0.0011998341753712489,0.04400949999940244,0.033366745454554564
Dew,20.066573370870895,0.9999999999623447,3.765534572429258e-11,0.33366666666666667,0.6663333333333333,1169.2482530834748,40.16212254814005,0.026568087642428965,0.0012042339090748773,0.04400949999939767,0.033350765366666674
Bubble,20.084720301363987,0.981018018018018,0.018981981981981977,0.354043076247567,0.6459569237524331,1151.7208300431041,40.8206441485107,0.026351632686315855,0.0012121328367568072,0.04370586231801802,0.0336767084519637
Dew,20.13854074724092,0.9999999999620424,3.7957600528089604e-11,0.3326676676676677,0.6673323323323324,1169.2641055050908,40.29066552255856,0.02656844784696991,0.001208667318106529,0.04400949999939283,0.033334785278778784
Dew,20.21103986406327,0.9999999999617365,3.826347742828562e-11,0.3316686686686687,0.6683313313313313,1169.2800731143666,40.42020187234188,0.026568810668847146,0.0012131347940229399,0.044009499999387934,0.03331880519089089
Dew,20.28407670988653,0.999999999961427,3.857303712758891e-11,0.3306696696696697,0.6693303303303303,1169.2961571877763,40.55074320842626,0.026569176137065175,0.0012176367345114421,0.04400949999938299,0.033302825103003
Dew,20.35765736432627,0.9999999999611137,3.888634162633014e-11,0.3296706706706707,0.6703293293293293,1169.3123590209084,40.682301324415846,0.026569544281062847,0.0012221735435107336,0.04400949999937797,0.03328684501511512
Dew,20.431787999789233,0.9999999999607966,3.9203454255983734e-11,0.32867167167167166,0.6713283283283283,1169.3286799288162,40.81488820014874,0.02656991513072128,0.0012267456313330722,0.0440094999993729,0.03327086492722723
Dew,20.506474883276873,0.9999999999604755,3.9524439713851524e-11,0.3276726726726727,0.6723273273273274,1169.3451212463938,40.94851600543484,0.026570288716372428,0.001231353414791989,0.04400949999936777,0.03325488483933934
Dew,20.581724378196075,0.9999999999601507,3.9849364098708165e-11,0.32667367367367367,0.6733263263263263,1169.361684328747,41.08319710380677,0.026570665068807505,0.0012359973173307638,0.04400949999936257,0.03323890475145145
Dew,20.657542946219497,0.9999999999598217,4.017829494756193e-11,0.3256746746746747,0.6743253253253253,1169.3783705515818,41.21894405637692,0.02657104421928581,0.0012406777691544657,0.044009499999357306,0.03322292466356356
Dew,20.733937149224406,0.9999999999594887,4.051130127359784e-11,0.3246756756756757,0.6753243243243243,1169.3951813116028,41.35576962586466,0.02657142619954377,0.001245395207367499,0.044009499999351984,0.033206944575675676
Bubble,20.805680004206494,0.9800190190190191,0.01998098098098089,0.34429196854167676,0.6557080314583232,1150.9597857079727,42.13538236723028,0.026343851870450432,0.0012569948186817836,0.04368988223013013,0.03352072875798952
Dew,20.810913651202668,0.9999999999591516,4.084845360516149e-11,0.3236766766766767,0.6763233233233232,1169.4121180269037,41.49368678055695,0.026571811041803842,0.0012501500761095403,0.044009499999346585,0.033190964487787786
Dew,20.888479220275787,0.9999999999588102,4.118982402607958e-11,0.3226776776776777,0.6773223223223224,1169.4291821373872,41.63270869849753,0.02657219877878401,0.0012549428266987563,0.044009499999341124,0.0331749843998999
Dew,20.96664073078791,0.9999999999584646,4.153548621724573e-11,0.3216786786786787,0.6783213213213213,1169.4463751051953,41.7728487718443,0.026572589443707616,0.001259773917780513,0.044009499999335594,0.03315900431201201
Dew,21.045405165331175,0.9999999999581145,4.188551549935899e-11,0.3206796796796797,0.6793203203203203,1169.4636984151264,41.91412061107564,0.026572983070312785,0.001264643815471951,0.044009499999329994,0.03314302422412413
Dew,21.124779616920097,0.99999999995776,4.223998887714791e-11,0.3196806806806807,0.6803193193193193,1169.481153575084,42.05653804952124,0.026573379692862647,0.0012695529935167807,0.04400949999932433,0.03312704413623624
Dew,21.204771291208676,0.999999999957401,4.2598985084942566e-11,0.3186816816816817,0.6813183183183182,1169.4987421165288,42.20011514798416,0.026573779346155634,0.0012745019334432773,0.04400949999931859,0.03311106404834835
Dew,21.285387508702595,0.9999999999570374,4.296258463368412e-11,0.3176826826826827,0.6823173173173174,1169.516465594944,42.34486619934953,0.026574182065536,0.0012794911247223308,0.04400949999931277,0.033095083960460465
Dew,21.366635707082384,0.9999999999566691,4.3330869859431775e-11,0.3166836836836837,0.6833163163163163,1169.5343255903044,42.4908057334342,0.02657458788690451,0.0012845210649332405,0.044009499999306874,0.033079103872572575
Dew,21.448523443560696,0.9999999999562961,4.370392497342474e-11,0.3156846846846847,0.6843153153153153,1169.552323707562,42.637948521908754,0.026574996846729464,0.0012895922599321745,0.044009499999300906,0.033063123784684685
Bubble,21.524862632209768,0.9790200200200201,0.020979979979979912,0.33523041245995155,0.6647695875400486,1150.1984294663891,43.45152644984302,0.026336058218940205,0.0013018880005314089,0.043673902142242246,0.03337577920075063
Dew,21.531058397294483,0.9999999999559182,4.408183611378262e-11,0.3146856856856857,0.6853143143143143,1169.5704615771485,42.786309583337385,0.02657540898205814,0.0012947052240246887,0.04400949999929486,0.0330471436967968
Dew,21.61424837185315,0.9999999999555353,4.446469139879052e-11,0.3136866866866867,0.6863133133133132,1169.588740855475,42.93590418833832,0.026575824330528117,0.0012998604801423945,0.04400949999928874,0.03303116360890891
Dew,21.698101335559016,0.9999999999551474,4.485258104390291e-11,0.31268768768768773,0.6873123123123123,1169.6071632337632,43.08674794768663,0.026576242930567963,0.0013050585625323866,0.04400949999928254,0.03301518352102102
Dew,21.78262527481554,0.9999999999547544,4.524559717470792e-11,0.3116886886886887,0.6883113113113113,1169.6257304057822,43.2388564908147,0.026576664820664106,0.0013103000070419988,0.04400949999927625,0.03299920343313313
Dew,21.86782841787769,0.9999999999543562,4.5643834246184725e-11,0.3106896896896897,0.6893103103103103,1169.6444441169774,43.39224595570747,0.026577090040477213,0.001315585365975541,0.044009499999269876,0.03298322334524525
Dew,21.953719091970527,0.9999999999539526,4.604738886636882e-11,0.3096906906906907,0.6903093093093093,1169.6633061330324,43.54693267565975,0.02657751863012779,0.0013209151986325488,0.044009499999263416,0.03296724325735736
Dew,22.040305762032695,0.9999999999535436,4.645635991743362e-11,0.3086916916916917,0.6913083083083083,1169.6823182483463,43.702933263893414,0.026577950630388824,0.0013262900738926985,0.04400949999925688,0.03295126316946947
Dew,22.127597033596764,0.9999999999531292,4.68708486204235e-11,0.3076926926926927,0.6923073073073073,1169.7014822866204,43.86026461960803,0.026578386082699135,0.0013317105704227583,0.04400949999925025,0.032935283081581584
Dew,22.215601655717762,0.999999999952709,4.729095860215346e-11,0.3066936936936937,0.6933063063063063,1169.7208001014653,44.01894393413509,0.026578825029177144,0.0013371772768872943,0.04400949999924353,0.032919302993693694
Bubble,22.242271108762445,0.9780210210210211,0.021978978978978936,0.3267906171058881,0.6732093828941119,1149.4367613264585,44.769080793233734,0.026328251717876158,0.001346812168717179,0.043657922054354356,0.0332407753902875
Dew,22.30432852396553,0.9999999999522832,4.771679596428618e-11,0.30569469469469474,0.6943053053053052,1169.7402735770047,44.1789886972305,0.026579267512634598,0.0013426907921641887,0.044009499999236715,0.03290332290580581
Dew,22.393786683542842,0.9999999999518515,4.814846935481148e-11,0.3046956956956957,0.6953043043043043,1169.7599046285195,44.34041670364018,0.026579713576591207,0.001348251725569094,0.04400949999922982,0.03288734281791792
Dew,22.483985332398415,0.9999999999514139,4.858609004188563e-11,0.3036966966966967,0.6963033033033033,1169.7796952030853,44.50324605965359,0.026580163265289156,0.0013538606970801704,0.04400949999922281,0.03287136273003003
Dew,22.574933824511092,0.9999999999509702,4.9029771990223864e-11,0.3026976976976977,0.6973023023023023,1169.7996472802445,44.66749519002993,0.026580616623708316,0.0013595183375748273,0.04400949999921572,0.03285538264214215
Dew,22.666641673185843,0.9999999999505204,4.947963194002108e-11,0.3016986986986987,0.6983013013013013,1169.8197628726775,44.833182844949114,0.026581073697581562,0.0013652252890679064,0.04400949999920852,0.03283940255425426
Dew,22.75911855446158,0.9999999999500642,4.993578948862728e-11,0.30069969969969973,0.6993003003003002,1169.8400440269006,45.00032810720623,0.02658153453341059,0.0013709822049579792,0.04400949999920122,0.03282342246636637
Dew,22.852374310623944,0.9999999999496016,5.039836717508023e-11,0.2997007007007007,0.7002992992992993,1169.8604928239884,45.16895039963448,0.02658199917848233,0.0013767897502813288,0.04400949999919382,0.032807442378478484
Dew,22.946418953777034,0.9999999999491325,5.086749056747071e-11,0.29870170170170174,0.7012982982982983,1169.8811113802979,45.339069492656364,0.026582467680885433,0.001382648601970589,0.04400949999918632,0.03279146229059059
Bubble,22.95790827737185,0.977022022022022,0.02297797797797796,0.31891335954300376,0.6810866404569962,1148.674781275668,46.0880466249422,0.02632043235285646,0.0013917670766864607,0.043641941966466466,0.033114769990585845
Dew,23.04126266950381,0.9999999999486567,5.1343288353302855e-11,0.2977027027027027,0.7022972972972973,1169.9019018482163,45.51070551202798,0.026582940089527225,0.001388559449120023,0.04400949999917871,0.0327754822027027
Dew,23.13691582068968,0.9999999999481741,5.1825892433271573e-11,0.2967037037037037,0.7032962962962963,1169.9228664169473,45.683878946939444,0.026583416454151607,0.00139452299326246,0.04400949999917099,0.03275950211481481
Dew,23.233388951321345,0.9999999999476845,5.2315438017897826e-11,0.2957047047047047,0.7042952952952952,1169.944007313277,45.85861065806144,0.026583896825356428,0.0014005399486453902,0.044009499999163156,0.03274352202692692
Dew,23.33069279052593,0.9999999999471879,5.281206372804906e-11,0.2947057057057057,0.7052942942942944,1169.9653268024065,46.0349218861163,0.026584381254612405,0.0014066110425238981,0.04400949999915521,0.03272754193903904
Dew,23.428838256606216,0.9999999999466841,5.3315911698606186e-11,0.29370670670670673,0.7062932932932933,1169.986827188768,46.21283426044106,0.026584869794281707,0.0014127370154542098,0.04400949999914716,0.03271156185115115
Dew,23.527836461237925,0.9999999999461728,5.382712768610045e-11,0.2927077077077077,0.7072922922922923,1170.0085108168844,46.39236980790479,0.026585362497637446,0.001418918621598935,0.044009499999138973,0.032695581763263266
Dew,23.627698713756544,0.9999999999456541,5.43458611799963e-11,0.29170870870870874,0.7082912912912913,1170.030380072236,46.573550962022416,0.026585859418883372,0.0014251566290392197,0.044009499999130675,0.03267960167537538
Bubble,23.671776990001653,0.976023023023023,0.023976976976976982,0.31154667953049064,0.6884533204695095,1147.9124893017217,47.408422992207164,0.026312600109463145,0.0014367524599395698,0.043625961878578576,0.032996931840437685
Dew,23.728436527880895,0.9999999999451278,5.487226552273285e-11,0.2907097097097097,0.7092902902902902,1170.0524373826743,46.75640057737975,0.02658636061318602,0.0014314518202504162,0.044009499999122265,0.032663621587487486
Dew,23.830061617144032,0.9999999999445935,5.5406498011291474e-11,0.28971071071071075,0.7102892892892892,1170.0746852173436,46.94094191945102,0.026586866136650202,0.001437804991825419,0.044009499999113716,0.0326476414995996
Dew,23.93258591297763,0.9999999999440513,5.5948720047478644e-11,0.2887117117117117,0.7112882882882883,1170.0971260905685,47.12719870378795,0.026587376046407325,0.001444216955710189,0.04400949999910504,0.03263166141171172
Dew,24.036021804305232,0.9999999999435009,5.64990977432366e-11,0.2877127127127127,0.7122872872872873,1170.1197626142118,47.31519561761119,0.026587890401805085,0.0014506885552334065,0.04400949999909624,0.03261568132382383
Dew,24.14038118493469,0.9999999999429422,5.705780011628792e-11,0.28671371371371374,0.7132862862862863,1170.1425972891304,47.50495624477577,0.026588409259668884,0.0014572206015314392,0.0440094999990873,0.03259970123593594
Dew,24.245676876714622,0.999999999942375,5.762500209075906e-11,0.2857147147147147,0.7142852852852852,1170.1656328165473,47.69650616541363,0.026588932681376885,0.0014638139685979642,0.04400949999907823,0.03258372114804805
Dew,24.35192170296951,0.9999999999417991,5.8200882763608185e-11,0.28471571571571574,0.7152842842842843,1170.1888718951875,47.88987093743403,0.026589460728250535,0.0014704695314596843,0.044009499999069016,0.03256774106016016
Bubble,24.38388016338113,0.9750240240240241,0.024975975975975895,0.30464480509290964,0.6953551949070903,1147.1498854060133,48.730207478823615,0.026304754973571036,0.0014817680462553807,0.04360998179069069,0.03288652876674669
Dew,24.459128723425394,0.9999999999412144,5.878562601456605e-11,0.2837167167167167,0.7162832832832833,1170.2123172726094,48.085076608070445,0.02658999346272085,0.0014771881818937387,0.044009499999059655,0.032551760972272276
Dew,24.56731123971675,0.9999999999406206,5.93794206602349e-11,0.28271771771771775,0.7172822822822822,1170.2359717463203,48.282149725677336,0.026590530948353806,0.0014839708288314191,0.04400949999905016,0.032535780884384385
Dew,24.676482800942257,0.9999999999400175,5.998246061371236e-11,0.28171871871871873,0.7182812812812813,1170.2598381649007,48.48111735163801,0.026591073249875922,0.0014908183987664863,0.04400949999904052,0.032519800796496495
Dew,24.786657209464288,0.999999999939405,6.059494505051395e-11,0.28071971971971976,0.7192802802802802,1170.2839194291842,48.68200707280859,0.02659162043320099,0.0014977318361811909,0.04400949999903072,0.03250382070860861
Dew,24.897848569964577,0.999999999938783,6.121707867478995e-11,0.27972072072072074,0.7202792792792793,1170.3082185028784,48.88484710804664,0.02659217256567146,0.0015047121068695447,0.044009499999020776,0.032487840620720715
Dew,25.010071125922945,0.9999999999381509,6.184907152872586e-11,0.2787217217217217,0.7212782782782783,1170.3327383767314,49.089665952392124,0.026592729715244224,0.0015117601870319917,0.04400949999901066,0.03247186053283284
Bubble,25.094220813408995,0.9740250250250251,0.025974974974974918,0.29816726273332905,0.7018327372666711,1146.3869696120407,50.05339673143111,0.026296896931541282,0.001526813562751293,0.04359400170280281,0.03278291335140861
Dew,25.123339516019808,0.9999999999375089,6.249113972130769e-11,0.27772272272272275,0.7222772772772772,1170.357482124464,49.29649293461933,0.026593291951761484,0.0015188770804797974,0.04400949999900039,0.03245588044494495
Dew,25.23766861646713,0.9999999999368565,6.314350526540187e-11,0.2767237237237237,0.7232762762762763,1170.382452868209,49.5053578741329,0.026593859346165483,0.001526063808126444,0.04400949999898996,0.032439900357057065
Dew,25.353073588057548,0.9999999999361936,6.380639636525158e-11,0.27572472472472476,0.7242752752752752,1170.4076537886765,49.7162911831765,0.026594431970729502,0.0015333214111820422,0.04400949999897935,0.032423920269169175
Dew,25.46956988291638,0.9999999999355199,6.448004762433156e-11,0.27472572572572573,0.7252742742742743,1170.4330881265264,49.92932388139368,0.026595009899088997,0.0015406509516526657,0.044009499998968575,0.032407940181281285
Dew,25.587173251502104,0.9999999999348353,6.516470026130591e-11,0.27372672672672677,0.7262732732732733,1170.45875918377,50.14448761093858,0.026595593206273478,0.0015480535128581478,0.044009499998957625,0.032391960093393395
Dew,25.705899749791183,0.9999999999341393,6.586060233465082e-11,0.27272772772772774,0.7272722722722722,1170.48467032523,50.36181465199819,0.02659618196873969,0.0015555301999641156,0.04400949999894649,0.032375980005505504
Bubble,25.802802074556173,0.9730260260260261,0.02697397397397394,0.2920781362954301,0.7079218637045699,1145.6237419703427,51.37798683578452,0.026289025970335562,0.001571888740436957,0.04357802161491492,0.032685511075995335
Dew,25.825765746661062,0.999999999933432,6.6568008975935e-11,0.2717287287287287,0.7282712712712713,1170.5108249800167,50.58133793875672,0.02659677626440513,0.0015630821405292691,0.04400949999893518,0.03235999991761762
Dew,25.9467879315348,0.9999999999327128,6.728718263263323e-11,0.27072972972972975,0.7292702702702702,1170.5372266430759,50.803091075941055,0.026597376172683245,0.0015707104850722438,0.044009499998923673,0.03234401982972973
Dew,26.06898332214907,0.9999999999319816,6.801839332033154e-11,0.26973073073073073,0.7302692692692693,1170.5638788767487,51.02710835564765,0.026597981774518865,0.0015784164076488622,0.044009499998911975,0.03232803974184184
Dew,26.19236901485323,0.9999999999312381,6.876191826022255e-11,0.26873173173173176,0.7312682682682683,1170.5907852561897,51.253424215061834,0.02659859315114796,0.0015862010891277264,0.04400949999890008,0.03231205965395396
Dew,26.31696320377122,0.9999999999304819,6.951804459684549e-11,0.26773273273273274,0.7322672672672672,1170.6179495914591,51.482075449737195,0.026599210389144114,0.001594065785737973,0.04400949999888798,0.03229607956606607
Dew,26.44278370162509,0.9999999999297129,7.0287066093533e-11,0.26673373373373377,0.7332662662662662,1170.6453756048186,51.713098001205765,0.02659983357308593,0.0016020117297396988,0.044009499998875684,0.03228009947817818
Bubble,26.50962720911393,0.972027027027027,0.027972972972972965,0.28634544637849707,0.713654553621503,1144.8602025610562,52.70397358983468,0.026281142077575842,0.0016169933171795916,0.04356204152702703,0.03259381039481508
Dew,26.569848922231387,0.9999999999289307,7.106928577156771e-11,0.26573473473473475,0.7342652652652653,1170.6730671448386,51.94652909079129,0.02660046279042204,0.001610040195500402,0.04400949999886317,0.03226411939029029
Dew,26.69817765040017,0.9999999999281349,7.186501564386882e-11,0.2647357357357357,0.7352642642642643,1170.7010281360583,52.18240671989857,0.026601098130327266,0.0016181524841035128,0.04400949999885044,0.032248139302402404
Dew,26.827789051206345,0.9999999999273255,7.267457703552944e-11,0.26373673673673675,0.7362632632632633,1170.7292625808434,52.420769690207806,0.02660173968374483,0.0016263499240411457,0.04400949999883749,0.03223215921451452
Dew,26.958702679611434,0.9999999999265017,7.34983009178848e-11,0.26273773773773773,0.7372622622622622,1170.7577745613178,52.66165762465127,0.026602387543430254,0.0016346338719332013,0.044009499998824315,0.03221617912662663
Dew,27.090938490254565,0.9999999999256635,7.433652825615519e-11,0.26173873873873876,0.7382612612612612,1170.786568241319,52.90511098877982,0.026603041803995787,0.001643005713260711,0.0440094999988109,0.03220019903873875
Bubble,27.21469960966771,0.9710280280280281,0.028971971971971877,0.28094062807094766,0.7190593719290523,1144.096351494876,54.03135269814423,0.02627324524156767,0.001662127039481474,0.043546061439139146,0.03250735438068569
Dew,27.224516847641805,0.9999999999248104,7.518961037194118e-11,0.26073973973973974,0.7392602602602603,1170.815647868437,53.1511711130185,0.02660370256195672,0.0016514668631289978,0.04400949999879726,0.03218421895085085
Dew,27.35945853657004,0.9999999999239421,7.605790932090532e-11,0.25974074074074077,0.7402592592592592,1170.8450177761065,53.39988021545683,0.02660436991577896,0.001660018767049725,0.04400949999878337,0.03216823886296297
Dew,27.495784772904592,0.9999999999230582,7.69417982864364e-11,0.25874174174174175,0.7412582582582583,1170.8746823857514,53.651281425434114,0.026605043965927718,0.0016686629017500136,0.044009499998769235,0.03215225877507508
Dew,27.63351721465895,0.9999999999221584,7.78416619900539e-11,0.2577427427427428,0.7422572572572572,1170.904646208998,53.90541880780947,0.02660572481491783,0.0016774007760052719,0.04400949999875485,0.032136278687187186
Dew,27.772677973413376,0.9999999999212421,7.875789711952631e-11,0.25674374374374376,0.7432562562562562,1170.9349138499572,54.162337387998114,0.026606412567365602,0.001686233931498372,0.04400949999874018,0.0321202985992993
Dew,27.913289626063644,0.9999999999203091,7.969091277524002e-11,0.25574474474474473,0.7442552552552553,1170.9654900075654,54.42208317775639,0.026607107330041985,0.0016951639437047129,0.044009499998725256,0.03210431851141141
Bubble,27.918022796992553,0.9700290290290291,0.0299709709709709,0.2758380893470817,0.7241619106529182,1143.332188912921,55.36011990867397,0.026265335451298357,0.0017072896634332745,0.043530081351251255,0.03242573366100485
Dew,28.055375226990094,0.9999999999193588,8.064113093612733e-11,0.25474574574574577,0.7452542542542542,1170.9963794780083,54.684703201913656,0.02660780921192767,0.0017041924228094357,0.04400949999871006,0.03208833842352352
Dew,28.198958320499585,0.9999999999183911,8.160898694563192e-11,0.25374674674674674,0.7462532532532533,1171.027587157194,54.950245525732804,0.026608518324269286,0.0017133210146469807,0.04400949999869458,0.03207235833563564
Dew,28.344062953721206,0.9999999999174051,8.259493001920014e-11,0.2527477477477478,0.7472522522522522,1171.0591180433287,55.218759283293934,0.02660923478063792,0.0017225514016753769,0.04400949999867881,0.03205637824774774
Dew,28.490713689872056,0.9999999999164005,8.359942377386897e-11,0.25174874874874875,0.7482512512512512,1171.0909772395398,55.49029470672235,0.0266099586969887,0.0017318853039797887,0.04400949999866274,0.03204039815985986
Bubble,28.619600415137132,0.9690300300300301,0.030969969969969924,0.27101483599855347,0.7289851640014466,1142.5677149859196,56.69027110701502,0.026257412696419465,0.001752480955092121,0.043514101263363365,0.03234858041811647
Dew,28.63893562193397,0.999999999915377,8.462294678159386e-11,0.25074974974974973,0.7492502502502503,1171.1231699566042,55.7649031563509,0.02661069019172282,0.0017413244803082554,0.04400949999864636,0.03202441807197197
Dew,28.78875464498463,0.999999999914334,8.566599390838606e-11,0.24975075075075076,0.7502492492492492,1171.155701571803,56.04263771183655,0.026611429387024828,0.0017508707466357232,0.04400949999862968,0.032008437984084086
Dew,28.940196464758504,0.9999999999132709,8.672907396087149e-11,0.24875175175175177,0.7512482482482482,1171.188577413382,56.32355102274928,0.026612176403965095,0.0017605259091220359,0.04400949999861267,0.0319924578961962
Dew,29.09328808428938,0.9999999999121872,8.781271463129122e-11,0.24775275275275277,0.7522472472472472,1171.2218030830816,56.60769853314148,0.026612931369828414,0.0017702918649293309,0.044009499998595346,0.03197647780830831
Dew,29.248056861417105,0.9999999999110826,8.89174603558662e-11,0.24675375375375377,0.7532462462462463,1171.2553842511636,56.895136438354115,0.026613694413456575,0.0017801705385208154,0.044009499998577666,0.03196049772042042
Bubble,29.319436224706884,0.968031031031031,0.03196896896896895,0.2664501517270372,0.7335498482729628,1141.8029299129382,58.02180237927234,0.026249476967218854,0.001797700690464309,0.043498121175475475,0.032275563272040855
Dew,29.40453075882816,0.9999999999099561,9.00438736872024e-11,0.24575475475475478,0.7542452452452453,1171.2893267104146,57.18592222802207,0.02661446566647539,0.0017901638987274453,0.04400949999855965,0.03194451763253254
Dew,29.56273836047885,0.9999999999088075,9.119253601531862e-11,0.24475575575575576,0.7552442442442442,1171.323636379385,57.48011472251139,0.02661524526336835,0.001800273960000166,0.04400949999854128,0.03192853754464464
Dew,29.722708888527478,0.999999999907636,9.236404832179086e-11,0.24375675675675676,0.7562432432432432,1171.3583193057266,57.77777411052422,0.02661603334155241,0.0018105027837025042,0.04400949999852254,0.03191255745675676
Dew,29.884472220881634,0.999999999906441,9.355903196924327e-11,0.24275775775775776,0.7572422422422422,1171.3933816696647,58.078961988104865,0.026616830041456936,0.0018208524794509787,0.04400949999850342,0.031896577368868875
Bubble,30.017534095169715,0.967032032032032,0.03296796796796797,0.26212532967458657,0.7378746703254134,1141.0378339198587,59.35471139303158,0.02624152825458679,0.0018429486918421962,0.043482141087587585,0.032206382986007656
Dew,30.04805890919441,0.9999999999052219,9.477812952709111e-11,0.24175875875875877,0.7582412412412413,1171.4288297875355,58.38374139868999,0.026617635506604023,0.0018313252064922887,0.04400949999848393,0.03188059728098098
Dew,30.213500197509298,0.999999999903978,9.602200563643169e-11,0.24075975975975977,0.7592402402402403,1171.4646701154627,58.692176874640445,0.026618449883692115,0.0018419231751311432,0.04400949999846402,0.031864617193093095
Dew,30.380828041488645,0.9999999999027086,9.729134791542581e-11,0.23976076076076078,0.7602392392392392,1171.5009092531334,59.0043344801166,0.0266192733226817,0.0018526486482045785,0.044009499998443724,0.031848637105205205
Dew,30.55007512820707,0.9999999999014131,9.858686790769501e-11,0.23876176176176178,0.7612382382382382,1171.5375539476934,59.32028185526198,0.02662010597688393,0.0018635039426018098,0.044009499998423,0.031832657017317315
Bubble,30.713897996675858,0.9660330330330331,0.03396696696696688,0.2580234152715822,0.7419765847284179,1140.2724272577182,60.68899216840551,0.02623356654997887,0.001888224684046553,0.0434661609996997,0.032140768353025755
Dew,30.721274896634185,0.9999999999000907,9.990930207597171e-11,0.23776276276276279,0.7622372372372372,1171.5746110977682,59.640088261968216,0.0266209480030519,0.0018744914308383663,0.04400949999840184,0.03181667692942943
Dew,30.894461558733973,0.9999999998987406,1.0125941284319274e-10,0.2367637637637638,0.7632362362362362,1171.6120877575916,59.96382463106885,0.026621799561474504,0.0018856135426799062,0.04400949999838025,0.03180069684154154
Dew,31.069669845907097,0.999999999897362,1.0263798873423576e-10,0.23576476476476477,0.7642352352352353,1171.6499910817242,60.29156301390819,0.026622660814720308,0.0018968727480315728,0.044009499998358195,0.03178471675365366
Dew,31.246936095926184,0.9999999998959541,1.0404584917939435e-10,0.23476576576576577,0.7652342342342342,1171.6883285597146,60.62337894144936,0.026623531932969586,0.001908271631297746,0.04400949999833567,0.03176873666576577
Bubble,31.40853199179487,0.9650340340340341,0.034965965965965906,0.25412903511590096,0.745870964884099,1139.5067102009893,62.02464280303283,0.026225591845377504,0.0019335285041866828,0.04345018091181182,0.03207847345861747
Dew,31.426296736227457,0.9999999998945162,1.0548384043744095e-10,0.23376676676676678,0.7662332332332332,1171.727107687492,60.95934813643014,0.026624413086547585,0.0019198127881249994,0.044009499998312676,0.03175275657787788
Dew,31.6077892788708,0.9999999998930471,1.0695284017053722e-10,0.23276776776776778,0.7672322322322322,1171.7663361821267,61.29954867313662,0.026625304450804438,0.0019314988934831154,0.044009499998289174,0.031736776489989994
Dew,31.791452149114164,0.9999999998915462,1.0845375810138606e-10,0.23176876876876878,0.7682312312312312,1171.8060219442057,61.6440606075852,0.026626206205260176,0.0019433326902063568,0.044009499998265166,0.031720796402102104
Dew,31.977324718635245,0.9999999998900124,1.0998753743330371e-10,0.2307697697697698,0.7692302302302302,1171.8461730644585,61.99296605168824,0.026627118533755337,0.0019553169915037466,0.04400949999824063,0.031704816314214214
Bubble,32.10144022737516,0.9640350350350351,0.03596496496496493,0.250428199985678,0.7495718000143219,1138.7406830458858,63.36166043563204,0.02621760413325385,0.0019788599637596415,0.04343420082392393,0.032019274529790906
Dew,32.165447182353944,0.9999999998884448,1.1155515575952294e-10,0.2297707707707708,0.7702292292292292,1171.8867977965851,62.346348908181746,0.026628041623833525,0.0019674546727716648,0.04400949999821555,0.03168883622632633
Dew,32.35586079819858,0.9999999998868424,1.1315762736298868e-10,0.22877177177177177,0.7712282282282282,1171.9279046084685,62.70429539315054,0.026628975667905088,0.0019797486882482973,0.04400949999818992,0.03167285613843844
Dew,32.548607854310276,0.999999999885204,1.1479600461264945e-10,0.22777277277277277,0.7722272272272273,1171.9695021744517,63.06689396739332,0.026629920863071654,0.001992202069044539,0.04400949999816371,0.03165687605055055
Dew,32.743731585163445,0.9999999998835286,1.1647137922611557e-10,0.22677377377377378,0.7732262262262262,1172.0115993566003,63.43423515697796,0.02663087741070032,0.0020048179176668235,0.044009499998136914,0.03164089596266266
Bubble,32.7926269266558,0.963036036036036,0.03696396396396395,0.24690815725923992,0.7530918427407601,1137.9743461086894,64.700042475448,0.026209603406530183,0.002024218881584716,0.04341822073603603,0.03196296757433453
Dew,32.94127658683297,0.9999999998818151,1.1818488552344258e-10,0.22577477477477478,0.7742252252252252,1172.0542052936166,63.80641245739151,0.026631845518444063,0.0020175994367873057,0.044009499998109505,0.03162491587477478
Dew,33.14128752043181,0.9999999998800623,1.1993769714221412e-10,0.2247757757757758,0.7752242242242242,1172.0973291205416,64.18351952173187,0.026632825393872635,0.0020305498405409363,0.044009499998081465,0.03160893578688689
Dew,33.34381157435351,0.9999999998782689,1.217310384346141e-10,0.2237767767767768,0.7762232232232232,1172.1409804990155,64.56565550906168,0.026633817256521374,0.0020436725238438956,0.04400949999805278,0.031592955698999
Bubble,33.48209638179626,0.9620370370370371,0.037962962962962865,0.2435572577886848,0.7564427422113152,1137.2076997241647,66.03978659304451,0.02620158965854419,0.0020696050831258963,0.04340224064814815,0.03190936625131358
Dew,33.54889650769938,0.9999999998764338,1.2356617885052005e-10,0.2227777777777778,0.7772222222222223,1172.185169194528,64.95292084036707,0.02663482132828534,0.0020569709284479995,0.04400949999802343,0.03157697561111111
Dew,33.75659065896377,0.9999999998745556,1.2544443486443837e-10,0.2217787787787788,0.7782212212212212,1172.2299050777146,65.34541721993598,0.026635837833448747,0.0020704485437366346,0.04400949999799338,0.03156099552322323
Dew,33.96694440055437,0.9999999998726328,1.273671779775106e-10,0.2207797797797798,0.7792202202202202,1172.2751984369029,65.74325079783328,0.026636867005786755,0.002084109007098173,0.04400949999796263,0.03154501543533534
Bubble,34.16985294679932,0.9610380380380381,0.03896196196196189,0.2403648395511374,0.7596351604488625,1136.4407442440395,67.38089070805448,0.02619356288301473,0.002115018399821172,0.04338626056026027,0.03185830000994395
Dew,34.18000898222003,0.9999999998706641,1.2933583233708136e-10,0.21978078078078078,0.7802192192192192,1172.3210597280631,66.14652966193665,0.026637909082883778,0.002097956024756456,0.04400949999793113,0.03152903534744745
Dew,34.39583702560726,0.9999999998686481,1.3135187911287947e-10,0.2187817817817818,0.7812182182182182,1172.3674996804682,66.55536491598309,0.026638964308534293,0.0021119934061548467,0.044009499997898875,0.03151305525955956
Dew,34.6144825902328,0.9999999998665832,1.3341685930600166e-10,0.2177827827827828,0.7822172172172173,1172.4145293099289,66.96987082723079,0.0266400329330436,0.002126225068906182,0.04400949999786586,0.031497075171671676
Dew,34.836000708950806,0.9999999998644676,1.3553237439763475e-10,0.2167837837837838,0.7832162162162162,1172.462159817926,67.39016382105238,0.026641115210935904,0.0021406550071304763,0.04400949999783201,0.031481095083783786
Bubble,34.855901030889584,0.9600390390390391,0.03996096096096091,0.23732112566907454,0.7626788743309254,1135.6734800355848,68.72335297494894,0.026185523074009828,0.002160458668429472,0.04337028047237238,0.03180961245831508
Dew,35.06044858855367,0.9999999998622999,1.3770009431732035e-10,0.2157847847847848,0.7842152152152152,1172.5104028487938,67.8163650953692,0.02664221140679802,0.0021552873747391274,0.04400949999779734,0.031465114995895896
Dew,35.287884762549346,0.9999999998600783,1.3992175681371303e-10,0.2147857857857858,0.7852142142142142,1172.5592703063603,68.24859878436945,0.026643321791113127,0.002170126427451938,0.044009499997761804,0.031449134908008006
Dew,35.518368014208804,0.9999999998578009,1.4219916565014216e-10,0.2137867867867868,0.7862132132132131,1172.6087741216468,68.68698962033572,0.02664444663498229,0.002185176448670361,0.04400949999772537,0.03143315482012012
Bubble,35.54024509235798,0.9590400400400401,0.040959959959959935,0.23441713477734102,0.7655828652226591,1134.905907480284,70.06717176760061,0.02617747022591652,0.002205925730401877,0.04335430038448449,0.03176315992961183
Dew,35.751960026907874,0.9999999998554658,1.4453420566314983e-10,0.21278778778778779,0.7872122122122123,1172.658926821166,69.1316687029185,0.026645586223037532,0.002200441933182278,0.044009499997688016,0.03141717473223223
Dew,35.98872365697169,0.9999999998530712,1.4692883859918163e-10,0.2117887887887888,0.7882112112112112,1172.7097411545753,69.58276974871505,0.02664674084498126,0.0022159274682642554,0.04400949999764971,0.03140119464434434
Bubble,36.22288963281941,0.958041041041041,0.04195895895895896,0.23164460203249304,0.7683553979675071,1134.138026972585,71.41234566322163,0.026169404333412756,0.002251419431281453,0.0433383202965966,0.031718810218571966
Dew,36.22872340428805,0.9999999998506149,1.4938510885975274e-10,0.2107897897897898,0.7892102102102102,1172.7612301945553,70.04043012044085,0.026647910797855747,0.0022316377667086036,0.044009499997610425,0.03138521455645646
Dew,36.472025462667624,0.9999999998480948,1.5190514760514478e-10,0.2097907907907908,0.7902092092092092,1172.8134073463164,70.50479094251503,0.02664909638625912,0.0022475776708277533,0.04400949999757011,0.03136923446856857
Dew,36.71869777209692,0.9999999998455088,1.544911770913074e-10,0.2087917917917918,0.7912082082082081,1172.8662863574505,70.97599722104822,0.02665029792256922,0.0022637521566112886,0.04400949999752875,0.03135325438068068
Bubble,36.903839191928135,0.9570420420420421,0.04295795795795787,0.2289959093230746,0.7710040906769255,1133.3698389187493,72.75887342608186,0.026161325391441292,0.0022969396201335496,0.04332234020870871,0.031676441465122836
Dew,36.96881007255879,0.9999999998428545,1.5714551525299275e-10,0.2077927927927928,0.7922072072072072,1172.9198813280489,71.45419796753367,0.026651515727173523,0.002280166338013875,0.04400949999748629,0.03133727429279279
Dew,37.22243132421473,0.9999999998401294,1.598705674578267e-10,0.2067937937937938,0.7932062062062062,1172.974206156757,71.9395405829716,0.026652750115882164,0.0022968252880082424,0.0440094999974427,0.031321294204904905
Dew,37.47963967008854,0.9999999998373311,1.626688806140099e-10,0.20579479479479482,0.7942052052052052,1173.0292766730554,72.43219257581386,0.026654001448378435,0.0023137347322268517,0.044009499997397936,0.03130531411701702
Bubble,37.58309834250039,0.9560430430430431,0.043956956956956894,0.22646402345774708,0.7735359765422529,1132.6013437357929,74.10675399132344,0.026153233395185778,0.0023424861490079175,0.04330636012082083,0.03163594116563247
Dew,37.740508427882546,0.9999999998344569,1.6554307926362725e-10,0.20479579579579582,0.7952042042042042,1173.0851076350302,72.93231104446848,0.026655270060001013,0.00233090007529631,0.04400949999735195,0.03128933402912913
Dew,38.005115069187624,0.9999999998315041,1.6849591513629596e-10,0.2037967967967968,0.7962032032032031,1173.1417146512265,73.44006224998108,0.026656556305412995,0.002348327025875314,0.044009499997304725,0.03127335394124124
Bubble,38.260671685970664,0.9550440440440441,0.04495595595595592,0.22404244129008982,0.7759575587099102,1131.8325418504749,75.45598644906403,0.026145128340047813,0.002388058872431885,0.04329038003293294,0.03159720529512041
Dew,38.27353915175679,0.9999999998284698,1.7153026277603907e-10,0.2027977977977978,0.7972022022022022,1173.1991137358857,73.95561711874002,0.02665786054849589,0.00236602145355234,0.04400949999725619,0.03125737385335336
Dew,38.545865397760046,0.9999999998253508,1.7464914199693754e-10,0.2017987987987988,0.7982012012012012,1173.2573219649257,74.47915796992864,0.026659183177254995,0.0023839896045949973,0.04400949999720629,0.031241393765465468
Dew,38.8221725565124,0.9999999998221444,1.778556653778628e-10,0.2007997997997998,0.7992002002002002,1173.3163550936442,75.01085421519811,0.026660524549687984,0.0024022373246911405,0.044009499997155005,0.031225413677577578
Bubble,38.93656384827208,0.9540450450450451,0.04595495495495494,0.22172514089087775,0.7782748591091223,1131.063433698407,76.80657002896103,0.026137010221626757,0.0024336576469347793,0.04327439994504505,0.03156013752620457
Dew,39.10254924728817,0.9999999998188469,1.811531286915001e-10,0.19980080080080082,0.8001991991991992,1173.3762309411627,75.55089694339514,0.026661885070687504,0.0024207711660731335,0.04400949999710226,0.031209433589689695
Dew,39.38708410201778,0.9999999998154551,1.845449663332533e-10,0.19880180180180182,0.8011981981981982,1173.4369672810622,76.09947741796924,0.026663265144111433,0.002439597699997327,0.044009499997048,0.0311934535018018
Bubble,39.610779475987655,0.9530460460460461,0.04695395395395385,0.2195065380063695,0.7804934619936305,1130.2940197231899,78.15850408531075,0.02612887903570018,0.002479282330601625,0.04325841985715716,0.031524648532603686
Dew,39.67586481757676,0.9999999998119653,1.8803475280120722e-10,0.19780280280280282,0.8021971971971972,1173.4985816381595,76.65678500493331,0.026664665168165097,0.0024587234503333053,0.044009499996992184,0.031177473413913914
Dew,39.96899117308989,0.9999999998083737,1.9162628377579072e-10,0.1968038038038038,0.8031961961961962,1173.5610940633342,77.2230356354716,0.026666085598451992,0.0024781558068327574,0.04400949999693473,0.031161493326026028
Dew,40.26655582706026,0.9999999998046766,1.9532347753968196e-10,0.1958048048048048,0.8041951951951952,1173.6245230339998,77.79842984433452,0.02666752685482271,0.0024979016800747143,0.04400949999687559,0.031145513238138137
Bubble,40.28332323284313,0.9520470470470471,0.047952952952952876,0.21738144714838334,0.7826185528516167,1129.5243003756443,79.51178808275671,0.026120734778206325,0.002524932782655282,0.043242439769269274,0.03149065536673026
Dew,40.5686579465845,0.9999999998008695,1.9913046024915825e-10,0.1948058058058058,0.8051941941941942,1173.6888883596114,78.38318256734765,0.026668989387395006,0.0025179684574459325,0.04400949999681469,0.031129533150250254
Dew,40.87540176182983,0.9999999997969484,2.0305156868708893e-10,0.19380680680680681,0.8061931931931932,1173.7542108693306,78.97752000278159,0.026670473669456754,0.0025383639034887214,0.04400949999675197,0.031113553062362364
Bubble,40.954199796450474,0.9510480480480481,0.0489519519519519,0.21534504675277494,0.7846549532472251,1128.7542761130778,80.86642158263443,0.026112577445227554,0.002570608863065212,0.043226459681381384,0.03145808090236207
Dew,41.18688716911425,0.9999999997929087,2.0709130494360004e-10,0.19280780780780782,0.8071921921921922,1173.8205104084093,79.58165904737439,0.026671980151939112,0.0025590954995972403,0.044009499996687344,0.031097572974474474
Dew,41.503223492917854,0.9999999997887455,2.112544286859149e-10,0.19180880880880882,0.8081911911911912,1173.8878087661476,80.19583743201275,0.026673509329946582,0.0025801714128564387,0.04400949999662075,0.03108159288658659
Bubble,41.62341385534799,0.9500490490490491,0.04995095095095092,0.21339284791962324,0.7866071520803767,1127.983947398631,82.22240422997052,0.02610440703297539,0.0026163104321815013,0.043210479593493493,0.03142685333460709
Dew,41.824517774332186,0.9999999997844541,2.1554589900006262e-10,0.19080980980980983,0.8091901901901901,1173.9561271797638,80.82028808460292,0.026675061686039073,0.0026015996725481747,0.044009499996552105,0.0310656127986987
Dew,42.150888723473976,0.9999999997800291,2.1997097249014092e-10,0.18981081081081083,0.8101891891891891,1174.0254892985938,81.4552697189858,0.02667663775758553,0.002623389154958501,0.04400949999648132,0.031049632710810814
Bubble,42.290970106227235,0.94905005005005,0.050949949949949946,0.21152066631380684,0.7884793336861932,1127.2133147006466,83.5797357411297,0.02609622353777618,0.002662037350392285,0.04319449950560561,0.03139690573042229
Dew,42.482453786154046,0.9999999997754648,2.2453513781094886e-10,0.18881181181181184,0.8111881881881882,1174.0959184295507,82.10103850468133,0.026678238074174222,0.002645548672670184,0.04400949999640832,0.031033652622922923
Dew,42.819327780844304,0.9999999997707559,2.2924411906679572e-10,0.1878128128128128,0.8121871871871872,1174.1674372468203,82.75784506064768,0.02667986315101639,0.0026680868774783526,0.04400949999633299,0.031017672535035037
Bubble,42.95687325142478,0.9480510510510511,0.05194894894894886,0.2097245968601373,0.7902754031398627,1126.4423784921084,84.93841589210574,0.026088026956058347,0.0027077894778033272,0.04317851941771771,0.03136817562383445
Dew,43.16163273898987,0.999999999765896,2.3410395291102054e-10,0.18681381381381382,0.8131861861861862,1174.2400698790464,83.42595604939031,0.026681513536371965,0.002691012956522229,0.04400949999625525,0.03100169244714715
Dew,43.50950361973335,0.9999999997608789,2.3912104454249266e-10,0.18581481481481482,0.8141851851851851,1174.3138431149941,84.10566676680783,0.02668318983894517,0.0027143370399769127,0.044009499996175,0.03098571235925926
Bubble,43.621127996564404,0.9470520520520521,0.05294794794794788,0.20800099091481156,0.7919990090851885,1125.6711392501065,86.29844450743053,0.026079817284340123,0.002753566673937914,0.04316253932982984,0.03134060465077242
Dew,43.86306436704214,0.999999999755698,2.443020274234102e-10,0.18481581581581583,0.8151841841841841,1174.3887813206559,84.79724855115438,0.026684892612389082,0.0027380685053432488,0.04400949999609212,0.03096973227137137
Bubble,44.28373904842481,0.9460530530530531,0.053946946946946905,0.20634643563551283,0.7936535643644872,1124.8995974553488,87.65982144967379,0.026071594519218474,0.0027993687974555846,0.04314655924194195,0.031314138219069226
Bubble,44.944711112934755,0.9450540540540541,0.05494594594594593,0.20475773530760644,0.7952422646923936,1124.1277535917025,89.022546609535,0.026063358657358537,0.0028451957058890642,0.043130579154054056,0.031288725209754
Bubble,45.60404889334498,0.9440550550550552,0.05594494494494484,0.2032318944136897,0.7967681055863103,1123.355608145775,90.38661989645804,0.026055109695484083,0.0028910472553969877,0.043114599066166166,0.03126431770623082
Bubble,46.261757088525606,0.9430560560560561,0.056943943943943864,0.20176610225997452,0.7982338977400255,1122.5831616065116,91.7520412297724,0.026046847630368245,0.002936923300532097,0.04309861897827828,0.031240870748360784
Bubble,46.91784039138789,0.9420570570570571,0.05794294294294289,0.20035771899524257,0.7996422810047575,1121.810414464834,93.11881053031783,0.026038572458825276,0.0029828236940234536,0.04308263889039039,0.031218342108819803
Bubble,47.572303487434205,0.9410580580580581,0.05894194194194191,0.1990042628776817,0.8009957371223183,1121.0373672132969,94.48692771252823,0.02603028417770259,0.003028748286571684,0.0430666588025025,0.031196692089417687
Bubble,48.225151053386796,0.9400590590590591,0.059940940940940934,0.19770339866176034,0.8022966013382397,1120.2640203457595,95.856392676951,0.026021982783873233,0.003074696926656495,0.04305067871461462,0.031175883335333384
Bubble,48.87638775595573,0.9390600600600602,0.06093993993993985,0.19645292699204728,0.8035470730079527,1119.4903743570949,97.22720530316606,0.02601366827422917,0.0031206694603552586,0.043034698626726736,0.031155880665457488
Bubble,49.52601825065324,0.9380610610610611,0.06193893893893887,0.19525077470373664,0.8047492252962634,1118.7164297428965,98.59936544308935,0.026005340645674488,0.003166665731172166,0.043018718538838846,0.03113665091723844
Bubble,50.174047180698125,0.9370620620620621,0.0629379379379379,0.1940949859408217,0.8059050140591782,1117.9421869992234,99.97287291463675,0.02599699989511951,0.0032126855798772537,0.04300273845095095,0.031118162804607975
Bubble,50.820479176028556,0.9360630630630631,0.06393693693693692,0.19298371401277684,0.8070162859872233,1117.1676466223435,101.34772749571577,0.025988646019474794,0.0032587288443542335,0.04298675836306306,0.031100386787719786
Bubble,51.46531885233386,0.9350640640640641,0.06493593593593594,0.19191521391913807,0.8080847860808619,1116.3928091085024,102.72392891854116,0.02598027901564581,0.0033047953594571426,0.042970778275175175,0.031083294953371924
Bubble,52.10857081017706,0.9340650650650651,0.06593493493493485,0.19088783547906416,0.8091121645209357,1115.6176749536955,104.10147686423683,0.025971898880527595,0.0033508849568745776,0.04295479818728729,0.031066860905106658
Bubble,52.750239634177724,0.9330660660660661,0.06693393393393388,0.18990001700955889,0.8100999829904411,1114.8422446534641,105.48037095773135,0.02596350561099998,0.0033969974650019134,0.04293881809939941,0.0310510596620866
Bubble,53.39032989222842,0.9320670670670671,0.0679329329329329,0.18895027950198506,0.8110497204980148,1114.0665187026914,106.86061076288807,0.025955099203922832,0.0034431327088196278,0.04292283801151152,0.0310358675659417
Bubble,54.028846134773396,0.9310680680680681,0.06893193193193192,0.18803722125170766,0.8119627787482923,1113.2904975954134,108.24219577790807,0.025946679656131583,0.003489290509779048,0.04290685792362363,0.03102126219486444
Bubble,54.665792894152396,0.9300690690690692,0.06993093093093083,0.18715951290027608,0.8128404870997239,1112.514181824644,109.62512543094554,0.02593824696443311,0.0035354706856936978,0.042890877835735745,0.031007222284304106
Bubble,55.30117468391769,0.9290700700700701,0.07092992992992986,0.1863158928537191,0.8136841071462808,1111.737571882195,111.00939907595516,0.025929801125601507,0.0035816730506368763,0.042874897747847855,0.030993727653677375
Bubble,55.93499599828513,0.9280710710710711,0.07192892892892888,0.18550516304408524,0.8144948369559148,1110.960668258517,112.39501598872556,0.025921342136374304,0.00362789741484415,0.042858917659959965,0.030980759138569496
Bubble,56.56726131153971,0.9270720720720721,0.0729279279279279,0.18472618500463994,0.81527381499536,1110.1834714425456,113.7819753631256,0.025912869993448776,0.003674143584621651,0.042842937572072075,0.030968298527952718
Bubble,57.197975077518386,0.9260730730730731,0.07392692692692693,0.1839778762320083,0.8160221237679917,1109.4059819215452,115.17027630752938,0.02590438469347826,0.003720411362259131,0.04282695748418419,0.030956328505994828
Bubble,57.82714172911366,0.9250740740740742,0.07492592592592584,0.18325920681107466,0.8167407931889253,1108.6282001809684,116.5599178414015,0.025895886233068786,0.0037667005459473333,0.0428109773962963,0.030944832598070633
Bubble,58.45476567779575,0.9240750750750751,0.07592492492492486,0.18256919628081764,0.8174308037191824,1107.850126704319,117.95089889206803,0.025887374608775764,0.0038130109297004684,0.04279499730840841,0.03093379512062759
Bubble,59.08085131316865,0.9230760760760761,0.07692392392392389,0.1819069107212405,0.8180930892787597,1107.071761973016,119.34321829162322,0.02587884981710072,0.003859342303282312,0.04277901722052052,0.03092320113458804
Bubble,59.70540300255109,0.9220770770770771,0.07792292292292291,0.18127146004344075,0.8187285399565593,1106.2931064662669,120.73687477400503,0.025870311854488237,0.003905694452137034,0.04276303713263264,0.030913036402000885
Bubble,60.328425090593505,0.9210780780780782,0.07892192192192182,0.1806619954664864,0.8193380045335135,1105.5141606609461,122.13186697219135,0.025861760717323025,0.003952067157323265,0.04274705704474475,0.030903287345681464
Bubble,60.94992189888113,0.9200790790790792,0.07992092092092085,0.18007770716627003,0.81992229283373,1104.7349250314694,123.52819341554599,0.025853196401926813,0.003998460195452382,0.04273107695685686,0.030893941011602373
Bubble,61.56989772559335,0.9190800800800801,0.08091991991991987,0.17951782208281022,0.8204821779171898,1103.9554000496846,124.92585252728858,0.02584461890455573,0.0040448733386302645,0.04271509686896897,0.030884985033818844
Bubble,62.18835684515617,0.9180810810810811,0.08191891891891889,0.17898160187370682,0.8210183981262933,1103.1755861847566,126.32484262208925,0.025836028221397456,0.004091306354402547,0.042699116781081084,0.030876407601732006
Bubble,62.805303507939165,0.9170820820820821,0.08291791791791792,0.17846834100250678,0.8215316589974934,1102.3954839030557,127.72516190377361,0.0258274243485685,0.004137759005702985,0.0426831366931932,0.030868197429510205
Bubble,63.420741939931716,0.9160830830830832,0.08391691691691683,0.17797736495172004,0.8220226350482799,1101.615093668056,129.1268084631492,0.025818807282111677,0.004184231050805349,0.04266715660530531,0.030860343727504208
Bubble,64.03467634247488,0.9150840840840841,0.08491591591591585,0.17750802855112846,0.8224919714488717,1100.8344159402297,130.52978027594105,0.025810177017993468,0.004230722243278411,0.04265117651741742,0.030852836175506708
Bubble,64.6471108919812,0.9140850850850851,0.08591491491491487,0.17705971441277593,0.822940285587224,1100.0534511769483,131.93407520082263,0.025801533552101595,0.004277232331943748,0.04263519642952953,0.0308456648977182
Bubble,65.25804973966754,0.9130860860860861,0.0869139139139139,0.1766318314648172,0.8233681685351828,1099.2721998323836,133.33969097755434,0.025792876880242534,0.004323761060836649,0.04261921634164165,0.030838820439294368
Bubble,65.86749701131895,0.9120870870870871,0.08791291291291292,0.17622381357699823,0.8237761864230018,1098.4906623574093,134.74662522521902,0.025784206998139058,0.004370308169169925,0.04260323625375376,0.03083229374435902
Bubble,66.4754568070506,0.9110880880880882,0.08891191191191183,0.17583511827115597,0.824164881728844,1097.7088391995128,136.15487544053997,0.025775523901428007,0.004416873391300141,0.04258725616586587,0.030826076135377235
Bubble,67.08193320108136,0.9100890890890891,0.08991091091091086,0.17546522551068852,0.8245347744893115,1096.9267308026972,137.56443899630028,0.025766827585657806,0.0044634564566968845,0.042571276077977976,0.030820159293791526
Bubble,67.68693024153646,0.9090900900900901,0.09090990990990988,0.17511363656338605,0.8248863634366139,1096.1443376073998,138.97531313986056,0.025758118046286423,0.004510057089915078,0.04255529599009009,0.03081453524183158
Bubble,68.29045195022128,0.9080910910910911,0.0919089089089089,0.17477987293249833,0.8252201270675016,1095.3616600503972,140.3874949917128,0.025749395278678935,0.0045566750105682724,0.0425393159022022,0.030809196325415535
Bubble,68.8925023224458,0.9070920920920922,0.09290790790790782,0.17446347535133142,0.8255365246486687,1094.5786985647178,141.80098154417755,0.025740659278105312,0.004603309933306414,0.04252333581431432,0.030804135198067434
Bubble,69.4930853268398,0.9060930930930932,0.09390690690690684,0.17416400283697023,0.8258359971630297,1093.795453579562,143.21576966014166,0.02573191003973836,0.004649961567794869,0.04250735572642643,0.03079934480578046
Bubble,70.09220490517743,0.9050940940940941,0.09490590590590586,0.17388103179914052,0.8261189682008595,1093.0119255202187,144.63185607187012,0.02572314755865155,0.004696629618695716,0.04249137563853854,0.030794818372762232
Bubble,70.68986497220565,0.9040950950950951,0.09590490490490489,0.17361415520049514,0.8263858447995048,1092.228114807978,146.04923737991203,0.025714371829816823,0.004743313785652011,0.042475395550650656,0.03079054938800264
Bubble,71.28606941549694,0.9030960960960961,0.09690390390390391,0.17336298176488688,0.826637018235113,1091.4440218600541,147.4679100520735,0.025705582848102534,0.004790013763274166,0.042459415462762766,0.030786531592609308
Bubble,71.88082209528847,0.9020970970970972,0.09790290290290282,0.1731271352304554,0.8268728647695447,1090.6596470895054,148.88787042243925,0.0256967806082714,0.004836729241127875,0.04244343537487488,0.03078275896785989
Bubble,72.47412684433988,0.9010980980980982,0.09890190190190185,0.17290625364461137,0.8270937463553887,1089.8749909051526,150.30911469049053,0.025687965104978387,0.004883459903725124,0.04242745528698699,0.03077922572392457
Bubble,73.06598746780875,0.9000990990990991,0.09990090090090087,0.1726999886981839,0.8273000113018161,1089.0900537115067,151.7316389202635,0.025679136332768752,0.004930205430516502,0.04241147519909911,0.030775926289215022
Bubble,73.65640774310964,0.8991001001001001,0.10089989989989989,0.17250800509622755,0.8274919949037723,1088.3048359086893,153.15543903959951,0.025670294286076024,0.004976965495886501,0.04239549511121122,0.030772855300319764
Bubble,74.24539141978266,0.8981011011011012,0.1018988988988988,0.17232997996313737,0.8276700200368625,1087.519337892354,154.58051083940848,0.025661438959219893,0.0050237397691492635,0.04237951502332333,0.03077000759248834
Bubble,74.83294221939715,0.8971021021021022,0.10289789789789783,0.17216560227994737,0.8278343977200525,1086.7335600536153,156.0068499730601,0.025652570346404335,0.005070527914548455,0.04236353493543544,0.030767378190630263
Bubble,75.41906383542921,0.8961031031031031,0.10389689689689685,0.17201457235173467,0.8279854276482654,1085.9475027789742,157.43445195577326,0.02564368844171564,0.005117329591257193,0.04234755484754755,0.03076496230079559
Bubble,76.00375993314609,0.8951041041041041,0.10489589589589587,0.17187660130331853,0.8281233986966814,1085.1611664502448,158.86331216407677,0.025634793239120435,0.005164144453380309,0.042331574759659665,0.03076275530210801
Bubble,76.58703414951614,0.8941051051051051,0.1058948948948949,0.171751410601508,0.828248589398492,1084.3745514444774,160.29342583535237,0.025625884732463675,0.005210972149959277,0.042315594671771775,0.030760752739122783
Bubble,77.16889009312371,0.8931061061061062,0.10689389389389381,0.17163873160224105,0.828361268397759,1083.5876581338957,161.72478806739048,0.025616962915466886,0.005257812324977742,0.042299614583883885,0.030758950314582614
Bubble,77.74933134404654,0.8921071071071072,0.10789289289289283,0.17153830512116014,0.82846169487884,1082.8004868858147,163.157393818027,0.025608027781726037,0.005304664617369671,0.042283634495995995,0.030757343882548593
Bubble,78.32836145379564,0.8911081081081081,0.10889189189189186,0.17144988102619077,0.8285501189738091,1082.013038062579,164.59123790480407,0.02559907932470979,0.005351528661028391,0.04226765440810811,0.03075592944188305
Bubble,78.90598394522769,0.8901091091091091,0.10989089089089088,0.17137321785083065,0.8286267821491694,1081.2253120214843,166.0263150047033,0.025590117537757466,0.005398404084818086,0.04225167432022023,0.030754703130063673
Bubble,79.4822023124656,0.8891101101101102,0.11088988988988979,0.17130808242691495,0.828691917573085,1080.437309114719,167.46261965390474,0.025581142414077353,0.005445290512586231,0.04223569423233234,0.030753661217309172
Bubble,80.05702002081836,0.8881111111111112,0.11188888888888882,0.17125424953573026,0.8287457504642697,1079.6490296892798,168.90014624758396,0.025572153946744502,0.005492187563177378,0.04221971414444445,0.030752800100998495
Bubble,80.63044050672082,0.8871121121121122,0.11288788788788784,0.17121150157642576,0.8287884984235742,1078.8604740869164,170.338889039788,0.025563152128699144,0.005539094850449595,0.04220373405655656,0.03075211630036666
Bubble,81.20246717766796,0.8861131131131131,0.11388688688688686,0.17117962825069283,0.8288203717493072,1078.0716426440576,171.77884214331158,0.02555413695274469,0.0055860119832910685,0.042187753968668674,0.030751606451460908
Bubble,81.77310341215173,0.8851141141141141,0.11488588588588589,0.17115842626282174,0.8288415737371783,1077.2825356917408,173.21999952962665,0.025545108411545805,0.005632938565638569,0.042171773880780784,0.030751267302342726
Bubble,82.3423525595908,0.8841151151151152,0.1158848848848848,0.17114769903423144,0.8288523009657685,1076.4931535555506,174.6623550288425,0.025536066497626672,0.005679874196497058,0.042155793792892894,0.03075109570852147
Bubble,82.91021794029052,0.8831161161161162,0.11688388388388382,0.17114725643170361,0.8288527435682963,1075.7034965555442,176.10590232971765,0.025527011203368977,0.005726818469961079,0.042139813705005004,0.030751088628607176
Bubble,83.47670284539032,0.8821171171171172,0.11788288288288284,0.17115691450852089,0.8288430854914791,1074.9135650061896,177.5506349796923,0.025517942521010147,0.00577377097523699,0.04212383361711712,0.030751243120169754
Bubble,84.04181053680198,0.8811181181181181,0.11888188188188187,0.17117649525778605,0.8288235047422139,1074.1233592162985,178.99654638493735,0.025508860442641515,0.005820731296665966,0.04210785352922923,0.030751556335793073
Bubble,84.60554424717839,0.8801191191191192,0.11988088088088078,0.17120582637731308,0.828794173622687,1073.3328794889553,180.44362981046237,0.025499764960206325,0.005867699013748958,0.04209187344134135,0.03075202551931414
Bubble,85.16790717985566,0.8791201201201202,0.1208798798798798,0.17124474104539233,0.8287552589546077,1072.5421261214549,181.89187838022812,0.025490656065497996,0.005914673701172066,0.04207589335345345,0.030752648002236198
Bubble,85.72890250883407,0.8781211211211212,0.12187887887887883,0.17129307770688024,0.8287069222931198,1071.7510994052361,183.34128507728022,0.025481533750158217,0.0059616549288327575,0.04205991326556556,0.030753421200307027
Bubble,86.28853337871817,0.8771221221221221,0.12287787787787785,0.1713506798690668,0.8286493201309333,1070.9597996258142,184.79184274395288,0.025472398005675103,0.0060086422618685,0.04204393317767768,0.030754342610253584
Bubble,86.84680290468916,0.8761231231231231,0.12387687687687687,0.17141739590674177,0.8285826040932583,1070.168227062713,186.24354408200003,0.02546324882338127,0.006055635260683351,0.04202795308978979,0.030755409806663834
Bubble,87.40371417247442,0.8751241241241242,0.12487587587587579,0.17149307887606913,0.8285069211239308,1069.376381989403,187.69638165285014,0.02545408619445203,0.006102633480978604,0.04201197300190191,0.030756620439009487
Bubble,87.95927023832292,0.8741251251251252,0.1258748748748748,0.17157758633670864,0.8284224136632914,1068.5842646732337,189.15034787780695,0.025444910109903563,0.006149636473782025,0.04199599291401402,0.03075797222880063
Bubble,88.51347412895906,0.8731261261261262,0.12687387387387383,0.17167078018182508,0.8283292198181749,1067.791875375366,190.60543503829788,0.025435720560590895,0.006196643785478778,0.04198001282612614,0.030759462966866494
Bubble,89.06632884156991,0.8721271271271271,0.12787287287287286,0.17177252647552635,0.8282274735244738,1066.9992143507097,192.06163527609834,0.0254265175372062,0.006243654957841848,0.04196403273823824,0.030761090510755172
Bubble,89.61783734377975,0.8711281281281281,0.12887187187187188,0.17188269529740252,0.8281173047025975,1066.2062818478526,193.51894059362243,0.025417301030276732,0.006290669528064773,0.04194805265035035,0.03076285278224678
Bubble,90.16800257361714,0.8701291291291292,0.1298708708708708,0.17200116059373888,0.8279988394062612,1065.413078109001,194.97734285416834,0.025408071030163133,0.006337687028793237,0.041932072562462466,0.03076474776497351
Bubble,90.71682743950446,0.8691301301301302,0.13086986986986981,0.17212780003511705,0.8278721999648829,1064.6196033699075,196.43683378219336,0.025398827527057376,0.006384706988157825,0.04191609247457458,0.03076677350214174
Bubble,91.26431482022939,0.8681311311311312,0.13186886886886884,0.17226249488005219,0.8277375051199478,1063.8258578598068,197.89740496358544,0.025389570510980917,0.006431728929806936,0.04190011238668669,0.030768928094350806
Bubble,91.81046756492977,0.8671321321321321,0.13286786786786786,0.17240512984437809,0.8275948701556219,1063.0318418013514,199.35904784593805,0.025380299971782826,0.006478752372940062,0.0418841322987988,0.030771209697503656
Bubble,92.35528849307997,0.8661331331331332,0.13386686686686677,0.17255559297608042,0.8274444070239195,1062.2375554105424,200.8217537388198,0.025371015899137806,0.006525776832341208,0.04186815221091091,0.03077361652080468
Bubble,92.8987803944652,0.8651341341341342,0.1348658658658658,0.17271377553562078,0.8272862244643793,1061.4429988966608,202.28551381432223,0.025361718282544226,0.006572801818420579,0.04185217212302302,0.030776146824845346
Bubble,93.44094562758596,0.8641351351351352,0.13586486486486482,0.1728795700982637,0.8271204299017362,1060.6481723388756,203.7503168100806,0.025352407108374376,0.0066198267687441106,0.04183619203513514,0.030778798891248835
Bubble,93.98178723294066,0.8631361361361362,0.13686386386386384,0.17305287532786406,0.826947124672136,1059.8530760274407,205.21615532750224,0.025343082368027164,0.006666851235996704,0.04182021194724725,0.03078157109903205
Bubble,94.52130799670938,0.8621371371371371,0.13786286286286287,0.17323359181987735,0.8267664081801227,1059.0577101772715,206.6830206049506,0.025333744051086154,0.006713874731921015,0.04180423185935936,0.030784461858109943
Bubble,95.05951058981657,0.8611381381381382,0.13886186186186178,0.17342162257466928,0.8265783774253308,1058.2620749700952,208.15090326127515,0.02532439214632479,0.0067608967496062536,0.041788251771471475,0.03078746961686667
Bubble,95.59639765344095,0.8601391391391392,0.1398608608608608,0.1736168733374532,0.8263831266625468,1057.4661705805827,209.61979384037838,0.025315026642330405,0.006807916779705822,0.04177227168358359,0.030790592867593232
Bubble,96.13197179898901,0.8591401401401402,0.14085985985985983,0.17381925225870754,0.8261807477412925,1056.6699971762769,211.08968257197304,0.025305647527502178,0.006854934303561679,0.0417562915956957,0.030793830141055516
Bubble,96.6661529223282,0.8581411411411412,0.14185885885885885,0.17402859167430781,0.825971408325692,1055.8735291712428,212.56036246343874,0.025296254173228547,0.006901942679635447,0.04174031150780781,0.030797178755281394
Bubble,97.19910860343819,0.8571421421421422,0.14285785785785776,0.17424496205481355,0.8257550379451863,1055.0768180446164,214.0322178238686,0.025286847796940477,0.006948953624109754,0.04172433141991992,0.030800639837525
Bubble,97.73075902486693,0.8561431431431432,0.14385685685685679,0.1744682001263632,0.8255317998736369,1054.279838362624,215.50504164804903,0.025277427773869758,0.006995960494325114,0.04170835133203203,0.03080421077604132
Bubble,98.26110667880364,0.8551441441441442,0.1448558558558558,0.1746982236424909,0.8253017763575091,1053.4825902635912,216.9788237368431,0.02526799409164229,0.007042962758547409,0.04169237124414415,0.03080789025520765
Bubble,98.79015402761326,0.8541451451451452,0.14585485485485483,0.1749349525269566,0.8250650474730433,1052.685073878362,218.4535537548132,0.025258546737685513,0.007089959881006391,0.04167639115625626,0.03081167699411645
Bubble,99.31790350382119,0.8531461461461461,0.14685385385385386,0.17517830879946059,0.8248216912005395,1051.887289330224,219.92922123016217,0.025249085699226185,0.007136951321923377,0.04166041106836837,0.030815569745387055
Bubble,99.84435751010258,0.8521471471471472,0.14785285285285277,0.17542821650410623,0.8245717834958938,1051.0892367348358,221.40581555463444,0.025239610963288247,0.007183936537538111,0.04164443098048048,0.030819567294021334
Bubble,100.36951841926123,0.8511481481481482,0.1488518518518518,0.1756846016404564,0.8243153983595437,1050.290916200157,222.88332598336737,0.02523012251669078,0.007230914980134561,0.041628450892592594,0.03082366845630091
Bubble,100.89338857423202,0.8501491491491492,0.14985085085085081,0.17594739209718988,0.8240526079028102,1049.492327826362,224.3617416347597,0.025220620346045556,0.0072778860980674195,0.041612470804704704,0.030827872078725862
Bubble,101.41597028803899,0.8491501501501502,0.15084984984984984,0.1762165175876847,0.8237834824123152,1048.6934717057754,225.84105148988,0.02521110443775501,0.007324849335775904,0.041596490716816814,0.030832177036984362
Bubble,101.9372658438026,0.8481511511511511,0.15184884884884886,0.17649190958867617,0.8235080904113239,1047.8943479227867,227.32124439259238,0.025201574778009876,0.007371804133818368,0.041580510628928924,0.030836582234971426
Bubble,102.4572774947072,0.8471521521521522,0.15284784784784777,0.176773501280317,0.823226498719683,1047.0949565537733,228.80230904887648,0.025192031352786862,0.007418749928884219,0.04156453054104105,0.030841086603830083
Bubble,102.97600746398888,0.8461531531531532,0.1538468468468468,0.1770612274886352,0.8229387725113648,1046.2952976670224,230.2842340264032,0.025182474147846426,0.007465686153813511,0.04154855045315316,0.03084568910103096
Bubble,103.49345794490658,0.8451541541541542,0.15484584584584582,0.17735502462991518,0.8226449753700849,1045.4953713226491,231.7670077540023,0.025172903148730306,0.007512612237613826,0.04153257036526527,0.030850388709482587
Bubble,104.00963110072617,0.8441551551551552,0.15584484484484484,0.1776548306924289,0.822345169307571,1044.6951775725124,233.25061855777352,0.02516331834075913,0.0075595276065264115,0.04151659027737738,0.03085518443723916
Bubble,104.5245290646915,0.8431561561561562,0.15684384384384376,0.1779605850475064,0.8220394149524937,1043.8947164601348,234.7350545187722,0.02515371970903004,0.007606431679985016,0.041500610189489494,0.03086007531447842
Bubble,105.03815393999784,0.8421571571571572,0.15784284284284278,0.17827222859779265,0.8217277714022074,1043.093988020616,236.2203036773069,0.025144107238414183,0.0076533238764985865,0.04148463010160161,0.030865060395873153
Bubble,105.55050779976364,0.8411581581581582,0.1588418418418418,0.17858970360047371,0.8214102963995263,1042.2929922805442,237.70635389977977,0.025134480913554143,0.007700203609871981,0.04146865001371372,0.03087013875776354
Bubble,106.06159268699474,0.8401591591591592,0.15984084084084083,0.17891295365123358,0.8210870463487664,1041.4917292579141,239.19319290975125,0.025124840718861494,0.007747070290129924,0.04145266992582583,0.0308753094979005
Bubble,106.5714106145567,0.8391601601601602,0.16083983983983985,0.17924192363863933,0.8207580763613607,1040.6901989620276,240.68080828684563,0.025115186638513996,0.0077939233235203185,0.04143668983793794,0.03088057173471604
Bubble,107.07996356512426,0.8381611611611612,0.16183883883883876,0.17957655969991862,0.8204234403000814,1039.888401393413,242.16918746556294,0.025105518656453166,0.007840762112515469,0.04142070975005005,0.03088592460661587
Bubble,107.58725349116423,0.8371621621621622,0.16283783783783778,0.1799168091781133,0.8200831908218866,1039.086336543725,243.6583177340071,0.025095836756381412,0.007887586055811392,0.04140472966216217,0.030891367271294014
Bubble,108.093282314869,0.8361631631631632,0.1638368368368368,0.18026262058048084,0.8197373794195191,1038.2840043956523,245.14818623245432,0.025086140921759363,0.007934394548323015,0.041388749574274276,0.03089689890506743
Bubble,108.59805192811757,0.8351641641641642,0.16483583583583583,0.18061394353814209,0.819386056461858,1037.48140492282,246.63877995185157,0.025076431135803004,0.007981186981178001,0.041372769486386386,0.030902518702230476
Bubble,109.10156419243164,0.8341651651651653,0.16583483483483474,0.18097072876689838,0.8190292712331015,1036.6785380896927,248.13008573219884,0.025066707381480886,0.008027962741707813,0.041356789398498496,0.030908225874428184
Bubble,109.60382093892079,0.8331661661661662,0.16683383383383377,0.18133292802913922,0.8186670719708607,1035.8754038514726,249.62209026077448,0.02505696964151117,0.008074721213434813,0.04134080931061062,0.030914019650046913
Bubble,110.10482396820777,0.8321671671671672,0.1678328328328328,0.1817004940968475,0.8182995059031525,1035.0720021539914,251.1147800702899,0.025047217898358554,0.008121461776058018,0.04132482922272273,0.030919899273622584
Bubble,110.60457505039889,0.8311681681681682,0.1688318318318318,0.18207338071559306,0.8179266192844069,1034.2683329336166,252.60814153690166,0.025037452134231475,0.008168183805435433,0.04130884913483484,0.0309258640052647
Bubble,111.10307592498815,0.8301691691691692,0.16983083083083084,0.18245154256949048,0.8175484574305095,1033.464396117133,254.10216087807035,0.025027672331078762,0.008214886673562566,0.041292869046946956,0.030931913120095827
Bubble,111.60032830080414,0.8291701701701703,0.17082982982982975,0.18283493524710856,0.8171650647528915,1032.6601916216375,255.59682415034908,0.025017878470586598,0.008261569748549734,0.041276888959059066,0.030938045907706276
Bubble,112.09633385593543,0.8281711711711712,0.17182882882882877,0.18322351520823507,0.8167764847917649,1031.8557193544266,257.0921172470135,0.025008070534175263,0.008308232394595499,0.041260908871171176,0.03094426167162245
Bubble,112.59109423764279,0.8271721721721722,0.1728278278278278,0.1836172397514882,0.8163827602485119,1031.0509792128807,258.5880258955542,0.024998248502995823,0.00835487397195688,0.041244928783283286,0.030950559728788782
Bubble,113.08461106228626,0.8261731731731732,0.17382682682682682,0.1840160669827576,0.8159839330172425,1030.2459710843475,260.08453565509393,0.02498841235792678,0.00840149383691826,0.041228948695395395,0.030956939409062894
Bubble,113.57688591543445,0.8251741741741743,0.17482582582582573,0.18441996400335897,0.815580035996641,1029.440694846088,261.5816408565657,0.02497856207957224,0.008448091594707966,0.041212968607507505,0.030963400186194128
Bubble,114.06792035098705,0.8241751751751752,0.17582482482482475,0.1848288747150559,0.8151711252849442,1028.6351503648907,263.07930962239,0.02496869764825199,0.008494666109929227,0.04119698851961962,0.03096994116282951
Bubble,114.55771589222425,0.8231761761761762,0.17682382382382378,0.18524276702812084,0.8147572329718793,1027.8293374973325,264.57753520292033,0.024958819044007333,0.00854121695919672,0.04118100843173173,0.030976561825658527
Bubble,115.04627403096235,0.8221771771771772,0.1778228228228228,0.1856616019813806,0.8143383980186195,1027.0232560893976,266.07630246064434,0.024948926246591233,0.008587743482679105,0.04116502834384384,0.030983261551454366
Bubble,115.53359622761678,0.8211781781781782,0.17882182182182182,0.18608534127373133,0.8139146587262687,1026.2169059764058,267.5755960745738,0.024939019235466035,0.008634245016366058,0.04114904825595596,0.030990039727548734
Bubble,116.01968391110103,0.8201791791791793,0.17982082082082074,0.18651394723726347,0.8134860527627366,1025.410286982882,269.07540053751467,0.024929097989799753,0.008680720892037854,0.041133068168068075,0.030996895751401993
Bubble,116.50453847870365,0.8191801801801802,0.18081981981981976,0.18694738281049847,0.8130526171895014,1024.6033989224131,270.57570015270784,0.02491916248846198,0.008727170437218105,0.04111708808018018,0.031003829030175012
Bubble,116.98816129596318,0.8181811811811812,0.18181881881881878,0.1873856115121874,0.8126143884878126,1023.7962415975145,272.0764790303543,0.024909212710020064,0.00877359297512413,0.041101107992292295,0.031010838980310106
Bubble,117.47055369654967,0.8171821821821822,0.1828178178178178,0.1878285974156877,0.8121714025843123,1022.9888147994781,273.57772108407323,0.024899248632734856,0.00881998782461643,0.041085127904404405,0.031017925027121085
Bubble,117.95171698210483,0.8161831831831833,0.18381681681681672,0.1882763051238783,0.8117236948761216,1022.1811183082282,275.07941002728074,0.02488927023455656,0.008866354300146873,0.04106914781651652,0.031025086604392065
Bubble,118.43165242213715,0.8151841841841843,0.18481581581581574,0.1887286997446399,0.8112713002553602,1021.3731518921754,276.581529369545,0.0248792774931206,0.008912691711707244,0.04105316772862864,0.03103232315398524
Bubble,118.91036125385462,0.8141851851851852,0.18581481481481477,0.1891857468668204,0.8108142531331796,1020.5649153080572,278.08406241284604,0.024869270385743117,0.008958999364776102,0.04103718764074074,0.031039634125456347
Bubble,119.38784468201752,0.8131861861861862,0.1868138138138138,0.18964741253674977,0.8103525874632502,1019.7564083007812,279.5869922478409,0.024859248889416503,0.009005276560266779,0.04102120755285286,0.031047018975679103
Bubble,119.86410387880545,0.8121871871871872,0.1878128128128128,0.19011366323526555,0.8098863367647345,1018.9476306032748,281.0903017501574,0.024849212980805137,0.009051522594477385,0.04100522746496497,0.031054477168477635
Bubble,120.33913998361894,0.8111881881881883,0.18881181181181173,0.1905844658551805,0.8094155341448194,1018.1385819363053,282.5939735765464,0.024839162636240336,0.00909773675903759,0.040989247377077084,0.03106200817426605
Bubble,120.81295410297729,0.8101891891891893,0.18981081081081075,0.19105978817288144,0.8089402118271186,1017.3292620083367,284.0979907130795,0.024829097831716225,0.009143918356300474,0.040973267289189194,0.031069611477592234
Bubble,121.28554731025524,0.8091901901901902,0.19080980980980977,0.19153959691777098,0.8084604030822291,1016.519670515325,285.60233433786175,0.024819018542884055,0.00919006663959425,0.040957287201301304,0.03107728654625636
Bubble,121.7569206456219,0.8081911911911912,0.1918088088088088,0.19202386052528544,0.8079761394747145,1015.7098071405866,287.1069869164613,0.024808924745048363,0.00923618089991299,0.040941307113413414,0.031085032875348518
Bubble,122.22707511579611,0.8071921921921922,0.19280780780780782,0.1925125473223125,0.8074874526776876,1014.8996715545978,288.6119301948095,0.024798816413161336,0.009282260409791951,0.04092532702552553,0.031092849958222445
Bubble,122.69601169388801,0.8061931931931933,0.19380680680680673,0.19300562594291812,0.8069943740570819,1014.0892634148216,290.1171456822242,0.02478869352181796,0.00932830443689079,0.04090934693763764,0.031100737293145515
Bubble,123.16373131921858,0.8051941941941942,0.19480580580580575,0.19350306530887393,0.8064969346911259,1013.2785823655277,291.6226146481583,0.02477855604525086,0.009374312243963567,0.04089336684974975,0.031108694382987277
Bubble,123.63023489713518,0.8041951951951952,0.19580480480480478,0.19400483461071139,0.8059951653892886,1012.4676280376107,293.12831811910377,0.02476840395732516,0.009420283088834016,0.04087738676186187,0.031116720734916403
Bubble,124.09552329882096,0.8031961961961962,0.1968038038038038,0.19451090328935536,0.8054890967106447,1011.656400048401,294.634236875791,0.024758237231533177,0.00946621622438024,0.040861406673973984,0.03112481586010686
Bubble,124.55959736111916,0.8021971971971973,0.1978028028028027,0.19502124102585527,0.8049787589741446,1010.8448980014763,296.14035145910447,0.024748055840989023,0.00951211089876241,0.040845426586086094,0.031132979273573683
Bubble,125.02245788633844,0.8011981981981983,0.19880180180180174,0.19553581769511566,0.8044641823048845,1010.033121486474,297.6466421350063,0.024737859758423287,0.009557966354511971,0.0408294464981982,0.031141210493432846
Bubble,125.48410564206671,0.8001991991991992,0.19980080080080076,0.19605460339075056,0.8039453966092495,1009.2210700788969,299.15308893942245,0.02472764895617754,0.009603781829845148,0.04081346641031031,0.03114950904129879
Bubble,125.94454136098138,0.7992002002002002,0.20079979979979978,0.19657756838241844,0.8034224316175815,1008.4087433399177,300.6596716465425,0.024717423406198754,0.00964955655784727,0.04079748632242243,0.031157874441602004
Bubble,126.4037657406743,0.7982012012012012,0.2017987987987988,0.1971046831067213,0.8028953168932788,1007.5961408161857,302.1663697747188,0.024707183080033824,0.009695289766703846,0.04078150623453454,0.031166306221443427
Bubble,126.8617794434503,0.7972022022022023,0.20279779779779772,0.19763591815233092,0.802364081847669,1006.7832620396293,303.67316258550693,0.024696927948823905,0.009740980679741322,0.04076552614664665,0.031174803910356503
Bubble,127.31858309616649,0.7962032032032033,0.20379679679679674,0.19817124424583168,0.8018287557541683,1005.9701065272579,305.18002908326173,0.024686657983298773,0.009786628515484114,0.04074954605875876,0.031183367040080755
Bubble,127.7741772900373,0.7952042042042042,0.20479579579579577,0.1987106322381993,0.8012893677618007,1005.1566737809624,306.68694801512333,0.02467637315377111,0.009832232487722737,0.04073356597087087,0.031191995144345463
Bubble,128.22856258047986,0.7942052052052052,0.2057947947947948,0.19925405309203825,0.8007459469079616,1004.3429632873217,308.19389787164596,0.02466607343013095,0.009877791805600486,0.040717585882982986,0.031200687758665552
Bubble,128.68173948693126,0.7932062062062063,0.2067937937937937,0.19980147786952498,0.8001985221304749,1003.5289745173991,309.7008568878982,0.024655758781839832,0.009923305673713193,0.0407016057950951,0.031209444420148707
Bubble,129.13370849271368,0.7922072072072073,0.20779279279279272,0.20035287772105528,0.7996471222789446,1002.7147069265496,311.20780304516757,0.024645429177925237,0.009968773292226238,0.040685625707207206,0.031218264667313773
Bubble,129.58447004484026,0.7912082082082083,0.20879179179179175,0.2009082238748651,0.7990917761251348,1001.9001599542167,312.7147140734705,0.02463508458697471,0.010014193857013664,0.040669645619319315,0.031227148039924726
Bubble,130.03402455391787,0.7902092092092092,0.20979079079079077,0.201467487627267,0.798532512372733,1001.0853330237434,314.22156745456977,0.02462472497713036,0.0100595665598115,0.04065366553143144,0.031236094078834525
Bubble,130.48237239399728,0.7892102102102102,0.2107897897897898,0.20203064033385315,0.7979693596661469,1000.270225542181,315.72834042583213,0.024614350316083326,0.010104890588394002,0.04063768544354355,0.03124510232584435
Bubble,130.92951390243658,0.7882112112112113,0.2117887887887887,0.20259765340148375,0.7974023465985162,999.4548369000879,317.2350099847347,0.024603960571067854,0.010150165126767403,0.040621705355655666,0.031254172323575476
Bubble,131.3754493798208,0.7872122122122123,0.21278778778778773,0.20316849828124836,0.7968315017187517,998.6391664713503,318.7415528942998,0.02459355570885605,0.010195389355388931,0.04060572526776777,0.03126330361535668
Bubble,131.82017908984508,0.7862132132132132,0.21378678678678675,0.20374314646225916,0.7962568535377408,997.8232136129982,320.24794568921277,0.024583135695752382,0.010240562451403838,0.04058974517987988,0.031272495745124945
Bubble,132.2637032592438,0.7852142142142142,0.21478578578578578,0.20432156953653452,0.7956784304634654,997.006977665016,321.75416476337466,0.024572700497588144,0.010285683591112054,0.040573765091991995,0.03128174825846336
Bubble,132.70602207795562,0.7842152152152152,0.2157847847847848,0.20490374408217166,0.7950962559178284,996.1904579502614,323.26019199455203,0.024562250079718486,0.010330752103930047,0.040557785004104105,0.03129106078071283
Bubble,133.14713569820387,0.7832162162162163,0.2167837837837837,0.20548963201222326,0.7945103679877767,995.3736537739636,324.76599217847445,0.02455178440700913,0.010375766854851776,0.04054180491621622,0.03130043270263072
Bubble,133.58704423572763,0.7822172172172173,0.21778278278278274,0.2060792095544373,0.7939207904455626,994.5565644240265,326.2715463318613,0.02454130344384286,0.01042072715621257,0.04052582482832833,0.03130986364395373
Bubble,134.025747768971,0.7812182182182182,0.21878178178178176,0.206672448335314,0.793327551664686,993.7391891705723,327.7768299784004,0.0245308071541073,0.010465632173180913,0.04050984474044044,0.03131935315081652
Bubble,134.46324633927867,0.7802192192192192,0.21978078078078078,0.2072693200032098,0.7927306799967903,992.921527265854,329.28181846975656,0.0245202955011918,0.010510481069549334,0.04049386465255255,0.03132890076970334
Bubble,134.89953995095573,0.7792202202202203,0.2207797797797797,0.20786979622909532,0.7921302037709047,992.1035779441185,330.7864869981445,0.024509768447983058,0.010555273008138574,0.04047788456466467,0.03133850604746023
Bubble,135.33462857129527,0.7782212212212213,0.22177877877877872,0.20847384870832214,0.7915261512916777,991.2853404214582,332.2908106098124,0.024499225956860462,0.010600007151224364,0.04046190447677678,0.03134816853132319
Bubble,135.45946551099644,0.34265765765765765,0.6573423423423423,0.335761922608327,0.664238077391673,462.87282965836084,455.1659326794221,0.013819332696921144,0.013634139034544938,0.03349458615765766,0.03338428129023506
Bubble,135.76851213069776,0.7772222222222223,0.22277777777777774,0.20908144916338733,0.7909185508366127,990.4668138956943,333.79476421944497,0.024488667989692195,0.010644682660986808,0.04044592438888889,0.03135788776896246
Bubble,135.84298364518042,0.3386616616616617,0.6613383383383383,0.3315082622690061,0.6684917377309939,459.07271711379684,451.08763285721517,0.013732084182120815,0.013539572357032537,0.033430665806106104,0.03331623931408125
Bubble,136.20119052276,0.7762232232232232,0.22377677677677676,0.20969256934773375,0.7903074306522662,989.647997546248,335.29832262551196,0.024478094507831047,0.010689298699982865,0.04042994430100101,0.031367663308543285
Bubble,136.63266361216986,0.7752242242242242,0.2247757757757758,0.21030734128582834,0.7896926587141717,988.8288905369528,336.80164556902946,0.02446750547218299,0.010733859452121956,0.04041396421311312,0.031377497261942236
Bubble,136.66654916309471,0.3376626626626627,0.6623373373373374,0.3316522635149799,0.66834773648502,460.02698733151294,453.31601839491816,0.013767209759530939,0.01360551754893277,0.03341468571821822,0.03331854277241197
Bubble,137.0629312045218,0.7742252252252253,0.2257747747747747,0.21092542699312364,0.7890745730068764,988.0094920045175,338.3043499696359,0.02445690084292069,0.01077835437222261,0.04039798412522523,0.03138738422272471
Bubble,137.49199309110958,0.7732262262262263,0.22677377377377372,0.21154694855253214,0.7884530514474678,987.1898010752344,339.8065837585423,0.02444628057989582,0.01082278733554769,0.04038200403733734,0.03139732614374116
Bubble,137.9198490200029,0.7722272272272273,0.22777277277277275,0.21217187792962736,0.7878281220703727,986.369816853928,341.30832147594197,0.024435644642364657,0.010867157512203079,0.04036602394944946,0.031407322576550115
Bubble,138.34649870344788,0.7712282282282282,0.22877177177177177,0.2128001871554384,0.7871998128445616,985.5495384265731,342.80953763652286,0.02442499298905178,0.01091146407536126,0.04035004386156157,0.03141737307375711
Bubble,138.77194181815457,0.7702292292292293,0.22977077077077068,0.21343184833576354,0.7865681516642363,984.7289648602429,344.3102067495583,0.024414325578147728,0.010955706201841667,0.04033406377367368,0.0314274771891637
Bubble,139.1961780055919,0.7692302302302303,0.2307697697697697,0.21406683374635396,0.7859331662536462,983.9080952030545,345.81030343807265,0.024403642367306584,0.010999883075359236,0.04031808368578579,0.03143763447929006
Bubble,139.61920687236184,0.7682312312312313,0.23176876876876873,0.2147051155180456,0.7852948844819544,983.0869284841506,347.3098020832093,0.02439294331364448,0.011043993876959108,0.0403021035978979,0.03144784449833821
Bubble,140.04102799055124,0.7672322322322322,0.23276776776776775,0.21534666611753728,0.7846533338824627,982.265463713668,348.8086773889173,0.02438222837373771,0.011088037800281397,0.04028612351001001,0.03145810680588274
Bubble,140.4616408981501,0.7662332332332332,0.23376676676676678,0.2159914580583625,0.7840085419416374,981.4436998827344,350.3069040556435,0.024371497503621636,0.01113201404277343,0.04027014342212212,0.03146842096224737
Bubble,140.88104509948647,0.7652342342342343,0.2347657657657657,0.21663946398611308,0.7833605360138869,980.6216359634776,351.8044568866476,0.02436075065878977,0.011175921808575505,0.04025416333423423,0.03147878652986826
Bubble,141.2992400657007,0.7642352352352353,0.2357647647647647,0.2172906566915794,0.7827093433084207,979.7992709090407,353.30131081064786,0.02434998779419315,0.011219760309143062,0.04023818324634634,0.031489203073504175
Bubble,141.71622523523007,0.7632362362362363,0.23676376376376373,0.2179450091241338,0.7820549908758663,978.9766036536113,354.7974409043408,0.024339208864239924,0.011263528763860105,0.04022220315845846,0.03149967016045056
Bubble,142.1320000153671,0.7622372372372372,0.23776276276276276,0.2186025121001698,0.7813974878998301,978.1536331128651,356.2928429287046,0.024328413822805362,0.01130722695009869,0.040206223070570576,0.031510187643805525
Bubble,142.5465637788204,0.7612382382382383,0.23876176176176167,0.2192631054039627,0.7807368945960373,977.3303581824757,357.78745346335523,0.02431760262319367,0.011350853063441257,0.04019024298268269,0.03152075456035233
Bubble,142.95991587022164,0.7602392392392393,0.2397607607607607,0.21992677854310128,0.7800732214568987,976.5067777404764,359.2812667089937,0.024306775218195683,0.011394406847893307,0.040174262894794796,0.031531370742253303
Bubble,143.37205560274163,0.7592402402402403,0.24075975975975972,0.2205935052614319,0.779406494738568,975.6828906457996,360.7742585831192,0.024295931560051408,0.01143788756120279,0.04015828280690691,0.03154203576951239
Bubble,143.78298225981223,0.7582412412412413,0.24175875875875874,0.22126325952507453,0.7787367404749254,974.8586957387876,362.26640525492127,0.024285071600461755,0.011481294471797653,0.04014230271901902,0.03155274922568904
Bubble,144.19269509573763,0.7572422422422422,0.24275775775775776,0.2219360155426997,0.7780639844573004,974.0341918412826,363.7576831735928,0.024274195290589606,0.011524626859523485,0.04012632263113113,0.03156351069822258
Bubble,144.60119333636095,0.7562432432432433,0.24375675675675668,0.22261174777870982,0.7773882522212903,973.2093777567361,365.24806908809563,0.024263302581061533,0.011567884016147537,0.04011034254324325,0.03157431977864302
Bubble,145.00847617977774,0.7552442442442443,0.2447557557557557,0.223290430966104,0.7767095690338961,972.3842522703434,366.73754006624404,0.024252393421970057,0.011611065245839925,0.04009436245535535,0.0315851760627769
Dew,145.11147397508623,0.9999999881291316,1.1870868409342564e-08,0.1088918918918919,0.8911081081081081,1194.323114363722,291.9329329310198,0.027137847953665972,0.009811141770934319,0.04400949981011241,0.029755245591891893
Bubble,145.41454279704246,0.7542452452452453,0.24575475475475472,0.22397204011858593,0.776027959881414,971.5588141491725,368.2260735124726,0.0242414677628758,0.011654169865614706,0.04007838236746747,0.03159607915094091
Bubble,145.81939233289495,0.7532462462462463,0.24675375375375375,0.22465655054210126,0.7753434494578986,970.7330621423109,369.71364718464605,0.02423052555281011,0.011697197205741158,0.04006240227957958,0.0316070286481265
Bubble,146.07017215763744,0.3296706706706707,0.6703293293293293,0.30968633521488326,0.6903136647851168,473.62511991889903,451.2899067414999,0.014228597504624787,0.013689068780926461,0.03328684501511512,0.03296717358673079
Bubble,146.22302390650322,0.7522472472472473,0.24775275275275266,0.22534393784549706,0.7746560621545029,969.9069949810151,371.2002392094681,0.024219566740277705,0.011740146610113399,0.040046422191691695,0.03161802416417035
Bubble,146.4145767657831,0.32867167167167166,0.6713283283283283,0.3126521750431886,0.6873478249568113,473.2754064913127,455.37023524094866,0.014224920437941711,0.013792989224156598,0.03327086492722723,0.03301461545720835
Bubble,146.5670888628515,0.3316686686686687,0.6683313313313313,0.30045897460497006,0.6995410253950299,477.0408459854964,442.1561643876661,0.014317465564939158,0.01347233190708805,0.03331880519089089,0.03281957180367857
Bubble,146.62543661221696,0.7512482482482483,0.24875175175175168,0.22603417795034436,0.7739658220496556,969.0806113788705,372.68582809658596,0.024208591273259653,0.011783017436581235,0.040030442103803805,0.031629065313911506
Bubble,147.02662952032392,0.7502492492492493,0.2497507507507507,0.22672724710979678,0.7732727528902033,968.2539100319583,374.17039276284595,0.024197599099216458,0.011825809057545602,0.04001446201591592,0.03164015171749302
Bubble,147.05804302617966,0.3306696696696697,0.6693303303303303,0.30389079522543583,0.6961092047745642,477.01143563946005,447.076802335031,0.01432345256488305,0.013599514628237823,0.033302825103003,0.0328744675495056
Bubble,147.42660167782537,0.7492502502502503,0.25074974974974973,0.2274231218780603,0.7725768781219396,967.4268896190262,375.6539124989434,0.024186590165091334,0.011868520859026255,0.03999848192802803,0.03165128299987364
Bubble,147.5796510168213,0.3276726726726727,0.6723273273273274,0.31194947231057935,0.6880505276894207,474.78403753430007,457.2074946309604,0.014277121686876134,0.013853355763398053,0.03325488483933934,0.033003374954027255
Bubble,147.82535210917953,0.7482512512512512,0.25174874874874875,0.2281217791713292,0.7718782208286707,966.5995488016569,377.1363670418261,0.024175564417313333,0.011911152242524757,0.03998250184014014,0.0316624587918025
Bubble,148.22287981708263,0.7472522522522523,0.25274774774774766,0.22882319623832123,0.7711768037616786,965.771886224448,378.6177365419979,0.02416452180180086,0.011953702624102926,0.03996652175225226,0.03167367872934781
Bubble,148.61918378322937,0.7462532532532533,0.2537467467467467,0.22952735067237637,0.7704726493276236,964.9439005151957,380.098001578727,0.024153462263965236,0.011996171434726968,0.03995054166436437,0.0316849424540904
Bubble,149.01426296904805,0.7452542542542543,0.2547457457457457,0.23023422041381159,0.7697657795861884,964.1155902850613,381.577143163663,0.024142385748713843,0.012038558120302632,0.039934561576476485,0.03169624961316137
Bubble,149.40811632137206,0.7442552552552553,0.25574474474474473,0.2309438473459136,0.7690561526540864,963.2869541307537,383.05521650027555,0.02413129220050381,0.01208086408025319,0.039918581488588595,0.031707600876529976
Dew,149.54466549025756,0.9999999866882422,1.3311757751977096e-08,0.1098908908908909,0.8901091091091091,1195.1347155528376,300.8538334404547,0.027156289467851147,0.010105523926910089,0.04400949978706379,0.029771225679779783
Bubble,149.80074275411124,0.7432562562562562,0.25674374374374376,0.2316560889038275,0.7683439110961724,962.4579906269712,384.532062890725,0.024120181563151672,0.012123085093134325,0.039902601400700705,0.03171899396371451
Bubble,150.19214117676074,0.7422572572572573,0.25774274274274267,0.23237098218128194,0.7676290178187181,961.6286983378438,386.0077320524239,0.024109053780118975,0.012165222422875158,0.039886621312812814,0.031730429468070004
Bubble,150.5823104770396,0.7412582582582583,0.2587417417417417,0.23308850653761096,0.766911493462389,960.799075809787,387.48220676692205,0.024097908794332313,0.012207275575518798,0.03987064122492493,0.031741907059426276
Bubble,150.97124952600038,0.7402592592592593,0.2597407407407407,0.23380864167001517,0.7661913583299848,959.9691215734574,388.9554702389984,0.02408674654823136,0.012249244071485182,0.03985466113703704,0.031753426413017725
Bubble,151.17624094242873,0.3226776776776777,0.6773223223223224,0.3157812988334001,0.6842187011665999,477.12093111878175,469.41035702898375,0.014381948921736986,0.014196735303871616,0.0331749843998999,0.033064669234268956
Bubble,151.35895717863374,0.7392602602602603,0.26073973973973974,0.23453136764283555,0.7654686323571646,959.1388341438897,390.42750613033803,0.024075566983771272,0.012291127446386066,0.03983868104914915,0.031764987209951565
Bubble,151.74543227455126,0.7382612612612613,0.26173873873873865,0.2352566647405029,0.764743335259497,958.308212020675,391.8982983888714,0.024064370042426262,0.012332925246498544,0.03982270096126126,0.03177658913485556
Bubble,152.1306736385285,0.7372622622622623,0.2627377377377377,0.23598451365494863,0.7640154863450513,957.477253688069,393.3678314655585,0.02405315566519129,0.012374637034372499,0.03980672087337337,0.031788231878875924
Bubble,152.50506940718435,0.3246756756756757,0.6753243243243243,0.3191638663981721,0.6808361336018279,482.18017409432616,476.01945128049124,0.01452046191709931,0.01437309866570272,0.033206944575675676,0.03311877712329181
Bubble,152.51468015964565,0.7362632632632633,0.2637367367367367,0.23671581589800972,0.7632841841019904,956.6459576476148,394.83715646230183,0.02404192379340099,0.012416290166903838,0.03979074078548549,0.031799929862686156
Bubble,152.89745048321072,0.7352642642642643,0.2647357357357357,0.23744876028224032,0.7625512397177596,955.8143222907473,396.304182053192,0.02403067436552745,0.012457830096751015,0.0397747606975976,0.031811654114350746
Dew,153.08855244737538,0.9999999854415625,1.4558437405877576e-08,0.1108898898898899,0.8891101101101101,1195.7802519354834,307.979479804023,0.027170957594678594,0.010339320922082505,0.04400949976712178,0.029787205767667673
Bubble,153.2789834661305,0.7342652652652653,0.26573473473473475,0.23818420246237712,0.761815797537623,954.9823460867286,397.7699064800923,0.024019407321901297,0.01249928283843417,0.03975878060970971,0.031823418321008434
Bubble,153.65927787923235,0.7332662662662663,0.26673373373373366,0.23892212430310544,0.7610778756968946,954.1500274597001,399.2343156683885,0.024008122601621874,0.012540648004700573,0.039742800521821824,0.031835222192564905
Bubble,154.03833248101716,0.7322672672672673,0.2677327327327327,0.23966250790911642,0.7603374920908836,953.3173648190099,400.69739585014327,0.023996820143318172,0.012581925219146785,0.03972682043393394,0.03184706544276502
Bubble,154.4161460193573,0.7312682682682683,0.2687317317317317,0.24040535306352895,0.759594646936471,952.4843565598218,402.1591537396087,0.0239854998851632,0.012623114638922657,0.03971084034604605,0.03185894806813952
Bubble,154.79271722667877,0.7302692692692693,0.26973073073073073,0.24115060975486866,0.7588493902451312,951.6510010610109,403.6195384622509,0.023974161764820066,0.01266421493117675,0.03969486025815816,0.03187086926869985
Bubble,155.16804482775416,0.7292702702702704,0.27072972972972964,0.24189827603443312,0.758101723965567,950.817296688325,405.0785547896952,0.0239628057195206,0.012705226208785957,0.03967888017027028,0.0318828290132744
Bubble,155.5421275350848,0.7282712712712713,0.27172872872872866,0.24264833482367765,0.7573516651763225,949.9832417923559,406.5361900125019,0.023951431686013377,0.012746148133897423,0.03966290008238238,0.03189482702867304
Bubble,155.9149640503461,0.7272722722722723,0.2727277277277277,0.24340076915550668,0.7565992308444932,949.1488347090608,407.9924315788251,0.023940039600575853,0.012786980375436463,0.039646919994494496,0.0319068630434884
Dew,156.10921795869066,0.999999984309171,1.5690829004133094e-08,0.1118888888888889,0.8881111111111111,1196.328223231206,314.05549715449075,0.027183408810689196,0.010537648514376802,0.04400949974900793,0.029803185855555556
Bubble,156.2865530718834,0.7262732732732733,0.2737267267267267,0.24415563787661274,0.7558443621233872,948.3140737628322,409.4473545575291,0.023928629399090913,0.01282772486258372,0.039630939906606606,0.03191893799903808
Bubble,156.6568932662319,0.7252742742742743,0.27472572572572573,0.24491277964406902,0.755087220355931,947.4789572543643,410.900779621187,0.023917201016739765,0.012868376969843344,0.03961495981871872,0.03193104931446449
Bubble,157.0259833100045,0.7242752752752754,0.27572472472472465,0.245672247201242,0.754327752798758,946.6434834782635,412.35277487100564,0.023905754388445246,0.012908938454468916,0.03959897973083083,0.03194319783345579
Bubble,157.3938218627902,0.7232762762762763,0.27672372372372367,0.24643402393309294,0.7535659760669071,945.8076507115078,413.8033282820631,0.023894289448579756,0.01294940900954548,0.03958299964294294,0.03195538329023615
Bubble,157.76040757378246,0.7222772772772773,0.2777227227227227,0.2471980932436243,0.7528019067563757,944.9714572161467,415.25242788411526,0.023882806131032375,0.012989788332189757,0.03956701955505505,0.03196760541933434
Bubble,158.1257390817356,0.7212782782782783,0.2787217217217217,0.24796443860484207,0.7520355613951579,944.1349012391926,416.7000618194738,0.02387130436920514,0.013030076125027181,0.03955103946716716,0.031979863956366913
Bubble,158.48981501498017,0.7202792792792793,0.27972072072072074,0.2487330432538822,0.7512669567461178,943.2979810125273,418.1462179953939,0.023859784096009713,0.013070272087284125,0.03953505937927928,0.03199215863319343
Bubble,158.85263399122724,0.7192802802802803,0.28071971971971965,0.24950389056820088,0.7504961094317991,942.4606947527222,419.59088451867916,0.023848245243861803,0.013110375925934798,0.039519079291391396,0.032004489183917996
Bubble,159.21419461750688,0.7182812812812813,0.2817187187187187,0.2502769637878951,0.749723036212105,941.6230406609127,421.0340493775614,0.02383668774467702,0.013150387347556289,0.03950309920350351,0.03201685534044755
Bubble,159.5744954899972,0.7172822822822823,0.2827177177177177,0.25105224605429327,0.7489477539457068,940.7850169226259,422.4757004886086,0.023825111529865495,0.013190306059548955,0.03948711911561562,0.03202925683310909
Bubble,159.93353519521128,0.7162832832832833,0.2837167167167167,0.2518297322681311,0.748170267731869,939.9466217081921,423.91583935140375,0.02381351653034125,0.013230132117972197,0.03947113902772773,0.032041693580334256
Bubble,160.29131230456483,0.7152842842842844,0.28471571571571563,0.2526093830867254,0.7473906169132747,939.1078531702876,425.3544280829896,0.023801902676458958,0.013269864577954614,0.03945515893983985,0.03205416495279357
Bubble,160.64782538170869,0.7142852852852853,0.28571471471471466,0.25339119175506103,0.746608808244939,938.2687094470015,426.7914663790368,0.02379026989809054,0.013309503455353179,0.03943917885195195,0.032066670842433136
Bubble,161.00307297741085,0.7132862862862863,0.2867137137137137,0.254175141000119,0.745824858999881,937.4291886595186,428.2269418746746,0.02377861812456541,0.013349048461190005,0.03942319876406407,0.032079210972952014
Bubble,161.0987451866402,0.3156846846846847,0.6843153153153153,0.30888369609448535,0.6911163039055147,489.7524138624264,482.152251984011,0.014812647983651405,0.014630920618781428,0.033063123784684685,0.032954334491097
Bubble,161.3570536305465,0.7122872872872873,0.2877127127127127,0.254961212887932,0.745038787112068,936.589288912431,429.66084150180507,0.023766947284677323,0.013388499291400558,0.03940721867617618,0.032091785057476646
Bubble,161.7097658677287,0.7112882882882883,0.2887117117117117,0.25574938971691824,0.7442506102830817,935.7490082934664,431.09315251990364,0.023755257306676342,0.013427855653053964,0.03939123858828829,0.032104392812850796
Bubble,162.0612082031081,0.7102892892892894,0.28971071071071064,0.25653965342339546,0.7434603465766044,934.9083448732857,432.52386183605984,0.023743548118262608,0.013467117247119369,0.039375258500400405,0.032117033950125974
Bubble,162.41137913808188,0.7092902902902903,0.29070970970970966,0.2573319857090056,0.7426680142909943,934.0672967052394,433.9529561553641,0.023731819646579055,0.013506283772331725,0.039359278412512515,0.03212970817659982
Bubble,162.76027716100896,0.7082912912912913,0.2917087087087087,0.25812636803021566,0.7418736319697844,933.2258618251192,435.38042197275166,0.023720071818203948,0.013545354925030624,0.039343298324624625,0.03214241519564814
Bubble,163.10790111036425,0.7072922922922923,0.2927077077077077,0.25892546228202856,0.7410745377179714,932.3840384118284,436.80931991010516,0.0237083045632352,0.013584407893169215,0.039327318236736734,0.032155197587209555
Bubble,163.45424874860893,0.7062932932932934,0.2937067067067066,0.2597240356443717,0.7402759643556283,931.5418241562411,438.2336551363534,0.023696517799242593,0.013623291513410313,0.03931133814884885,0.03216797164657093
Bubble,163.7993188581635,0.7052942942942944,0.29470570570570565,0.2605245875062104,0.7394754124937896,930.6992171879007,439.65630340770645,0.023684711454825216,0.013662078406885197,0.03929535806096097,0.03218077735420809
Bubble,164.14310987529518,0.7042952952952953,0.29570470470470467,0.26132711796700286,0.7386728820329972,929.8562154711606,441.0772729131776,0.023672885454260464,0.01370076882832031,0.03927937797307308,0.032193614711711976
Bubble,164.485620219353,0.7032962962962963,0.2967037037037037,0.26213160761737403,0.7378683923826258,929.0128169504652,442.4965495583283,0.023661039721195376,0.013739362473832088,0.03926339788518519,0.03220648340860827
Bubble,164.8268482952077,0.7022972972972973,0.2977027027027027,0.2629380365401518,0.7370619634598481,928.1690195512954,443.91411876125585,0.023649174178669456,0.013777859030420083,0.039247417797297304,0.032219383126299926
Bubble,165.16679249299762,0.7012982982982984,0.2987017017017016,0.26374638455527155,0.7362536154447284,927.3248211799132,445.32996573713314,0.02363728874910695,0.013816258183175816,0.039231437709409414,0.03223231354198458
Bubble,165.5054511879928,0.7002992992992993,0.29970070070070065,0.2645566312237655,0.7354433687762345,926.4802197231696,446.74407550665035,0.02362538335431066,0.013854559615539339,0.039215457621521524,0.03224527432871847
Bubble,165.8428227404189,0.6993003003003003,0.3006996996996997,0.26536875585192093,0.7346312441480791,925.635213048278,448.15643290442915,0.02361345791545491,0.013892763009552491,0.039199477533633634,0.03225826515548292
Bubble,166.17890549535613,0.6983013013013013,0.3016986986986987,0.2661827374974702,0.7338172625025298,924.7897990026286,449.56702258967937,0.023601512353079532,0.013930868046166327,0.03918349744574575,0.03227128568728328
Bubble,166.5136977902663,0.6973023023023024,0.3026976976976976,0.26699860376666146,0.7330013962333385,923.9439754170546,450.9758847374047,0.023589546587171963,0.013968875792545979,0.03916751735785786,0.032284336365711895
Bubble,166.84719792549123,0.6963033033033034,0.30369669669669663,0.2678162413345464,0.7321837586654535,923.0977400923227,452.382898772594,0.023577560536821057,0.014006783313087698,0.03915153726996997,0.032297415378011535
Bubble,167.17940420690226,0.6953043043043043,0.30469569569569566,0.2686356722762751,0.731364327723725,922.2510908182905,453.78809881544817,0.023565554120704747,0.01404459153229497,0.03913555718208208,0.03231052307729853
Bubble,167.510314918366,0.6943053053053053,0.3056946946946947,0.2694568747944854,0.7305431252055146,921.4040253613034,455.1914690130375,0.02355352725676706,0.014082300131769743,0.0391195770941942,0.032323659114900066
Bubble,167.8399283284383,0.6933063063063063,0.3066936936936937,0.2702798268945947,0.7297201731054053,920.5565414670626,456.59299341036046,0.02354147986228998,0.01411990879400409,0.039103597006306307,0.03233682313898863
Bubble,168.16824269041683,0.6923073073073074,0.3076926926926926,0.2711045063954472,0.7288954936045527,919.7086368605073,457.99265596474487,0.023529411853889022,0.014157417202759363,0.039087616918418416,0.03235001479475221
Bubble,168.49525624248065,0.6913083083083084,0.30869169169169164,0.271930890943407,0.7280691090565931,918.8603092457159,459.39044056396284,0.023517323147509383,0.014194825043533539,0.03907163683053054,0.032363233724619835
Bubble,168.820967207772,0.6903093093093093,0.30969069069069066,0.27275895802389183,0.7272410419761082,918.0115563057952,460.7863310410713,0.023505213658421748,0.014232132003942527,0.03905565674264264,0.03237647956844598
Bubble,169.1453738117319,0.6893103103103103,0.3106896896896897,0.27358877564515627,0.7264112243548437,917.1623757107385,462.18041422038675,0.02349308330142213,0.014269340316102096,0.03903967665475476,0.032389753414097486
Bubble,169.46847421603107,0.6883113113113114,0.3116886886886886,0.27442014958388256,0.7255798504161173,916.3127650867494,463.5724790182507,0.02348093199004489,0.014306444862175432,0.039023696566866876,0.03240305215475874
Bubble,169.79026759541793,0.6873123123123124,0.3126876876876876,0.2752582408324364,0.7247417591675637,915.4627225159265,464.96839322970783,0.023468759649369984,0.01434359016843381,0.039007716478978986,0.03241645834617974
Bubble,170.11075022094101,0.6863133133133134,0.31368668668668664,0.27609304469544066,0.7239069553045594,914.612244718445,466.35680775655266,0.023456566169426027,0.014380496823206435,0.038991736391091096,0.032429811952252745
Bubble,170.4299211617908,0.6853143143143143,0.31468568568568567,0.2769294260116532,0.7230705739883468,913.7613296970453,467.7432574613155,0.023444351472968035,0.014417301321204931,0.038975756303203206,0.03244319079142501
Bubble,170.74777855582363,0.6843153153153153,0.3156846846846847,0.27776736191679846,0.7222326380832015,912.9099750080401,469.12772654922594,0.023432115471165613,0.014454003379151537,0.038959776215315316,0.0324565944979573
Bubble,171.0643205276514,0.6833163163163164,0.3166836836836836,0.2786068294825416,0.7213931705174583,912.0581781865151,470.5101992843833,0.023419858074497483,0.014490602718632797,0.03894379612742743,0.032470022705085685
Bubble,171.37954518899207,0.6823173173173174,0.3176826826826826,0.2794478057264918,0.7205521942735081,911.2059367463415,471.89066000062604,0.02340757919275041,0.014527099066348949,0.03892781603953954,0.03248347504518154
Bubble,171.69345066774054,0.6813183183183184,0.31868168168168165,0.2802904044646552,0.7197095955353447,910.3532481937178,473.26924789638605,0.023395278735365788,0.014563495936417254,0.03891183595165165,0.03249695333885707
Bubble,172.00603499750716,0.6803193193193193,0.3196806806806807,0.28113434342099414,0.7188656565790057,909.500109975004,474.64565417464075,0.023382956610097743,0.014599785894740567,0.03889585586376376,0.03251045307079656
Bubble,172.31729627902837,0.6793203203203203,0.3206796796796797,0.28197972323396325,0.7180202767660369,908.6465195525254,476.0200034644058,0.023370612724959397,0.01463597211016756,0.03887987577587588,0.032523975850822805
Bubble,172.6272325765183,0.6783213213213214,0.3216786786786786,0.2828265208951169,0.717173479104883,907.7924743556777,477.3922805811662,0.023358246986965262,0.014672054334433337,0.03886389568798799,0.032537521310890376
Bubble,172.93584194337444,0.6773223223223224,0.32267767767767763,0.2836747133826209,0.7163252866173792,906.9379717928584,478.7624704500283,0.023345859302436333,0.014708032325219268,0.0388479156001001,0.03255108908273975
Bubble,173.24312242261126,0.6763233233233233,0.32367667667667666,0.28452427770061633,0.7154757222993837,906.083009251527,480.1305581483225,0.023333449577000197,0.014743905847154947,0.038831935512212215,0.032564678798526835
Bubble,173.54907204736466,0.6753243243243243,0.3246756756756757,0.2853751907441531,0.7146248092558468,905.2275840982962,481.4965287513829,0.023321017715591977,0.014779674668037502,0.03881595542432433,0.03257829008866254
Bubble,173.85368886940623,0.6743253253253254,0.3256746746746746,0.2862275423482159,0.7137724576517841,904.3716936924465,482.86049467393354,0.023308563622801207,0.014815341643949424,0.03879997533643644,0.0325919243901563
Bubble,174.15697085089474,0.6733263263263264,0.3266736736736736,0.287081095112444,0.712918904887556,903.5153353339489,484.2221997519028,0.023296087201530945,0.014850900700330924,0.03878399524854855,0.03260557790552817
Bubble,174.45891602296044,0.6723273273273274,0.32767267267267264,0.28793592846704125,0.7120640715329587,902.6585063392112,485.58174497769033,0.023283588354948127,0.014886354426111898,0.03876801516066067,0.032619251905351636
Bubble,174.75952451877237,0.6713283283283283,0.32867167167167166,0.2888002195788152,0.7111997804211848,901.8012050227314,486.9483363086469,0.0232710670118158,0.01492192518154505,0.03875203507277277,0.032633077192404686
Bubble,175.0587902057707,0.6703293293293293,0.3296706706706707,0.28965788603321907,0.7103421139667808,900.9434266604558,488.3038964367218,0.023258523022336965,0.014957176465248091,0.03873605498488489,0.03264679651077597
Bubble,175.3567130658442,0.6693303303303304,0.3306696696696696,0.290516776042093,0.7094832239579069,900.0851694578133,489.65726696454107,0.023245956312125338,0.014992322108285064,0.038720074896997005,0.032660535401246915
Bubble,175.65329107661793,0.6683313313313314,0.3316686686686686,0.2913768668787311,0.7086231331212688,899.2264306380458,491.008434148679,0.02323336678129495,0.015027361927335578,0.03870409480910911,0.03267429350027887
Bubble,175.94852220964037,0.6673323323323324,0.33266766766766764,0.29223813577096847,0.7077618642290314,898.3672074042488,492.35738429562565,0.02322075432927405,0.015062295743184014,0.038688114721221224,0.032688070443605985
Bubble,176.24240443072566,0.6663333333333333,0.33366666666666667,0.29310055991880735,0.7068994400811928,897.5074969393982,493.7041037788907,0.023208118854804415,0.015097123381096861,0.038672134633333334,0.03270186586651724
Bubble,176.5349357224757,0.6653343343343344,0.3346656656656656,0.29396420937877116,0.7060357906212289,896.6472964172542,495.04868309058395,0.023195460256221972,0.01513184716407027,0.038656154545445444,0.032715680889643765
Bubble,176.8261140006984,0.6643353353353354,0.3356646646646646,0.29482888815093067,0.7051711118490693,895.7866029613149,496.39091469311956,0.023182778430393697,0.015166462273069385,0.03864017445755756,0.032729512377751104
Bubble,177.1159372353102,0.6633363363363364,0.3366636636636636,0.2956946548923249,0.7043053451076752,894.925413703822,497.73087654443583,0.02317007327424227,0.015200970738877516,0.03862419436966967,0.03274336126912312
Bubble,177.40440337373025,0.6623373373373374,0.33766266266266265,0.2965614866416096,0.7034385133583904,894.063725748186,499.06855520156665,0.02315734468377294,0.015235372402197103,0.03860821428178179,0.03275722719646785
Bubble,177.69151036502296,0.6613383383383383,0.3386616616616617,0.2974293781994739,0.702570621800526,893.2015361806816,500.40395715670303,0.023144592554374708,0.015269667581805833,0.0385922341938939,0.0327711100766166
Bubble,177.97725613998415,0.6603393393393394,0.3396606606606606,0.2982982730384363,0.7017017269615636,892.3388420604804,501.73703160923463,0.023131816780560616,0.015303855232351986,0.038576254106006014,0.032785009005350134
Bubble,178.26163864070105,0.6593403403403404,0.3406596596596596,0.29916816354594494,0.7008318364540551,891.4756404341216,503.0677825281913,0.02311901725634129,0.01533793561830686,0.038560274018118124,0.03279892386089729
Bubble,178.54465784707628,0.6583413413413414,0.34165865865865863,0.3000449283805053,0.6999550716194947,890.6119293451236,504.40278021041814,0.02310619390141735,0.015372065008448017,0.03854429393023023,0.0328129486788674
Bubble,178.82630774465625,0.6573423423423423,0.34265765765765765,0.30091697743056195,0.699083022569438,889.7477038347301,505.729103971812,0.02309334655743236,0.015405936406364494,0.03852831384234234,0.03282689806267702
Bubble,179.10658817619537,0.6563433433433433,0.3436566566566567,0.30178995917743034,0.6982100408225697,888.8829618388215,507.0530713398198,0.023080475140928338,0.01543970026392483,0.03851233375445446,0.03284086236599809
Bubble,179.38549708200426,0.6553443443443444,0.3446556556556556,0.30266388039439573,0.6973361196056043,888.0177003291183,508.3747025109949,0.02306757954326325,0.015473357235949772,0.03849635366656657,0.0328548416971768
Bubble,179.66303237085427,0.6543453453453454,0.3456546546546546,0.303538659696887,0.6964613403031131,887.1519162427139,509.69391956837575,0.02305465965471473,0.01550690565629182,0.03848037357867868,0.03286883475437738
Bubble,179.93919197891532,0.6533463463463464,0.34665365365365364,0.3044142997392123,0.6955857002607878,886.2856065114948,511.0107382780647,0.023041715365242688,0.015540346080916674,0.03846439349079079,0.03288284158005842
Bubble,180.21397383233764,0.6523473473473473,0.34765265265265266,0.3052907758596956,0.6947092241403044,885.4187680432707,512.3251440396649,0.02302874656399789,0.015573678348715762,0.038448413402902906,0.03289686177972928
Bubble,180.48738154711828,0.6513483483483484,0.3486516516516516,0.3061823911331386,0.6938176088668614,884.5514006105618,513.6530368705096,0.023015753214485637,0.015607277180180365,0.038432433315015016,0.032911124146804804
Bubble,180.75940229688246,0.6503493493493494,0.3496506506506506,0.30706161632306717,0.6929383836769328,883.6834956406941,514.9638411067659,0.0230027350629208,0.015640422040666718,0.038416453227127126,0.03292518832086542
Bubble,181.03003714030277,0.6493503503503504,0.3506496496496496,0.30794095934182153,0.6920590406581784,882.8150515601754,516.2714710999373,0.022989692037363924,0.015673441333804865,0.038400473139239236,0.032939254379727716
Bubble,181.29928304152776,0.6483513513513514,0.35164864864864864,0.3088241827295563,0.6911758172704437,881.9460647009075,517.5801103495696,0.022976624011186667,0.015706433480767973,0.03838449305135136,0.03295338250936026
Bubble,181.56713881595024,0.6473523523523523,0.35264764764764767,0.30970347527200465,0.6902965247279954,881.0765323178224,518.8811143144877,0.022963530881606752,0.015739195769090972,0.03836851296346347,0.03296744776079852
Bubble,181.83360420516723,0.6463533533533534,0.3536466466466466,0.310583347236205,0.689416652763795,880.2064521257612,520.179499929519,0.022950412557662173,0.015771846293265862,0.03835253287557558,0.03298152228072506
Bubble,182.0986771390289,0.6453543543543544,0.3546456456456456,0.3114638029306522,0.6885361970693479,879.3358208968539,521.4752852751992,0.02293726892364888,0.015804385683756233,0.038336552787687696,0.03299560613805901
Bubble,182.36235549948577,0.6443553553553554,0.3556446446446446,0.31234473552938946,0.6876552644706104,878.464635358504,522.768365486443,0.022924099862502666,0.01583681169821844,0.0383205726997998,0.03300969762400166
Bubble,182.62464012384208,0.6433563563563564,0.35664364364364365,0.3132320581157444,0.6867679418842557,877.592893745507,524.0652902994876,0.02291090529631672,0.015869277340600035,0.038304592611911915,0.033023891324825264
Bubble,182.88552340845735,0.6423573573573574,0.35764264264264256,0.314114292107771,0.685885707892229,876.720589912865,525.3533807699241,0.022897685032665267,0.01590148686601993,0.03828861252402403,0.03303800362798512
Bubble,183.14500589536016,0.6413583583583584,0.3586416416416416,0.31499694795405736,0.6850030520459426,875.8477218986426,526.638745264288,0.0228844389880976,0.015933583158222336,0.038272632436136135,0.03305212267916789
Bubble,183.4030955097364,0.6403593593593594,0.3596406406406406,0.3158989772378215,0.6841010227621785,874.9742915790514,527.9423084625813,0.022871167179349814,0.01596605277663396,0.03825665234824825,0.03306655162979392
Bubble,183.65977097528162,0.6393603603603604,0.36063963963963963,0.31678319869177546,0.6832168013082245,874.1002856149727,529.2230453083544,0.022857869225302564,0.01599794181217624,0.03824067226036036,0.03308069572459351
Bubble,183.91504295439057,0.6383613613613613,0.36163863863863865,0.31767422260145967,0.6823257773985404,873.225707263968,530.508127667931,0.0228445451783866,0.016029882190313684,0.03822469217247247,0.03309494863215521
Bubble,184.1689027049884,0.6373623623623624,0.36263763763763757,0.3185595025873928,0.681440497412607,872.3505496469965,531.783737720497,0.022831194825824783,0.016061553548013068,0.03820871208458459,0.033109109659338186
Bubble,184.42135131436774,0.6363633633633634,0.3636366366366366,0.31944506249727656,0.6805549375027236,871.4748109995887,533.056531784519,0.022817818088398674,0.016093110634193816,0.0381927319966967,0.033123275164212686
Bubble,184.67238669353964,0.6353643643643644,0.3646356356356356,0.32033085931357613,0.6796691406864239,870.598487877579,534.3264762019776,0.0228044148427593,0.016124552901732404,0.03817675190880881,0.0331374444586659
Bubble,184.92200675265673,0.6343653653653654,0.36563463463463464,0.321216850987929,0.6787831490120709,869.7215768148826,535.5935384569049,0.02279098496477669,0.016155879834028834,0.03816077182092092,0.033151616870088
Bubble,185.17021196720208,0.6333663663663665,0.36663363363363355,0.32210696579017656,0.6778930342098236,868.8440756833749,536.8620489263195,0.022777528365188683,0.01618719146889536,0.03814479173303304,0.033165855235476244
Bubble,185.41699537631914,0.6323673673673674,0.36763263263263257,0.3229934669702012,0.6770065330297987,867.9659783958255,538.1235171796052,0.022764044850748486,0.016218292242717442,0.03812881164514515,0.03318003579700204
Bubble,185.66236208928171,0.6313683683683684,0.3686316316316316,0.32388725524720613,0.6761127447527938,867.0872852462269,539.3899285878485,0.022750534395314964,0.01624945829844916,0.03811283155725726,0.033194332923659836
Bubble,185.90630175027547,0.6303693693693694,0.3696306306306306,0.32477572813559774,0.6752242718644024,866.2079882870023,540.6474591614145,0.022736996756371083,0.016280371776516422,0.03809685146936937,0.03320854502482984
Bubble,186.14882398372845,0.6293703703703704,0.37062962962962964,0.3256755982404587,0.6743244017595412,865.3280901998768,541.9144552427823,0.02272343197011718,0.016311454206819124,0.03808087138148149,0.0332229394370142
Bubble,186.38991020274563,0.6283713713713714,0.37162862862862855,0.3265635617225202,0.6734364382774799,864.4475785673304,543.1653756453069,0.02270983967614322,0.01634211969654791,0.0380648912935936,0.03323714338966961
Bubble,186.62957018651358,0.6273723723723724,0.3726276276276276,0.32745618639731516,0.6725438136026847,863.5664561216903,544.418399418405,0.022696219911601367,0.016372785530880393,0.03804891120570571,0.03325142190323009
Bubble,186.86779608046464,0.6263733733733734,0.3736266266266266,0.3283456463969624,0.6716543536030376,862.6847161257238,545.6649668199457,0.022682572464723074,0.01640325591694724,0.03803293111781782,0.03326564979433045
Bubble,187.10458708381418,0.6253743743743744,0.3746256256256256,0.32923376756052825,0.6707662324394718,861.802355602298,546.9070946996875,0.022668897222289593,0.016433577425170844,0.03801695102992993,0.03327985626927497
Bubble,187.33994201807334,0.6243753753753755,0.37562462462462454,0.3301217259875611,0.6698782740124388,860.9193713535469,548.1460850112392,0.022655194065083116,0.016463780106382338,0.038000970942042044,0.03329406014106962
Bubble,187.57385877589044,0.6233763763763764,0.37662362362362356,0.3310094697383784,0.6689905302616216,860.0357596586654,549.3818950176465,0.02264146285991824,0.016493863248024505,0.03798499085415416,0.03330826057888208
Bubble,187.80633524408248,0.6223773773773774,0.3776226226226226,0.3318969451565163,0.6681030548434836,859.151516770303,550.6144801806345,0.022627703472686205,0.01652382610124761,0.03796901076626626,0.033322456724418144
Bubble,188.03737017118718,0.6213783783783784,0.3786216216216216,0.33278501986181536,0.6672149801381846,858.2666393882338,551.8448015363905,0.02261391578083337,0.01655369076797206,0.03795303067837838,0.033336662456211585
Bubble,188.26695980470515,0.6203793793793794,0.37962062062062063,0.33367187039012514,0.6663281296098749,857.3811228237247,553.0708825023398,0.02260009962499933,0.016583412585301063,0.03793705059049049,0.03335084860594748
Bubble,188.49510278129955,0.6193803803803805,0.38061961961961954,0.3345582882306017,0.6654417117693984,856.4949636666848,554.2936016760751,0.02258625487927356,0.016613011816677105,0.03792107050260261,0.033365027834365533
Bubble,188.72179695931405,0.6183813813813814,0.38161861861861857,0.3354442137923847,0.6645557862076151,855.6081580587561,555.512908343326,0.02257238140570718,0.01664248759266127,0.03790509041471472,0.033379199188244356
Bubble,188.94704018764347,0.6173823823823824,0.3826176176176176,0.3363295858347355,0.6636704141652644,854.7207021119849,556.7287500707156,0.022558479065337474,0.0166718390101845,0.03788911032682683,0.03339336168797101
Bubble,189.1708303047805,0.6163833833833834,0.3836166166166166,0.33721434144081197,0.662785658559188,853.8325919080573,557.9410726789264,0.02254454771816554,0.016701065132103243,0.03787313023893894,0.03340751432712138
Bubble,189.39316513771334,0.6153843843843844,0.38461561561561564,0.3380984159937978,0.6619015840062024,852.9438234974391,559.1498202182904,0.022530587223131435,0.01673016498680996,0.03785715015105105,0.03342165607207839
Bubble,189.61404250094643,0.6143853853853855,0.38561461461461455,0.33898174315539437,0.6610182568446057,852.0543928985741,560.3549349470641,0.02251659743809069,0.016759137567905653,0.03784117006316317,0.033435785861688
Bubble,189.83346019526553,0.6133863863863864,0.38661361361361357,0.3398642548469167,0.6601357451530833,851.16429609693,561.5563573122782,0.022502578219786865,0.016787981833928815,0.03782518997527528,0.033449902606956766
Bubble,190.05141600659752,0.6123873873873874,0.3876126126126126,0.34074588123463767,0.6592541187653624,850.2735290440812,562.7540259352676,0.02248852942382486,0.016816696708189874,0.03780920988738739,0.03346400519081739
Bubble,190.2679077046346,0.6113883883883884,0.3886116116116116,0.3416265507122222,0.658373449287778,849.3820876566492,563.9478775937886,0.022474450904640536,0.016845281078526255,0.0377932297994995,0.03347809246784778
Bubble,190.48293304146216,0.6103893893893895,0.38961061061061053,0.34250618989690707,0.6574938101030929,848.489967815228,565.1378472189961,0.02246034251546976,0.0168737337973898,0.037777249711611616,0.03349216326420992
Bubble,190.69648975019538,0.6093903903903904,0.39060960960960955,0.3433847236192709,0.6566152763807291,847.5971653633025,566.3238678854158,0.02244620410831724,0.016902053681774252,0.037761269623723726,0.03350621637748623
Bubble,190.90857554335133,0.6083913913913914,0.3916086086086086,0.34426207492143485,0.6557379250785652,846.7036761059985,567.5058708097255,0.022432035533920803,0.016930239513335665,0.037745289535835835,0.03352025057665077
Bubble,191.11918811129567,0.6073923923923924,0.3926076076076076,0.34513816505782713,0.6548618349421728,845.8094958088598,568.6837853522926,0.022417836641716284,0.01695829003857129,0.037729309447947945,0.033534264602081504
Bubble,191.32832512056834,0.6063933933933934,0.3936066066066066,0.346012913499805,0.6539870865001949,844.9146201965397,569.8575390226762,0.02240360727980008,0.01698620396908189,0.037713329360060055,0.033548257165634233
Bubble,191.53598421201303,0.6053943943943945,0.39460560560560554,0.34688623794488666,0.6531137620551134,844.0190449513597,571.0270574897997,0.022389347294888087,0.0170139799819319,0.03769734927217218,0.033562226950790204
Bubble,191.74216299903816,0.6043953953953954,0.39560460460460456,0.34775805432476437,0.6522419456752355,843.1227657119256,572.1922645908055,0.022375056532276047,0.017041616719975384,0.03768136918428429,0.03357617261278436
Bubble,191.9468590656458,0.6033963963963964,0.3966036036036036,0.34862827684219755,0.6513717231578025,842.2257780715897,573.3530823707467,0.02236073483579568,0.0170691127928608,0.0376653890963964,0.03359009277919548
Bubble,192.15006996433598,0.6023973973973974,0.3976026026026026,0.34949681796601867,0.6505031820339814,841.328077576819,574.5094310767379,0.022346382047768253,0.017096466777012747,0.037649409008508515,0.03360398604986624
Bubble,192.3517932140664,0.6013983983983985,0.3986016016016015,0.3503635884748102,0.6496364115251897,840.4296597255735,575.6612292045628,0.0223319980089583,0.01712367721677471,0.037633428920620625,0.03361785099760191
Bubble,192.55202629803642,0.6003993993993995,0.39960060060060054,0.35122849748365687,0.6487715025163431,839.5305199655611,576.8083935266309,0.022317582558523893,0.017150742625125736,0.037617448832732735,0.033631686168598324
Bubble,192.75076666140538,0.5994004004004004,0.40059959959959957,0.35209145250641294,0.6479085474935872,838.6306536924235,577.9508391579608,0.022303135533965,0.017177661485230086,0.03760146874484485,0.03364549008343783
Bubble,192.9480117088861,0.5984014014014014,0.4015985985985986,0.35295235940937286,0.6470476405906271,837.7300562478321,579.0884795047682,0.022288656771069303,0.017204432249375005,0.037585488656956954,0.03365926123634827
Bubble,193.14375880239146,0.5974024024024024,0.4025975975975976,0.3538111225827995,0.6461888774172004,836.8287229175805,580.2212264476949,0.022274146103857757,0.017231053343096145,0.03756950856906907,0.033672998097946716
Bubble,193.33800525840078,0.5964034034034035,0.4035965965965965,0.3546676449004081,0.6453323550995919,835.926648929491,581.3489902959651,0.022259603364525125,0.017257523164213893,0.03755352848118119,0.03368669911459142
Bubble,193.53074834545794,0.5954044044044045,0.40459559559559555,0.35552182781742636,0.6444781721825735,835.0238294513632,582.4716798907303,0.022245028383381427,0.017283840085161765,0.03753754839329329,0.03370036270995033
Bubble,193.7219852814911,0.5944054054054054,0.40559459459459457,0.3563735714196986,0.6436264285803014,834.1202595887959,583.589202655226,0.022230420988789835,0.01731000245412263,0.03752156830540541,0.033713987285786645
Bubble,193.91174215775064,0.5934064064064064,0.4065935935935936,0.3572338315303003,0.6427661684696997,833.2159513615243,584.7133698406287,0.022215781459797475,0.017336270664626004,0.03750558821751752,0.03372774809254184
Bubble,194.09996290086312,0.5924074074074074,0.4075925925925926,0.3580817231631649,0.6419182768368351,832.3108685803537,585.8217041118215,0.022201108789999414,0.017362150012810537,0.03748960812962963,0.03374131105189031
Bubble,194.2866681753242,0.5914084084084085,0.40859159159159153,0.35892653487015386,0.6410734651298462,831.4050199724355,586.9242263247725,0.0221864031698862,0.017387861758088683,0.03747362804174175,0.03375482474443647
Bubble,194.47185603908267,0.5904094094094094,0.40959059059059055,0.35976855998689566,0.6402314400131043,830.4984010017623,588.0212674449924,0.02217166443618935,0.017413413595634027,0.03745764795385386,0.03376829386240638
Bubble,194.65552345408153,0.5894104104104104,0.4105895895895896,0.36060769575952084,0.6393923042404792,829.591006453251,589.1127320023745,0.022156892407224713,0.017438803840266262,0.03744166786596597,0.033781716762138876
Bubble,194.8376673170934,0.5884114114114114,0.4115885885885886,0.3614438385543636,0.6385561614456364,828.6828310369922,590.1985236101212,0.022142086898998534,0.0174640307932637,0.03742568777807808,0.033795091785899456
Bubble,195.0131339383331,0.45654354354354354,0.5434564564564565,0.34050141959630287,0.6594985804036971,690.787307065954,567.5838341841664,0.019560004605413583,0.01696300737607407,0.03531631617687688,0.033460094758004426
Bubble,195.01815763432472,0.5874124124124125,0.4125875875875875,0.3622457208875146,0.6377542791124853,827.7737937660391,591.2450482281805,0.022127245703742908,0.017488359817340975,0.0374097076901902,0.03380791877588876
Bubble,195.19707717068044,0.5864134134134135,0.41358658658658654,0.3630366481341048,0.6369633518658953,826.863940012786,592.2773980972582,0.02211236998907476,0.017512342011516573,0.03739372760230231,0.03382057052721796
Bubble,195.37444358818985,0.5854144144144144,0.41458558558558556,0.36382219193701665,0.6361778080629833,825.9532766263333,593.3015806990628,0.022097459893959934,0.017536109505644402,0.03737774751441442,0.033833136164443715
Bubble,195.55025194633288,0.5844154154154154,0.4155845845845846,0.36460223004943354,0.6353977699505665,825.0417969640635,594.3174809224942,0.022082515196491775,0.01755966033373887,0.037361767426526526,0.03384561373209375
Bubble,195.72449716132243,0.5834164164164164,0.4165835835835836,0.3653766438847457,0.6346233561152542,824.1294942465294,595.3249874847429,0.022067535670719944,0.017582992617470306,0.037345787338638636,0.033858001333244785
Bubble,195.8971740049822,0.5824174174174175,0.4175825825825825,0.3661453186857121,0.6338546813142878,823.2163615551902,596.3239930969912,0.02205252108658113,0.017606104569114413,0.03732980725075075,0.03387029713222851
Bubble,196.06827710430593,0.5814184184184185,0.41858158158158154,0.3669081437743194,0.6330918562256805,822.3023918305255,597.3143947166966,0.022037471209839714,0.017628994496375214,0.03731382716286286,0.033882499358628394
Bubble,196.2378009410364,0.5804194194194194,0.41958058058058056,0.36766501269710616,0.6323349873028938,821.3875778701422,598.2960936878369,0.02202238580202805,0.01765166080475486,0.03729784707497497,0.03389460630960418
Bubble,196.40573985191853,0.5794204204204204,0.4205795795795796,0.36841582339710877,0.6315841766028911,820.4719123272668,599.2689959100575,0.022007264620396955,0.01767410200054816,0.03728186698708708,0.033906616352642485
Bubble,196.572088029363,0.5784214214214215,0.4215785785785785,0.36916047838158,0.6308395216184199,819.5553877094618,600.2330120034937,0.02199210741787211,0.017696316693737082,0.0372658868991992,0.03391852792823959
Bubble,196.73683952246193,0.5774224224224225,0.4225775775775775,0.3698988848460011,0.6301011151539988,818.6379963775529,601.1880574271526,0.021976913943015954,0.01771830359987516,0.03724990681131132,0.03393033955188511
Bubble,196.89998823855288,0.5764234234234235,0.42357657657657655,0.37063095479907493,0.6293690452009251,817.7197305448764,602.1340525988054,0.021961683939998155,0.017740061542007215,0.037233926723423426,0.033942049816061484
Bubble,197.06152794537763,0.5754244244244244,0.42457557557557557,0.371356605214201,0.628643394785799,816.8005822768847,603.0709230436408,0.021946417148575488,0.01776158945321421,0.03721794663553554,0.03395365739266688
Bubble,197.22145227323554,0.5744254254254254,0.4255745745745746,0.37207575806523385,0.6279242419347661,815.8805434907495,603.9985994195711,0.021931113304071798,0.017782886376493022,0.03720196654764765,0.03396516103358729
Bubble,197.3797547179817,0.5734264264264265,0.4265735735735735,0.37278834044976,0.6272116595502398,814.9596059554859,604.9170176367484,0.021915772137371742,0.017803951466685834,0.03718598645975976,0.03397655957266841
Bubble,197.53642864437776,0.5724274274274275,0.42757257257257253,0.3734942846488018,0.6265057153511981,814.0377612923039,605.8261189097485,0.02190039337492072,0.01782478399096323,0.03717000637187188,0.0339878519266707
Bubble,197.6914672898465,0.5714284284284284,0.42857157157157155,0.37419352818193724,0.6258064718180628,813.1150009752188,606.7258498054476,0.021884976738731785,0.01784538332922767,0.03715402628398398,0.03399903709615108
Bubble,197.84486376855963,0.5704294294294294,0.4295705705705706,0.37488601384041614,0.6251139861595839,812.1913163318873,607.6161622680053,0.021869521946398563,0.017865748974038177,0.0371380461960961,0.03401011416599269
Bubble,197.99661107615592,0.5694304304304305,0.4305695695695695,0.37557168973936306,0.6244283102606368,811.266698544856,608.4970136649927,0.02185402871111944,0.017885880531007915,0.03712206610820821,0.03402108230623982
Bubble,198.14670209441698,0.5684314314314315,0.4315685685685685,0.3762505093020117,0.6237494906979884,810.3411386528044,609.3683667614682,0.021838496741721534,0.017905777717666604,0.037106086020320325,0.03403194077184591
Bubble,198.29512959698815,0.5674324324324325,0.43256756756756753,0.37692243128196745,0.6230775687180327,809.4146275524774,610.2301897357872,0.021822925742703444,0.01792544036324588,0.037090105932432435,0.034042688903029486
Bubble,198.441886254767,0.5664334334334334,0.43356656656656656,0.3775874197442537,0.6224125802557462,808.4871560004361,611.0824561516615,0.02180731541427308,0.017944868407540355,0.037074125844544545,0.03405332612497105
Bubble,198.58696464209504,0.5654344344344344,0.4345655655655656,0.378245444051594,0.621754555948406,807.5587146153537,611.9251449368903,0.02179166545240041,0.017964061899937805,0.037058145756656655,0.034063851947593704
Bubble,198.74249251626054,0.5644354354354355,0.4355645645645645,0.3804760383500307,0.6195239616499693,806.6369896655216,614.444971174691,0.021776183306302162,0.018019161011748445,0.03704216566876877,0.034099532757050924
Bubble,198.88492879502206,0.5634364364364365,0.4365635635635635,0.3811562760441367,0.6188437239558632,805.7070696890612,615.306920855243,0.021760466465795013,0.018038682336974816,0.03702618558088088,0.03411041390722962
Bubble,199.0206360682426,0.5624374374374375,0.43756256256256254,0.38118578912626494,0.6188142108737351,804.772947635253,615.4723815057819,0.02174462251466336,0.01804328335182357,0.037010205492993,0.03411088600144265
Bubble,199.15943627882461,0.5614384384384384,0.43856156156156156,0.3818401414183541,0.618159858581646,803.8408721185517,616.3025829127957,0.02172882019601967,0.018062079231057737,0.03699422540510511,0.034121353086142135
Bubble,199.29653892566253,0.5604394394394395,0.4395605605605605,0.382487328612819,0.617512671387181,802.9077919691713,617.1230507345024,0.021712977051275444,0.01808063912012439,0.036978245317217225,0.03413170555722351
Bubble,199.43193616801403,0.5594404404404405,0.4405595595595595,0.38312732875041544,0.6168726712495847,801.9736971653621,617.9337720110632,0.0216970927563444,0.018098963227228898,0.036962265229329334,0.034141943063424524
Bubble,199.5656200805475,0.5584414414414415,0.4415585585585585,0.38376012522106284,0.6162398747789373,801.0385775458976,618.7347391653985,0.02168116698280442,0.018117051868542552,0.036946285141441444,0.034152065339048646
Bubble,199.69758266082806,0.5574424424424425,0.44255755755755755,0.3843857067081378,0.6156142932918622,800.1024228132939,619.5259499402847,0.021665199397975333,0.018134905466435296,0.036930305053553554,0.034162072203074045
Bubble,199.82781583686597,0.5564434434434434,0.44355655655655657,0.38500406711296725,0.6149959328870327,799.1652225371307,620.3074073150183,0.02164918966499973,0.018152524547299043,0.036914324965665664,0.03417196355794574
Bubble,199.95631147480157,0.5554444444444445,0.4445555555555555,0.3856152054594847,0.6143847945405152,798.226966157525,621.0791194017503,0.021633137442927997,0.018169909738966424,0.03689834487777778,0.03418173938805046
Bubble,200.08306138762092,0.5544454454454455,0.4455545545545545,0.38621912586553503,0.613780874134465,797.287642989329,621.8410994137168,0.021617042386823302,0.018187061769688057,0.03688236478988989,0.03419139975925768
Bubble,200.20805734242785,0.5534464464464465,0.44655355355355353,0.38681583736336994,0.6131841626366301,796.3472422254611,622.5933654731783,0.021600904147843276,0.01820398146372369,0.03686638470200201,0.034200944816048205
Bubble,200.33129106954283,0.5524474474474474,0.44755255255255255,0.3874053538516216,0.6125946461483783,795.4057529414958,623.3359405606147,0.02158472237335616,0.01822066973997131,0.03685040461411411,0.03421037478074592
Bubble,200.4527542708065,0.5514484484484484,0.4485515515515516,0.3879876939771348,0.612012306022865,794.4631640998066,624.0688523895045,0.021568496707044964,0.01823712760903671,0.03683442452622623,0.03421968995162764
Bubble,200.57243862807226,0.5504494494494495,0.4495505505505505,0.38856288102111664,0.6114371189788834,793.5194645539049,624.7921332864033,0.021552226789017415,0.018253356170443765,0.036818444438338344,0.03422889070110189
Bubble,200.69033581270287,0.5494504504504505,0.4505495495495495,0.3891309428248457,0.6108690571751544,792.5746430535221,625.5058201141652,0.021535912255936235,0.018269356610788674,0.036802464350450446,0.03423797747452052
Bubble,200.80513523004808,0.5484514514514515,0.45154854854854853,0.38959674525261206,0.610403254747388,791.6278249639814,626.1083607266971,0.021519529273679935,0.018282976391619257,0.03678648426256257,0.034245428496735314
Bubble,200.92942913630804,0.5474524524524524,0.45254754754754756,0.39057086246121253,0.6094291375387876,790.687367997647,627.2550664185663,0.02150330504693556,0.018308130902379056,0.03677050417467468,0.03426101057301581
Bubble,201.04025616061435,0.5464534534534535,0.45354654654654647,0.3909746678905899,0.6090253321094102,789.7380227762006,627.7877395106365,0.021486824884779574,0.018320224446585754,0.03675452408678679,0.03426746988504467
Bubble,201.14911069099048,0.5454544544544545,0.4545455455455455,0.39137008487870556,0.6086299151212944,788.7874017910733,628.3094599484846,0.02147029566045715,0.01833206564019202,0.03673854399889891,0.03427379501472826
Bubble,201.25598275300075,0.5444554554554555,0.4555445445445445,0.3917573944801832,0.6082426055198167,787.8354912722825,628.8205276882848,0.02145371693494569,0.018343661106369674,0.036722563911011016,0.03427999045784445
Bubble,201.377808810998,0.5434564564564565,0.45654354354354354,0.3933535567004557,0.6066464432995444,786.8936707234026,630.6184583231015,0.02143739865619701,0.018382417941236396,0.036706583823123126,0.03430552282833617
Bubble,201.48168638457125,0.5424574574574574,0.45754254254254256,0.3937492237104012,0.6062507762895988,785.9398464470731,631.1347088577877,0.021420739002239647,0.018394072976343177,0.036690603735235236,0.034311851957393946
Bubble,201.58357611897944,0.5414584584584585,0.4585415415415415,0.3941368534960742,0.6058631465039258,784.9847112197207,631.6404056877698,0.021404029084740123,0.01840548513873305,0.03667462364734735,0.034318052522208556
Bubble,201.68346850265812,0.5404594594594595,0.4595405405405405,0.39451670887854057,0.6054832911214595,784.028251250518,632.1358286403549,0.02138726846177062,0.018416660585038932,0.03665864355945946,0.03432412872689203
Bubble,201.76670269397687,0.5394604604604605,0.4605395395395395,0.39397176256630173,0.6060282374336982,783.0604886880885,631.6425053647941,0.021370184765515457,0.018406962757170676,0.03664266347157157,0.034315411711186815
Bubble,201.8618117130215,0.5384614614614615,0.46153853853853855,0.39432160498176994,0.6056783950182301,782.1007900948291,632.1016948423382,0.021353306328665195,0.018417340716132394,0.03662668338368368,0.03432100782544889
Bubble,201.95488991035202,0.5374624624624625,0.46253753753753746,0.3946652389975485,0.6053347610024514,781.1397180799659,632.5522627484821,0.02133637564317614,0.01842751744097888,0.0366107032957958,0.03432650462952869
Bubble,202.0459313158224,0.5364634634634635,0.4635365365365365,0.3950029375556732,0.6049970624443268,780.1772607120986,632.9944999529,0.02131939231455935,0.018437499244258547,0.03659472320790791,0.0343319064894343
Bubble,202.13493046676334,0.5354644644644645,0.4645355355355355,0.39533497003139095,0.6046650299686092,779.2134063043667,633.4286935571831,0.021302355954321818,0.018447292347065245,0.03657874312002002,0.034337217714119135
Bubble,202.22188241234778,0.5344654654654655,0.4655345345345345,0.39566160236631115,0.6043383976336889,778.248143421366,633.8551270543305,0.021285266180168738,0.018456902883101454,0.036562763032132135,0.034342442557611756
Bubble,202.30678271256778,0.5334664664664664,0.46653353353353355,0.3959830970421329,0.604016902957867,777.2814608824524,634.2740803153961,0.02126812261610749,0.018466336899049376,0.036546782944244245,0.03434758521859566
Bubble,202.38962743431298,0.5324674674674675,0.46753253253253246,0.39629971288884913,0.6037002871111509,776.3133477631002,634.6858293992157,0.02125092489249854,0.018475600351193645,0.03653080285635636,0.03435264983734132
Bubble,202.4704131489662,0.5314684684684685,0.4685315315315315,0.39661170513252514,0.6033882948674749,775.3437933973382,635.0906466153612,0.021233672646136143,0.018484699107338437,0.03651482276846847,0.03435764049647039
Bubble,202.54913692725748,0.5304694694694695,0.4695305305305305,0.39691932525421175,0.6030806747457883,774.372787378317,635.4888003857269,0.021216365520277895,0.018493638944465998,0.03649884268058058,0.0343625612186989
Bubble,202.62579634154403,0.5294704704704705,0.47052952952952953,0.397222821300437,0.6027771786995629,773.4003195640869,635.8805555872169,0.021199003164817293,0.01850242555648969,0.0364828625926927,0.03436741597180392
Bubble,202.7003894513628,0.5284714714714714,0.47152852852852856,0.3975224374650064,0.6024775625349937,772.4263800717339,636.2661731132954,0.021181585236137484,0.018511064545524467,0.03646688250480481,0.034372208661933995
Bubble,202.77291480451646,0.5274724724724725,0.47252752752752747,0.39781841440406607,0.6021815855959338,771.4509592823536,636.6459102198323,0.021164111397261924,0.01851956142965114,0.03645090241691692,0.034376943138648884
Bubble,202.8109743523244,0.5144854854854856,0.48551451451451444,0.38457055998129774,0.6154294400187023,758.1052521990711,622.7800443967219,0.020917194459388593,0.01822858227179232,0.03624316127437438,0.03416502913451684
Bubble,202.8239430066107,0.5174824824824825,0.4825175175175175,0.3863788865363969,0.6136211134636032,761.205611998286,624.6913874745095,0.0209749933107001,0.018269059015468696,0.036291101538038044,0.034193955306924866
Bubble,202.83318846373166,0.5164834834834835,0.4835165165165165,0.38597847861635626,0.6140215213836437,760.1824180355753,624.2801453578867,0.020956026820757305,0.018260452682820304,0.036275121450150154,0.0341875503417951
Bubble,202.84337143054825,0.5264734734734735,0.4735265265265265,0.39811098921935345,0.6018890107806466,770.4740478407425,637.0200205150638,0.021146581317860465,0.018527921643157228,0.036434922329029035,0.034381623194651705
Bubble,202.87834843377055,0.5154844844844845,0.4845155155155155,0.38638106114924664,0.6136189388507534,759.1852976844099,624.7472826268059,0.020937762703739964,0.01827067507890556,0.036259141362262264,0.034193990092249466
Bubble,202.90765677118674,0.5134864864864865,0.48651351351351346,0.3860722807378698,0.6139277192621302,757.1457306104164,624.452104827405,0.020899934960792586,0.018264680944180618,0.03622718118648649,0.03418905080991104
Bubble,202.91175884556182,0.5254744744744745,0.4745255255255255,0.39840039594349513,0.6015996040565049,769.4956366631193,637.3887544866587,0.021128994674475977,0.018536150548050925,0.03641894224114114,0.03438625257355175
Bubble,202.92462181556377,0.5114884884884885,0.4885115115115115,0.3857312116848384,0.6142687883151614,755.0960574771981,624.1109098282311,0.02086176120471136,0.01825761477647338,0.03619522101071071,0.03418359503523185
Bubble,202.9470751218837,0.5124874874874875,0.4875125125125125,0.38647956453034954,0.6135204354696504,756.143938543744,624.9184624885121,0.020881492897318096,0.018274839107343992,0.0362112010985986,0.034195565762183924
Bubble,202.95972340170894,0.5014984984984985,0.4985015015015015,0.38581177863997157,0.6141882213600284,744.7948484861822,624.2299632304483,0.020668410296353638,0.018260409104301285,0.03603542013183183,0.03418488379230285
Bubble,202.96473591425087,0.5104894894894895,0.48951051051051053,0.38622986553607636,0.6137701344639236,754.0944230273457,624.6738787487492,0.020843290345310784,0.018269820613447434,0.03617924092282282,0.034191571552101625
Bubble,202.97163650930247,0.5064934934934935,0.4935065065065065,0.3857770066790102,0.6142229933209898,749.9709607521751,624.2054879811932,0.020766005919071257,0.018259990242125077,0.036115320571271266,0.034184327576538116
Bubble,202.97699962496955,0.5004994994994995,0.49950050050050054,0.3862503129651157,0.6137496870348843,743.7739644167941,624.7071420705212,0.02064923728712565,0.01827061868685142,0.036019440043943945,0.03419189863122129
Bubble,202.9772363748457,0.5084914914914915,0.49150850850850847,0.3860749969514681,0.6139250030485318,752.0400379392962,624.5237314191302,0.02080488552380893,0.018266752745564857,0.036147280747047046,0.034189094258735384
Bubble,202.97807700842304,0.5244754754754755,0.47552452452452454,0.3986868641022467,0.6013131358977534,768.5157169104381,637.7523579655101,0.021111351149806293,0.01854425340213,0.036402962153253254,0.03439083494686595
Bubble,202.9926597597754,0.5054944944944946,0.4945055055055054,0.38610957512819416,0.6138904248718059,748.9540462102365,624.5752497470213,0.020747028510257184,0.018267964068241684,0.03609934048338339,0.03418964737470811
Bubble,202.99514974471364,0.5034964964964965,0.4965035035035035,0.38619761877596354,0.6138023812240365,746.8895316349733,624.6700334225302,0.020708172461237326,0.01826998377472947,0.03606738030760761,0.03419105572970219
Bubble,202.9967075734587,0.5094904904904906,0.49050950950950944,0.3866088279519385,0.6133911720480616,753.0865997405662,625.1031141813801,0.020824632025800587,0.01827913369147417,0.036163260834934936,0.03419763347280201
Bubble,203.00395713660646,0.5074924924924925,0.4925075075075075,0.38643341713732077,0.6135665828626793,751.0278781806811,624.9262319843416,0.02078607369453494,0.018275460826687115,0.03613130065915916,0.034194827583870296
Bubble,203.00687122462375,0.5044954954954955,0.49550450450450445,0.38624668865471556,0.6137533113452845,747.9317830386666,624.7325888976027,0.02072788606274141,0.018271393902885832,0.0360833603954955,0.0341918406563897
Bubble,203.00929225546722,0.5024974974974975,0.4975025025025025,0.38651491650526576,0.6134850834947343,745.8667623084368,625.0168877946044,0.02068898178053167,0.0182774151589615,0.036051400219719726,0.03419613125590988
Bubble,203.04232636647612,0.5234764764764765,0.47652352352352345,0.39897062086845103,0.601029379131549,767.5342800250343,638.1110744411791,0.021093650433724898,0.018552235408084372,0.036386982065365364,0.034395373948473834
Bubble,203.10218381523867,0.5224774774774775,0.4775225225225225,0.39916656049085725,0.6008334395091428,766.5496556963375,638.3735007477774,0.021075846526609814,0.01855817399688165,0.03637100197747748,0.03439850821826781
Bubble,203.21683010697964,0.5214784784784785,0.4785215215215215,0.40154830279279347,0.5984516972072066,765.6042649211681,640.9781712692381,0.02105910614622411,0.018613279028173692,0.03635502188958959,0.03443660680630381
Bubble,203.26888071869155,0.5204794794794795,0.4795205205205205,0.40155440348282395,0.598445596517176,764.6140265636672,641.0339368015666,0.02104111689945169,0.018614845644799934,0.03633904180170171,0.03443670439355159
Bubble,203.31862732170458,0.5194804804804805,0.48051951951951954,0.401564592252088,0.598435407747912,763.6220393978269,641.0918157741847,0.021023063678231126,0.018616438272660962,0.03632306171381382,0.03443686737412363
Bubble,203.36609095756305,0.5184814814814815,0.48151851851851846,0.40157915137772326,0.5984208486222767,762.6283076265187,641.1521213919359,0.021004946513848852,0.018618063556130143,0.036307081625925934,0.0344371002633532
