Branch,Pressure [bar],x_CO2 [-],x_CH4 [-],y_CO2 [-],y_CH4 [-],rho_L [kg/m3],rho_V [kg/m3],rho_L_mol_cm3 [mol/cm3],rho_V_mol_cm3 [mol/cm3],M_liq [kg/mol],M_vap [kg/mol]
Dew,32.080331358803065,0.999959995861665,4.000413833504111e-05,0.999,0.0010000000000000009,946.0680371046781,88.39173734923479,0.021497725525927255,0.0020103877755833464,0.044007820081416335,0.04396750638
Dew,32.12821404205102,0.999919913682666,8.008631733411205e-05,0.9980010010010011,0.001998998998998913,946.0105369487574,88.4043234666289,0.021497241155422352,0.0020125943514633145,0.044006136885622674,0.043925554795655665
Dew,32.17622649165675,0.9998797132980549,0.00012028670194503063,0.9970020020020021,0.0029979979979979365,945.9528653758751,88.41702878129976,0.02149675527733833,0.0020148078624161302,0.04400444872594747,0.04388360321131131
Dew,32.22436232282232,0.9998393945559442,0.00016060544405588614,0.996003003003003,0.00399699699699696,945.8950169794285,88.42982262886368,0.021496267771583547,0.0020170276289151147,0.04400275559601238,0.043841651626966974
Dew,32.27262493587198,0.999798957281966,0.0002010427180339877,0.995004004004004,0.004995995995995983,945.8369941593442,88.44271775626868,0.02149577869592454,0.0020192539599632594,0.044001057488495116,0.043799700042622625
Dew,32.321020372327624,0.9997584012731495,0.00024159872685051856,0.9940050050050051,0.0059949949949948955,945.7788012648404,88.4557383894362,0.021495288153024913,0.002021487428078621,0.04399935439487217,0.04375774845827828
Dew,32.3695422416042,0.9997177263927479,0.00028227360725211647,0.9930060060060061,0.006993993993993919,945.7204329840273,88.46885400798563,0.021494796024621756,0.0020237273556538145,0.04399764630940103,0.04371579687393394
Dew,32.41819278088035,0.9996769324609461,0.0003230675390537987,0.9920070070070071,0.007992992992992942,945.6618907267105,88.48207212037774,0.021494302346095968,0.0020259739332242617,0.04399593322453064,0.0436738452895896
Dew,32.46697226803639,0.9996360193084528,0.0003639806915471996,0.991008008008008,0.008991991991991966,945.6031743792363,88.49539161020924,0.021493807117988047,0.0020282271543847906,0.04399421513315183,0.04363189370524525
Dew,32.51588098110334,0.9995949867664182,0.0004050132335817593,0.990009009009009,0.009990990990990989,945.544283829437,88.50881136910837,0.021493310340861903,0.002030487012889824,0.043992492028174,0.0435899421209009
Dew,32.5649231587455,0.9995538346218746,0.00044616537812538397,0.9890100100100101,0.010989989989989901,945.4852218810552,88.52234749060267,0.02149281208246993,0.002032753897479889,0.04399076390065385,0.043547990536556565
Dew,32.61409175757247,0.9995125627845655,0.00048743721543452326,0.9880110110110111,0.011988988988988925,945.4259830048715,88.53596704730298,0.021492312218623306,0.00203502707163372,0.04398903074680119,0.043506038952212216
Dew,32.6633904235358,0.9994711710524216,0.0005288289475784405,0.987012012012012,0.012987987987987948,945.3665695946445,88.549683609303,0.02149181080752622,0.0020373068657773314,0.04398729255813039,0.043464087367867874
Dew,32.712819435480405,0.9994296592582322,0.0005703407417677848,0.986013013013013,0.013986986986986971,945.3069815439272,88.56349609985361,0.021491307849833854,0.002039593274300867,0.04398554932761969,0.04342213578352353
Dew,32.76237907247911,0.999388027235171,0.0006119727648290825,0.9850140140140141,0.014985985985985883,945.2472187476774,88.57740344992276,0.021490803346224167,0.0020418862917506646,0.04398380104826342,0.04338018419917918
Dew,32.81206961385015,0.999346274816783,0.0006537251832170422,0.9840150150150151,0.015984984984984907,945.1872811022428,88.59140459814401,0.021490297297397803,0.0020441859128288225,0.04398204771307155,0.04333823261483484
Dew,32.86189133917232,0.999304401836973,0.0006955981630270119,0.9830160160160161,0.01698398398398393,945.1271685053456,88.60549849075619,0.021489789704078024,0.0020464921323925635,0.04398028931506914,0.0432962810304905
Dew,32.911844528302304,0.9992624081299922,0.0007375918700077717,0.982017017017017,0.017982982982982954,945.0668808560666,88.61968408155339,0.021489280567010584,0.0020488049454538285,0.043978525847295814,0.04325432944614615
Dew,32.96192946139189,0.9992202935304255,0.000779706469574474,0.981018018018018,0.018981981981981977,945.0064180548222,88.6339603318343,0.021488769886963514,0.0020511243471788565,0.043976757302805154,0.04321237786180181
Dew,33.01214641890378,0.9991780578731781,0.0008219421268218512,0.9800190190190191,0.01998098098098089,944.9457800033578,88.64832621034687,0.021488257664727204,0.0020534503328876515,0.04397498367466425,0.043170426277457465
Dew,33.06249568163028,0.9991357009934624,0.0008642990065376738,0.9790200200200201,0.020979979979979912,944.8849666047176,88.66278069324572,0.021487743901114017,0.0020557828980537454,0.04397320495595309,0.04312847469311312
Dew,33.11297753070968,0.9990932227267837,0.000906777273216366,0.9780210210210211,0.021978978978978936,944.8239777632349,88.67732276404027,0.021487228596958365,0.0020581220383037377,0.04397142113976392,0.04308652310876877
Dew,33.163592247644196,0.9990506229089271,0.0009493770910729096,0.977022022022022,0.02297797797797796,944.7628133845067,88.69195141354972,0.021486711753116398,0.002060467749416996,0.04396963221920078,0.043044571524424424
Dew,33.21434011431784,0.9990079013759431,0.0009920986240569286,0.976023023023023,0.023976976976976982,944.7014733753834,88.7066656398591,0.021486193370466054,0.0020628200273253836,0.04396783818737884,0.04300261994008008
Bubble,33.22372679961567,0.999,0.0010000000000000009,0.9758385702290908,0.0241614297709091,944.6901296510517,88.70940029944319,0.021486097516796487,0.00206325526373351,0.04396750638,0.04299487409954375
Dew,33.26522141301462,0.9989650579641329,0.00103494203586708,0.9750240240240241,0.024975975975975895,944.63995764394,88.72146444827622,0.021485673449906754,0.0020651788681129977,0.04396603903742378,0.04296066835573574
Dew,33.316236426436454,0.9989220925100345,0.0010779074899655511,0.9740250250250251,0.025974974974974918,944.5782660994596,88.73634685128813,0.021485151992359272,0.0020675442680158996,0.04396423476247124,0.0429187167713914
Dew,33.3673854377215,0.9988790048504071,0.0011209951495927918,0.9730260260260261,0.02697397397397394,944.5163986524192,88.75131186852065,0.021484628998765735,0.0020699162234219144,0.043962425355666156,0.04287676518704705
Dew,33.418668730463864,0.9988357948222174,0.001164205177782613,0.972027027027027,0.027972972972972965,944.4543552144607,88.76635852670306,0.021484104470089294,0.002072294730870552,0.04396061081016217,0.0428348136027027
Dew,33.470086588730965,0.9987924622626227,0.001207537737377317,0.9710280280280281,0.028971971971971877,944.3921356983702,88.78148585962344,0.021483578407313943,0.0020746797870527032,0.043958791119120925,0.042792862018358364
Dew,33.52164340717907,0.9987490068845886,0.0012509931154114878,0.9700290290290291,0.0299709709709709,944.329742502271,88.7967099553692,0.02148305087051154,0.002077071787568754,0.0439569662704888,0.04275091043401402
Dew,33.573331431849866,0.9987054287646213,0.001294571235378704,0.9690300300300301,0.030969969969969924,944.2671706530027,88.81199647651813,0.021482521744600865,0.002079469948895863,0.04395513626747858,0.04270895884966968
Dew,33.62515487908236,0.9986617276253045,0.0013382723746955417,0.968031031031031,0.03196896896896895,944.2044224692736,88.82736081981434,0.021481991087644925,0.0020818746500648683,0.04395330109844054,0.042667007265325324
Dew,33.677114035047516,0.9986179033044,0.001382096695599949,0.967032032032032,0.03296796796796797,944.1414978682255,88.84280204696286,0.021481458900709467,0.0020842858883725504,0.04395146075656172,0.042625055680980975
Dew,33.729209186487424,0.9985739556397825,0.0014260443602176068,0.9660330330330331,0.03396696696696688,944.0783967680364,88.85831922655599,0.02148092518488026,0.0020867036612667775,0.04394961523503388,0.04258310409663664
Dew,33.781440620734664,0.9985298844694216,0.0014701155305784591,0.9650340340340341,0.034965965965965906,944.0151190878983,88.87391143403961,0.02148038994126297,0.0020891279663464556,0.04394776452705279,0.0425411525122923
Dew,33.833808625732715,0.9984856896313667,0.0015143103686332776,0.9640350350350351,0.03596496496496493,943.9516647479927,88.88957775168306,0.021479853170982915,0.0020915588013615634,0.043945908625817556,0.042499200927947955
Dew,33.88631349005818,0.9984413709637293,0.0015586290362706243,0.963036036036036,0.03696396396396395,943.8880336694751,88.90531726855784,0.021479314875185087,0.0020939961642133997,0.043944047524529885,0.042457249343603606
Dew,33.93895550293798,0.9983969283046662,0.0016030716953338133,0.9620370370370371,0.037962962962962865,943.8242257744412,88.92112908049441,0.02147877505503371,0.0020964400529543126,0.04394218121639339,0.04241529775925926
Dew,33.99173495427288,0.9983523614923617,0.001647638507638262,0.9610380380380381,0.03896196196196189,943.7602409859098,88.93701229006642,0.02147823371171223,0.0020988904657880726,0.04394030969461287,0.04237334617491492
Dew,34.04465213465688,0.9983076703650111,0.0016923296349888794,0.9600390390390391,0.03996096096096091,943.696079227792,88.95296600655757,0.021477690846422967,0.0021013474010698452,0.04393843295239354,0.04233139459057057
Dew,34.097707335399015,0.9982628547608022,0.0017371452391977782,0.9590400400400401,0.040959959959959935,943.6317404248721,88.96898934593828,0.021477146460387054,0.002103810857306384,0.04393655098294032,0.04228944300622623
Dew,34.150900848544445,0.998217914517898,0.0017820854821020437,0.958041041041041,0.04195895895895896,943.5672245027814,88.9850814308403,0.021476600554844197,0.002106280833156189,0.04393466377945709,0.04224749142188188
Dew,34.20423296689593,0.9981728494744182,0.0018271505255817613,0.9570420420420421,0.04295795795795787,943.5025313879744,89.00124139053179,0.021476053131052508,0.0021087573274296617,0.04393277133514592,0.042205539837537547
Dew,34.25770398403518,0.9981276594684216,0.00187234053157835,0.9560430430430431,0.043956956956956894,943.4376610076946,89.01746836089349,0.021475504190288115,0.002111240339089306,0.0439308736432063,0.0421635882531932
Dew,34.311314194345066,0.9980823443378872,0.0019176556621127924,0.9550440440440441,0.04495595595595592,943.3726132899628,89.03376148439702,0.02147495373384526,0.0021137298672499623,0.043928970696834393,0.04212163666884885
Dew,34.36506389303128,0.9980369039206957,0.001963096079304307,0.9540450450450451,0.04595495495495494,943.3073881635378,89.05011991008212,0.02147440176303582,0.0021162259111790283,0.0439270624892222,0.042079685084504506
Bubble,34.407523543717076,0.9980010010010011,0.001998998998998913,0.9532576662746451,0.04674233372535479,943.2558524640782,89.06304652199205,0.02147396559593069,0.002118197517402075,0.043925554795655665,0.04204662019962426
Dew,34.41895337614467,0.9979913380546109,0.002008661945389117,0.9530460460460461,0.04695395395395385,943.2419855578979,89.06654279353593,0.02147384827918921,0.0021187284702967294,0.043925149013556875,0.042037733500160164
Dew,34.47298294060423,0.9979456465772606,0.0020543534227393774,0.9520470470470471,0.047952952952952876,943.1764054032132,89.08302929687513,0.02147329328365223,0.002121237544176454,0.04392323026301979,0.04199578191581583
Dew,34.527152884218005,0.9978998293261178,0.0021001706738822466,0.9510480480480481,0.0489519519519519,943.1106476303155,89.09957858871975,0.021472736777788708,0.002123753132544899,0.04392130623078584,0.04195383033147148
Dew,34.581463505706964,0.9978538861384808,0.0021461138615192,0.9500490490490491,0.04995095095095092,943.0447121706762,89.11618984417925,0.02147217876297941,0.002126275235282498,0.04391937691002264,0.041911878747127124
Dew,34.63591510472814,0.9978078168514544,0.0021921831485455768,0.94905005005005,0.050949949949949946,942.9785989563715,89.13286224483491,0.021471619240621673,0.0021288038524237764,0.04391744229388958,0.04186992716278279
Dew,34.69050798189643,0.9977616213019299,0.002238378698070038,0.9480510510510511,0.05194894894894886,942.9123079200635,89.14959497871725,0.021471058212129364,0.002131338984157585,0.04391550237553715,0.04182797557843844
Dew,34.745242438809015,0.9977152993265654,0.002284700673434529,0.9470520520520521,0.05294794794794788,942.8458389949664,89.16638724029384,0.0214704956789325,0.002133880630827578,0.04391355714810605,0.041786023994094104
Dew,34.80011877806793,0.9976688507617658,0.002331149238234169,0.9460530530530531,0.053946946946946905,942.7791921148206,89.18323823044996,0.021469931642477118,0.0021364287929325335,0.04391160660472631,0.041744072409749755
Dew,34.85513730330335,0.9976222754436627,0.0023777245563373086,0.9450540540540541,0.05494594594594593,942.712367213865,89.20014715647116,0.021469366104225014,0.002138983471126711,0.043909650738516506,0.041702120825405406
Dew,34.91029831919899,0.997575573208094,0.0024244267919060346,0.9440550550550552,0.05594494494494484,942.6453642268029,89.2171132320351,0.021468799065653403,0.0021415446662204386,0.04390768954258288,0.041660169241061064
Dew,34.96560213151375,0.9975287438905837,0.0024712561094163785,0.9430560560560561,0.056943943943943864,942.5781830887838,89.23413567718814,0.021468230528254927,0.00214411237918034,0.043905723010018494,0.04161821765671672
Dew,35.021049047106374,0.997481787326321,0.0025182126736790606,0.9420570570570571,0.05794294294294289,942.5108237353626,89.25121371833329,0.021467660493537162,0.002146686611129832,0.04390375113390234,0.04157626607237238
Dew,35.076639373961726,0.9974347033501397,0.0025652966498602436,0.9410580580580581,0.05894194194194191,942.443286102481,89.26834658822482,0.021467088963022598,0.002149267363349786,0.0439017739072985,0.04153431448802803
Dew,35.13237342121207,0.9973874917964975,0.0026125082035023837,0.9400590590590591,0.059940940940940934,942.3755701264289,89.28553352594325,0.02146651593824821,0.0021518546372787193,0.043899791323255236,0.04149236290368369
Dew,35.18825149916219,0.9973401524994547,0.0026598475005453104,0.9390600600600602,0.06093993993993985,942.3076757438224,89.30277377688496,0.021465941420765373,0.0021544484345133465,0.04389780337480415,0.04145041131933935
Dew,35.244273919316264,0.9972926852926525,0.0027073147073475357,0.9380610610610611,0.06193893893893887,942.2396028915676,89.32006659275828,0.021465365412139507,0.002157048756809285,0.04389581005495924,0.041408459734995
Dew,35.30044099440072,0.9972450900092925,0.002754909990707507,0.9370620620620621,0.0629379379379379,942.1713515068358,89.33741123156466,0.021464787913949915,0.002159655606081401,0.04389381135671603,0.041366508150650655
Dew,35.35675303838929,0.9971973664821148,0.0028026335178851502,0.9360630630630631,0.06393693693693692,942.102921527031,89.35480695758731,0.021464208927789517,0.0021622689844043516,0.04389180727305066,0.041324556566306306
Dew,35.413210366528254,0.9971495145433764,0.002850485456623492,0.9350640640640641,0.06493593593593594,942.0343128897579,89.37225304138057,0.021463628455264533,0.0021648888940131302,0.043889797796919025,0.041282604981961964
Dew,35.46981329536272,0.9971015340248295,0.002898465975170552,0.9340650650650651,0.06593493493493485,941.9655255327931,89.3897487597637,0.02146304649799431,0.0021675153373037375,0.043887782921255766,0.04124065339761763
Dew,35.52656214276148,0.9970534247576989,0.0029465752423012,0.9330660660660661,0.06693393393393388,941.8965593940549,89.40729339580811,0.021462463057611073,0.0021701483168336906,0.043885762638973404,0.04119870181327328
Dew,35.58345722794125,0.9970051865726597,0.0029948134273403287,0.9320670670670671,0.0679329329329329,941.827414411428,89.42488623882292,0.021461878135756396,0.002172787835322491,0.043883736942961375,0.04115675022892893
Bubble,35.58720851764317,0.9970020020020021,0.0029979979979979365,0.9320012005896013,0.06799879941039862,941.822844868731,89.42602478484015,0.021461839410351093,0.0021729615345664746,0.04388360321131131,0.041153984257103496
Dew,35.640498871494735,0.9969568192998194,0.0030431807001806022,0.9310680680680681,0.06893193193193192,941.7580905232957,89.44252658435427,0.021461291734093706,0.002175433895652439,0.043881705826085284,0.04111479864458459
Dew,35.69768739541437,0.9969083227686886,0.0030916772313113973,0.9300690690690692,0.06993093093093083,941.6885876676779,89.46021373416815,0.021460703854289234,0.002178086500869045,0.043879669281185654,0.04107284706024025
Dew,35.75502312312098,0.9968596968081629,0.0031403031918370884,0.9290700700700701,0.07092992992992986,941.6189057827477,89.4779469962518,0.021460114498024156,0.0021807456541819005,0.043877627301077214,0.041030895475895904
Dew,35.812506379486734,0.9968109412464996,0.0031890587535004376,0.9280710710710711,0.07192892892892888,941.5490448066595,89.49572568479321,0.021459523666991186,0.0021834113589650123,0.04387557987854783,0.040988943891551555
Dew,35.87013749086402,0.9967620559112945,0.003237944088705529,0.9270720720720721,0.0729279279279279,941.4790046775219,89.51354912018284,0.021458931362894382,0.00218608361875769,0.04387352700635765,0.04094699230720721
Dew,35.92791678511081,0.9967130406294594,0.0032869593705405777,0.9260730730730731,0.07392692692692693,941.4087853333634,89.53141662900144,0.02145833758744886,0.002188762437265099,0.04387146867723808,0.04090504072286286
Dew,35.98584459161795,0.9966638952271992,0.0033361047728008,0.9250740740740742,0.07492592592592584,941.3383867121024,89.54932754401564,0.0214577423423806,0.002191447818358997,0.043869404883890815,0.04086308913851853
Dew,36.04392124133535,0.9966146195299883,0.0033853804700117473,0.9240750750750751,0.07592492492492486,941.267808751516,89.56728120416827,0.02145714562942617,0.0021941397660783595,0.04386733561898691,0.04082113755417418
Dew,36.10214706679868,0.9965652133625478,0.0034347866374522576,0.9230760760760761,0.07692392392392389,941.1970513891997,89.5852769545711,0.021456547450332313,0.0021968382846300582,0.04386526087516576,0.04077918596982983
Dew,36.16052240215802,0.996515676548822,0.0034843234511780026,0.9220770770770771,0.07792292292292291,941.1261145625482,89.60331414650416,0.021455947806855988,0.0021995433783897084,0.04386318064503414,0.040737234385485495
Dew,36.21904758320263,0.9964660089119552,0.0035339910880447804,0.9210780780780782,0.07892192192192182,941.0549982087108,89.62139213740015,0.021455346700763798,0.0022022550519021594,0.04386109492116526,0.04069528280114115
Dew,36.277722947391055,0.9964162102742677,0.0035837897257323284,0.9200790790790792,0.07992092092092085,940.983702264564,89.63951029084915,0.021454744133831912,0.0022049733098824784,0.043859003696097694,0.040653331216796804
Dew,36.336548833876044,0.9963662804572323,0.003633719542767701,0.9190800800800801,0.08091991991991987,940.9122266666786,89.65766797658287,0.021454140107845746,0.0022076981572164483,0.04385690696233444,0.040611379632452455
Dew,36.39552558353513,0.9963162192814506,0.003683780718549374,0.9180810810810811,0.08191891891891889,940.8405713512909,89.67586457048057,0.021453534624599827,0.0022104295989615872,0.04385480471234192,0.040569428048108105
Dew,36.454653538994876,0.996266026566629,0.003733973433370928,0.9170820820820821,0.08291791791791792,940.7687362542564,89.69409945454989,0.021452927685897218,0.0022131676403475734,0.04385269693854892,0.04052747646376377
Dew,36.51393304466217,0.9962157021315547,0.0037842978684452205,0.9160830830830832,0.08391691691691683,940.6967213110323,89.71237201693513,0.0214523192935496,0.0022159122867773384,0.04385058363334571,0.04048552487941943
Dew,36.57336444675013,0.9961652457940715,0.003834754205928475,0.9150840840840841,0.08491591591591585,940.6245264566331,89.73068165190378,0.021451709449376775,0.0022186635438276297,0.04384846478908284,0.040443573295075086
Dew,36.632948093308016,0.9961146573710554,0.0038853426289445965,0.9140850850850851,0.08591491491491487,940.5521516256034,89.74902775984826,0.021451098155206526,0.002221421417249961,0.0438463403980703,0.04040162171073073
Dew,36.69268433424723,0.9960639366783909,0.003936063321609178,0.9130860860860861,0.0869139139139139,940.4795967519834,89.76740974727302,0.02145048541287435,0.002224185912971196,0.043844210452576415,0.04035967012638639
Dew,36.752573521372994,0.9960130835309455,0.00398691646905454,0.9120870870870871,0.08791291291291292,940.4068617692718,89.78582702680185,0.021449871224223083,0.0022269570370946467,0.04384207494482678,0.040317718542042046
Bubble,36.76443751420468,0.996003003003003,0.00399699699699696,0.9118893474426797,0.08811065255732024,940.392436448565,89.78943895326361,0.021449749303471273,0.0022275053988164263,0.043841651626966974,0.040309414738555864
Dew,36.81261600841057,0.9959620977425462,0.004037902257453767,0.9110880880880882,0.08891191191191183,940.333946610396,89.80427901716479,0.02144925559110274,0.0022297347959006637,0.04383993386700335,0.0402757669576977
Dew,36.8728121510346,0.9959109791259544,0.004089020874045615,0.9100890890890891,0.08991091091091086,940.2608512076765,89.82276514319639,0.021448638515370225,0.002232519195847519,0.04383778721124326,0.04023381537335336
Dew,36.93316230689912,0.9958597274928407,0.004140272507159253,0.9090900900900901,0.09090990990990988,940.1875754927943,89.8412848358359,0.021448019998889054,0.0022353102435723362,0.04383563496963791,0.04019186378900902
Dew,36.9936668356657,0.995808342653761,0.004191657346239107,0.9080910910910911,0.0919089089089089,940.1141193967546,89.85983753212032,0.021447400043529078,0.0022381079458918545,0.04383347713423184,0.04014991220466466
Dew,37.054326099032245,0.9957568244181304,0.004243175581869619,0.9070920920920922,0.09290790790790782,940.040482849858,89.87842267517969,0.021446778651166305,0.0022409123098032467,0.043831313697021694,0.04010796062032033
Dew,37.11514046076366,0.9957051725941993,0.004294827405800691,0.9060930930930932,0.09390690690690684,939.9666657816588,89.89703971423802,0.021446155823682474,0.002243723342485094,0.04382914464995522,0.04006600903597598
Dew,37.176110286721276,0.9956533869890274,0.004346613010972614,0.9050940940940941,0.09490590590590586,939.8926681209376,89.91568810461055,0.02144553156296496,0.0022465410512982615,0.04382696998493016,0.04002405745163164
Dew,37.23723594489063,0.9956014674084588,0.004398532591541218,0.9040950950950951,0.09590490490490489,939.8184897956618,89.93436730769358,0.021444905870906344,0.0022493654437866018,0.043824789693793206,0.039982105867287294
Dew,37.29851780541445,0.9955494136570966,0.004450586342903407,0.9030960960960961,0.09690390390390391,939.7441307329585,89.95307679097337,0.021444278749404373,0.002252196527678142,0.04382260376833893,0.039940154282942945
Dew,37.35995624061894,0.9954972255382776,0.0045027744617224755,0.9020970970970972,0.09790290290290282,939.6695908590696,89.97181602801037,0.021443650200361403,0.0022550343108856522,0.043820412200308724,0.0398982026985986
Dew,37.4215516250472,0.9954449028540463,0.004555097145953714,0.9010980980980982,0.09890190190190185,939.594870099328,89.99058449844833,0.021443020225684416,0.0022578788015078506,0.043818214981389735,0.039856251114254254
Dew,37.48330433548783,0.99539244540513,0.004607554594869935,0.9000990990990991,0.09990090090090087,939.5199683781174,90.00938168800617,0.021442388827284588,0.0022607300078301747,0.04381601210321378,0.03981429952990992
Dew,37.54521475100528,0.9953398529909128,0.00466014700908729,0.8991001001001001,0.10089989989989989,939.4448856188379,90.02820708847577,0.021441756007077064,0.0022635879383257154,0.04381380355735626,0.03977234794556557
Dew,37.60728325297089,0.9952871254094091,0.004712874590590947,0.8981011011011012,0.1018988988988988,939.3696217438737,90.04706019772138,0.021441121766980733,0.002266452601656187,0.04381158933533507,0.039730396361221235
Dew,37.66951022509348,0.9952342624572389,0.004765737542761119,0.8971021021021022,0.10289789789789783,939.2941766745546,90.06594051967706,0.021440486108917873,0.0022693240066728668,0.04380936942860956,0.03968844477687688
Dew,37.73189605344986,0.995181263929601,0.0048187360703990005,0.8961031031031031,0.10389689689689685,939.2185503311285,90.08484756434413,0.02143984903481407,0.0022722021624175257,0.04380714382857937,0.03964649319253253
Dew,37.79444112651633,0.9951281296202473,0.0048718703797527045,0.8951041041041041,0.10489589589589587,939.1427426327167,90.10378084779065,0.021439210546597698,0.002275087078123429,0.04380491252658342,0.039604541608188194
Dew,37.85714583520005,0.9950748593214563,0.004925140678543623,0.8941051051051051,0.1058948948948949,939.0667534972894,90.12273989215056,0.021438570646199938,0.0022779787632163312,0.0438026755138987,0.039562590023843845
Dew,37.92001057286819,0.9950214528240076,0.004978547175992438,0.8931061061061062,0.10689389389389381,938.9905828416217,90.14172422561474,0.021437929335554266,0.0022808772273152653,0.043800432781739305,0.03952063843949951
Bubble,37.94053865160325,0.995004004004004,0.004995995995995983,0.8927802338496895,0.10721976615031038,938.9656867431797,90.1478661770727,0.021437719569527825,0.0022818227505525205,0.043799700042622625,0.039506953883795
Dew,37.983035735383474,0.9949679099171542,0.005032090082845845,0.8921071071071072,0.10789289289289283,938.9142305812659,90.16073338244365,0.02143728661659638,0.002283782480233898,0.043798184321255214,0.03947868685515516
Dew,38.046221721130856,0.9949142303885977,0.005085769611402348,0.8911081081081081,0.10889189189189186,938.8376966305129,90.1797669029491,0.021436642491263872,0.0022866945319810956,0.04379593012353123,0.03943673527081081
Dew,38.109568931053786,0.9948604140244607,0.005139585975539369,0.8901091091091091,0.10989089089089088,938.7609809023581,90.19882433350786,0.02143599696149594,0.002289613392762311,0.043793670179585874,0.03939478368646647
Dew,38.17307776868206,0.9948064606092606,0.005193539390739399,0.8891101101101102,0.11088988988988979,938.684083308466,90.2179052265471,0.021435350029233163,0.0022925390729802656,0.04379140448037026,0.03935283210212213
Dew,38.236748640167626,0.994752369925883,0.005247630074117053,0.8881111111111112,0.11188888888888882,938.6070037591372,90.23700914055576,0.021434701696417292,0.002295471583236284,0.043789133016766964,0.039310880517777785
Dew,38.300581954313905,0.9946981417555546,0.005301858244445457,0.8871121121121122,0.11288788788788784,938.5297421632702,90.25613564007342,0.02143405196499089,0.0022984109343310776,0.0437868557795889,0.039268928933433436
Dew,38.36457812260962,0.9946437758778168,0.005356224122183182,0.8861131131131131,0.11388688688688686,938.45229842833,90.27528429569453,0.021433400836897203,0.002301357137265914,0.04378457275957821,0.039226977349089094
Dew,38.42873755926081,0.9945892720704985,0.005410727929501478,0.8851141141141141,0.11488588588588589,938.3746724603081,90.29445468406541,0.02143274831407975,0.002304310203243619,0.04378228394740513,0.039185025764744745
Dew,38.49306068122307,0.9945346301096892,0.005465369890310726,0.8841151151151152,0.1158848848848848,938.2968641636928,90.31364638788192,0.021432094398482225,0.0023072701436695916,0.04377998933366685,0.0391430741804004
Dew,38.557547908236124,0.9944798497697119,0.005520150230288104,0.8831161161161162,0.11688388388388382,938.2188734414331,90.3328589958945,0.02143143909204822,0.0023102369701530237,0.04377768890888637,0.03910112259605606
Dew,38.62219966285431,0.9944249308230957,0.005575069176904341,0.8821171171171172,0.11788288288288284,938.1407001948965,90.3520921028989,0.021430782396720804,0.002313210694507757,0.043775382663511365,0.03905917101171172
Dew,38.68701637048146,0.9943698730405489,0.0056301269594510525,0.8811181181181181,0.11888188188188187,938.0623443238453,90.37134530974092,0.02143012431444254,0.0023161913287535,0.04377307058791306,0.03901721942736737
Dew,38.751998459403886,0.9943146761902794,0.005685323809720681,0.8801191191191192,0.11988088088088078,937.9838056848693,90.39061822331519,0.021429464846219794,0.002319178885116912,0.043770752672357645,0.038975267843023034
Dew,38.81714636082368,0.9942593400405422,0.005740659959457766,0.8791201201201202,0.1208798798798798,937.9050842557378,90.40991045656317,0.021428803995825123,0.0023221733760326615,0.04376842890711332,0.03893331625867868
Dew,38.882460508892066,0.9942038643557984,0.005796135644201576,0.8781211211211212,0.12187887887887883,937.8261798912966,90.42922162847199,0.021428141764299562,0.002325174814144517,0.04376609928228894,0.038891364674334336
Dew,38.947941340743796,0.9941482488991982,0.005851751100801902,0.8771221221221221,0.12287787787787785,937.7470924845086,90.44855136407591,0.021427478153580547,0.002328183212306521,0.04376376378793835,0.038849413089989994
Dew,39.0135892965301,0.9940924934319331,0.005907506568066996,0.8761231231231231,0.12387687687687687,937.6678219265495,90.46789929445205,0.021426813165603707,0.0023311985835840084,0.0437614224140331,0.038807461505645645
Dew,39.07940481945459,0.9940365977132084,0.005963402286791597,0.8751241241241242,0.12487587587587579,937.5883681067718,90.48726505672595,0.021426146802302492,0.0023342209412548958,0.04375907515046134,0.03876550992130131
Bubble,39.11659031517998,0.9940050050050051,0.0059949949949948955,0.874560533951118,0.12543946604888215,937.5434494570513,90.49811946937575,0.02142576989195345,0.002335927077622058,0.04375774845827828,0.03874184272974035
Dew,39.145388355805906,0.9939805615002157,0.006019438499784224,0.8741251251251252,0.1258748748748748,937.5087309126736,90.50664829406563,0.02142547906560809,0.0023372502988106844,0.043756721987026695,0.03872355833695696
Dew,39.211540354992685,0.9939243845481043,0.006075615451895706,0.8731261261261262,0.12687387387387383,937.428910229857,90.52604865568252,0.021424809957449026,0.002340286669957634,0.04375436291344697,0.03868160675261262
Dew,39.27786126957909,0.9938680666099532,0.006131933390046827,0.8721271271271271,0.12787287287287286,937.3489059419966,90.54546579683443,0.021424139479751025,0.002343330068618013,0.04375199791935306,0.03863965516826827
Dew,39.344351555317274,0.9938116074367437,0.006188392563256379,0.8711281281281281,0.12887187187187188,937.2687179308072,90.56489937881695,0.0214234676344368,0.002346380508931043,0.0437496269942878,0.03859770358392392
Dew,39.411011671185975,0.9937550067773302,0.006244993222669809,0.8701291291291292,0.1298708708708708,937.1883460759999,90.5843490689753,0.021422794423425696,0.002349438005254392,0.04374725012770463,0.038555751999579585
Dew,39.477842079422494,0.993698264378413,0.006301735621586994,0.8691301301301302,0.13086986986986981,937.1077902552547,90.60381454069325,0.021422119848633556,0.002352502572165075,0.04374486730896661,0.03851380041523524
Dew,39.54484324555959,0.9936413799845094,0.006358620015490608,0.8681311311311312,0.13186886886886884,937.0270503441852,90.62329547339817,0.021421443911972517,0.0023555742244607794,0.0437424785273451,0.0384718488308909
Dew,39.61201563846062,0.9935843533379248,0.006415646662075145,0.8671321321321321,0.13286786786786786,936.9461262162946,90.64279155255936,0.021420766615350625,0.002358652977161027,0.04374008377201855,0.038429897246546545
Dew,39.67935973035574,0.9935271841787252,0.006472815821274743,0.8661331331331332,0.13386686686686677,936.8650177429517,90.66230246968965,0.021420087960671796,0.0023617388455084267,0.0437376830320714,0.03838794566220221
Dew,39.74687599687711,0.9934698722447075,0.006530127755292384,0.8651341341341342,0.1348658658658658,936.7837247933454,90.68182792234232,0.021419407949835396,0.002364831844969818,0.0437352762964928,0.03834599407785786
Dew,39.81456491709598,0.9934124172713719,0.0065875827286281715,0.8641351351351352,0.13586486486486482,936.7022472344601,90.70136761411521,0.021418726584736248,0.0023679319912376026,0.043732863554175425,0.03830404249351352
Dew,39.88242697355775,0.9933548189918916,0.006645181008108394,0.8631361361361362,0.13686386386386384,936.6205849310315,90.72092125464573,0.021418043867264203,0.002371039300230852,0.04373044479391428,0.038262090909169176
Dew,39.95046265231933,0.9932970771370856,0.0067029228629143555,0.8621371371371371,0.13786286286286287,936.5387377455144,90.74048855961446,0.02141735979930399,0.002374153788096646,0.04372802000440547,0.03822013932482483
Dew,40.0186724429864,0.9932391914353885,0.006760808564611497,0.8611381381381382,0.13886186186186178,936.4567055380463,90.7600692507462,0.021416674382734986,0.002377275471211352,0.04372558917424496,0.038178187740480485
Dew,40.08705683874824,0.9931811616128219,0.006818838387178055,0.8601391391391392,0.1398608608608608,936.3744881664163,90.77966305580415,0.02141598761943105,0.002380404366181733,0.043723152291927435,0.03813623615613614
Dew,40.155616336417424,0.9931229873929651,0.006877012607034853,0.8591401401401402,0.14085985985985983,936.2920854860241,90.79926970859815,0.021415299511260227,0.0023835404898464364,0.04372070934584497,0.038094284571791794
Dew,40.22435143646504,0.9930646684969259,0.0069353315030741625,0.8581411411411412,0.14185885885885885,936.2094973498488,90.81888894897793,0.021414610060084577,0.0023866838592770884,0.04371826032428588,0.03805233298744745
Dew,40.29326264305985,0.9930062046433109,0.00699379535668914,0.8571421421421422,0.14285785785785776,936.1267236084121,90.83852052283927,0.021413919267759977,0.002389834491779747,0.04371580521543343,0.03801038140310311
Bubble,40.29347668778233,0.9930060060060061,0.006993993993993919,0.8571386675468179,0.14286133245318217,936.1264181316512,90.83848334666092,0.021413916366004246,0.0023898426876397703,0.04371579687393394,0.038010235492267404
Dew,40.36235046410393,0.9929475955481967,0.007052404451803333,0.8561431431431432,0.14385685685685679,936.0437641097407,90.85816418211697,0.02141322713613581,0.002392992404896011,0.04371334400736466,0.03796842981875877
Dew,40.43161541127367,0.9928888409250995,0.007111159074900382,0.8551441441441442,0.1448558558558558,935.9606186993368,90.87781968479536,0.021412533667054912,0.002396157616404599,0.043710876688049086,0.03792647823441442
Dew,40.50105800005454,0.9928299404849467,0.007170059515053329,0.8541451451451452,0.14585485485485483,935.8772872201372,90.89748679489793,0.021411838862353233,0.002399330144322387,0.04370840324534747,0.03788452665007007
Dew,40.57067874978213,0.9927708939360452,0.007229106063954806,0.8531461461461461,0.14685385385385386,935.793769512481,90.91716528249617,0.021411142723859695,0.002402510006905964,0.04370592366701059,0.03784257506572573
Dew,40.64047818367841,0.9927117009840536,0.007288299015946399,0.8521471471471472,0.14785285285285277,935.7100654140729,90.9368549237025,0.021410445253395943,0.002405697222652776,0.04370343794067797,0.037800623481381385
Dew,40.71045682889401,0.9926523613319505,0.007347638668049557,0.8511481481481482,0.1488518518518518,935.626174759947,90.95655550068223,0.02140974645277615,0.0024088918103027787,0.04370094605387663,0.03775867189703705
Dew,40.78061521654228,0.9925928746800057,0.007407125319994255,0.8501491491491492,0.14985085085085081,935.5420973824343,90.97626680163805,0.021409046323806857,0.002412093788839377,0.04369844799401978,0.0377167203126927
Dew,40.85095388174278,0.9925332407257496,0.007466759274250463,0.8491501501501502,0.15084984984984984,935.4578331111275,90.9959886208242,0.02140834486828677,0.0024153031774911565,0.04369594374840565,0.037674768728348344
Dew,40.92147336365973,0.9924734591639424,0.007526540836057651,0.8481511511511511,0.15184884884884886,935.3733817728416,91.01572075854384,0.0214076420880065,0.002418519995733173,0.043693433304216114,0.037632817144004
Dew,40.99217420554031,0.9924135296865442,0.007586470313455808,0.8471521521521522,0.15284784784784777,935.2887431915805,91.03546302114533,0.021406937984748374,0.0024217442632882423,0.04369091664851545,0.03759086555965966
Dew,41.063056954756206,0.9923534519826848,0.007646548017315177,0.8461531531531532,0.1538468468468468,935.2039171885057,91.0552152210278,0.021406232560286353,0.0024249760001284603,0.043688393768249116,0.037548913975315325
Dew,41.13412216284245,0.9922932257386325,0.007706774261367428,0.8451541541541542,0.15484584584584582,935.1189035818935,91.07497717663784,0.021405525816385683,0.002428215226476518,0.04368586465024236,0.037506962390970976
Dew,41.20537038553987,0.9922328506377635,0.007767149362236579,0.8441551551551552,0.15584484484484484,935.0337021871088,91.09474871247697,0.02140481775480288,0.0024314619628072968,0.043683329281198995,0.03746501080662663
Dew,41.27680218283373,0.9921723263605309,0.007827673639469103,0.8431561561561562,0.15684384384384376,934.9483128165558,91.11452965909567,0.02140410837728524,0.0024347162298491254,0.04368078764770012,0.037423059222282284
Dew,41.34841811899544,0.9921116525844345,0.007888347415565508,0.8421571571571572,0.15784284284284278,934.862735279661,91.13431985309704,0.021403397685571084,0.002437978048585301,0.04367823973620276,0.03738110763793794
Dew,41.42021876262375,0.9920508289839889,0.007949171016011058,0.8411581581581582,0.1588418418418418,934.7769693828244,91.15411913713785,0.02140268568138923,0.0024412474402555487,0.04367568553303862,0.0373391560535936
Bubble,41.471928468041,0.9920070070070071,0.007992992992992942,0.8404398037871598,0.15956019621284026,934.715159585796,91.1682248145336,0.02140217224720996,0.002443599395690627,0.0436738452895896,0.037308989753112545
Dew,41.492204686687074,0.9919898552306926,0.008010144769307318,0.8401591591591592,0.15984084084084083,934.6910149293885,91.17392735993258,0.021401972366458962,0.002444524426357571,0.04367312502441272,0.03729720446924925
Dew,41.56437646856314,0.9919287309929968,0.008071269007003137,0.8391601601601602,0.16083983983983985,934.6048717195999,91.19374437624771,0.02140125774248974,0.002447809028648349,0.043670558196402136,0.037255252884904916
Dew,41.63673469008315,0.9918674559362737,0.008132544063726379,0.8381611611611612,0.16183883883883876,934.5185395505807,91.21357004691029,0.02140054181118118,0.002451101269145833,0.04366798503495463,0.03721330130056057
Dew,41.709279937572454,0.9918060297227848,0.008193970277215242,0.8371621621621622,0.16283783783783778,934.4320182162846,91.2334042388041,0.02139982457422273,0.002454401170130311,0.04366540552588733,0.03717134971621622
Dew,41.78201280189417,0.99174445201165,0.00825554798835009,0.8361631631631632,0.1638368368368368,934.3453075074702,91.25324682487462,0.0213991060332936,0.0024577087541460263,0.04366281965488547,0.037129398131871875
Dew,41.85493387849085,0.9916827224588148,0.008317277541185119,0.8351641641641642,0.16483583583583583,934.2584072116592,91.27309768412691,0.021398386190062568,0.0024610240440026123,0.04366022740750094,0.037087446547527526
Dew,41.92804376742862,0.9916208407170194,0.008379159282980634,0.8341651651651653,0.16583483483483474,934.1713171131013,91.29295670163053,0.02139766504618769,0.002464347062776727,0.04365762876915104,0.03704549496318319
Dew,42.001343073440005,0.9915588064357651,0.008441193564234914,0.8331661661661662,0.16683383383383377,934.084036992743,91.31282376851965,0.021396942603316333,0.0024676778338135735,0.043655023725117086,0.03700354337883885
Dew,42.07483240596703,0.9914966192612839,0.008503380738716204,0.8321671671671672,0.1678328328328328,933.99656662819,91.33269878199278,0.021396218863084907,0.0024710163807284127,0.04365241226054304,0.03696159179449449
Dew,42.148512379206515,0.9914342788365043,0.00856572116349576,0.8311681681681682,0.1688318318318318,933.9089057936669,91.35258164531915,0.02139549382711861,0.00247436272740827,0.04364979436043421,0.03691964021015015
Dew,42.22238361215312,0.9913717848010205,0.008628215198979515,0.8301691691691692,0.16983083083083084,933.8210542599907,91.37247226783673,0.021394767497031456,0.00247771689801343,0.04364717000965583,0.03687768862580581
Dew,42.29644672864379,0.9913091367910588,0.008690863208941236,0.8291701701701703,0.17082982982982975,933.7330117945288,91.392370564954,0.021394039874425973,0.002481078916979042,0.04364453919293174,0.036835737041461473
Dew,42.37070235740323,0.9912463344394449,0.008753665560555188,0.8281711711711712,0.17182882882882877,933.6447781611671,91.41227645815387,0.021393310960893138,0.0024844488090167882,0.04364190189484297,0.036793785457117124
Dew,42.445151132088924,0.991183377375571,0.008816622624428897,0.8271721721721722,0.1728278278278278,933.5563531202705,91.43218987499579,0.021392580758012147,0.0024878265991165245,0.04363925809982633,0.036751833872772775
Dew,42.51979369133583,0.9911202652253633,0.0088797347746367,0.8261731731731732,0.17382682682682682,933.4677364286476,91.45211074911516,0.021391849267350223,0.0024912123125478505,0.04363660779217313,0.036709882288428426
Dew,42.59463067880294,0.9910569976112479,0.008943002388752182,0.8251741741741743,0.17482582582582573,933.378927839525,91.47203902022893,0.02139111649046273,0.0024946059748618635,0.04363395095602765,0.036667930704084084
Bubble,42.65255343871867,0.991008008008008,0.008991991991991966,0.8244021399783631,0.17559786002163696,933.3101389885536,91.48727126421073,0.021390548512368483,0.0024972293488244386,0.04363189370524525,0.03663551019343819
Dew,42.66966274321894,0.9909935741521176,0.009006425847882336,0.8241751751751752,0.17582482482482475,933.2899271024951,91.49197463413564,0.021390382428892633,0.0024980076118927726,0.043631287575385855,0.03662597911973975
Dew,42.74489053842882,0.9909299944632994,0.009070005536700631,0.8231761761761762,0.17682382382382378,933.2007339634927,91.51191754271944,0.021389647084170647,0.002501417249759633,0.0436286176340939,0.0365840275353954
Dew,42.82031472343953,0.9908662581565194,0.00913374184348057,0.8221771771771772,0.1778228228228228,933.1113481647568,91.53186770394926,0.02138891045781501,0.002504834914867954,0.04362594111584678,0.03654207595105105
Dew,42.89593596246911,0.9908023648398698,0.009197635160130158,0.8211781781781782,0.17882182182182182,933.0217694447916,91.55182508188742,0.021388172551331273,0.0025082606339115834,0.04362325800418686,0.036500124366706715
Dew,42.971754924991465,0.9907383141177748,0.009261685882225206,0.8201791791791793,0.17982082082082074,932.9319975383329,91.57178964668489,0.021387433366212242,0.0025116944338742404,0.04362056828250248,0.036458172782362366
Dew,43.0477722857856,0.9906741055909564,0.009325894409043639,0.8191801801801802,0.18081981981981976,932.8420321763165,91.59176137458869,0.021386692903937896,0.002515136342031381,0.043617871934026504,0.036416221198018024
Dew,43.123988724983974,0.9906097388563995,0.009390261143600557,0.8181811811811812,0.18181881881881878,932.7518730858317,91.61174024794556,0.021385951165975036,0.002518586385951987,0.04361516894183488,0.036374269613673675
Dew,43.20040492811907,0.9905452135073186,0.009454786492681331,0.8171821821821822,0.1828178178178178,932.6615199900986,91.6317262551997,0.021385208153777424,0.0025220445935001954,0.04361245928884521,0.036332318029329326
Dew,43.277021586175515,0.9904805291331222,0.009519470866877846,0.8161831831831833,0.18381681681681672,932.5709726084209,91.65171939090574,0.021384463868785442,0.002525510992837362,0.043609742957815265,0.03629036644498499
Dew,43.35383939563396,0.9904156853193778,0.009584314680622145,0.8151841841841843,0.18481581581581574,932.4802306561555,91.67171965571661,0.021383718312426043,0.002528985612423451,0.043607019931341535,0.03624841486064065
Dew,43.430859058525456,0.9903506816477781,0.009649318352221893,0.8141851851851852,0.18581481481481477,932.3892938446786,91.69172705640138,0.021382971486112706,0.002532468481019251,0.04360429019185777,0.0362064632762963
Dew,43.508081282478386,0.9902855176961044,0.009714482303895598,0.8131861861861862,0.1868138138138138,932.2981618813428,91.7117416058402,0.021382223391245132,0.002535959627687984,0.04360155372163348,0.03616451169195195
Dew,43.58550678077038,0.990220193038192,0.009779806961807953,0.8121871871871872,0.1878128128128128,932.2068344694503,91.73176332303277,0.021381474029209365,0.0025394590817972933,0.04359881050277248,0.03612256010760761
Dew,43.66313627237787,0.9901547072438944,0.009845292756105543,0.8111881881881883,0.18881181181181173,932.1153113082064,91.75179223309898,0.02138072340137741,0.0025429668730210368,0.04359606051721135,0.03608060852326327
Dew,43.74097048202516,0.990089059879048,0.009910940120951986,0.8101891891891893,0.18981081081081075,932.0235920926908,91.77182836727748,0.02137997150910729,0.002546483031341024,0.04359330374671799,0.036038656938918924
Dew,43.81901014024058,0.9900232505054354,0.00997674949456461,0.8091901901901902,0.19080980980980977,931.9316765138208,91.79187176294315,0.021379218353742954,0.002550007587049294,0.04359054017289007,0.03599670535457458
Bubble,43.835859869977504,0.990009009009009,0.009990990990990989,0.8089740977117459,0.19102590228825414,931.911739035732,91.79599427672564,0.021379054288509607,0.0025507651409871555,0.0435899421209009,0.03598763084914993
Dew,43.89725598340392,0.9899572786807495,0.010042721319250495,0.8081911911911912,0.1918088088088088,931.8395642583115,91.81192246359913,0.02137846393661404,0.0025535405707497144,0.0435877697771535,0.035954753770230226
Dew,43.97570875379968,0.9898911439585579,0.01010885604144205,0.8071921921921922,0.19280780780780782,931.7472550086412,91.83198051888368,0.021377708259035833,0.002557082013359977,0.04358499254076098,0.03591280218588589
Dew,44.054369199670546,0.9898248458882655,0.010175154111734466,0.8061931931931933,0.19380680680680673,931.6547484430173,91.85204598457771,0.021376951322309202,0.002560631946113661,0.04358220844479039,0.03587085060154155
Dew,44.133238075269084,0.9897583840150781,0.010241615984921938,0.8051941941941942,0.19480580580580575,931.5620442353363,91.87211892260507,0.021376193127720437,0.002564190400562076,0.04357941747014327,0.0358288990171972
Dew,44.21231614091081,0.9896917578799656,0.010308242120034556,0.8041951951951952,0.19580480480480478,931.4691420551491,91.89219940103663,0.02137543367654114,0.002567757408576247,0.043576619597543276,0.03578694743285286
Dew,44.291604163030456,0.9896249670196242,0.010375032980375764,0.8031961961961962,0.1968038038038038,931.3760415676248,91.91228749410199,0.021374672970028194,0.002571333002349113,0.04357381480753464,0.035744995848508515
Dew,44.371102914232296,0.9895580109664405,0.010441989033559524,0.8021971971971973,0.1978028028028027,931.2827424335122,91.93238328218317,0.021373911009423596,0.0025749172143972455,0.043571003080480536,0.03570304426416417
Dew,44.45081317334811,0.9894908892484526,0.010509110751547443,0.8011981981981983,0.19880180180180174,931.1892443091108,91.9524868518293,0.021373147795954516,0.0025785100775631616,0.04356818439656161,0.035661092679819824
Dew,44.53073572548975,0.9894236013893126,0.010576398610687352,0.8001991991991992,0.19980080080080076,931.0955468462186,91.97259829575414,0.021372383330832925,0.0025821116250171728,0.043565358735774266,0.035619141095475475
Dew,44.61087136210624,0.989356146908249,0.010643853091750944,0.7992002002002002,0.20079979979979978,931.0016496921111,91.9927177128464,0.02137161761525579,0.0025857218902596104,0.04356252607792919,0.03557718951113114
Dew,44.69122088103901,0.9892885253200283,0.01071147467997174,0.7982012012012012,0.2017987987987988,930.9075524894956,92.01284520817272,0.02137085065040483,0.002589340907122859,0.04355968640264964,0.03553523792678679
Dew,44.771785086577225,0.9892207360336487,0.010779263966351389,0.7972022022022023,0.20279779779779772,930.8132515115387,92.03298089298049,0.021370082362278966,0.00259296870977339,0.04355683968511735,0.035493286342442455
Dew,44.85256478951689,0.9891527787546606,0.01084722124533944,0.7962032032032033,0.20379679679679674,930.71875305358,92.05312488470928,0.021369312900853882,0.0025966053327140725,0.04355398591296729,0.0354513347580981
Dew,44.93356080721622,0.9890846528855948,0.010915347114405175,0.7952042042042042,0.20479579579579577,930.6240534463627,92.07327730699204,0.021368542193583754,0.0026002508107861896,0.04355112506110957,0.03540938317375375
Dew,45.01477396365323,0.9890163579229819,0.01098364207701807,0.7942052052052052,0.2057947947947948,930.5291523139462,92.09343828965991,0.021367770241588396,0.0026039051791715857,0.0435482571084017,0.035367431589409415
Bubble,45.02232698021039,0.9890100100100101,0.010989989989989901,0.7941124564974785,0.20588754350252153,930.5203169603956,92.09530133691356,0.021367698153127546,0.0026042446496780092,0.043547990536556565,0.03536353673542165
Dew,45.09620508948613,0.9889478933586956,0.011052106641304411,0.7932062062062063,0.2067937937937937,930.4340492756405,92.11360796875438,0.0213669970459721,0.002607568473395035,0.04354538203350559,0.03532548000506507
Dew,45.1778550221082,0.9888792586799136,0.011120741320086378,0.7922072072072073,0.20779279279279272,930.3387439459631,92.1337864865229,0.021366222607823393,0.0026112407293261545,0.04354249981488599,0.03528352842072073
Dew,45.25972460571184,0.9888104533690775,0.011189546630922595,0.7912082082082083,0.20879179179179175,930.2432359346086,92.15397399143885,0.021365446928215178,0.00261492198318202,0.04353961043080876,0.03524157683637638
Dew,45.34181469134281,0.9887414769038528,0.011258523096147215,0.7902092092092092,0.20979079079079077,930.147524846408,92.17417063819278,0.02136467000820457,0.002618612271528989,0.043536713859339174,0.03519962525203203
Dew,45.4241261369649,0.9886723287570887,0.011327671242911291,0.7892102102102102,0.2107897897897898,930.0516102812903,92.19437658771149,0.021363891848832837,0.0026223116312853326,0.04353381007834026,0.03515767366768769
Dew,45.506659807517885,0.9886030083967767,0.01139699160322326,0.7882112112112113,0.2117887887887887,929.955491834242,92.2145920071575,0.021363112451125266,0.0026260200997233144,0.04353089906547106,0.03511572208334335
Dew,45.589416574980916,0.9885335152860111,0.011466484713988959,0.7872122122122123,0.21278778778778773,929.8591690952818,92.23481706994167,0.021362331816091398,0.0026297377144716737,0.04352798079818495,0.035073770498999006
Dew,45.67239731843068,0.9884638488829462,0.01153615111705378,0.7862132132132132,0.21378678678678675,929.7626416494044,92.25505195572127,0.021361549944724566,0.0026334645135177026,0.04352505525372787,0.03503181891465466
Dew,45.75560292410758,0.9883940086407563,0.011605991359243697,0.7852142142142142,0.21478578578578578,929.6659090765547,92.27529685041723,0.021360766838002112,0.002637200535209885,0.043522122409136645,0.034989867330310315
Dew,45.83903428547511,0.9883239940075933,0.011676005992406632,0.7842152152152152,0.2157847847847848,929.568970951592,92.29555194621346,0.02135998249688541,0.0026409458182600526,0.04351918224123715,0.034947915745965966
Dew,45.92269230328577,0.9882538044265452,0.011746195573454713,0.7832162162162163,0.2167837837837837,929.4718268442415,92.31581744157053,0.02135919692231956,0.0026447004017459527,0.04351623472664266,0.03490596416162162
Dew,46.00657788564269,0.9881834393355934,0.011816560664406697,0.7822172172172173,0.21778278278278274,929.3744763190645,92.3360935412281,0.021358410115233577,0.0026484643251135243,0.04351327984175196,0.03486401257727728
Dew,46.09069194806608,0.9881128981675696,0.011887101832430403,0.7812182182182182,0.21878178178178176,929.2769189354109,92.35638045621859,0.021357622076540145,0.0026522376281795067,0.04351031756274762,0.03482206099293294
Dew,46.175035413555186,0.9880421803501153,0.011957819649884748,0.7802192192192192,0.21978078078078078,929.1791542473946,92.37667840386689,0.02135683280713586,0.0026560203511336684,0.04350734786559421,0.0347801094085886
Bubble,46.21221959934627,0.9880110110110111,0.011988988988988925,0.7797796666212828,0.2202203333787171,929.1360553274718,92.38559707485014,0.021356484701998517,0.002657687261882226,0.043506038952212216,0.03476165100382084
Dew,46.25960921265797,0.9879712853056357,0.012028714694364244,0.7792202202202203,0.2207797797797797,929.0811818038414,92.39698760781027,0.021356042307900933,0.0026598125345416303,0.043504370726036454,0.034738157824244255
Dew,46.34441428353245,0.9879002124512591,0.01209978754874085,0.7782212212212213,0.22177877877877872,928.9830011482601,92.41730829799388,0.021355250579699385,0.002663614219347012,0.04350138611959744,0.0346962062398999
Dew,46.42945157201697,0.987828961198791,0.0121710388012089,0.7772222222222223,0.22277777777777774,928.8846118187952,92.43764071068969,0.021354457623378804,0.00266742544687426,0.04349839402157678,0.03465425465555556
Dew,46.51472203169605,0.9877575309546716,0.012242469045328472,0.7762232232232232,0.22377677677677676,928.7860133481956,92.45798508850108,0.021353663439770524,0.0026712462588310976,0.04349539440704872,0.034612303071211215
Dew,46.6002266239672,0.98768592111993,0.012314078880069926,0.7752242242242242,0.2247757757757758,928.6872052637656,92.47834168036955,0.021352868029689387,0.0026750766973110377,0.04349238725086032,0.03457035148686687
Dew,46.685966318110765,0.9876141310901423,0.01238586890985767,0.7742252252252253,0.2257747747747747,928.5881870873433,92.49871074158784,0.021352071393934087,0.002678916804796106,0.04348937252762962,0.03452839990252253
Dew,46.77194209135933,0.9875421602553833,0.01245783974461666,0.7732262262262263,0.22677377377377372,928.4889583352387,92.51909253381014,0.021351273533286686,0.002682766624159506,0.04348635021174368,0.03448644831817818
Dew,46.858154928964844,0.9874700080001838,0.012529991999816227,0.7722272272272273,0.22777277277277275,928.3895185182124,92.53948732505526,0.02135047444851303,0.0026866261986680847,0.043483320277356685,0.03444449673383384
Dew,46.94460582427155,0.9873976737034836,0.012602326296516381,0.7712282282282282,0.22877177177177177,928.2898671414243,92.5598953897235,0.02134967414036244,0.002690495571985232,0.04348028269838808,0.03440254514948949
Dew,47.03129577878579,0.9873251567385869,0.012674843261413158,0.7702292292292293,0.22977077077077068,928.1900037044065,92.58031700860393,0.02134887260956799,0.0026943747881735067,0.04347723744852066,0.034360593565145155
Dew,47.11822580224707,0.9872524564731147,0.012747543526885376,0.7692302302302303,0.2307697697697697,928.0899277010051,92.60075246888297,0.02134806985684617,0.0026982638916973303,0.04347418450119852,0.034318641980800806
Dew,47.20539691270027,0.9871795722689595,0.012820427731040562,0.7682312312312313,0.23176876876876873,927.9896386193592,92.62120206415568,0.021347265882897225,0.002702162927425774,0.04347112382962523,0.034276690396456456
Dew,47.29281013657019,0.9871065034822374,0.012893496517762651,0.7672322322322322,0.23276776776776775,927.8891359418492,92.64166609444032,0.021346460688404977,0.0027060719406354593,0.043468055406761755,0.03423473881211212
Dew,47.38046650873227,0.9870332494632416,0.01296675053675835,0.7662332332332332,0.23376676676676678,927.7884191450572,92.66214486618222,0.021345654274036802,0.002709990977013182,0.04346497920532457,0.034192787227767765
Bubble,47.405886282064166,0.987012012012012,0.012987987987987948,0.7659440374451637,0.2340559625548362,927.7592025243308,92.66805214207638,0.021345420063051974,0.0027111266616445962,0.043464087367867874,0.03418064284973798
Dew,47.46836707258922,0.9869598095563945,0.013040190443605526,0.7652342342342343,0.2347657657657657,927.6874876997334,92.68263869227128,0.021344846640443838,0.002713920082658931,0.0434618951977836,0.03415083564342343
Dew,47.5565128801452,0.9868861831001996,0.013113816899800467,0.7642352352352353,0.2357647647647647,927.5863410707486,92.70314789205166,0.021344037788260824,0.0027178593040887247,0.04345880335636021,0.03410888405907908
Dew,47.64490499207853,0.9868123694271936,0.013187630572806397,0.7632362362362363,0.23676376376376373,927.4849787170527,92.72367279132581,0.021343227718106126,0.002721808688237282,0.04345570365302519,0.03406693247473474
Dew,47.733544477822974,0.9867383678638977,0.013261632136102356,0.7622372372372372,0.23776276276276276,927.3834000916434,92.74421372237951,0.021342416430581945,0.0027257682824613446,0.04345259605949674,0.0340249808903904
Dew,47.822432415641615,0.9866641777307679,0.013335822269232215,0.7612382382382383,0.23876176176176167,927.2816046415129,92.76477102398579,0.021341603926274128,0.0027297381345423983,0.04344948054723833,0.03398302930604605
Dew,47.9115698927038,0.9865897983421466,0.013410201657853409,0.7602392392392393,0.2397607607607607,927.1795918076158,92.78534504141554,0.02134079020575235,0.002733718292689604,0.043446357087456734,0.033941077721701705
Dew,48.000958005166,0.9865152290062121,0.013484770993787788,0.7592402402402403,0.24075975975975972,927.0773610248215,92.80593612645629,0.021339975269570037,0.002737708805543005,0.04344322565109985,0.03389912613735736
Dew,48.09059785824833,0.9864404690249292,0.013559530975070745,0.7582412412412413,0.24175875875875874,926.9749117218763,92.82654463741801,0.021339159118264492,0.0027417097221763653,0.04344008620885465,0.033857174553013014
Dew,48.180490566317104,0.9863655176939974,0.01363448230600271,0.7572422422422422,0.24275775775775776,926.8722433213599,92.84717093915353,0.021338341752356896,0.002745721092100461,0.04343693873114501,0.03381522296866867
Dew,48.27063725296302,0.986290374302801,0.01370962569719902,0.7562432432432433,0.24375675675675668,926.7693552396487,92.86781540306514,0.02133752317235248,0.002749742965265994,0.043433783188129585,0.03377327138432433
Dew,48.361039051084106,0.9862150381343575,0.013784961865642537,0.7552442442442443,0.2447557557557557,926.6662468868607,92.8884784071219,0.021336703378740253,0.002753775392066842,0.04343061954969973,0.03373131979997998
Dew,48.451697102967046,0.9861395084652661,0.013860491534733945,0.7542452452452453,0.24575475475475472,926.5629176668318,92.90916033587197,0.02133588237199353,0.0027578184233431756,0.04342744778547717,0.03368936821563564
Dew,48.54261256037134,0.9860637845656542,0.013936215434345754,0.7532462462462463,0.24675375375375375,926.4593669770526,92.92986158045893,0.021335060152569474,0.002761872110384736,0.043424267864811954,0.03364741663129129
Bubble,48.603585636580675,0.986013013013013,0.013986986986986971,0.7525778102254354,0.24742218977456457,926.3899328169139,92.94369067538614,0.021334508680902593,0.0027645894439327443,0.04342213578352353,0.03361934658303905
Dew,48.63378658461019,0.9859878656991277,0.014012134300872326,0.7522472472472473,0.24775275275275266,926.3555942086457,92.95058253862936,0.021334236720909623,0.002765936504933857,0.0434210797567802,0.033605465046946954
Dew,48.725220346639155,0.9859117511227142,0.014088248877285705,0.7512482482482483,0.24875175175175168,926.2515987463074,92.97132361475742,0.021333412077439638,0.002770011659189037,0.04341788343018183,0.033563513462602605
Dew,48.81691502713775,0.9858354400868133,0.014164559913186735,0.7502492492492493,0.2497507507507507,926.1473799682747,92.99208521985058,0.02133258622256954,0.0027740976258079507,0.04341467885353841,0.03352156187825827
Dew,48.9088718165986,0.9857589318351395,0.01424106816486052,0.7492502502502503,0.25074974974974973,926.0429372462734,93.01286777157172,0.021331759156693678,0.0027781944579110002,0.04341146599509075,0.033479610293913914
Dew,49.00109191541241,0.9856822256046707,0.014317774395329328,0.7482512512512512,0.25174874874874875,925.9382699454849,93.03367169424978,0.021330930880190935,0.002782302209084524,0.043408244822796815,0.033437658709569565
Dew,49.09357653395561,0.9856053206255916,0.014394679374408349,0.7472522522522523,0.25274774774774766,925.8333774244933,93.05449741889478,0.021330101393424682,0.0027864209333841794,0.04340501530432926,0.03339570712522523
Dew,49.18632689268139,0.9855282161212393,0.01447178387876068,0.7462532532532533,0.2537467467467467,925.7282590352456,93.07534538321926,0.021329270696742928,0.0027905506853385395,0.0434017774070732,0.03335375554088088
Dew,49.279344222207904,0.9854509113080475,0.014549088691952566,0.7452542542542543,0.2547457457457457,925.6229141230101,93.09621603165141,0.02132843879047845,0.0027946915199524576,0.043398531098123846,0.033311803956536545
Dew,49.372629763407794,0.9853734053954902,0.014626594604509744,0.7442552552552553,0.25574474474474473,925.5173420263262,93.11710981534914,0.021327605674948794,0.0027988434927105005,0.04339527634428417,0.033269852372192196
Dew,49.466184767500806,0.9852956975860261,0.014704302413974003,0.7432562562562562,0.25674374374374376,925.4115420769646,93.13802719221981,0.02132677135045644,0.002803006659580565,0.0433920131120625,0.03322790078784785
Dew,49.560010496145914,0.9852177870750399,0.014782212924960075,0.7422572572572573,0.25774274274274267,925.3055135998801,93.1589686269376,0.021325935817288873,0.002807181077017457,0.043388741367670146,0.033185949203503505
Dew,49.65410822153471,0.9851396730507865,0.014860326949213546,0.7412582582582583,0.2587417417417417,925.1992559131702,93.17993459096063,0.021325099075718775,0.002811366801966495,0.043385461077018975,0.03314399761915916
Dew,49.74847922648511,0.9850613546943316,0.014938645305668288,0.7402592592592593,0.2597407407407407,925.0927683280244,93.20092556254856,0.021324261126004,0.0028155638918671436,0.04338217220571898,0.03310204603481482
Bubble,49.80553777507457,0.9850140140140141,0.014985985985985883,0.7396565843327764,0.26034341566722374,925.0283879416802,93.2135572260023,0.021323754267488407,0.0028181000962713924,0.04338018419917918,0.03307673753296857
Dew,49.843124804535535,0.9849828311794946,0.015017168820505376,0.7392602602602603,0.26073973973973974,924.986050148683,93.22194202677801,0.02132342196838778,0.002819772404656617,0.043378874719075845,0.03306009445047047
Dew,49.93804626004285,0.9849041016727884,0.015095898327211624,0.7382612612612613,0.26173873873873865,924.8791006723926,93.24298447556599,0.021322581603098877,0.002823992398773752,0.04337556858208844,0.033018142866126136
Dew,50.03324490827801,0.9848251653333602,0.015174834666639783,0.7372622622622623,0.2627377377377377,924.7719191893536,93.26405340768517,0.021321740030351595,0.0028282239331626625,0.043372253759446304,0.03297619128178178
Dew,50.128722075524934,0.9847460213129322,0.015253978687067857,0.7362632632632633,0.2637367367367367,924.6645049826823,93.28514932878565,0.021320897250346027,0.002832467067276614,0.04336893021552718,0.03293423969743744
Dew,50.22447909917724,0.9846666687557404,0.01533333124425965,0.7352642642642643,0.2647357357357357,924.5568573283612,93.30627275140866,0.021320053263268187,0.0028367218610816916,0.043365597914394434,0.032892288113093096
Dew,50.320517327842,0.9845871067984733,0.015412893201526673,0.7342652652652653,0.26573473473473475,924.4489754951874,93.3274241950156,0.021319208069289972,0.0028409883750609597,0.04336225681979451,0.03285033652874875
Dew,50.416838121437124,0.9845073345702114,0.015492665429788516,0.7332662662662663,0.26673373373373366,924.3408587447356,93.3486041859998,0.021318361668569586,0.0028452666702181192,0.04335890689515433,0.03280838494440441
Dew,50.513442851295316,0.9844273511923642,0.015572648807635725,0.7322672672672673,0.2677327327327327,924.2325063313025,93.36981325771153,0.021317514061251455,0.002849556808081609,0.04335554810357869,0.03276643336006007
Dew,50.61033290026578,0.9843471557786077,0.015652844221392404,0.7312682682682683,0.2687317317317317,924.1239175018648,93.39105195047543,0.02131666524746651,0.002853858850708504,0.04335218040784766,0.032724481775715714
Dew,50.70750966282024,0.9842667474348211,0.0157332525651789,0.7302692692692693,0.26973073073073073,924.0150914960296,93.41232081161708,0.02131581522733235,0.002858172860688711,0.043348803770413856,0.03268253019137137
Dew,50.80497454515631,0.9841861252590236,0.01581387474097636,0.7292702702702704,0.27072972972972964,923.9060275459856,93.43362039547944,0.021314964000953306,0.0028624989011489083,0.04334541815339984,0.03264057860702703
Dew,50.902728965305364,0.9841052883413093,0.01589471165869077,0.7282712712712713,0.27172872872872866,923.7967248764556,93.45495126344909,0.021314111568420696,0.002866837035756798,0.043342023518595375,0.03259862702268269
Dew,51.00077435323671,0.9840242357637831,0.015975764236217008,0.7272722722722723,0.2727277277277277,923.6871827046523,93.47631398397125,0.021313257929813045,0.002871187328725054,0.043338619827454725,0.032556675438338345
Bubble,51.01193057382212,0.9840150150150151,0.015984984984984907,0.7271586890476452,0.27284131095235487,923.6746822339296,93.47868853369341,0.021313159916857158,0.0028716809850808968,0.04333823261483484,0.032551905667564975
Dew,51.09911215097089,0.9839429666004937,0.016057033399506274,0.7262732732732733,0.2737267267267267,923.5774002402196,93.49770913258324,0.021312403085196097,0.002875549844815868,0.04333520704109382,0.032514723853993996
Dew,51.19774381268492,0.9838614799173699,0.01613852008263003,0.7252742742742743,0.27472572572572573,923.4673766851952,93.5191372919282,0.021311547034623173,0.0028799246493449197,0.043331785120287666,0.032472772269649654
Dew,51.29667080482584,0.9837797747721517,0.016220225227848183,0.7242752752752754,0.27572472472472465,923.3571112339542,93.54059905178453,0.021310689778135303,0.002884311808185865,0.04332835402546733,0.03243082068530531
Dew,51.39589460622126,0.983697850214324,0.01630214978567599,0.7232762762762763,0.27672372372372367,923.2466030731596,93.56209500908693,0.021309831315761352,0.002888711387774603,0.04332491371671724,0.03238886910096097
Dew,51.49541670819262,0.9836157052850484,0.016384294714951633,0.7222772772772773,0.2777227227227227,923.1358513817173,93.58362576795102,0.021308971647518358,0.0028931234551136777,0.04332146415377232,0.03234691751661662
Dew,51.59523861467014,0.983533339017095,0.016466660982904884,0.7212782782782783,0.2787217217217217,923.024855330722,93.60519193969978,0.02130811077341166,0.0028975480777767766,0.043318005296015066,0.03230496593227227
Dew,51.695361842307165,0.9834507504347731,0.016549249565226954,0.7202792792792793,0.27972072072072074,922.9136140834067,93.62679414288631,0.021307248693435078,0.002901985323913152,0.043314537102472704,0.03226301434792793
Dew,51.795787920598364,0.9833679385538607,0.016632061446139254,0.7192802802802803,0.28071971971971965,922.8021267950927,93.64843300332235,0.02130638540757119,0.002906435262252252,0.04331105953181418,0.03222106276358359
Dew,51.89651839199668,0.9832849023815355,0.016715097618464434,0.7182812812812813,0.2817187187187187,922.6903926131422,93.67010915410229,0.021305520915791597,0.002910897962108249,0.0433075725423473,0.032179111179239245
Dew,51.997554812031986,0.9832016409163022,0.016798359083697773,0.7172822822822823,0.2827177177177177,922.5784106768987,93.69182323562856,0.021304655218057002,0.002915373493384644,0.04330407609201565,0.032137159594894896
Dew,52.09889874943387,0.9831181531479218,0.01688184685207817,0.7162832832832833,0.2837167167167167,922.4661801176452,93.71357589564364,0.021303788314317663,0.0029198619265791165,0.04330057013839563,0.032095208010550554
Dew,52.20055178625061,0.9830344380573387,0.016965561942661342,0.7152842842842844,0.28471571571571563,922.3537000585433,93.73536778925111,0.021302920204513413,0.002924363332788073,0.043297054638693426,0.03205325642620621
Bubble,52.22292487030195,0.9830160160160161,0.01698398398398393,0.7150646830158951,0.2849353169841049,922.3289068887942,93.740093200934,0.02130272820058756,0.0029253523923302265,0.0432962810304905,0.03204403457398995
Dew,52.30251551797472,0.9829504946166074,0.017049505383392633,0.7142852852852853,0.28571471471471466,922.2409696145887,93.75719957894896,0.021302050888574127,0.0029288777837116055,0.04329352954974186,0.03201130484186186
Dew,52.40479155366554,0.9828663217888189,0.017133678211181107,0.7132862862862863,0.2867137137137137,922.1279878925492,93.77907193465406,0.02130118036641972,0.0029334053516582204,0.043289994827997384,0.03196935325751752
Dew,52.507381516076066,0.982781918528027,0.01721808147197311,0.7122872872872873,0.2877127127127127,922.0147539909248,93.80098553373304,0.021300308637960737,0.002937946109549804,0.04328645042953693,0.03192740167317318
Dew,52.610287041779216,0.9826972837791708,0.01730271622082932,0.7112882882882883,0.2887117117117117,921.9012669998776,93.82294106102988,0.02129943570309824,0.0029425001309265207,0.04328289631005467,0.03188545008882883
Dew,52.71350978129896,0.9826124164780006,0.01738758352199941,0.7102892892892894,0.28971071071071064,921.787526001196,93.84493920890147,0.021298561561724487,0.0029470674899520033,0.0432793324248589,0.03184349850448449
Dew,52.81705139923634,0.9825273155510011,0.01747268444899885,0.7092902902902903,0.29070970970970966,921.6735300682249,93.86698067723908,0.02129768621372282,0.0029516482614181405,0.04327575872886884,0.031801546920140145
Dew,52.92091357440387,0.9824419799153133,0.01755802008468665,0.7082912912912913,0.2917087087087087,921.5592782658257,93.88906617350604,0.02129680965896834,0.0029562425207504133,0.043272175176611305,0.031759595335795796
Dew,53.02509799995726,0.9823564084786561,0.0176435915213439,0.7072922922922923,0.2927077077077077,921.4447696503045,93.91119641276681,0.021295931897327775,0.0029608503440129996,0.04326858172221746,0.03171764375145145
Dew,53.129606383528966,0.9822706001392482,0.017729399860751848,0.7062932932932934,0.2937067067067066,921.3300032693758,93.93337211771679,0.021295052928660217,0.0029654718079139475,0.043264978319419535,0.03167569216710711
Dew,53.23444044736696,0.9821845537857273,0.017815446214272668,0.7052942942942944,0.29470570570570565,921.214978162093,93.95559401872197,0.02129417275281712,0.002970106989810696,0.0432613649215474,0.03163374058276276
Dew,53.339601928468184,0.9820982682970707,0.0179017317029293,0.7042952952952953,0.29570470470470467,921.0996933587988,93.97786285384316,0.021293291369642756,0.002974755967715155,0.04325774148152524,0.03159178899841842
Bubble,53.438658806830624,0.982017017017017,0.017982982982982954,0.7033569542170185,0.29664304578298156,920.9911335260291,93.99873729392543,0.02129246124767025,0.002979132585621803,0.04325432944614615,0.03155238465974688
Dew,53.44509257871877,0.9820117425425132,0.01798825745748687,0.7032962962962963,0.2967037037037037,920.9841478810666,94.00017936887242,0.021292408778974474,0.0029794188202992085,0.04325410795186813,0.03154983741407408
Dew,53.55091416503623,0.9819249753814651,0.018075024618534854,0.7022972972972973,0.2977027027027027,920.8683407416466,94.02254431737164,0.021291524980643097,0.002984095626900339,0.0432504642846786,0.03150788582972973
Dew,53.657068469508914,0.9818379656634292,0.018162034336570734,0.7012982982982984,0.2987017017017016,920.7522709444037,94.04495846070132,0.021290639974473165,0.0029887864675269696,0.0432468104316431,0.031465934245385394
Dew,53.76355728954219,0.9817507122279171,0.018249287772082904,0.7002992992992993,0.29970070070070065,920.6359374842664,94.06742256806213,0.021289753760283404,0.002993491422864277,0.0432431463440285,0.031423982661041044
Dew,53.870382437999055,0.9816632139043651,0.01833678609563498,0.6993003003003003,0.3006996996996997,920.5193393471641,94.08993741652027,0.021288866337886948,0.0029982105742795114,0.04323947197267863,0.031382031076696695
Dew,53.97754574335244,0.9815754695120473,0.018424530487952628,0.6983013013013013,0.3016986986986987,920.4024755099703,94.11250379105623,0.02128797770709178,0.003002944003828123,0.04323578726801051,0.03134007949235235
Dew,54.08504904983123,0.9814874778599912,0.01851252214000874,0.6973023023023024,0.3026976976976976,920.2853449404472,94.13512248459676,0.021287087867701143,0.003007691794259398,0.04323209218001089,0.03129812790800801
Dew,54.192894217569275,0.9813992377468884,0.01860076225311165,0.6963033033033034,0.30369669669669663,920.1679465971779,94.15779429804947,0.02128619681951372,0.0030124540290222177,0.0432283866582325,0.03125617632366367
Dew,54.30108312275843,0.9813107479610083,0.018689252038991737,0.6953043043043043,0.30469569569569566,920.0502794295187,94.18052004034418,0.021285304562324303,0.003017230792271086,0.04322467065179036,0.031214224739319323
Dew,54.40961765780234,0.9812220072801081,0.01877799271989185,0.6943053053053053,0.3056946946946947,919.9323423775293,94.20330052847218,0.02128441109592392,0.0030220221688721373,0.0432209441093581,0.031172273154974978
Dew,54.51849973147297,0.9811330144713428,0.01886698552865718,0.6933063063063063,0.3066936936936937,919.8141343719151,94.22613658752815,0.021283516420100373,0.0030268282444092763,0.04321720697916408,0.031130321570630632
Dew,54.62773126906509,0.981043768291175,0.018956231708824992,0.6923073073073074,0.3076926926926926,919.6956543339726,94.24902905074494,0.0212826205346387,0.003031649105190143,0.043213459208987656,0.031088369986286293
Bubble,54.65925148187051,0.981018018018018,0.018981981981981977,0.6920195646035554,0.3079804353964447,919.6614171899931,94.25560342779167,0.021282360811783536,0.003033039453988936,0.04321237786180181,0.031076286628527156
Dew,54.737314212556036,0.9809542674852825,0.01904573251471746,0.6913083083083084,0.30869169169169164,919.5769011755134,94.27197875953581,0.021281723439321318,0.003036484838252361,0.043209700746155315,0.031046418401941944
Dew,54.84725052076894,0.9808645107884664,0.019135489211533636,0.6903093093093093,0.30969069069069066,919.4578737988245,94.29498656354168,0.02128082513392892,0.0030413355313699984,0.04320593153753676,0.0310044668175976
Dew,54.95754216953321,0.9807744969245556,0.019225503075444274,0.6893103103103103,0.3106896896896897,919.3385710965824,94.31805332066841,0.0212799256182404,0.0030462012730597646,0.04320215152954096,0.030962515233253256
Dew,55.06819115184857,0.980684224606315,0.019315775393684995,0.6883113113113114,0.3116886886886886,919.2189919518075,94.34117989712874,0.021279024892033642,0.0030510821525874007,0.043198360668112244,0.030920563648908914
Dew,55.1791994780539,0.9805936925353461,0.01940630746465385,0.6873123123123124,0.3126876876876876,919.0991352377893,94.36436716749095,0.021278122955085764,0.003055978259974348,0.043194558898726164,0.030878612064564572
Dew,55.290569175993475,0.9805028994019941,0.019497100598005895,0.6863133133133134,0.31368668668668664,918.9789998180347,94.38761601471867,0.021277219807173797,0.0030608896860041764,0.043190746166385574,0.030836660480220223
Dew,55.40230229118972,0.9804118438852476,0.019588156114752373,0.6853143143143143,0.31468568568568567,918.8585845461963,94.41092733022103,0.021276315448075008,0.0030658165222294024,0.04318692241561641,0.030794708895875877
Dew,55.514400887013615,0.9803205246526405,0.01967947534735952,0.6843153153153153,0.3156846846846847,918.737888266003,94.43430201389427,0.02127540987756728,0.0030707588609780925,0.043183087590463624,0.030752757311531532
Dew,55.626867044859495,0.9802289403601528,0.019771059639847176,0.6833163163163164,0.3166836836836836,918.6169098112073,94.45774097416876,0.021274503095429893,0.003075716795360685,0.04317924163448692,0.030710805727187193
Dew,55.739702864323576,0.980137089652109,0.019862910347891054,0.6823173173173174,0.3176826826826826,918.4956480055071,94.4812451280612,0.02127359510144368,0.0030806904192770494,0.0431753844907566,0.030668854142842848
Dew,55.85291046337942,0.9800449711610765,0.019955028838923507,0.6813183183183184,0.31868168168168165,918.3741016624905,94.50481540121578,0.021272685895391864,0.0030856798274232315,0.04317151610184921,0.030626902558498502
Bubble,55.884806034295764,0.9800190190190191,0.01998098098098089,0.6810373601273348,0.31896263987266504,918.3397988868255,94.51141795077356,0.021272428328240993,0.003087084650128413,0.043170426277457465,0.030615104106990455
Dew,55.96649197856381,0.9799525835077623,0.020047416492237784,0.6803193193193193,0.3196806806806807,918.2522695855623,94.52845272796402,0.021271775477060384,0.0030906851152988734,0.04316763640984324,0.030584950974154156
Dew,56.08044956515302,0.9798599253009094,0.020140074699090578,0.6793203203203203,0.3206796796796797,918.1301505678778,94.55215805136066,0.021270863846238428,0.0030957063792139057,0.04316374535631478,0.03054299938980981
Dew,56.19478539735384,0.9797669951371905,0.02023300486280956,0.6783213213213214,0.3216786786786786,918.0077433922719,94.5759323232466,0.021269951002718956,0.003100743716296185,0.04315984288233302,0.030501047805465472
Dew,56.3095016684876,0.9796737916011029,0.02032620839889713,0.6773223223223224,0.32267767767767763,917.8850468312039,94.5997765042935,0.021269036946299495,0.0031057972244985903,0.043155928928455906,0.030459096221121126
Dew,56.42460059118171,0.9795803132648594,0.020419686735140597,0.6763233233233233,0.32367667667667666,917.762059646669,94.62369156405998,0.021268121676782298,0.0031108670026065597,0.043152003434725465,0.03041714463677678
Dew,56.54008439756245,0.9794865586882807,0.020513441311719272,0.6753243243243243,0.3246756756756757,917.6387805901464,94.647678481047,0.021267205193975295,0.0031159531502456626,0.04314806634066336,0.03037519305243243
Dew,56.65595533944439,0.9793925264186846,0.020607473581315428,0.6743253253253254,0.3256746746746746,917.5152084025149,94.67173824274143,0.02126628749769234,0.0031210557678888443,0.0431441175852662,0.030333241468088093
Dew,56.772215688533876,0.9792982149907756,0.020701785009224368,0.6733263263263264,0.3266736736736736,917.3913418139942,94.69587184568557,0.02126536858775409,0.0031261749568645956,0.04314015710700094,0.030291289883743747
Dew,56.88886773662332,0.9792036229265316,0.02079637707346836,0.6723273273273274,0.32767267267267264,917.2671795440658,94.72008029552326,0.021264448463988447,0.0031313108193643992,0.04313618484380006,0.030249338299399405
Dew,57.005913795795,0.979108748735091,0.020891251264909025,0.6713283283283283,0.32867167167167166,917.1427203014067,94.74436460706156,0.02126352712623125,0.003136463458450774,0.043132200733056895,0.03020738671505506
Bubble,57.115412259095876,0.9790200200200201,0.020979979979979912,0.6703966775726967,0.32960332242730345,917.0263077389582,94.76703310633945,0.021262664962398765,0.003141282349545736,0.04312847469311312,0.030168263327250353
Dew,57.12335619862402,0.9790135909126367,0.020986409087363222,0.6703293293293293,0.3296706706706707,917.0179627838112,94.76872580432615,0.021262604574326844,0.0031416329780651624,0.04312820471162072,0.03016543513071071
Dew,57.24119729838581,0.9789181479422819,0.021081852057718037,0.6693303303303304,0.3306696696696696,916.892905678124,94.7931649206228,0.02126168080812877,0.00314681948303609,0.04312419671579197,0.030123483546366372
Dew,57.35943946926412,0.9788224182939494,0.021177581706050545,0.6683313313313314,0.3316686686686686,916.7675476601579,94.81768299859439,0.02126075582750033,0.0031520230790872566,0.043120176681317166,0.030081531962022026
Dew,57.47808510656384,0.9787264004242562,0.021273599575743884,0.6673323323323324,0.33266766766766764,916.6418873946307,94.84228109028447,0.021259829632315406,0.00315724387284589,0.04311614454338406,0.03003958037767768
Dew,57.59713662692512,0.9786300927763901,0.021369907223609857,0.6663333333333333,0.33366666666666667,916.5159235350809,94.86696025719839,0.021258902222458992,0.0031624819718511082,0.04311210023661648,0.029997628793333335
Dew,57.71659646853999,0.9785334937799909,0.021466506220009153,0.6653343343343344,0.3346656656656656,916.3896547237985,94.89172157036576,0.021257973597827984,0.0031677374845623914,0.043108043695069306,0.029955677208988996
Dew,57.83646709137295,0.978436601851025,0.02156339814897502,0.6643353353353354,0.3356646646646646,916.2630795917429,94.91656611040591,0.021257043758331803,0.0031730105203682216,0.04310397485222324,0.029913725624644647
Dew,57.956750977382086,0.9783394153916628,0.021660584608337148,0.6633363363363364,0.3366636636636636,916.1361967584711,94.94149496759006,0.021256112703893156,0.003178301189594684,0.04309989364097964,0.029871774040300305
Dew,58.07745063074623,0.9782419327901525,0.021758067209847524,0.6623373373373374,0.33766266266266265,916.009004832059,94.96650924191142,0.021255180434448805,0.0031836096035144177,0.043095799993655204,0.02982982245595596
Dew,58.19856857809131,0.9781441524206916,0.021855847579308432,0.6613383383383383,0.3386616616616617,915.8815024090177,94.99161004314841,0.021254246949950168,0.0031889358743553958,0.04309169384197661,0.029787870871611614
Dew,58.320107368723356,0.9780460726433002,0.021953927356699793,0.6603393393393394,0.3396606606606606,915.7536880742244,95.01679849093743,0.021253312250364285,0.0031942801153101133,0.043087575117075144,0.029745919287267275
Bubble,58.35114883280826,0.9780210210210211,0.021978978978978936,0.6600846067902428,0.33991539320975717,915.720962820564,95.02318126201659,0.021253071650940446,0.00319564389993031,0.04308652310876877,0.02973522214539888
Dew,58.44206957486026,0.977947691803689,0.022052308196310978,0.6593403403403404,0.3406596596596596,915.6255604008323,95.04207571483707,0.02125237633567436,0.0031996424405445595,0.04308344374948123,0.029703967702922923
Dew,58.56445779187105,0.9778490082331287,0.02215099176687125,0.6583413413413414,0.34165865865865863,915.4971179501995,95.06744285440413,0.02125143920588077,0.00320502296520766,0.04307929966911888,0.02966201611857858
Dew,58.68727463851488,0.977750020248316,0.022249979751683913,0.6573423423423423,0.34265765765765765,915.3683592717988,95.0929010592628,0.021250500861001657,0.003210421805440581,0.04307514280530009,0.029620064534234238
Dew,58.81052275718392,0.9776507261512398,0.02234927384876017,0.6563433433433433,0.3436566566566567,915.2392829031467,95.11845148917756,0.021249561301073954,0.003215839078386224,0.04307097308671923,0.029578112949889893
Dew,58.93420481415085,0.9775511242290429,0.022448875770957107,0.6553443443443444,0.3446556556556556,915.1098873697084,95.14409531412967,0.021248620526153998,0.0032212749021989337,0.04306679044144723,0.02953616136554555
Dew,59.05832349981555,0.977451212753886,0.02254878724611389,0.6543453453453454,0.3456546546546546,914.9801711848235,95.16983371438721,0.021247678536318537,0.0032267293960540635,0.04306259479692584,0.029494209781201205
Dew,59.182881528962064,0.9773509899828074,0.022649010017192613,0.6533463463463464,0.34665365365365364,914.8501328496206,95.19566788059058,0.02124673533166554,0.00323220268015815,0.043058386079961826,0.02945225819685686
Dew,59.30788164101106,0.97725045415758,0.022749545842419897,0.6523473473473473,0.34765265265265266,914.7197708529259,95.22159901382334,0.021245790912315016,0.0032376948757586784,0.043054164216720835,0.029410306612512514
Dew,59.433326600279564,0.9771496035045719,0.02285039649542814,0.6513483483483484,0.3486516516516516,914.5890836711877,95.24762832569263,0.021244845278410016,0.003243206105154253,0.04304992913272167,0.029368355028168175
Dew,59.55921919624618,0.9770484362345979,0.02295156376540212,0.6503493493493494,0.3496506506506506,914.4580697683824,95.27375703841452,0.021243898430117487,0.0032487364917050295,0.04304568075282994,0.029326403443823826
Bubble,59.59208521135838,0.977022022022022,0.02297797797797796,0.6500889612188493,0.3499110387811507,914.4237747248958,95.28051945713976,0.02124364913717475,0.0032501789446183803,0.043044571524424424,0.029315468803619096
Dew,59.68556224381287,0.9769469505427752,0.023053049457224743,0.6493503503503504,0.3506496496496496,914.3267275959273,95.2999863848876,0.02124295036762912,0.0032542861598428264,0.0430414190012521,0.029284451859479484
Dew,59.81235858358049,0.976845144608375,0.023154855391625033,0.6483513513513514,0.35164864864864864,914.1950555925989,95.3263176087883,0.02124200109116248,0.003259855235082075,0.043037143801529155,0.029242500275135138
Dew,59.93961108211596,0.9767430165946718,0.023256983405328176,0.6473523523523523,0.35264764764764767,914.0630521844355,95.35275196464299,0.02124105060096177,0.0032654438440300666,0.04303285507653034,0.02920054869079079
Dew,60.06732263223353,0.9766405646487918,0.023359435351208272,0.6463533533533534,0.3536466466466466,913.9307157846519,95.37929071792364,0.021240098897298887,0.003271052114398088,0.0430285527484468,0.02915859710644645
Dew,60.1954961532721,0.97653778690156,0.023462213098439905,0.6453543543543544,0.3546456456456456,913.7980447935512,95.40593514512884,0.02123914598047452,0.0032766801750121694,0.04302423673878508,0.029116645522102108
Dew,60.32413459138234,0.9764346814673441,0.02356531853265591,0.6443553553553554,0.3556446446446446,913.6650375984267,95.4326865338786,0.021238191850818933,0.003282328155824376,0.043019906968360694,0.02907469393775776
Dew,60.453240919813766,0.9763312464438962,0.023668753556103758,0.6433563563563564,0.35664364364364365,913.531692573477,95.45954618300323,0.021237236508693295,0.003287996187924009,0.043015563357291335,0.029032742353413413
Dew,60.582818139204036,0.9762274799121953,0.023772520087804724,0.6423573573573574,0.35764264264264256,913.3980080797046,95.48651540263009,0.021236279954490418,0.003293684403548826,0.04301120582499037,0.028990790769069075
Dew,60.71286927787912,0.9761233799362838,0.023876620063716086,0.6413583583583584,0.3586416416416416,913.2639824648255,95.51359551428587,0.021235322188636017,0.0032993929360968987,0.04300683429015993,0.028948839184724726
Bubble,60.83828325173065,0.976023023023023,0.023976976976976982,0.6403982271351631,0.3596017728648369,913.1347469052911,95.53965220654138,0.02123439800127654,0.0033048960261841845,0.04300261994008008,0.028908519798987734
Dew,60.843397392149456,0.9760189445631072,0.02398105543689272,0.6403593593593594,0.3596406406406406,913.129614063181,95.5407878509848,0.021234363211589856,0.0033051219201380776,0.0430024486707842,0.028906887600380383
Dew,60.97440556661625,0.9759141718223449,0.024085828177655096,0.6393603603603604,0.36063963963963963,912.9949011956243,95.56809375732983,0.02123340302384657,0.0033108714914260183,0.042998048884122266,0.02886493601603604
Dew,61.10589691447952,0.9758090597262459,0.024190940273754194,0.6383613613613613,0.36163863863863865,912.859842169447,95.59551458961161,0.02123244162593726,0.0033166417869102283,0.042993634846701274,0.02882298443169169
Dew,61.23787457784679,0.9757036062694578,0.024296393730542144,0.6373623623623624,0.36263763763763757,912.7244352782565,95.6230517159014,0.021231479018430116,0.003322432944748008,0.042989206474309226,0.02878103284734735
Dew,61.3703417280537,0.9755978094288562,0.024402190571143803,0.6363633633633634,0.3636366366366366,912.588678801895,95.65070651616126,0.021230515201931963,0.003328245104317107,0.04298476368198781,0.028739081263003008
Dew,61.50330156598283,0.9754916671633695,0.02450833283663047,0.6353643643643644,0.3646356356356356,912.452571006331,95.67848038234341,0.021229550177089305,0.0033340784062281014,0.04298030638402502,0.02869712967865866
Dew,61.636757322389116,0.9753851774138045,0.024614822586195465,0.6343653653653654,0.36563463463463464,912.3161101435626,95.70637471849629,0.02122858394458961,0.0033399329923371195,0.042975834493947894,0.028655178094314317
Dew,61.77071225822972,0.9752783381026673,0.024721661897332662,0.6333663663663665,0.36663363363363355,912.1792944515133,95.73439094087153,0.021227616505162496,0.003345809005758714,0.04297134792451493,0.028613226509969978
Dew,61.90516966499695,0.9751711471339832,0.0248288528660167,0.6323673673673674,0.36763263263263257,912.0421221539269,95.76253047803047,0.02122664785958094,0.00335170659087883,0.04296684658770858,0.02857127492562563
Dew,62.040132865060116,0.9750636023931136,0.02493639760688636,0.6313683683683684,0.3686316316316316,911.9045914602691,95.79079477096049,0.021225678008662707,0.003357625893368224,0.04296233039472751,0.028529323341281283
Bubble,62.089798598856035,0.9750240240240241,0.024975975975975895,0.6310014471392513,0.36899855286074873,911.8538768234612,95.80112019739241,0.021225318686219144,0.0033598024062609934,0.04296066835573574,0.02851391499061581
Dew,62.17560521200487,0.974955701746572,0.025044298253428066,0.6303693693693694,0.3696306306306306,911.7667005656185,95.81918527317937,0.021224706953271555,0.0033635670601955933,0.04295779925597888,0.02848737175693694
Dew,62.31159009098596,0.9748474430418343,0.025152556958165574,0.6293703703703704,0.37062962962962964,911.6284476505579,95.84770345085819,0.021223734694318503,0.003369530239641469,0.04295325308107044,0.028445420172592592
Dew,62.44809091907632,0.9747388241071525,0.02526117589284752,0.6283713713713714,0.37162862862862855,911.4898308810755,95.87635078292956,0.021222761232763388,0.0033755155813117053,0.0429486917788026,0.028403468588248253
Dew,62.58511114562825,0.9746298427513593,0.025370157248640657,0.6273723723723724,0.3726276276276276,911.3508484084497,95.90512876121169,0.021221786569616066,0.0033815232361516672,0.04294411525716034,0.028361517003903908
Dew,62.72265425263515,0.9745204967636744,0.025479503236325647,0.6263733733733734,0.3736266266266266,911.2114983691373,95.93403889052574,0.021220810705937808,0.00338755335646029,0.04293952342330497,0.02831956541955956
Dew,62.860723755101056,0.9744107839135078,0.025589216086492228,0.6253743743743744,0.3746256256256256,911.0717788846748,95.96308268882052,0.021219833642842943,0.0033936060959045256,0.04293491618356596,0.028277613835215216
Dew,62.99932320141135,0.9743007019502591,0.025699298049740832,0.6243753753753755,0.37562462462462454,910.9316880615523,95.9922616872914,0.02121885538150004,0.003399681609533727,0.04293029344343244,0.028235662250870878
Dew,63.13845617371381,0.9741902486031162,0.025809751396883775,0.6233763763763764,0.37662362362362356,910.7912239911067,96.02157743051066,0.021217875923133487,0.003405780053794548,0.04292565510754479,0.028193710666526532
Dew,63.27812628830351,0.974079421580849,0.025920578419151005,0.6223773773773774,0.3776226226226226,910.6503847494146,96.05103147655761,0.02121689526902519,0.0034119015865459804,0.04292100107968598,0.028151759082182183
Bubble,63.34668187271887,0.9740250250250251,0.025974974974974918,0.621888162360347,0.3781118376396531,910.5811569335546,96.06540638287028,0.021216411520032362,0.0034149042546956212,0.0429187167713914,0.028131215172658722
Dew,63.418337196011585,0.9739682185716022,0.02603178142839784,0.6213783783783784,0.3786216216216216,910.5091683971668,96.08062539714727,0.021215913420515882,0.003418046367074468,0.042916331262772806,0.02810980749783784
Dew,63.559092582598794,0.9738566372426843,0.02614336275731562,0.6203793793793794,0.37962062062062063,910.3675729795542,96.11036077776005,0.021214930379006704,0.0034242145561091983,0.042911645558847133,0.028067855913493492
Dew,63.7003961691589,0.9737446752403558,0.026255324759644174,0.6193803803803805,0.38061961961961954,910.2255965261519,96.14023921778158,0.021213946145960883,0.0034304063158378854,0.04290694386906691,0.028025904329149153
Dew,63.84225171252425,0.9736323301896108,0.026367669810389106,0.6183813813813814,0.38161861861861857,910.0832370508011,96.17026233063788,0.021212960722905367,0.003436621809922538,0.042902226093697045,0.02798395274480481
Dew,63.98466300567967,0.9735195996939604,0.026480400306039573,0.6173823823823824,0.3826176176176176,909.940492551487,96.20043174393706,0.021211974111432413,0.0034428612035155948,0.04289749213210029,0.027942001160460465
Dew,64.12763387817908,0.9734064813352087,0.026593518664791368,0.6163833833833834,0.3836166166166166,909.7973610102183,96.23074909960859,0.02121098631320134,0.003449124663276121,0.04289274188272785,0.027900049576116116
Dew,64.27116819656985,0.9732929726732296,0.02670702732677042,0.6153843843843844,0.38461561561561564,909.6538403929027,96.26121605404644,0.021209997329940163,0.0034554123573862926,0.042887975243109985,0.027858097991771774
Dew,64.41526986482711,0.9731790712444015,0.0268209287555985,0.6143853853853855,0.38561461461461455,909.5099286318697,96.29183427826281,0.021209007163070462,0.0034617244555684066,0.04288319210979032,0.027816146407427432
Dew,64.55994282478747,0.973064774566669,0.026935225433331073,0.6133863863863864,0.38661361361361357,909.3656236945473,96.32260545803108,0.02120801581520361,0.0034680611291016627,0.042878392378538355,0.027774194823083086
Bubble,64.60906105687356,0.9730260260260261,0.02697397397397394,0.6130486505625695,0.3869513494374304,909.3166394747691,96.33315923192698,0.02120767822637588,0.0034702131604906305,0.04287676518704705,0.027760012073237333
Dew,64.70519105659301,0.9729500801314483,0.027049919868551715,0.6123873873873874,0.3876126126126126,909.2209234810324,96.3535312940384,0.021207023287920332,0.0034744225508394374,0.0428735759440096,0.027732243238738744
Dew,64.85101857914431,0.9728349854085803,0.0271650145914198,0.6113883883883884,0.3886116116116116,909.0758258915824,96.38461350204598,0.02120602958324153,0.0034808088952270008,0.042868742699953465,0.02769029165439439
Dew,64.99742945055218,0.972719487844804,0.027280512155196,0.6103893893893895,0.38961061061061053,908.9303288097136,96.4158538130367,0.021205034703265714,0.0034872203383189276,0.042863892539149316,0.027648340070050053
Dew,65.14442776860677,0.9726035848635132,0.027396415136486763,0.6093903903903904,0.39060960960960955,908.7844301020825,96.44725397338543,0.021204038650171286,0.0034936570577975014,0.04285902535339613,0.02760638848570571
Dew,65.2920176712432,0.97248727386451,0.02751272613549007,0.6083913913913914,0.3916086086086086,908.6381276183433,96.47881574501275,0.021203041426218195,0.0035001192329906735,0.042854141033502165,0.027564436901361365
Dew,65.4402033370208,0.9723705522237535,0.027629447776246485,0.6073923923923924,0.3926076076076076,908.4914191910203,96.51054090555395,0.021202043033750097,0.0035066070448907445,0.04284923946927446,0.02752248531701702
Dew,65.58898898561117,0.972253417293107,0.02774658270689302,0.6063933933933934,0.3936066066066066,908.3443026353774,96.5424312485329,0.0212010434751965,0.003513120676173398,0.042844320549508166,0.027480533732672677
Dew,65.73837887828046,0.9721358664000793,0.027864133599920637,0.6053943943943945,0.39460560560560554,908.1967757492606,96.57448858351718,0.02120004275307434,0.0035196603112162225,0.0428393841619757,0.027438582148328332
Bubble,65.87682376203539,0.972027027027027,0.027972972972972965,0.6044727470440484,0.39552725295595165,908.0601866633743,96.60433227851425,0.021199116099482208,0.0035257211480241614,0.0428348136027027,0.027399878839723894
Dew,65.88837731840087,0.9720178968475656,0.02798210315243454,0.6043953953953954,0.39560460460460456,908.0488363129899,96.60671473631277,0.02119904086999078,0.003526226136118847,0.042834430193415866,0.027396630563983986
Dew,66.03898865194707,0.9718995059135807,0.028100494086419386,0.6033963963963964,0.3966036036036036,907.9004820891911,96.6391115491234,0.021198037828644704,0.003532818338721973,0.04282945852952266,0.027354678979639644
Dew,66.19021726801614,0.9717806908509923,0.02821930914900772,0.6023973973973974,0.3976026026026026,907.7517108226693,96.67168088074031,0.021197033631829284,0.0035394371086276905,0.04282446905493405,0.0273127273952953
Dew,66.34218502237492,0.9716614109521359,0.028338589047864193,0.6013983983983985,0.3986016016016015,907.6024334073936,96.70462963145681,0.021196027043116624,0.0035460901553311785,0.04281946006018784,0.027270775810950956
Dew,66.49466261473266,0.9715417388698138,0.02845826113018623,0.6003993993993995,0.39960060060060054,907.4528202888988,96.73755097892733,0.02119502053096435,0.0035527626963929044,0.04281443459623819,0.02722882422660661
Dew,66.64777093201097,0.971421634258925,0.028578365741074942,0.5994004004004004,0.40059959959959957,907.3027832438542,96.77065053353371,0.021194012872177606,0.0035594623849122963,0.04280939096884828,0.027186872642262265
Dew,66.80151454124575,0.9713010942689175,0.02869890573108244,0.5984014014014014,0.4015985985985986,907.152319944186,96.8039302224055,0.021193004069947136,0.003566189417749981,0.042804329058313106,0.02714492105791792
Dew,66.9558980552889,0.9711801160226913,0.028819883977308697,0.5974024024024024,0.4025975975975976,907.0014280432628,96.83739199020751,0.02119199412756939,0.003572943993632419,0.04279924874381281,0.027102969473573577
Dew,67.11092613337011,0.9710586966163078,0.028941303383692177,0.5964034034034035,0.4035965965965965,906.8501051757426,96.87103779933675,0.021190983048448925,0.0035797263131736494,0.04279414990340052,0.027061017889229235
Bubble,67.15008591622593,0.9710280280280281,0.028971971971971877,0.5961514851399462,0.40384851486005374,906.8118394637651,96.87946120259991,0.021190726600028246,0.003581437678532325,0.042792862018358364,0.02705043892940255
Dew,67.26660348166887,0.970936833118695,0.029063166881304975,0.5954044044044045,0.40459559559559555,906.6983489574231,96.90486963012435,0.02118997083610093,0.0035865365788974187,0.042789032413989896,0.027019066304884886
Dew,67.42293485390019,0.9708145225713439,0.029185477428656136,0.5944054054054054,0.40559459459459457,906.5461569850797,96.9388894810507,0.021188957494153667,0.003593374995259994,0.04278389615134245,0.026977114720540544
Dew,67.57992505189749,0.9706917619880087,0.029308238011991283,0.5934064064064064,0.4065935935935936,906.3935268363196,96.97309936894243,0.021187943026351245,0.003600241768672541,0.04277874099005489,0.026935163136196198
Dew,67.7375789262202,0.9705685483543939,0.029431451645606094,0.5924074074074074,0.4075925925925926,906.2404560694113,97.00750132920075,0.02118692743655601,0.003607137107524849,0.04277356680354605,0.026893211551851853
Dew,67.89590137675344,0.9704448786278448,0.029555121372155175,0.5914084084084085,0.40859159159159153,906.0869422231342,97.04209741600303,0.021185910728751426,0.003614061222208301,0.042768373464043836,0.026851259967507514
Dew,68.05489735333308,0.9703207497370276,0.029679250262972367,0.5904094094094094,0.40959059059059055,905.9329828166126,97.07688970253552,0.02118489290704472,0.0036210143251402165,0.04276316084257184,0.02680930838316317
Dew,68.21457185637173,0.9701961585816077,0.029803841418392363,0.5894104104104104,0.4105895895895896,905.7785753491487,97.11188028121529,0.021183873975669617,0.003627996630788013,0.04275792880893577,0.02676735679881882
Dew,68.37492993749618,0.9700711020319228,0.029928897968077232,0.5884114114114114,0.4115885885885886,905.6237173000627,97.14707126391791,0.02118285393898932,0.00363500835569382,0.04275267723170979,0.026725405214474477
Bubble,68.42888684682494,0.9700290290290291,0.0299709709709709,0.5880759767138245,0.41192402328617556,905.5715776115113,97.1588336740256,0.021182509762201672,0.0036373656171862843,0.04275091043401402,0.026711319097249196
Dew,68.53597670019352,0.9699455769286514,0.030054423071348577,0.5874124124124125,0.4125875875875875,905.4684061285149,97.1824647822073,0.02118183280149914,0.003642049718499402,0.042747405978222554,0.026683453630130135
Dew,68.69771730047574,0.9698195800824762,0.030180419917523883,0.5864134134134135,0.41358658658658654,905.3126392733549,97.21806298758344,0.021180810567829927,0.0036491209399719866,0.04274211491454307,0.02664150204578579
Dew,68.8601569475396,0.9696931082737427,0.0303068917262573,0.5854144144144144,0.41458558558558556,905.1564141529241,97.25386805170787,0.021179787242750426,0.003656222243029502,0.04273680390546641,0.026599550461441447
Dew,69.02330090445426,0.9695661582521122,0.030433841747887734,0.5844154154154154,0.4155845845845846,904.9997281649028,97.28988216666352,0.021178762831170907,0.0036633538527673505,0.042731472814499065,0.026557598877097098
Dew,69.18715448884726,0.9694387267362117,0.030561273263788345,0.5834164164164164,0.4165835835835836,904.8425786861269,97.32610754519604,0.021177737338146013,0.003670515996484731,0.04272612150384431,0.026515647292752752
Dew,69.3517230736066,0.9693108104132745,0.03068918958672547,0.5824174174174175,0.4175825825825825,904.684963072404,97.36254642096912,0.0211767107688779,0.003677708903711749,0.042720749834387096,0.02647369570840841
Dew,69.51701208759589,0.969182405938781,0.03081759406121903,0.5814184184184185,0.41858158158158154,904.5268786583468,97.39920104882688,0.02117568312871975,0.0036849328062370434,0.04271535766567892,0.026431744124064068
Dew,69.68302701637447,0.969053509936089,0.030946490063911106,0.5804194194194194,0.41958058058058056,904.3683227571729,97.43607370504951,0.021174654423178663,0.0036921879381354296,0.04270994485592235,0.026389792539719722
Bubble,69.71326466501911,0.9690300300300301,0.030969969969969924,0.5802376592390931,0.41976234076090685,904.3393789999712,97.44269800055605,0.021174465577190386,0.0036935072353250515,0.04270895884966968,0.02638215977177597
Dew,69.84977340293979,0.9689241189960621,0.031075881003937933,0.5794204204204204,0.4205795795795796,904.2092926605407,97.47316668763143,0.02117362465791951,0.003699474535796656,0.042704511261955416,0.026347840955375373
Dew,70.01725684846797,0.968794229676691,0.0312057703233089,0.5784214214214215,0.4215785785785785,904.0497856383445,97.51048231654104,0.021172593838767947,0.003706792837953732,0.042699056739235686,0.026305889371031035
Dew,70.1854830130836,0.9686638385027081,0.0313361614972919,0.5774224224224225,0.4225775775775775,903.8897989385398,97.54802293401339,0.021171561971714256,0.0037141430857127954,0.042693581141824095,0.026263937786686693
Dew,70.35445761662176,0.9685329419651992,0.03146705803480079,0.5764234234234235,0.42357657657657655,903.7293297869393,97.58579090481442,0.02117052906291659,0.0037215255225821653,0.04268808432236863,0.026221986202342343
Dew,70.52418643942468,0.9684015365212065,0.03159846347879355,0.5754244244244244,0.42457557557557557,903.5683753870334,97.62378861654626,0.021169495118705,0.003728940394503252,0.04268256613208767,0.026180034617998
Dew,70.69467532313281,0.9682696185933266,0.03173038140667341,0.5744254254254254,0.4255745745745746,903.4069329197814,97.66201847992737,0.0211684601455848,0.0037363879498808024,0.04267702642075309,0.026138083033653656
Dew,70.86593017149924,0.9681371845693028,0.03186281543069716,0.5734264264264265,0.4265735735735735,903.24499954342,97.70048292909398,0.02116742415024053,0.003743868439614249,0.04267146503667317,0.02609613144930931
Bubble,71.00325672882784,0.968031031031031,0.03196896896896895,0.5726282788281734,0.4273717211718267,903.115220065844,97.73126680992969,0.021166594002007467,0.0037498642893652114,0.042667007265325324,0.02606261434236436
Dew,71.03795695121545,0.9680042308016116,0.031995769198388445,0.5724274274274275,0.42757257257257253,903.0825723932636,97.73918442190374,0.02116638713953983,0.003751382117129449,0.042665881826675175,0.026054179864964968
Dew,71.21076169274998,0.9678707536070403,0.03212924639295964,0.5714284284284284,0.42857157157157155,902.9196485814966,97.77812544024326,0.021165349120537302,0.003758929238410881,0.042660276636087686,0.026012228280620622
Dew,71.38435049120373,0.9677367492662615,0.032263250733738466,0.5704294294294294,0.4295705705705706,902.7562251969756,97.81730849034537,0.02116431010047869,0.003766510062034526,0.04265464930872267,0.025970276696276277
Dew,71.55872950717273,0.9676022140233987,0.03239778597660127,0.5694304304304305,0.4305695695695695,902.5922993050111,97.85673610310107,0.02116327008680473,0.0037741248492008626,0.04264899968685728,0.025928325111931938
Dew,71.73390496763552,0.9674671440855862,0.032532855914413836,0.5684314314314315,0.4315685685685685,902.4278679471633,97.8964108343932,0.02116222908715551,0.003781773863769027,0.04264332761121536,0.025886373527587592
Dew,71.90988316684853,0.9673315356225217,0.03266846437747827,0.5674324324324325,0.43256756756756753,902.2629281410334,97.93633526542453,0.021161187109374813,0.003789457372291082,0.04263763292094864,0.025844421943243243
Dew,72.08667046725576,0.9671953847660126,0.03280461523398728,0.5664334334334334,0.43356656656656656,902.0974768800337,97.97651200305164,0.021160144161514145,0.003797175644046848,0.042631915453617726,0.0258024703588989
Dew,72.26427330042124,0.9670586876095145,0.03294131239048545,0.5654344344344344,0.4345655655655656,901.9315111331853,98.01694368013476,0.02115910025183757,0.003804928951079699,0.042626175045172666,0.025760518774554556
Bubble,72.29890003743638,0.967032032032032,0.03296796796796797,0.5652398762205528,0.43476012377944706,901.8990761175131,98.02472057546002,0.02115889496702604,0.003806438092656393,0.042625055680980975,0.025752348570852932
Dew,72.44269816797039,0.9669214402076625,0.033078559792337474,0.5644354354354355,0.4355645645645645,901.7650278448867,98.05763295588417,0.021158055388825994,0.0038127175682325675,0.0426204115299333,0.025718567190210213
Dew,72.62195164254686,0.9667836385757961,0.03321636142420393,0.5634364364364365,0.4365635635635635,901.5980239346906,98.0985825162112,0.021157009581181767,0.0038205417731844845,0.04261462474056932,0.025676615605865868
Dew,72.8020403687975,0.9666452786894743,0.03335472131052572,0.5624374374374375,0.43756256256256254,901.4304962970816,98.1397950741044,0.021155962837833567,0.003828401846488464,0.04260881450807988,0.025634664021521526
Dew,72.98297106435537,0.9665063564839872,0.03349364351601281,0.5614384384384384,0.43856156156156156,901.2624418012448,98.18127336998262,0.0211549151679411,0.0038362980716088496,0.04260298066177309,0.025592712437177177
Dew,73.16475052085912,0.9663668678538553,0.03363313214614474,0.5604394394394395,0.4395605605605605,901.0938572908331,98.22302017208501,0.021153866580900026,0.003844230734960479,0.04259712302924502,0.025550760852832838
Dew,73.3473856049734,0.9662268086523229,0.0337731913476771,0.5594404404404405,0.4405595595595595,900.9247395837288,98.26503827684195,0.021152817086346934,0.003852200125947493,0.04259124143635836,0.025508809268488496
Dew,73.53088325944098,0.9660861746908449,0.03391382530915512,0.5584414414414415,0.4415585585585585,900.7550854718113,98.30733050927475,0.021151766694164516,0.0038602065370036453,0.042585335707220964,0.025466857684144147
Bubble,73.60023156657427,0.9660330330330331,0.03396696696696688,0.5580647756692635,0.4419352243307366,900.6909216141672,98.32321121241083,0.021151368382402797,0.0038632295863007603,0.04258310409663664,0.025451040124840296
Dew,73.71525050414222,0.9659449617385616,0.0340550382614384,0.5574424424424425,0.44255755755755755,900.5848917207096,98.34989972338545,0.021150715414486702,0.00386825026363263,0.042579405664163704,0.0254249060997998
Dew,73.90049443718289,0.9658031655217693,0.03419683447823073,0.5564434434434434,0.44355655655655657,900.4141550695654,98.39274880256923,0.021149663257704118,0.003876331604449701,0.042573451127718286,0.025382954515455455
Dew,74.08662223599067,0.9656607817233788,0.034339218276621314,0.5554444444444445,0.4445555555555555,900.2428722307783,98.43588066001756,0.02114861023446937,0.0038844508612233325,0.04256747191659452,0.025341002931111113
Dew,74.2736411584401,0.9655178059823682,0.03448219401763175,0.5544454454454455,0.4455545545545545,900.0710398897585,98.47929823914383,0.021147556355702635,0.0038926083389181913,0.0425614678476573,0.02529905134676677
Dew,74.46155854399343,0.9653742338932233,0.034625766106776645,0.5534464464464465,0.44655355355355353,899.8986547046725,98.52300451400978,0.02114650163259735,0.003900804345738561,0.042555438735903145,0.02525709976242243
Dew,74.65038181486095,0.9652300610053729,0.03476993899462708,0.5524474474474474,0.44755255255255255,899.7257133061868,98.56700248975962,0.02114544607662598,0.0039090391931725105,0.042549384394436444,0.025215148178078076
Dew,74.840118477186,0.9650852828226114,0.034914717177388574,0.5514484484484484,0.4485515515515516,899.5522122972073,98.6112952030673,0.021144389699545886,0.0039173131960370195,0.04254330463444527,0.025173196593733734
Bubble,74.907288553304,0.9650340340340341,0.034965965965965906,0.5510955720923542,0.44890442790764595,899.4907304025717,98.62686421045089,0.021144014143544023,0.003920239375566119,0.0425411525122923,0.025158378038128926
Dew,75.03077612224358,0.9649398948025147,0.03506010519748521,0.5504494494494495,0.4495505505505505,899.3781482526151,98.65588572258137,0.021143332513405368,0.003925626672523471,0.04253719926517678,0.025131245009389395
Dew,75.22236242767184,0.9647938923558389,0.03520610764416101,0.5494504504504505,0.4505495495495495,899.2035177189545,98.70077714939508,0.02114227453054885,0.003933979944244598,0.042531068093912,0.025089293425045046
Dew,75.41488515871448,0.9646472708459353,0.035352729154064726,0.5484514514514515,0.45154854854854853,899.0283172143412,98.74597261750844,0.021141215763626934,0.00394237333628158,0.04252491092594129,0.025047341840700704
Dew,75.60835216949204,0.964500025588107,0.03549997441189303,0.5474524524524524,0.45254754754754756,898.8525432279203,98.79147529430811,0.021140156225597128,0.003950807177232331,0.04251872756453724,0.025005390256356362
Dew,75.802771404296,0.9643521518490035,0.035647848150996475,0.5464534534534535,0.45354654654654647,898.6761922197727,98.83728838105712,0.02113909592973428,0.00395928179926067,0.04251251781092935,0.024963438672012013
Dew,75.99815089890359,0.9642036448459786,0.035796355154021325,0.5454544544544545,0.4545455455455455,898.499260620577,98.88341511338824,0.021138034889636052,0.003967797538146125,0.042506281464276985,0.02492148708766767
Dew,76.19449878191972,0.9640544997464459,0.03594550025355406,0.5444554554554555,0.4555445445445445,898.3217448313353,98.92985876181248,0.021136973119229966,0.003976354733334863,0.042500018321642345,0.02487953550332333
Bubble,76.22010873749923,0.9640350350350351,0.03596496496496493,0.5443253286736759,0.45567467132632417,898.2984759175033,98.9358589758821,0.021136832135748983,0.003977469507958237,0.042499200927947955,0.02487407100869745
Dew,76.39182327614125,0.9639047116672215,0.03609528833277854,0.5434564564564565,0.45654354354354354,898.143641223085,98.97662263223295,0.021135910632780388,0.003984953727991336,0.04249372817796287,0.02483758391897898
Dew,76.59013269994688,0.9637542756738546,0.03624572432614533,0.5424574574574574,0.45754254254254256,897.9649461365937,99.02371006647023,0.021134847444895362,0.003993594869050931,0.04248741082602309,0.024795632334634637
Dew,76.7894354687162,0.9636031867799506,0.03639681322004934,0.5414584584584585,0.4585415415415415,897.7856558820807,99.07112444280206,0.021133783570534227,0.00400227850727372,0.04248106605642627,0.024753680750290295
Dew,76.98974009626716,0.9634514399464774,0.03654856005352261,0.5404594594594595,0.4595405405405405,897.6057667388995,99.11886917650237,0.021132719025014707,0.0040110049972987465,0.0424746936575652,0.024711729165945946
Dew,77.1910551963298,0.9632990300810655,0.03670096991893444,0.5394604604604605,0.4605395395395395,897.4252749552512,99.16694772040472,0.02113165382402083,0.004019774697699834,0.04246829341559284,0.024669777581601604
Dew,77.39338948404172,0.9631459520372914,0.03685404796270858,0.5384614614614615,0.46153853853853855,897.2441767478623,99.21536356546746,0.0211305879836104,0.004028587971042057,0.04246186511439224,0.024627825997257262
Bubble,77.53873056630104,0.963036036036036,0.03696396396396395,0.537746767257602,0.4622532327423981,897.1141313510053,99.25013128922393,0.021129822238146478,0.004034916830755034,0.042457249343603606,0.02459781340044418
Dew,77.59675177746941,0.9629922006139505,0.03700779938604948,0.5374624624624625,0.46253753753753746,897.0624683016757,99.26412024134753,0.021129521520222933,0.004037445183939129,0.042455408535546,0.02458587441291292
Dew,77.80121715342591,0.9628377402163492,0.03716225978365084,0.5364634634634635,0.4635365365365365,896.8800351997407,99.3133184697935,0.021128452480034254,0.004046350665436213,0.042448922184304086,0.02454392282856857
Dew,78.00665508350261,0.9626826294416155,0.0373173705583845,0.5354644644644645,0.4645355355355355,896.6971065277281,99.36275666978723,0.02112738503226539,0.004055296436331003,0.042442408521372016,0.02450197124422423
Dew,78.21315349115652,0.9625268268721477,0.037473173127852234,0.5344654654654655,0.4655345345345345,896.5135468922675,99.41255445061203,0.021126316850930214,0.0040642875939168495,0.042435865807474764,0.02446001965987988
Dew,78.42075365068473,0.962370312263379,0.037629687736620905,0.5334664664664664,0.46653353353353355,896.3292986632865,99.46276208414056,0.021125246998513904,0.004073326430922368,0.04242929319246968,0.024418068075535537
Dew,78.62938696207723,0.9622131161205082,0.03778688387949174,0.5324674674674675,0.46753253253253246,896.1444885485075,99.51326962695377,0.0211241778208891,0.004082408683225439,0.04242269195738049,0.0243761164911912
Dew,78.83911506210562,0.9620552088031039,0.03794479119689599,0.5314684684684685,0.4685315315315315,895.9590250496822,99.5641569011693,0.02112310777890863,0.004091537855616124,0.0424160608574982,0.024334164906846846
Bubble,78.86319336696754,0.9620370370370371,0.037962962962962865,0.5313534417029627,0.46864655829703733,895.9376697949402,99.56981804423559,0.021122984327025196,0.004092582884929974,0.04241529775925926,0.02432933451656637
Dew,79.0499183100639,0.9618965983145514,0.0381034016854486,0.5304694694694695,0.4695305305305305,895.7729535704901,99.61538537502669,0.02112203777312015,0.0041007126050037765,0.042409400228913915,0.024292213322502504
Dew,79.26183674175533,0.961737264827504,0.03826273517249616,0.5294704704704705,0.47052952952952953,895.5862185243391,99.66700281448455,0.021120966905117087,0.004109935137634286,0.04240270923900557,0.02425026173815816
Dew,79.4748672504486,0.9615772086414324,0.03842279135856775,0.5284714714714714,0.47152852852852856,895.3988377253528,99.71899440852611,0.02111989558610996,0.004119205090108953,0.042395987900349034,0.024208310153813813
Dew,79.68901980513584,0.9614164239506202,0.03858357604937977,0.5274724724724725,0.47252752752752747,895.2108069719752,99.77136415510738,0.021118823835930323,0.004128522874817945,0.042389235969141244,0.024166358569469474
Dew,79.90430449206511,0.9612549048876223,0.03874509511237776,0.5264734734734735,0.4735265265265265,895.0221220341926,99.82411609112842,0.021117751675015967,0.004137888908634271,0.04238245319898696,0.024124406985125132
Dew,80.12073151732336,0.9610926455220934,0.038907354477906546,0.5254744744744745,0.4745255255255255,894.8327786522148,99.87725429420772,0.0211166791244046,0.004147303613026502,0.042375639340849494,0.02408245540078078
Bubble,80.19353749284349,0.9610380380380381,0.03896196196196189,0.5251389555802255,0.4748610444197746,894.7690643607369,99.8949692894991,0.021116318278645678,0.004150467478187367,0.04237334617491492,0.02406836574783287
Dew,80.33831759702136,0.9609296368093441,0.039070363190655925,0.5244754754754755,0.47552452452452454,894.6427614775893,99.93079195613622,0.021115606008581783,0.004156767791522479,0.04236879401490961,0.024040503816436437
Dew,80.55702324771144,0.9607658948534122,0.03923410514658784,0.5234764764764765,0.47652352352352345,894.4521376723307,99.9846624430472,0.021114533573242854,0.004166278926998878,0.04236191789743415,0.0239985522320921
Dew,80.77694854682015,0.9606013759160933,0.03939862408390671,0.5224774774774775,0.4775225225225225,894.2607930973253,100.03899687511206,0.02111346003714613,0.004175842739379517,0.04235500915169757,0.023956600647747753
Dew,80.99805600957053,0.9604360916193586,0.03956390838064131,0.5214784784784785,0.4785215215215215,894.0687613858148,100.09373108801312,0.021112385948167205,0.004185456822830261,0.04234806826574853,0.023914649063403407
Dew,81.22035164059098,0.9602700397944052,0.03972996020559481,0.5204794794794795,0.4795205205205205,893.876061793158,100.1488626188494,0.02111131180376637,0.004195121339207653,0.04234109514851113,0.02387269747905906
Dew,81.44386821426936,0.9601032035527342,0.03989679644726585,0.5194804804804805,0.48051951951951954,893.6826516577408,100.20442642763334,0.021110236947379082,0.004204838021870608,0.04233408909077617,0.023830745894714712
Bubble,81.52980444649357,0.9600390390390391,0.03996096096096091,0.5190971460148702,0.4809028539851299,893.6082882796741,100.22562170403009,0.021109823971609185,0.004208570308140684,0.04233139459057057,0.023814648292832977
Dew,81.66855890009201,0.9599356028275909,0.040064397172409165,0.5184814814814815,0.48151851851851846,893.4886126374989,100.26034583335247,0.021109162887896778,0.004214603923396213,0.04232705092961278,0.023788794310370374
Dew,81.89448251365454,0.9597672096905505,0.04023279030944948,0.5174824824824825,0.4825175175175175,893.2938705818863,100.3166920283996,0.021108088456101865,0.004224422302610134,0.0423199794922053,0.02374684272602603
Dew,82.12162789342676,0.9595980349330098,0.0404019650669902,0.5164834834834835,0.4835165165165165,893.0985140005786,100.37343815035027,0.02110701551500781,0.004234292304926802,0.04231287523172354,0.023704891141681683
Dew,82.35006695750933,0.9594280322964029,0.040571967703597125,0.5154844844844845,0.4845155155155155,892.902346525805,100.4306725665741,0.021105940390361323,0.004244217939331753,0.04230573620560287,0.02366293955733734
Dew,82.57976923548954,0.9592572196555111,0.040742780344488874,0.5144854854854856,0.48551451451451444,892.7054715091408,100.48834119552842,0.021104865147263327,0.004254197212683125,0.04229856316447007,0.023620987972992995
Dew,82.81074655887716,0.959085590239443,0.04091440976055703,0.5134864864864865,0.48651351351351346,892.507884267199,100.54644870294716,0.021103789814203598,0.004264230609158902,0.042291355823990885,0.023579036388648653
Bubble,82.87203698350959,0.9590400400400401,0.040959959959959935,0.5132220768522916,0.4867779231477085,892.4553149865828,100.56180043003155,0.021103501288848556,0.004266890990427171,0.04228944300622623,0.02356793287094593
Dew,83.04301091154562,0.9589131371995009,0.04108686280049911,0.5124874874874875,0.4875125125125125,892.3095800754494,100.6049998121703,0.021102714420319555,0.004274318618836447,0.0422841138965637,0.023537084804304307
Dew,83.27657443227824,0.958739853608025,0.0412601463919749,0.5114884884884885,0.4885115115115115,892.1105541677899,100.66399930513334,0.02110163899541069,0.004284461737787282,0.04227683709127104,0.02349513321995996
Dew,83.51144941734732,0.9585657324572154,0.041434267542784536,0.5104894894894895,0.48951051051051053,891.9108017360801,100.72345202335059,0.021100563569952668,0.004294660468172626,0.04226952511382997,0.023453181635615616
Dew,83.74764832316498,0.9583907666579302,0.04160923334206976,0.5094904904904906,0.49050950950950944,891.710317929698,100.7833628689435,0.021099488175112403,0.004304915318341881,0.042262177666541785,0.023411230051271274
Dew,83.98518376897691,0.9582149490384614,0.04178505096153859,0.5084914914914915,0.49150850850850847,891.5090978550572,100.84373680567317,0.02109841284276273,0.004315226802932362,0.04225479444824052,0.023369278466926928
Bubble,84.22027920002711,0.958041041041041,0.04195895895895896,0.507508031923435,0.4924919680765651,891.3101181894898,100.90352072009831,0.02109735011929821,0.004325429083200762,0.04224749142188188,0.023327979439540597
Dew,84.2240685396206,0.9580382723432878,0.04196172765671229,0.5074924924924925,0.4925075075075075,891.3071365751499,100.90457886000682,0.02109733760549822,0.004325595442971544,0.042247375154240534,0.023327326882582586
Dew,84.46431558833665,0.9578607292318041,0.04213927076819581,0.5064934934934935,0.4935065065065065,891.104429109061,100.96589412219843,0.021096262496650715,0.0043360217659810475,0.04223991947628328,0.02328537529823824
Dew,84.70593803964752,0.9576823122770226,0.042317687722977414,0.5054944944944946,0.4945055055055054,890.9009704314865,101.02768774740426,0.02109518755030575,0.004346506306083227,0.04223242710248262,0.023243423713893898
Dew,84.9489491922865,0.9575030139642539,0.04249698603574619,0.5044954954954955,0.49550450450450445,890.696755472232,101.08996495680685,0.021094112801318777,0.004357049604109301,0.04222489771726957,0.023201472129549552
Dew,85.19336252220077,0.9573228266897579,0.042677173310242046,0.5034964964964965,0.4965035035035035,890.4917791157276,101.15273103877871,0.02109303828533255,0.0043676522077103494,0.042217331001335553,0.023159520545205207
Dew,85.43919168561223,0.9571417427593714,0.04285825724062861,0.5024974974974975,0.4975025025025025,890.2860362005009,101.21599135006281,0.021091964038793997,0.004378314671470269,0.042209726631574795,0.02311756896086086
Bubble,85.57457660656485,0.9570420420420421,0.04295795795795787,0.5019495155499932,0.4980504844500066,890.1726719273568,101.25079215279884,0.021091370359291994,0.0043841841698614974,0.042205539837537547,0.023094557215190506
Dew,85.68645052214532,0.9569597543871071,0.043040245612892894,0.5014984984984985,0.4985015015015015,890.0795215186841,101.27975131697927,0.021090890098972505,0.004389037557021081,0.042202084281025516,0.023075617376516516
Dew,85.93515305802657,0.9567768536937248,0.04322314630627524,0.5004994994994995,0.49950050050050054,889.8722298154764,101.34401643666436,0.021089816503977784,0.004399821433160909,0.04219440361880987,0.023033665792172173
Dew,86.18531350934924,0.9565930327052746,0.0434069672947253,0.49950050050050054,0.5004994994994995,889.6641557886156,101.40879227833003,0.02108874329277855,0.0044106668759741315,0.04218668431007288,0.02299171420782783
Dew,86.4369462854129,0.9564082833516122,0.04359171664838787,0.4985015015015015,0.5014984984984985,889.4552940878496,101.47408448455685,0.021087670505221853,0.004421574468954327,0.04217892601591994,0.022949762623483486
Dew,86.69006599213544,0.9562225974648808,0.04377740253511919,0.49750250250250255,0.5024974974974974,889.2456393143749,101.53989877261378,0.0210865981820523,0.004432544803129717,0.042171128393353165,0.022907811039139143
Bubble,86.93497619030722,0.9560430430430431,0.043956956956956894,0.49654121780088417,0.5034587821991159,889.0429506176522,101.60360921693494,0.021085561913728297,0.004443155636733566,0.0421635882531932,0.022867443214667566
Dew,86.94468743554042,0.9560359667779684,0.04396403322203153,0.49650350350350353,0.5034964964964965,889.0351860203037,101.60624093580734,0.021085526364932515,0.0044435784771913,0.04216329109520663,0.022865859454794794
Dew,87.20082562531857,0.9558483829229282,0.044151617077071846,0.4955045045045045,0.5044954954954954,888.8239287080794,101.67311684485749,0.02108445509646326,0.004454676097623542,0.04215541377007994,0.022823907870450452
Dew,87.45849577847913,0.9556598374293693,0.04434016257063067,0.49450550550550554,0.5054944944944945,888.6118618299209,101.74053244931747,0.021083384420204784,0.004465838278838475,0.042147496062270716,0.02278195628610611
Dew,87.71771332306665,0.9554703217228169,0.04452967827718315,0.4935065065065065,0.5064934934934935,888.3989797872393,101.80849377900556,0.021082314380698276,0.004477065643311764,0.04213953761170572,0.02274000470176176
Bubble,88.30152646809864,0.9550440440440441,0.04495595595595592,0.4912780492536327,0.5087219507463673,887.9209290956306,101.96196824256027,0.02107992469704518,0.004502343042198902,0.04212163666884885,0.022646423714698338
Bubble,89.67427753135428,0.9540450450450451,0.04595495495495494,0.4861551074486291,0.513844892551371,886.8065826463258,102.32585815022335,0.02107445863402825,0.004561745899589718,0.042079685084504506,0.0224312928432569
Bubble,91.05333256919408,0.9530460460460461,0.04695395395395385,0.4811677321054792,0.5188322678945209,885.6999254567231,102.6953379976693,0.021069164574568432,0.004621366599128,0.042037733500160164,0.022221854898299295
Bubble,92.43864455262477,0.9520470470470471,0.047952952952952876,0.47631127894535935,0.5236887210546407,884.600858739297,103.07024365951575,0.021064040681813133,0.00468119912184634,0.04199578191581583,0.022017914849745423
Bubble,93.83031748184258,0.9510480480480481,0.0489519519519519,0.47158144202993935,0.5284185579700605,883.5093959298409,103.45062625321187,0.02105908778648705,0.0047412458132349644,0.04195383033147148,0.0218192918756573
Dew,94.04580787234846,0.9999999999970914,2.9085921110564533e-12,0.44555455455455456,0.5544454454454455,986.5656097467382,96.59734701981957,0.022417105619229397,0.004660610599974768,0.04400949999987786,0.020726328653233234
Dew,94.44835663774799,0.9999999999969161,3.083861999164583e-12,0.4445555555555556,0.5554444444444444,986.7816430432815,96.77860183762765,0.022422014407029966,0.00467882602967972,0.0440094999998705,0.02068437706888889
Dew,94.85511364788287,0.9999999999967294,3.2706312828329582e-12,0.44355655655655657,0.5564434434434434,986.9994927606,96.96220816604064,0.022426964468209822,0.004697229414180928,0.04400949999986266,0.020642425484544546
Bubble,95.22840808614089,0.9500490490490491,0.04995095095095092,0.46697402910857205,0.5330259708914279,882.4255143283722,103.83646327361818,0.021054305860456295,0.004801506330542327,0.041911878747127124,0.021625809928254313
Dew,95.26615711514552,0.9999999999965303,3.4697194365656377e-12,0.4425575575575576,0.5574424424424425,987.2191891056451,97.14821277446148,0.022431956489142424,0.004715824172060302,0.0440094999998543,0.020600473900200204
Dew,95.68156749411378,0.999999999996318,3.682009272316e-12,0.4415585585585586,0.5584414414414414,987.4407631132221,97.33666385287758,0.022436991175012015,0.004734613818903035,0.04400949999984538,0.020558522315855858
Bubble,96.63297481995004,0.94905005005005,0.050949949949949946,0.46248501170853074,0.5375149882914693,881.3491917738743,104.22773165429942,0.021049694888346623,0.004861980400747165,0.04186992716278279,0.021437299837383593
Bubble,98.0440778844757,0.9480510510510511,0.05194894894894886,0.45811051195573826,0.5418894880442617,880.2804066531455,104.62440540870246,0.021045254867818993,0.004922667761095089,0.04182797557843844,0.021253598757074735
Bubble,99.46177924810469,0.9470520520520521,0.05294794794794788,0.453847022953812,0.5461529770461879,879.2191379079388,105.02654672201139,0.021040985809805804,0.0049835702198392125,0.041786023994094104,0.021074559420053665
Bubble,100.88614266601282,0.9460530530530531,0.053946946946946905,0.44969054172054906,0.5503094582794509,878.165365040721,105.43396146880559,0.021036887738715607,0.005044683838392999,0.041744072409749755,0.020900013726606888
Bubble,102.31723369944746,0.9450540540540541,0.05494594594594593,0.44563783428936754,0.5543621657106323,877.1190681194361,105.8467076013671,0.021032960692615066,0.005106010453788344,0.041702120825405406,0.02072982587077067
Bubble,103.75511973500275,0.9440550550550552,0.05594494494494484,0.4416855925439548,0.5583144074560452,876.0802277815274,106.26476090966965,0.021029204723394302,0.0051675500980728675,0.041660169241061064,0.02056385693276567
Bubble,105.19987000422685,0.9430560560560561,0.056943943943943864,0.43783063631360514,0.5621693636863948,875.0488252374425,106.68809795545428,0.021025619896920773,0.005229302873944439,0.04161821765671672,0.020401973365711736
Dew,106.12381901037486,0.9999999999852183,1.478173743279414e-11,0.4195805805805806,0.5804194194194194,992.8663318564872,102.22178326237312,0.022560272938126794,0.005205944740342084,0.04400949999937927,0.019635587460280282
Bubble,106.65155560381191,0.9420570570570571,0.05794294294294289,0.434069908248916,0.5659300917510839,874.0248422738496,107.11669626892376,0.02102220629318714,0.005291268955791082,0.04157626607237238,0.020244046780439846
Dew,106.66876112042496,0.9999999999841865,1.581345280684704e-11,0.4185815815815816,0.5814184184184183,993.1421884589108,102.48421114259995,0.022566541053043013,0.005230484622227091,0.044009499999335934,0.019593635875935937
Dew,107.22100306716554,0.9999999999830756,1.6924378941290755e-11,0.41758258258258263,0.5824174174174174,993.421035248604,102.75088597212425,0.02257287711209277,0.005255347029939172,0.04400949999928929,0.019551684291591594
Dew,107.78072743112463,0.9999999999818788,1.812120184438878e-11,0.4165835835835836,0.5834164164164164,993.702940377681,103.021921378016,0.022579282663853558,0.005280539868172905,0.044009499999239025,0.01950973270724725
Bubble,108.11024951661568,0.9410580580580581,0.05894194194194191,0.43040046886419064,0.5695995311358093,873.0082612567077,107.55053451634404,0.02101896400645654,0.005353448590408423,0.04153431448802803,0.020089953737304656
Dew,108.34812614959472,0.9999999999805887,1.9411232821493236e-11,0.4155845845845846,0.5844154154154154,993.9879756791044,103.29743784340123,0.02258575934054045,0.005306071461933419,0.04400949999918485,0.019467781122902903
Dew,108.92340036586202,0.9999999999791975,2.0802472156924955e-11,0.4145855855855856,0.5854144144144144,994.2762165196682,103.57756238275822,0.022592308854665562,0.00533195054435981,0.044009499999126435,0.019425829538558564
Dew,109.50675730999106,0.9999999999776963,2.2303672592109977e-11,0.4135865865865866,0.5864134134134134,994.5677401713705,103.8624252440646,0.02259893296203176,0.005358186091007866,0.044009499999063395,0.019383877954214212
Bubble,109.57602663369218,0.9400590590590591,0.059940940940940934,0.42681949174789674,0.5731805082521033,871.9990651343509,107.98959264222584,0.021015893145409054,0.005415842097451814,0.04149236290368369,0.019939575545054312
Dew,110.0984126001548,0.9999999999760756,2.3924421575077154e-11,0.4125875875875876,0.5874124124124124,994.8626269043768,104.15216208811677,0.0226056334865674,0.005384787435152328,0.04400949999899533,0.019341926369869873
Dew,110.6985937461273,0.9999999999743248,2.567523732630341e-11,0.4115885885885886,0.5884114114114114,995.1609616573426,104.44691731504803,0.022612412358279987,0.005411764444033392,0.04400949999892181,0.019299974785525528
Bubble,111.04896377754633,0.9390600600600602,0.06093993993993985,0.4233242589608973,0.5766757410391028,870.9972374406965,108.43385199748927,0.021012993833292044,0.005478449869857987,0.04145041131933935,0.019792798067585514
Dew,111.30753466394891,0.9999999999724324,2.7567652192010705e-11,0.41058958958958963,0.5894104104104103,995.4628312281003,104.74683840133959,0.022619271549421963,0.005439127230613939,0.044009499998842336,0.019258023201181182
Dew,111.92548222687519,0.9999999999703857,2.961433828879464e-11,0.4095905905905906,0.5904094094094094,995.768327449525,105.05208224482804,0.022626213146653862,0.005466886486454544,0.04400949999875639,0.01921607161683684
Bubble,112.52913972673115,0.9380610610610611,0.06193893893893887,0.4199121565065325,0.5800878434934675,870.0027622986822,108.88329540812734,0.021010266208076996,0.005541272373173175,0.041408459734995,0.019649511533715854
Dew,112.55269371648092,0.9999999999681708,3.182922286595084e-11,0.40859159159159164,0.5914084084084084,996.0775458303804,105.36281240943377,0.022633239320161157,0.0054950533443457,0.04400949999866338,0.019174120032492498
Dew,113.18943825147932,0.9999999999657724,3.4227628751375334e-11,0.4075925925925926,0.5924074074074074,996.3905861679971,105.6792003243429,0.02264035233757573,0.005523639445824127,0.04400949999856266,0.01913216844814815
Dew,113.83599756242774,0.9999999999631736,3.6826430013470266e-11,0.4065935935935936,0.5934064064064064,996.7075528270167,106.00142581128773,0.022647554570309602,0.005552656974383187,0.04400949999845353,0.019090216863803803
Bubble,114.01663524197177,0.9370620620620621,0.0629379379379379,0.41658067015463285,0.583419329845367,869.0156244240316,109.33790730586897,0.02100771042262514,0.005604310146544351,0.041366508150650655,0.01950961036181899
Dew,114.49266683312138,0.9999999999603558,3.964422700350801e-11,0.4055945945945946,0.5944054054054053,997.028555042072,106.32967765788206,0.022654848500432586,0.0055821186915399465,0.04400949999833519,0.019048265279459464
Dew,115.15975462652489,0.9999999999572985,4.270153923441125e-11,0.4045955955955956,0.5954044044044045,997.3537067654811,106.66415328167747,0.02266223671721148,0.005612037925539008,0.044009499998206816,0.019006313695115115
Bubble,115.511533093902,0.9360630630630631,0.06393693693693692,0.4133273812446471,0.5866726187553528,868.0358091293958,109.79767376698835,0.021005326644863334,0.0056675638018365915,0.041324556566306306,0.019372992983582835
Dew,115.83758773130864,0.9999999999539789,4.6021043888594683e-11,0.40359659659659664,0.5964034034034034,997.6831289009655,107.005063151677,0.0226697219678655,0.00564242881076942,0.044009499998067414,0.018964362110770776
Dew,116.52650663585455,0.9999999999503721,4.9627803756619514e-11,0.4025975975975976,0.5974024024024024,998.0169469580607,107.35262607183915,0.02267730710426888,0.005673306047446436,0.04400949999791595,0.018922410526426427
Bubble,117.0139180925502,0.9350640640640641,0.06493593593593594,0.41014996274041676,0.5898500372595832,867.0633023289528,110.26258257650085,0.02100311505797194,0.0057310340235381995,0.041282604981961964,0.01923956167833522
Dew,117.2268703997093,0.9999999999464504,5.354956641759737e-11,0.40159859859859864,0.5984014014014014,998.3552932756598,107.70707357897892,0.0226849951334751,0.0057046851408317145,0.044009499997751264,0.018880458942082082
Dew,117.93905691353075,0.9999999999421829,5.781708192226304e-11,0.4005995995995996,0.5994004004004003,998.6983069820811,108.06864982161045,0.02269278921680951,0.005736582403765777,0.044009499997572046,0.01883850735773774
Bubble,118.52387711869437,0.9340650650650651,0.06593493493493485,0.4070461754246912,0.5929538245753088,866.0980905435212,110.73262327413528,0.021001075860586475,0.005794721568441517,0.04124065339761763,0.019109222413237825
Dew,118.66346452440771,0.9999999999375355,6.24644693910648e-11,0.3996006006006006,0.6003993993993995,999.0461346035341,108.43761272930695,0.022700692683695123,0.005769015027891484,0.04400949999737689,0.018796555773393397
Dew,119.40051462209767,0.9999999999324704,6.752963960920689e-11,0.39860160160160163,0.6013983983983984,999.3989311131539,108.81423605386472,0.022708709055489187,0.005802001202318209,0.04400949999716419,0.018754604189049052
Bubble,120.04149915715561,0.9330660660660661,0.06693393393393388,0.40401386424748903,0.5959861357525108,865.1401609062118,111.2077871910436,0.020999209267013444,0.005858627265288237,0.04119870181327328,0.018981884689940644
Dew,120.15064786060083,0.9999999999269452,7.30547334368824e-11,0.3976026026026026,0.6023973973973974,999.7568579198798,109.19880532934488,0.02271684199978576,0.005835559908908388,0.04400949999693216,0.018712652604704703
Bubble,121.56687533216282,0.9320670670670671,0.0679329329329329,0.40105095482428993,0.59894904517571,864.1895011686868,111.68806747867407,0.020997515507462275,0.005922752014399603,0.04115675022892893,0.018857461397528398
Bubble,123.10009894493825,0.9310680680680681,0.06893193193193192,0.39815546687339903,0.6018445331266009,863.2460997080966,112.17346655331227,0.020995994828295204,0.005987096958104773,0.04111479864458459,0.01873586937680411
Bubble,124.64126551306649,0.9300690690690692,0.06993093093093083,0.39532544469987185,0.6046745553001283,862.3099455343598,112.66396685932182,0.020994647492286984,0.006051662807319022,0.04107284706024025,0.01861702650105743
Bubble,126.19047281311384,0.9290700700700701,0.07092992992992986,0.3925590522967041,0.6074409477032958,861.3810282987691,113.15957413016127,0.020993473778918567,0.006116450836133016,0.041030895475895904,0.01850085566970792
Bubble,127.7478209247439,0.9280710710710711,0.07192892892892888,0.38985450576725,0.61014549423275,860.4593383026697,113.6602889702177,0.020992473984674277,0.006181462227680451,0.040988943891551555,0.018387281970477704
Bubble,129.3134122778113,0.9270720720720721,0.0729279279279279,0.38721008646284427,0.6127899135371556,859.5448665071959,114.16611386804644,0.020991648423366732,0.006246698235052623,0.04094699230720721,0.01827623323108783
Bubble,130.88735170195304,0.9260730730730731,0.07392692692692693,0.38462413828508374,0.6153758617149161,858.6376045436959,114.67705319887311,0.02099099742648054,0.006312160181091084,0.04090504072286286,0.018167639905971256
Bubble,132.46974647890613,0.9250740740740742,0.07492592592592584,0.3820950651058726,0.6179049348941273,857.7375447249443,115.19311322524456,0.020990521343537395,0.006377849458239285,0.04086308913851853,0.018061434967931275
Bubble,134.06070639760148,0.9240750750750751,0.07592492492492486,0.3796213283000516,0.6203786716999485,856.8446800571527,115.71430209605165,0.020990220542483038,0.006443767528452387,0.04082113755417418,0.017957553804527612
Bubble,135.66034381221186,0.9230760760760761,0.07692392392392389,0.3772014443873129,0.6227985556126872,855.9590042528222,116.24062984495994,0.020990095410097123,0.006509915923185073,0.04077918596982983,0.017855934119051953
Bubble,137.26877370318,0.9220770770770771,0.07792292292292291,0.37483398277735414,0.6251660172226458,855.0805117444236,116.7721083878623,0.020990146352426055,0.006576296243442986,0.040737234385485495,0.017756515835838756
Bubble,138.8861137414359,0.9210780780780782,0.07892192192192182,0.372517564669529,0.627482435330471,854.2091976989863,117.30875201700694,0.020990373795240786,0.006642910171388848,0.04069528280114115,0.01765924105405763
Bubble,140.51248435581758,0.9200790790790792,0.07992092092092085,0.37025085684688536,0.6297491431531146,853.3450580335378,117.8505754484642,0.020990778184518367,0.00670975942552643,0.040653331216796804,0.0175640537871025
Bubble,142.1480088039846,0.9190800800800801,0.08091991991991987,0.3680325758252023,0.6319674241747976,852.4880894315436,118.39759669179242,0.020991359986951105,0.006776845827321562,0.040611379632452455,0.017470900136824737
Bubble,143.7928132467925,0.9180810810810811,0.08191891891891889,0.3658614819595065,0.6341385180404934,851.6382893602457,118.94983516729111,0.020992119690481082,0.0068441712581552225,0.040569428048108105,0.01737972804604437
Bubble,145.44702682638845,0.9170820820820821,0.08291791791791792,0.36373637863412595,0.636263621365874,850.7956560890158,119.50731216719448,0.020993057804862957,0.006911737670476255,0.04052747646376377,0.017290487264537604
Bubble,147.11078174815694,0.9160830830830832,0.08391691691691683,0.36165611054501473,0.6383438894549854,849.9601887087306,120.07005085558087,0.02099417486225559,0.006979547088376016,0.04048552487941943,0.017203129276905343
Bubble,148.7842133666909,0.9150840840840841,0.08491591591591585,0.35961956205832696,0.6403804379416729,849.1318871522136,120.63807626945415,0.020995471417843647,0.0070476016082636865,0.040443573295075086,0.0171176072336438
Bubble,150.46746027593255,0.9140850850850851,0.08591491491491487,0.3576256556416733,0.6423743443583266,848.31075221576,121.21141532102912,0.020996948050489947,0.0071159033996405765,0.04040162171073073,0.017033875885267287
Bubble,152.1606644037372,0.9130860860860861,0.0869139139139139,0.3556733503822626,0.6443266496177374,847.4967855818219,121.79009681010723,0.020998605363420565,0.007184454706181096,0.04035967012638639,0.01695189152007959
Bubble,153.8639711110095,0.9120870870870871,0.08791291291291292,0.35376164048580233,0.6462383595141977,846.6899898428646,122.37415139566608,0.02100044398494332,0.007253257845945131,0.040317718542042046,0.0168716119011374
Bubble,155.5775292956621,0.9110880880880882,0.08891191191191183,0.3518895540065938,0.6481104459934062,845.8903685264714,122.96361165211252,0.021002464569201722,0.0073223152136180905,0.0402757669576977,0.01679299621292238
Dew,156.6465191784987,0.9999999983633373,1.636662732032035e-09,0.36563463463463464,0.6343653653653654,1015.9478904425032,129.43959951277822,0.02308474061348353,0.007451818937718248,0.04400949993127061,0.017370201905685688
Dew,156.73903467604782,0.9104146482049879,0.08958535179501217,0.3506496496496497,0.6493503503503504,845.3561483223824,123.36458412793232,0.02100394871761861,0.007369040897400122,0.04024748677915395,0.016740928140520524
Bubble,157.30149150160483,0.9100890890890891,0.08991091091091086,0.35005615147292024,0.6499438485270796,845.0979261217144,123.55851204585865,0.021004667796965092,0.007391629280987213,0.04023381537335336,0.016716005003616252
Dew,157.68985565169683,0.909865184429381,0.09013481557061898,0.34965065065065065,0.6503493493493493,844.9220970741701,123.69315061757065,0.021005206493526087,0.007407229431184648,0.04022441280615734,0.01669897655617618
Dew,158.59562841450162,0.9999999981295721,1.8704278859819102e-09,0.36463563563563567,0.6353643643643643,1016.7528392476729,130.6069046260494,0.023103030960640872,0.007537224024585733,0.04400949992145396,0.017328250321341342
Dew,158.65494523388054,0.9093093600055777,0.09069063999442231,0.3486516516516517,0.6513483483483483,844.4852331394884,124.02720904356123,0.021006535320361844,0.007445940031506208,0.040201071726517434,0.016657024971831833
Bubble,159.03601403304853,0.9090900900900901,0.09090990990990988,0.348260524651099,0.6517394753489009,844.3126681068994,124.1588889537811,0.021007054376457845,0.007461202598461426,0.04019186378900902,0.016640600133198888
Dew,159.6346867095973,0.9087468500405913,0.09125314995940868,0.34765265265265266,0.6523473473473473,844.0448667512102,124.36690859934657,0.02100792531430429,0.0074851856322828555,0.040177449896801574,0.016615073387487488
Dew,160.62947892736082,0.9081778747467568,0.09182212525324311,0.3466536536536537,0.6533463463463463,843.6022615373256,124.7124045167182,0.021009403243813233,0.0075249796627371735,0.0401535565645229,0.016573121803143145
Bubble,160.78125707432918,0.9080910910910911,0.0919089089089089,0.3465017953484638,0.6534982046515361,843.5346009786784,124.76478067579846,0.021009625044228007,0.007531037796533455,0.04014991220466466,0.01656674472318116
Dew,161.63973716240685,0.9076021069633937,0.0923978930366063,0.34565465465465467,0.6543453453453454,843.1567499006185,125.06385839891556,0.021010959853135388,0.0075653360738307755,0.040129377991020114,0.0165311702187988
Bubble,162.53738481562567,0.9070920920920922,0.09290790790790782,0.3447791142687445,0.6552208857312555,842.7637322826675,125.37622744958117,0.02101238056605873,0.007601137587372341,0.04010796062032033,0.016494403108538235
Dew,162.66589404358427,0.9070193923876129,0.09298060761238715,0.3446556556556557,0.6553443443443443,842.7082997142297,125.42143857723475,0.021012597911716193,0.007606269366528069,0.04010490769655631,0.01648921863445446
Dew,162.8716928257302,0.9999999975164118,2.483588228568247e-09,0.3626376376376377,0.6373623623623623,1018.5000872102997,133.2000745708839,0.023142732583282418,0.007724274708213241,0.04400949989570515,0.017244347152652655
Dew,163.70840054740486,0.9064295710781582,0.09357042892184174,0.3436566566566567,0.6563433433433433,842.2568784246625,125.78532049323664,0.021014320313813454,0.007647794622049049,0.040080138964619164,0.016447267050110112
Bubble,164.30456558474856,0.9060930930930932,0.09390690690690684,0.3430916599173418,0.6569083400826583,842.0000706455621,125.99327146741466,0.02101532173792292,0.0076715047665480264,0.04006600903597598,0.016423540791738085
Dew,164.76772706514413,0.9058324771593814,0.09416752284061855,0.34265765765765765,0.6573423423423423,841.8024530541818,126.1556871087501,0.02101613008586174,0.007689927534280513,0.04005506482948974,0.016405315465765766
Dew,165.24507826466686,0.999999997108596,2.891404051319185e-09,0.36163863863863865,0.6383613613613613,1019.4590538785185,134.65881141685455,0.023164522584695733,0.00782791041411315,0.04400949987857948,0.017202395568308312
Dew,165.84436454968102,0.905227938504671,0.09477206149532902,0.3416586586586587,0.6583413413413413,841.344990204659,126.53272934622055,0.02101803039438901,0.007732684444540331,0.04002967806294852,0.016363363881421424
Bubble,166.08297198547265,0.9050940940940941,0.09490590590590586,0.3414386375542632,0.6585613624457369,841.2436258089117,126.61595689541805,0.021018449386985306,0.007742142214897766,0.04002405745163164,0.016354124398771458
Dew,166.93882574913965,0.9046157723652545,0.09538422763474556,0.34065965965965966,0.6593403403403404,840.8844424411503,126.91664656197337,0.021020024302996404,0.007776082378894518,0.040003970990713,0.01632141229707708
Dew,167.8202222820542,0.9999999966040917,3.3959082798173514e-09,0.36063963963963963,0.6393603603603604,1020.4910151961036,136.25751435324082,0.023187971199465078,0.007940209150798795,0.044009499857393525,0.017160443983963967
Bubble,167.87278104260113,0.9040950950950951,0.09590490490490489,0.33981927819248176,0.6601807218075182,840.4944086645396,127.24432989512519,0.021021764372651977,0.007813052900534896,0.039982105867287294,0.016286121637089365
Dew,168.0516465368031,0.9039958007634639,0.0960041992365361,0.3396606606606607,0.6603393393393393,840.4208016320349,127.30764705643925,0.02102211576688139,0.007820139088321732,0.03997793613885661,0.016279460712732736
Dew,169.1833873429767,0.9033678269892873,0.09663217301071263,0.3386616616616617,0.6613383383383383,839.9540205821003,127.7059486222731,0.021024308194009654,0.007864873091834144,0.039951565246813876,0.016237509128388387
Bubble,169.6741743542508,0.9030960960960961,0.09690390390390391,0.3382328376395847,0.6617671623604153,839.7524312917748,127.87843864758386,0.021025267587671887,0.007884239881009707,0.039940154282942945,0.01621950125535842
Dew,170.33463470327098,0.9027316502650718,0.09726834973492816,0.3376626626626627,0.6623373373373374,839.484064275883,128.1117791373978,0.021026605403193736,0.007910303723042323,0.039924849883204334,0.016195557544044045
Bubble,171.4873382517107,0.9020970970970972,0.09790290290290282,0.3366785955808078,0.6633214044191921,839.0177069965472,128.51833338010587,0.021028959959292028,0.00795570630562852,0.0398982026985986,0.01615423300495412
Dew,171.5060029312318,0.9020870616014508,0.0979129383985492,0.3366636636636637,0.6633363363363363,839.0108973261745,128.5253772047629,0.021029011403173595,0.007956451180337706,0.03989778127180792,0.0161536059596997
Dew,172.69813592917703,0.9014338433127084,0.0985661566872916,0.33566466466466466,0.6643353353353354,838.5344839923844,128.94699284450147,0.021031530405134422,0.008003336581111176,0.03987035027121342,0.016111654375355357
Bubble,173.31246396726237,0.9010980980980982,0.09890190190190185,0.3351558547014541,0.6648441452985459,838.2902503524456,129.16406639572628,0.021032842450469158,0.008027455417936492,0.039856251114254254,0.016090287603108076
Dew,173.9117091509189,0.9007717684943367,0.09922823150566328,0.3346656656656657,0.6653343343343343,838.0547882027603,129.37688824349087,0.02103416683627785,0.008050982020393123,0.03984254735287915,0.016069702791011015
Dew,175.14743173227228,0.9001006004590288,0.09989939954097113,0.33366666666666667,0.6663333333333333,837.5717735810803,129.8153385683339,0.021036925354557836,0.008099410634371328,0.039814362577448276,0.01602775120666667
Bubble,175.14974781047408,0.9000990990990991,0.09990090090090087,0.33366393984693615,0.6663360601530638,837.570077243859,129.8156921055263,0.021036916061141463,0.008099490558372889,0.03981429952990992,0.016027636697635097
Dew,176.40604880681246,0.8994200921253398,0.10057990787466017,0.3326676676676677,0.6673323323323324,837.0854034730426,130.26263284822465,0.021039810864603534,0.008148646669280649,0.03978578556907652,0.015985799622322324
Bubble,176.99939135341668,0.8991001001001001,0.10089989989989989,0.33220219721867794,0.6677978027813222,836.8572049113203,130.47326706393946,0.021041181829563722,0.008171815167107415,0.03977234794556557,0.01596625283316622
Dew,177.6883440269054,0.8987299853642058,0.10127001463579419,0.3316686686686687,0.6683313313313313,836.595641004681,130.71907493522625,0.021042828535542298,0.008198715556235584,0.03975680548799002,0.01594384803797798
Bubble,178.86160162532715,0.8981011011011012,0.1018988988988988,0.33076999360445203,0.6692300063955479,836.1516519991545,131.1368500072687,0.021045640833708835,0.008244432787067607,0.039730396361221235,0.01590610941882779
Dew,178.99592624610406,0.8980297031458225,0.10197029685417741,0.3306696696696697,0.6693303303303303,836.1022311378138,131.18552888580606,0.02104598516565587,0.008249678223494514,0.03972739810261848,0.015901896453633636
Dew,180.32813564248784,0.8973195592636709,0.1026804407363291,0.3296706706706707,0.6703293293293293,835.6055544367583,131.66126639360778,0.021049283765126093,0.008301495842432127,0.039697576590286075,0.01585994486928929
Bubble,180.73659131725893,0.8971021021021022,0.10289789789789783,0.32936671564054393,0.6706332843594559,835.4534386055642,131.8065018949958,0.021050294192739766,0.008317347067154335,0.03968844477687688,0.01584718069725706
Dew,181.68663676748332,0.8965989673377904,0.1034010326622095,0.32867167167167166,0.6713283283283283,835.1053721512305,132.1471646901151,0.021052731807509027,0.008354230673235175,0.03966731632677559,0.015817993284944945
Bubble,182.62457899736864,0.8961031031031031,0.10389689689689685,0.32799176910671096,0.672008230893289,834.7625863353375,132.48228595539703,0.021055143068556846,0.008390561765688073,0.03964649319253253,0.01578944171499496
Dew,183.07239767677586,0.8958676170783049,0.10413238292169515,0.3276726726726727,0.6723273273273274,834.6016467251432,132.64359846073793,0.02105633572415876,0.008407913783321714,0.03963660428189184,0.015776041700600603
Dew,184.48643604958903,0.8951251894588802,0.10487481054111986,0.32667367367367367,0.6733263263263263,834.0943556790769,133.1509597942596,0.021060102557301258,0.008462577677541694,0.03960542705856422,0.015734090116256257
Bubble,184.5257893374137,0.8951041041041041,0.10489589589589587,0.3266445782493525,0.6733554217506476,834.0791183552667,133.16426773386112,0.02106018866742348,0.008464080754054713,0.039604541608188194,0.015732868294063576
Dew,185.92983961865986,0.8943713368451477,0.10562866315485232,0.3256746746746747,0.6743253253253253,833.5834490909892,133.66967078039733,0.021064039333668277,0.00851825712018559,0.03957377005836714,0.015692138531911915
Bubble,186.44045335247176,0.8941051051051051,0.1058948948948949,0.32532463297927083,0.6746753670207293,833.4030594532278,133.85254176967473,0.021065432241694663,0.008537908624641556,0.039562590023843845,0.015677439013970968
Dew,187.40375531540087,0.8936056996991724,0.1063943003008277,0.3246756756756757,0.6753243243243243,833.0688902742992,134.2001746258759,0.02106815372144869,0.008574988597611221,0.03954161818300116,0.01565018694756757
Bubble,188.368808647099,0.8931061061061062,0.10689389389389381,0.3240312992970711,0.675968700702929,832.73443609674,134.54712667186098,0.021070875091543328,0.008612048312227581,0.03952063843949951,0.015623127250787471
Dew,188.90939961735455,0.8928278995497386,0.10717210045026142,0.3236766766766767,0.6763233233233232,832.5506429835433,134.74294112433265,0.021072453868334312,0.008632810691836412,0.039508955539089896,0.015608235363223226
Bubble,190.31153353733208,0.8921071071071072,0.10789289289289283,0.32276479013125936,0.6772352098687408,832.0735243717621,135.24876658125217,0.021076524845534707,0.008686529920856846,0.03947868685515516,0.015569941946151857
Dew,190.4480644003783,0.8920375330838654,0.1079624669161346,0.3226776776776777,0.6773223223223224,832.0286584086214,135.29846886528415,0.021076948208672074,0.008691764250685442,0.039475765190061275,0.01556628377887888
Dew,192.02112342916615,0.891234187742493,0.10876581225750702,0.3216786786786787,0.6783213213213213,831.5029262349796,135.86728768130885,0.02108164641165782,0.008751892576038922,0.03944202981106691,0.015524332194534538
Bubble,192.26802577107975,0.8911081081081081,0.10889189189189186,0.32152323298196056,0.6784767670180396,831.4198650584087,135.9562637928364,0.021082370519493434,0.008761307959629218,0.03943673527081081,0.01551780446701592
Dew,193.6300395708438,0.8904174150403406,0.10958258495965946,0.3206796796796797,0.6793203203203203,830.9734009705516,136.4499613642989,0.021086558118953377,0.008813241632523248,0.03940773056858635,0.015482380610190192
Bubble,194.23896473130102,0.8901091091091091,0.10989089089089088,0.3203068085957364,0.6796931914042635,830.7737315599248,136.67032378009665,0.02108841967941369,0.008836411504252758,0.03939478368646647,0.01546672240358209
Dew,195.27637283362327,0.8895867446999425,0.1104132553000575,0.3196806806806807,0.6803193193193193,830.4400499826585,137.04709068890998,0.021091693849923977,0.008875860279497794,0.0393728477139664,0.015440429025845847
Bubble,196.2246171971677,0.8891101101101102,0.11088988988988979,0.3191150393404651,0.680884960659535,830.1351577550945,137.3910272529501,0.021094673836964555,0.00891184519550266,0.03935283210212213,0.015416675698348542
Dew,196.96178934603694,0.8887416785893395,0.11125832141066054,0.3186816816816817,0.6813183183183182,829.9028421900706,137.65931678534346,0.02109706485774468,0.008939800529520427,0.039337360328842864,0.015398477441501501
Bubble,198.22525801678688,0.8881111111111112,0.11188888888888882,0.3179474620457135,0.6820525379542866,829.5041795650014,138.11845769575154,0.021101134562220503,0.008987613820108263,0.039310880517777785,0.015367644901112117
Dew,198.68807141389144,0.8878816883208965,0.1121183116791034,0.3176826826826827,0.6823173173173174,829.3617484208742,138.28732491198585,0.021102683199596576,0.009005117837087793,0.03930124622430617,0.015356525857157159
Bubble,200.24117045341495,0.8871121121121122,0.11288788788788784,0.31680362753392705,0.6831963724660729,828.88083503753,138.8527014593321,0.021107803486125225,0.009063722316858315,0.039268928933433436,0.015319611149281272
Dew,200.4571288157555,0.887006212453184,0.11299378754681597,0.3166836836836837,0.6833163163163163,828.8167414910076,138.93184868696474,0.021108561809597182,0.00907187142208735,0.03926448182339828,0.015314574272812815
Dew,202.27101152632974,0.8861146539359274,0.11388534606407269,0.3156846846846847,0.6843153153153153,828.2677979284065,139.5936748479595,0.021114714609173926,0.009140124633168547,0.039227042053816844,0.01527262268846847
Bubble,202.2726465514429,0.8861131131131131,0.11388688688688686,0.3156831001096288,0.6843168998903711,828.2651644366557,139.593847823025,0.021114682303093362,0.009140175782276933,0.039226977349089094,0.01527255614642571
Dew,204.13192409254478,0.8852063761257676,0.11479362387423236,0.3146856856856857,0.6853143143143143,827.7148967757518,140.27364862262732,0.021121156576510612,0.009209945357210446,0.03918890018060256,0.015230671104124127
Bubble,204.3199875234513,0.8851141141141141,0.11488588588588589,0.31458545718844727,0.6854145428115529,827.6572103368325,140.341989132655,0.02112177277375905,0.009216979478262463,0.039185025764744745,0.015226462146697924
Dew,206.0422419294432,0.8842806994127236,0.11571930058727639,0.3136866866866867,0.6863133133133132,827.158021402148,140.97267980719135,0.02112790388020025,0.009281406482199316,0.03915002766447214,0.015188719519779782
Bubble,206.3835041598656,0.8841151151151152,0.1158848848848848,0.31351028882574244,0.6864897111742575,827.0570177228471,141.09722087654154,0.02112907672788175,0.009294138838613089,0.0391430741804004,0.015181311935038477
Dew,208.00452985502076,0.8833368885714693,0.11666311142853061,0.31268768768768773,0.6873123123123123,826.5971375361313,141.69174966958258,0.021134973617046103,0.00935458642223591,0.03911039363065263,0.015146767935435438
Bubble,208.46351726278712,0.8831161161161162,0.11688388388388382,0.312457197320637,0.6875428026793632,826.4646340955235,141.8596418018673,0.02113659606742045,0.009371659476755959,0.03910112259605606,0.015137088810547848
Dew,210.02156325124574,0.8823741797208384,0.11762582027916152,0.3116886886886887,0.6883113113113113,826.0322806478125,142.4319188190798,0.021142385448364307,0.009429569715277688,0.0390699660010086,0.015104816351091094
Bubble,210.56035810569773,0.8821171171171172,0.11788288288288284,0.3114257968252454,0.6885742031747546,825.8801095836645,142.6293540317492,0.021144332769787357,0.009449547193809145,0.03905917101171172,0.015093776570076562
Dew,212.0963523085597,0.8813917290335147,0.11860827096648532,0.3106896896896897,0.6893103103103103,825.4634321963395,143.1943362072044,0.021150159617156557,0.009506447705971888,0.03902870934017638,0.015062864766746746
Bubble,212.67436892099448,0.8811181181181181,0.11888188188188187,0.310415712969762,0.689584287030238,825.3034970627348,143.40646319010023,0.02115228889129532,0.009527807987161383,0.03901721942736737,0.015051359492481257
Dew,214.23216993952448,0.8803886359047521,0.11961136409524792,0.3096906906906907,0.6903093093093093,824.8906013405306,143.98024947818897,0.021158318529586786,0.009585319329777334,0.03898658582850252,0.015020913182402406
Bubble,214.80590341731465,0.8801191191191192,0.11988088088088078,0.30942658250277083,0.6905734174972291,824.7348522807229,144.19107853476027,0.021160466570811744,0.009606448059602713,0.038975267843023034,0.015009822323520007
Dew,216.43298069145783,0.8793633211725874,0.12063667882741257,0.3086916916916917,0.6913083083083083,824.3125264674595,144.7912542039781,0.02116686762685959,0.009666307858266322,0.03894352915125959,0.01497896159805806
Bubble,216.9553273289511,0.8791201201201202,0.1208798798798798,0.3084580529461232,0.691541947053877,824.1742339917544,144.9833130995033,0.021168868033635244,0.009685473829049334,0.03893331625867868,0.01496915026135938
Dew,218.69589891225584,0.8783198502938778,0.12168014970612218,0.3076926926926927,0.6923073073073073,823.7373197816993,145.6248006109397,0.02117592442489841,0.009749260426098739,0.038899710031697995,0.014937010013713715
Bubble,219.12301899972064,0.8781211211211212,0.12187887887887883,0.30750978226380926,0.6924902177361908,823.6217040980134,145.78328384551975,0.02117749559561092,0.009764891938904242,0.038891364674334336,0.014929328942669146
Dew,221.03843972424346,0.8772479232078405,0.1227520767921595,0.3066936936936937,0.6933063063063063,823.1513988799871,146.49039683340797,0.02118537744574935,0.009834831969813905,0.03885469593297923,0.01489505842936937
Bubble,221.30937000397805,0.8771221221221221,0.12287787787787785,0.30658143854420766,0.6934185614557924,823.0773278006252,146.59111182305807,0.021186351667503073,0.009844709269103049,0.038849413089989994,0.014890344429278812
Dew,223.4503521634843,0.8761569942422516,0.12384300575774845,0.30569469469469474,0.6943053053053052,822.570952935798,147.38099830672112,0.02119542926182433,0.009922570398534877,0.038808883876551306,0.014853106845025029
Bubble,223.51478580762802,0.8761231231231231,0.12387687687687687,0.30567269969518523,0.6943273003048148,822.5411737601763,147.40692234394552,0.02119543875964457,0.009924932947895567,0.038807461505645645,0.014852183195373726
Bubble,225.73968647232232,0.8751241241241242,0.12487587587587579,0.304783253151567,0.695216746848433,822.0133142676489,148.2308451658508,0.02120475948688501,0.01000557036442276,0.03876550992130131,0.014814832115210709
Dew,225.95992256283782,0.8750284187588366,0.12497158124116342,0.3046956956956957,0.6953043043043043,821.9694262379919,148.3120517181209,0.02120582585998758,0.010013537033930523,0.03876149090655946,0.014811155260680681
Bubble,227.9845074062858,0.8741251251251252,0.1258748748748748,0.30391279559445555,0.6960872044055444,821.4938254265813,149.06301468913665,0.021214316573861053,0.010086629182150031,0.03872355833695696,0.01477827845133124
Dew,228.54312761157593,0.8738856037659892,0.12611439623401083,0.3036966966966967,0.6963033033033033,821.3875746880732,149.2684296899836,0.02121708384327446,0.010106735133536413,0.038713499968019524,0.014769203676336336
Bubble,230.24970016553004,0.8731261261261262,0.12687387387387383,0.303061032681636,0.6969389673183641,820.9827873473643,149.90357016708168,0.021224112860614656,0.01016811735322097,0.03868160675261262,0.014742509843240202
Dew,231.2254527880861,0.8727068977220099,0.12729310227799004,0.3026976976976977,0.6973023023023023,820.7893288307154,150.26361847079528,0.021228773274633166,0.010203099500992569,0.038664001834316945,0.014727252091991995
Bubble,232.5357333096709,0.8721271271271271,0.12787287287287286,0.3022276787894847,0.6977723212105154,820.4802843546855,150.75265593110444,0.02123415130858833,0.010250043133820776,0.03863965516826827,0.01470751429656768
Dew,234.00970288347932,0.8714995601506311,0.12850043984936896,0.3016986986986987,0.6983013013013013,820.1942182906436,151.29779782950934,0.021241235258861197,0.010302669513008476,0.03861330135913275,0.014685300507647648
Bubble,234.84309331686808,0.8711281281281281,0.12887187187187188,0.3014124567648065,0.6985875432351935,819.9864052091974,151.61042163140834,0.021244435007027846,0.010332415100614212,0.03859770358392392,0.014673280172647712
Dew,236.9195404627095,0.8702425468793326,0.1297574531206674,0.30069969969969973,0.6993003003003002,819.5672520685246,152.38270233068567,0.02125405368322329,0.010406274079024716,0.038560514821482886,0.014643348923303306
Bubble,237.17228556293577,0.8701291291291292,0.1298708708708708,0.3006150976869908,0.6993849023130092,819.5012433446244,152.47702249484823,0.021254967179827288,0.01041524216836158,0.038555751999579585,0.014639796178530371
Bubble,239.52383537013253,0.8691301301301302,0.13086986986986981,0.2998353406398207,0.7001646593601794,819.0248971216301,153.35261960124237,0.02126575119285401,0.010498533608808168,0.03851380041523524,0.01460705135739919
Dew,239.93959560512866,0.8689569760271897,0.1310430239728103,0.2997007007007007,0.7002992992992993,818.9483084342622,153.507989628177,0.021267777924652037,0.0105132396622474,0.038506529047634915,0.01460139733895896
Bubble,241.8982891317953,0.8681311311311312,0.13186886886886884,0.2990729324926105,0.7009270675073894,818.5574700999108,154.2373801797304,0.02127679056179519,0.010582299070959617,0.0384718488308909,0.014575035079380341
Dew,243.07436462406343,0.8676472901458591,0.13235270985414097,0.29870170170170174,0.7012982982982983,818.3498371352235,154.6744919223355,0.021282633602406526,0.010623652474773048,0.03845153059641495,0.014559445754614616
Bubble,244.29610770820884,0.8671321321321321,0.13286786786786786,0.2983270463144747,0.7016729536855253,818.09901838765,155.13104747290345,0.021288087582934333,0.01066653691121113,0.038429897246546545,0.014543712618652452
Dew,246.36113764833127,0.8662874887030675,0.1337125112969326,0.2977027027027027,0.7022972972972973,817.7346017779907,155.9006578877248,0.021298262603509577,0.010738813190432463,0.038394427611350916,0.014517494170270272
Bubble,246.71809967069495,0.8661331331331332,0.13386686686686677,0.29759861159575207,0.7024013884042479,817.6497634169407,156.03466477609462,0.02129964886925482,0.010751281077916775,0.03838794566220221,0.014513123007879606
Bubble,249.16477393690394,0.8651341341341342,0.1348658658658658,0.29688681241875775,0.7031131875812422,817.209772649051,156.94798846528334,0.021311477047375144,0.01083653073027155,0.03834599407785786,0.014483231983724594
Dew,249.82460020633994,0.8648633620435646,0.13513663795643532,0.2967037037037037,0.7032962962962963,817.0854517913118,157.19731325428398,0.02131455534969953,0.010859510952433765,0.03833462337757988,0.014475542585925927
Bubble,251.63677421462452,0.8641351351351352,0.13586486486486482,0.296191424900234,0.7038085750997659,816.779173591122,157.87121389430368,0.021323576323032667,0.010922297263519211,0.03830404249351352,0.014454030144518966
Bubble,254.13477230752778,0.8631361361361362,0.13686386386386384,0.29551223198477855,0.7044877680152214,816.3581006465615,158.80454442347022,0.02133595110064747,0.011008592577240139,0.038262090909169176,0.014425508375320637
Bubble,256.65946986514075,0.8621371371371371,0.13786286286286287,0.2948490232754554,0.7051509767245447,815.9466955372861,159.74819187995493,0.021348605995460374,0.011095429107035341,0.03822013932482483,0.014397657840800632
Dew,257.21788915351874,0.8619277826583026,0.13807221734169742,0.2947057057057057,0.7052942942942944,815.8812192720791,159.95733130114667,0.021351804289444307,0.011114601100244469,0.03821134777239535,0.014391639417237239
Bubble,259.2116002747554,0.8611381381381382,0.13886186186186178,0.2942015948715176,0.7057984051284825,815.5451077600261,160.7023770549877,0.02136154584664322,0.011182819858795039,0.038178187740480485,0.01437046997842846
Dew,261.208765556975,0.8603867101959,0.1396132898041,0.29370670670670673,0.7062932932932933,815.2934846130545,161.44716828580383,0.02137262006833674,0.011250918498430924,0.038146632561016754,0.014349687832892895
Bubble,261.7919307094073,0.8601391391391392,0.1398608608608608,0.2935697492129586,0.7064302507870416,815.1534950800349,161.66733024142505,0.021374775731476486,0.011270778445806647,0.03813623615613614,0.014343936491944284
Bubble,264.40126434789516,0.8591401401401402,0.14085985985985983,0.2929532949316015,0.7070467050683984,814.7720240660454,162.64329181571776,0.021388300980703313,0.011359319128992584,0.038094284571791794,0.0143180493451056
Bubble,267.0404427847479,0.8581411411411412,0.14185885885885885,0.2923520467084645,0.7076479532915354,814.400870670734,163.6305128687771,0.02140212719518105,0.011448456860601615,0.03805233298744745,0.01429280075569751
Bubble,269.7103486502937,0.8571421421421422,0.14285785785785776,0.2917658251371012,0.7082341748628986,814.0402208615195,164.6292558907916,0.02141626026396732,0.011538207331719147,0.03801038140310311,0.014268183189793877
Dew,269.992117875945,0.8570330893963215,0.14296691060367855,0.29170870870870874,0.7082912912912913,813.9934545590244,164.73697910017776,0.02141761031785155,0.011547698425137231,0.038005801883535154,0.014265784664204206
Bubble,272.41190846345967,0.8561431431431432,0.14385685685685679,0.2911944565926331,0.708805543407367,813.690271307076,165.63979551565384,0.021430706383993324,0.011628587024005517,0.03796842981875877,0.014244189356257531
Dew,274.7842028927635,0.8552892855470873,0.14471071445291273,0.2907097097097097,0.7092902902902902,813.4253599419201,166.52698871339547,0.02144398047129717,0.011707602850682225,0.03793257324733588,0.014223833079859862
Bubble,275.1460821083307,0.8551441441441442,0.1448558558558558,0.2906376886548659,0.7093623113451342,813.3512239634397,166.66235475014807,0.021445471919019528,0.011719611647468108,0.03792647823441442,0.014220808655050751
Bubble,277.9138964120304,0.8541451451451452,0.14585485485485483,0.2900953758955168,0.7099046241044833,813.0233006555542,167.69724736660868,0.02146056378545383,0.011811299775870778,0.03788452665007007,0.014198034979113493
Dew,279.9317851792409,0.8534569464098245,0.14654305359017553,0.28971071071071075,0.7102892892892892,812.8637374201347,168.45033744032438,0.021472732283447725,0.011877855381430904,0.03785562669389454,0.01418188149551552
Bubble,280.716437825222,0.8531461461461461,0.14685385385385386,0.28956741300073185,0.7104325869992681,812.7067387833104,168.74482884758746,0.02147598934194582,0.011903671618696177,0.03784257506572573,0.014175863905935795
Bubble,283.55484238165906,0.8521471471471472,0.14785285285285277,0.2890536468345062,0.7109463531654939,812.401785968912,169.8054300339827,0.02149175625023907,0.01199674741533176,0.037800623481381385,0.014154289004782458
Bubble,286.43030876957874,0.8511481481481482,0.1488518518518518,0.2885539343532174,0.7114460656467827,812.1087050444337,170.8794022056924,0.021507872608945242,0.012090548604668195,0.03775867189703705,0.014133304268733958
Bubble,289.3441032566198,0.8501491491491492,0.14985085085085081,0.2880681229613008,0.7119318770386993,811.8277752335748,171.96710458666797,0.021524346987306122,0.012185097641217701,0.0377167203126927,0.014112903289750142
Dew,291.56073408735506,0.8494307626405706,0.15056923735942937,0.2877127127127127,0.7122872872872873,811.6925129701968,172.79491806334568,0.021537987839755166,0.012256716109042163,0.037686552662638324,0.014097978326826828
Bubble,292.29756512284064,0.8491501501501502,0.15084984984984984,0.28759607887921795,0.712403921120782,811.55929345523,173.06892576390098,0.021541188462414446,0.012280418491798919,0.037674768728348344,0.014093080449943906
Bubble,295.2921126622013,0.8481511511511511,0.15184884884884886,0.2871376685372722,0.7128623314627278,811.3035757623577,174.18527222321762,0.021558406660279,0.012376536485628298,0.037632817144004,0.014073830140240166
Bubble,298.32924983867474,0.8471521521521522,0.15284784784784777,0.2866928974019558,0.7133071025980442,811.0609589388625,175.31667000549052,0.021576011801368207,0.012473480375287532,0.03759086555965966,0.014055152590196721
Bubble,301.41057363411056,0.8461531531531532,0.1538468468468468,0.286261384364319,0.7137386156356811,810.8318022540042,176.46338870508555,0.021594014750654183,0.012571275129513476,0.037548913975315325,0.014037031795669156
Bubble,304.5377823053891,0.8451541541541542,0.15484584584584582,0.28584313264736183,0.7141568673526382,810.6164894481925,177.62599723066467,0.021612427074161878,0.012669952854058565,0.037506962390970976,0.014019467892002908
Bubble,307.71268451687877,0.8441551551551552,0.15584484484484484,0.2854380264818873,0.7145619735181127,810.4154309134125,178.80500519843193,0.021631261101093025,0.012769545926321842,0.03746501080662663,0.014002456017630314
Bubble,310.9372095957196,0.8431561561561562,0.15684384384384376,0.2850459542209435,0.7149540457790566,810.2290661480922,180.00095379656474,0.021650529993701557,0.012870088902978812,0.037423059222282284,0.013985991484091699
Bubble,314.21341902845023,0.8421571571571572,0.15784284284284278,0.284666808204424,0.715333191795576,810.0578665064272,181.21441866412476,0.021670247825516614,0.012971618727970865,0.03738110763793794,0.013970069770349465
Bubble,317.5435193966714,0.8411581581581582,0.1588418418418418,0.2843004902639976,0.7156995097360023,809.9023382905348,182.44601731768958,0.021690429669274435,0.013074175044876277,0.0373391560535936,0.013954686753960017
Bubble,320.92987697417607,0.8401591591591592,0.15984084084084083,0.28394688966800513,0.7160531103319949,809.7630262377327,183.69639654992858,0.02171109169603757,0.013177800156965356,0.03729720446924925,0.013939837784900135
Bubble,324.3750342616007,0.8391601601601602,0.16083983983983985,0.2836059148258172,0.7163940851741828,809.6405174697953,184.96626014432596,0.021732251287384107,0.01328253976883856,0.037255252884904916,0.013925519016947736
Bubble,327.88172877006286,0.8381611611611612,0.16183883883883876,0.2832807746544424,0.7167192253455577,809.5354459764768,186.25884849685903,0.021753927162712714,0.013388488586086452,0.03721330130056057,0.013911865204144285
Bubble,331.45291447476467,0.8371621621621622,0.16283783783783778,0.2829651264853109,0.717034873514689,809.4484977386959,187.57026622435924,0.02177613952461805,0.013495613323455344,0.03717134971621622,0.013898609994876082
Bubble,335.0917862402412,0.8361631631631632,0.1638368368368368,0.2826617390968863,0.7173382609031136,809.3804165373253,188.9035220292396,0.021798910223717126,0.013604010886767562,0.037129398131871875,0.013885869660173788
Bubble,338.8018081774547,0.8351641641641642,0.16483583583583583,0.28237064368760056,0.7176293563123993,809.3320107366037,190.25963896803037,0.0218222629508733,0.013713745160097058,0.037087446547527526,0.013873645510172498
Bubble,342.5867461185047,0.8341651651651653,0.16583483483483474,0.28209175996691693,0.717908240033083,809.304161006687,191.63963071603703,0.021846223456077327,0.013824883910269453,0.03704549496318319,0.013861934173181921
Bubble,346.45070543305854,0.8331661661661662,0.16683383383383377,0.2818250097456273,0.7181749902543727,809.2978293337292,193.04459678473472,0.021870819803612128,0.013937501042330151,0.03700354337883885,0.013850732365754171
Bubble,350.39817509860904,0.8321671671671672,0.1678328328328328,0.2815703186010735,0.7184296813989265,809.3140695106277,194.4757349395733,0.021896082669014726,0.014051677424340095,0.03696159179449449,0.013840036962612413
Bubble,354.4340793671461,0.8311681681681682,0.1688318318318318,0.28132760722577776,0.7186723927742221,809.3540394300336,195.93434749864662,0.021922045686878645,0.01416750171048059,0.03691964021015015,0.013829844633348565
Bubble,358.56383869637307,0.8301691691691692,0.16983083083083084,0.2810968025681176,0.7189031974318825,809.4190155755769,197.42186529812426,0.021948745860638663,0.014285071601674859,0.03687768862580581,0.013820152310260556
Bubble,362.7934421225714,0.8291701701701703,0.17082982982982975,0.28087800875184205,0.7191219912481578,809.510410235377,198.94000101032205,0.021976224049058943,0.014404497451443829,0.036835737041461473,0.01381096436588153
Bubble,367.12953330947505,0.8281711711711712,0.17182882882882877,0.2806708108120543,0.7193291891879456,809.6297919074392,200.49022153257985,0.02200452554280006,0.014525894492450534,0.036793785457117124,0.013802263374333303
Bubble,371.57951489311233,0.8271721721721722,0.1728278278278278,0.2804752913213648,0.7195247086786353,809.7789101353378,202.07457492355337,0.022033700765480828,0.014649398389831701,0.036751833872772775,0.01379405280313869
Bubble,376.1516742144372,0.8261731731731732,0.17382682682682682,0.2802913675337482,0.7197086324662518,809.9597253160161,203.69520038284412,0.02206380611499071,0.014775158619844585,0.036709882288428426,0.01378632917749256
Bubble,380.85533752228963,0.8251741741741743,0.17482582582582573,0.28011895072737925,0.7198810492726209,810.1744452917186,205.35449201150155,0.022094904995592815,0.014903343422396438,0.036667930704084084,0.01377908877164429
Bubble,385.7010602915615,0.8241751751751752,0.17582482482482475,0.27995794369625143,0.7200420563037485,810.4255704785785,207.05514435547332,0.02212706909019657,0.015034143234099321,0.03662597911973975,0.013772327503561778
Bubble,390.7008646528161,0.8231761761761762,0.17682382382382378,0.27980823782383524,0.7201917621761648,810.7159501376104,208.80020932487565,0.022160379945954146,0.01516777497435563,0.0365840275353954,0.013766040812043764
Bubble,395.86853924035296,0.8221771771771772,0.1778228228228228,0.2796699621023276,0.7203300378976725,811.0488534274937,210.5933751762312,0.022194930975293035,0.01530449071087341,0.03654207595105105,0.013760234113939547
Bubble,401.2200211262862,0.8211781781781782,0.17882182182182182,0.27954249261702513,0.720457507382975,811.4280597354702,212.43825102148259,0.022230829998913855,0.015444571843003817,0.036500124366706715,0.01375488120881216
Bubble,406.7738933150318,0.8201791791791793,0.17982082082082074,0.27942588096755483,0.7205741190324453,811.8579765328769,214.3396582263769,0.0222682025613098,0.015588356620530189,0.036458172782362366,0.013749984263516729
Bubble,412.55203729961573,0.8191801801801802,0.18081981981981976,0.27931991258241984,0.7206800874175803,812.3437936206587,216.30302407450785,0.02230719626848244,0.015736239848254178,0.036416221198018024,0.01374553426741936
Bubble,418.58050916454204,0.8181811811811812,0.18181881881881878,0.27922431927786834,0.7207756807221316,812.8916902351098,218.33477283138296,0.02234798660890584,0.01588869160693646,0.036374269613673675,0.01374151995851348
Bubble,424.8907381187588,0.8171821821821822,0.1828178178178178,0.27913875917159103,0.720861240828409,813.5091181865846,220.44260697803355,0.022390784907527175,0.016046278838152926,0.036332318029329326,0.01373792697992331
Bubble,431.5212060271852,0.8161831831831833,0.18381681681681672,0.27906296329279817,0.720937036707202,814.2051984274356,222.63604912576105,0.0224358494605378,0.016209697722259723,0.03629036644498499,0.013734744036591716
Bubble,438.5198640977334,0.8151841841841843,0.18481581581581574,0.27899601372188243,0.7210039862781176,814.9912911822424,224.92643128883023,0.022483501535598967,0.016379808883400494,0.03624841486064065,0.013731932581751519
Bubble,445.94773200116595,0.8141851851851852,0.18581481481481477,0.2789372647839983,0.7210627352160017,815.8818448212327,227.32856657322134,0.02253414918201567,0.016557714249961608,0.0362064632762963,0.013729465501178607
Dew,636.1663929717271,0.806416623467243,0.19358337653275698,0.2767237237237237,0.7232762762762763,853.9901518336633,277.191582132153,0.023801131557348046,0.020327163171312872,0.035880233247566486,0.01363651089903904
Dew,783.1989256461742,0.8162787772543244,0.18372122274567576,0.26873173173173176,0.7312682682682683,895.6011311080509,299.1992860369075,0.02467602729983683,0.022494667727826118,0.03629438078608274,0.013300898224284288
Dew,1665.0915003248006,0.9104911172993567,0.08950888270064325,0.16483583583583583,0.8351641641641642,1130.2496290774088,280.655418449251,0.028080249173992006,0.031400481995266384,0.040250697993244614,0.008937933452472473
Dew,2810.866533018332,0.244002386479577,0.7559976135204228,0.2887117117117117,0.7112882882882883,441.72752481178543,496.80745946772896,0.03602285673161281,0.03513507228032502,0.012262423496916494,0.014139929911171172
Dew,2865.8219333959873,0.23666124202717817,0.7633387579728219,0.28671371371371374,0.7132862862862863,434.99246207939177,497.060252448955,0.03638842941508331,0.035362785056936186,0.011954142266417351,0.014056026742482484
