Branch,Pressure [bar],x_CO2 [-],x_Ar [-],y_CO2 [-],y_Ar [-],rho_L [kg/m3],rho_V [kg/m3],rho_L_mol_cm3 [mol/cm3],rho_V_mol_cm3 [mol/cm3],M_liq [kg/mol],M_vap [kg/mol]
Dew,5.997790958730908,0.9999915487422366,8.451257763386621e-06,0.999,0.0010000000000000009,1166.1038413553538,15.828969588638829,0.02649672055742213,0.0003598024295727631,0.0440093648128357,0.0439935039
Dew,6.0044158511851675,0.9999830847614066,1.6915238593373516e-05,0.9980010010010011,0.001998998998998913,1166.0974939937114,15.840778033399062,0.026496657844382952,0.0003602016816835025,0.04400922942215194,0.04397752381211212
Dew,6.011056262548966,0.9999745995441764,2.5400455823554324e-05,0.9970020020020021,0.0029979979979979365,1166.0911304665533,15.852613527702687,0.02649659496815899,0.00036060183935186487,0.0440090936917686,0.04396154372422423
Dew,6.01771224019585,0.9999660930261213,3.3906973878727875e-05,0.996003003003003,0.00399699699699696,1166.084750763813,15.864476148539083,0.026496531929138974,0.0003610029053176498,0.04400895762065514,0.04394556363633634
Dew,6.0243838295845675,0.9999575651425918,4.243485740818009e-05,0.995004004004004,0.004995995995995983,1166.0783547192686,15.876365967125642,0.026496468724165567,0.0003614048821932522,0.04400882120777742,0.04392958354844845
Dew,6.0310710794589975,0.9999490158287131,5.0984171286905244e-05,0.9940050050050051,0.0059949949949948955,1166.0719424005024,15.888283064099946,0.026496405355396196,0.0003618077728093856,0.044008684452097685,0.043913603460560564
Dew,6.037774036660783,0.9999404450193826,5.955498061738229e-05,0.9930060060060061,0.006993993993993919,1166.0655137189428,15.900227514361436,0.026496341821442258,0.0003622115798701693,0.04400854735257455,0.043897623372672674
Dew,6.044492748724987,0.9999318526492684,6.81473507315733e-05,0.9920070070070071,0.007992992992992942,1166.0590686248395,15.912199394654214,0.02649627812179943,0.0003626163061256983,0.04400840990816296,0.04388164328478479
Dew,6.051227263353964,0.999923238652808,7.676134719203365e-05,0.991008008008008,0.008991991991991966,1166.0526070682704,15.92419878202831,0.026496214255961707,0.00036302195433704975,0.04400827211781419,0.0438656631968969
Dew,6.057977628436047,0.9999146029642062,8.539703579379943e-05,0.990009009009009,0.009990990990990989,1166.046128999137,15.93622575389276,0.026496150223421305,0.00036342852727751256,0.04400813398047574,0.043849683109009004
Dew,6.064743892021967,0.9999059455174338,9.405448256616378e-05,0.9890100100100101,0.010989989989989901,1166.03963436716,15.94828038794543,0.02649608602366854,0.00036383602773100876,0.04400799549509143,0.04383370302112113
Dew,6.071526102347829,0.9998972662462258,0.00010273375377423122,0.9880110110110111,0.011988988988988925,1166.033123121889,15.96036276223853,0.026496021656192116,0.0003642444584936089,0.044007856660601245,0.04381772293323324
Dew,6.078324307831485,0.9998885650840795,0.00011143491592047194,0.987012012012012,0.012987987987987948,1166.0265952126877,15.97247295516661,0.026495957120478742,0.000364653822373279,0.04400771747594145,0.043801742845345354
Dew,6.085138557060061,0.9998798419642534,0.00012015803574660922,0.986013013013013,0.013986986986986971,1166.020050588743,15.984611045428725,0.026495892416013453,0.00036506412218903896,0.04400757794004439,0.043785762757457464
Dew,6.091968898802467,0.9998710968197648,0.00012890318023517366,0.9850140140140141,0.014985985985985883,1166.0134891990585,15.99677711206351,0.02649582754227935,0.0003654753607717838,0.04400743805183864,0.043769782669569574
Dew,6.09881538202818,0.9998623295833888,0.00013767041661116863,0.9840150150150151,0.015984984984984907,1166.006910992455,16.0089712345023,0.02649576249875774,0.0003658875409655193,0.04400729781024885,0.04375380258168168
Dew,6.10567805586591,0.9998535401876559,0.00014645981234406857,0.9830160160160161,0.01698398398398393,1166.00031591757,16.0211934924474,0.026495697284928083,0.0003663006656246029,0.04400715721419577,0.0437378224937938
Dew,6.1125569696519335,0.9998447285648508,0.00015527143514915132,0.982017017017017,0.017982982982982954,1165.9937039228507,16.033443966011234,0.026495631900267862,0.0003667147376169457,0.04400701626259621,0.04372184240590591
Dew,6.119452172890484,0.9998358946470105,0.00016410535298949647,0.981018018018018,0.018981981981981977,1165.9870749565625,16.0457227355997,0.026495566344252788,0.0003671297598213672,0.04400687495436305,0.04370586231801802
Dew,6.126363715277041,0.9998270383659223,0.00017296163407765075,0.9800190190190191,0.01998098098098089,1165.9804289667802,16.058029881978367,0.026495500616356627,0.00036754573512913177,0.04400673328840514,0.04368988223013013
Dew,6.13329164670068,0.9998181596531229,0.0001818403468770713,0.9790200200200201,0.020979979979979912,1165.973765901387,16.07036548627787,0.0264954347160512,0.0003679626664440936,0.044006591263627326,0.043673902142242246
Dew,6.14023601723939,0.9998092584398954,0.0001907415601045681,0.9780210210210211,0.021978978978978936,1165.9670857080775,16.082729629978758,0.026495368642806442,0.00036838055668237415,0.04400644887893041,0.043657922054354356
Dew,6.147196877175954,0.9998003346572687,0.00019966534273130332,0.977022022022022,0.02297797797797796,1165.9603883343584,16.09512239495611,0.02649530239609044,0.0003687994087734056,0.04400630613321114,0.043641941966466466
Dew,6.154174276941213,0.9997913882360149,0.0002086117639851226,0.976023023023023,0.023976976976976982,1165.9536737275273,16.107543863313435,0.026495235975368993,0.00036921922565614845,0.04400616302536212,0.043625961878578576
Dew,6.161168267209128,0.999782419106648,0.00021758089335199848,0.9750240240240241,0.024975975975975895,1165.9469418347028,16.119994117656983,0.026495169380106303,0.0003696400102853993,0.04400601955427185,0.04360998179069069
Dew,6.168178898823834,0.9997734271994219,0.00022657280057813978,0.9740250250250251,0.025974974974974918,1165.9401926027997,16.132473240882607,0.026495102609764405,0.00037006176562693016,0.04400587571882467,0.04359400170280281
Dew,6.1752062228412,0.9997644124443287,0.00023558755567132383,0.9730260260260261,0.02697397397397394,1165.9334259785371,16.144981316294754,0.026495035663803398,0.00037048449466023966,0.04400573151790073,0.04357802161491492
Dew,6.182250290487676,0.9997553747710969,0.000244625228903117,0.972027027027027,0.027972972972972965,1165.9266419084308,16.157518427485744,0.026494968541681277,0.0003709082003758065,0.04400558695037595,0.04356204152702703
Dew,6.1893111564941785,0.9997463141091898,0.00025368589081020687,0.9710280280280281,0.028971971971971877,1165.9198405775205,16.170084667983932,0.02649490124827889,0.000371332885996672,0.044005442015122014,0.043546061439139146
Dew,6.1963888626894645,0.9997372303878018,0.00026276961219817707,0.9700290290290291,0.0299709709709709,1165.9130212157684,16.182680093765008,0.026494833766776027,0.0003717585538879275,0.04400529671100632,0.043530081351251255
Dew,6.203483470719129,0.9997281235358607,0.0002718764641392868,0.9690300300300301,0.030969969969969924,1165.9061844852367,16.195304817951836,0.026494766112898745,0.0003721852077314406,0.04400515103689198,0.043514101263363365
Dew,6.210595029373737,0.9997189934820216,0.00028100651797835496,0.968031031031031,0.03196896896896895,1165.8993300929203,16.207958916248,0.026494698280672278,0.0003726128503542391,0.04400500499163777,0.043498121175475475
Dew,6.217723590896108,0.9997098401546672,0.0002901598453327603,0.967032032032032,0.03296796796796797,1165.8924579843163,16.220642474135843,0.02649463026954433,0.0003730414848123978,0.044004858574098075,0.043482141087587585
Dew,6.2248692077513414,0.9997006634819053,0.00029933651809466166,0.9660330330330331,0.03396696696696688,1165.8855681047214,16.233355577526048,0.026494562078960657,0.0003734711141763406,0.04400471178312291,0.0434661609996997
Dew,6.232031932602461,0.9996914633915676,0.00030853660843244146,0.9650340340340341,0.034965965965965906,1165.8786603992191,16.246098312685675,0.02649449370836481,0.00037390174152921,0.044004564617557855,0.04345018091181182
Dew,6.239211818339251,0.9996822398112065,0.0003177601887934811,0.9640350350350351,0.03596496496496493,1165.8717348126893,16.258870766319895,0.026494425157198357,0.0003743333699687728,0.04400441707624404,0.04343420082392393
Dew,6.246408918020578,0.9996729926680947,0.0003270073319052713,0.963036036036036,0.03696396396396395,1165.864791289786,16.27167302540392,0.026494356424900452,0.0003747660026035761,0.04400426915801811,0.04341822073603603
Dew,6.253623284956716,0.9996637218892223,0.0003362781107777435,0.9620370370370371,0.037962962962962865,1165.8578297749618,16.284505177419113,0.026494287510908328,0.0003751996425584062,0.04400412086171219,0.04340224064814815
Dew,6.2608549726614635,0.9996544274012951,0.0003455725987049352,0.9610380380380381,0.03896196196196189,1165.8508502124505,16.29736731021315,0.02649421841465697,0.00037563429297109683,0.04400397218615386,0.04338626056026027
Dew,6.268104034858729,0.9996451091307329,0.00035489086926709934,0.9600390390390391,0.03996096096096091,1165.8438525462727,16.310259512017467,0.026494149135579247,0.00037606995699295475,0.04400382313016612,0.04337028047237238
Dew,6.275370525471931,0.9996357670036674,0.0003642329963325919,0.9590400400400401,0.040959959959959935,1165.836836720222,16.323181871415194,0.026494079673105634,0.00037650663778804485,0.04400367369256736,0.04335430038448449
Dew,6.282654498665203,0.99962640094594,0.00037359905405998095,0.958041041041041,0.04195895895895896,1165.8298026778828,16.336134477458295,0.026494010026664593,0.00037694433853591657,0.04400352387217136,0.0433383202965966
Dew,6.289956008827264,0.9996170108831002,0.0003829891168998234,0.9570420420420421,0.04295795795795787,1165.8227503626165,16.349117419619457,0.026493940195682346,0.00037738306243052257,0.044003373667787164,0.04332234020870871
Dew,6.297275110535634,0.9996075967404036,0.00039240325959644107,0.9560430430430431,0.043956956956956894,1165.8156797175577,16.362130787687455,0.026493870179582733,0.0003778228126778282,0.044003223078219175,0.04330636012082083
Dew,6.304611858612067,0.9995981584428094,0.00040184155719058534,0.9550440440440441,0.04495595595595592,1165.8085906856204,16.37517467192519,0.026493799977787422,0.00037826359249948507,0.044003072102267025,0.04329038003293294
Dew,6.311966308095248,0.9995886959149792,0.00041130408502076943,0.9540450450450451,0.04595495495495494,1165.8014832094914,16.38824916298945,0.026493729589715753,0.0003787054051310056,0.0440029207387256,0.04327439994504505
Dew,6.319338519039045,0.999579209081275,0.0004207909187250447,0.9530460460460461,0.04695395395395385,1165.794357574429,16.40135436572206,0.026493659022575156,0.0003791482541405968,0.044002768986384985,0.04325841985715716
Dew,6.326728532568339,0.9995696978657543,0.00043030213424566366,0.9520470470470471,0.047952952952952876,1165.7872126942784,16.41449033031999,0.026493588252409467,0.0003795921418380544,0.04400261684403039,0.043242439769269274
Dew,6.334136418760393,0.9995601621921743,0.0004398378078257492,0.9510480480480481,0.0489519519519519,1165.7800495394313,16.427657189970216,0.026493517302002098,0.00038003707245647925,0.04400246431044224,0.043226459681381384
Dew,6.341562228778603,0.999550601983983,0.0004493980160169553,0.9500490490490491,0.04995095095095092,1165.7728677088608,16.440855023255065,0.02649344616297281,0.00038048304897154344,0.04400231138439599,0.043210479593493493
Dew,6.349006018791874,0.9995410171643219,0.00045898283567813447,0.94905005005005,0.050949949949949946,1165.765667144105,16.454083922907586,0.02649337483472935,0.00038093007469092773,0.04400215806466221,0.04319449950560561
Dew,6.356467850374178,0.9995314076560216,0.00046859234397844673,0.9480510510510511,0.05194894894894886,1165.7584481532433,16.467343996929852,0.026493303325012544,0.0003813781532808349,0.044002004350006486,0.04317851941771771
Dew,6.363947764680297,0.9995217733815988,0.00047822661840124514,0.9470520520520521,0.05294794794794788,1165.7512095770173,16.480635294501365,0.02649323160821914,0.0003818272870500814,0.04400185023918939,0.04316253932982984
Dew,6.371445834077086,0.9995121142632588,0.0004878857367411893,0.9460530530530531,0.053946946946946905,1165.7439524565825,16.49395795410773,0.02649315970875599,0.0003822774803807361,0.04400169573096652,0.04314655924194195
Dew,6.378962110501326,0.9995024302228883,0.0004975697771116838,0.9450540540540541,0.05494594594594593,1165.736676365751,16.50731205537748,0.026493087617685793,0.0003827287362967366,0.04400154082408835,0.043130579154054056
Dew,6.3864966513107255,0.9994927211820555,0.0005072788179445453,0.9440550550550552,0.05594494494494484,1165.7293812448713,16.520697693246955,0.02649301533440429,0.0003831810581815532,0.04400138551730028,0.043114599066166166
Dew,6.394049519602206,0.9994829870620084,0.0005170129379915567,0.9430560560560561,0.056943943943943864,1165.7220674228738,16.534114978841398,0.02649294286714143,0.0003836344497992986,0.044001229809342596,0.04309861897827828
Dew,6.4016207567006775,0.9994732277836701,0.0005267722163299071,0.9420570570570571,0.05794294294294289,1165.7147336731518,16.547563960695527,0.02649287018877813,0.00038408891346686913,0.04400107369895037,0.04308263889039039
Dew,6.4092104371747105,0.9994634432676411,0.0005365567323588616,0.9410580580580581,0.05894194194194191,1165.707381101786,16.56104478228798,0.02649279732521255,0.0003845444537091801,0.044000917184853515,0.0430666588025025
Dew,6.416818613852242,0.9994536334341932,0.0005463665658067551,0.9400590590590591,0.059940940940940934,1165.7000092593253,16.57455752459332,0.02649272426699394,0.0003850010736059935,0.044000760265776706,0.04305067871461462
Dew,6.424445351051657,0.9994437982032691,0.0005562017967308819,0.9390600600600602,0.06093993993993985,1165.6926184900303,16.58810230121129,0.026492651022713268,0.0003854587769997589,0.04400060294043932,0.043034698626726736
Dew,6.432090690310086,0.9994339374944776,0.00056606250552238,0.9380610610610611,0.06193893893893887,1165.6852075173338,16.601679160356348,0.026492577564128175,0.00038591756621870907,0.044000445207555416,0.043018718538838846
Dew,6.439754713845039,0.9994240512270978,0.000575948772902235,0.9370620620620621,0.0629379379379379,1165.6777779081717,16.61528826628279,0.0264925039276237,0.0003863774462929666,0.04400028706583378,0.04300273845095095
Dew,6.4474374575521844,0.9994141393200673,0.0005858606799327148,0.9360630630630631,0.06393693693693692,1165.6703279570972,16.628929650604643,0.026492430075216556,0.0003868384191745259,0.044000128513977735,0.04298675836306306
Dew,6.455139004672773,0.9994042016919908,0.0005957983080091545,0.9350640640640641,0.06493593593593594,1165.662859261236,16.64260347993656,0.026492356043984627,0.0003873004899599696,0.043999969550685254,0.042970778275175175
Dew,6.462859397162463,0.9993942382611275,0.0006057617388725012,0.9340650650650651,0.06593493493493485,1165.6553705084636,16.65630980272131,0.026492281804890012,0.0003877636610023891,0.04399981017464883,0.04295479818728729
Dew,6.470598701055941,0.9993842489453959,0.0006157510546040967,0.9330660660660661,0.06693393393393388,1165.6478620530265,16.67004873590429,0.02649220736677005,0.0003882279362537335,0.04399965038455545,0.04293881809939941
Dew,6.478356970494877,0.9993742336623683,0.0006257663376316724,0.9320670670670671,0.0679329329329329,1165.640333401187,16.683820362232957,0.026492132719192898,0.00038869331887510575,0.043999490179086616,0.04292283801151152
Dew,6.486134284626423,0.9993641923292719,0.0006358076707281279,0.9310680680680681,0.06893193193193192,1165.632785783192,16.697624835489872,0.02649205789091195,0.0003891598136878838,0.04399932955691827,0.04290685792362363
Dew,6.493930679438451,0.9993541248629791,0.0006458751370208571,0.9300690690690692,0.06993093093093083,1165.6252174047797,16.711462186147305,0.026491982841944282,0.00038962742264565353,0.0439991685167207,0.042890877835735745
Dew,6.501746241135722,0.9993440311800155,0.0006559688199845315,0.9290700700700701,0.07092992992992986,1165.6176299471701,16.725332587538198,0.026491907611299693,0.00039009615103694894,0.04399900705715865,0.042874897747847855
Dew,6.509581012193467,0.9993339111965475,0.0006660888034525358,0.9280710710710711,0.07192892892892888,1165.6100220329995,16.739236088125555,0.02649183216847693,0.00039056600124467983,0.043998845176891094,0.042858917659959965
Dew,6.517435054091063,0.9993237648283865,0.0006762351716135262,0.9270720720720721,0.0729279279279279,1165.6023935885062,16.753172790268717,0.026491756512605876,0.00039103697691330973,0.04399868287457135,0.042842937572072075
Dew,6.525308441610162,0.9993135919909855,0.0006864080090145386,0.9260730730730731,0.07392692692692693,1165.5947454415386,16.767142833897847,0.026491680663311663,0.00039150908257001165,0.043998520148847,0.04282695748418419
Dew,6.5332012370961845,0.9993033925994345,0.0006966074005655409,0.9250740740740742,0.07492592592592584,1165.5870775369347,16.781146323251704,0.026491604620154017,0.000391982321915021,0.043998356998359814,0.0428109773962963
Dew,6.541113489903447,0.9992931665684585,0.0007068334315415425,0.9240750750750751,0.07592492492492486,1165.5793889052143,16.795183325369177,0.026491528361915352,0.00039245669778484223,0.04399819342174572,0.04279499730840841
Dew,6.549045269277012,0.9992829138124172,0.0007170861875828161,0.9230760760760761,0.07692392392392389,1165.5716799320328,16.809253963588386,0.026491451898181174,0.00039293221433626605,0.04399802941763481,0.04277901722052052
Dew,6.556996631493099,0.9992726342453002,0.0007273657546997825,0.9220770770770771,0.07792292292292291,1165.5639500893162,16.823358324108383,0.026491375217773082,0.00039340887486381115,0.043997864984651254,0.04276303713263264
Dew,6.56496765999079,0.9992623277807281,0.000737672219271901,0.9210780780780782,0.07892192192192182,1165.5562006994544,16.837496569998002,0.026491298351574245,0.0003938866844651701,0.04399770012141331,0.04274705704474475
Dew,6.572958398155938,0.9992519943319437,0.0007480056680563285,0.9200790790790792,0.07992092092092085,1165.5484303084404,16.851668750287445,0.02649122126736845,0.00039436564557690924,0.04399753482653321,0.04273107695685686
Dew,6.580968916553742,0.9992416338118157,0.0007583661881842563,0.9190800800800801,0.08091991991991987,1165.5406393127253,16.86587499091973,0.02649114397500094,0.0003948457624398413,0.04399736909861719,0.04271509686896897
Dew,6.588999279270949,0.9992312461328332,0.0007687538671667937,0.9180810810810811,0.08191891891891889,1165.5328276457797,16.880115399154437,0.026491066473797814,0.0003953270388635672,0.04399720293626542,0.042699116781081084
Dew,6.597049550739097,0.9992208312071038,0.0007791687928961899,0.9170820820820821,0.08291791791791792,1165.5249952408021,16.89439008294475,0.02649098876308263,0.0003958094786796432,0.043997036338071956,0.0426831366931932
Dew,6.605119795615957,0.999210388946351,0.000789611053649053,0.9160830830830832,0.08391691691691683,1165.5171420306817,16.908699150599293,0.026490910842175544,0.00039629308573369606,0.043996869302624725,0.04266715660530531
Dew,6.6132100788891055,0.9991999192619115,0.00080008073808846,0.9150840840840841,0.08491591591591585,1165.5092679480279,16.923042711073947,0.026490832710394086,0.0003967778638922915,0.043996701828505465,0.04265117651741742
Dew,6.621320465803839,0.9991894220647329,0.000810577935267065,0.9140850850850851,0.08591491491491487,1165.5013729251461,16.93742087376561,0.026490754367052578,0.00039726381703813606,0.043996533914289676,0.04263519642952953
Dew,6.62945102191426,0.999178897265371,0.0008211027346289868,0.9130860860860861,0.0869139139139139,1165.4934568940523,16.951833748655005,0.0264906758114625,0.0003977509490734582,0.0439963655585466,0.04261921634164165
Dew,6.637601805884899,0.9991683447739865,0.0008316552260134724,0.9120870870870871,0.08791291291291292,1165.4855192978641,16.966281425939993,0.02649059703182682,0.0003982392634419903,0.043996196759839165,0.04260323625375376
Dew,6.645772898176179,0.9991577645003445,0.0008422354996554526,0.9110880880880882,0.08891191191191183,1165.4775610428835,16.98076405719484,0.026490518049609297,0.00039872876503382486,0.04399602751672396,0.04258725616586587
Dew,6.65396436537835,0.9991471563538098,0.0008528436461902045,0.9100890890890891,0.08991091091091086,1165.4695820671348,16.995281754426195,0.026490438864269487,0.00039921945781695316,0.04399585782775118,0.042571276077977976
Dew,6.662176259679274,0.9991365202433431,0.0008634797566569041,0.9090900900900901,0.09090990990990988,1165.4615813173139,17.00983458864615,0.026490359452738393,0.0003997113448020019,0.04399568769146454,0.04255529599009009
Dew,6.670408655376222,0.9991258560775018,0.0008741439224981828,0.9080910910910911,0.0919089089089089,1165.4535592148259,17.024422693083906,0.02649027982547006,0.0004002044304667009,0.04399551710640133,0.0425393159022022
Dew,6.678661619791534,0.9991151637644354,0.0008848362355645678,0.9070920920920922,0.09290790790790782,1165.4455156898578,17.03904618094268,0.02649019998175736,0.00040069871882456953,0.04399534607109229,0.04252333581431432
Dew,6.686935220573825,0.9991044432118824,0.0008955567881175908,0.9060930930930932,0.09390690690690684,1165.4374506722902,17.053705166045077,0.026490119920890152,0.0004011942139097339,0.043995174584061596,0.04250735572642643
Dew,6.695229525673038,0.9990936943271681,0.0009063056728318974,0.9050940940940941,0.09490590590590586,1165.429364091689,17.06839976276061,0.026490039642155058,0.0004016909197752597,0.04399500264382682,0.04249137563853854
Dew,6.7035446033422295,0.999082917017202,0.0009170829827980231,0.9040950950950951,0.09590490490490489,1165.4212558773054,17.083130086008772,0.02648995914483553,0.0004021888404932602,0.04399483024889887,0.042475395550650656
Dew,6.711880514596213,0.999072111188474,0.0009278888115259454,0.9030960960960961,0.09690390390390391,1165.4131254505105,17.09789622999762,0.026489878416674887,0.00040268797965418545,0.04399465739778196,0.042459415462762766
Dew,6.720237350981043,0.9990612767470548,0.000938723252945195,0.9020970970970972,0.09790290290290282,1165.4049742626053,17.112698374695483,0.026489797491560836,0.0004031883428744705,0.04399448408897357,0.04244343537487488
Dew,6.728615159023347,0.9990504135985874,0.0009495864014126276,0.9010980980980982,0.09890190190190185,1165.3968007191943,17.12753657284851,0.026489716334156376,0.00040368993278043074,0.04399431032096437,0.04242745528698699
Dew,6.737014008128266,0.999039521648289,0.0009604783517109805,0.9000990990990991,0.09990090090090087,1165.388604742765,17.142410941411345,0.026489634943607236,0.0004041927535162814,0.04399413609223819,0.04241147519909911
Dew,6.745433991118846,0.9990286008009484,0.000971399199051648,0.8991001001001001,0.10089989989989989,1165.3803878000967,17.157321662937306,0.026489553354165567,0.0004046968107797888,0.043993961401272055,0.04239549511121122
Dew,6.7538751551592515,0.999017650960918,0.0009823490390820089,0.8981011011011012,0.1018988988988988,1165.3721482793674,17.172268791102635,0.0264894715301102,0.0004052021072362903,0.04399378624653594,0.04237951502332333
Dew,6.762337578384935,0.999006672032117,0.0009933279678829843,0.8971021021021022,0.10289789789789783,1165.3638866206084,17.18725246647142,0.026489389482363294,0.00040570864760615047,0.04399361062649295,0.04236353493543544
Bubble,6.76747950614991,0.999,0.0010000000000000009,0.8964962908845512,0.10350370911544882,1165.358865217761,17.19635610091152,0.026489339604926554,0.00040601641663380616,0.0439935039,0.04235384431861837
Dew,6.77082133158213,0.9989956639180245,0.0010043360819754765,0.8961031031031031,0.10389689689689685,1165.3556027504676,17.202272808594813,0.026489307210181886,0.0004062164361206569,0.04399343453959911,0.04234755484754755
Dew,6.779326485897671,0.9989846265216786,0.0010153734783213686,0.8951041041041041,0.10489589589589587,1165.3472965952678,17.217329937717178,0.026489224712819816,0.0004067254770338622,0.043993257984303424,0.042331574759659665
Dew,6.787853112780278,0.9989735597456721,0.001026440254327854,0.8941051051051051,0.1058948948948949,1165.3389680809873,17.23242397460891,0.02648914198952734,0.0004072357746186763,0.04399308095904775,0.042315594671771775
Dew,6.796401284013602,0.9989624634921507,0.0010375365078493237,0.8931061061061062,0.10689389389389381,1165.330617133267,17.247555040657222,0.026489059039551323,0.00040774733316904793,0.043992903462266794,0.042299614583883885
Dew,6.8049710717239975,0.9989513376628085,0.001048662337191475,0.8921071071071072,0.10789289289289283,1165.3222436774063,17.26272325788583,0.02648897586213518,0.00040826015700047043,0.04399272549238806,0.042283634495995995
Dew,6.813562548363176,0.9989401821588868,0.0010598178411131975,0.8911081081081081,0.10889189189189186,1165.3138476383597,17.277928748904106,0.0264888924565188,0.0004087742504488188,0.04399254704783178,0.04226765440810811
Dew,6.822175786726379,0.9989289968811695,0.0010710031188304603,0.8901091091091091,0.10989089089089088,1165.305428940737,17.293171636955915,0.02648880882193862,0.0004092896178715451,0.04399236812701088,0.04225167432022023
Dew,6.83081085995748,0.9989177817299812,0.0010822182700187533,0.8891101101101102,0.11088988988988979,1165.2969875088013,17.308452045931777,0.02648872495762754,0.00040980626364800656,0.04399218872833096,0.04223569423233234
Dew,6.839467841521949,0.9989065366051834,0.0010934633948166406,0.8881111111111112,0.11188888888888882,1165.2885232664587,17.323770100290822,0.026488640862814817,0.0004103241921776583,0.04399200885019018,0.04221971414444445
Dew,6.848146805252981,0.9988952614061711,0.001104738593828869,0.8871121121121122,0.11288788788788784,1165.2800361372695,17.339125925188004,0.026488556536726264,0.0004108434078831061,0.04399182849097926,0.04220373405655656
Dew,6.856847825315484,0.9988839560318709,0.0011160439681291434,0.8861131131131131,0.11388688688688686,1165.271526044432,17.354519646370886,0.02648847197858396,0.0004113639152077037,0.043991647649081415,0.042187753968668674
Dew,6.865570976226767,0.9988726203807367,0.0011273796192633467,0.8851141141141141,0.11488588588588589,1165.2629929107925,17.369951390235425,0.026488387187606474,0.00041188571861691464,0.043991466322872305,0.042171773880780784
Dew,6.874316332862172,0.9988612543507467,0.0011387456492533143,0.8841151151151152,0.1158848848848848,1165.2544366588302,17.38542128383952,0.026488302163008588,0.0004124088225986757,0.04399128451071998,0.042155793792892894
Dew,6.883083970436566,0.998849857839401,0.0011501421605990547,0.8831161161161162,0.11688388388388382,1165.2458572106666,17.400929454848967,0.026488216904001497,0.0004129332316621569,0.04399110221098485,0.042139813705005004
Dew,6.891873964539163,0.998838430743717,0.0011615692562829683,0.8821171171171172,0.11788288288288284,1165.2372544880543,17.41647603163263,0.02648813140979265,0.0004134589503400612,0.04399091942201958,0.04212383361711712
Dew,6.900686391110835,0.9988269729602277,0.0011730270397722897,0.8811181181181181,0.11888188188188187,1165.228628412383,17.432061143196684,0.026488045679585837,0.00041398598318710764,0.043990736142169105,0.04210785352922923
Dew,6.909521326443574,0.9988154843849771,0.001184515615022863,0.8801191191191192,0.11988088088088078,1165.219978904666,17.44768491918089,0.02648795971258099,0.00041451433477998417,0.043990552369770536,0.04209187344134135
Dew,6.918378847202331,0.9988039649135179,0.001196035086482139,0.8791201201201202,0.1208798798798798,1165.2113058855466,17.46334748991733,0.026487873507974283,0.00041504400971878577,0.04399036810315313,0.04207589335345345
Dew,6.927259030417304,0.9987924144409074,0.0012075855590926166,0.8781211211211212,0.12187887887887883,1165.2026092752947,17.479048986406557,0.02648778706495816,0.0004155750126264918,0.04399018334063821,0.04205991326556556
Dew,6.936161953486709,0.9987808328617047,0.0012191671382952851,0.8771221221221221,0.12287787787787785,1165.193888993799,17.494789540323,0.026487700382721156,0.0004161073481491376,0.04398999808053912,0.04204393317767768
Dew,6.9450876941736865,0.9987692200699668,0.0012307799300331768,0.8761231231231231,0.12387687687687687,1165.1851449605676,17.510569284004006,0.026487613460447926,0.00041664102095559824,0.043989812321161205,0.04202795308978979
Dew,6.954036330626677,0.9987575759592462,0.001242424040753809,0.8751241241241242,0.12487587587587579,1165.17637709473,17.526388350504384,0.026487526297319364,0.0004171760357389298,0.043989626060801694,0.04201197300190191
Dew,6.963007932902129,0.9987459004225859,0.0012540995774140695,0.8741251251251252,0.1258748748748748,1165.1675847695296,17.5422468499711,0.0264874388801117,0.00041771239665385477,0.043989439297749726,0.04199599291401402
Dew,6.972002605246027,0.9987341933525185,0.0012658066474815488,0.8731261261261262,0.12687387387387383,1165.1587695398057,17.558144987462764,0.026487351245199707,0.0004182501101222986,0.043989252030286224,0.04198001282612614
Dew,6.98102039309977,0.9987224546410585,0.0012775453589415342,0.8721271271271271,0.12787287287287286,1165.149929140027,17.574082803828738,0.026487263342115545,0.0004187891786628738,0.04398906425668384,0.04196403273823824
Dew,6.990061410033799,0.9987106841797047,0.0012893158202953447,0.8711281281281281,0.12887187187187188,1165.1410656742771,17.590060529324894,0.026487175219729965,0.00041932960931329385,0.04398887597520698,0.04194805265035035
Dew,6.999125710623149,0.9986988818594301,0.001301118140569879,0.8701291291291292,0.1298708708708708,1165.1321774187074,17.606078229556577,0.02648708683989878,0.00041987140519539963,0.043988687184111634,0.041932072562462466
Dew,7.008213383777974,0.998687047570684,0.00131295242931595,0.8691301301301302,0.13086986986986981,1165.1232648370958,17.622136065360632,0.026486998214213936,0.000420414571707748,0.043988497881645425,0.04191609247457458
Dew,7.0173245103329505,0.998675181203385,0.001324818796614946,0.8681311311311312,0.13186886886886884,1165.1143278458155,17.638234174716676,0.026486909341828336,0.00042095911371161466,0.04398830806604747,0.04190011238668669
Dew,7.026459171504863,0.9986632826469188,0.0013367173530811627,0.8671321321321321,0.13286786786786786,1165.1053663608332,17.65437269629365,0.02648682022189073,0.0004215050360921518,0.043988117735548386,0.0418841322987988
Dew,7.035617448885788,0.9986513517901344,0.0013486482098655772,0.8661331331331332,0.13386686686686677,1165.096380297706,17.67055176942845,0.026486730853545686,0.0004220523437579238,0.043987926888370166,0.04186815221091091
Dew,7.044799424500022,0.99863938852134,0.0013606114786599566,0.8651341341341342,0.1348658658658658,1165.0873695715854,17.686771534281664,0.0264866412359337,0.0004226010416446728,0.0439877355227262,0.04185217212302302
Dew,7.05400518074992,0.9986273927282997,0.001372607271700299,0.8641351351351352,0.13586486486486482,1165.078334097207,17.70303213168457,0.02648655136819101,0.00042315113471171317,0.043987543636821155,0.04183619203513514
Dew,7.063234800454,0.9986153642982297,0.001384635701770276,0.8631361361361362,0.13686386386386384,1165.0692737888921,17.719333703242484,0.026486461249449672,0.0004237026279444486,0.04398735122885091,0.04182021194724725
Dew,7.072488366827563,0.9986033031177948,0.0013966968822052284,0.8621371371371371,0.13786286286286287,1165.0601885605424,17.735676391278417,0.026486370878837463,0.0004242555263530732,0.04398715829700256,0.04180423185935936
Dew,7.081765963503823,0.9985912090731041,0.001408790926895942,0.8611381381381382,0.13886186186186178,1165.051078325641,17.75206033888922,0.026486280255477956,0.00042480983497396313,0.04398696483945428,0.041788251771471475
Dew,7.091067674518502,0.9985790820497078,0.0014209179502921998,0.8601391391391392,0.1398608608608608,1165.0419429972435,17.76848568990025,0.026486189378490323,0.0004253655588686412,0.04398677085437533,0.04177227168358359
Dew,7.1003935843322115,0.9985669219325928,0.001433078067407223,0.8591401401401402,0.14085985985985983,1165.0327824879794,17.784952588924902,0.026486098246989425,0.00042592270312525075,0.043986576339925955,0.0417562915956957
Dew,7.109743777812082,0.9985547286061793,0.0014452713938206685,0.8581411411411412,0.14185885885885885,1165.023596710047,17.8014611813111,0.026486006860085762,0.00042648127285732445,0.043986381294257304,0.04174031150780781
Dew,7.119118340255106,0.9985425019543169,0.00145749804568307,0.8571421421421422,0.14285785785785776,1165.0143855752158,17.818011613203385,0.026485915216885487,0.00042704127320532107,0.043986185715511446,0.04172433141991992
Dew,7.128517357372484,0.9985302418602803,0.0014697581397197235,0.8561431431431432,0.14385685685685679,1165.0051489948141,17.83460403149693,0.026485823316490246,0.0004276027093355749,0.04398598960182123,0.04170835133203203
Dew,7.137940915312227,0.998517948206766,0.0014820517932340183,0.8551441441441442,0.1448558558558558,1164.995886879736,17.85123858389752,0.0264857311579973,0.00042816558644178325,0.04398579295131025,0.04169237124414415
Dew,7.14738910064294,0.9985056208758871,0.0014943791241128768,0.8541451451451452,0.14585485485485483,1164.9865991404276,17.86791541887397,0.02648563874049933,0.00042872990974391804,0.04398559576209278,0.04167639115625626
Dew,7.15686200037239,0.9984932597491715,0.001506740250828531,0.8531461461461461,0.14685385385385386,1164.9772856868985,17.884634685706896,0.026485546063084647,0.0004292956844894461,0.04398539803227373,0.04166041106836837
Dew,7.166359701925719,0.9984808647075553,0.0015191352924447399,0.8521471471471472,0.14785285285285277,1164.9679464287008,17.901396534425793,0.026485453124836827,0.00042986291595187146,0.04398519975994853,0.04164443098048048
Dew,7.175882293177671,0.9984684356313805,0.0015315643686194536,0.8511481481481482,0.1488518518518518,1164.95858127494,17.91820111589542,0.026485359924834955,0.00043043160943286035,0.04398500094320313,0.041628450892592594
Dew,7.185429862458703,0.9984559724003902,0.0015440275996098096,0.8501491491491492,0.14985085085085081,1164.949190134268,17.93504858182994,0.02648526646215353,0.0004310017702626349,0.04398480158011389,0.041612470804704704
Dew,7.195002498500838,0.9984434748937251,0.0015565251062749086,0.8491501501501502,0.15084984984984984,1164.9397729148761,17.9519390846407,0.02648517273586232,0.00043157340379636905,0.04398460166874752,0.041596490716816814
Dew,7.204600290526555,0.9984309429899181,0.0015690570100819201,0.8481511511511511,0.15184884884884886,1164.930329524499,17.968872777678907,0.02648507874502651,0.00043214651542007213,0.04398440120716103,0.041580510628928924
Dew,7.214223328191624,0.9984183765668915,0.0015816234331085255,0.8471521521521522,0.15284784784784777,1164.9208598704054,17.985849815075017,0.026484984488706523,0.00043272111054678435,0.04398420019340166,0.04156453054104105
Dew,7.2238717015900855,0.9984057755019519,0.0015942244980481357,0.8461531531531532,0.1538468468468468,1164.9113638593947,18.002870351749813,0.026484889965957995,0.0004332971946168957,0.043983998625506775,0.04154855045315316
Dew,7.233545501286675,0.9983931396717866,0.0016068603282134442,0.8451541541541542,0.15484584584584582,1164.9018413978004,18.019934543501023,0.026484795175831875,0.0004338747731002834,0.043983796501503865,0.04153257036526527
Dew,7.243244818301515,0.9983804689524584,0.0016195310475416447,0.8441551551551552,0.15584484484484484,1164.8922923914783,18.037042546958244,0.0264847001173742,0.0004344538514952835,0.04398359381941042,0.04151659027737738
Dew,7.252969744122549,0.9983677632194019,0.0016322367805980953,0.8431561561561562,0.15684384384384376,1164.88271674581,18.054194519614416,0.02648460478962624,0.0004350344353295039,0.043983390577233876,0.041500610189489494
Dew,7.262720370673334,0.9983550223474198,0.001644977652580204,0.8421571571571572,0.15784284284284278,1164.8731143656942,18.071390619734355,0.02648450919162431,0.00043561653015767557,0.04398318677297156,0.04148463010160161
Dew,7.272496790394377,0.9983422462106768,0.001657753789323202,0.8411581581581582,0.1588418418418418,1164.863485155551,18.088631006575692,0.026484413322399928,0.0004362001415670335,0.04398298240461061,0.04146865001371372
Dew,7.282299096150268,0.9983294346826966,0.001670565317303363,0.8401591591591592,0.15984084084084083,1164.8538290193067,18.105915840130507,0.026484317180979513,0.0004367852751711456,0.04398277747012789,0.04145266992582583
Dew,7.29212738131209,0.9983165876363574,0.0016834123636425558,0.8391601601601602,0.16083983983983985,1164.8441458604038,18.123245281349142,0.026484220766384636,0.0004373719366153653,0.04398257196748994,0.04143668983793794
Dew,7.301981739715009,0.9983037049438862,0.0016962950561137946,0.8381611611611612,0.16183883883883876,1164.834435581789,18.140619492020612,0.02648412407763181,0.00043796013157400553,0.0439823658946529,0.04142070975005005
Dew,7.3118622656660595,0.9982907864768555,0.0017092135231444594,0.8371621621621622,0.16283783783783778,1164.8246980859055,18.15803863479118,0.026484027113732354,0.0004385498657508433,0.043982159249562426,0.04140472966216217
Dew,7.32176905397851,0.9982778321061786,0.0017221678938214025,0.8361631631631632,0.1638368368368368,1164.8149332747082,18.175502873255745,0.026483929873692767,0.00043914114488138504,0.04398195203015364,0.041388749574274276
Dew,7.331702199931405,0.9982648417021042,0.0017351582978958335,0.8351641641641642,0.16483583583583583,1164.805141049636,18.193012371843793,0.02648383235651416,0.0004397339747301703,0.04398174423435103,0.041372769486386386
Dew,7.341661799306102,0.9982518151342126,0.0017481848657874277,0.8341651651651653,0.16583483483483474,1164.7953213116268,18.21056729591675,0.02648373456119265,0.0004403283610931825,0.04398153586006838,0.041356789398498496
Dew,7.351647948380442,0.9982387522714107,0.0017612477285893213,0.8331661661661662,0.16683383383383377,1164.7854739611062,18.228167811748936,0.026483636486719104,0.00044092430979744885,0.043981326905208715,0.04134080931061062
Dew,7.361660743912548,0.9982256529819272,0.001774347018072775,0.8321671671671672,0.1678328328328328,1164.775598897981,18.245814086480152,0.026483538132079088,0.00044152182669995334,0.04398111736766421,0.04132482922272273
Dew,7.371700283184617,0.998212517133308,0.0017874828666919473,0.8311681681681682,0.1688318318318318,1164.7656960216452,18.263506288232676,0.02648343949625302,0.00044212091769052617,0.04398090724531611,0.04130884913483484
Dew,7.38176666396706,0.9981993445924116,0.0018006554075884473,0.8301691691691692,0.16983083083083084,1164.755765230968,18.281244586009947,0.026483340578215935,0.00044272158868945426,0.043980696536034675,0.041292869046946956
Dew,7.391859984537504,0.9981861352254038,0.0018138647745962189,0.8291701701701703,0.17082982982982975,1164.7458064242926,18.299029149745557,0.026483241376937524,0.0004433238456487273,0.043980485237679084,0.041276888959059066
Dew,7.401980343705533,0.9981728888977532,0.001827111102246759,0.8281711711711712,0.17182882882882877,1164.7358194994338,18.316860150367848,0.026483141891382123,0.00044392769455366414,0.04398027334809736,0.041260908871171176
Dew,7.4121278407590365,0.9981596054742261,0.0018403945257738918,0.8271721721721722,0.1728278278278278,1164.725804353669,18.334737759650036,0.026483042120508556,0.0004445331414193439,0.04398006086512627,0.041244928783283286
Dew,7.422302575542032,0.9981462848188819,0.0018537151811180985,0.8261731731731732,0.17382682682682682,1164.7157608837463,18.35266215041995,0.026482942063270343,0.00044514019229575073,0.043979847786591315,0.041228948695395395
Dew,7.432504648388527,0.9981329267950677,0.0018670732049322902,0.8251741741741743,0.17482582582582573,1164.7056889858648,18.370633496375987,0.026482841718615324,0.00044574885326337607,0.04397963411030659,0.041212968607507505
Dew,7.442734160180384,0.9981195312654135,0.0018804687345864712,0.8241751751751752,0.17582482482482475,1164.695588555686,18.388651972242187,0.026482741085485966,0.00044635913043704123,0.04397941983407468,0.04119698851961962
Dew,7.452991212319927,0.9981060980918273,0.0018939019081727348,0.8231761761761762,0.17682382382382378,1164.6854594883166,18.406717753690106,0.026482640162819007,0.0004469710299640681,0.04397920495568668,0.04118100843173173
Dew,7.463275906737613,0.9980926271354895,0.0019073728645104815,0.8221771771771772,0.1778228228228228,1164.6753016783155,18.42483101735663,0.026482538949545657,0.0004475845580247738,0.043978989472922,0.04116502834384384
Dew,7.473588345913054,0.9980791182568484,0.0019208817431516367,0.8211781781781782,0.17882182182182182,1164.6651150196847,18.442991940898104,0.02648243744459148,0.0004481997208338505,0.04397877338354838,0.04114904825595596
Dew,7.4839286328431935,0.9980655713156145,0.0019344286843855363,0.8201791791791793,0.17982082082082074,1164.6548994058621,18.46120070290024,0.02648233564687624,0.0004488165246382426,0.0439785566853217,0.041133068168068075
Dew,7.4942968711102775,0.9980519861707555,0.001948013829244477,0.8191801801801802,0.18081981981981976,1164.6446547297307,18.4794574830602,0.026482233555314153,0.00044943497572163735,0.043978339375986025,0.04111708808018018
Dew,7.504693164780961,0.998038362680491,0.0019616373195090464,0.8181811811811812,0.18181881881881878,1164.6343808835886,18.497762461908366,0.026482131168813306,0.00045005508039776585,0.0439781214532734,0.041101107992292295
Dew,7.51511761853517,0.9980247007022872,0.001975299297712785,0.8171821821821822,0.1828178178178178,1164.6240777591793,18.516115821156063,0.026482028486276336,0.0004506768450189272,0.04397790291490387,0.041085127904404405
Dew,7.525570337577112,0.9980110000928516,0.0019889999071484032,0.8161831831831833,0.18381681681681672,1164.613745247661,18.53451774344986,0.026481925506599845,0.0004513002759700787,0.04397768375858527,0.04106914781651652
Bubble,7.533198255777608,0.9980010010010011,0.001998998998998913,0.8154558634393337,0.18454413656066626,1164.606203580651,18.547945864323594,0.026481850332371368,0.00045175521521865906,0.04397752381211212,0.04105751353716193
Dew,7.53605142766699,0.997997260708128,0.002002739291872002,0.8151841841841843,0.18481581581581574,1164.6033832396117,18.552968412454575,0.0264818222286745,0.00045192537967092284,0.04397746398201329,0.04105316772862864
Dew,7.546560995150554,0.9979834824032897,0.0020165175967102877,0.8141851851851852,0.18581481481481477,1164.592991625028,18.57146801293032,0.026481718651385103,0.00045255216257785195,0.043977243582871264,0.04103718764074074
Dew,7.557099146905262,0.9979696650327352,0.002030334967264791,0.8131861861861862,0.1868138138138138,1164.5825702933098,18.59001673058265,0.026481614773610305,0.00045318063118036586,0.04397702255883014,0.04102120755285286
Dew,7.56766599041906,0.997955808450083,0.002044191549916974,0.8121871871871872,0.1878128128128128,1164.5721191332768,18.608614752273382,0.026481510594222973,0.00045381079200627916,0.04397680090754838,0.04100522746496497
Dew,7.578261633727537,0.9979419125081651,0.0020580874918348924,0.8111881881881883,0.18881181181181173,1164.5616380331405,18.627262265846248,0.026481406112089677,0.000454442651617541,0.04397657862667186,0.040989247377077084
Dew,7.588886185454644,0.9979279770590216,0.002072022940978413,0.8101891891891893,0.18981081081081075,1164.5511268805164,18.645959460234177,0.026481301326070978,0.0004550762166129211,0.04397635571383381,0.040973267289189194
Dew,7.599539754805969,0.9979140019538947,0.0020859980461053196,0.8091901901901902,0.19080980980980977,1164.5405855624094,18.664706525437456,0.026481196235021164,0.0004557114936275476,0.04397613216665469,0.040957287201301304
Dew,7.61022245157249,0.9978999870432246,0.002100012956775421,0.8081911911911912,0.1918088088088088,1164.5300139652202,18.68350365253048,0.02648109083778845,0.00045634848933314315,0.04397590798274212,0.040941307113413414
Dew,7.620934386137051,0.9978859321766417,0.0021140678233583232,0.8071921921921922,0.19280780780780782,1164.519411974729,18.70235103367575,0.026480985133214646,0.00045698721043843855,0.043975683159690776,0.04092532702552553
Dew,7.631675669485503,0.9978718372029618,0.002128162797038202,0.8061931931931933,0.19380680680680673,1164.5087794761027,18.72124886215053,0.026480879120135407,0.0004576276636898964,0.0439754576950823,0.04090934693763764
Dew,7.642446413183351,0.9978577019701803,0.002142298029819689,0.8051941941941942,0.19480580580580575,1164.4981163538785,18.74019733227998,0.02648077279737989,0.0004582698558701498,0.04397523158648521,0.04089336684974975
Dew,7.653246729422339,0.997843526325466,0.0021564736745339763,0.8041951951951952,0.19580480480480478,1164.4874224919695,18.759196639559832,0.026480666163770962,0.00045891379380107406,0.04397500483145479,0.04087738676186187
Dew,7.6640767309908595,0.9978293101151552,0.002170689884844812,0.8031961961961962,0.1968038038038038,1164.476697773656,18.778246980572533,0.02648055921812502,0.00045955948434181135,0.04397477742753304,0.040861406673973984
Dew,7.674936531285348,0.9978150531847461,0.002184946815253941,0.8021971971971973,0.1978028028028027,1164.4659420815797,18.79734855301448,0.026480451959251947,0.00046020693438951027,0.04397454937224852,0.040845426586086094
Dew,7.685826244333103,0.9978007553788919,0.0021992446211080985,0.8011981981981983,0.19880180180180174,1164.4551552977418,18.81650155575417,0.026480344385955118,0.00046085615088082416,0.043974320663116295,0.0408294464981982
Dew,7.696745984767158,0.9977864165413955,0.002213583458604451,0.8001991991991992,0.19980080080080076,1164.4443373034958,18.835706188760415,0.02648023649703131,0.0004615071407902303,0.04397409129763782,0.04081346641031031
Dew,7.707695867858314,0.9977720365152031,0.0022279634847969243,0.7992002002002002,0.20079979979979978,1164.4334879795467,18.854962653185343,0.026480128291270697,0.0004621599111321374,0.04397386127330085,0.04079748632242243
Dew,7.718676009491507,0.9977576151423978,0.0022423848576021976,0.7982012012012012,0.2017987987987988,1164.4226072059384,18.874271151296732,0.02648001976745669,0.00046281446895930604,0.04397363058757932,0.04078150623453454
Dew,7.729686526210612,0.9977431522641936,0.0022568477358063666,0.7972022022022023,0.20279779779779772,1164.4116948620601,18.893631886595287,0.026479910924366076,0.0004634708213657992,0.043973399237933274,0.04076552614664665
Dew,7.740727535163283,0.9977286477209288,0.0022713522790711593,0.7962032032032033,0.20379679679679674,1164.4007508266307,18.913045063661905,0.026479801760768758,0.0004641289754833161,0.04397316722180876,0.04074954605875876
Dew,7.751799154178397,0.99771410135206,0.0022858986479400434,0.7952042042042042,0.20479579579579577,1164.3897749777018,18.9325108883629,0.026479692275427902,0.00046478893848630386,0.04397293453663769,0.04073356597087087
Dew,7.762901501702544,0.9976995129961556,0.0023004870038444425,0.7942052052052052,0.2057947947947948,1164.3787671926507,18.952029567674785,0.02647958246709977,0.0004654507175877381,0.04397270117983781,0.040717585882982986
Dew,7.774034696855296,0.9976848824908888,0.0023151175091111753,0.7932062062062063,0.2067937937937937,1164.3677273481705,18.9716013098295,0.026479472334533648,0.00046611432004276703,0.04397246714881251,0.0407016057950951
Dew,7.7851988593987,0.997670209673032,0.0023297903269680065,0.7922072072072073,0.20779279279279272,1164.3566553202718,18.9912263242282,0.026479361876471867,0.00046677975314667514,0.04397223244095079,0.040685625707207206
Dew,7.796394109772821,0.9976554943784496,0.002344505621550419,0.7912082082082083,0.20879179179179175,1164.3455509842763,19.01090482153322,0.026479251091649766,0.00046744702423722286,0.04397199705362712,0.040669645619319315
Dew,7.807620569061902,0.9976407364420912,0.0023592635579088306,0.7902092092092092,0.20979079079079077,1164.334414214807,19.03063701357287,0.02647913997879553,0.0004681161406923887,0.04397176098420134,0.04065366553143144
Dew,7.8188783590341595,0.9976259356979853,0.0023740643020147,0.7892102102102102,0.2107897897897898,1164.323244885788,19.05042311344473,0.026479028536630218,0.0004687871099329903,0.043971524230018544,0.04063768544354355
Dew,7.830167602156889,0.997611091979233,0.0023889080207669666,0.7882112112112113,0.2117887887887887,1164.3120428704433,19.070263335552188,0.02647891676386782,0.00046945993942366774,0.04397128678840902,0.040621705355655666
Dew,7.841488421532583,0.997596205118,0.002403794882000043,0.7872122122122123,0.21278778778778773,1164.3008080412753,19.090157895428558,0.026478804659214872,0.00047013463666863864,0.04397104865668805,0.04060572526776777
Dew,7.852840940968826,0.9975812749455104,0.00241872505448959,0.7862132132132132,0.21378678678678675,1164.2895402700772,19.110107009921137,0.026478692221370722,0.00047081120921631004,0.04397080983215588,0.04058974517987988
Dew,7.864225284982872,0.9975663012920402,0.0024336987079598416,0.7852142142142142,0.21478578578578578,1164.2782394279236,19.130110897199316,0.02647857944902744,0.0004714896646595661,0.043970570312097605,0.040573765091991995
Dew,7.8756415787772145,0.9975512839869095,0.0024487160130904906,0.7842152152152152,0.2157847847847848,1164.2669053851594,19.150169776684738,0.02647846634086961,0.00047217001063413355,0.043970330093783004,0.040557785004104105
Dew,7.887089948238516,0.9975362228584761,0.002463777141523904,0.7832162162162163,0.2167837837837837,1164.2555380113956,19.170283869044432,0.026478352895574323,0.0004728522548184961,0.04397008917446647,0.04054180491621622
Dew,7.898570519972189,0.9975211177341279,0.0024788822658721177,0.7822172172172173,0.21778278278278274,1164.2441371755062,19.190453396279462,0.026478239111811155,0.00047353640493616716,0.04396984755138689,0.04052582482832833
Dew,7.910083421302554,0.9975059684402763,0.0024940315597237195,0.7812182182182182,0.21878178178178176,1164.2327027456295,19.210678581721126,0.026478124988242258,0.00047422246875568395,0.04396960522176751,0.04050984474044044
Dew,7.921628780253185,0.997490774802348,0.002509225197651954,0.7802192192192192,0.21978078078078078,1164.2212345891437,19.23095964997403,0.0264780105235219,0.00047491045408929117,0.043969362182815844,0.04049386465255255
Dew,7.933206725588993,0.9974755366447792,0.0025244633552208295,0.7792202202202203,0.2207797797797797,1164.2097325726847,19.251296827024643,0.026477895716296912,0.0004756003687957087,0.043969118431723554,0.04047788456466467
Dew,7.94481738678289,0.9974602537910069,0.00253974620899311,0.7782212212212213,0.22177877877877872,1164.1981965621223,19.27169034014771,0.02647778056520624,0.000476292220777911,0.04396887396566632,0.04046190447677678
Dew,7.956460894052482,0.9974449260634616,0.002555073936538421,0.7772222222222223,0.22277777777777774,1164.1866264225612,19.29214041800023,0.026477665068881013,0.00047698601798553715,0.04396862878180374,0.04044592438888889
Dew,7.968137378345464,0.9974295532835612,0.002570446716438801,0.7762232232232232,0.22377677677677676,1164.1750220183394,19.31264729057801,0.02647754922594461,0.00047768176841390914,0.04396838287727917,0.04042994430100101
Dew,7.979846971354609,0.9974141352717018,0.0025858647282982483,0.7752242242242242,0.2247757757757758,1164.1633832130126,19.33321118925142,0.026477433035012342,0.00047837948010500715,0.04396813624921967,0.04041396421311312
Dew,7.991589805523441,0.997398671847251,0.0026013281527490495,0.7742252252252253,0.2257747747747747,1164.1517098693605,19.353832346776173,0.0264773164946917,0.0004790791611478279,0.04396788889473581,0.04039798412522523
Dew,8.003366014041536,0.99738316282854,0.002616837171459996,0.7732262262262263,0.22677377377377372,1164.1400018493696,19.374510997276325,0.026477199603582,0.00047978081967805716,0.04396764081092162,0.04038200403733734
Dew,8.01517573086753,0.9973676080328555,0.0026323919671444873,0.7722272272272273,0.22777277277277275,1164.1282590142337,19.395247376301363,0.026477082360274518,0.00048048446387957634,0.04396739199485437,0.04036602394944946
Dew,8.02701909072234,0.9973520072764329,0.002647992723567083,0.7712282282282282,0.22877177177177177,1164.1164812243474,19.416041720803516,0.02647696476335237,0.0004811901019839959,0.04396714244359455,0.04035004386156157
Dew,8.038896229091996,0.9973363603744472,0.002663639625552827,0.7702292292292293,0.22977077077077068,1164.1046683392995,19.43689426914087,0.026476846811390457,0.00048189774227082625,0.04396689215418569,0.04033406377367368
Dew,8.050807282239225,0.9973206671410056,0.0026793328589943544,0.7692302302302303,0.2307697697697697,1164.0928202178634,19.457805261103733,0.026476728502955314,0.000482607393068228,0.04396664112365424,0.04031808368578579
Dew,8.062752387211562,0.9973049273891402,0.0026950726108597722,0.7682312312312313,0.23176876876876873,1164.080936717998,19.478774937931707,0.026476609836605217,0.0004833190627535307,0.04396638934900943,0.0403021035978979
Dew,8.074731681850896,0.9972891409307982,0.0027108590692017653,0.7672322322322322,0.23276776776776775,1164.0690176968365,19.499803542334504,0.02647649081089002,0.00048403275975384747,0.043966136827243145,0.04028612351001001
Dew,8.086745304768918,0.9972733075768356,0.0027266924231643674,0.7662332332332332,0.23376676676676678,1164.0570630106795,19.52089131842185,0.02647637142435103,0.00048474849254443386,0.04396588355532983,0.04027014342212212
Dew,8.098793395407393,0.9972574271370077,0.0027425728629922874,0.7652342342342343,0.2347657657657657,1164.0450725149935,19.54203851185949,0.026476251675521093,0.0004854662696526579,0.04396562953022629,0.04025416333423423
Dew,8.110876093990106,0.9972414994199614,0.00275850058003857,0.7642352352352353,0.2357647647647647,1164.0330460643997,19.563245369736382,0.026476131562924395,0.00048618609965480334,0.04396537474887165,0.04023818324634634
Dew,8.122993541567286,0.9972255242332265,0.0027744757667734765,0.7632362362362363,0.23676376376376373,1164.0209835126711,19.584512140678303,0.026476011085076485,0.00048690799117899166,0.04396511920818712,0.04022220315845846
Dew,8.135145879989619,0.9972095013832079,0.0027904986167921475,0.7622372372372372,0.23776276276276276,1164.0088847127229,19.605839074773858,0.026475890240484135,0.0004876319529034446,0.04396486290507593,0.040206223070570576
Dew,8.147333251942072,0.9971934306751755,0.0028065693248244816,0.7612382382382383,0.23876176176176167,1163.996749516608,19.627226423659753,0.026475769027645334,0.0004883579935587053,0.04396460583642318,0.04019024298268269
Dew,8.15955580094567,0.9971773119132582,0.002822688086741798,0.7602392392392393,0.2397607607607607,1163.9845777755136,19.648674440520587,0.02647564744504925,0.0004890861219277375,0.043964347999095675,0.040174262894794796
Dew,8.171813671335252,0.9971611449004322,0.0028388550995678274,0.7592402402402403,0.24075975975975972,1163.9723693397427,19.670183380024856,0.026475525491175957,0.0004898163468444357,0.043964089389941806,0.04015828280690691
Dew,8.184107008310118,0.9971449294385146,0.0028550705614853733,0.7582412412412413,0.24175875875875874,1163.9601240587247,19.69175349845467,0.02647540316449668,0.0004905486771969589,0.04396383000579143,0.04014230271901902
Dew,8.196435957909236,0.9971286653281538,0.002871334671846193,0.7572422422422422,0.24275775775775776,1163.947841780997,19.7133850536349,0.02647528046347354,0.000491283121926072,0.04396356984345569,0.04012632263113113
Dew,8.20880066700498,0.9971123523688201,0.0028876476311798793,0.7562432432432433,0.24375675675675668,1163.9355223541943,19.735078304911614,0.026475157386559343,0.0004920196900247133,0.04396330889972688,0.04011034254324325
Dew,8.221201283373297,0.997095990358797,0.002904009641202965,0.7552442442442443,0.2447557557557557,1163.923165625059,19.75683351333329,0.026475033932197904,0.0004927583905426185,0.043963047171378354,0.04009436245535535
Dew,8.233637955617446,0.9970795790951729,0.002920420904827137,0.7542452452452453,0.24575475475475472,1163.9107714394167,19.77865094144337,0.026474910098823606,0.0004934992325812568,0.043962784655164296,0.04007838236746747
Dew,8.246110833244277,0.997063118373831,0.002936881626169008,0.7532462462462463,0.24675375375375375,1163.898339642179,19.800530853477532,0.02647478588486153,0.00049424222529886,0.04396252134781964,0.04006240227957958
Dew,8.258620066615535,0.9970466079894398,0.0029533920105602185,0.7522472472472473,0.24775275275275266,1163.8858700773317,19.82247351522942,0.02647466128872727,0.000494987377907181,0.043962257246059885,0.040046422191691695
Dew,8.271165806992528,0.9970300477354456,0.002969952264554432,0.7512482482482483,0.24875175175175168,1163.8733625879308,19.844479194163945,0.026474536308826967,0.0004957346996744327,0.043961992346580964,0.040030442103803805
Dew,8.283748206541425,0.9970134374040602,0.002986562595939768,0.7502492492492493,0.2497507507507507,1163.860817016094,19.866548159425978,0.026474410943557132,0.0004964841999256163,0.04396172664605909,0.04001446201591592
Bubble,8.292397580203868,0.9970020020020021,0.0029979979979979365,0.7495632379615043,0.25043676203849574,1163.8521765787134,19.88170782113037,0.026474324556928452,0.0004969993508387308,0.04396154372422423,0.040003488510756025
Dew,8.296367418298676,0.9969967767862548,0.003003223213745243,0.7492502502502503,0.25074974974974973,1163.8482332029917,19.888680681743644,0.026474285191304608,0.0004972358880402184,0.04396146014115062,0.03999848192802803
Dew,8.309023596239825,0.9969800656717471,0.0030199343282528712,0.7482512512512512,0.25174874874874875,1163.8356109888448,19.910877033605175,0.02647415905044659,0.0004979897734567425,0.043961192828491834,0.03998250184014014
Dew,8.321716895229903,0.9969633038489942,0.003036696151005769,0.7472522522522523,0.25274774774774766,1163.8229502129116,19.933137489122295,0.026474032519350363,0.0004987458656694084,0.0439609247046989,0.03996652175225226
Dew,8.334447471078564,0.996946491105182,0.0030535088948180356,0.7462532532532533,0.2537467467467467,1163.8102507134854,19.955462324170735,0.026473905596373436,0.0004995041742317822,0.0439606557663676,0.03995054166436437
Dew,8.347215480495617,0.9969296272262144,0.0030703727737856346,0.7452542542542543,0.2547457457457457,1163.7975123278798,19.97785181626726,0.026473778279863212,0.000500264708753814,0.04396038601007325,0.039934561576476485
Dew,8.360021081145826,0.9969127119967048,0.0030872880032951633,0.7442552552552553,0.25574474474474473,1163.78473489243,20.00030624470906,0.02647365056815717,0.0005010274789054438,0.043960115432370495,0.039918581488588595
Dew,8.372864431627217,0.9968957451999658,0.0031042548000341785,0.7432562562562562,0.25674374374374376,1163.771918242479,20.022825890510994,0.026473522459582628,0.0005017924944151482,0.04395984402979317,0.039902601400700705
Dew,8.385745691491785,0.9968787266179976,0.0031212733820024097,0.7422572572572573,0.25774274274274267,1163.75906221237,20.04541103645472,0.02647339395245666,0.00050255976507129,0.04395957179885416,0.039886621312812814
Dew,8.398665021254194,0.99686165603148,0.0031383439685199743,0.7412582582582583,0.2587417417417417,1163.746166635447,20.06806196710611,0.02647326504508622,0.0005033293007226747,0.043959298736045156,0.03987064122492493
Dew,8.411622582375474,0.9968445332197619,0.0031554667802381475,0.7402592592592593,0.2597407407407407,1163.7332313440336,20.090778968766642,0.026473135735767712,0.0005041011112774517,0.04395902483783664,0.03985466113703704
Dew,8.424618537295014,0.9968273579608481,0.0031726420391519072,0.7392602602602603,0.26073973973973974,1163.7202561694328,20.11356232955222,0.02647300602278718,0.0005048752067052127,0.04395875010067753,0.03983868104914915
Dew,8.437653049444592,0.9968101300313917,0.003189869968608261,0.7382612612612613,0.26173873873873865,1163.7072409419202,20.13641233942436,0.026472875904420164,0.0005056515970378972,0.04395847452099515,0.03982270096126126
Dew,8.45072628322852,0.9967928492066838,0.003207150793316238,0.7372622622622623,0.2627377377377377,1163.694185490735,20.15932929013222,0.026472745378931618,0.0005064302923684616,0.043958198095195036,0.03980672087337337
Dew,8.463838404045543,0.9967755152606396,0.0032244847393604337,0.7362632632632633,0.2637367367367367,1163.6810896440643,20.182313475264532,0.02647261444457568,0.0005072113028523072,0.04395792081966072,0.03979074078548549
Dew,8.476989578289093,0.9967581279657916,0.0032418720342084484,0.7352642642642643,0.2647357357357357,1163.6679532290461,20.205365190244493,0.026472483099595816,0.0005079946387072771,0.0439576426907536,0.0397747606975976
Dew,8.490179973387434,0.9967406870932753,0.003259312906724654,0.7342652652652653,0.26573473473473475,1163.6547760717563,20.228484732429493,0.02647235134222464,0.0005087803102162893,0.04395736370481274,0.03975878060970971
Dew,8.503409757745638,0.9967231924128208,0.003276807587179187,0.7332662662662663,0.26673373373373366,1163.641557997196,20.251672400952707,0.026472219170683736,0.0005095683277234829,0.04395708385815472,0.039742800521821824
Dew,8.516679100841452,0.9967056436927411,0.003294356307258939,0.7322672672672673,0.2677327327327327,1163.628298829294,20.27492849696913,0.02647208658318378,0.0005103587016405333,0.04395680314707346,0.03972682043393394
Dew,8.529988173148087,0.996688040699918,0.0033119593000819902,0.7312682682682683,0.2687317317317317,1163.6149983908826,20.29825332344674,0.026471953577924184,0.0005111514424415299,0.04395652156783996,0.03971084034604605
Dew,8.543337146185777,0.996670383199796,0.0033296168002040494,0.7302692692692693,0.26973073073073073,1163.6016565037028,20.32164718529594,0.026471820153093205,0.0005119465606663623,0.04395623911670226,0.03969486025815816
Dew,8.556726192547794,0.9966526709563674,0.003347329043632552,0.7292702702702704,0.27072972972972964,1163.588272988393,20.345110389431806,0.026471686306867886,0.0005127440669224215,0.043955955789885155,0.03967888017027028
Dew,8.570155485845277,0.9966349037321615,0.003365096267838541,0.7282712712712713,0.27172872872872866,1163.5748476644706,20.368643244623126,0.02647155203741371,0.0005135439718809303,0.04395567158359003,0.03966290008238238
Dew,8.583625200792929,0.9966170812882325,0.0033829187117675463,0.7272722722722723,0.2727277277277277,1163.5613803503359,20.392246061711205,0.02647141734288481,0.00051434628628259,0.04395538649399469,0.039646919994494496
Dew,8.597135513150821,0.9965992033841491,0.0034007966158509095,0.7262732732732733,0.2737267267267267,1163.5478708632545,20.41591915345093,0.026471282221423663,0.0005151510209337106,0.043955100517253196,0.039630939906606606
Dew,8.610686599774292,0.9965812697779822,0.003418730222017774,0.7252742742742743,0.27472572572572573,1163.5343190193535,20.43966283463543,0.02647114667116114,0.0005159581867094903,0.043954813649495585,0.03961495981871872
Dew,8.624278638612104,0.9965632802262919,0.0034367197737080746,0.7242752752752754,0.27572472472472465,1163.520724633608,20.46347742208492,0.02647101069021631,0.0005167677945538718,0.04395452588682779,0.03959897973083083
Dew,8.63791180870556,0.9965452344841174,0.0034547655158826407,0.7232762762762763,0.27672372372372367,1163.5070875198383,20.48736323463802,0.026470874276696445,0.0005175798554794624,0.0439542372253314,0.03958299964294294
Dew,8.65158629019023,0.9965271323049626,0.003472867695037407,0.7222772772772773,0.2777227227227227,1163.4934074906882,20.51132059315003,0.026470737428696725,0.0005183943805676291,0.04395394766106342,0.03956701955505505
Dew,8.665302264355306,0.9965089734407856,0.003491026559214405,0.7212782782782783,0.2787217217217217,1163.4796843576335,20.535349820641695,0.02647060014430046,0.0005192113809723984,0.04395365719005616,0.03955103946716716
Dew,8.67905991356875,0.9964907576419854,0.0035092423580146415,0.7202792792792793,0.27972072072072074,1163.465917930954,20.55945124209702,0.026470462421578644,0.0005200308679154896,0.04395336580831697,0.03953505937927928
Dew,8.6928594213781,0.9964724846573904,0.003527515342609644,0.7192802802802803,0.28071971971971965,1163.4521080197414,20.58362518472024,0.0264703242585902,0.0005208528526929538,0.04395307351182809,0.039519079291391396
Dew,8.706700972435309,0.9964541542342433,0.003545845765756672,0.7182812812812813,0.2817187187187187,1163.4382544318712,20.607871977732938,0.026470185653381502,0.0005216773466701881,0.04395278029654638,0.03950309920350351
Dew,8.72058475255721,0.9964357661181923,0.00356423388180771,0.7172822822822823,0.2827177177177177,1163.4243569740106,20.632191952525307,0.026470046603986632,0.000522504361285908,0.04395248615840322,0.03948711911561562
Dew,8.734510948740613,0.9964173200532741,0.0035826799467258974,0.7162832832832833,0.2837167167167167,1163.4104154515987,20.656585442688908,0.026469907108427105,0.0005233339080531232,0.04395219109330418,0.03947113902772773
Dew,8.748479749124574,0.9963988157819043,0.003601184218095743,0.7152842842842844,0.28471571571571563,1163.3964296688375,20.68105278391148,0.02646976716471173,0.0005241659985566244,0.04395189509712892,0.03945515893983985
Dew,8.762491343045383,0.9963802530448611,0.0036197469551388917,0.7142852852852853,0.28571471471471466,1163.3823994286827,20.705594314113647,0.026469626770836578,0.000525000644456594,0.04395159816573091,0.03943917885195195
Dew,8.776545921018744,0.9963616315812766,0.0036383684187234477,0.7132862862862863,0.2867137137137137,1163.368324532838,20.730210373395632,0.026469485924784937,0.0005258378574874067,0.04395130029493726,0.03942319876406407
Dew,8.790643674758826,0.9963429511286167,0.003657048871383295,0.7122872872872873,0.2877127127127127,1163.354204781733,20.754901304080054,0.02646934462452698,0.0005266776494588675,0.043951001480548466,0.03940721867617618
Dew,8.804784797200742,0.9963242114226746,0.003675788577325423,0.7112882882882883,0.2887117117117117,1163.3400399745287,20.779667450763558,0.026469202868019962,0.0005275200322576737,0.04395070171833825,0.03939123858828829
Dew,8.818969482481618,0.9963054121975531,0.0036945878024469136,0.7102892892892894,0.28971071071071064,1163.325829909096,20.804509160260533,0.026469060653207904,0.0005283650178461425,0.043950401004053286,0.039375258500400405
Dew,8.833197925978443,0.9962865531856513,0.0037134468143487087,0.7092902902902903,0.29070970970970966,1163.3115743820092,20.829426781694632,0.02646891797802157,0.0005292126182646898,0.043950099333413,0.039359278412512515
Dew,8.847470324283709,0.9962676341176523,0.00373236588234771,0.7082912912912913,0.2917087087087087,1163.29727318853,20.85442066642837,0.026468774840378205,0.000530062845630199,0.043949796702109384,0.039343298324624625
Dew,8.86178687527403,0.9962486547225066,0.003751345277493434,0.7072922922922923,0.2927077077077077,1163.2829261226086,20.87949116823437,0.026468631238181755,0.0005309157121405309,0.04394949310580669,0.039327318236736734
Dew,8.876147778040838,0.9962296147274207,0.003770385272579335,0.7062932932932934,0.2937067067067066,1163.2685329768592,20.904638643108072,0.02646848716932236,0.0005317712300699237,0.04394918854014129,0.03931133814884885
Dew,8.89055323297246,0.9962105138578412,0.0037894861421587933,0.7052942942942944,0.29470570570570565,1163.2540935425586,20.92986344947375,0.02646834263167653,0.0005326294117743919,0.04394888300072142,0.03929535806096097
Dew,8.905003441728871,0.99619135183744,0.003808648162559991,0.7042952952952953,0.29570470470470467,1163.2396076096313,20.955165948111663,0.02646819762310692,0.0005334902696900372,0.04394857648312687,0.03927937797307308
Dew,8.919498607250567,0.9961721283881012,0.003827871611898792,0.7032962962962963,0.2967037037037037,1163.2250749666396,20.980546502173713,0.026468052141462216,0.0005343538163336104,0.043948268982908906,0.03926339788518519
Dew,8.9340389337775,0.9961528432299055,0.0038471567700945064,0.7022972972972973,0.2977027027027027,1163.2104954007705,21.00600547722525,0.026467906184577027,0.0005352200643037409,0.04394796049558989,0.039247417797297304
Dew,8.948624626867645,0.9961334960811151,0.003866503918884878,0.7012982982982984,0.2987017017017016,1163.195868697827,21.031543241285675,0.026467759750271786,0.0005360890262821388,0.04394765101666312,0.039231437709409414
Dew,8.963255893379856,0.9961140866581588,0.003885913341841185,0.7002992992992993,0.29970070070070065,1163.1811946422126,21.057160164776597,0.026467612836352555,0.0005369607150324413,0.04394734054159258,0.039215457621521524
Dew,8.97793294152786,0.996094614675618,0.0039053853243820047,0.6993003003003003,0.3006996996996997,1163.166473016928,21.082856620654074,0.0264674654406111,0.0005378351434037538,0.04394702906581265,0.039199477533633634
Dew,8.992655980842715,0.9960750798462095,0.003924920153790534,0.6983013013013013,0.3016986986986987,1163.151703603547,21.108632984303824,0.026467317560824488,0.0005387123243281501,0.04394671658472796,0.03918349744574575
Dew,9.007425222221935,0.9960554818807711,0.0039445181192289125,0.6973023023023024,0.3026976976976976,1163.1368861822152,21.134489633660692,0.026467169194755193,0.000539592270823891,0.04394640309371301,0.03916751735785786
Dew,9.022240877921625,0.9960358204882463,0.003964179511753652,0.6963033033033034,0.30369669669669663,1163.1220205316338,21.16042694918054,0.02646702034015088,0.0005404749959948832,0.04394608858811204,0.03915153726996997
Dew,9.037103161570565,0.9960160953756677,0.003983904624332291,0.6953043043043043,0.30469569569569566,1163.1071064290472,21.18644531386892,0.026466870994744273,0.0005413605130315858,0.04394577306323873,0.03913555718208208
Bubble,9.04696710034009,0.996003003003003,0.00399699699699696,0.6946430098309215,0.30535699016907847,1163.0972067477653,21.203713102815595,0.026466771853759084,0.0005419482289296203,0.04394556363633634,0.03912497904955641
Dew,9.052012288186818,0.9959963062481418,0.004003693751858162,0.6943053053053053,0.3056946946946947,1163.0921436502351,21.2125451133161,0.02646672115625314,0.0005422488352120834,0.043945456514375904,0.0391195770941942
Dew,9.06696847417096,0.9959764528088324,0.004023547191167598,0.6933063063063063,0.3066936936936937,1163.07713196949,21.238726735671705,0.026466570822379902,0.0005431399759016158,0.043945138936775374,0.039103597006306307
Dew,9.081971937355819,0.9959565347589442,0.00404346524105581,0.6923073073073074,0.3076926926926926,1163.0620711596175,21.26499057176519,0.02646641999081184,0.0005440339485558391,0.04394482032565755,0.039087616918418416
Dew,9.097022896976277,0.9959365517977073,0.004063448202292652,0.6913083083083084,0.30869169169169164,1163.0469609919157,21.291337015019806,0.026466268659220735,0.0005449307667188075,0.04394450067621131,0.03907163683053054
Dew,9.112121573706306,0.9959165036223608,0.004083496377639162,0.6903093093093093,0.30969069069069066,1163.031801236168,21.317766461540078,0.026466116825262873,0.0005458304440253957,0.04394417998359365,0.03905565674264264
Dew,9.127268189645592,0.9958963899281337,0.004103610071866326,0.6893103103103103,0.3106896896896897,1163.0165916606197,21.34427931006922,0.026465964486578723,0.0005467329942003921,0.04394385824292942,0.03903967665475476
Dew,9.142462968370712,0.9958762104082305,0.004123789591769511,0.6883113113113114,0.3116886886886886,1163.0013320319765,21.37087596211276,0.026465811640792973,0.000547638431061852,0.0439435354493111,0.039023696566866876
Dew,9.157706134917968,0.9958559647538135,0.0041440352461864505,0.6873123123123124,0.3126876876876876,1162.9860221153904,21.39755682188607,0.02646565828551446,0.0005485467685199434,0.04394321159779848,0.039007716478978986
Dew,9.172997915807374,0.9958356526539852,0.004164347346014785,0.6863133133133134,0.31368668668668664,1162.9706616744384,21.424322296367748,0.026465504418335777,0.0005494580205785044,0.04394288668341841,0.038991736391091096
Dew,9.188338539040327,0.9958152737957711,0.004184726204228939,0.6853143143143143,0.31468568568568567,1162.9552504711185,21.451172795285217,0.0264653500368334,0.0005503722013348657,0.04394256070116453,0.038975756303203206
Dew,9.20372823411934,0.9957948278641019,0.004205172135898105,0.6843153153153153,0.3156846846846847,1162.9397882658259,21.478108731157093,0.026465195138567273,0.0005512893249811308,0.043942233645996955,0.038959776215315316
Dew,9.219167232082437,0.9957743145417961,0.004225685458203898,0.6833163163163164,0.3166836836836836,1162.9242748173529,21.505130519373033,0.026465039721081007,0.0005522094058064192,0.04394190551284203,0.03894379612742743
Dew,9.234655765481998,0.995753733509542,0.004246266490458006,0.6823173173173174,0.3176826826826826,1162.908709882863,21.53223857813075,0.02646488378190146,0.0005531324581954495,0.04394157629659199,0.03892781603953954
Dew,9.250194068409638,0.9957330844458789,0.004266915554121065,0.6813183183183184,0.31868168168168165,1162.8930932178823,21.559433328491284,0.026464727318538675,0.0005540584966301537,0.043941245992104735,0.03891183595165165
Dew,9.265782376526317,0.9957123670271807,0.004287632972819311,0.6803193193193193,0.3196806806806807,1162.8774245762884,21.586715194447606,0.026464570328485846,0.0005549875356916433,0.04394091459420349,0.03889585586376376
Dew,9.281420927057669,0.9956915809276342,0.004308419072365788,0.6793203203203203,0.3206796796796797,1162.86170371029,21.614084602903745,0.026464412809219,0.0005559195900598741,0.04394058209767653,0.03887987577587588
Dew,9.297109958793254,0.9956707258192234,0.0043292741807765545,0.6783213213213214,0.3216786786786786,1162.8459303704135,21.641541983664027,0.02646425475819689,0.0005568546745135736,0.04394024849727688,0.03886389568798799
Dew,9.312849712130625,0.9956498013717096,0.004350198628290447,0.6773223223223224,0.32267767767767763,1162.8301043054942,21.669087769537217,0.026464096172860954,0.0005577928039331249,0.043939913787722,0.0388479156001001
Dew,9.328640429075106,0.9956288072526117,0.004371192747388286,0.6763233233233233,0.32367667667667666,1162.8142252626574,21.696722396326873,0.026463937050635086,0.0005587339933005269,0.0439395779636935,0.038831935512212215
Dew,9.344482353253143,0.9956077431271876,0.004392256872812417,0.6753243243243243,0.3246756756756757,1162.7982929873037,21.724446302856453,0.02646377738892547,0.0005596782577002512,0.04393924101983681,0.03881595542432433
Dew,9.36037572992374,0.9955866086584153,0.004413391341584694,0.6743253253253254,0.3256746746746746,1162.7823072230951,21.752259930989453,0.02646361718512045,0.000560625612319971,0.043938902950760875,0.03879997533643644
Dew,9.376320805990465,0.9955654035069719,0.004434596493028131,0.6733263263263264,0.3266736736736736,1162.766267711938,21.780163725650947,0.026463456436590337,0.0005615760724513302,0.04393856375103788,0.03878399524854855
Dew,9.392317830036802,0.9955441273312142,0.004455872668785776,0.6723273273273274,0.32767267267267264,1162.7501741939743,21.808158134908723,0.02646329514068739,0.0005625296534922496,0.04393822341520284,0.03876801516066067
Dew,9.408367052295047,0.9955227797871598,0.004477220212840249,0.6713283283283283,0.32867167167167166,1162.7340264075551,21.836243609884313,0.026463133294745422,0.0005634863709448511,0.04393788193775339,0.03875203507277277
Dew,9.424468724726262,0.9955013605284649,0.00449863947153506,0.6703293293293293,0.3296706706706707,1162.7178240892388,21.864420604948062,0.026462970896079907,0.000564446240420707,0.04393753931314938,0.03873605498488489
Dew,9.44062310095647,0.9954798692064055,0.004520130793594479,0.6693303303303304,0.3306696696696696,1162.7015669737593,21.89268957754636,0.026462807941987507,0.000565409277636606,0.04393719553581259,0.038720074896997005
Dew,9.456830436360462,0.995458305469856,0.004541694530143969,0.6683313313313314,0.3316686686686686,1162.6852547940277,21.921050988406332,0.02646264442974626,0.0005663754984200575,0.04393685060012637,0.03870409480910911
Dew,9.473090988040468,0.9954366689652676,0.0045633310347323874,0.6673323323323324,0.33266766766766764,1162.6688872811033,21.94950530147158,0.02646248035661516,0.000567344918707859,0.04393650450043532,0.038688114721221224
Dew,9.489405014842202,0.9954149593366487,0.004585040663351303,0.6663333333333333,0.33366666666666667,1162.6524641641813,21.978052983933335,0.02646231571983404,0.0005683175545471291,0.043936157231044964,0.038672134633333334
Dew,9.505772777387158,0.9953931762255427,0.004606823774457314,0.6653343343343344,0.3346656656656656,1162.6359851705788,22.006694506303134,0.02646215051662347,0.0005692934220974138,0.04393580878622141,0.038656154545445444
Dew,9.522194538068758,0.995371319271006,0.004628680728994028,0.6643353353353354,0.3356646646646646,1162.6194500257166,22.03543034239299,0.02646198474418456,0.0005702725376304071,0.04393545916019095,0.03864017445755756
Dew,9.538670561076444,0.9953493881095867,0.00465061189041327,0.6633363363363364,0.3366636636636636,1162.6028584530998,22.06426096936679,0.02646181839969872,0.0005712549175315133,0.04393510834713976,0.03862419436966967
Dew,9.55520111241046,0.9953273823753033,0.004672617624696729,0.6623373373373374,0.33766266266266265,1162.5862101743062,22.09318686776799,0.026461651480327582,0.0005722405783007994,0.04393475634121359,0.03860821428178179
Dew,9.571786459903079,0.9953053016996213,0.004694698300378719,0.6613383383383383,0.3386616616616617,1162.5695049089668,22.122208521563433,0.026461483983212793,0.000573229536554368,0.04393440313651731,0.0385922341938939
Dew,9.588426873225238,0.9952831457114304,0.004716854288569605,0.6603393393393394,0.3396606606606606,1162.5527423747453,22.151326418150003,0.026461315905475766,0.0005742218090247704,0.043934048727114615,0.038576254106006014
Dew,9.60512262390364,0.9952609140370252,0.004739085962974787,0.6593403403403404,0.3406596596596596,1162.5359222873315,22.180541048387802,0.026461147244217702,0.0005752174125621084,0.04393369310702767,0.038560274018118124
Dew,9.6218739853391,0.9952386063000751,0.0047613936999248985,0.6583413413413414,0.34165865865865863,1162.5190443604022,22.209852906636492,0.026460977996519013,0.00057621636413522,0.04393333627023663,0.03854429393023023
Dew,9.63868123283628,0.9952162221216102,0.004783777878389794,0.6573423423423423,0.34265765765765765,1162.5021083056342,22.239262490820312,0.0264608081594397,0.0005772186808336139,0.043932978210679485,0.03852831384234234
Dew,9.655544643584388,0.9951937611199897,0.004806238880010305,0.6563433433433433,0.3436566566566567,1162.4851138326553,22.26877030236846,0.02646063773001858,0.0005782243798661716,0.04393261892225147,0.03851233375445446
Dew,9.672464496714777,0.9951712229108842,0.004828777089115777,0.6553443443443444,0.3446556556556556,1162.4680606490483,22.298376846350802,0.026460466705273543,0.0005792334785649209,0.0439322583988048,0.03849635366656657
Dew,9.689441073299088,0.9951486071072476,0.004851392892752382,0.6543453453453454,0.3456546546546546,1162.4509484603243,22.328082631462355,0.0264602950822012,0.0005802459943848872,0.043931896634148246,0.03848037357867868
Dew,9.706474656341925,0.9951259133192962,0.004874086680703771,0.6533463463463464,0.34665365365365364,1162.4337769699007,22.357888169993835,0.026460122857776578,0.0005812619449035846,0.04393153362204679,0.03846439349079079
Dew,9.723565530863226,0.995103141154481,0.004896858845519048,0.6523473473473473,0.34765265265265266,1162.4165458790903,22.387793978029823,0.02645995002895314,0.0005822813478264233,0.04393116935622119,0.038448413402902906
Dew,9.740713983842314,0.9950802902174654,0.0049197097825346425,0.6513483483483484,0.3486516516516516,1162.3992548870763,22.417800575295676,0.026459776592662427,0.0005833042209829934,0.0439308038303476,0.038432433315015016
Dew,9.757920304280454,0.995057360110099,0.004942639889900957,0.6503493493493494,0.3496506506506506,1162.3819036908963,22.447908485305152,0.02645960254581394,0.0005843305823311649,0.04393043703805716,0.038416453227127126
Dew,9.77518478320844,0.995034350431394,0.004965649568606012,0.6493503503503504,0.3506496496496496,1162.3644919854228,22.478118235368353,0.02645942788529494,0.0005853604499575619,0.043930068972935624,0.038400473139239236
Dew,9.792507713703758,0.9950112607774964,0.004988739222503646,0.6483513513513514,0.35164864864864864,1162.3470194633408,22.50843035662393,0.026459252607970163,0.0005863938420786699,0.04392969962852291,0.03838449305135136
Bubble,9.797951752964984,0.995004004004004,0.004995995995995983,0.6480380945681683,0.3519619054318317,1162.3415276579028,22.517956495364604,0.026459197510397426,0.0005867186117529299,0.04392958354844845,0.038379482164521875
Dew,9.809889390888284,0.9949880907416636,0.005011909258336389,0.6473523523523523,0.35264764764764767,1162.3294858151312,22.53884538402179,0.026459076710681716,0.000587430777040655,0.04392932899831273,0.03836851296346347
Dew,9.827330111996162,0.9949648399142379,0.005035160085762103,0.6463533533533534,0.3536466466466466,1162.3118907290525,22.569363856483555,0.02645890019024886,0.000588471273323818,0.043928957075752145,0.03835253287557558
Dew,9.844830176341144,0.994941507882616,0.005058492117383961,0.6453543543543544,0.3546456456456456,1162.294233891113,22.59998631680819,0.026458723043467712,0.0005895153495404125,0.043928583854241116,0.038336552787687696
Dew,9.862389885358978,0.9949180942312296,0.005081905768770434,0.6443553553553554,0.3556446446446446,1162.2765149850595,22.63071331176757,0.02645854526711112,0.000590563024437414,0.04392820932713217,0.0383205726997998
Dew,9.880009542627702,0.9948945985415106,0.005105401458489367,0.6433563563563564,0.35664364364364365,1162.2587336923486,22.661545392146067,0.026458366857928396,0.0005916143168978336,0.043927833487729856,0.038304592611911915
Dew,9.897689453879087,0.9948710203918708,0.005128979608129192,0.6423573573573574,0.35764264264264256,1162.240889692136,22.692483112757465,0.026458187812645206,0.0005926692459414444,0.04392745632929041,0.03828861252402403
Dew,9.915429927029688,0.994847359357669,0.005152640642331008,0.6413583583583584,0.3586416416416416,1162.2229826612427,22.723527032511488,0.026458008127963183,0.0005937278307268057,0.04392707784502121,0.038272632436136135
Dew,9.933231272175739,0.9948236150111867,0.005176384988813343,0.6403593593593594,0.3596406406406406,1162.2050122741443,22.75467771438881,0.026457827800559847,0.0005947900905508981,0.04392669802808045,0.03825665234824825
Dew,9.951093801638594,0.9947997869215989,0.005200213078401128,0.6393603603603604,0.36063963963963963,1162.1869782029446,22.78593572554356,0.026457646827088323,0.0005958560448520952,0.04392631687157659,0.03824067226036036
Dew,9.969017829979476,0.994775874654944,0.005224125345056008,0.6383613613613613,0.36163863863863865,1162.1688801173518,22.817301637328235,0.026457465204177053,0.0005969257132111093,0.04392593436856796,0.03822469217247247
Dew,9.98700367400485,0.9947518777740979,0.0052481222259020965,0.6373623623623624,0.36263763763763757,1162.150717684664,22.84877602529485,0.02645728292842977,0.0005979991153513193,0.04392555051206225,0.03820871208458459
Dew,10.005051652803177,0.994727795838743,0.005272204161256955,0.6363633633633634,0.3636366366366366,1162.1324905697377,22.8803594692751,0.02645709999642498,0.0005990762711411698,0.043925165295016125,0.0381927319966967
Dew,10.023162087766107,0.9947036284053407,0.005296371594659344,0.6353643643643644,0.3646356356356356,1162.1141984349774,22.912052553421162,0.02645691640471609,0.0006001572005955408,0.04392477871033467,0.03817675190880881
Dew,10.04133530257783,0.9946793750270972,0.005320624972902754,0.6343653653653654,0.36563463463463464,1162.0958409402938,22.943855866166153,0.026456732149830704,0.0006012419238750202,0.04392439075087095,0.03816077182092092
Dew,10.059571623297757,0.9946550352539397,0.005344964746060277,0.6333663663663665,0.36663363363363355,1162.0774177431035,22.975770000419466,0.02645654722827087,0.000602330461291329,0.04392400140942555,0.03814479173303304
Dew,10.07787137830931,0.9946306086324816,0.00536939136751835,0.6323673673673674,0.36763263263263257,1162.0589284982873,23.007795553424973,0.02645636163651249,0.0006034228333039196,0.04392361067874605,0.03812881164514515
Dew,10.09623489839914,0.9946060947059943,0.005393905294005741,0.6313683683683684,0.3686316316316316,1162.0403728581778,23.0399331269473,0.02645617537100525,0.0006045190605251723,0.043923218551526554,0.03811283155725726
Dew,10.114662516754688,0.9945814930143733,0.0054185069856267365,0.6303693693693694,0.3696306306306306,1162.021750472532,23.072183327252446,0.02645598842817234,0.0006056191637202078,0.043922825020407216,0.03809685146936937
Dew,10.133154568984066,0.9945568030941091,0.005443196905890901,0.6293703703703704,0.37062962962962964,1162.0030609885043,23.10454676514459,0.026455800804410137,0.0006067231638081738,0.04392243007797369,0.03808087138148149
Dew,10.151711393133292,0.9945320244782562,0.005467975521743829,0.6283713713713714,0.37162862862862855,1161.984304050627,23.137024055995983,0.02645561249608804,0.0006078310818633546,0.04392203371675664,0.0380648912935936
Dew,10.170333329740359,0.9945071566963977,0.005492843303602335,0.6273723723723724,0.3726276276276276,1161.9654793007837,23.169615819869243,0.026455423499548176,0.0006089429391187098,0.04392163592923125,0.03804891120570571
Dew,10.189020721806354,0.9944821992746157,0.005517800725384325,0.6263733733733734,0.3736266266266266,1161.9465863781818,23.20232268143124,0.026455233811105087,0.000610058756963944,0.04392123670781668,0.03803293111781782
Dew,10.20777391487756,0.9944571517354585,0.0055428482645415444,0.6253743743743744,0.3746256256256256,1161.9276249193365,23.235145270145427,0.026455043427045678,0.0006111785569508953,0.04392083604487557,0.03801695102992993
Dew,10.226593257018719,0.9944320135979047,0.005567986402095326,0.6243753753753755,0.37562462462462454,1161.9085945580318,23.268084220190875,0.02645485234362865,0.0006123023607917458,0.04392043393271345,0.038000970942042044
Dew,10.245479098854533,0.9944067843773324,0.005593215622667569,0.6233763763763764,0.37662362362362356,1161.8894949253038,23.301140170552436,0.02645466055708442,0.000613430190361732,0.04392003036357825,0.03798499085415416
Dew,10.264431793613753,0.9943814635854846,0.005618536414515374,0.6223773773773774,0.3776226226226226,1161.870325649417,23.334313765117106,0.02645446806361491,0.0006145620677020266,0.043919625329659776,0.03796901076626626
Dew,10.28345169712132,0.994356050730434,0.005643949269566018,0.6213783783783784,0.3786216216216216,1161.8510863558295,23.367605652640147,0.026454274859393088,0.0006156980150191941,0.04391921882308909,0.03795303067837838
Dew,10.30253916783279,0.9943305453165485,0.00566945468345148,0.6203793793793794,0.37962062062062063,1161.8317766671707,23.401016486816964,0.026454080940562782,0.000616838054687435,0.043918810835938044,0.03793705059049049
Dew,10.321694566876882,0.9943049468444572,0.005695053155542751,0.6193803803803805,0.38061961961961954,1161.8123962032187,23.43454692637514,0.026453886303238507,0.0006179822092513654,0.04391840136021862,0.03792107050260261
Dew,10.340918258042628,0.9942792548110141,0.0057207451889859096,0.6183813813813814,0.38161861861861857,1161.7929445808618,23.4681976350278,0.0264536909435049,0.0006191305014251454,0.043917990387882466,0.03790509041471472
Dew,10.360210607851606,0.9942534687092616,0.0057465312907384325,0.6173823823823824,0.3826176176176176,1161.7734214140862,23.501969281639404,0.02645349485741684,0.000620282954097214,0.043917577910820224,0.03788911032682683
Dew,10.379571985545192,0.994227588028394,0.005772411971606051,0.6163833833833834,0.3836166166166166,1161.7538263139322,23.53586254017918,0.02645329804099873,0.0006214395903294252,0.043917163920860994,0.03787313023893894
Dew,10.399002763123155,0.9942016122537239,0.005798387746276057,0.6153843843843844,0.38461561561561564,1161.7341588884808,23.569878089802547,0.026453100490244547,0.0006226004333595661,0.0439167484097718,0.03785715015105105
Dew,10.418503315380885,0.9941755408666396,0.005824459133360382,0.6143853853853855,0.38561461461461455,1161.714418742813,23.60401661492904,0.026452902201117335,0.0006237655066037872,0.04391633136925686,0.03784117006316317
Dew,10.438074019913635,0.994149373344573,0.005850626655427016,0.6133863863863864,0.38661361361361357,1161.6946054789883,23.63827880523763,0.026452703169548987,0.0006249348336568558,0.04391591279095712,0.03782518997527528
Dew,10.457715257160643,0.9941231091609585,0.005876890839041526,0.6123873873873874,0.3876126126126126,1161.6747186960158,23.672665355761573,0.026452503391439973,0.0006261084382950419,0.04391549266644962,0.03780920988738739
Dew,10.477427410420317,0.9940967477851944,0.005903252214805588,0.6113883883883884,0.3886116116116116,1161.6547579898179,23.707176966910737,0.026452302862658945,0.0006272863444770919,0.04391507098724675,0.0377932297994995
Dew,10.497210865894468,0.9940702886826049,0.005929711317395059,0.6103893893893895,0.38961061061061053,1161.6347229532096,23.7418143445663,0.026452101579042517,0.0006284685763471227,0.04391464774479582,0.037777249711611616
Dew,10.517066012694595,0.9940437313144008,0.005956268685599175,0.6093903903903904,0.39060960960960955,1161.6146131758605,23.7765782000806,0.02645189953639489,0.0006296551582350089,0.04391422293047829,0.037761269623723726
Dew,10.536993242880508,0.9940170751376393,0.005982924862360739,0.6083913913913914,0.3916086086086086,1161.5944282442695,23.81146925035758,0.026451696730487553,0.0006308461146589081,0.043913796535609194,0.037745289535835835
Bubble,10.54601585808192,0.9940050050050051,0.0059949949949948955,0.6079402557596334,0.3920597442403666,1161.5852879287193,23.827267481221607,0.0264516048875824,0.0006313853757768583,0.043913603460560564,0.037738073125156674
Dew,10.556992951489509,0.9939903196051839,0.006009680394816086,0.6073923923923924,0.3926076076076076,1161.5741677417316,23.846488217909293,0.02645149315705899,0.0006320414703271564,0.04391336855143648,0.037729309447947945
Dew,10.577065536557406,0.9939634641656634,0.006036535834336609,0.6063933933933934,0.3936066066066066,1161.553831248305,23.881635830892172,0.026451288811814258,0.0006332412501396335,0.04391293896914037,0.037713329360060055
Dew,10.59721139916499,0.9939365082634307,0.006063491736569282,0.6053943943943945,0.39460560560560554,1161.5334183407863,23.916912823206196,0.026451083690424853,0.000634445479190799,0.04391250777983267,0.03769734927217218
Dew,10.617430943442816,0.9939094513385223,0.006090548661477735,0.6043953953953954,0.39560460460460456,1161.5129285926714,23.95231993449041,0.026450877788528185,0.0006356541827699873,0.04391207497455614,0.03768136918428429
Dew,10.637724576608596,0.9938822928266132,0.006117707173386777,0.6033963963963964,0.3966036036036036,1161.4923615741213,23.98785791019931,0.026450671101727236,0.0006368673863638469,0.04391164054428379,0.0376653890963964
Dew,10.65809270901432,0.9938550321589776,0.006144967841022364,0.6023973973973974,0.3976026026026026,1161.4717168519435,24.023527501703107,0.026450463625590497,0.0006380851156594238,0.043911204479918226,0.037649409008508515
Dew,10.678535754161782,0.9938276687624429,0.006172331237557116,0.6013983983983985,0.3986016016016015,1161.4509939895408,24.059329466309386,0.026450255355651247,0.0006393073965451621,0.04391076677229092,0.037633428920620625
Dew,10.699054128711701,0.9938002020593482,0.006199797940651841,0.6003993993993995,0.39960060060060054,1161.4301925468883,24.09526456726877,0.026450046287407436,0.0006405342551114826,0.04391032741216154,0.037617448832732735
Dew,10.719648252563537,0.993772631467498,0.006227368532502053,0.5994004004004004,0.40059959959959957,1161.4093120804976,24.13133357395578,0.026449836416321263,0.0006417657176560204,0.04390988639021724,0.03760146874484485
Dew,10.740318548847682,0.9937449564001195,0.006255043599880494,0.5984014014014014,0.4015985985985986,1161.3883521433843,24.16753726183202,0.0264496257378189,0.0006430018106830889,0.043909443697071955,0.037585488656956954
Dew,10.761065443968608,0.9937171762658155,0.006282823734184539,0.5974024024024024,0.4025975975975976,1161.3673122850275,24.203876412535767,0.02644941424728998,0.0006442425609065003,0.04390899932326561,0.03756950856906907
Dew,10.781889367643558,0.9936892904685193,0.006310709531480718,0.5964034034034035,0.4035965965965965,1161.3461920513419,24.240351813960146,0.026449201940087385,0.0006454879952520963,0.04390855325926348,0.03755352848118119
Dew,10.802790752919007,0.9936612984074494,0.006338701592550566,0.5954044044044045,0.40459559559559555,1161.3249909846363,24.276964260276067,0.026448988811526748,0.0006467381408588087,0.04390810549545541,0.03753754839329329
Dew,10.82377003622552,0.9936331994770603,0.006366800522939697,0.5944054054054054,0.40559459459459457,1161.3037086235804,24.31371455205015,0.026448774856886178,0.0006479930250822561,0.04390765602215501,0.03752156830540541
Dew,10.844827657368231,0.9936049930669965,0.006395006933003544,0.5934064064064064,0.4065935935935936,1161.2823445031663,24.350603496203007,0.026448560071405766,0.0006492526754940937,0.04390720482959899,0.03750558821751752
Dew,10.865964059641971,0.9935766785620448,0.0064233214379552095,0.5924074074074074,0.4075925925925926,1161.2608981546805,24.387631906275693,0.02644834445028746,0.0006505171198895812,0.04390675190794632,0.03748960812962963
Dew,10.887179689769479,0.9935482553420842,0.006451744657915759,0.5914084084084085,0.40859159159159153,1161.2393691056532,24.42480060225853,0.026448127988694326,0.0006517863862834904,0.043906297247277515,0.03747362804174175
Dew,10.908474997985262,0.9935197227820388,0.006480277217961183,0.5904094094094094,0.40959059059059055,1161.2177568798259,24.462110410779744,0.026447910681750324,0.0006530605029156119,0.043905840837593774,0.03745764795385386
Dew,10.929850438084234,0.9934910802518238,0.006508919748176245,0.5894104104104104,0.4105895895895896,1161.196060997117,24.499562165206818,0.026447692524539972,0.0006543394982539394,0.0439053826688162,0.03744166786596597
Dew,10.95130646741757,0.9934623271163019,0.006537672883698109,0.5884114114114114,0.4115885885885886,1161.1742809735824,24.537156705617363,0.0264474735121079,0.0006556234009943803,0.04390492273078508,0.03742568777807808
Dew,10.97284354695823,0.9934334627352246,0.006566537264775407,0.5874124124124125,0.4125875875875875,1161.1524163213694,24.57489487894163,0.026447253639458344,0.0006569122400650516,0.043904461013258934,0.0374097076901902
Dew,10.994462141318042,0.9934044864631861,0.006595513536813868,0.5864134134134135,0.41358658658658654,1161.1304665486853,24.61277753898541,0.02644703290155489,0.0006582060446273886,0.04390399750591377,0.03739372760230231
Dew,11.0161627188008,0.9933753976495692,0.0066246023504308305,0.5854144144144144,0.41458558558558556,1161.1084311597538,24.650805546541516,0.026446811293319935,0.0006595048440796262,0.043903532198342275,0.03737774751441442
Dew,11.037945751415103,0.993346195638491,0.006653804361508975,0.5844154154154154,0.4155845845845846,1161.0863096547714,24.688979769401822,0.026446588809634273,0.0006608086680576268,0.04390306508005287,0.037361767426526526
Dew,11.059811714955563,0.993316879768752,0.006683120231247952,0.5834164164164164,0.4165835835835836,1161.064101529877,24.727301082537394,0.026446365445336857,0.0006621175464402132,0.04390259614046894,0.037345787338638636
Dew,11.081761088972362,0.9932874493737796,0.006712550626220448,0.5824174174174175,0.4175825825825825,1161.0418062770939,24.765770368003697,0.026446141195224017,0.0006634315093471485,0.043902125368927916,0.03732980725075075
Dew,11.103794356883324,0.9932579037815736,0.006742096218426363,0.5814184184184185,0.41858158158158154,1161.019423384303,24.804388515196123,0.02644591605404935,0.0006647505871465003,0.04390165275468043,0.03731382716286286
Dew,11.12591200595089,0.9932282423146517,0.006771757685348323,0.5804194194194194,0.41958058058058056,1160.9969523351883,24.84315642077315,0.026445690016523016,0.0006660748104531129,0.04390117828688941,0.03729784707497497
Dew,11.148114527358983,0.9931984642899925,0.0068015357100075224,0.5794204204204204,0.4205795795795796,1160.9743926092042,24.882074988824726,0.026445463077311552,0.0006674042101336518,0.04390070195462915,0.03728186698708708
Dew,11.17040241625595,0.9931685690189783,0.00683143098102168,0.5784214214214215,0.4215785785785785,1160.951743681527,24.921145130957093,0.026445235231037232,0.0006687388173094203,0.04390022374688449,0.0372658868991992
Dew,11.192776171758261,0.9931385558073379,0.006861444192662103,0.5774224224224225,0.4225775775775775,1160.9290050230063,24.96036776628098,0.02644500647227761,0.0006700786633565888,0.04389974365254976,0.03724990681131132
Dew,11.21523629701471,0.9931084239550876,0.0068915760449124175,0.5764234234234235,0.42357657657657655,1160.9061761001274,24.999743821548233,0.026444776795565124,0.0006714237799104113,0.04389926166042797,0.037233926723423426
Dew,11.237783299250905,0.9930781727564726,0.006921827243527412,0.5754244244244244,0.42457557557557557,1160.883256374961,25.039274231239702,0.026444546195386567,0.0006727741988681424,0.04389877775922981,0.03721794663553554
Dew,11.260417689818363,0.9930478014999073,0.0069521985000926545,0.5744254254254254,0.4255745745745746,1160.8602453051246,25.078959937664138,0.02644431466618274,0.0006741299523922593,0.04389829193757267,0.03720196654764765
Dew,11.283139984196618,0.9930173094679141,0.006982690532085889,0.5734264264264265,0.4265735735735735,1160.8371423437236,25.11880189094179,0.026444082202347736,0.0006754910729105899,0.0438978041839797,0.03718598645975976
Bubble,11.291562645337677,0.9930060060060061,0.006993993993993919,0.5730571019106963,0.42694289808930375,1160.8285776714854,25.133570977076722,0.026443996018110837,0.0006759956366567385,0.043897623372672674,0.03718007870787369
Dew,11.305950702079135,0.9929866959370619,0.007013304062938097,0.5724274274274275,0.42757257257257253,1160.8139469393152,25.15880104919309,0.026443848798228628,0.0006768575931219593,0.04389731448687884,0.03717000637187188
Dew,11.328850367398822,0.992955960177905,0.007044039822095005,0.5714284284284284,0.42857157157157155,1160.7906585358578,25.19895837857907,0.02644361444812497,0.0006782295459978615,0.043896822834601786,0.03715402628398398
Dew,11.351839508364884,0.9929251014549195,0.007074898545080477,0.5704294294294294,0.4295705705705706,1160.7672765726593,25.239274853369405,0.02644337914628815,0.0006796069647848767,0.04389632921538304,0.0371380461960961
Dew,11.37491865751866,0.9928941190264389,0.0071058809735611295,0.5694304304304305,0.4305695695695695,1160.7438004843316,25.27975145605653,0.026443142886921043,0.0006809898830083389,0.043895833617358826,0.03712206610820821
Dew,11.398088351783887,0.9928630121445913,0.007136987855408727,0.5684314314314315,0.4315685685685685,1160.720229700743,25.32038917745602,0.02644290566417745,0.0006823783344756402,0.0438953360285661,0.037106086020320325
Dew,11.421349132475191,0.9928317800552302,0.007168219944769794,0.5674324324324325,0.43256756756756753,1160.696563646957,25.361189016704422,0.026442667472161393,0.000683772353276781,0.043894836436941476,0.037090105932432435
Dew,11.44470154541249,0.992800421997875,0.007199578002125007,0.5664334334334334,0.43356656656656656,1160.6728017432015,25.402151981515843,0.026442428304926983,0.000685171973791899,0.04389433483032021,0.037074125844544545
Dew,11.468146140873078,0.9927689372056393,0.007231062794360699,0.5654344344344344,0.4345655655655656,1160.6489434047983,25.443279088041507,0.02644218815647747,0.0006865772306881058,0.04389383119643513,0.037058145756656655
Dew,11.491683473726797,0.9927373249051583,0.007262675094841686,0.5644354354354355,0.4355645645645645,1160.6249880421146,25.48457136117649,0.02644194702076485,0.0006879881589283859,0.0438933255229154,0.03704216566876877
Dew,11.515314103454175,0.9927055843165344,0.0072944156834655605,0.5634364364364365,0.4365635635635635,1160.6009350605275,25.52602983458008,0.02644170489168954,0.0006894047937727858,0.04389281779728572,0.03702618558088088
Dew,11.539038594158713,0.9926737146532525,0.0073262853467475075,0.5624374374374375,0.43756256256256254,1160.5767838603454,25.56765555068187,0.026441461763099434,0.0006908271707792192,0.0438923080069649,0.037010205492993
Dew,11.562857514662973,0.9926417151221167,0.007358284877883259,0.5614384384384384,0.43856156156156156,1160.5525338367686,25.60944956089198,0.026441217628789565,0.0006922553258097936,0.043891796139264895,0.03699422540510511
Dew,11.586771438535063,0.9926095849231794,0.007390415076820589,0.5604394394394395,0.4395605605605605,1160.528184379833,25.65141292564114,0.026440972482501508,0.0006936892950325508,0.04389128218138967,0.036978245317217225
Dew,11.610780944145912,0.9925773232496647,0.007422676750335255,0.5594404404404405,0.4405595595595595,1160.5037348743513,25.693546714495636,0.026440726317922766,0.0006951291149252389,0.043890766120433966,0.036962265229329334
Dew,11.634886614714572,0.9925449292879006,0.0074550707120993875,0.5584414414414415,0.4415585585585585,1160.4791846998592,25.735852006242816,0.026440479128686203,0.0006965748222782958,0.043890247943382185,0.036946285141441444
Dew,11.659089038366908,0.99251240221724,0.0074875977827599804,0.5574424424424425,0.44255755755755755,1160.4545332305615,25.77832988900884,0.026440230908369517,0.0006980264541987141,0.0438897276371072,0.036930305053553554
Dew,11.683388808179608,0.9924797412099883,0.007520258790011725,0.5564434434434434,0.44355655655655657,1160.429779835265,25.820981460340427,0.026439981650494455,0.0006994840481129411,0.0438892051883691,0.036914324965665664
Dew,11.707786522227636,0.9924469454313254,0.007553054568674611,0.5554444444444445,0.4445555555555555,1160.4049238773273,25.86380782729478,0.026439731348526344,0.0007009476417700077,0.04388868058381403,0.03689834487777778
Dew,11.732282783672243,0.9924140140392282,0.007585985960771757,0.5544454454454455,0.4455545545545545,1160.3799647145966,25.906810106627688,0.02643947999587347,0.0007024172732473272,0.0438881538099729,0.03688236478988989
Dew,11.756878200754288,0.9923809461843978,0.007619053815602239,0.5534464464464465,0.44655355355355353,1160.354901699353,25.949989424751227,0.026439227585886422,0.0007038929809502593,0.04388762485326025,0.03686638470200201
Dew,11.781573386906626,0.9923477410101715,0.007652258989828464,0.5524474474474474,0.44755255255255255,1160.3297341782431,25.993346917980542,0.026438974111857444,0.0007053748036195186,0.04388709369997281,0.03685040461411411
Dew,11.806368960783276,0.9923143976524472,0.007685602347552778,0.5514484484484484,0.4485515515515516,1160.3044614922187,26.03688373257807,0.02643871956701975,0.0007068627803331019,0.043886560336288315,0.03683442452622623
Dew,11.831265546300491,0.9922809152396045,0.0077190847603955115,0.5504494494494495,0.4495505505505505,1160.2790829764808,26.0806010248264,0.026438463944546988,0.0007083569505089999,0.04388602474826424,0.036818444438338344
Dew,11.856263772737417,0.9922472928924178,0.007752707107582246,0.5494504504504505,0.4505495495495495,1160.253597960411,26.124499961245455,0.026438207237552507,0.0007098573539118366,0.04388548692183641,0.036802464350450446
Dew,11.88136427475139,0.9922135297239748,0.0077864702760251925,0.5484514514514515,0.45154854854854853,1160.2280057675093,26.168581718602255,0.026437949439088705,0.0007113640306538859,0.04388494684281768,0.03678648426256257
Dew,11.90656769245104,0.9921796248395914,0.007820375160408566,0.5474524524524524,0.45254754754754756,1160.2023057153247,26.2128474840605,0.02643769054214628,0.000712877021199898,0.04388440449689659,0.03677050417467468
Dew,11.93187467146561,0.9921455773367268,0.007854422663273186,0.5464534534534535,0.45354654654654647,1160.1764971153987,26.257298455320726,0.026437430539653698,0.000714396366371676,0.04388385986963602,0.03675452408678679
Dew,11.957285862986623,0.9921113863048954,0.00788861369510463,0.5454544544544545,0.4545455455455455,1160.150579273186,26.301935840693076,0.02643716942447626,0.000715922107350835,0.04388331294647174,0.03673854399889891
Dew,11.982801923841176,0.9920770508255798,0.007922949174420157,0.5444554554554555,0.4555445445445445,1160.124551488001,26.346760859246373,0.02643690718941569,0.000717454285683644,0.04388276371271106,0.036722563911011016
Dew,12.008423516552163,0.9920425699721395,0.007957430027860535,0.5434564564564565,0.45654354354354354,1160.0984130529353,26.39177474092516,0.026436643827209113,0.000718992943285008,0.043882212153531344,0.036706583823123126
Dew,12.034151309404411,0.9920079428097229,0.007992057190277069,0.5424574574574574,0.45754254254254256,1160.0721632548011,26.43697872668075,0.026436379330528628,0.0007205381224428427,0.04388165825397861,0.036690603735235236
Bubble,12.034846563406756,0.9920070070070071,0.007992992992992942,0.5424305181058506,0.45756948189414937,1160.0714536297407,26.43820033914146,0.026436372177337665,0.0007205798804918877,0.04388164328478479,0.036690172810673
Dew,12.059985976479048,0.9919731683951772,0.00802683160482276,0.5414584584584585,0.4585415415415415,1160.045801374052,26.482374068525086,0.026436113691980307,0.0007220898658203555,0.043881101998966096,0.03667462364734735
Dew,12.08592819775735,0.9919382457769496,0.008061754223050444,0.5404594594594595,0.4595405405405405,1160.0193266847143,26.52796202975223,0.02643584690410361,0.0007236482164629059,0.043880543373272664,0.03665864355945946
Dew,12.111978659173223,0.9919031739949956,0.008096826005004387,0.5394604604604605,0.4605395395395395,1159.9927384543141,26.573743885035395,0.026435578959370567,0.0007252132178014862,0.04387998236154135,0.03664266347157157
Dew,12.138138052658306,0.9918679520806889,0.008132047919311103,0.5384614614614615,0.46153853853853855,1159.9660359438078,26.61972092050564,0.026435309850185055,0.0007267849136557118,0.04387941894827791,0.03662668338368368
Dew,12.164407076225533,0.9918325790567171,0.008167420943282933,0.5374624624624625,0.46253753753753746,1159.939218407501,26.6658944339234,0.026435039568881935,0.0007283633482393546,0.043878853117849156,0.0366107032957958
Dew,12.190786434042085,0.9917970539369866,0.008202946063013417,0.5364634634634635,0.4635365365365365,1159.9122850929766,26.712265734823635,0.026434768107726325,0.0007299485661651697,0.04387828485448143,0.03659472320790791
Dew,12.217276836484475,0.9917613757265249,0.008238624273475104,0.5354644644644645,0.4645355355355355,1159.885235241024,26.75883614461786,0.026434495458912865,0.0007315406124485563,0.043877714142259064,0.03657874312002002
Dew,12.24387900021817,0.9917255434213769,0.008274456578623135,0.5344654654654655,0.4655345345345345,1159.8580680855523,26.80560699675469,0.026434221614564792,0.0007331395325128287,0.043877140965122685,0.036562763032132135
Dew,12.27059364825633,0.9916895560085047,0.008310443991495275,0.5334664664664664,0.46653353353353355,1159.8307828535171,26.85257963682989,0.026433946566733153,0.0007347453721931196,0.04387656530686765,0.036546782944244245
Dew,12.297421510043074,0.9916534124656836,0.008346587534316385,0.5324674674674675,0.46753253253253246,1159.8033787648383,26.899755422754993,0.02643367030739598,0.0007363581777418952,0.04387598715114232,0.03653080285635636
Dew,12.324363321512697,0.9916171117613961,0.008382888238603892,0.5314684684684685,0.4685315315315315,1159.775855032323,26.94713572486768,0.02643339282845746,0.0007379779958328938,0.04387540648144647,0.03651482276846847
Dew,12.351419825185472,0.991580652854727,0.008419347145273037,0.5304694694694695,0.4695305305305305,1159.7482108615839,26.99472192612983,0.026433114121747127,0.0007396048735674713,0.0438748232811295,0.03649884268058058
Dew,12.378591770202691,0.9915440346952535,0.00845596530474646,0.5294704704704705,0.47052952952952953,1159.7204454509463,27.042515422178973,0.02643283417901877,0.0007412388584769504,0.043874237533388746,0.0364828625926927
Dew,12.405879912445009,0.9915072562229389,0.008492743777061107,0.5284714714714714,0.47152852852852856,1159.692557991381,27.090517621579654,0.02643255299194989,0.0007428799985304545,0.043873649221267755,0.03646688250480481
Dew,12.43328501457736,0.9914703163680186,0.008529683631981366,0.5274724724724725,0.47252752752752747,1159.664547666406,27.138729945897943,0.026432270552140553,0.0007445283421379114,0.043873058327654466,0.03645090241691692
Dew,12.460807846134509,0.9914332140508869,0.008566785949113087,0.5264734734734735,0.4735265265265265,1159.6364136520003,27.187153829873154,0.026431986851112494,0.0007461839381557334,0.043872464835279394,0.036434922329029035
Dew,12.488449183630415,0.9913959481819876,0.008604051818012382,0.5254744744744745,0.4745255255255255,1159.6081551165294,27.23579072164624,0.026431701880308456,0.0007478468358940686,0.04387186872671389,0.03641894224114114
Dew,12.516209810561985,0.991358517661693,0.008641482338306972,0.5244754754754755,0.47552452452452454,1159.5797712206372,27.284642082734408,0.026431415631090867,0.0007495170851170977,0.0438712699843682,0.036402962153253254
Dew,12.544090517571993,0.9913209213801907,0.008679078619809322,0.5234764764764765,0.47652352352352345,1159.551261117172,27.33370938838715,0.026431128094741206,0.0007511947360538181,0.04387066859048967,0.036386982065365364
Dew,12.572092102482202,0.9912831582173615,0.00871684178263854,0.5224774774774775,0.4775225225225225,1159.522623951085,27.3829941276305,0.02643083926245889,0.0007528798394002797,0.04387006452716074,0.03637100197747748
Dew,12.60021537039041,0.9912452270426598,0.008754772957340173,0.5214784784784785,0.4785215215215215,1159.4938588593443,27.432497803464145,0.026430549125360404,0.0007545724463260343,0.04386945777629709,0.03635502188958959
Dew,12.628461133751387,0.991207126714992,0.008792873285007996,0.5204794794794795,0.4795205205205205,1159.4649649708365,27.482221933019517,0.026430257674478222,0.0007562726084795269,0.04386884831964569,0.03633904180170171
Dew,12.656830212465792,0.9911688560825908,0.008831143917409245,0.5194804804804805,0.48051951951951954,1159.4359414062694,27.532168047736526,0.02642996490075978,0.0007579803779940148,0.04386823613878273,0.03632306171381382
Dew,12.685323433962388,0.9911304139828931,0.008869586017106856,0.5184814814814815,0.48151851851851846,1159.4067872780868,27.582337693523773,0.026429670795066678,0.000759695807493047,0.043867621215111764,0.036307081625925934
Dew,12.713941633286716,0.9910917992424039,0.00890820075759613,0.5174824824824825,0.4825175175175175,1159.3775016903517,27.632732430933817,0.02642937534817333,0.0007614189500963736,0.04386700352986141,0.036291101538038044
Dew,12.742685653181717,0.9910530106765776,0.008946989323422416,0.5164834834834835,0.4835165165165165,1159.3480837386658,27.68335383531871,0.0264290785507662,0.0007631498594253258,0.04386638306408361,0.036275121450150154
Dew,12.77155634419591,0.9910140470896791,0.008985952910320893,0.5154844844844845,0.4845155155155155,1159.3185325100542,27.734203497050984,0.026428780393442562,0.0007648885896100162,0.04386575979865122,0.036259141362262264
Bubble,12.776030820905575,0.991008008008008,0.008991991991991966,0.5153300491276304,0.48466995087236964,1159.3139520504888,27.742084810600687,0.026428734175219303,0.0007651580811564373,0.0438656631968969,0.036256670998850486
Dew,12.80055456475323,0.9909749072746509,0.009025092725349126,0.5144854854854856,0.48551451451451444,1159.288847082869,27.785283021652425,0.026428480866709486,0.0007666351952940134,0.043865133714256044,0.03624316127437438
Dew,12.8296811812674,0.9909355900129816,0.009064409987018407,0.5134864864864865,0.48651351351351346,1159.2590265266874,27.83659403002888,0.026428179960982796,0.0007683897316419563,0.04386450479140666,0.03622718118648649
Dew,12.858937068221827,0.9908960940745642,0.009103905925435751,0.5124874874874875,0.4875125125125125,1159.2290699022012,27.888138158622183,0.026427877666585907,0.0007701522543448986,0.04386387301042614,0.0362112010985986
Dew,12.888323108255474,0.9908564182175629,0.009143581782437127,0.5114884884884885,0.4885115115115115,1159.1989762611138,27.93991705957588,0.02642757397374867,0.0007719228196260506,0.043863238351449965,0.03619522101071071
Dew,12.91784019228361,0.9908165611882644,0.009183438811735556,0.5104894894894895,0.48951051051051053,1159.1687446460282,27.991932400983796,0.026427268872606324,0.0007737014842488237,0.0438626007944236,0.03617924092282282
Dew,12.947489219568668,0.9907765217209409,0.009223478279059116,0.5094904904904906,0.49050950950950944,1159.1383740903398,28.04418586701882,0.026426962353198236,0.0007754883055215857,0.04386196031910035,0.036163260834934936
Dew,12.97727109785493,0.9907362985377007,0.009263701462299267,0.5084914914914915,0.49150850850850847,1159.1078636181246,28.09667915821369,0.026426654405466855,0.000777283341306634,0.043861316905038916,0.036147280747047046
Dew,13.00718674342914,0.9906958903483427,0.009304109651657289,0.5074924924924925,0.4925075075075075,1159.0772122440226,28.14941399156449,0.026426345019256378,0.0007790866500242832,0.04386067053160113,0.03613130065915916
Dew,13.03723708124551,0.990655295850205,0.009344704149795047,0.5064934934934935,0.4935065065065065,1159.0464189731242,28.202392100787126,0.026426034184311626,0.0007808982906612033,0.04386002117794946,0.036115320571271266
Dew,13.067423045017792,0.9906145137280163,0.009385486271983656,0.5054944944944946,0.4945055055055054,1159.0154828008556,28.25561523649498,0.02642572189027677,0.0007827183227765921,0.043859368823044725,0.03609934048338339
Dew,13.09774557734519,0.9905735426537374,0.009426457346262573,0.5044954954954955,0.49550450450450445,1158.9844027128584,28.30908516645632,0.026425408126694194,0.0007845468065105797,0.04385871344564345,0.0360833603954955
Dew,13.128205629810164,0.9905323812864053,0.009467618713594694,0.5034964964964965,0.4965035035035035,1158.9531776848676,28.36280367578448,0.026425092883003078,0.0007863838025907853,0.04385805502429547,0.03606738030760761
Dew,13.158804163057198,0.9904910282719798,0.009508971728020232,0.5024974974974975,0.4975025025025025,1158.921806682593,28.416772567082116,0.0264247761485382,0.0007882293723376227,0.043857393537341416,0.036051400219719726
Dew,13.189542146937205,0.9904494822431751,0.009550517756824917,0.5014984984984985,0.4985015015015015,1158.890288661591,28.47099366074112,0.026424457912528603,0.0007900835776739373,0.043856728962910055,0.03603542013183183
Dew,13.220420560618127,0.9904077418193022,0.009592258180697755,0.5004994994994995,0.49950050050050054,1158.8586225671472,28.52546879516152,0.026424138164096386,0.0007919464811324181,0.043856061278915746,0.036019440043943945
Dew,13.251440392675804,0.9903658056060963,0.009634194393903632,0.49950050050050054,0.5004994994994995,1158.8268073341346,28.580199826922893,0.02642381689225512,0.0007938181458617142,0.04385539046305568,0.03600345995605606
Dew,13.282602641227069,0.9903236721955533,0.009676327804446709,0.4985015015015015,0.5014984984984985,1158.7948418868964,28.635188631055637,0.026423494085908703,0.0007956986356353388,0.04385471649280729,0.03598747986816817
Dew,13.313908314045253,0.9902813401657596,0.009718659834240357,0.49750250250250255,0.5024974974974974,1158.7627251391118,28.69043710126977,0.02642316973384994,0.0007975880148594187,0.04385403934542551,0.03597149978028028
Dew,13.345358428655317,0.9902388080807133,0.00976119191928668,0.49650350350350353,0.5034964964964965,1158.7304559936554,28.74594715013488,0.02642284382475899,0.0007994863485791046,0.0438533589979399,0.03595551969239239
Dew,13.376954012493359,0.9901960744901516,0.009803925509848483,0.4955045045045045,0.5044954954954954,1158.6980333424715,28.801720709412194,0.02642251634720215,0.0008013937024892305,0.04385267542715192,0.0359395396045045
Dew,13.408696102988497,0.9901531379293711,0.00984686207062894,0.49450550550550554,0.5054944944944945,1158.6654560664301,28.8577597302019,0.026422187289630267,0.0008033101429398609,0.04385198860963201,0.03592355951661662
Dew,13.440585747710989,0.9901099969190456,0.009890003080954448,0.4935065065065065,0.5064934934934935,1158.6327230351874,28.914066183246987,0.026421856640377262,0.000805235736946211,0.04385129852171675,0.03590757942872873
Dew,13.47262400450374,0.9900666499650413,0.009933350034958694,0.49250750750750755,0.5074924924924924,1158.5998331070482,28.970642059196997,0.026421524387658785,0.0008071705521974741,0.043850605139505804,0.03589159934084084
Dew,13.504811941569299,0.9900230955582295,0.009976904441770448,0.4915085085085085,0.5084914914914915,1158.566785128813,29.02748936876582,0.02642119051957044,0.0008091146570627219,0.043849908438859,0.03587561925295296
Bubble,13.515221511516923,0.990009009009009,0.009990990990990989,0.49118642815950014,0.5088135718404998,1158.556096326834,29.045875300144296,0.026421082529757358,0.0008097434337607333,0.043849683109009004,0.03587046722348218
Dew,13.537150637643581,0.9899793321742981,0.010020667825701827,0.49050950950950956,0.5094904904904904,1158.5335779356435,29.084610143094107,0.026420855024086518,0.0008110681206025273,0.04384920839539329,0.03585963916506507
Dew,13.569641182110036,0.9899353582735554,0.010064641726444636,0.48951051051051053,0.5104894894894895,1158.500210350904,29.142006433970245,0.026420517889058255,0.0008130310125766681,0.043848504984479626,0.03584365907717718
Dew,13.602284675133692,0.9898911723007346,0.01010882769926532,0.4885115115115115,0.5114884884884885,1158.4666811860125,29.199680314097446,0.02642017910221227,0.0008150034034531433,0.04384779818123979,0.03582767898928929
Dew,13.635082227775868,0.9898467726847978,0.01015322731520218,0.48751251251251254,0.5124874874874874,1158.4329892402925,29.25763387731483,0.02641983865114902,0.0008169853644159257,0.04384708796054329,0.0358116989014014
Dew,13.668034962175962,0.9898021578387316,0.010197842161268431,0.4865135135135135,0.5134864864864865,1158.3991333008153,29.315869238976113,0.026419496523341142,0.0008189769673771393,0.04384637429700414,0.03579571881351352
Dew,13.701144011652532,0.9897573261593356,0.01024267384066431,0.48551451451451455,0.5144854854854854,1158.3651121422322,29.37438853613693,0.02641915270613165,0.0008209782849839215,0.043845657164977354,0.03577973872562563
Dew,13.734410520859385,0.9897122760270254,0.01028772397297459,0.4845155155155155,0.5154844844844845,1158.3309245266298,29.433193927871667,0.02641880718673247,0.0008229893906289232,0.04384493653855591,0.03576375863773774
Dew,13.767835645913262,0.9896670058056106,0.010332994194389336,0.48351651651651656,0.5164834834834835,1158.2965692033533,29.492287595522317,0.02641845995222249,0.0008250103584589367,0.04384421239156713,0.035747778549849854
Dew,13.801420554583565,0.9896215138420867,0.010378486157913253,0.48251751751751754,0.5174824824824824,1158.262044908852,29.551671743093067,0.026418110989546044,0.0008270412633876264,0.0438434846975694,0.035731798461961964
Dew,13.835166426382592,0.9895757984664072,0.010424201533592787,0.48151851851851857,0.5184814814814814,1158.2273503665008,29.61134859740959,0.02641776028551095,0.0008290821811017024,0.0438427534298485,0.035715818374074074
Dew,13.86907445275561,0.9895298579912722,0.01047014200872773,0.48051951951951954,0.5194804804804805,1158.192484286433,29.67132040851301,0.026417407826786744,0.0008311331880736874,0.04384201856141419,0.03569983828618619
Dew,13.903145837221558,0.9894836907118957,0.010516309288104335,0.4795205205205205,0.5204794794794795,1158.1574453653718,29.7315894499367,0.026417053599902977,0.0008331943615714332,0.04384128006499655,0.03568385819829829
Dew,13.937381795526417,0.9894372949057761,0.01056270509422384,0.47852152152152155,0.5214784784784785,1158.1222322864444,29.792158019012334,0.026416697591247176,0.000835265779668482,0.04384053791304228,0.03566787811041041
Dew,13.971783555796861,0.9893906688324683,0.01060933116753175,0.47752252252252253,0.5224774774774774,1158.0868437190088,29.853028437175755,0.026416339787063023,0.0008373475212544526,0.043839792077711055,0.03565189802252253
Dew,14.006352358715358,0.9893438107333412,0.01065618926665875,0.47652352352352356,0.5234764764764764,1158.05127831847,29.91420305032265,0.026415980173448508,0.00083943966604685,0.04383904253087159,0.03563591793463464
Dew,14.041089457667589,0.9892967188313397,0.010703281168660308,0.47552452452452454,0.5244754754754755,1158.015534726095,29.975684229098302,0.026415618736353858,0.0008415422946010571,0.043838289244098,0.03561993784674675
Dew,14.07599611891185,0.9892493913307402,0.010750608669259787,0.47452552552552557,0.5254744744744744,1157.9796115688214,30.037474369238286,0.026415255461579586,0.0008436554883217854,0.04383753218866566,0.035603957758858856
Dew,14.111073621761637,0.9892018264169048,0.010798173583095254,0.47352652652652655,0.5264734734734735,1157.9435074590774,30.099575891939427,0.026414890334774618,0.0008457793294754025,0.043836771335547454,0.03558797767097097
Dew,14.14632325872497,0.9891540222560196,0.010845977743980408,0.4725275275275276,0.5274724724724724,1157.9072209945664,30.16199124412821,0.026414523341433894,0.0008479139011994168,0.04383600665540952,0.03557199758308309
Dew,14.181746335694193,0.9891059769948521,0.010894023005147852,0.47152852852852856,0.5284714714714714,1157.8707507580912,30.224722898847098,0.026414154466896655,0.0008500592875152979,0.04383523811860736,0.0355560174951952
Dew,14.217344172153844,0.9890576887604773,0.01094231123952274,0.47052952952952953,0.5294704704704705,1157.8340953173424,30.287773355682443,0.026413783696344173,0.0008522155733425041,0.04383446569518148,0.03554003740730731
Bubble,14.252488389833783,0.9890100100100101,0.010989989989989901,0.4695480726593037,0.5304519273406962,1157.7979016572679,30.350029552617293,0.026413417572761003,0.0008543446922680782,0.04383370302112113,0.035524337925065486
Dew,14.253118101286542,0.9890091556600196,0.010990844339980392,0.46953053053053057,0.5304694694694694,1157.797253224691,30.351145140952077,0.026413411014797467,0.000854382844505784,0.04383368935485324,0.03552405731941942
Dew,14.289069470217333,0.9889603757803864,0.011039624219613584,0.46853153153153154,0.5314684684684685,1157.760223016994,30.414840808217207,0.026413036407115374,0.0008565611877516286,0.04383290906702064,0.03550807723153153
Dew,14.325199640175196,0.9889113471879837,0.011088652812016292,0.4675325325325326,0.5324674674674674,1157.723003215366,30.478862938598937,0.026412659857992064,0.0008587506907592656,0.043832124800753706,0.035492097143643646
Dew,14.361509986678447,0.9888620679284482,0.011137932071551792,0.46653353353353355,0.5334664664664664,1157.685592324981,30.543214141150113,0.026412281351954985,0.0008609514421532411,0.04383133652479025,0.035476117055755756
Dew,14.398001899750543,0.9888125360263589,0.011187463973641131,0.4655345345345346,0.5344654654654655,1157.647988834847,30.607897053297474,0.02641190087336247,0.0008631635315180186,0.04383054420753125,0.035460136967867865
Dew,14.434676784056906,0.9887627494849511,0.011237250515048827,0.46453553553553556,0.5354644644644644,1157.61019121758,30.672914341098004,0.02641151840640131,0.0008653870494073756,0.043829747817036226,0.035444156879979975
Dew,14.471536059165501,0.9887127062858241,0.011287293714175937,0.46353653653653654,0.5364634634634635,1157.5721979291905,30.738268699784197,0.026411133935084572,0.0008676220873619798,0.04382894732101868,0.0354281767920921
Dew,14.508581159707049,0.9886624043886431,0.011337595611356926,0.46253753753753757,0.5374624624624624,1157.5340074088415,30.80396285407339,0.02641074744324897,0.0008698687379203527,0.043828142686841175,0.03541219670420421
Dew,14.545813535592922,0.9886118417308358,0.011388158269164138,0.46153853853853855,0.5384614614614615,1157.4956180786253,30.869999558611344,0.026410358914552557,0.0008721270946336519,0.04382733388151062,0.03539621661631632
Dew,14.583234652211832,0.9885610162272894,0.011438983772710623,0.4605395395395396,0.5394604604604605,1157.457028343321,30.936381598365212,0.02640996833247211,0.0008743972520790659,0.043826520871673345,0.035380236528428435
Dew,14.620845990666842,0.9885099257700345,0.011490074229965546,0.45954054054054055,0.5404594594594594,1157.4182365901609,31.003111789109802,0.026409575680300758,0.0008766793058758828,0.04382570362361005,0.035364256440540545
Dew,14.658649047947334,0.9884585682279237,0.011541431772076283,0.4585415415415416,0.5414584584584584,1157.37924118857,31.070192977761042,0.02640918094114508,0.0008789733526972787,0.04382488210323069,0.035348276352652655
Dew,14.696645337186855,0.9884069414463176,0.011593058553682452,0.45754254254254256,0.5424574574574574,1157.3400404899376,31.13762804290906,0.026408784097922824,0.0008812794902877895,0.04382405627606944,0.035332296264764765
Dew,14.734836387855083,0.9883550432467466,0.01164495675325343,0.45654354354354354,0.5434564564564565,1157.3006328273473,31.205419895196407,0.02640838513335998,0.0008835978174764428,0.04382322610727929,0.03531631617687688
Dew,14.773223745987053,0.9883028714265848,0.011697128573415165,0.45554454454454457,0.5444554554554555,1157.2610165153278,31.27357147778242,0.026407984029988146,0.0008859284341923698,0.043822391561626796,0.03530033608898899
Dew,14.811808974427205,0.9882504237587022,0.011749576241297752,0.45454554554554555,0.5454544544544544,1157.221189849588,31.342085766841127,0.026407580770141766,0.0008882714414814046,0.04382155260348658,0.0352843560011011
Dew,14.850593653044992,0.9881976979911224,0.011802302008877528,0.4535465465465466,0.5464534534534534,1157.1811511067478,31.410965771991805,0.02640717533595521,0.0008906269415208246,0.0438207091968358,0.03526837591321322
Dew,14.889579378990092,0.9881446918466728,0.011855308153327195,0.45254754754754756,0.5474524524524524,1157.1408985440758,31.480214536820853,0.026406767709360103,0.0008929950376367176,0.04381986130524856,0.03525239582532532
Dew,14.928767766899291,0.9880914030226212,0.011908596977378819,0.4515485485485486,0.5484514514514514,1157.100430399201,31.54983513929013,0.02640635787208214,0.0008953758343181754,0.04381900889189016,0.03523641573743744
Dew,14.968160449184273,0.9880378291903175,0.011962170809682555,0.45054954954954957,0.5494504504504505,1157.059744889843,31.61983069233263,0.02640594580563838,0.0008977694372368456,0.04381815191951124,0.03522043564954955
Bubble,14.987877778551745,0.9880110110110111,0.011988988988988925,0.45005146616839736,0.5499485338316026,1157.039377944546,31.65487028941837,0.0264057395156652,0.0008989676627467868,0.04381772293323324,0.0352124682579763
Dew,15.007759076227904,0.9879839679948164,0.01201603200518364,0.4495505505505506,0.5504494494494494,1157.0188402135163,31.690204344234115,0.02640553149133395,0.0009001759532604548,0.043817290350441886,0.03520445556166167
Dew,15.047565316693854,0.9879298170545066,0.012070182945493417,0.4485515515515516,0.5514484484484484,1156.9777145472492,31.760959279277472,0.026405114910259212,0.0009025954904738383,0.0438164241465856,0.03518847547377378
Dew,15.087580857735151,0.9878753739607236,0.012124626039276436,0.44755255255255255,0.5524474474474474,1156.9363660472798,31.832098718150867,0.026404696043286456,0.0009050281581933061,0.04381555326941313,0.03517249538588589
Dew,15.127807405292522,0.9878206362773589,0.012179363722641084,0.4465535535535536,0.5534464464464464,1156.8947928487607,31.903625918563637,0.026404274871066807,0.0009074740669869633,0.04381467767995626,0.035156515297998
Dew,15.168246684324016,0.9877656015404654,0.0122343984595346,0.44555455455455456,0.5544454454454455,1156.85299306545,31.97554417570133,0.026403851374026933,0.0009099333286905032,0.04381379733880144,0.03514053521011012
Dew,15.208900439111144,0.987710267257849,0.012289732742150951,0.4445555555555556,0.5554444444444444,1156.8109647893984,32.047856822857455,0.02640342553236575,0.0009124060564280787,0.043812912206083285,0.03512455512222223
Dew,15.249770433500203,0.987654630908662,0.01234536909133798,0.44355655655655657,0.5564434434434434,1156.7687060906326,32.120567231913604,0.02640299732605102,0.0009148923646289085,0.043812022241478045,0.03510857503433434
Dew,15.290858451232616,0.98759868994298,0.012401310057020106,0.4425575575575576,0.5574424424424425,1156.726215016839,32.1936788140251,0.02640256673481609,0.0009173923690497871,0.04381112740419691,0.035092594946446454
Dew,15.33216629615206,0.9875424417813742,0.012457558218625856,0.4415585585585586,0.5584414414414414,1156.6834895930162,32.2671950200194,0.026402133738156072,0.0009199061867894682,0.043810227652979046,0.03507661485855856
Dew,15.373695792574068,0.9874858838144857,0.012514116185514337,0.4405595595595596,0.5594404404404404,1156.6405278211648,32.341119341170646,0.026401698315324688,0.0009224339363138117,0.043809322946084896,0.03506063477067067
Dew,15.415448785538805,0.9874290134025738,0.012570986597426219,0.4395605605605606,0.5604394394394394,1156.597327679931,32.415455309701656,0.026401260445330435,0.000924975737473229,0.04380841324128891,0.03504465468278278
Dew,15.457427141092943,0.9873718278750712,0.01262817212492887,0.43856156156156156,0.5614384384384384,1156.5538871242554,32.490206499352546,0.02640082010693276,0.000927531711522071,0.04380749849587243,0.03502867459489489
Dew,15.499632746677044,0.987314324530124,0.01268567546987597,0.4375625625625626,0.5624374374374375,1156.5102040850375,32.5653765261925,0.026400377278638726,0.0009301019811450178,0.043806578666616316,0.03501269450700701
Dew,15.542067511314198,0.9872565006341281,0.012743499365871887,0.4365635635635636,0.5634364364364364,1156.4662764687573,32.64096904896985,0.026399931938698763,0.0009326866704703486,0.04380565370979357,0.03499671441911912
Dew,15.584733366036609,0.9871983534212508,0.012801646578749135,0.4355645645645646,0.5644354354354354,1156.422102157121,32.71698777001224,0.02639948406510304,0.0009352859050989707,0.04380472358116167,0.03498073433123123
Dew,15.627632264156539,0.9871398800929512,0.012860119907048845,0.4345655655655656,0.5654344344344344,1156.3776790066845,32.79343643576486,0.02639903363557746,0.0009378998121231791,0.043803788235954856,0.03496475424334335
Dew,15.670766181589498,0.987081077817482,0.012918922182518028,0.4335665665665666,0.5664334334334333,1156.3330048484684,32.87031883744861,0.026398580627579493,0.000940528520148899,0.04380284762887623,0.034948774155455456
Dew,15.714137117215765,0.9870219437293953,0.012978056270604697,0.4325675675675676,0.5674324324324325,1156.2880774875816,32.94763881180558,0.02639812501829431,0.0009431721593204863,0.04380190171408978,0.03493279406756757
Bubble,15.721420726415634,0.987012012012012,0.012987987987987948,0.4324003343781081,0.5675996656218919,1156.2805316308052,32.96062521625659,0.026398048491206985,0.0009436161733911173,0.043801742845345354,0.034930118988745665
Dew,15.757747093202838,0.9869624749290261,0.01303752507097394,0.43156856856856857,0.5684314314314314,1156.2428947028186,33.02540024175277,0.026397666784630364,0.0009458308613429723,0.0438009504452122,0.03491681397967968
Dew,15.801598155339391,0.9869026684819707,0.013097331518029293,0.4305695695695696,0.5694304304304304,1156.197454246253,33.10360705706133,0.02639720590321514,0.0009485047595050976,0.04379999377530445,0.03490083389179179
Dew,15.845692373416275,0.9868425214185668,0.013157478581433225,0.4295705705705706,0.5704294294294294,1156.1517538428484,33.18226323514301,0.026396742350391057,0.0009511939887054833,0.04379903165686354,0.03488485380390391
Dew,15.89003184157443,0.9867820307333395,0.01321796926666056,0.4285715715715716,0.5714284284284283,1156.1057911900186,33.26137280175885,0.026396276102210726,0.0009538986854766462,0.04379806404181358,0.03486887371601601
Dew,15.934618678665604,0.9867211933844635,0.013278806615536529,0.4275725725725726,0.5724274274274275,1156.059563957219,33.3409398317562,0.026395807134432642,0.000956618988009888,0.04379709088149722,0.03485289362812813
Dew,15.97945502861204,0.9866600062931943,0.013339993706805699,0.4265735735735736,0.5734264264264264,1156.0130697855052,33.42096844980185,0.026395335422516472,0.0009593550361801474,0.043796112126666564,0.034836913540240246
Dew,16.024543060823696,0.9865984663433012,0.013401533656698853,0.4255745745745746,0.5744254254254254,1155.966306287096,33.5014628312466,0.02639486094161842,0.0009621069715746917,0.04379512772747409,0.034820933452352355
Dew,16.069884970545523,0.9865365703804858,0.01346342961951414,0.42457557557557557,0.5754244244244244,1155.919271044924,33.58242720282712,0.026394383666586484,0.0009648749375172118,0.04379413763346329,0.034804953364464465
Dew,16.1154829792912,0.9864743152117873,0.013525684788212679,0.4235765765765766,0.5764234234234233,1155.8719616121798,33.663865843565645,0.026393903571955545,0.000967659079097673,0.043793141793559275,0.034788973276576575
Dew,16.161339335180024,0.9864116976049796,0.013588302395020393,0.4225775775775776,0.5774224224224225,1155.8243755118394,33.74578308544506,0.026393420631942357,0.0009704595431957877,0.04379214015605901,0.034772993188688685
Dew,16.20745631341373,0.9863487142879518,0.013651285712048197,0.4215785785785786,0.5784214214214214,1155.77651023619,33.82818331440509,0.026392934820440497,0.0009732764785137905,0.04379113266862151,0.0347570131008008
Dew,16.253836216661945,0.9862853619480889,0.0137146380519111,0.4205795795795796,0.5794204204204204,1155.7283632463566,33.91107097112619,0.026392446111015405,0.0009761100356031947,0.04379011927825783,0.03474103301291292
Dew,16.300481375479524,0.9862216372316229,0.013778362768377059,0.4195805805805806,0.5804194194194194,1155.6799319717904,33.99445055188587,0.026391954476898814,0.0009789603668937062,0.04378909993132076,0.03472505292502503
Dew,16.347394148753875,0.9861575367429876,0.013842463257012399,0.4185815815815816,0.5814184184184183,1155.6312138097787,34.078326609482005,0.02639145989098359,0.0009818276267241494,0.043788074573494505,0.034709072837137145
Dew,16.394576924133773,0.9860930570441475,0.013906942955852509,0.41758258258258263,0.5824174174174174,1155.5822061249241,34.16270375411247,0.026390962325818237,0.000984711971372219,0.04378704314978389,0.03469309274924925
Dew,16.44203211848955,0.9860281946539244,0.013971805346075592,0.4165835835835836,0.5834164164164164,1155.5329062486226,34.24758665432514,0.026390461753601227,0.0009876135590863417,0.04378600560450365,0.034677112661361364
Bubble,16.453138318421544,0.986013013013013,0.013986986986986971,0.4163506119949966,0.5836493880050033,1155.5213668946922,34.267454948046435,0.026390344580622546,0.0009882927189112849,0.043785762757457464,0.03467338602453317
Dew,16.489762178347835,0.9859629460473076,0.014037053952692403,0.4155845845845846,0.5844154154154154,1155.4833114785336,34.332980037907866,0.026389958146175473,0.000990532550115897,0.04378496188126734,0.034661132573473474
Dew,16.537769580402472,0.9858973076547437,0.014102692345256325,0.4145855855855856,0.5854144144144144,1155.43341907803,34.418888692952024,0.02638945147502238,0.0009934691067465294,0.043783911922976045,0.03464515248558559
Dew,16.586056831926243,0.9858312758614223,0.014168724138577768,0.4135865865865866,0.5864134134134134,1155.3832262756464,34.50531746868648,0.026388941711256,0.0009964233933289306,0.0437828556718069,0.0346291723976977
Dew,16.634626471309506,0.9857648470065425,0.01423515299345743,0.4125875875875876,0.5874124124124124,1155.3327302645105,34.59227127660149,0.026388428825616973,0.000999395576316074,0.04378179306920136,0.03461319230980982
Dew,16.68348106853501,0.9856980173825631,0.01430198261743691,0.4115885885885886,0.5884114114114114,1155.2819282017697,34.679755091424354,0.02638791278846644,0.0010023858242962746,0.043780724055853225,0.03459721222192192
Dew,16.732623225663406,0.9856307832344452,0.014369216765554848,0.41058958958958963,0.5894104104104103,1155.2308172079954,34.767773952118134,0.026387393569779604,0.001005394308026998,0.043779648571696514,0.03458123213403403
Dew,16.782055577391066,0.9855631407588701,0.014436859241129956,0.4095905905905906,0.5904094094094094,1155.1793943665925,34.85633296304434,0.02638687113913956,0.0010084212004735156,0.04377856655589297,0.03456525204614615
Dew,16.831780791504062,0.9854950861034466,0.014504913896553449,0.40859159159159164,0.5914084084084084,1155.127656723173,34.945437294885984,0.026386345465730484,0.0010114666768407266,0.043777477946819354,0.03454927195825826
Dew,16.881801569502496,0.9854266153659057,0.014573384634094346,0.4075925925925926,0.5924074074074074,1155.075601284946,35.03509218595945,0.026385816518331263,0.0010145309146163276,0.04377638268205457,0.034533291870370374
Dew,16.93212064704898,0.9853577245932683,0.014642275406731724,0.4065935935935936,0.5934064064064064,1155.0232250200609,35.12530294312149,0.0263852842653083,0.0010176140936023752,0.043775280698366385,0.03451731178248248
Dew,16.982740794598513,0.9852884097810101,0.014711590218989984,0.4055945945945946,0.5944054054054053,1154.9705248569746,35.216074943090284,0.02638474867460898,0.0010207163959589324,0.04377417193169801,0.0345013316945946
Dew,17.033664817930546,0.9852186668721957,0.014781333127804264,0.4045955955955956,0.5954044044044045,1154.9174976837767,35.307413633540456,0.026384209713754284,0.0010238380062412896,0.043773056317154335,0.03448535160670671
Dew,17.084895558719563,0.985148491756606,0.014851508243394033,0.40359659659659664,0.5964034034034034,1154.8641403475117,35.39932453428474,0.026383667349831653,0.0010269791114397955,0.04377193378898785,0.03446937151881882
Dew,17.13643589517021,0.9850778802698401,0.01492211973015992,0.4025975975975976,0.5974024024024024,1154.8104496534945,35.49181323860133,0.0263831215494877,0.0010301399010240293,0.04377080428058439,0.03445339143093094
Bubble,17.183045030563314,0.9850140140140141,0.014985985985985883,0.4016993493462249,0.5983006506537751,1154.7618864085318,35.57547228408827,0.02638262783085205,0.001032998883948088,0.043769782669569574,0.034439022962077154
Dew,17.18828874253741,0.9850068281924034,0.014993171807596604,0.40159859859859864,0.5984014014014014,1154.756422364591,35.58488541429655,0.02638257227892037,0.0010333205669794143,0.04376966772444851,0.034437411343043046
Dew,17.240457053825523,0.9849353312487719,0.015064668751228104,0.4005995995995996,0.5994004004004003,1154.702055200508,35.678546805174946,0.026382019503871566,0.0010365213038557634,0.04376852405218848,0.034421431255155156
Dew,17.29294382035986,0.9848633851064438,0.015136614893556173,0.3996006006006006,0.6003993993993995,1154.6473448370537,35.77280323221577,0.026381463189619075,0.0010397423088074303,0.04376737319450119,0.03440545116726727
Dew,17.34575207244282,0.9847909853749655,0.01520901462503452,0.39860160160160163,0.6013983983983984,1154.5922879053835,35.86766059494101,0.026380903300968615,0.0010429837816391418,0.04376621508115649,0.03438947107937938
Dew,17.398884880005888,0.9847181276049367,0.015281872395063251,0.3976026026026026,0.6023973973973974,1154.5368809912327,35.96312487277208,0.02638033980224556,0.0010462459248516268,0.04376504964098133,0.03437349099149149
Dew,17.452345353278893,0.9846448072870024,0.015355192712997536,0.39660360360360364,0.6033963963963964,1154.4811206341392,36.05920212642394,0.026379772657286724,0.0010495289436884628,0.04376387680184362,0.03435751090360361
Dew,17.506136643452596,0.984571019850816,0.015428980149184042,0.3956046046046046,0.6043953953953953,1154.4250033266353,36.155898499282074,0.026379201829431594,0.0010528330461825556,0.04376269649063564,0.03434153081571571
Dew,17.560261943381274,0.9844967606639774,0.01550323933602263,0.39460560560560565,0.6053943943943944,1154.36852551343,36.253220218869025,0.02637862728151366,0.0010561584432053535,0.04376150863325705,0.03432555072782783
Dew,17.614724488323585,0.9844220250309605,0.015577974969039406,0.3936066066066066,0.6063933933933934,1154.3116835905842,36.351173598395825,0.02637804897585164,0.0010595053485186797,0.043760313154597746,0.03430957063993994
Dew,17.66952755658251,0.984346808192008,0.01565319180799191,0.3926076076076076,0.6073923923923924,1154.254473904642,36.44976503808177,0.026377466874240016,0.001062873978819949,0.043759109978520186,0.03429359055205205
Dew,17.724674470326967,0.9842711053220043,0.01572889467799569,0.39160860860860863,0.6083913913913914,1154.196892751776,36.54900102688616,0.026376880937940116,0.0010662645537995313,0.043757899027841315,0.03427761046416417
Dew,17.78016859631085,0.9841949115293277,0.01580508847067229,0.3906096096096096,0.6093903903903903,1154.1389363768858,36.6488881440041,0.026376291127670266,0.0010696772961913928,0.04375668022431428,0.034261630376276275
Dew,17.836013346636435,0.9841182218546684,0.0158817781453316,0.38961061061061064,0.6103893893893894,1154.080600972689,36.74943306046165,0.026375697403596157,0.0010731124318267716,0.04375545348860946,0.03424565028838839
Dew,17.892212179529995,0.9840410312698383,0.01595896873016165,0.3886116116116116,0.6113883883883884,1154.0218826787984,36.85064254073657,0.026375099725320924,0.0010765701896887612,0.04375421874029546,0.03422967020050051
Bubble,17.91115096619214,0.9840150150150151,0.015984984984984907,0.38827637398272763,0.6117236260172724,1154.002091844284,36.88475585441978,0.026374898266040718,0.001077735630810108,0.04375380258168168,0.03422430770586511
Dew,17.94876860020674,0.9839633346765313,0.0160366653234687,0.38761261261261265,0.6123873873873873,1153.9627775807667,36.95252344458028,0.026374498051874966,0.0010800508019729218,0.04375297589781927,0.03421369011261261
Dew,18.005686161588883,0.983885126905081,0.016114873094918946,0.3866136136136136,0.6133863863863864,1153.9032817091181,37.055082728503635,0.026373892341705507,0.0010835545041382316,0.04375172487848637,0.03419771002472473
Dew,18.062968465239784,0.9838064027131673,0.01619359728683269,0.38561461461461466,0.6143853853853853,1153.8433910383526,37.15832744775214,0.026373282552665963,0.0010870815349725027,0.0437504655984401,0.034181729936836845
Dew,18.120619162168165,0.9837271567845144,0.016272843215485625,0.38461561561561564,0.6153843843843844,1153.7831014859385,37.26226475798345,0.02637266864200515,0.0010906321366492638,0.04374919797264077,0.03416574984894895
Dew,18.178641953700826,0.9836473837275472,0.01635261627245272,0.3836166166166166,0.6163833833833834,1153.7224089112665,37.366901917098716,0.026372050566356022,0.001094206554789308,0.043747921914844216,0.034149769761061065
Dew,18.237040592416403,0.9835670780740244,0.01643292192597561,0.38261761761761764,0.6173823823823823,1153.6613091145996,37.47224628721019,0.026371428281724497,0.0010978050385264085,0.043746637337579906,0.03413378967317317
Dew,18.29581888298836,0.9834862342776355,0.016513765722364494,0.3816186186186186,0.6183813813813814,1153.5997978359787,37.5783053364008,0.026370801743477626,0.0011014278405671156,0.04374534415212849,0.034117809585285284
Dew,18.354980683195492,0.9834048467125703,0.016595153287429686,0.38061961961961965,0.6193803803803803,1153.5378707541208,37.6850866408618,0.02637017090633183,0.0011050752172618147,0.04374404226849895,0.0341018294973974
Dew,18.414529904829916,0.9833229096720575,0.01667709032794247,0.37962062062062063,0.6203793793793794,1153.4755234852878,37.792597886795484,0.02636953572434078,0.00110874742866909,0.043742731595405204,0.03408584940950951
Dew,18.47447051466021,0.9832404173668595,0.01675958263314053,0.37862162162162166,0.6213783783783784,1153.4127515821126,37.90084687244107,0.026368896150882712,0.0011124447386238786,0.043741412040242025,0.03406986932162162
Dew,18.534806535487526,0.9831573639237517,0.01684263607624829,0.37762262262262264,0.6223773773773773,1153.3495505324338,38.009841510309066,0.026368252138648025,0.0011161674148119497,0.04374008350906073,0.03405388923373373
Dew,18.595542047105727,0.983073743383948,0.01692625661605191,0.37662362362362367,0.6233763763763763,1153.2859157580663,38.11958982919594,0.026367603639626012,0.0011199157288381283,0.043738745906543974,0.03403790914584585
Bubble,18.63746343202074,0.9830160160160161,0.01698398398398393,0.37593792398791215,0.6240620760120879,1153.2419842316335,38.195360001891906,0.026367155895684412,0.0011225035016170586,0.0437378224937938,0.034026940625903036
Dew,18.656681187361684,0.9829895497015003,0.01701045029849966,0.37562462462462465,0.6243753753753754,1153.221842613566,38.230099976423475,0.02636695060509162,0.0011236899563013224,0.04373739913598017,0.034021929057957964
Dew,18.718228153234314,0.9829047767416577,0.017095223258342354,0.3746256256256256,0.6253743743743744,1153.157326384959,38.34138022011865,0.0263662929855918,0.0011274903768709514,0.04373604309923723,0.034005948970070074
Dew,18.7801872019091,0.9828194182791901,0.01718058172080996,0.37362662662662666,0.6263733733733734,1153.0923622884409,38.45343895148078,0.026365630730931504,0.001131317274363213,0.04373467769673575,0.033989968882182184
Dew,18.84256265189954,0.982733467996671,0.01726653200332894,0.37262762762762763,0.6273723723723723,1153.026945469049,38.56628468715284,0.02636496379015949,0.0011351709368206356,0.04373330282742156,0.0339739887942943
Dew,18.90535888418431,0.9826469194827177,0.017353080517282397,0.37162862862862867,0.6283713713713713,1152.9610709992926,38.679926071626085,0.026364292111553476,0.0011390516565928338,0.0437319183887375,0.0339580087064064
Dew,18.9685803433815,0.9825597662301959,0.01744023376980409,0.37062962962962964,0.6293703703703704,1152.8947338777734,38.7943718797264,0.026363615642605455,0.0011429597304198982,0.043730524276594844,0.03394202861851852
Dew,19.032231538930645,0.9824720016343749,0.01752799836562514,0.3696306306306307,0.6303693693693693,1152.8279290277444,38.90963101911588,0.026362934330006083,0.001146895459516476,0.04372912038534363,0.03392604853063063
Dew,19.09631704632168,0.9823836189910449,0.017616381008955156,0.36863163163163165,0.6313683683683684,1152.7606512956577,39.02571253289848,0.026362248119629124,0.0011508591496591496,0.04372770660774265,0.03391006844274275
Dew,19.160841508343694,0.9822946114945891,0.017705388505410886,0.3676326326326326,0.6323673673673673,1152.692895449667,39.142625602268105,0.026361556956515292,0.0011548511112753226,0.0437262828349286,0.03389408835485486
Dew,19.22580963637133,0.9822049722359959,0.01779502776400412,0.36663363363363366,0.6333663663663663,1152.6246561780888,39.260379549239495,0.026360860784855736,0.0011588716595347958,0.04372484895638421,0.033878108266966966
Dew,19.29122621166114,0.9821146942008514,0.017885305799148585,0.36563463463463464,0.6343653653653654,1152.5559280878458,39.378983839399446,0.026360159547975274,0.0011629211144422054,0.04372340485990624,0.033862128179079076
Dew,19.357096086698075,0.9820237702672542,0.01797622973274587,0.36463563563563567,0.6353643643643643,1152.4867057028503,39.498448084769024,0.026359453188314966,0.001166999800933002,0.04372195043157203,0.033846148091191186
Bubble,19.36198787682606,0.982017017017017,0.017982982982982954,0.36456172049351065,0.6354382795064893,1152.4815641712535,39.50732154995911,0.026359400719480595,0.001167302749151597,0.04372184240590591,0.03384496573718624
Dew,19.423424186566418,0.9819321932036933,0.018067806796306703,0.36363663663663665,0.6363633633633634,1152.416983462357,39.61878204671873,0.026358741647414398,0.0011711080489712673,0.0437204855557056,0.03383016800330331
Dew,19.4902155103668,0.9818399556668775,0.018160044333122464,0.3626376376376377,0.6373623623623623,1152.3467557192869,39.739995638985455,0.026358024865893663,0.0011752461936508178,0.04371901011484294,0.03381418791541542
Dew,19.55747513264359,0.9817470501995019,0.01825294980049809,0.36163863863863865,0.6383613613613613,1152.276016738485,39.862098930710744,0.02635730278343448,0.0011794145752972252,0.043717523989696264,0.033798207827527536
Dew,19.625208204860172,0.9816534692279656,0.01834653077203443,0.36063963963963963,0.6393603603603604,1152.2047606949604,39.98510214958472,0.026356575338761377,0.0011836135395732561,0.043716027059117465,0.033782227739639646
Dew,19.69341995690273,0.9815592050600275,0.018440794939972478,0.35964064064064066,0.6403593593593593,1152.1329816720606,40.1090156850523,0.02635584246962187,0.0011878434375864528,0.043714519200060704,0.033766247651751756
Dew,19.762115698652686,0.9814642498824145,0.01853575011758541,0.35864164164164164,0.6413583583583584,1152.0606736596246,40.233850091672004,0.02635510411276669,0.001192104626001545,0.04371300028754409,0.033750267563863866
Dew,19.831300821539553,0.9813685957583543,0.018631404241645697,0.35764264264264267,0.6423573573573573,1151.9878305520613,40.359616092428446,0.026354360203928937,0.001196397467151803,0.04371147019461021,0.033734287475975976
Dew,19.900980800179898,0.9812722346250597,0.01872776537494028,0.35664364364364365,0.6433563563563564,1151.9144461464014,40.486324582236655,0.026353610677803146,0.0012007223291564022,0.04370992879228592,0.03371830738808809
Dew,19.97116119405141,0.98117515829114,0.01882484170886001,0.3556446446446447,0.6443553553553554,1151.8405141402925,40.613986631523645,0.026352855468023653,0.0012050795860404093,0.043708375949540905,0.0337023273002002
Dew,20.04184764916998,0.9810773584339534,0.018922641566046654,0.35464564564564566,0.6453543543543543,1151.7660281299384,40.74261348981444,0.026352094507142286,0.001209469617855244,0.04370681153324537,0.03368634721231231
Bubble,20.084728456266276,0.981018018018018,0.018981981981981977,0.3540431086359965,0.6459568913640035,1151.7208319629597,40.8206645095208,0.026351632730242585,0.001212133422711271,0.04370586231801802,0.03367670897005226
Dew,20.113045899869405,0.9809788265968846,0.019021173403115342,0.3536466466466467,0.6463533533533533,1151.6909816079917,40.87221658954734,0.026351327726605717,0.0012138928108062922,0.043705235408126424,0.03367036712442443
Dew,20.18476177056558,0.9808795541865611,0.019120445813438903,0.35264764764764767,0.6473523523523523,1151.6153679613933,41.002807549852086,0.026350555056732058,0.00121834955737978,0.04370364743672365,0.03365438703653653
Dew,20.25700117762681,0.9807795324699882,0.01922046753001183,0.35164864864864864,0.6483513513513514,1151.5391804691485,41.13439818056508,0.026349776426686896,0.0012228402564770553,0.043702047479343184,0.03363840694864865
Dew,20.329770131219348,0.9806787525716211,0.01932124742837893,0.3506496496496497,0.6493503503503504,1151.4624123000547,41.2670004861867,0.02634899176445874,0.0012273653135475354,0.04370043539401091,0.03362242686076076
Dew,20.40307473726156,0.9805772054703434,0.019422794529656527,0.34965065065065065,0.6503493493493493,1151.3850565103528,41.40062667008138,0.02634820099683357,0.0012319251407292475,0.04369881103642416,0.033606446772872875
Dew,20.47692119940797,0.9804748819963894,0.01952511800361052,0.3486516516516517,0.6513483483483483,1151.3071060413467,41.53528913874283,0.026347404049369232,0.0012365201569917216,0.043697174259902445,0.03359046668498499
Dew,20.551315821074844,0.9803717728281611,0.019628227171838833,0.34765265265265266,0.6523473473473473,1151.228553716926,41.67100050615088,0.026346600846368595,0.001241150788282011,0.04369552491533655,0.0335744865970971
Dew,20.626265007521873,0.980267868488985,0.019732131511015046,0.3466536536536537,0.6533463463463463,1151.1493922410466,41.807773598252915,0.02634579131085227,0.0012458174676748476,0.04369386285113665,0.03355850650920921
Dew,20.701775268006056,0.9801631593437542,0.019836840656245802,0.34565465465465467,0.6543453453453454,1151.0696141951323,41.945621457605654,0.026344975364530586,0.0012505206355280052,0.04369218791317864,0.03354252642132133
Dew,20.77785321796995,0.9800576355955117,0.019942364404488294,0.3446556556556557,0.6553443443443443,1150.989212035413,42.084557348092716,0.02634415292777478,0.0012552607396403678,0.04369049994474937,0.03352654633343344
Bubble,20.805688947043215,0.9800190190190191,0.01998098098098089,0.3442920034229734,0.6557079965770266,1150.9597878180464,42.1354047095325,0.026343851918747052,0.001256995464280609,0.04368988223013013,0.03352072931595423
Dew,20.854505581276882,0.9799512872819184,0.020048712718081636,0.3436566566566567,0.6563433433433433,1150.9081780901852,42.22459475974612,0.02634332391958727,0.001260038235413551,0.0436887987864903,0.03351056624554555
Dew,20.931739192559256,0.9798441042716345,0.02015589572836555,0.34265765765765765,0.6573423423423423,1150.8265045570026,42.36574741382034,0.026342488257571347,0.0012648535860215284,0.04368708427633949,0.03349458615765766
Dew,21.009560999570848,0.979736076260604,0.020263923739396016,0.3416586586586587,0.6583413413413413,1150.7441834997926,42.50802926787404,0.026341645857899904,0.0012697072625809708,0.04368535624947226,0.03347860606976977
Dew,21.087978065628107,0.9796271927682304,0.02037280723176962,0.34065965965965966,0.6593403403403404,1150.6612068458771,42.65145452105024,0.02634079663528319,0.001274599744328003,0.04368361453823989,0.033462625981881884
Dew,21.166997572132914,0.9795174431334608,0.020482556866539242,0.3396606606606607,0.6603393393393393,1150.577566382944,42.79603761953821,0.026339940502936015,0.0012795315188009056,0.04368185897210715,0.033446645893993994
Dew,21.246626821112994,0.9794068165107385,0.020593183489261563,0.3386616616616617,0.6613383383383383,1150.4932537558918,42.941793262073986,0.026339077372543526,0.001284503082024489,0.04368008937758743,0.033430665806106104
Dew,21.326873237883746,0.979295301865874,0.020704698134125964,0.3376626626626627,0.6623373373373374,1150.4082604636255,43.08873640571231,0.026338207154226512,0.0012895149387031238,0.04367830557817671,0.03341468571821822
Dew,21.40774437376697,0.9791828879717723,0.02081711202822768,0.3366636636636637,0.6633363363363363,1150.3225778557378,43.23688227172527,0.026337329756505407,0.0012945676024181195,0.04367650739428527,0.03339870563033032
Dew,21.489247908873075,0.979069563404052,0.02093043659594797,0.33566466466466466,0.6643353353353354,1150.2361971291048,43.38624635164307,0.0263364450862634,0.0012996615958299229,0.04367469464316756,0.03338272554244244
Bubble,21.52487238103077,0.9790200200200201,0.020979979979979912,0.33523044982338973,0.6647695501766102,1150.1984317717925,43.45155083001532,0.026336058271726952,0.0013018887076931278,0.043673902142242246,0.03337577979841993
Dew,21.57139165496441,0.9789553165365467,0.021044683463453357,0.3346656656656657,0.6653343343343343,1150.1491093243876,43.53684441347541,0.026335553048708465,0.0013047974508863171,0.043672867138850255,0.033366745454554564
Dew,21.654183558401087,0.9788401355366674,0.021159864463332664,0.33366666666666667,0.6663333333333333,1150.061305322431,43.688692508118294,0.026334653547334295,0.001309975709036775,0.04367102469205809,0.033350765366666674
Dew,21.737631703193692,0.9787240083606344,0.021275991639365555,0.3326676676676677,0.6673323323323324,1149.9727758405559,43.84180697599945,0.02633374648388007,0.001315196921454584,0.04366916711013755,0.033334785278778784
Dew,21.82174431408268,0.978606922748579,0.02139307725142108,0.3316686686686687,0.6683313313313313,1149.8835114287522,43.99620445378403,0.026332831758289148,0.0013204616492614285,0.043667294196978554,0.03331880519089089
Dew,21.9065297597531,0.9784888662194984,0.021511133780501613,0.3306696696696697,0.6693303303303303,1149.793502465755,44.15190188138345,0.02633190926866641,0.001325770463761711,0.04366540575293372,0.033302825103003
Dew,21.991996556151197,0.9783698260660587,0.021630173933941253,0.3296706706706707,0.6703293293293293,1149.7027391550077,44.30891650919278,0.026330978911234468,0.0013311239466844238,0.04366350157473529,0.03328684501511512
Dew,22.078153369833093,0.9782497893492574,0.02175021065074262,0.32867167167167166,0.6713283283283283,1149.6112115205071,44.46726590540062,0.02633004058028848,0.0013365226904278888,0.04366158145540966,0.03327086492722723
Dew,22.16500902148528,0.9781287428929148,0.021871257107085186,0.3276726726726727,0.6723273273273274,1149.518909402525,44.62696796368464,0.0263290941681497,0.0013419672983168035,0.043659645184189355,0.03325488483933934
Bubble,22.24228167927349,0.9780210210210211,0.021978978978978936,0.32679065693765214,0.6732093430623478,1149.4367638317817,44.7691072637251,0.026328251775261467,0.0013468129392276535,0.043657922054354356,0.033240776027440376
Dew,22.252572489505525,0.9780066732780193,0.02199332672198076,0.32667367367367367,0.6733263263263263,1149.4258224532077,44.78804091104319,0.026328139565117627,0.001347458384864123,0.04365769254642252,0.03323890475145145
Dew,22.340852913667195,0.9778835668368883,0.022116433163111727,0.3256746746746747,0.6743253253253253,1149.3319401320325,44.95050331581506,0.026327176659420557,0.0013529965760393588,0.04365572332347955,0.03322292466356356
Dew,22.429859598961354,0.9777594096471582,0.022240590352841802,0.3246756756756757,0.6753243243243243,1149.2372517011404,45.11437409609892,0.026326205337164937,0.0013585825095496899,0.04365373729265691,0.033206944575675676
Dew,22.519602019477173,0.9776341875255998,0.02236581247440012,0.3236766766766767,0.6763233233233232,1149.141746220515,45.279672528260015,0.026325225482282767,0.0013642168351245148,0.04365173422707824,0.033190964487787786
Dew,22.610089822450057,0.9775078860217411,0.022492113978258923,0.3226776776776777,0.6773223223223224,1149.0454125430306,45.44641825581472,0.02632423697647782,0.0013699002148122139,0.04364971389559238,0.0331749843998999
Dew,22.701332832391678,0.9773804904112905,0.022619509588709504,0.3216786786786787,0.6783213213213213,1148.94823930933,45.614631298500505,0.026323239699169866,0.0013756333232833647,0.04364767606266805,0.03315900431201201
Dew,22.793341055399146,0.9772519856893666,0.022748014310633422,0.3206796796796797,0.6793203203203203,1148.8502149425562,45.78433206174985,0.026322233527437268,0.0013814168481470189,0.04364562048828568,0.03314302422412413
Dew,22.886124683510197,0.9771223565635172,0.022877643436482843,0.3196806806806807,0.6803193193193193,1148.7513276429238,45.95554134627021,0.026321218335957883,0.0013872514902710995,0.04364354692782568,0.03312704413623624
Bubble,22.957919683084352,0.977022022022022,0.02297797797797796,0.3189134018270214,0.6810865981729786,1148.6747839850073,46.08807523436374,0.026320432414937547,0.0013917679122066365,0.043641941966466466,0.033114770666965214
Dew,22.979694099290096,0.9769915874465069,0.023008412553493073,0.3186816816816817,0.6813183183183182,1148.6515653821011,46.12828035814568,0.02632019399694787,0.0013931379641194785,0.043641455131953076,0.03311106404834835
Dew,23.074059880487354,0.9768596624489089,0.023140337551091097,0.3176826826826827,0.6823173173173174,1148.5509158974494,46.30257071909697,0.026319160380098898,0.0013990769980948173,0.04363934484649899,0.033095083960460465
Dew,23.16923280482903,0.9767265653714291,0.023273434628570924,0.3166836836836837,0.6833163163163163,1148.4493666860426,46.47843447705782,0.026318117352512937,0.0014050693348919663,0.04363721581233792,0.033079103872572575
Dew,23.26522385505658,0.9765922796970071,0.02340772030299284,0.3156846846846847,0.6843153153153153,1148.3469049985217,46.655894117294245,0.02631706477863528,0.0014111157318688057,0.0436350677652613,0.033063123784684685
Dew,23.362044223995312,0.9764567885826637,0.02354321141733627,0.3146856856856857,0.6853143143143143,1148.2435178327469,46.834972573604446,0.026316002520185282,0.0014172169614206046,0.043632900435847145,0.0330471436967968
Dew,23.459705319868064,0.9763200748510776,0.023679925148922337,0.3136866866866867,0.6863133133133132,1148.1391919272385,47.01569324007073,0.026314930436084797,0.00142337381137218,0.04363071354932533,0.03303116360890891
Dew,23.55821877175223,0.9761821209818967,0.02381787901810331,0.31268768768768773,0.6873123123123123,1148.0339137544102,47.1980799831386,0.026313848382384354,0.0014295870853811008,0.04362850682543852,0.03301518352102102
Dew,23.657596435213605,0.9760429091027677,0.023957090897232334,0.3116886886886887,0.6883113113113113,1147.9276695135845,47.38215715409791,0.02631275621218686,0.0014358576033542511,0.04362627997829878,0.03299920343313313
Bubble,23.671789242324806,0.976023023023023,0.023976976976976982,0.3115467242456039,0.6884532757543961,1147.9124922186977,47.40845378489483,0.026312600176326452,0.0014367533619938865,0.043625961878578576,0.0329969325557051
Dew,23.75785039809248,0.9759024209800617,0.02409757901993829,0.3106896896896897,0.6893103103103103,1147.8204451237725,47.56794960191279,0.026311653775568832,0.0014421862018761738,0.043624032716239165,0.03298322334524525
Dew,23.85899298652687,0.9757606380093071,0.02423936199069286,0.3096906906906907,0.6903093093093093,1147.712226216212,47.75548268658946,0.02631054091949877,0.0014485737346549832,0.04362176474166068,0.03296724325735736
Dew,23.96103677116967,0.9756175412052916,0.024382458794708406,0.3086916916916917,0.6913083083083083,1147.6029981266695,47.94478229298698,0.026309417487753183,0.001455021072983009,0.043619475750873965,0.03295126316946947
Dew,24.063994573535314,0.9754731111918405,0.024526888808159415,0.3076926926926927,0.6923073073073073,1147.492745887466,48.13587484492772,0.026308283320829313,0.0014615291062078884,0.0436171654339358,0.032935283081581584
Dew,24.167879472644145,0.9753273281912554,0.024672671808744516,0.3066936936936937,0.6933063063063063,1147.3814542192556,48.328787319983455,0.026307138255855317,0.0014680987422255487,0.04361483347448014,0.032919302993693694
Dew,24.272704811841432,0.9751801720133779,0.024819827986622026,0.30569469469469474,0.6943053053053052,1147.269107522499,48.52354726466395,0.026305982126496995,0.0014747309079868628,0.0436124795495432,0.03290332290580581
Dew,24.378484205861636,0.975031622044294,0.024968377955705983,0.3046956956956957,0.6953043043043043,1147.1556898686636,48.72018281016584,0.026304814762861523,0.0014814265500228178,0.04361010332938274,0.03288734281791792
Bubble,24.38389327177098,0.9750240240240241,0.024975975975975895,0.3046448522235655,0.6953551477764345,1147.149888533802,48.73024049691394,0.026304755045292887,0.0014817690162870609,0.04360998179069069,0.03288652952065338
Dew,24.48523154810925,0.9748816572346505,0.025118342765349536,0.3036966966966967,0.6963033033033033,1147.0411849911143,48.91872268861944,0.02630363599139777,0.00148818663498636,0.04360770447729119,0.03287136273003003
Dew,24.59296101823121,0.9747302560875547,0.025269743912445287,0.3026976976976977,0.6973023023023023,1146.925576275684,49.11919625000135,0.026302445634793045,0.0014950121502160904,0.04360528264940213,0.03285538264214215
Dew,24.701687089905555,0.9745773966460581,0.02542260335394182,0.3016986986986987,0.6983013013013013,1146.8088467509217,49.32163347954634,0.02630124351186643,0.001501904104316808,0.04360283749449001,0.03283940255425426
Dew,24.81142453888857,0.9744230564802054,0.025576943519794556,0.30069969969969973,0.6993003003003002,1146.6909790779816,49.52606501575406,0.02630002943745784,0.0015088635277598678,0.04360036865376302,0.03282342246636637
Dew,24.92218845141183,0.9742672126736196,0.02573278732638041,0.2997007007007007,0.7002992992992993,1146.57195554018,49.73252216919504,0.026298803222313823,0.0015158914735096608,0.04359787576064848,0.032807442378478484
Dew,25.03399423279405,0.974109841809599,0.025890158190400973,0.29870170170170174,0.7012982982982983,1146.4517580321415,49.94103694181695,0.02629756467296838,0.0015229890176671804,0.043595358440570525,0.03279146229059059
Bubble,25.09423478546591,0.9740250250250251,0.025974974974974918,0.2981673122603569,0.701832687739643,1146.386972953394,50.05343201338197,0.02629689700818837,0.0015268146020838253,0.04359400170280281,0.032782914143647895
Dew,25.146857616400546,0.9739509199567337,0.026049080043266358,0.2977027027027027,0.7022972972972973,1146.3303680485872,50.15164204704838,0.02629631359162021,0.0015301572601398008,0.043592816310719915,0.0327754822027027
Dew,25.26079467291423,0.9737904226539895,0.026209577346010482,0.2967037037037037,0.7032962962962963,1146.2077666727046,50.36437093062112,0.026295049776005122,0.0015373973253349556,0.043590248979815484,0.03275950211481481
Dew,25.375821819926774,0.9736283248952414,0.02637167510475859,0.2957047047047047,0.7042952952952952,1146.0839345640738,50.579257792132324,0.026293773019263496,0.0015447103628784353,0.043587656047856776,0.03274352202692692
Dew,25.49195583188762,0.9734646011132608,0.02653539888673913,0.2947057057057057,0.7052942942942944,1145.958851946187,50.79633760743186,0.026292483109803456,0.0015520975483600086,0.043585037105867835,0.03272754193903904
Dew,25.609213850414136,0.9732992251630765,0.02670077483692342,0.29370670670670673,0.7062932932932933,1145.8324985934596,51.01564615184457,0.026291179831158192,0.0015595600841067539,0.04358239173563109,0.03271156185115115
Dew,25.72761339496568,0.9731321703047409,0.026867829695259086,0.2927077077077077,0.7072922922922923,1145.7048538177855,51.23722002423544,0.02628986296183834,0.0015670991999844318,0.04357971950941167,0.032695581763263266
Bubble,25.802816916142397,0.9730260260260261,0.02697397397397394,0.29207818819947395,0.707921811800526,1145.6237455276103,51.37802441709699,0.026289026051965415,0.001571889850293601,0.04357802161491492,0.03268551190625761
Dew,25.847172373931684,0.9729634091854422,0.027036590814557823,0.29170870870870874,0.7082912912912913,1145.5758964545798,51.461096672031644,0.026288532275178692,0.0015747161542304976,0.043577019989671256,0.03267960167537538
Dew,25.967909096114443,0.9727929138209325,0.027207086179067568,0.2907097097097097,0.7092902902902902,1145.4456048482837,51.6873144171607,0.026287187539178906,0.0015824122343176012,0.04357429272877102,0.032663621587487486
Dew,26.089842282660154,0.9726206555762361,0.02737934442376387,0.28971071071071075,0.7102892892892892,1145.3139568373072,51.91591248302684,0.02628582851633801,0.0015901887578514222,0.04357153726866304,0.0326476414995996
Dew,26.212991079431415,0.9724466051456373,0.0275533948543627,0.2887117117117117,0.7112882882882883,1145.1809297384093,52.146931022512724,0.026284454963482654,0.001598047073502572,0.04356875314057014,0.03263166141171172
Dew,26.33737506983699,0.9722707325318863,0.027729267468113668,0.2877127127127127,0.7122872872872873,1145.0465003304625,52.38041114704505,0.026283066631588543,0.001605988561973846,0.04356593986465331,0.03261568132382383
Dew,26.46301428821216,0.9720930070245553,0.02790699297544478,0.28671371371371374,0.7132862862862863,1144.91064483756,52.616394956934855,0.026281663265594606,0.001614014637009425,0.043563096949665495,0.03259970123593594
Bubble,26.509640266643864,0.972027027027027,0.027972972972972965,0.2863455006403291,0.713654499359671,1144.8602056977463,52.704007389495004,0.026281142149580963,0.0016169943111150947,0.04356204152702703,0.03259381126279277
Dew,26.589929233610214,0.971913397177592,0.028086602822408078,0.2857147147147147,0.7142852852852852,1144.7733389114803,52.85492557268513,0.026280244604209937,0.0016221267464367386,0.04356022389259248,0.03258372114804805
Dew,26.718140884251575,0.9717318707859373,0.028268129214062777,0.28471571571571574,0.7152842842842843,1144.6345576134347,53.096047167818575,0.0262788103797129,0.0016303263732580617,0.04355732017827894,0.03256774106016016
Dew,26.847670712492146,0.9715483948612329,0.02845160513876705,0.2837167167167167,0.7162832832832833,1144.494275395091,53.3398050029205,0.026277360317742117,0.0016386150367826665,0.04355438527903977,0.032551760972272276
Dew,26.978540700347864,0.9713629356065163,0.028637064393483694,0.28271771771771775,0.7172822822822822,1144.3524660788116,53.58624546098412,0.026275894137078752,0.0016469942938023333,0.0435514186542554,0.032535780884384385
Dew,27.11077335572788,0.9711754583899073,0.028824541610092718,0.28171871871871873,0.7182812812812813,1144.2091028370976,53.83541608440117,0.026274411549420007,0.0016554657398209246,0.043548419749950794,0.032519800796496495
Bubble,27.214713295165552,0.9710280280280281,0.028971971971971877,0.2809406846717344,0.7190593153282656,1144.096354789805,54.031388280966304,0.026273245317233043,0.0016621280877964018,0.043546061439139146,0.03250735528607753
Dew,27.244391729226194,0.9709859277171901,0.02901407228280997,0.28071971971971976,0.7192802802802802,1144.0641581711657,54.08736561326888,0.026272912259142883,0.0016640310103280837,0.04354538799835695,0.03250382070860861
Dew,27.3794194317039,0.9707943072032679,0.029205692796732102,0.27972072072072074,0.7202792792792793,1143.9176038886487,54.34214402553438,0.02627139596305833,0.0016726917821332518,0.043542322817454196,0.032487840620720715
Dew,27.51588065249086,0.9706005595424131,0.029399440457586953,0.2787217217217217,0.7212782782782783,1143.7694110803482,54.59980257860189,0.02626986235015475,0.0016814497747486665,0.0435392236104964,0.03247186053283284
Dew,27.653800178430835,0.9704046464772618,0.029595353522738194,0.27772272272272275,0.7222772772772772,1143.6195500960005,54.86039385290592,0.02626831110133058,0.0016903067518370316,0.04353608976551493,0.03245588044494495
Dew,27.79320341370584,0.970206528766478,0.029793471233522082,0.2767237237237237,0.7232762762762763,1143.4679905190087,55.12397179731473,0.026266741889115354,0.0016992645227198705,0.043532920654801466,0.032439900357057065
Bubble,27.918037098051318,0.9700290290290291,0.0299709709709709,0.2758381482685356,0.7241618517314644,1143.3321923637916,55.360157268225336,0.02626533553057389,0.0017072907659652077,0.043530081351251255,0.03242573460351832
Dew,27.934116400426735,0.9700061661510292,0.029993833848970773,0.27572472472472476,0.7242752752752752,1143.3147011400774,55.39059177634128,0.026265154377378568,0.001708324943946101,0.04352971563436848,0.032423920269169175
Dew,28.07656584022277,0.9698035173189921,0.030196482681007907,0.27472572572572573,0.7252742742742743,1143.1596499297032,55.6603106196868,0.026263548221025765,0.0017174899209372154,0.04352647404338633,0.032407940181281285
Dew,28.2205791166658,0.9695985398688155,0.03040146013118449,0.27372672672672677,0.7262732732732733,1143.002804009446,55.93318667375915,0.026261923065681068,0.001726761409698303,0.043523195203595565,0.032391960093393395
Dew,28.366184318728035,0.9693911902709461,0.03060880972905387,0.27272772772772774,0.7272722722722722,1142.8441296219319,56.20927985561659,0.026260278547355645,0.0017361414186090507,0.043519878418693085,0.032375980005505504
Dew,28.51341026525551,0.9691814238277504,0.03081857617224963,0.2717287287287287,0.7282712712712713,1142.6835920995045,56.48865170930634,0.026258614292100965,0.001745632010294056,0.04351652297369108,0.03235999991761762
Bubble,28.619615317574045,0.9690300300300301,0.030969969969969924,0.27101489722312966,0.7289851027768703,1142.5677185899883,56.69031023327406,0.026257412779244774,0.0017524821115557866,0.043514101263363365,0.03234858139747091
Dew,28.66228653051035,0.9689691946316155,0.03103080536838458,0.27072972972972975,0.7292702702702702,1142.521155831461,56.77136546472542,0.026256929915646435,0.0017552353035766674,0.043513128134246785,0.03234401982972973
Dew,28.81284347087266,0.9687544555211305,0.031245544478869527,0.26973073073073073,0.7302692692692693,1142.3567842297764,57.05748609921619,0.02625522502302011,0.0017649534755232094,0.04350969314596156,0.03232803974184184
Dew,28.965112252781697,0.968537158035278,0.031462841964722016,0.26873173173173176,0.7312682682682683,1142.1904396932662,57.347080402085034,0.02625349920815192,0.0017747887635837412,0.043506217233648115,0.03231205965395396
Dew,29.11912488189754,0.9683172523654612,0.031682747634538794,0.26773273273273274,0.7322672672672672,1142.022083570058,57.640217042013745,0.026251752053458175,0.0017847434678287424,0.043502699600563154,0.03229607956606607
Dew,29.27491423364802,0.9680946873052921,0.03190531269470791,0.26673373373373377,0.7332662662662662,1141.8516761183046,57.93696663774364,0.02624998312940635,0.0017948199532938206,0.04349913942760419,0.03228009947817818
Bubble,29.319451712646824,0.968031031031031,0.03196896896896895,0.26645021523804174,0.7335497847619583,1141.8029336670306,58.0218432587223,0.026249477053523557,0.0017977019004544565,0.043498121175475475,0.032275564287969245
Dew,29.432514085227616,0.9678694101979931,0.03213058980200693,0.26573473473473475,0.7342652652652653,1141.6791764650227,58.23740183219418,0.026248191994058975,0.0018050206524378414,0.04349553587246812,0.03226411939029029
Dew,29.591959149010513,0.9676413668812778,0.032358633118722176,0.2647357357357357,0.7352642642642643,1141.5045425629535,58.54159736994715,0.026246378192595374,0.00181534806771273,0.04349188806876961,0.032248139302402404
Dew,29.753285107678536,0.9674105016295547,0.03258949837044537,0.26373673673673675,0.7362632632632633,1141.3277311453305,58.84963017878101,0.02624454125681015,0.0018258047742665759,0.04348819512511652,0.03223215921451452
Dew,29.916528650966555,0.9671767570933072,0.03282324290669281,0.26273773773773773,0.7372622622622622,1141.1486976784226,59.161579455056916,0.026242680704586706,0.0018363934227743335,0.04348445612414025,0.03221617912662663
Bubble,30.0175501510681,0.967032032032032,0.03296796796796797,0.26212538997112594,0.737874610028874,1141.037837820374,59.35475266747533,0.026241528344290638,0.0018429499182109294,0.043482141087587585,0.03220638395051713
Dew,30.081727514202306,0.9669400742354545,0.03305992576454556,0.26173873873873876,0.7382612612612612,1140.9673963117173,59.477526753367876,0.026240796039344476,0.0018471167424093523,0.04348067012147776,0.03220019903873875
Dew,30.248920518768983,0.9667003922645624,0.033299607735437615,0.26073973973973974,0.7392602602602603,1140.7837798256207,59.797556080757346,0.026238886749458276,0.0018579775439657355,0.04347683614470317,0.03218421895085085
Dew,30.41814761458256,0.9664576485646316,0.03354235143536844,0.25974074074074077,0.7402592592592592,1140.597799576484,60.12175399573394,0.026236952307647894,0.0018689787231390951,0.0434729531922047,0.03216823886296297
Dew,30.589449924682675,0.9662117786213456,0.03378822137865449,0.25874174174174175,0.7412582582582583,1140.4094054388413,60.45020971232521,0.02623499217033635,0.001880123263973825,0.04346902023200491,0.03215225877507508
Bubble,30.71391460137277,0.9660330330330331,0.03396696696696688,0.2580234775370114,0.7419765224629886,1140.2724313006308,60.689035045630355,0.026233566642991746,0.0018882259595774838,0.0434661609996997,0.03214076934902979
Dew,30.762869792110546,0.9659627159444447,0.034037284055555284,0.2577427427427428,0.7422572572572572,1140.2185457446135,60.783015209582764,0.026233005776974377,0.0018914142424902825,0.04346503620051893,0.032136278687187186
Dew,30.93845082920511,0.965710391986108,0.03428960801389198,0.25674374374374376,0.7432562562562562,1140.0251672191732,61.12026534685825,0.026230992549329542,0.001902854830502465,0.04346100000124898,0.0321202985992993
Dew,31.116237969452058,0.9654547360549485,0.03454526394505156,0.25574474474474473,0.7442552552552553,1139.8292149139722,61.462057985179484,0.026228951890737127,0.001914448299637101,0.043456910503408566,0.03210431851141141
Dew,31.296277522087422,0.9651956752254665,0.0348043247745335,0.25474574574574577,0.7452542542542542,1139.6306321355905,61.80849411520914,0.026226883185310686,0.0019261980255698807,0.043452766540474086,0.03208833842352352
Bubble,31.408549124560253,0.9650340340340341,0.034965965965965906,0.25412909933094735,0.7458709006690527,1139.5067143818646,62.024687252964405,0.02622559194159978,0.0019335298279351007,0.04345018091181182,0.032078474485807765
Dew,31.478617229591308,0.9649331342425649,0.0350668657574351,0.25374674674674674,0.7462532532532533,1139.429360370926,62.15967799212237,0.026224785797109573,0.001938107492490088,0.04344856690865749,0.03207235833563564
Dew,31.663306328303786,0.9646670354208307,0.03533296457916933,0.2527477477477478,0.7472522522522522,1139.2253392082596,62.515717277958636,0.026222659069260145,0.001950180297811745,0.043444310365295155,0.03205637824774774
Dew,31.850395612344478,0.9643972985382735,0.03560270146172655,0.25174874874874875,0.7482512512512512,1139.0185062539683,62.87672319189403,0.026220502323028135,0.0019624201571460448,0.04343999562714808,0.03204039815985986
Dew,32.039937501070106,0.9641238407240433,0.03587615927595672,0.25074974974974973,0.7492502502502503,1138.8087970445197,63.24281066900033,0.026218314856838232,0.001974830909553699,0.04343562136860588,0.03202441807197197
Bubble,32.101457865902916,0.9640350350350351,0.03596496496496493,0.25042826613200825,0.7495717338679917,1138.7406873598723,63.36170642451544,0.026217604232576193,0.0019788613346552624,0.04343420082392393,0.03201927558787422
Dew,32.23198611029372,0.9638465763398099,0.036153423660190115,0.24975075075075076,0.7502492492492492,1138.5961449534766,63.61409852803939,0.026216095945237623,0.0019874165230952833,0.04343118621978923,0.032008437984084086
Dew,32.42659732757736,0.9635654168543152,0.036434583145684825,0.24875175175175177,0.7512482482482482,1138.380481093142,63.990709649040454,0.02621384483779933,0.0020001811007040113,0.043426688764543316,0.0319924578961962
Dew,32.62382889182976,0.9632802707105802,0.03671972928941982,0.24775275275275277,0.7522472472472472,1138.161734210439,64.37277116123529,0.026211560757961067,0.0020131288864000396,0.04342212753831351,0.03197647780830831
Bubble,32.792645047115876,0.963036036036036,0.03696396396396395,0.2469082253194483,0.7530917746805517,1137.9743505505264,64.70008996581765,0.02620960350883371,0.002024220298430795,0.04341822073603603,0.03196296866303243
Dew,32.82374047751397,0.9629910431853393,0.03700895681466067,0.24675375375375377,0.7532462462462463,1137.9398305766697,64.76041464209455,0.02620924290179503,0.0020262642718707527,0.04341750102589701,0.03196049772042042
Dew,33.0263937838853,0.962697636240013,0.037302363759986995,0.24575475475475478,0.7542452452452453,1137.7146938706428,65.15377632847213,0.0262068904367036,0.0020395918034498365,0.043412807659058875,0.03194451763253254
Dew,33.231852629485374,0.9623999483626918,0.037600051637308216,0.24475575575575576,0.7552442442442442,1137.486245054723,65.55299734043679,0.026204502500035216,0.0020531161895146668,0.04340804581400446,0.03192853754464464
Dew,33.44018305238927,0.9620978744003894,0.03790212559961056,0.24375675675675676,0.7562432432432432,1137.254402243239,65.95822391898325,0.026202078197614574,0.0020668423083408534,0.043403213808696064,0.03191255745675676
Bubble,33.48212163116708,0.9620370370370371,0.037962962962962865,0.24355732774633604,0.7564426722536639,1137.207705927441,66.03985118562053,0.026201589801469447,0.0020696070347968457,0.04340224064814815,0.031909367370363165
Dew,33.651453416677825,0.961791305380906,0.038208694619093986,0.24275775775775776,0.7572422422422422,1137.0190805627246,66.36960767876674,0.02619961660218092,0.0020807752164513933,0.04339830990000351,0.031896577368868875
Dew,33.86573452539703,0.9614801283234021,0.03851987167659788,0.24175875875875877,0.7582412412412413,1136.7801920032855,66.78730587654493,0.026197116751726663,0.0020949201574836326,0.04339333228067398,0.03188059728098098
Dew,34.08309974077396,0.9611642260368932,0.03883577396310677,0.24075975975975977,0.7592402402402403,1136.5376452604708,67.21148169715477,0.026194577647729103,0.002109282571633196,0.04338827907610875,0.031864617193093095
Bubble,34.16987909767397,0.9610380380380381,0.03896196196196189,0.24036491139074037,0.7596350886092597,1136.4407506832752,67.38095786707638,0.026193563031431204,0.002115020431584913,0.04338626056026027,0.03185830115909742
Dew,34.303625112080866,0.960843476905654,0.03915652309434604,0.23976076076076078,0.7602392392392392,1136.2913455668483,67.64230455801813,0.02619199825326637,0.002123868105708139,0.04338314834093053,0.031848637105205205
Dew,34.527389511802056,0.9605177546605155,0.03948224533948448,0.23876176176176178,0.7612382382382382,1136.0411945124936,68.07995043377085,0.026189377491008546,0.0021386826238455245,0.043377938055325076,0.031832657017317315
Dew,34.75447478082026,0.9601869281348803,0.03981307186511975,0.23776276276276279,0.7622372372372372,1135.787089853461,68.52460220276126,0.026186714241073637,0.0021537322189476723,0.04337264612113836,0.03181667692942943
Bubble,34.855928077751116,0.9600390390390391,0.03996096096096091,0.2373211993761313,0.7626788006238687,1135.6734867104535,68.7234227136934,0.026185523227914037,0.0021604607807314147,0.04337028047237238,0.03180961363734054
Dew,34.98496588328407,0.9598508610041923,0.0401491389958078,0.2367637637637638,0.7632362362362362,1135.5289253072426,68.97645001705683,0.026184007338736867,0.002169023224892112,0.04336727035770917,0.03180069684154154
Dew,35.21895107202505,0.9595094115075153,0.0404905884924847,0.23576476476476477,0.7642352352352353,1135.2665903341522,69.43569169807735,0.026181255571981532,0.0021845622295846227,0.04336180849741537,0.03178471675365366
Dew,35.456522065390004,0.959162432149641,0.04083756785035901,0.23476576576576577,0.7652342342342342,1134.9999699034029,69.90253315998437,0.026178457678877352,0.00220035608892537,0.04335625818090887,0.03176873666576577
Bubble,35.54027302913542,0.9590400400400401,0.040959959959959935,0.2344172103383227,0.7655827896616774,1134.9059143903173,70.06724409849198,0.02617747038530171,0.0022059279236543218,0.04335430038448449,0.03176316113829285
Dew,35.697774236471744,0.9588097693820605,0.041190230617939465,0.23376676676676678,0.7662332332332332,1134.728944242551,70.37718886324339,0.026175612344771386,0.002216411941767447,0.04335061695201238,0.03175275657787788
Dew,35.94280681581456,0.9584512632609467,0.04154873673905337,0.23276776776776778,0.7672322322322322,1134.4533885688627,70.85988230100399,0.02617271819927519,0.002232737225954681,0.04334488225224843,0.031736776489989994
Dew,36.19172310881988,0.9580867470800949,0.04191325291990509,0.23176876876876878,0.7682312312312312,1134.1731728009745,71.35084652130772,0.026169773813029693,0.0022493396955373846,0.043339051414967904,0.031720796402102104
Bubble,36.222918452947496,0.958041041041041,0.04195895895895896,0.23164467943485323,0.7683553205651468,1134.1380341171862,71.41242059793588,0.026169404498269194,0.0022514217058670297,0.0433383202965966,0.03171881145670785
Dew,36.4446307291407,0.9577160469765736,0.04228395302342636,0.2307697697697698,0.7692302302302302,1133.8881612490754,71.85032468830198,0.02616677769422772,0.00226622743927046,0.04333312165904197,0.031704816314214214
Dew,36.701641849540955,0.9573389815064264,0.04266101849357361,0.2297707707707708,0.7702292292292292,1133.5982122815433,72.35857068609413,0.02616372828487112,0.0022834089005130567,0.04332709008207494,0.03168883622632633
Bubble,36.9038688883824,0.9570420420420421,0.04295795795795787,0.22899598855523887,0.7710040114447612,1133.3698462972027,72.75895097560796,0.0261613255617565,0.0022969419764073437,0.04332234020870871,0.03167644273252846
Dew,36.96287347189735,0.9569553611878399,0.04304463881216012,0.22877177177177177,0.7712282282282282,1133.3031779659593,72.87584976936911,0.026160623956738425,0.002300892898664935,0.04332095365309681,0.03167285613843844
Dew,37.22844771806702,0.9565649880084609,0.04343501199153913,0.22777277277277277,0.7722272272272273,1133.0029036819192,73.40243926504098,0.02615746300703425,0.0023186886522798397,0.043314709204682146,0.03165687605055055
Dew,37.49849214371653,0.9561676548934883,0.04383234510651174,0.22677377377377378,0.7732262262262262,1132.697227702969,73.93862933009119,0.02615424365369001,0.0023368058040246806,0.043308353424441726,0.03164089596266266
Bubble,37.58312890784048,0.9560430430430431,0.043956956956956894,0.22646410450911003,0.77353589549089,1132.6013513472665,74.1068341660695,0.02615323357094457,0.0023424885873009915,0.04330636012082083,0.031635942462138175
Dew,37.773140077370606,0.9557631451306098,0.04423685486939022,0.22577477477477478,0.7742252252252252,1132.385980744574,74.48472377116974,0.026150964030280884,0.0023552544476673713,0.04330188284582376,0.03162491587477478
Dew,38.05253098714962,0.9553512317474512,0.04464876825254881,0.2247757757757758,0.7752242242242242,1132.0689854747109,75.04104093207103,0.02614762218052064,0.002374045157293848,0.043295293838155405,0.03160893578688689
Bubble,38.26070311238999,0.9550440440440441,0.04495595595595592,0.22404252415098008,0.77595747584902,1131.8325496940392,75.45606925889864,0.026145128521232738,0.0023880613930527847,0.04329038003293294,0.03159720662057149
Dew,38.33681087807498,0.9549316768366304,0.04506832316336959,0.2237767767767768,0.7762232232232232,1131.7460559832068,75.6079146561899,0.026144216052289934,0.0023931890189870866,0.04328858259584643,0.031592955698999
Dew,38.6261327231042,0.9545042308229623,0.045495769177037654,0.2227777777777778,0.7772222222222223,1131.41699720554,76.18569533178247,0.02614074349115003,0.0024126976652246177,0.04328174512666719,0.03157697561111111
Dew,38.92065693148494,0.9540686316666219,0.04593136833337806,0.2217787787787788,0.7782212212212212,1131.0816042962226,76.77475102891108,0.02613720223328631,0.002432583312285528,0.04327477723900246,0.03156099552322323
Bubble,38.93659612762649,0.9540450450450451,0.04595495495495494,0.22172522555259144,0.7782747744474086,1131.0634417730396,76.80665548333583,0.0261370104082182,0.002433660250173523,0.04327439994504505,0.03156013888046181
Dew,39.220551858453106,0.9536246039952723,0.04637539600472776,0.2207797797797798,0.7792202202202202,1130.7396619462475,77.3754687380447,0.02613358989781905,0.0024528588009937093,0.04326767452796878,0.03154501543533534
Dew,39.525994360848394,0.9531718581573035,0.046828141842696465,0.21978078078078078,0.7802192192192192,1130.3909436384165,77.98825572164313,0.026129903978411372,0.0024735376411684907,0.04326043236027005,0.03152903534744745
Bubble,39.61081259981481,0.9530460460460461,0.04695395395395385,0.21950662446114166,0.7804933755388583,1130.2940280277774,78.15859219325297,0.026128879227676385,0.002479285016729647,0.04325841985715716,0.03152464991554287
Dew,39.83717040380385,0.9527100891872209,0.04728991081277913,0.2187817817817818,0.7812182182182182,1130.0352108334973,78.61354099151369,0.026126141834094493,0.0024946340602016396,0.04325304585764771,0.03151305525955956
Dew,40.154275724452965,0.9522389756729812,0.0477610243270188,0.2177827827827828,0.7822172172172173,1129.6722120791592,79.25177692666908,0.026122300679218707,0.002516163056243005,0.043245509878762585,0.031497075171671676
Bubble,40.28335719242439,0.9520470470470471,0.047952952952952876,0.21738153538937155,0.7826184646106285,1129.5243089089984,79.51187885301295,0.02612073497554381,0.0025249355519301416,0.043242439769269274,0.03149065677824193
Dew,40.477516559221556,0.9517581785137347,0.048241821486265324,0.2167837837837838,0.7832162162162162,1129.3016820326038,79.90344104801652,0.02611837757242731,0.0025381404565299115,0.04323781899932356,0.031481095083783786
Dew,40.80711044252944,0.951267339554669,0.048732660445331,0.2157847847847848,0.7842152152152152,1128.92334038641,80.56903796927162,0.02611436940453433,0.0025605829814949197,0.043229967490250445,0.031465114995895896
Bubble,40.95423458282382,0.9510480480480481,0.0489519519519519,0.21534513677403835,0.7846548632259617,1128.7542848739379,80.86651502365805,0.026112577647901106,0.0025706117157303504,0.043226459681381384,0.031458082342351194
Dew,41.14328708546486,0.9507660800838197,0.049233919916180265,0.2147857857857858,0.7852142142142142,1128.5368906856631,81.24910154541989,0.0261102728851708,0.0025835083153505486,0.04322194929362879,0.031449134908008006
Dew,41.486289344711096,0.9502539991733104,0.0497460008266896,0.2137867867867868,0.7862132132132131,1128.1420190225633,81.94419724423702,0.02610608452804285,0.002606935183985578,0.04321375799617619,0.03143315482012012
Bubble,41.62344945933805,0.9500490490490491,0.04995095095095092,0.21339293971612938,0.7866070602838706,1127.98395638567,82.2225003500278,0.02610440724095824,0.0026163133684697177,0.043210479593493493,0.031426854802993176
Dew,41.83637429309556,0.9497306718449754,0.050269328155024585,0.21278778778778779,0.7872122122122123,1127.7383925927227,82.65492476920524,0.026101800634622443,0.002630883441100959,0.043205386799899416,0.03141717473223223
Dew,42.19381440534515,0.9491956470369789,0.05080435296302111,0.2117887887887888,0.7882112112112112,1127.3256580947325,83.38192096759818,0.02609741727606171,0.0026553741636901724,0.043196828489568226,0.03140119464434434
Bubble,42.291006518463206,0.94905005005005,0.050949949949949946,0.21152075988145022,0.7884792401185498,1127.2133239124776,83.57983454834253,0.026096223751040162,0.0026620403705271854,0.04319449950560561,0.03139690722713966
Dew,42.55889887448053,0.9486484453445427,0.05135155465545728,0.2107897897897898,0.7892102102102102,1126.9034399518127,84.12586306219741,0.02609293027309013,0.002680429758122884,0.04318807539657584,0.03138521455645646
Dew,42.931935076964535,0.948088556503087,0.051911443496912985,0.2097907907907908,0.7902092092092092,1126.4713383306366,84.88747225177849,0.02608833517361245,0.002706074078308614,0.04317911935867903,0.03136923446856857
Bubble,42.95691020909338,0.9480510510510511,0.05194894894894886,0.20972469219564455,0.7902753078043554,1126.442387863069,84.93851676232515,0.026088027173086642,0.002707792561847708,0.04317851941771771,0.03136817714883074
Dew,43.31325020768536,0.9475154365771616,0.05248456342283832,0.2087917917917918,0.7912082082082081,1126.0289269284515,85.66751773294125,0.02608362722767904,0.0027323325576603637,0.04316995167503194,0.03135325438068068
Bubble,43.621165724020145,0.9470520520520521,0.05294794794794788,0.20800108801581726,0.7919989119841827,1125.671148837891,86.29854802937778,0.0260798175064722,0.002753569840596653,0.04316253932982984,0.031340606204009816
Dew,43.70319310961289,0.9469285048119143,0.05307149518808569,0.2077927927927928,0.7922072072072072,1125.5757504944795,86.46682120523752,0.0260788013594427,0.002759232356884463,0.04316056305582186,0.03133727429279279
Dew,44.10213632704817,0.9463271400961293,0.05367285990387072,0.2067937937937938,0.7932062062062062,1125.1113220455318,87.28626193184074,0.02607385213564788,0.002786802529959689,0.0431509435656917,0.031321294204904905
Bubble,44.2837775345847,0.9460530530530531,0.053946946946946905,0.2063465345004948,0.7936534654995052,1124.8996072580728,87.6599276274679,0.026071594746414434,0.0027993720468094357,0.04314655924194195,0.03131413980052336
Dew,44.510478417125995,0.9457106769766954,0.05428932302330454,0.20579479479479482,0.7942052052052052,1124.6351197284937,88.12678244228321,0.026068773730114632,0.0028150742111346214,0.04314108255998692,0.03130531411701702
Dew,44.92864656015546,0.9450784011528491,0.054921598847150886,0.20479579579579582,0.7952042042042042,1124.1465832734082,88.9893949787579,0.026063559883579654,0.0028440808262621474,0.04313096861268109,0.03128933402912913
Bubble,44.944750346523705,0.9450540540540541,0.05494594594594593,0.2047578359359062,0.7952421640640938,1124.1277636074174,89.02265544703938,0.026063358889576956,0.002845199038006292,0.043130579154054056,0.03128872681941435
Dew,45.35709951763283,0.9444295443646616,0.055570455635338384,0.2037967967967968,0.7962032032032031,1123.6451099699307,89.8751888080841,0.02605820385813222,0.0028738583324624677,0.04312058943461157,0.03127335394124124
Bubble,45.60408886290535,0.9440550550550552,0.05594494494494484,0.20323199680548495,0.796768003194515,1123.355618372468,90.38673139727416,0.026055109932681994,0.0028910506703332633,0.043114599066166166,0.03126431934410022
Dew,45.796330996155596,0.9437632785731535,0.05623672142684658,0.2027977977977978,0.7972022022022022,1123.1300500866191,90.78533854507539,0.026052698385332824,0.0029044454908784905,0.043109931780384025,0.03125737385335336
Dew,46.24687348728442,0.9430787093081447,0.05692129069185528,0.2017987987987988,0.7982012012012012,1122.6007016358597,91.72111366274007,0.026047035606914015,0.00293588417825742,0.04309898134196402,0.031241393765465468
Bubble,46.261797782415655,0.9430560560560561,0.056943943943943864,0.20176620641628001,0.79823379358372,1122.5831720421081,91.75215539724341,0.026046847872501215,0.0029369267983306636,0.04309861897827828,0.03124087241445546
Dew,46.70930266869806,0.9423748680333952,0.057625131966604765,0.2007997997997998,0.7992002002002002,1122.0563043665045,92.68388940307489,0.026041207006729492,0.002968219744343357,0.043087722626548995,0.031225413677577578
Bubble,46.91788179781072,0.9420570570570571,0.05794294294294289,0.20035782491789683,0.7996421750821032,1121.8104251072014,93.11892736756845,0.026038572705847456,0.0029828272747164557,0.04308263889039039,0.03121834380316917
Dew,47.18424246934574,0.9416507033456438,0.058349296654356196,0.19980080080080082,0.8001991991991992,1121.496032840682,93.6751593461012,0.026035203332329723,0.003001501423500604,0.04307613881578725,0.031209433589689695
Bubble,47.57234559440941,0.9410580580580581,0.05894194194194191,0.1990043705693473,0.8009956294306527,1121.0373780602395,94.48704722240996,0.02603028442956663,0.0030287519501784534,0.0430666588025025,0.03119669381206434
Dew,47.67237092575548,0.9409050707818627,0.05909492921813726,0.19880180180180182,0.8011981981981982,1120.9189884182663,94.69654995604009,0.02602901450417147,0.003035782810985331,0.04306421160273376,0.0311934535018018
Dew,48.174426984917204,0.9401367209558478,0.05986327904415227,0.19780280280280282,0.8021971971971972,1120.3241899313282,95.74983749491876,0.026022629510008468,0.003071122416615948,0.04305192100208184,0.031177473413913914
Bubble,48.2251938487865,0.9400590590590591,0.059940940940940934,0.19770350812591264,0.8022964918740874,1120.2640313950228,95.85651486208033,0.026021983040530355,0.0030747006731848183,0.04305067871461462,0.03117588508633291
Dew,48.69131157286845,0.9393442856761725,0.06065571432382752,0.1968038038038038,0.8031961961961962,1119.7105264268953,96.83718301603015,0.02601603543682332,0.003107591218523276,0.04303924512810462,0.031161493326026028
Bubble,48.8764312274781,0.9390600600600602,0.06093993993993985,0.1964530382329693,0.8035469617670307,1119.4903856063638,97.22733016588347,0.02601366853562914,0.003120673289800087,0.043034698626726736,0.0311558824448784
Dew,49.22375083522012,0.9385262616105787,0.06147373838942131,0.1958048048048048,0.8041951951951952,1119.0768785694302,97.96035615839702,0.0260092204440966,0.003145247773231206,0.043026159933348976,0.031145513238138137
Bubble,49.52606238583349,0.9380610610610611,0.06193893893893887,0.1952508877264998,0.8047491122735002,1118.716441189795,98.59949298544981,0.0260053409117656,0.003166669643515358,0.043018718538838846,0.031136652725161862
Dew,49.7727948888799,0.9376809909404802,0.062319009059519793,0.1948058058058058,0.8051941941941942,1118.4219151222362,99.12188885585621,0.026002169216906137,0.0031841752453348102,0.04301263889918302,0.031129533150250254
Bubble,50.174091966916166,0.9370620620620621,0.0629379379379379,0.19409510075131114,0.8059048992486888,1117.9421986413165,99.97300313841801,0.02599700016584862,0.003212689575087804,0.04300273845095095,0.031118164641128047
Dew,50.339524000208435,0.9368066383039153,0.06319336169608471,0.19380680680680681,0.8061931931931932,1117.7441928930525,100.32439954757223,0.025994865503113265,0.003224459750594453,0.04299865266697327,0.031113553062362364
Bubble,50.82052460047662,0.9360630630630631,0.06393693693693692,0.1929838306176703,0.8070161693823297,1117.167658457127,101.34786040233784,0.025988646294787095,0.003258732922385726,0.04298675836306306,0.031100388652943317
Dew,50.925137418886244,0.9359011631127128,0.06409883688728722,0.19280780780780782,0.8071921921921922,1117.042106955551,101.57080119451709,0.02598729121583014,0.0032661970526731616,0.04298416859526727,0.031097572974474474
Bubble,51.46536490199999,0.9350640640640641,0.06493593593593594,0.19191533232590893,0.808084667674091,1116.3928211333991,102.72406450900164,0.025980279295484743,0.0033047995202456475,0.042970778275175175,0.031083296847418476
Dew,51.53097266765335,0.9349622860575937,0.0650377139424063,0.19180880880880882,0.8081911911911912,1116.3138642264644,102.86434947208986,0.02597942613263051,0.003309494138457796,0.042969150224005874,0.03108159288658659
Bubble,52.108617471877295,0.9340650650650651,0.06593493493493485,0.19088795569597053,0.8091120443040295,1115.617687166063,104.10161513915385,0.025971899164835006,0.003350889200340049,0.04295479818728729,0.03106686282810831
Dew,52.158529068525674,0.9339874482350283,0.06601255176497171,0.19080980980980983,0.8091901901901901,1115.5574512189467,104.2087015964429,0.02597124752833672,0.003354471140540581,0.04295355662071234,0.0310656127986987
Bubble,52.75028689450939,0.9330660660660661,0.06693393393393388,0.18990013904564776,0.8100998609543523,1114.8422570505836,105.48051191722537,0.025963505899715883,0.0033970017910443496,0.04293881809939941,0.031051061614188087
Dew,52.809496697481904,0.932973760805492,0.06702623919450802,0.18981081081081083,0.8101891891891891,1114.7705943227056,105.60798878590143,0.025962729722560255,0.003401263704775838,0.042937341575220736,0.031049632710810814
Bubble,53.39037773755847,0.9320670670670671,0.0679329329329329,0.18895040336708968,0.8110495966329103,1114.066531281761,106.86075440651247,0.025955099496985226,0.003443137117316821,0.04292283801151152,0.031035869547300303
Dew,53.48579239381401,0.9319179423539331,0.06808205764606688,0.18881181181181184,0.8111881881881882,1113.9507103760416,107.06690645151902,0.02595384351646034,0.0034500259364388945,0.04292045259768775,0.031033652622922923
Bubble,54.02889455122063,0.9310680680680681,0.06893193193193192,0.18803734695646887,0.8119626530435311,1113.2905103535445,108.242342104591,0.02594667995347638,0.0034892950005846377,0.04290685792362363,0.031021264205650368
Dew,54.189605043653,0.9308162400665776,0.06918375993342235,0.1878128128128128,0.8121871871871872,1113.0948444622916,108.59082770979022,0.025944555483690956,0.003500934107391032,0.042902829657728986,0.031017672535035037
Bubble,54.665841867556566,0.9300690690690692,0.06993093093093083,0.18715964045610542,0.8128403595438946,1112.5141947588538,109.62527443888789,0.025938247265993964,0.003535475258633904,0.042890877835735745,0.031007224324699906
Dew,54.92345324351306,0.9296643292970512,0.07033567070294874,0.18681381381381382,0.8131861861861862,1112.1995906453008,110.18594804632995,0.025934827066576613,0.0035541913795248147,0.04288440357786857,0.03100169244714715
Bubble,55.301224199831644,0.9290700700700701,0.07092992992992986,0.18631602227283403,0.8136839777271659,1111.7375849893995,111.00955076253351,0.025929801431309633,0.003581677705507269,0.042874897747847855,0.03099372972387848
Dew,55.690259757691734,0.9284571838027665,0.07154281619723347,0.18581481481481482,0.8141851851851851,1111.260989548773,111.8594722620735,0.025924613407871694,0.0036100339074065938,0.042865093957827435,0.03098571235925926
Bubble,55.93504604192552,0.9280710710710711,0.07192892892892888,0.18550529433948518,0.8144947056605149,1110.960681535521,112.3951703503566,0.025921342446158232,0.00362790215140526,0.042858917659959965,0.030980761238783842
Dew,56.49344917422508,0.927188905444511,0.0728110945554889,0.18481581581581583,0.8151841841841841,1110.2743939303812,113.61985986225172,0.025913861816978977,0.0036687388469057794,0.04284480645038094,0.03096973227137137
Bubble,56.56731186773758,0.9270720720720721,0.0729279279279279,0.1847263181901689,0.8152736818098311,1110.1834848860267,113.78213239513327,0.025912870307234007,0.0036741484025945084,0.042842937572072075,0.030968300658401757
Bubble,57.19802613072932,0.9260730730730731,0.07392692692692693,0.1839780113222726,0.8160219886777274,1109.4059955280563,115.17043600402116,0.025904385011187293,0.003720416261321357,0.04282695748418419,0.0309563306669122
Dew,57.33707826958774,0.9258524966988692,0.0741475033011308,0.18381681681681683,0.8161831831831832,1109.2342891039652,115.47715289570237,0.025902509720376152,0.003730635052293255,0.04282342912244479,0.030953752183483486
Bubble,57.82719326332665,0.9250740740740742,0.07492592592592584,0.18325934382150583,0.8167406561784942,1108.628213946912,116.56008019504921,0.02589588655462051,0.0037667055257258717,0.0428109773962963,0.030944834789703193
Dew,58.22601357679073,0.9244395505881139,0.0755604494118861,0.18281781781781783,0.8171821821821822,1108.134048160789,117.44342285257078,0.02589048186710954,0.0037961176548097463,0.04280082749516253,0.030937772095595596
Bubble,58.45481767649882,0.9240750750750751,0.07592492492492486,0.18256933522766272,0.8174306647723373,1107.850140625937,117.9510638939258,0.025887374934085234,0.0038130159897656417,0.04279499730840841,0.030933797343235217
Bubble,59.08090375928975,0.9230760760760761,0.07692392392392389,0.18190705162158738,0.8180929483784126,1107.071776046372,119.34338593091104,0.02587885014607873,0.003859347443140687,0.04277901722052052,0.030923203388444072
Dew,59.16617891352021,0.9229398181175716,0.07706018188242837,0.18181881881881884,0.8181811811811812,1106.9655904890496,119.53339412363522,0.0258776864293658,0.0038656683963801245,0.04277683762459049,0.03092179200770771
Bubble,59.70545587840478,0.9220770770770771,0.07792292292292291,0.181271602915193,0.8187283970848069,1106.2931206872297,120.73704503783306,0.025870312187040924,0.0039056996712224607,0.04276303713263264,0.03091303868739172
Dew,60.16490984532345,0.9213405882853911,0.07865941171460888,0.18081981981981982,0.8191801801801801,1105.7188923605297,121.76533749974035,0.025864009412834992,0.003939884763928579,0.042751256184271946,0.03090581191981982
Bubble,60.32847837780241,0.9210780780780782,0.07892192192192182,0.18066214032840977,0.8193378596715902,1105.514175025168,122.13203984532419,0.025861761053351348,0.003952072454989066,0.04274705704474475,0.030903289662907278
Bubble,60.94997557829191,0.9200790790790792,0.07992092092092085,0.18007785403796336,0.8199221459620366,1104.7349395343629,123.52836888000611,0.025853196741326013,0.003998465570958467,0.04273107695685686,0.030893943360976665
Dew,61.23147760464275,0.919625770636471,0.08037422936352896,0.17982082082082082,0.8201791791791792,1104.381262842702,124.16239185686842,0.025849306386543616,0.004019523075827085,0.04272382578967806,0.030889831831931933
Bubble,61.5699517771953,0.9190800800800801,0.08091991991991987,0.179517970984764,0.820482029015236,1103.9554146863957,124.92603056206414,0.0258446192472147,0.004044878791133435,0.04271509686896897,0.030884987415669387
Bubble,62.18841124799422,0.9180810810810811,0.08191891891891889,0.1789817528272592,0.8210182471727407,1103.175600950139,126.32502320268057,0.02583602856719811,0.004091311882941785,0.042699116781081084,0.030876410016400117
Dew,62.377893270989645,0.917774484708066,0.08222551529193402,0.17882182182182182,0.8211781781781782,1102.9362310007302,126.75459446459224,0.025833389775817218,0.004105564654369528,0.042694212434838695,0.030873851744044046
Bubble,62.805358239982496,0.9170820820820821,0.08291791791791792,0.1784684940299202,0.8215315059700798,1102.395498791635,127.72534500177227,0.02582742469738493,0.00413776460918553,0.0426831366931932,0.030868199877352013
Bubble,63.42079697798095,0.9160830830830832,0.08391691691691683,0.17797752007614154,0.8220224799238585,1101.615108673999,129.12699404570793,0.025818807633809424,0.004184236727989467,0.04266715660530531,0.03086034620888997
Dew,63.620199936512705,0.9157587875420663,0.08424121245793374,0.17782282282282283,0.8221771771771772,1101.361754715703,129.58214597276947,0.02581600842345736,0.004199322215630441,0.04266196914140165,0.03085787165615616
Bubble,64.03473166201024,0.9150840840840841,0.08491591591591585,0.17750818579662922,0.8224918142033708,1100.8344310573018,130.52996830520314,0.02581017737242852,0.004230727992754684,0.04265117651741742,0.030852838690821463
Bubble,64.6471664670116,0.9140850850850851,0.08591491491491487,0.1770598738043617,0.8229401261956383,1100.0534663984674,131.93426563326312,0.02580153390911928,0.004277238152113538,0.04263519642952953,0.03084566744736195
Dew,64.9808293876078,0.9135397918850406,0.0864602081149594,0.17682382382382383,0.8231761761761762,1099.6270648741677,132.70135378609612,0.025796810413112083,0.004302633432594845,0.04262647386497231,0.030841891568268272
Bubble,65.2581055426003,0.9130860860860861,0.0869139139139139,0.17663199302844595,0.8233680069715541,1099.2722151511791,133.3398837633247,0.025792877239676534,0.004323766949890657,0.04261921634164165,0.030838823023682328
Bubble,65.86755301272903,0.9120870870870871,0.08791291291291292,0.17622397733960937,0.8237760226603906,1098.4906777657593,134.74682030724452,0.025784207359809942,0.004370314125058688,0.04260323625375376,0.030832296363922127
Bubble,66.47551297551543,0.9110880880880882,0.08891191191191183,0.17583528426067613,0.8241647157393239,1097.708854689087,136.15507275368148,0.025775524265141837,0.004416879411706658,0.04258725616586587,0.030826078790562202
Dew,66.49227609965449,0.9110605144399161,0.08893948556008391,0.17582482482482484,0.8241751751751751,1097.687272357618,136.193972991913,0.02577528443740468,0.004418165317791032,0.04258681509503235,0.03082591148038038
Bubble,67.08198950294802,0.9100890890890891,0.08991091091091086,0.17546539375605127,0.8245346062439487,1096.9267463644942,137.56463846632235,0.025766827951204684,0.0044634625390029175,0.042571276077977976,0.030820161985061174
Bubble,67.68698664067665,0.9090900900900901,0.09090990990990988,0.17511380709454938,0.8248861929054506,1096.144353231666,138.9755146823059,0.02575811841343852,0.004510063231164398,0.04255529599009009,0.030814537969665122
Dew,68.20590749137394,0.908231284132879,0.09176871586712099,0.17482582582582584,0.8251741741741742,1095.4715301111944,140.18945832736586,0.025750620573766522,0.004550138607628515,0.042541558444117944,0.030809931392492496
Bubble,68.29050840774435,0.9080910910910911,0.0919089089089089,0.1747800457804987,0.8252199542195013,1095.361675726546,140.3876985106206,0.0257493956471886,0.004556681207424746,0.0425393159022022,0.03080919909030944
Bubble,68.89255879642208,0.9070920920920922,0.09290790790790782,0.1744636505482695,0.8255363494517305,1094.5787142812433,141.8011869306932,0.025740659647702974,0.004603316182008717,0.04252333581431432,0.030804138000535174
Bubble,69.49314177194587,0.9060930930930932,0.09390690690690684,0.17416418041604897,0.825835819583951,1093.7954693239328,143.21597679090036,0.025731910410130038,0.0046499678641037075,0.04250735572642643,0.030799347646353163
Bubble,70.09226127231665,0.9050940940940941,0.09490590590590586,0.17388121179471924,0.8261187882052807,1093.0119412787622,144.63206480723636,0.025723147929516067,0.004696635957836331,0.04249137563853854,0.030794821251989506
Dew,70.21133181025047,0.9048952676408742,0.09510473235912571,0.17382682682682685,0.8261731731731732,1092.8559680740425,144.91407471809381,0.025721402454698512,0.004705926605022099,0.04248819519071018,0.030793951304604605
Bubble,70.68992120812992,0.9040950950950951,0.09590490490490489,0.17361433764806758,0.8263856623519324,1092.2281305657632,146.0494475620231,0.025714372200803012,0.004743320162250483,0.042475395550650656,0.030790552306452255
Bubble,71.2861254623349,0.9030960960960961,0.09690390390390391,0.17336316670114632,0.8266368332988536,1091.4440376007494,147.46812150262568,0.02570558321882585,0.004790020171285143,0.042459415462762766,0.030786534550868203
Bubble,71.88087789004301,0.9020970970970972,0.09790290290290282,0.17312732269330705,0.826872677306693,1090.6596627952242,148.88808294019486,0.025696780978310223,0.004836735673753351,0.04244343537487488,0.030782761966534414
Bubble,72.47418231833815,0.9010980980980982,0.09890190190190185,0.17290644367321645,0.8270935563267836,1089.875006556286,150.30932804854018,0.025687965473870023,0.004883466353325182,0.04242745528698699,0.030779228763641142
Dew,72.69505333587738,0.9007255242580718,0.0992744757419282,0.17282782782782785,0.8271721721721721,1089.5823282210847,150.83963984831018,0.025684675042075302,0.004900896124250819,0.04242149555858454,0.030777971216716715
Bubble,73.06604254608763,0.9000990990990991,0.09990090090090087,0.17270018133299814,0.8272998186670019,1089.090069286533,151.73185286297604,0.025679136700004886,0.004930211888509916,0.04241147519909911,0.030775929370620774
Bubble,73.65646234373797,0.8991001001001001,0.10089989989989989,0.1725082003790134,0.8274917996209866,1088.3048513839635,153.15565327915635,0.025670294651097686,0.004976971952637889,0.04239549511121122,0.030772858424082738
Bubble,74.24544545313385,0.8981011011011012,0.1018988988988988,0.1723301779370202,0.8276698220629798,1087.5193532418843,154.58072505204092,0.025661439321412103,0.005023746213846489,0.04237951502332333,0.03077001075929837
Bubble,74.83299558730309,0.8971021021021022,0.10289789789789783,0.17216580298944523,0.8278341970105547,1086.7335752488004,156.00706379474744,0.025652570705089823,0.00507053433506257,0.04236353493543544,0.030767381401199466
Bubble,75.41911643029886,0.8961031031031031,0.10389689689689685,0.17201477584280173,0.8279852241571983,1085.9475177883335,157.4346649775895,0.025643688796148367,0.005117335973990935,0.04234755484754755,0.03076496555585904
Bubble,76.00381163694065,0.8951041041041041,0.10489589589589587,0.17187680762339344,0.8281231923766066,1085.1611812390888,158.86352392683338,0.025634793588477717,0.005164150783093704,0.042331574759659665,0.030762758602424566
Dew,76.22065004243464,0.8947330229828598,0.10526697701714018,0.17182882882882883,0.8281711711711712,1084.8690279966158,159.3946515231461,0.02563148616210421,0.0051815453315623705,0.042325638908936127,0.030761991128828832
Bubble,76.58708483266226,0.8941051051051051,0.1058948948948949,0.17175161979954487,0.8282483802004551,1084.3745659745782,160.29363582378267,0.02562588507583828,0.005210978409580431,0.042315594671771775,0.0307607560854755
Bubble,77.16893961329387,0.8931061061061062,0.10689389389389381,0.17163894372876004,0.82836105627124,1083.5876723631022,161.72499570365264,0.025616963251857812,0.0052578184953914345,0.042299614583883885,0.03075895370777962
Bubble,77.74937954483867,0.8921071071071072,0.10789289289289283,0.17153852022828872,0.8284614797717113,1082.8005007676345,163.15759845444558,0.02560802811002846,0.005304670677181267,0.042283634495995995,0.03075734732342373
Bubble,78.32840816325076,0.8911081081081081,0.10889189189189186,0.17145009916772896,0.828549900832271,1082.013051545713,164.59143881583879,0.02559907964370393,0.005351534586302609,0.04226765440810811,0.030755932931296907
Bubble,78.9060514873432,0.8901091091091091,0.10989089089089088,0.1713734390824892,0.8286265609175107,1081.2253315628432,166.02660068172753,0.025590118000256505,0.005398412752529297,0.04225167432022023,0.0307547066689074
Bubble,79.48227013909835,0.8891101101101102,0.11088988988988979,0.1713083068058351,0.8286916931941649,1080.437328783371,167.4629094550914,0.02558114287976526,0.005445299300384983,0.04223569423233234,0.030753664806496817
Bubble,80.05708812399658,0.8881111111111112,0.11188888888888882,0.17125447712101324,0.8287455228789867,1079.6490494833968,168.90044022436746,0.025572154415580386,0.005492196472368345,0.04221971414444445,0.03075280374147544
Bubble,80.63050887820177,0.8871121121121122,0.11288788788788784,0.17121173242908053,0.8287882675709195,1078.860494004578,170.33918724396955,0.02556315260063989,0.0055391038823385365,0.04220373405655656,0.030752119993108815
Bubble,81.20253580889289,0.8861131131131131,0.11388688688688686,0.17117986243366853,0.8288201375663314,1078.0716626832348,171.77914462685334,0.025554137427744546,0.00558602113917784,0.042187753968668674,0.030751610197475205
Bubble,81.77317229417461,0.8851141141141141,0.11488588588588589,0.171158663841075,0.828841336158925,1077.2825558502789,173.2203063443893,0.025545108889556002,0.005632947846808171,0.042171773880780784,0.03075127110266822
Bubble,82.34242168303138,0.8841151151151152,0.1158848848848848,0.17114794007479417,0.8288520599252058,1076.4931738311475,174.66266622632332,0.025536066978594885,0.005679883604210706,0.042155793792892894,0.030751099564230416
Bubble,82.91028729523661,0.8831161161161162,0.11688388388388382,0.17114750100376544,0.8288524989962346,1075.7035169457251,176.1062179606859,0.02552701168723872,0.005726828005443873,0.042139813705005004,0.030751092540806334
Bubble,83.47677242131921,0.8821171171171172,0.11788288288288284,0.17115716268347506,0.828842837316525,1074.9135855082823,177.55095509379765,0.025517943007720183,0.005773780639664819,0.04212383361711712,0.030751247090001137
Bubble,84.04188032247212,0.8811181181181181,0.11888188188188187,0.171176747109326,0.828823252890674,1074.1233798273975,178.99687103021796,0.025508860932125003,0.005820741091148981,0.04210785352922923,0.03075156036443549
Bubble,84.60561469937875,0.8801191191191192,0.11988088088088078,0.1712060819815019,0.8287939180184981,1073.3329003446831,180.44396114430404,0.025499765455687426,0.005867709007975671,0.04209187344134135,0.030752029607984305
Bubble,85.16797788369887,0.8791201201201202,0.1208798798798798,0.17124500048073876,0.8287549995192612,1072.542147099734,181.89221465745027,0.025490656564079898,0.005914683837910787,0.04207589335345345,0.030752652152189947
Bubble,85.72897345976853,0.8781211211211212,0.12187887887887883,0.1712933410544497,0.8287066589455503,1071.7511205051755,183.34162638686828,0.0254815342518221,0.005961665210481368,0.04205991326556556,0.03075342541284108
Bubble,86.28860457228087,0.8771221221221221,0.12287787787787785,0.17135094721251953,0.8286490527874805,1070.9598208465402,184.7921891779225,0.025472398510402526,0.006008652690907912,0.04204393317767768,0.030754346886706186
Bubble,86.84687433648838,0.8761231231231231,0.12387687687687687,0.17141766733249067,0.8285823326675094,1070.1682484033659,186.24389573553745,0.025463249331154104,0.006055645839681271,0.04202795308978979,0.030755414148417256
Bubble,87.40378583818529,0.8751241241241242,0.12487587587587579,0.17149335447331845,0.8285066455266815,1069.3764034491353,187.69673862434794,0.025454086705252427,0.006102644212590239,0.04201197300190191,0.03075662484749065
Bubble,87.9593421337161,0.8741251251251252,0.1258748748748748,0.17157786619757245,0.8284221338024276,1068.5842862512193,189.15071026909987,0.025444910623714147,0.006149647360757036,0.04199599291401402,0.03075797670548299
Bubble,88.51354624985814,0.8731261261261262,0.12687387387387383,0.1716710644014411,0.8283289355985589,1067.7918970707865,190.60580295464482,0.025435721077394464,0.006196654830659974,0.04198001282612614,0.030759467513271892
Bubble,89.06640118385454,0.8721271271271271,0.12787287287287286,0.17177281515217022,0.8282271848478298,1066.9992361627574,192.06200882633792,0.025426518056985786,0.006243666164169508,0.04196403273823824,0.03076109512845563
Bubble,89.61790990370429,0.8711281281281281,0.12887187187187188,0.1718829885325671,0.8281170114674329,1066.206303775826,193.5193198912311,0.025417301553017885,0.006290680898610401,0.04194805265035035,0.030762857472865796
Bubble,90.16807534692468,0.8701291291291292,0.1298708708708708,0.17200145849228451,0.8279985415077155,1065.4131001520375,194.97772801473062,0.025408071555847535,0.00633769856667644,0.041932072562462466,0.03076475253018843
Bubble,90.71690042224932,0.8691301301301302,0.13086986986986981,0.17212810270537757,0.8278718972946224,1064.6196255272312,196.4372249260208,0.02539882805566876,0.006384718696630685,0.04191609247457458,0.03076677834368549
Bubble,91.26438800851179,0.8681311311311312,0.13186886886886884,0.17226280243395947,0.8277371975660406,1063.8258801306479,197.8978022150393,0.025389571042503147,0.006431740812231148,0.04190011238668669,0.03076893301401386
Bubble,91.81054095489031,0.8671321321321321,0.13286786786786786,0.1724054423976109,0.8275945576023891,1063.0318641849474,199.3594513335724,0.025380300506199913,0.006478764432790651,0.0418841322987988,0.030771214697136423
Bubble,92.35536208087902,0.8661331331331332,0.13386686686686677,0.17255591064819084,0.8274440893518091,1062.2375779061276,200.82216359546024,0.025371016436433674,0.006525789073208188,0.04186815221091091,0.030773621602319525
Bubble,92.89885417628878,0.8651341341341342,0.1348658658658658,0.17271409844987148,0.8272859015501285,1061.4430215034731,202.28593017692265,0.025361718822702863,0.006572814244004393,0.04185217212302302,0.03077615199021399
Bubble,93.44102000120854,0.8641351351351352,0.13586486486486482,0.17287990016411123,0.8271200998358887,1060.6481951794756,203.75074211676278,0.02535240765432751,0.006619839451353276,0.04183619203513514,0.03077880417101514
Bubble,93.98186228600872,0.8631361361361362,0.13686386386386384,0.17305321313927513,0.8269467868607249,1059.8530991297712,205.21659031664612,0.025343082920447377,0.006666864197116886,0.04182021194724725,0.03078157650269716
Bubble,94.52138373131902,0.8621371371371371,0.13786286286286287,0.17323393760473896,0.8267660623952611,1059.0577335430728,206.68346554130198,0.025333744610020033,0.006713887978877682,0.04180423185935936,0.030784467389319167
Bubble,95.05958700800466,0.8611381381381382,0.13886186186186178,0.17342197656926978,0.8265780234307303,1058.262098601096,208.1513584187437,0.025324392711818678,0.006760910289971731,0.041788251771471475,0.0307874752793997
Bubble,95.59644350052218,0.8601391391391392,0.1398608608608608,0.1736172357227598,0.8263827642772402,1057.4661847906577,209.6200950776058,0.025315026982510015,0.006807925281438048,0.04177227168358359,0.03079059866434484
Bubble,96.13201502824558,0.8591401401401402,0.14085985985985983,0.17381962334466916,0.8261803766553308,1056.6700106058393,211.08997567681567,0.025305647849119876,0.006854942500476299,0.0417562915956957,0.030793836076983667
Bubble,96.6662758795569,0.8581411411411412,0.14185885885885885,0.1740290502108569,0.8259709497891431,1055.8735674570485,212.56084286586517,0.025296255090466683,0.006901956634744209,0.04174031150780781,0.03079718609007789
Bubble,97.19922857226445,0.8571421421421422,0.14285785785785776,0.17424542950881247,0.8257545704911875,1055.0768554859978,214.03268649691532,0.025286848694291736,0.006948967153457117,0.04172433141991992,0.03080064731496592
Bubble,97.73087559114259,0.8561431431431432,0.14385685685685679,0.17446867675397912,0.8255313232460209,1054.2798748259497,215.5054962622926,0.025277428648114948,0.006995973520974751,0.04170835133203203,0.030804218400224327
Bubble,98.26121938771934,0.8551441441441442,0.1448558558558558,0.1746987097095053,0.8253012902904947,1053.4826256015688,216.97926169237158,0.025267994939230865,0.007042975196762086,0.04169237124414415,0.03080789803038422
Bubble,98.79026237988334,0.8541451451451452,0.14585485485485483,0.17493544830919627,0.8250645516908037,1052.6851079287158,218.4539721529222,0.025258547554703324,0.0070899716353327,0.04167639115625626,0.030811684924698737
Bubble,99.31800695163253,0.8531461461461461,0.14685385385385386,0.17517881458319606,0.8248211854168039,1051.88732191429,219.92961684257054,0.02524908648136119,0.007136962286196895,0.04166041106836837,0.030815577835954264
Bubble,99.8445249890053,0.8521471471471472,0.14785285285285277,0.17542873258957278,0.8245712674104272,1051.089289609127,221.40657559220017,0.025239612232948797,0.007183959274114095,0.04164443098048048,0.030819575549376064
Bubble,100.36968694332839,0.8511481481481482,0.1488518518518518,0.17568512833374902,0.824314871666251,1050.2909695271426,222.88409969233837,0.025230123797713364,0.007230938104833022,0.041628450892592594,0.030823676881339485
Bubble,100.89355814406628,0.8501491491491492,0.14985085085085081,0.1759479297186289,0.8240520702813711,1049.4923816080614,224.3625293837271,0.025220621638487418,0.007277909620938586,0.041612470804704704,0.030827880678572162
Bubble,101.4161409043237,0.8491501501501502,0.15084984984984984,0.17621706647008484,0.8237829335299152,1048.693525944238,225.84185366204773,0.025211105741674202,0.007324873267266128,0.041596490716816814,0.030832185816962128
Bubble,101.93743750729952,0.8481511511511511,0.15184884884884886,0.17649247007757962,0.8235075299224204,1047.8944026200952,227.3220613861383,0.025201576093465305,0.007371828484779356,0.041580510628928924,0.030836591200607975
Bubble,102.45745020626424,0.8471521521521522,0.15284784784784777,0.17677407373462528,0.8232259262653747,1047.0950117120465,228.80314127768236,0.02519203267983838,0.007418774710592657,0.04156453054104105,0.03084109576086644
Bubble,102.97618122451857,0.8461531531531532,0.1538468468468468,0.17706181228118056,0.8229381877188194,1046.2953532884085,230.28508192066627,0.02518247548655465,0.00746571137798697,0.04154855045315316,0.030845698455430996
Bubble,103.49363275539206,0.8451541541541542,0.15484584584584582,0.17735562214801567,0.8226443778519843,1045.4954274093263,231.76787176091153,0.025172904499156656,0.007512637916428746,0.04153257036526527,0.030850398267441875
Bubble,104.00980696223967,0.8441551551551552,0.15584484484484484,0.17765544130300195,0.8223445586969981,1044.6952341266972,233.2514991055433,0.02516331970296601,0.00755955375158733,0.04151659027737738,0.03085519420462695
Bubble,104.5247059783614,0.8431561561561562,0.15684384384384376,0.1779612091991597,0.8220387908008403,1043.894773484071,234.7359521221475,0.025153721083080588,0.007606458305343058,0.041500610189489494,0.030860085298470678
Bubble,105.03833190702451,0.8421571571571572,0.15784284284284278,0.17827286672439685,0.8217271332756031,1043.0940455165776,236.22121883813196,0.025144108624372344,0.0076533509958027785,0.04148463010160161,0.030865070603410125
Bubble,105.5506868214124,0.8411581581581582,0.1588418418418418,0.1785903561529059,0.8214096438470941,1042.2930502508389,237.70728713983584,0.025134482311484737,0.007700231237307852,0.04146865001371372,0.0308701491960575
Bubble,106.06177276459526,0.8401591591591592,0.15984084084084083,0.1789136210980929,0.8210863789019072,1041.491787704875,239.1941447715563,0.025124842128830042,0.007747098440440346,0.04145266992582583,0.030875320174447208
Bubble,106.57159174948832,0.8391601601601602,0.16083983983983985,0.17924260646696072,0.8207573935330392,1040.690257888019,240.6817793344736,0.025115188060586838,0.0077939520120268784,0.04143668983793794,0.03088058265730615
Bubble,107.0801457588317,0.8381611611611612,0.16183883883883876,0.17957725841597355,0.8204227415840264,1039.8884608008248,242.17017828557272,0.02510552009069734,0.007840791355142929,0.04142070975005005,0.030885935783347754
Bubble,107.58743674513187,0.8371621621621622,0.16283783783783778,0.1799175243081962,0.8200824756918038,1039.0863964349742,243.6593289363144,0.025095838202864693,0.00788761586911022,0.04140472966216217,0.030891378710586337
Bubble,108.0934666306206,0.8361631631631632,0.1638368368368368,0.18026335267173388,0.8197366473282661,1038.2840647731773,245.1492184512623,0.02508614238055011,0.00793442494949354,0.041388749574274276,0.030896910615672322
Bubble,108.59823730722431,0.8351641641641642,0.16483583583583583,0.18061469315946554,0.8193853068405345,1037.4814657890854,246.6398338467005,0.0250764326069703,0.007981217988097936,0.041372769486386386,0.030902530693248123
Bubble,109.10175063647682,0.8341651651651653,0.16583483483483474,0.18097149650982844,0.8190285034901715,1036.678599447176,248.1311619888621,0.0250667088650942,0.008027994372954778,0.041356789398498496,0.030908238155320865
Bubble,109.6040084495033,0.8331661661661662,0.16683383383383377,0.1813337145088164,0.8186662854911836,1035.8754657026684,249.62318959238146,0.025056971137640462,0.008074753488315708,0.04134080931061062,0.03091403223065448
Bubble,110.10501254693871,0.8321671671671672,0.1678328328328328,0.18170129995298095,0.818298700047019,1035.0720645014085,251.11590321836152,0.025047219407074214,0.008121494714635401,0.04132482922272273,0.03091991216417788
Bubble,110.60473710389908,0.8311681681681682,0.1688318318318318,0.1820742066129444,0.8179257933870556,1034.268386635284,252.6091089175264,0.025037453434235434,0.008168211596712832,0.04130884913483484,0.030925877216401318
Bubble,111.1032369358011,0.8301691691691692,0.16983083083083084,0.18245238920056264,0.8175476107994374,1033.4644495967295,254.1031382267403,0.025027673626207867,0.008214914673633522,0.041292869046946956,0.030931926662891122
Bubble,111.60048810606807,0.8291701701701703,0.17082982982982975,0.18283580333171268,0.8171641966682873,1032.6602448236458,255.59781097445884,0.025017879759492077,0.008261597937266846,0.041276888959059066,0.03093805979367441
Bubble,112.09649227997305,0.8281711711711712,0.17182882882882877,0.18322440549516228,0.8167755945048377,1031.8557722186708,257.09311297372085,0.025008071815393874,0.00830826074905388,0.041260908871171176,0.030944275912741164
Bubble,112.5912510909645,0.8271721721721722,0.1728278278278278,0.18361815301970344,0.8163818469802966,1031.0510316741527,258.58902986348915,0.024998249774940605,0.008354902466220986,0.041244928783283286,0.03095057433751848
Bubble,113.08477583096479,0.8261731731731732,0.17382682682682682,0.1840170040432284,0.8159829959567716,1030.2460263205776,260.08561334783013,0.02498841369767062,0.008401524581548473,0.041228948695395395,0.030956954398375886
Bubble,113.577049505553,0.8251741741741743,0.17482582582582573,0.18442091747985323,0.8155790825201468,1029.4407498142052,261.58272237345676,0.024978563413330008,0.00844812236222454,0.041212968607507505,0.03096341543809948
Bubble,114.06808259327947,0.8241751751751752,0.17582482482482475,0.1848298529929234,0.8151701470070766,1028.6352050063686,263.08040269152434,0.0249686989745984,0.008494697112208249,0.04119698851961962,0.030969956811460104
Bubble,114.55787660421461,0.8231761761761762,0.17682382382382378,0.185243770963781,0.814756229036219,1027.8293917487817,264.57863926000823,0.024958820361397346,0.00854124817288394,0.04118100843173173,0.030976577884713738
Bubble,115.04643301615529,0.8221771771771772,0.1778228228228228,0.1856626324636026,0.8143373675363974,1027.0233098822514,266.0774168486031,0.024948927553352238,0.008587774881235419,0.04116502834384384,0.03098327803515103
Bubble,115.53375327445775,0.8211781781781782,0.17882182182182182,0.18608639922543224,0.8139136007745678,1026.2169592365212,267.57672003485106,0.024939020529787963,0.00863427656977966,0.04114904825595596,0.030990056650649935
Bubble,116.01983879182256,0.8201791791791793,0.17982082082082074,0.18651503361687444,0.8134849663831256,1025.410339630095,269.07653319998224,0.02492909926972404,0.008680752566492393,0.041133068168068075,0.03099691312923889
Bubble,116.50469094812571,0.8191801801801802,0.18081981981981976,0.18694849861330404,0.8130515013866959,1024.6034508700786,270.5768405247325,0.024919163751870164,0.008727202194734706,0.04111708808018018,0.031003846878668275
Bubble,116.98831109014021,0.8181811811811812,0.18181881881881878,0.18738675777182393,0.8126132422281761,1023.796292751987,272.0776259848027,0.024909213954620882,0.008773624773168669,0.041101107992292295,0.031010857315993873
Bubble,117.47070053141866,0.8171821821821822,0.1828178178178178,0.1878297752055319,0.8121702247944681,1022.9888650595872,273.5788733465267,0.024899249856051218,0.008820019615682203,0.041085127904404405,0.03101794386716521
Bubble,117.95186055196285,0.8161831831831833,0.18381681681681672,0.18827751555867472,0.8117224844413253,1022.1811675646862,275.0805661619895,0.024889271433910835,0.008866386031295994,0.04106914781651652,0.03102510596662812
Bubble,118.43179239801934,0.8151841841841843,0.18481581581581574,0.18872994398211454,0.8112700560178855,1021.3732000269508,276.58268776428986,0.024879278665619047,0.008912723324077334,0.04105316772862864,0.031032343056932307
Bubble,118.91049728181768,0.8141851851851852,0.18581481481481477,0.18918702610929428,0.8108129738907057,1020.5649621937017,278.085221262488,0.024869271528259143,0.008959030793045249,0.04103718764074074,0.031039654588346885
Bubble,119.3879763812912,0.8131861861861862,0.1868138138138138,0.18964872803292596,0.810351271967074,1019.7564537997116,279.5881495365973,0.02485924999857279,0.009005307732077254,0.04102120755285286,0.031047040018487487
Bubble,119.864230839796,0.8121871871871872,0.1878128128128128,0.19011501628198962,0.8098849837180104,1018.9476745669858,281.09145523231837,0.024849214052954073,0.009051553429809898,0.04100522746496497,0.031054498811948338
Bubble,120.33926176580577,0.8111881881881883,0.18881181181181173,0.19058585779935533,0.8094141422006447,1018.1386242045489,282.5951207557492,0.02483916366744355,0.009097767169539101,0.040989247377077084,0.03106203043994427
Bubble,120.8130702326086,0.8101891891891893,0.18981081081081075,0.19106121991985386,0.8089387800801462,1017.3293024082103,284.09912826799274,0.024829098817721888,0.00914394822911845,0.040973267289189194,0.031069634379959975
Bubble,121.2856572779868,0.8091901901901902,0.19080980980980977,0.19154107034886977,0.8084589296511302,1016.5197088603387,285.6034596797209,0.024819019479103626,0.009190095880856947,0.040957287201301304,0.031077310115407555
Bubble,121.7571357089139,0.8081911911911912,0.1918088088088088,0.19202537715381543,0.8079746228461846,1015.7098823057582,287.10897041358794,0.02480892658097342,0.00923623750029375,0.040941307113413414,0.03108505713549015
Bubble,122.22729131900263,0.8071921921921922,0.19280780780780782,0.19251410869627453,0.8074858913037255,1014.8997472935757,288.6139672020304,0.02479881826382408,0.009282318467288154,0.04092532702552553,0.03109287493411648
Bubble,122.69622904000025,0.8061931931931933,0.19380680680680673,0.19300723368050723,0.8069927663194928,1014.0893397309408,290.1192380876616,0.024788695387311422,0.009328364001489765,0.04090934693763764,0.031100763010676765
Bubble,123.16386743885687,0.8051941941941942,0.19480580580580575,0.1935047210831037,0.8064952789168963,1013.2786302718107,291.6241053918414,0.024778557216743612,0.00937435218312754,0.04089336684974975,0.031108720868917437
Bubble,123.6303729893614,0.8041951951951952,0.19580480480480478,0.19400654017289898,0.805993459827101,1012.4676767509949,293.12987077581266,0.024768405149020328,0.009420324727160454,0.04087738676186187,0.03111674801725971
Bubble,124.09565650597459,0.8031961961961962,0.1968038038038038,0.19451266044915066,0.8054873395508493,1011.6564471476669,294.63579730062975,0.02475823838419212,0.009466257810170626,0.040861406673973984,0.03112484396781066
Bubble,124.5597252377565,0.8021971971971973,0.1978028028028027,0.19502305165545708,0.8049769483445429,1010.8449433210126,296.14191745733325,0.024748056950526617,0.009512152349907614,0.040845426586086094,0.03113300823658586
Bubble,125.02257995396712,0.8011981981981983,0.19880180180180174,0.19553768375229255,0.8044623162477075,1010.0331648478027,297.64821125904865,0.02473786082043447,0.009558007580301318,0.0408294464981982,0.031141240343070045
Bubble,125.48422138676477,0.8001991991991992,0.19980080080080076,0.19605652690128522,0.8039434730987147,1009.2211112897063,299.15465844168256,0.024727649965913125,0.00960382272954075,0.04081346641031031,0.031149539809965647
Bubble,125.9446502308652,0.7992002002002002,0.20079979979979978,0.1965795514493493,0.8034204485506506,1008.4087821930376,300.66123846044326,0.02471742435853978,0.009649597020035563,0.04079748632242243,0.031157906162938936
Bubble,126.40386714316038,0.7982012012012012,0.2017987987987988,0.197106727913265,0.802893272086735,1007.596177088479,302.16793048634383,0.024707183969463777,0.009695329668377054,0.04078150623453454,0.031166338930373377
Bubble,126.86187274237552,0.7972022022022023,0.20279779779779772,0.19763802696487212,0.8023619730351279,1006.7832954908095,303.6747134031259,0.024696928769399114,0.00974101988531188,0.04076552614664665,0.031174837643132794
Bubble,127.31866760867142,0.7962032032032033,0.20379679679679674,0.1981734194171308,0.8018265805828693,1005.9701368986247,305.1815658044877,0.024686658728616688,0.009786666875723275,0.04074954605875876,0.03118340183433837
Bubble,127.77425228328012,0.7952042042042042,0.20479579579579577,0.19871287621059847,0.8012871237894015,1005.1567007940483,306.688465991555,0.02467637381693637,0.00983226983861995,0.04073356597087087,0.031192031039152354
Bubble,128.22862726807173,0.7942052052052052,0.2057947947947948,0.19925636840090186,0.8007436315990981,1004.3429866424316,308.195391970736,0.024666074003718737,0.009877827967134177,0.040717585882982986,0.031200724794577667
Bubble,128.68179302521065,0.7932062062062063,0.2067937937937937,0.199803867146685,0.800196132853315,1003.5289938920697,309.70232145209985,0.024655759257857186,0.009923340448535954,0.0407016057950951,0.03120948263926509
Bubble,129.13374997668225,0.7922072072072073,0.20779279279279272,0.20035534369857358,0.7996446563014264,1002.7147219738775,311.2092318479128,0.024645429547769077,0.009968806464248687,0.040685625707207206,0.031218304113336755
Bubble,129.58449850393623,0.7912082082082083,0.20879179179179175,0.2009107693887666,0.7990892306112334,1001.9001703010998,312.71610027196886,0.024635084841387624,0.010014225189888586,0.040669645619319315,0.031227188758219646
Bubble,130.03403894740325,0.7902092092092092,0.20979079079079077,0.2014701156214779,0.7985298843785221,1001.0853382689654,314.22290353894806,0.02462472510615248,0.0100595957953019,0.04065366553143144,0.031236136116492723
Bubble,130.4823716061152,0.7892102102102102,0.2107897897897898,0.20203335386432397,0.797966646135676,1000.2702252543961,315.7296181647554,0.024614350309001602,0.01010491744462991,0.04063768544354355,0.03124514573174911
Bubble,130.92975261551163,0.7882112112112113,0.2117887887887887,0.20260045572152965,0.7973995442784704,999.4549242964486,317.2385214228086,0.02460396272253737,0.010150262919804792,0.040621705355655666,0.031254217149767165
Bubble,131.3756893101093,0.7872122122122123,0.21278778778778773,0.20317139261609674,0.7968286073839033,998.6392545178621,318.74517301125957,0.024593557877183574,0.010195490051255555,0.04060572526776777,0.031263349913426344
Bubble,131.82042023974145,0.7862132132132132,0.21378678678678675,0.2037461362323782,0.7962538637676218,997.8233023131285,320.25167844928535,0.02458313788103662,0.010240666152870573,0.04058974517987988,0.03127254356978674
Bubble,132.2639456308151,0.7852142142142142,0.21478578578578578,0.20432465822274007,0.79567534177726,997.0070670221272,321.7580141970253,0.024572702699925314,0.010285790402414974,0.040573765091991995,0.03128179766539678
Bubble,132.70626567267828,0.7842152152152152,0.2157847847847848,0.20490693027318774,0.7950930697268123,996.190547967511,323.2641565065007,0.024562252299199894,0.010330861975012772,0.040557785004104105,0.03129111174734294
Bubble,133.14738051752482,0.7832162162162163,0.2167837837837837,0.20549292410019007,0.79450707589981,995.3737444545135,324.7700814303528,0.024551786643726273,0.010375880043451179,0.04054180491621622,0.03130048536319905
Bubble,133.58698716033413,0.7822172172172173,0.21778278278278274,0.20608261132687994,0.7939173886731201,994.5565432341538,326.2729289637742,0.024541302920969534,0.01042075320505379,0.04052582482832833,0.031309918059045906
Bubble,134.02566950730684,0.7812182182182182,0.21878178178178176,0.20667596394887447,0.7933240360511256,993.7391600473484,327.77811779732616,0.024530806435190105,0.01046565450031091,0.04050984474044044,0.03131940938692259
Bubble,134.4631452596376,0.7802192192192192,0.21978078078078078,0.20727295366071288,0.7927270463392871,992.9214895637853,329.28299827905533,0.024520294570135475,0.010510499228289722,0.04049386465255255,0.03132895889405213
Bubble,134.8994143058005,0.7792202202202203,0.2207797797797797,0.20787355228959947,0.7921264477104005,992.1035309700119,330.78754440279806,0.024509767287494877,0.010555286512884364,0.04047788456466467,0.031338566129779664
Bubble,135.33447648947282,0.7782212212212213,0.22177877877877872,0.20847773169290787,0.7915222683070922,991.2852834310798,332.2917299233696,0.024499224548365752,0.010600015474483587,0.04046190447677678,0.031348230643932926
Bubble,135.45946551049758,0.34265765765765765,0.6573423423423423,0.33576192260829824,0.6642380773917016,462.87282965705225,455.1659326780831,0.013819332696882076,0.01363413903450502,0.03349458615765766,0.033384281290234595
Bubble,135.768331609094,0.7772222222222223,0.22277777777777774,0.20908546376111403,0.790914536238886,990.4667460901737,333.79552836437335,0.02448866631324342,0.010644685230213601,0.04044592438888889,0.03135795198686916
Bubble,135.84298364526006,0.3386616616616617,0.6613383383383383,0.3315082622690535,0.6684917377309465,459.0727171140054,451.0876328574631,0.013732084182127053,0.013539572357039675,0.033430665806106104,0.033316239314082
Bubble,136.20097941749324,0.7762232232232232,0.22377677677677676,0.20969672042189738,0.7903032795781026,989.6479180682788,335.29891302687395,0.02447809254201164,0.01068929489420111,0.04042994430100101,0.03136772970954071
Bubble,136.6324196214499,0.7752242242242242,0.2247757757757758,0.21031147364510153,0.7896885263548985,988.8287984638038,336.80185699822584,0.024467503193932122,0.010733843577835378,0.04041396421311312,0.03137756336357441
Bubble,136.66654916317793,0.3376626626626627,0.6623373373373374,0.331652263514969,0.6683477364850311,460.02698733172866,453.3160183951213,0.013767209759537394,0.013605517548938937,0.03341468571821822,0.0333185427724118
Bubble,137.0626518813057,0.7742252252252253,0.2257747747747747,0.21092969545041332,0.7890703045495867,988.0093863522293,338.30433316187765,0.02445689822763454,0.010778330390045155,0.04039798412522523,0.03138745250139436
Bubble,137.49167581050972,0.7732262262262263,0.22677377377377372,0.2115513579079684,0.7884486420920316,987.1896807857231,339.8063142058624,0.024446277601105782,0.010822754437570976,0.04038200403733734,0.031397396676231655
Bubble,137.92010775187765,0.7722272272272273,0.22777277277277275,0.21217643371097317,0.7878235662890268,986.3699151749274,341.3138999728754,0.024435647078101193,0.010867309914388992,0.04036602394944946,0.0314073954512841
Bubble,138.34675868680563,0.7712282282282282,0.22877177177177177,0.21280489404672706,0.7871951059532729,985.5496374537977,342.81529297692657,0.024424995443255423,0.010911621115342463,0.04035004386156157,0.031417448365660856
Bubble,138.77220304918805,0.7702292292292293,0.22977077077077068,0.21343671168414974,0.7865632883158502,984.7290645950457,344.3161450192908,0.02441432805086665,0.010955868033548756,0.04033406377367368,0.03142755498377083
Bubble,139.19644047926067,0.7692302302302303,0.2307697697697697,0.2140718590066618,0.7859281409933382,983.9081956463159,345.8164308292781,0.02440364485857731,0.011000049854986718,0.04031808368578579,0.031437714863856464
Bubble,139.61947058222233,0.7682312312312313,0.23176876876876873,0.21471030850095665,0.7852896914990434,983.0870296362092,347.31612517923185,0.02439294582349011,0.011044165770618479,0.0403021035978979,0.031447927565812155
Bubble,140.041292928594,0.7672322322322322,0.23276776776776775,0.21535203276881393,0.7846479672311861,982.2655655742539,348.81520290636365,0.024382230902166284,0.011088214977001772,0.04028612351001001,0.03145819265137322
Bubble,140.46190705458264,0.7662332332332332,0.23376676676676678,0.21599700453973977,0.7840029954602602,981.4438024508805,350.313638934973,0.024371500050623888,0.011132196676906715,0.04027014342212212,0.03146850968431813
Bubble,140.88131246248912,0.7652342342342343,0.2347657657657657,0.21664519668384807,0.7833548033161519,980.6217392374174,351.81140829882304,0.02436075322433657,0.011176110079932945,0.04025416333423423,0.0314788782306745
Bubble,141.29950862119574,0.7642352352352353,0.2357647647647647,0.21729658222542378,0.7827034177745762,979.7993748861109,353.30848616397924,0.024349990378233027,0.011219954403134351,0.04023818324634634,0.0314892978589361
Bubble,141.71605614825285,0.7632362362362363,0.23676376376376373,0.21795113404181604,0.7820488659581839,978.976538034804,354.8002385179233,0.024339207232832342,0.011263582544308438,0.04022220315845846,0.03149976813524629
Bubble,142.13180003623322,0.7622372372372372,0.23776276276276276,0.21860882608604654,0.7813911739139534,978.1535553240067,356.2954959002264,0.024328411888058638,0.011307274901142044,0.040206223070570576,0.03151028864295501
Bubble,142.54683653073093,0.7612382382382383,0.23876176176176167,0.21926963208349465,0.7807303679165054,977.3304645269428,357.795332865644,0.02431760526922065,0.011351065442080314,0.04019024298268269,0.031520858961770794
Bubble,142.96018982567037,0.7602392392392393,0.2397607607607607,0.21993352503197386,0.7800664749680262,976.5068848041132,359.289400935423,0.02430677788317642,0.011394625821779096,0.040174262894794796,0.03153147865976396
Bubble,143.3723307434242,0.7592402402402403,0.24075975975975972,0.22060047930541218,0.7793995206945878,975.682998424275,360.78265625531117,0.024295934243893147,0.011438113344499031,0.04015828280690691,0.03154214732701731
Bubble,143.7832585642948,0.7582412412412413,0.24175875875875874,0.22127046915112714,0.7787295308488729,974.8588042264988,362.2750752727805,0.02428507430303993,0.011481527285120738,0.04014230271901902,0.031552864551588344
Bubble,144.19297253904614,0.7572422422422422,0.24275775775775776,0.221943469070313,0.778056530929687,974.0343010311894,363.7666347226308,0.024274198011743697,0.011524866930075253,0.04012632263113113,0.03156362992559564
Bubble,144.60147188953417,0.7562432432432433,0.24375675675675668,0.22261945383183848,0.7773805461681615,973.2094876401653,365.2573116467936,0.0242633053205901,0.011568131577844264,0.04011034254324325,0.03157444304543947
Bubble,145.0081562155952,0.7552442442442443,0.2447557557557557,0.22329839784774005,0.7767016021522599,972.3841257553464,366.7405017601955,0.02425239026653899,0.011611112166110847,0.04009436245535535,0.03158530350181223
Bubble,145.4141801305635,0.7542452452452453,0.24575475475475472,0.2239802776333179,0.776019722366682,971.5586704135501,368.2288296265282,0.02424146417651293,0.011654208492592124,0.04007838236746747,0.031596210919050315
Bubble,145.8189838046054,0.7532462462462463,0.24675375375375375,0.22466506828759653,0.7753349317124034,970.7328998508261,369.7161687581714,0.02423052150184273,0.011697226560544697,0.04006240227957958,0.03160716489883522
Bubble,146.07017215792848,0.3296706706706707,0.6703293293293293,0.3096863352149152,0.6903136647850847,473.62511991956603,451.28990674220114,0.014228597504644825,0.013689068780947519,0.03328684501511512,0.032967173586731305
Bubble,146.22235914925537,0.7522472472472473,0.24775275275275266,0.2253527451470955,0.7746472548529045,969.906730281171,371.200207238986,0.024219560130452664,0.011740093287872354,0.040046422191691695,0.03161816504664745
Bubble,146.4145767658685,0.32867167167167166,0.6713283283283283,0.31265217504319714,0.6873478249568029,473.2754064915075,455.37023524115267,0.014224920437947567,0.01379298922416272,0.03327086492722723,0.03301461545720849
Bubble,146.5670888629066,0.3316686686686687,0.6683313313313313,0.3004589746049761,0.6995410253950238,477.0408459856217,442.1561643877991,0.014317465564942917,0.013472331907092065,0.03331880519089089,0.03281957180367866
Bubble,146.62470464039993,0.7512482482482483,0.24875175175175168,0.22604328565981618,0.7739567143401838,969.0803192314404,372.6853255088806,0.02420858397512816,0.011782947272644364,0.040030442103803805,0.031629211001742985
Bubble,147.0258255175479,0.7502492492492493,0.2497507507507507,0.2267366659100337,0.7732633340899663,968.2535883826513,374.1693702647748,0.024197591060890044,0.011825720429359733,0.04001446201591592,0.03164030238156349
Bubble,147.05804302678905,0.3306696696696697,0.6693303303303303,0.30389079522552437,0.6961092047744757,477.0114356408361,447.07680233650296,0.014323452564924372,0.013599514628282015,0.033302825103003,0.03287446754950701
Bubble,147.42572050267106,0.7492502502502503,0.25074974974974973,0.22743286286886655,0.7725671371311335,967.4265362691573,375.6523168542607,0.02418658133100934,0.011868412018089823,0.03999848192802803,0.031651438817736674
Bubble,147.57965101673125,0.3276726726726727,0.6723273273273274,0.3119494723105739,0.6880505276894262,474.7840375340973,457.2074946307513,0.014277121686870037,0.013853355763391749,0.03325488483933934,0.03300337495402718
Bubble,147.8248743359813,0.7482512512512512,0.25174874874874875,0.22813185569182706,0.771868144308173,966.5993567659555,377.13962022844544,0.024175559614319712,0.011911194351712005,0.03998250184014014,0.031662619976832035
Bubble,148.2223470467317,0.7472522522522523,0.25274774774774766,0.22883361868258797,0.771166381317412,965.7716715806428,378.62070172419425,0.02416451643121078,0.011953733320700733,0.03996652175225226,0.031673845447808546
Bubble,148.61834736533322,0.7462532532532533,0.2537467467467467,0.22953813053388378,0.7704618694661163,964.9435627458686,380.0978527088962,0.02415345380927819,0.01199610145112208,0.03995054166436437,0.03168511488983306
Bubble,149.01334625503407,0.7452542542542543,0.2547457457457457,0.23024537139238743,0.7697546286076126,964.1152192205354,381.5764193765903,0.024142376456899657,0.012038467538146488,0.039934561576476485,0.03169642798532977
Bubble,149.4071135704238,0.7442552552552553,0.25574474474474473,0.23095531922697318,0.7690446807730268,963.2865472870482,383.05378407227147,0.024131282008666065,0.012080748987655383,0.039918581488588595,0.03170778438188658
Bubble,149.7996478487818,0.7432562562562562,0.25674374374374376,0.23166795318581485,0.7683320468141852,962.4575453499092,384.52992388100967,0.024120170404053107,0.012122945122446268,0.039902601400700705,0.03171918374595562
Bubble,150.19094758515186,0.7422572572572573,0.25774274274274267,0.23238325278324728,0.7676167472167528,961.6282117861034,386.0048159866937,0.024109041581749584,0.012165055269625934,0.039886621312812814,0.03173062574984611
Bubble,150.58101123163914,0.7412582582582583,0.2587417417417417,0.23310119789697362,0.7668988021030264,960.7985449445678,387.47843764770164,0.024097895479642535,0.012207078759814671,0.03987064122492493,0.031742110071679784
Bubble,150.9702033314274,0.7402592592592593,0.2597407407407407,0.23382177102144092,0.766178228978559,959.968693098582,388.95505003966264,0.024086735797296255,0.012249149821927088,0.03985466113703704,0.03175363643143607
Bubble,151.17624094242854,0.3226776776776777,0.6773223223223224,0.31578129883340894,0.684218701166591,477.1209311187815,469.41035702898967,0.014381948921736979,0.014196735303871737,0.0331749843998999,0.03306466923426909
Bubble,151.35781480127054,0.7392602602602603,0.26073973973973974,0.23454494857843808,0.7654550514215619,959.1383651762557,390.4263725460914,0.024075555212105606,0.012291007701102823,0.03983868104914915,0.031765204451955555
Bubble,151.74543227455078,0.7382612612612613,0.26173873873873865,0.23525666474057177,0.7647433352594282,958.3082120206745,391.89829838895076,0.024064370042426248,0.012332925246500615,0.03982270096126126,0.031776589134856655
Bubble,152.13067363852755,0.7372622622622623,0.2627377377377377,0.23598451365501993,0.7640154863449801,957.4772536880686,393.367831465638,0.024053155665191277,0.012374637034374556,0.03980672087337337,0.03178823187887706
Bubble,152.50506940718444,0.3246756756756757,0.6753243243243243,0.3191638663981984,0.6808361336018016,482.18017409432645,476.01945128050824,0.014520461917099318,0.014373098665703053,0.033206944575675676,0.033118777123292226
Bubble,152.51468015964608,0.7362632632632633,0.2637367367367367,0.23671581589808802,0.7632841841019119,956.6459576476148,394.83715646239244,0.02404192379340099,0.012416290166906199,0.03979074078548549,0.031799929862687405
Bubble,152.8974504832141,0.7352642642642643,0.2647357357357357,0.23744876028232836,0.7625512397176717,955.8143222907486,396.3041820532974,0.024030674365527485,0.012457830096753776,0.0397747606975976,0.031811654114352154
Bubble,153.27898346613145,0.7342652652652653,0.26573473473473475,0.23818420246246882,0.7618157975375313,954.982346086729,397.76990648019955,0.024019407321901304,0.012499282838436966,0.03975878060970971,0.0318234183210099
Bubble,153.65927787923002,0.7332662662662663,0.26673373373373366,0.2389221243031888,0.7610778756968112,954.1500274596989,399.234315668482,0.024008122601621842,0.012540648004702984,0.039742800521821824,0.031835222192566244
Bubble,154.03833248101733,0.7322672672672673,0.2677327327327327,0.23966250790921037,0.7603374920907896,953.3173648190099,400.69739585025235,0.023996820143318172,0.012581925219149618,0.03972682043393394,0.03184706544276652
Bubble,154.4161460193602,0.7312682682682683,0.2687317317317317,0.24040535306363056,0.7595946469363695,952.484356559823,402.1591537397299,0.023985499885163235,0.01262311463892582,0.03971084034604605,0.031858948068141144
Bubble,154.79271722668034,0.7302692692692693,0.26973073073073073,0.24115060975497546,0.7588493902450245,951.6510010610114,403.61953846237515,0.023974161764820076,0.012664214931179968,0.03969486025815816,0.031870869268701564
Bubble,155.16804482775547,0.7292702702702704,0.27072972972972964,0.2418982760345412,0.7581017239654588,950.8172966883253,405.0785547898212,0.023962805719520607,0.01270522620878922,0.03967888017027028,0.03188282901327613
Bubble,155.54212753508455,0.7282712712712713,0.27172872872872866,0.24264833482378764,0.7573516651762124,949.9832417923559,406.53619001262905,0.023951431686013377,0.012746148133900704,0.03966290008238238,0.0318948270286748
Bubble,155.91496405034596,0.7272722722722723,0.2727277277277277,0.24340076915561482,0.7565992308443853,949.1488347090608,407.99243157894927,0.023940039600575853,0.012786980375439658,0.039646919994494496,0.031906863043490136
Bubble,156.28655307187873,0.7262732732732733,0.2737267267267267,0.24415563787672917,0.7558443621232708,948.3140737628297,409.44735455765857,0.023928629399090854,0.012827724862587027,0.039630939906606606,0.03191893799903995
Bubble,156.6568932662311,0.7252742742742743,0.27472572572572573,0.2449127796441926,0.7550872203558074,947.4789572543634,410.9007796213278,0.02391720101673974,0.012868376969846957,0.03961495981871872,0.03193104931446647
Bubble,157.02598331000604,0.7242752752752754,0.27572472472472465,0.245672247201377,0.7543277527986229,946.6434834782643,412.3527748711646,0.023905754388445267,0.012908938454473025,0.03959897973083083,0.03194319783345794
Bubble,157.39382186279323,0.7232762762762763,0.27672372372372367,0.24643402393323038,0.7535659760667696,945.807650711509,413.80332828222504,0.023894289448579787,0.01294940900954966,0.03958299964294294,0.031955383290238344
Bubble,157.76040757378235,0.7222772772772773,0.2777227227227227,0.24719809324376416,0.7528019067562358,944.9714572161472,415.252427884277,0.023882806131032386,0.012989788332193908,0.03956701955505505,0.031967605419336576
Bubble,158.12573908173584,0.7212782782782783,0.2787217217217217,0.24796443860498946,0.7520355613950106,944.1349012391922,416.700061819642,0.023871304369205135,0.01303007612503148,0.03955103946716716,0.03197986395636927
Bubble,158.49014841475005,0.7202792792792793,0.27972072072072074,0.24875696048135035,0.7512430395186497,943.2981241471305,418.174111742279,0.02385978771645712,0.013070987669430593,0.03953505937927928,0.03199254121555573
Bubble,158.85092493191306,0.7192802802802803,0.28071971971971965,0.2495286149511054,0.7504713850488947,942.4599592821493,419.5928598200661,0.02384822663334288,0.013110275635940102,0.039519079291391396,0.03200488467761938
Bubble,159.21453425777133,0.7182812812812813,0.2817187187187187,0.25030254673170627,0.7496974532682937,941.6231871661295,421.06388127529124,0.023836691453378862,0.01315115101054218,0.03950309920350351,0.03201726456777505
Bubble,159.57483677254436,0.7172822822822823,0.2827177177177177,0.2510787076526936,0.7489212923473064,940.7851644850838,422.50653235370646,0.023825115266842542,0.013191094348440445,0.03948711911561562,0.03202968011548325
Bubble,159.9335351952097,0.7162832832832833,0.2837167167167167,0.25182973226830646,0.7481702677316936,939.9466217081916,423.9158393516051,0.02381351653034124,0.013230132117977323,0.03947113902772773,0.03204169358033706
Bubble,160.29131230456375,0.7152842842842844,0.28471571571571563,0.2526093830869158,0.7473906169130843,939.1078531702867,425.3544280832076,0.023801902676458934,0.013269864577960155,0.03945515893983985,0.032054164952796615
Bubble,160.647825381706,0.7142852852852853,0.28571471471471466,0.25339119175524605,0.7466088082447538,938.2687094470007,426.79146637924674,0.023790269898090518,0.013309503455358498,0.03943917885195195,0.03206667084243609
Bubble,161.00307297740923,0.7132862862862863,0.2867137137137137,0.2541751410003189,0.7458248589996811,937.4291886595182,428.2269418749035,0.0237786181245654,0.013349048461195815,0.03942319876406407,0.0320792109729552
Bubble,161.09874518664026,0.3156846846846847,0.6843153153153153,0.30888369609448507,0.691116303905515,489.7524138624264,482.1522519840108,0.014812647983651405,0.01463092061878142,0.033063123784684685,0.032954334491097
Bubble,161.35705363054612,0.7122872872872873,0.2877127127127127,0.25496121288814355,0.7450387871118563,936.589288912431,429.6608415020488,0.023766947284677323,0.013388499291406739,0.03940721867617618,0.03209178505748003
Bubble,161.70976586772855,0.7112882882882883,0.2887117117117117,0.25574938971713973,0.7442506102828603,935.749008293466,431.09315252015836,0.02375525730667633,0.013427855653060417,0.03939123858828829,0.03210439281285434
Bubble,162.06120820310883,0.7102892892892894,0.28971071071071064,0.2565396534236193,0.7434603465763807,934.9083448732866,432.52386183631853,0.02374354811826263,0.01346711724712592,0.039375258500400405,0.03211703395012956
Bubble,162.4113791380836,0.7092902902902903,0.29070970970970966,0.25733198570924676,0.7426680142907531,934.0672967052402,433.9529561556431,0.023731819646579076,0.013506283772338788,0.039359278412512515,0.032129708176603676
Bubble,162.76027716101143,0.7082912912912913,0.2917087087087087,0.2581263680304652,0.7418736319695349,933.2258618251203,435.38042197303986,0.02372007181820398,0.01354535492503791,0.039343298324624625,0.03214241519565213
Bubble,163.10790111036425,0.7072922922922923,0.2927077077077077,0.25892546228229074,0.7410745377177093,932.3840384118284,436.8093199104069,0.0237083045632352,0.013584407893176827,0.039327318236736734,0.032155197587213746
Bubble,163.45424874860896,0.7062932932932934,0.2937067067067066,0.2597240356446423,0.7402759643553577,931.5418241562414,438.233655136666,0.0236965177992426,0.013623291513418196,0.03931133814884885,0.03216797164657527
Bubble,163.7993188581617,0.7052942942942944,0.29470570570570565,0.2605245875064772,0.7394754124935227,930.6992171878999,439.65630340800885,0.023684711454825196,0.01366207840689278,0.03929535806096097,0.03218077735421236
Bubble,164.1431098752938,0.7042952952952953,0.29570470470470467,0.2613271179672866,0.7386728820327133,929.8562154711598,441.0772729135005,0.023672885454260446,0.01370076882832841,0.03927937797307308,0.032193614711716514
Bubble,164.48562021935172,0.7032962962962963,0.2967037037037037,0.26213160761767246,0.7378683923823277,929.0128169504648,442.4965495586689,0.023661039721195366,0.013739362473840624,0.03926339788518519,0.032206483408613054
Bubble,164.82684829520474,0.7022972972972973,0.2977027027027027,0.26293803654046494,0.7370619634595351,928.1690195512941,443.91411876161163,0.02364917417866942,0.013777859030428982,0.039247417797297304,0.032219383126304936
Bubble,165.16679249299875,0.7012982982982984,0.2987017017017016,0.2637463845556002,0.7362536154443999,927.3248211799137,445.3299657375093,0.02363728874910696,0.013816258183185232,0.039231437709409414,0.03223231354198984
Bubble,165.50545118799135,0.7002992992992993,0.29970070070070065,0.26455663122410933,0.7354433687758908,926.4802197231692,446.7440755070419,0.023625383354310643,0.013854559615549114,0.039215457621521524,0.03224527432872398
Bubble,165.84282274041914,0.6993003003003003,0.3006996996996997,0.26536875585227176,0.7346312441477281,925.635213048278,448.15643290482996,0.02361345791545491,0.013892763009562504,0.039199477533633634,0.03225826515548852
Bubble,166.17890549535895,0.6983013013013013,0.3016986986986987,0.26618273749783455,0.7338172625021655,924.7897990026293,449.56702259009757,0.02360151235307955,0.01393086804617677,0.03918349744574575,0.03227128568728911
Bubble,166.51369779026197,0.6973023023023024,0.3026976976976976,0.2669986037670223,0.7330013962329778,923.9439754170531,450.9758847378123,0.02358954658717193,0.013968875792556106,0.03916751735785786,0.03228433636571767
Bubble,166.84756247200443,0.6963033033033034,0.30369669669669663,0.26786638958791015,0.7321336104120899,923.0979057841312,452.44021361856016,0.02357756476888498,0.014008209984197809,0.03915153726996997,0.032298217554487176
Bubble,167.17940420690368,0.6953043043043043,0.30469569569569566,0.268635672276674,0.7313643277233259,922.2510908182916,453.78809881590513,0.02356555412070477,0.014044591532306342,0.03913555718208208,0.032310523077304906
Bubble,167.51031491836682,0.6943053053053053,0.3056946946946947,0.2694568747945063,0.7305431252054937,921.4040253613038,455.1914690130622,0.02355352725676707,0.014082300131770364,0.0391195770941942,0.0323236591149004
Bubble,167.83992832843464,0.6933063063063063,0.3066936936936937,0.2702798268945938,0.7297201731054062,920.556541467061,456.59299341035484,0.02354147986228994,0.014119908794003922,0.039103597006306307,0.03233682313898861
Bubble,168.16824269041734,0.6923073073073074,0.3076926926926926,0.27110450639546296,0.728895493604537,919.7086368605073,457.99265596476255,0.023529411853889022,0.014157417202759797,0.039087616918418416,0.03235001479475247
Bubble,168.495256242482,0.6913083083083084,0.30869169169169164,0.27193089094342215,0.7280691090565777,918.8603092457167,459.39044056398177,0.0235173231475094,0.01419482504353402,0.03907163683053054,0.03236323372462007
Bubble,168.82096720776704,0.6903093093093093,0.30969069069069066,0.2727589580239029,0.7272410419760972,918.0115563057936,460.7863310410804,0.023505213658421707,0.014232132003942728,0.03905565674264264,0.03237647956844616
Bubble,169.14537381173173,0.6893103103103103,0.3106896896896897,0.27358877564515477,0.7264112243548453,917.1623757107385,462.1804142203838,0.02349308330142213,0.014269340316102015,0.03903967665475476,0.032389753414097465
Bubble,169.46880669713678,0.6883113113113114,0.3116886886886886,0.2744863407182247,0.7255136592817752,916.3129191268879,463.64696860021036,0.023480935937393605,0.014308276170498145,0.039023696566866876,0.03240411095476279
Bubble,169.79026759542126,0.6873123123123124,0.3126876876876876,0.27525824083246175,0.7247417591675382,915.4627225159277,464.96839322973904,0.02346875964937001,0.014343590168434594,0.039007716478978986,0.03241645834618014
Bubble,170.11075022094275,0.6863133133133134,0.31368668668668664,0.27609304469545326,0.7239069553045467,914.6122447184454,466.3568077565672,0.023456566169426034,0.014380496823206797,0.038991736391091096,0.03242981195225294
Bubble,170.43019414241033,0.6853143143143143,0.31468568568568567,0.2769974532286646,0.7230025467713355,913.7614570847821,467.818636765521,0.023444354741351998,0.014419141116353524,0.038975756303203206,0.03244427896159104
Bubble,170.74803622271602,0.6843153153153153,0.3156846846846847,0.27783780623281723,0.7221621937671827,912.9100955389839,469.20550631605465,0.02343211856489344,0.014455897920640757,0.038959776215315316,0.03245772133228077
Bubble,171.06458961204905,0.6833163163163164,0.3166836836836836,0.2786797850560798,0.7213202149439202,912.0583043614719,470.5909100246191,0.02341986131442192,0.014492567541605227,0.03894379612742743,0.03247118970973555
Bubble,171.37984227284022,0.6823173173173174,0.3176826826826826,0.2795233706644051,0.7204766293355949,911.2060763860675,471.97467862899526,0.023407582779895547,0.014529144925270007,0.03892781603953954,0.03248468378948489
Bubble,171.69370825068802,0.6813183183183184,0.31868168168168165,0.28036854407086537,0.7196314559291346,910.3533695585979,473.3554367026413,0.023395281854336588,0.014565587912716359,0.03891183595165165,0.03249820326781197
Bubble,172.00627423597325,0.6803193193193193,0.3196806806806807,0.28121528663371187,0.7187847133662881,909.5002229685169,474.7346070325962,0.02338295951512478,0.01460194048236594,0.03889585586376376,0.03251174784652152
Bubble,172.31751464489128,0.6793203203203203,0.3206796796796797,0.2820635797440774,0.7179364202559226,908.6466229367942,476.1117951845337,0.023370615384028303,0.014638190669989238,0.03887987577587588,0.032525317227944245
Bubble,172.6274272539688,0.6783213213213214,0.3216786786786786,0.2829134049950998,0.7170865950049001,907.7925667474325,477.48698565022175,0.023358249364281103,0.014674338176956863,0.03886389568798799,0.032538911117642115
Bubble,172.9361492995608,0.6773223223223224,0.32267767767767763,0.2837647444163501,0.71623525558365,906.9381180132331,478.86247143024815,0.023345863066354482,0.014710453620176022,0.0388479156001001,0.03255252922815838
Bubble,173.2434165056219,0.6763233233233233,0.32367667667667666,0.284617579562098,0.715382420437902,906.0831494957577,480.23391051838695,0.023333453188569612,0.014746403764168255,0.038831935512212215,0.03256617126443328
Bubble,173.5493508907896,0.6753243243243243,0.3246756756756757,0.285471892821915,0.714528107178085,905.227717396799,481.6033374849117,0.023321021149708212,0.014782251313944743,0.03881595542432433,0.03257983694476864
Bubble,173.853950246664,0.6743253253253254,0.3256746746746746,0.2863276666132512,0.7136723333867487,904.3718189440016,482.97073909357164,0.023308566850936123,0.014817996042302639,0.03879997533643644,0.03259352598791223
Bubble,174.15721233140192,0.6733263263263264,0.3266736736736736,0.28718488358389377,0.7128151164161063,903.5154513314276,484.3361019897607,0.023296090192390394,0.01485363771878922,0.03878399524854855,0.03260723811629633
Bubble,174.4591348680007,0.6723273273273274,0.32767267267267264,0.28804352661939925,0.7119564733806008,902.6586117184366,485.69941266050523,0.0232835910731483,0.014889176108400574,0.03876801516066067,0.03262097305615657
Bubble,174.75990744984244,0.6713283283283283,0.32867167167167166,0.2889035791547546,0.7110964208452454,901.8013898607192,487.06393028565674,0.02327107178157789,0.01492471125665025,0.03875203507277277,0.03263473054251737
Bubble,175.05879020578092,0.6703293293293293,0.3296706706706707,0.28965788603325865,0.7103421139667414,900.9434266604607,488.30389643677586,0.023258523022337094,0.014957176465249453,0.03873605498488489,0.03264679651077661
Bubble,175.3567130658392,0.6693303303303304,0.3306696696696696,0.2905167760421037,0.7094832239578963,900.0851694578109,489.657266964548,0.023245956312125275,0.014992322108285192,0.038720074896997005,0.032660535401247096
Bubble,175.65329107662347,0.6683313313313314,0.3316686686686686,0.2913768668787701,0.7086231331212298,899.226430638049,491.0084341487295,0.023233366781295034,0.015027361927336835,0.03870409480910911,0.0326742935002795
Bubble,175.948522209641,0.6673323323323324,0.33266766766766764,0.2922381357709926,0.7077618642290074,898.3672074042488,492.3573842956521,0.02322075432927405,0.01506229574318464,0.038688114721221224,0.03268807044360638
Bubble,176.2427403462068,0.6663333333333333,0.33366666666666667,0.29322440616528356,0.7067755938347164,897.5076610640308,493.84118110663064,0.023208123098806828,0.015100400337073735,0.038672134633333334,0.03270384692346049
Bubble,176.53525839316507,0.6653343343343344,0.3346656656656656,0.29409257377121073,0.7059074262287892,896.6474544547243,495.19043364397226,0.02319546434450939,0.01513523003533164,0.038656154545445444,0.03271773421930166
Bubble,176.8264214063996,0.6643353353353354,0.3356646646646646,0.294962039696024,0.705037960303976,895.7867538893863,496.53759300922974,0.02318278233638205,0.01516995660386905,0.03864017445755756,0.032731642283181574
Bubble,177.1159372353118,0.6633363363363364,0.3366636636636636,0.29569465489234603,0.7043053451076539,894.9254137038228,497.7308765444613,0.02317007327424229,0.015200970738878137,0.03862419436966967,0.03274336126912345
Bubble,177.4044033737275,0.6623373373373374,0.33766266266266265,0.2965614866416375,0.7034385133583625,894.0637257481849,499.0685552015954,0.023157344683772913,0.015235372402197772,0.03860821428178179,0.0327572271964683
Bubble,177.69151036502194,0.6613383383383383,0.3386616616616617,0.2974293781994858,0.7025706218005141,893.2015361806812,500.40395715671525,0.023144592554374694,0.015269667581806118,0.0385922341938939,0.032771110076616795
Bubble,177.97725613998378,0.6603393393393394,0.3396606606606606,0.2982982730384638,0.7017017269615361,892.3388420604804,501.7370316092655,0.023131816780560616,0.015303855232352727,0.038576254106006014,0.032785009005350564
Bubble,178.26163864071137,0.6593403403403404,0.3406596596596596,0.29916816354598746,0.7008318364540126,891.4756404341268,503.0677825282485,0.023119017256341426,0.015337935618308284,0.038560274018118124,0.03279892386089797
Bubble,178.5446578470831,0.6583413413413414,0.34165865865865863,0.3000449283805778,0.6999550716194223,890.6119293451276,504.4027802105057,0.02310619390141745,0.015372065008450137,0.03854429393023023,0.03281294867886857
Bubble,178.8263077446538,0.6573423423423423,0.34265765765765765,0.30091697743059714,0.6990830225694029,889.7477038347294,505.72910397184876,0.02309334655743234,0.015405936406365351,0.03852831384234234,0.03282689806267758
Bubble,179.106588176206,0.6563433433433433,0.3436566566566567,0.3017899591774981,0.6982100408225017,888.882961838827,507.0530713399054,0.02308047514092848,0.015439700263926928,0.03851233375445446,0.032840862365999174
Bubble,179.38549708200185,0.6553443443443444,0.3446556556556556,0.302663880394427,0.697336119605573,888.017700329117,508.37470251102786,0.023067579543263217,0.015473357235950544,0.03849635366656657,0.03285484169717729
Bubble,179.66303237085287,0.6543453453453454,0.3456546546546546,0.30353865969692617,0.6964613403030738,887.1519162427131,509.6939195684174,0.023054659654714704,0.015506905656292796,0.03848037357867868,0.032868834754378
Bubble,179.93919197891086,0.6533463463463464,0.34665365365365364,0.3044142997392504,0.6955857002607496,886.2856065114929,511.0107382781038,0.023041715365242636,0.015540346080917578,0.03846439349079079,0.032882841580059025
Bubble,180.21397383234665,0.6523473473473473,0.34765265265265266,0.3052907758597577,0.6947092241402423,885.4187680432751,512.3251440397419,0.023028746563998004,0.01557367834871763,0.038448413402902906,0.03289686177973027
Bubble,180.4873815471115,0.6513483483483484,0.3486516516516516,0.306182391133171,0.6938176088668291,884.5514006105583,513.6530368705397,0.023015753214485547,0.015607277180181036,0.038432433315015016,0.03291112414680532
Bubble,180.75940229688678,0.6503493493493494,0.3496506506506506,0.30706161632311985,0.6929383836768801,883.6834956406964,514.963841106829,0.02300273506292086,0.015640422040668237,0.038416453227127126,0.03292518832086626
Bubble,181.03003714030504,0.6493503503503504,0.3506496496496496,0.30794095934189164,0.6920590406581084,882.8150515601767,516.2714711000187,0.022989692037363955,0.0156734413338068,0.038400473139239236,0.03293925437972884
Bubble,181.2992830415252,0.6483513513513514,0.35164864864864864,0.3088241827295941,0.6911758172704059,881.9460647009065,517.5801103496098,0.022976624011186643,0.015706433480768903,0.03838449305135136,0.03295338250936086
Bubble,181.56713881596522,0.6473523523523523,0.35264764764764767,0.30970347527208225,0.6902965247279177,881.0765323178299,518.8811143145871,0.022963530881606947,0.015739195769093394,0.03836851296346347,0.03296744776079976
Bubble,181.83360420517664,0.6463533533533534,0.3536466466466466,0.3105833472362721,0.6894166527637279,880.206452125766,520.1794999296033,0.0229504125576623,0.015771846293267906,0.03835253287557558,0.03298152228072613
Bubble,182.098677139039,0.6453543543543544,0.3546456456456456,0.3114638029307273,0.6885361970692728,879.3358208968591,521.4752852752921,0.02293726892364902,0.015804385683758474,0.038336552787687696,0.03299560613806021
Bubble,182.36235549948717,0.6443553553553554,0.3556446446446446,0.31234473552945896,0.6876552644705409,878.4646353585051,522.7683654865224,0.022924099862502694,0.01583681169822031,0.0383205726997998,0.03300969762400278
Bubble,182.62464012384908,0.6433563563563564,0.35664364364364365,0.31323205811582744,0.6867679418841726,877.5928937455104,524.0652902995869,0.02291090529631681,0.0158692773406024,0.038304592611911915,0.033023891324826596
Bubble,182.8855234084607,0.6423573573573574,0.35764264264264256,0.3141142921078599,0.6858857078921401,876.7205899128664,525.3533807700256,0.022897685032665305,0.015901486866022316,0.03828861252402403,0.03303800362798654
Bubble,183.1450058953634,0.6413583583583584,0.3586416416416416,0.3149969479541482,0.6850030520458518,875.8477218986442,526.6387452643925,0.022884438988097642,0.0159335831582248,0.038272632436136135,0.03305212267916934
Bubble,183.40309550973697,0.6403593593593594,0.3596406406406406,0.31589897723792276,0.6841010227620772,874.9742915790514,527.942308462694,0.022871167179349814,0.015966052776636583,0.03825665234824825,0.03306655162979554
Bubble,183.65977097529057,0.6393603603603604,0.36063963963963963,0.31678319869187976,0.6832168013081201,874.1002856149775,529.2230453084787,0.022857869225302693,0.015997941812179197,0.03824067226036036,0.033080695724595176
Bubble,183.91504295439535,0.6383613613613613,0.36163863863863865,0.317674222601559,0.6823257773984409,873.2257072639703,530.5081276680453,0.02284454517838666,0.016029882190316373,0.03822469217247247,0.03309494863215679
Bubble,184.1689027049959,0.6373623623623624,0.36263763763763757,0.3185595025875043,0.6814404974124958,872.3505496470003,531.7837377206281,0.02283119482582488,0.016061553548016156,0.03820871208458459,0.03310910965933998
Bubble,184.42135131437763,0.6363633633633634,0.3636366366366366,0.31944506249741683,0.6805549375025831,871.4748109995938,533.0565317846845,0.02281781808839881,0.016093110634197716,0.0381927319966967,0.033123275164214934
Bubble,184.6723866935396,0.6353643643643644,0.3646356356356356,0.32033085931372446,0.6796691406862755,870.598487877579,534.3264762021417,0.0228044148427593,0.016124552901736203,0.03817675190880881,0.03313744445866827
Bubble,184.92200675265653,0.6343653653653654,0.36563463463463464,0.3212168509880689,0.6787831490119312,869.7215768148826,535.5935384570606,0.02279098496477669,0.016155879834032435,0.03816077182092092,0.03315161687009025
Bubble,185.1702119671997,0.6333663663663665,0.36663363363363355,0.3221069657903223,0.6778930342096777,868.8440756833734,536.862048926479,0.02277752836518864,0.01618719146889903,0.03814479173303304,0.033165855235478575
Bubble,185.416995376321,0.6323673673673674,0.36763263263263257,0.32299346697037185,0.6770065330296281,867.9659783958265,538.1235171797962,0.022764044850748517,0.016218292242721866,0.03812881164514515,0.033180035797004764
Bubble,185.66236208929718,0.6313683683683684,0.3686316316316316,0.32388725524736384,0.6761127447526362,867.0872852462346,539.3899285880364,0.02275053439531517,0.016249458298453586,0.03811283155725726,0.033194332923662355
Bubble,185.90630175027795,0.6303693693693694,0.3696306306306306,0.32477572813577366,0.6752242718642263,866.2079882870036,540.6474591616117,0.022736996756371114,0.016280371776520985,0.03809685146936937,0.03320854502483264
Bubble,186.14882398372976,0.6293703703703704,0.37062962962962964,0.32567559824066966,0.6743244017593303,865.3280901998772,541.9144552430172,0.02272343197011719,0.016311454206824536,0.03808087138148149,0.03322293943701758
Bubble,186.3899102027649,0.6283713713713714,0.37162862862862855,0.3265635617227668,0.6734364382772333,864.4475785673411,543.165375645598,0.0227098396761435,0.01634211969655473,0.0380648912935936,0.033237143389673554
Bubble,186.6295701865316,0.6273723723723724,0.3726276276276276,0.32745618639757185,0.6725438136024281,863.5664561216995,544.4183994187049,0.02269621991160161,0.016372785530887387,0.03804891120570571,0.033251421903234206
Bubble,186.8677960804902,0.6263733733733734,0.3736266266266266,0.3283456463972521,0.6716543536027477,862.6847161257375,545.6649668202896,0.022682572464723435,0.01640325591695529,0.03803293111781782,0.033265649794335085
Bubble,187.10458708382387,0.6253743743743744,0.3746256256256256,0.32923376756082084,0.670766232439179,861.802355602303,546.907094700019,0.022668897222289725,0.016433577425178494,0.03801695102992993,0.03327985626927965
Bubble,187.33994201808787,0.6243753753753755,0.37562462462462454,0.3301217259878238,0.6698782740121763,860.9193713535545,548.146085011543,0.022655194065083317,0.016463780106389384,0.038000970942042044,0.03329406014107383
Bubble,187.57385877590056,0.6233763763763764,0.37662362362362356,0.3310094697387238,0.6689905302612762,860.0357596586708,549.3818950180366,0.02264146285991838,0.016493863248033487,0.03798499085415416,0.0333082605788876
Bubble,187.80633524410345,0.6223773773773774,0.3776226226226226,0.33189694515687673,0.6681030548431233,859.1515167703141,550.6144801810511,0.022627703472686497,0.01652382610125725,0.03796901076626626,0.03332245672442392
Bubble,188.03737017121045,0.6213783783783784,0.3786216216216216,0.3327850198621812,0.6672149801378188,858.2666393882463,551.8448015368149,0.022613915780833698,0.016553690767981882,0.03795303067837838,0.03333666245621744
Bubble,188.26695980472482,0.6203793793793794,0.37962062062062063,0.33367187039053864,0.6663281296094613,857.3811228237357,553.0708825028127,0.02260009962499962,0.01658341258531195,0.03793705059049049,0.033350848605954095
Bubble,188.49510278132868,0.6193803803803805,0.38061961961961954,0.3345582882310939,0.6654417117689061,856.4949636667009,554.2936016766415,0.022586254879273984,0.016613011816690164,0.03792107050260261,0.0333650278343734
Bubble,188.72179695934935,0.6183813813813814,0.38161861861861857,0.3354442137928408,0.6645557862071592,855.6081580587755,555.5129083438599,0.022572381405707692,0.016642487592673626,0.03790509041471472,0.03337919918825166
Bubble,188.94704018768806,0.6173823823823824,0.3826176176176176,0.33632958583526495,0.6636704141647352,854.7207021120095,556.7287500713368,0.02255847906533812,0.016671839010198874,0.03788911032682683,0.03339336168797948
Bubble,189.17083030481496,0.6163833833833834,0.3836166166166166,0.3372143414413419,0.662785658558658,853.8325919080767,557.9410726795394,0.022544547718166053,0.01670106513211736,0.03787313023893894,0.03340751432712984
Bubble,189.39316513773582,0.6153843843843844,0.38461561561561564,0.33809841599435386,0.6619015840056461,852.9438234974511,559.1498202189204,0.02253058722313175,0.016730164986824354,0.03785715015105105,0.03342165607208729
Bubble,189.614042500959,0.6143853853853855,0.38561461461461455,0.3389817431559977,0.6610182568440023,852.054392898581,560.3549349477372,0.02251659743809088,0.016759137567920947,0.03784117006316317,0.03343578586169766
Bubble,189.83346019529546,0.6133863863863864,0.38661361361361357,0.3398642548475796,0.6601357451524204,851.1642960969463,561.5563573130296,0.022502578219787295,0.01678798183394595,0.03782518997527528,0.03344990260696737
Bubble,190.05141600662384,0.6123873873873874,0.3876126126126126,0.3407458812353222,0.6592541187646779,850.2735290440955,562.7540259360402,0.022488529423825242,0.01681669670820746,0.03780920988738739,0.03346400519082834
Bubble,190.26790770466624,0.6113883883883884,0.3886116116116116,0.34162655071298326,0.6583734492870167,849.3820876566666,563.9478775946491,0.022474450904640998,0.016845281078545837,0.0377932297994995,0.03347809246785995
Bubble,190.48293304149018,0.6103893893893895,0.38961061061061053,0.34250618989767456,0.6574938101023254,848.4899678152439,565.1378472198604,0.022460342515470175,0.016873733797409425,0.037777249711611616,0.03349216326422219
Bubble,190.69648975022977,0.6093903903903904,0.39060960960960955,0.34338472362016553,0.6566152763798344,847.5971653633217,566.3238678864232,0.022446204108317748,0.0169020536817971,0.037761269623723726,0.03350621637750053
Bubble,190.90857554339755,0.6083913913913914,0.3916086086086086,0.34426207492244126,0.6557379250775588,846.7036761060243,567.5058708108635,0.022432035533921486,0.016930239513361485,0.037745289535835835,0.03352025057666687
Bubble,191.11918811134612,0.6073923923923924,0.3926076076076076,0.3451381650587949,0.6548618349412051,845.8094958088883,568.6837853533937,0.02241783664171704,0.016958290038596294,0.037729309447947945,0.03353426460209699
Bubble,191.32832512060347,0.6063933933933934,0.3936066066066066,0.34601291350085467,0.6539870864991454,844.9146201965599,569.857539023853,0.02240360727980062,0.016986203969108465,0.037713329360060055,0.033548257165651026
Bubble,191.53598421205956,0.6053943943943945,0.39460560560560554,0.34688623794600953,0.6531137620539906,844.0190449513863,571.0270574910649,0.022389347294888794,0.017013979981960484,0.03769734927217218,0.03356222695080817
Bubble,191.7421629990761,0.6043953953953954,0.39560460460460456,0.3477580543259485,0.6522419456740516,843.1227657119474,572.1922645921279,0.022375056532276626,0.017041616720005152,0.03768136918428429,0.0335761726128033
Bubble,191.94685906567878,0.6033963963963964,0.3966036036036036,0.3486282768435202,0.6513717231564798,842.2257780716085,573.3530823722142,0.02236073483579618,0.017069112792893738,0.0376653890963964,0.03359009277921663
Bubble,192.15006996436696,0.6023973973973974,0.3976026026026026,0.34949681796740034,0.6505031820325996,841.3280775768363,574.5094310782663,0.02234638204776871,0.017096466777046987,0.037649409008508515,0.03360398604988833
Bubble,192.35179321409606,0.6013983983983985,0.3986016016016015,0.35036358847627125,0.6496364115237288,840.4296597255906,575.6612292061756,0.022331998008958756,0.017123677216810778,0.037633428920620625,0.033617850997625286
Bubble,192.55202629807627,0.6003993993993995,0.39960060060060054,0.3512284974852022,0.6487715025147978,839.5305199655843,576.8083935283428,0.02231758255852451,0.01715074262516403,0.037617448832732735,0.03363168616862304
Bubble,192.75076666143735,0.5994004004004004,0.40059959959959957,0.35209145250814433,0.6479085474918556,838.6306536924423,577.9508391598656,0.0223031355339655,0.01717766148527256,0.03760146874484485,0.033645490083465526
Bubble,192.9480117089267,0.5984014014014014,0.4015985985985986,0.3529523594111363,0.6470476405888637,837.7300562478551,579.0884795067141,0.022288656771069917,0.017204432249418398,0.037585488656956954,0.03365926123637648
Bubble,193.14375880241641,0.5974024024024024,0.4025975975975976,0.3538111225846903,0.6461888774153097,836.828722917595,580.2212264497633,0.022274146103858142,0.017231053343142094,0.03756950856906907,0.03367299809797696
Bubble,193.33800525840348,0.5964034034034035,0.4035965965965965,0.35466764490241176,0.6453323550975882,835.9266489294928,581.3489902981354,0.022259603364525177,0.0172575231642619,0.03755352848118119,0.03368669911462347
Bubble,193.53074834546717,0.5954044044044045,0.40459559559559555,0.3555218278195034,0.6444781721804966,835.0238294513687,582.4716798929843,0.022245028383381573,0.017283840085211607,0.03753754839329329,0.03370036270998356
Bubble,193.72198528165652,0.5944054054054054,0.40559459459459457,0.35637357142041237,0.6436264285795876,834.1202595888928,583.5892026561505,0.022230420988792424,0.017310002454144192,0.03752156830540541,0.03371398728579806
Bubble,193.91174215794592,0.5934064064064064,0.4065935935935936,0.3572338315310661,0.6427661684689338,833.2159513616386,584.7133698416337,0.022215781459800524,0.01733627066464951,0.03750558821751752,0.03372774809255408
Bubble,194.0999629010625,0.5924074074074074,0.4075925925925926,0.3580817231639699,0.6419182768360302,832.3108685804707,585.821704112872,0.02220110879000253,0.017362150012835045,0.03748960812962963,0.03374131105190318
Bubble,194.2866681755257,0.5914084084084085,0.40859159159159153,0.35892653487104514,0.6410734651289548,831.405019972554,586.924226325917,0.02218640316988936,0.01738786175811524,0.03747362804174175,0.033754824744450726
Bubble,194.47185603928887,0.5904094094094094,0.40959059059059055,0.3597685599877722,0.6402314400122279,830.4984010018845,588.0212674461266,0.022171664436192607,0.01741341359566038,0.03745764795385386,0.033768293862420404
Bubble,194.6555234543086,0.5894104104104104,0.4105895895895896,0.36060769576047247,0.6393923042395275,829.591006453386,589.1127320036063,0.022156892407228318,0.017438803840294868,0.03744166786596597,0.0337817167621541
Bubble,194.8376673173522,0.5884114114114114,0.4115885885885886,0.3614438385554339,0.6385561614445662,828.6828310371465,590.1985236115065,0.022142086899002655,0.01746403079329584,0.03742568777807808,0.03379509178591658
Bubble,195.01313393834005,0.45654354354354354,0.5434564564564565,0.34050141959630476,0.6594985804036954,690.7873070659606,567.5838341841771,0.019560004605413767,0.01696300737607437,0.03531631617687688,0.03346009475800446
Bubble,195.01815763456727,0.5874124124124125,0.4125875875875875,0.3622457208885287,0.6377542791114714,827.7737937661841,591.2450482294918,0.022127245703746787,0.017488359817371367,0.0374097076901902,0.03380791877590499
Bubble,195.19707717092257,0.5864134134134135,0.41358658658658654,0.36303664813519987,0.6369633518648,826.8639400129307,592.2773980986539,0.02211236998907863,0.017512342011548773,0.03739372760230231,0.033820570527235465
Bubble,195.37444358849342,0.5854144144144144,0.41458558558558556,0.36382219193815535,0.6361778080618445,825.9532766265155,593.3015807005581,0.022097459893964812,0.017536109505679163,0.03737774751441442,0.033833136164461916
Bubble,195.55025194665816,0.5844154154154154,0.4155845845845846,0.3646022300506519,0.6353977699493482,825.0417969642596,594.3174809240934,0.022082515196497024,0.017559660333776008,0.037361767426526526,0.033845613732113235
Bubble,195.72449716165718,0.5834164164164164,0.4165835835835836,0.36537664388595203,0.6346233561140479,824.1294942467313,595.324987486337,0.022067535670725353,0.017582992617507377,0.037345787338638636,0.03385800133326407
Bubble,195.89717400532766,0.5824174174174175,0.4175825825825825,0.3661453186870315,0.6338546813129685,823.216361555399,596.3239930987146,0.022052521086586722,0.017606104569154315,0.03732980725075075,0.033870297132249635
Bubble,196.06827710467255,0.5814184184184185,0.41858158158158154,0.36690814377561193,0.6330918562243881,822.3023918307473,597.3143947184076,0.022037471209845658,0.01762899449641495,0.03731382716286286,0.03388249935864907
Bubble,196.23780094143908,0.5804194194194194,0.41958058058058056,0.3676650126984458,0.6323349873015541,821.387577870387,598.2960936896295,0.022022385802034607,0.017651660804796587,0.03729784707497497,0.03389460630962562
Bubble,196.40573985232433,0.5794204204204204,0.4205795795795796,0.36841582339850515,0.6315841766014949,820.4719123275138,599.2689959119114,0.02200726462040358,0.017674102000591187,0.03728186698708708,0.03390661635266483
Bubble,196.57208802979395,0.5784214214214215,0.4215785785785785,0.36916047838303634,0.6308395216169637,819.555387709725,600.2330120054337,0.021992107417879173,0.017696316693782122,0.0372658868991992,0.03391852792826289
Bubble,196.7368395229151,0.5774224224224225,0.4225775775775775,0.36989888484748756,0.6301011151525123,818.6379963778307,601.1880574291422,0.021976913943023417,0.01771830359992138,0.03724990681131132,0.03393033955190889
Bubble,196.89998823905668,0.5764234234234235,0.42357657657657655,0.3706309548005865,0.6293690451994135,817.7197305451858,602.1340526008643,0.021961683940006468,0.017740061542055235,0.037233926723423426,0.033942049816085666
Bubble,197.06152794591972,0.5754244244244244,0.42457557557557557,0.3713566052158492,0.6286433947841508,816.8005822772188,603.0709230458781,0.021946417148584467,0.01776158945326631,0.03721794663553554,0.033953657392693244
Bubble,197.22145227381418,0.5744254254254254,0.4255745745745746,0.37207575806692067,0.6279242419330793,815.8805434911063,603.998599421879,0.02193111330408139,0.017782886376546847,0.03720196654764765,0.033965161033614265
Bubble,197.37975471857374,0.5734264264264265,0.4265735735735735,0.37278834045144166,0.6272116595485583,814.9596059558525,604.9170176390605,0.021915772137381603,0.017803951466739788,0.03718598645975976,0.03397655957269531
Bubble,197.5364286450173,0.5724274274274275,0.42757257257257253,0.373494284650523,0.6265057153494771,814.0377612927008,605.8261189121437,0.0219003933749314,0.017824783991019257,0.03717000637187188,0.03398785192669823
Bubble,197.69146729053523,0.5714284284284284,0.42857157157157155,0.3741935281837765,0.6258064718162234,813.1150009756474,606.725849808009,0.02188497673874332,0.017845383329287565,0.03715402628398398,0.033999037096180504
Bubble,197.8448637693114,0.5704294294294294,0.4295705705705706,0.3748860138423282,0.6251139861576718,812.1913163323565,607.6161622706977,0.021869521946411195,0.01786574897410128,0.0371380461960961,0.03401011416602327
Bubble,197.99661107693652,0.5694304304304305,0.4305695695695695,0.3755716897412216,0.6244283102587783,811.2666985453441,608.4970136676511,0.021854028711132584,0.017885880531070427,0.03712206610820821,0.03402108230626955
Bubble,198.14670209532085,0.5684314314314315,0.4315685685685685,0.3762505093040255,0.6237494906959746,810.3411386533712,609.3683667643959,0.02183849674173681,0.017905777717735685,0.037106086020320325,0.03403194077187813
Bubble,198.29512959793482,0.5674324324324325,0.43256756756756753,0.3769224312841629,0.6230775687158371,809.4146275530726,610.230189738943,0.02182292574271949,0.017925440363320087,0.037090105932432435,0.034042688903064604
Bubble,198.44188625580713,0.5664334334334334,0.43356656656656656,0.3775874197465144,0.6224125802534854,808.487156001092,611.0824561549659,0.02180731541429077,0.01794486840761833,0.037074125844544545,0.034053326125007215
Bubble,198.58696464321133,0.5654344344344344,0.4345655655655656,0.37824544405382676,0.6217545559461732,807.5587146160601,611.9251449402303,0.021791665452419475,0.017964061900017023,0.037058145756656655,0.03406385194762942
Bubble,198.74249251738865,0.5644354354354355,0.4355645645645645,0.38047603835263205,0.6195239616473681,806.6369896662366,614.4449711784264,0.021776183306321466,0.018019161011835993,0.03704216566876877,0.03409953275709255
Bubble,198.8849287962173,0.5634364364364365,0.4365635635635635,0.3811562760467346,0.6188437239532655,805.7070696898212,615.3069208590315,0.021760466465815538,0.018038682337063898,0.03702618558088088,0.03411041390727118
Bubble,199.0206360696464,0.5624374374374375,0.43756256256256254,0.38118578912902457,0.6188142108709753,804.7729476361479,615.4723815099185,0.021744622514687537,0.018043283351921492,0.037010205492993,0.03411088600148679
Bubble,199.15943628036953,0.5614384384384384,0.43856156156156156,0.3818401414212416,0.6181598585787584,803.8408721195395,616.3025829171861,0.02172882019604637,0.01806207923116196,0.03699422540510511,0.03412135308618832
Bubble,199.2965389272963,0.5604394394394395,0.4395605605605605,0.38248732861574364,0.6175126713842564,802.9077919702188,617.123050739008,0.02171297705130377,0.018080639120231615,0.036978245317217225,0.03413170555727029
Bubble,199.43193616981853,0.5594404404404405,0.4405595595595595,0.3831273287535837,0.6168726712464163,801.9736971665224,617.9337720159697,0.021697092756375793,0.018098963227345742,0.036962265229329334,0.0341419430634752
Bubble,199.56562008247172,0.5584414414414415,0.4415585585585585,0.3837601252243803,0.6162398747756198,801.0385775471384,618.7347391705648,0.021681166982838,0.018117051868665676,0.036946285141441444,0.03415206533910171
Bubble,199.69758266290935,0.5574424424424425,0.44255755755755755,0.38438570671143646,0.6156142932885635,800.1024228146395,619.5259499455626,0.02166519939801177,0.018134905466561782,0.036930305053553554,0.03416207220312681
Bubble,199.82781583917242,0.5564434434434434,0.44355655655655657,0.38500406711658625,0.6149959328834138,799.1652225386256,620.3074073208243,0.02164918966504023,0.018152524547438195,0.036914324965665664,0.03417196355800362
Bubble,199.95631147722384,0.5554444444444445,0.4445555555555555,0.385615205463056,0.6143847945369438,798.2269661591,621.0791194076045,0.021633137442970685,0.018169909739107322,0.03689834487777778,0.03418173938810759
Bubble,200.08306139023486,0.5544454454454455,0.4455545545545545,0.3862191258692704,0.6137808741307297,797.2876429910324,621.8410994199038,0.021617042386869484,0.018187061769837226,0.03688236478988989,0.03419139975931743
Bubble,200.20805734529264,0.5534464464464465,0.44655355355355353,0.386815837367183,0.6131841626328168,796.3472422273336,622.5933654796603,0.021600904147894066,0.018203981463880754,0.03686638470200201,0.03420094481610919
Bubble,200.33129107263096,0.5524474474474474,0.44755255255255255,0.38740535385572605,0.6125946461442741,795.4057529435203,623.3359405675933,0.021584722373411094,0.018220669740140326,0.03685040461411411,0.034210374780811584
Bubble,200.4527542741346,0.5514484484484484,0.4485515515515516,0.3879876939813049,0.6120123060186949,794.4631641019939,624.0688523967547,0.021568496707104347,0.018237127609213033,0.03683442452622623,0.034219689951694346
Bubble,200.5724386316728,0.5504494494494495,0.4495505505505505,0.3885628810253936,0.6114371189746063,793.5194645562782,624.7921332939974,0.021552226789081873,0.018253356170629145,0.036818444438338344,0.0342288907011703
Bubble,200.69033581661085,0.5494504504504505,0.4505495495495495,0.38913094282935384,0.6108690571706461,792.5746430561052,625.5058201222638,0.02153591225600642,0.018269356610986737,0.036802464350450446,0.034237977474592625
Bubble,200.80513523434118,0.5484514514514515,0.45154854854854853,0.3895967452574222,0.6104032547425777,791.6278249668272,626.1083607354411,0.021519529273757294,0.018282976391833516,0.03678648426256257,0.03424542849681225
Bubble,200.9294291313103,0.5474524524524524,0.45254754754754756,0.39057086246302586,0.6094291375369741,790.6873679943249,627.2550664162363,0.02150330504684521,0.018308130902295553,0.03677050417467468,0.03426101057304481
Bubble,201.04025616157602,0.5464534534534535,0.45354654654654647,0.3909746678934356,0.6090253321065644,789.7380227768417,627.7877395144668,0.02148682488479702,0.018320224446673198,0.03675452408678679,0.034267469885090183
Bubble,201.14911069209813,0.5454544544544545,0.4545455455455455,0.39137008488145897,0.608629915118541,788.7874017918139,628.3094599523411,0.02147029566047731,0.018332065640280983,0.03673854399889891,0.034273795014772304
Bubble,201.25598275427006,0.5444554554554555,0.4555445445445445,0.3917573944831853,0.6082426055168146,787.835491273133,628.8205276925394,0.021453716934968853,0.018343661106468085,0.036722563911011016,0.034279990457892484
Bubble,201.3778088122174,0.5434564564564565,0.45654354354354354,0.39335355670342903,0.6066464432965708,786.8936707242223,630.6184583272811,0.02143739865621934,0.018382417941332756,0.036706583823123126,0.034305522828383714
Bubble,201.48168638572344,0.5424574574574574,0.45754254254254256,0.3937492237134233,0.6062507762865768,785.9398464478501,631.1347088619605,0.021420739002260825,0.01839407297643887,0.036690603735235236,0.034311851957442296
Bubble,201.58357612042607,0.5414584584584585,0.4585415415415415,0.39413685349926014,0.6058631465007399,784.9847112206985,631.6404056923645,0.021404029084766785,0.018405485138839602,0.03667462364734735,0.03431805252225952
Bubble,201.68346850420005,0.5404594594594595,0.4595405405405405,0.394516708881675,0.605483291118325,784.0282512515636,632.1358286449776,0.02138726846179914,0.018416660585146707,0.03665864355945946,0.03432412872694216
Bubble,201.766702696067,0.5394604604604605,0.4605395395395395,0.3939717625697005,0.6060282374302995,783.0604886895101,631.6425053701644,0.021370184765554252,0.018406962757298004,0.03664266347157157,0.03431541171124119
Bubble,201.86181171554585,0.5384614614614615,0.46153853853853855,0.39432160498541374,0.6056783950145863,782.1007900965508,632.1016948483375,0.021353306328712202,0.018417340716275907,0.03662668338368368,0.034321007825507184
Bubble,201.95488991304248,0.5374624624624625,0.46253753753753746,0.39466523900142575,0.6053347609985743,781.1397180818061,632.5522627548689,0.021336375643226404,0.018427517441131646,0.0366107032957958,0.03432650462959071
Bubble,202.04593131876936,0.5364634634634635,0.4635365365365365,0.3950029375596237,0.6049970624403763,780.1772607141205,632.9944999595838,0.021319392314614605,0.018437499244419286,0.03659472320790791,0.0343319064894975
Bubble,202.13493047028405,0.5354644644644645,0.4645355355355355,0.3953349700356563,0.6046650299643437,779.2134063067897,633.4286935646886,0.021302355954388057,0.018447292347247176,0.03657874312002002,0.03433721771418736
Bubble,202.2218824162943,0.5344654654654655,0.4655345345345345,0.3956616023707451,0.6043383976292549,778.2481434240892,633.8551270623785,0.02128526618024322,0.018456902883297686,0.036562763032132135,0.03434244255768267
Bubble,202.3067827171458,0.5334664664664664,0.46653353353353355,0.39598309704693463,0.6040169029530654,777.2814608856204,634.2740803243714,0.02126812261619417,0.01846633689926939,0.036546782944244245,0.034347585218672476
Bubble,202.3896274393001,0.5324674674674675,0.46753253253253246,0.39629971289379284,0.6037002871062072,776.313347766562,634.6858294086923,0.021250924892593302,0.018475600351426976,0.03653080285635636,0.0343526498374204
Bubble,202.470413154445,0.5314684684684685,0.4685315315315315,0.3966117051377234,0.6033882948622766,775.3437934011523,635.0906466255271,0.021233672646240598,0.018484699107589587,0.03651482276846847,0.03435764049655354
Bubble,202.54913693333373,0.5304694694694695,0.4695305305305305,0.39691932525977947,0.6030806747402204,774.3727873825595,635.4888003967965,0.02121636552039413,0.018493638944740206,0.03649884268058058,0.03436256121878796
Bubble,202.62579634838332,0.5294704704704705,0.47052952952952953,0.3972228213064436,0.6027771786935564,773.4003195688767,635.8805555994055,0.021199003164948584,0.01850242555679262,0.0364828625926927,0.0343674159719
Bubble,202.7003894587848,0.5284714714714714,0.47152852852852856,0.39752243747126964,0.6024775625287304,772.4263800769469,636.2661731262552,0.021181585236280435,0.018511064545847555,0.03646688250480481,0.034372208662034186
Bubble,202.77291481290573,0.5274724724724725,0.47252752752752747,0.3978184144108531,0.6021815855891468,771.4509592882637,636.6459102341759,0.021164111397424062,0.018519561430009896,0.03645090241691692,0.03437694313875745
Bubble,202.81097435265625,0.5144854854854856,0.48551451451451444,0.38457055998255607,0.615429440017444,758.1052521993154,622.7800443983481,0.020917194459395334,0.01822858227182918,0.03624316127437438,0.03416502913453697
Bubble,202.82394300694108,0.5174824824824825,0.4825175175175175,0.38637888653777247,0.6136211134622275,761.2056119985267,624.6913874762547,0.02097499331070673,0.018269059015507984,0.036291101538038044,0.03419395530694686
Bubble,202.8331884639694,0.5164834834834835,0.4835165165165165,0.3859784786176638,0.6140215213823361,760.1824180357488,624.2801453594793,0.02095602682076209,0.018260452682855727,0.036275121450150154,0.034187550341816
Bubble,202.84337143962154,0.5264734734734735,0.4735265265265265,0.39811098922641386,0.6018890107735861,770.4740478471535,637.0200205302866,0.021146581318036425,0.018527921643539124,0.036434922329029035,0.03438162319476464
Bubble,202.8783484339349,0.5154844844844845,0.4845155155155155,0.38638106115053195,0.613618938849468,759.1852976845306,624.7472826283098,0.020937762703743295,0.018270675078938554,0.036259141362262264,0.034193990092270025
Bubble,202.90765677141795,0.5134864864864865,0.48651351351351346,0.3860722807392736,0.6139277192607263,757.145730610587,624.4521048290942,0.020899934960797294,0.01826468094421803,0.03622718118648649,0.034189050809933494
Bubble,202.91175885563374,0.5254744744744745,0.4745255255255255,0.3984003959509268,0.6015996040490732,769.4956366702572,637.3887545031346,0.021128994674671973,0.018536150548465986,0.03641894224114114,0.03438625257367062
Bubble,202.92462181583647,0.5114884884884885,0.4885115115115115,0.3857312116863714,0.6142687883136284,755.0960574774006,624.1109098300933,0.02086176120471695,0.018257614776514768,0.03619522101071071,0.03418359503525636
Bubble,202.94707512208618,0.5124874874874875,0.4875125125125125,0.38647956453170745,0.6135204354682925,756.143938543894,624.9184624901275,0.020881492897322242,0.018274839107379627,0.0362112010985986,0.03419556576220564
Bubble,202.95972340210938,0.5014984984984985,0.4985015015015015,0.38581177864183863,0.6141882213581615,744.7948484864902,624.2299632327836,0.020668410296362186,0.01826040910435364,0.03603542013183183,0.03418488379233272
Bubble,202.96473591456046,0.5104894894894895,0.48951051051051053,0.3862298655376564,0.6137701344623437,754.0944230275763,624.6738787506945,0.02084329034531716,0.018269820613490813,0.03617924092282282,0.03419157155212692
Bubble,202.9716365095387,0.5064934934934935,0.4935065065065065,0.38577700668033893,0.614222993319661,749.9709607523536,624.2054879828098,0.0207660059190762,0.018259990242161017,0.036115320571271266,0.03418432757655937
Bubble,202.97699962528134,0.5004994994994995,0.49950050050050054,0.38625031296714035,0.6137496870328596,743.7739644170346,624.7071420729416,0.02064923728713233,0.018270618686904907,0.036019440043943945,0.03419189863125367
Bubble,202.97723637506942,0.5084914914914915,0.49150850850850847,0.3860749969529566,0.6139250030470433,752.040037939464,624.5237314209025,0.02080488552381357,0.01826675274560398,0.036147280747047046,0.034189094258759184
Bubble,202.97807701936264,0.5244754754754755,0.47552452452452454,0.3986868641101578,0.6013131358898421,768.5157169182144,637.7523579832406,0.02111135115001991,0.018544253402577315,0.036402962153253254,0.0343908349469925
Bubble,202.99265976008024,0.5054944944944946,0.4945055055055054,0.3861095751298461,0.6138904248701538,748.9540462104676,624.5752497490412,0.020747028510263586,0.01826796406828664,0.03609934048338339,0.03418964737473453
Bubble,202.9951497450426,0.5034964964964965,0.4965035035035035,0.38619761877761366,0.6138023812223864,746.8895316352244,624.6700334245701,0.02070817246124429,0.01826998377477503,0.03606738030760761,0.03419105572972859
Bubble,202.99670757372272,0.5094904904904906,0.49050950950950944,0.38660882795348284,0.613391172046517,753.0865997407634,625.1031141832476,0.02082463202580604,0.01827913369151558,0.036163260834934936,0.034197633472826706
Bubble,203.0039571368609,0.5074924924924925,0.4925075075075075,0.3864334171387754,0.6135665828612246,751.0278781808726,624.9262319861065,0.020786073694540236,0.01827546082672629,0.03613130065915916,0.03419482758389357
Bubble,203.00687122500395,0.5044954954954955,0.49550450450450445,0.3862466886564616,0.6137533113435385,747.9317830389556,624.7325888997892,0.02072788606274942,0.01827139390293486,0.0360833603954955,0.03419184065641762
Bubble,203.0092922558719,0.5024974974974975,0.4975025025025025,0.3865149165071424,0.6134850834928576,745.8667623087465,625.0168877969512,0.02068898178054026,0.018277415159014078,0.036051400219719726,0.034196131255939906
Bubble,203.04232637859008,0.5234764764764765,0.47652352352352345,0.3989706208769127,0.6010293791230874,767.5342800336715,638.1110744605054,0.021093650433962274,0.018552235408573252,0.036386982065365364,0.03439537394860919
Bubble,203.10218382872995,0.5224774774774775,0.4775225225225225,0.3991665605000309,0.600833439499969,766.5496557059856,638.3735007690461,0.021075846526875084,0.018558173997420786,0.03637100197747748,0.03439850821841455
Bubble,203.21683011787698,0.5214784784784785,0.4785215215215215,0.4015483028006721,0.598451697199328,765.6042649289826,640.9781712868821,0.02105910614643906,0.018613279028617938,0.03635502188958959,0.034436606806429834
Bubble,203.26888073158466,0.5204794794794795,0.4795205205205205,0.4015544034917267,0.5984455965082732,764.614026572941,641.033936822014,0.02104111689970689,0.01861484564531671,0.03633904180170171,0.03443670439369401
Bubble,203.3186273220826,0.5194804804804805,0.48051951951951954,0.40156459225496827,0.5984354077450317,763.6220393980997,641.0918157775469,0.021023063678238637,0.01861643827273369,0.03632306171381382,0.0344368673741697
Bubble,203.36609095783018,0.5184814814814815,0.48151851851851846,0.4015791513804812,0.5984208486195188,762.6283076267118,641.1521213950754,0.02100494651385417,0.018618063556197457,0.036307081625925934,0.034437100263397316
