Branch,Pressure [bar],x_CO2 [-],x_Ar [-],y_CO2 [-],y_Ar [-],rho_L [kg/m3],rho_V [kg/m3],rho_L_mol_cm3 [mol/cm3],rho_V_mol_cm3 [mol/cm3],M_liq [kg/mol],M_vap [kg/mol]
Dew,17.87287626139056,0.9999660357483814,3.396425161861227e-05,0.999,0.0010000000000000009,1046.0262997445363,46.69392000022014,0.02376848664624514,0.0010613821555645658,0.044008956704434686,0.0439935039
Dew,17.895224886898326,0.9999320028883452,6.799711165483835e-05,0.9980010010010011,0.001998998998998913,1045.997841001327,46.73542447055725,0.02376813400128767,0.0010627115949098879,0.04400841231140226,0.04397752381211212
Dew,17.917633718284463,0.999897867109932,0.00010213289006799631,0.9970020020020021,0.0029979979979979365,1045.9692931910213,46.777044841211726,0.02376778021284537,0.0010640446371640053,0.04400786627207719,0.04396154372422423
Dew,17.94010296002003,0.9998636280488388,0.00013637195116122935,0.996003003003003,0.00399699699699696,1045.9406559946149,46.81878144375112,0.023767425276734346,0.0010653812938022957,0.04400731858063203,0.04394556363633634
Dew,17.962632817325193,0.9998292853394148,0.00017071466058515838,0.995004004004004,0.004995995995995983,1045.91192909192,46.860634611572266,0.023767069188754805,0.0010667215763584751,0.04400676923121782,0.04392958354844845
Dew,17.98522349616379,0.9997948386146486,0.0002051613853514267,0.9940050050050051,0.0059949949949948955,1045.883112161552,46.902604679870564,0.02376671194469085,0.0010680654964240058,0.04400621821796378,0.043913603460560564
Dew,18.00787520326239,0.9997602875061541,0.00023971249384591164,0.9930060060060061,0.006993993993993919,1045.8542048809195,46.94469198569179,0.023766353540310377,0.0010694130656493809,0.04400566553497719,0.043897623372672674
Dew,18.030588146123932,0.999725631644158,0.00027436835584204733,0.9920070070070071,0.007992992992992942,1045.8252069262105,46.98689686796598,0.02376599397136485,0.0010707642957450021,0.04400511117634312,0.04388164328478479
Dew,18.053362533015708,0.9996908706574853,0.00030912934251470237,0.991008008008008,0.008991991991991966,1045.7961179723818,47.029219667454164,0.023765633233589205,0.001072119198480078,0.0440045551361242,0.0438656631968969
Dew,18.07619857298918,0.9996560041735467,0.00034399582645328053,0.990009009009009,0.009990990990990989,1045.7669376931485,47.07166072680309,0.023765271322701686,0.0010734777856839773,0.04400399740836047,0.043849683109009004
Dew,18.09909647589406,0.9996210318183244,0.00037896818167559854,0.9890100100100101,0.010989989989989901,1045.7376657609723,47.11422039058037,0.023764908234403723,0.0010748400692471394,0.044003437987069106,0.04383370302112113
Dew,18.12205645236903,0.9995859532163585,0.0004140467836415418,0.9880110110110111,0.011988988988988925,1045.7083018470444,47.156899005230464,0.023764543964379648,0.0010762060611201833,0.0440028768662442,0.04381772293323324
Dew,18.14507871386386,0.9995507679907333,0.00044923200926672013,0.987012012012012,0.012987987987987948,1045.678845621278,47.199696919137374,0.023764178508296617,0.0010775757733154472,0.04400231403985657,0.043801742845345354
Dew,18.168163472636238,0.9995154757630635,0.00048452423693645663,0.986013013013013,0.013986986986986971,1045.6492967522977,47.24261448260108,0.023763811861804505,0.0010789492179065637,0.044001749501853545,0.043785762757457464
Dew,18.19131094177256,0.9994800761534807,0.0005199238465193323,0.9850140140140141,0.014985985985985883,1045.619654907424,47.28565204789567,0.02376344402053567,0.0010803264070298997,0.0440011832461587,0.043769782669569574
Dew,18.21452133517907,0.9994445687806185,0.0005554312193815081,0.9840150150150151,0.015984984984984907,1045.5899197526596,47.328809969226796,0.02376307498010474,0.0010817073528836976,0.04400061526667165,0.04375380258168168
Dew,18.23779486760531,0.9994089532615997,0.0005910467384002693,0.9830160160160161,0.01698398398398393,1045.560090952686,47.37208860279847,0.02376270473610866,0.0010830920677297174,0.04400004555726787,0.0437378224937938
Dew,18.261131754642307,0.9993732292120213,0.000626770787978681,0.982017017017017,0.017982982982982954,1045.53016817084,47.415488306794465,0.023762333284126275,0.0010844805638929257,0.04399947411179842,0.04372184240590591
Dew,18.284532212730873,0.9993373962459409,0.0006626037540591323,0.981018018018018,0.018981981981981977,1045.5001510691054,47.459009441393995,0.023761960619718275,0.0010858728537619705,0.043998900924089694,0.04370586231801802
Dew,18.307996459177726,0.9993014539758619,0.0006985460241381025,0.9800190190190191,0.01998098098098089,1045.470039308105,47.50265236881346,0.023761586738427085,0.0010872689497902538,0.04399832598794329,0.04368988223013013
Dew,18.331524712152042,0.99926540201272,0.000734597987280039,0.9790200200200201,0.020979979979979912,1045.439832547084,47.54641745328249,0.02376121163577665,0.001088668864495501,0.04399774929713567,0.043673902142242246
Dew,18.355117190700582,0.9992292399658681,0.000770760034131901,0.9780210210210211,0.021978978978978936,1045.4095304438963,47.59030506108252,0.023760835307272212,0.0010900726104607617,0.04399717084541803,0.043657922054354356
Dew,18.378774114753767,0.9991929674430625,0.0008070325569374814,0.977022022022022,0.02297797797797796,1045.3791326549958,47.63431556055478,0.02376045774840026,0.001091480200334714,0.04399659062651597,0.043641941966466466
Dew,18.402495705131358,0.9991565840504478,0.0008434159495521731,0.976023023023023,0.023976976976976982,1045.3486388354177,47.67844932210682,0.023760078954628196,0.001092891646831932,0.04399600863412937,0.043625961878578576
Dew,18.42628218356337,0.9991200893925427,0.0008799106074572904,0.9750240240240241,0.024975975975975895,1045.3180486387766,47.7227067182707,0.023759698921404428,0.0010943069627343423,0.04399542486193206,0.04360998179069069
Dew,18.450133772670412,0.999083483072225,0.0009165169277749463,0.9740250250250251,0.025974974974974918,1045.2873617172381,47.767088123624255,0.023759317644157847,0.0010957261608895415,0.04399483930357161,0.04359400170280281
Dew,18.474050696001466,0.9990467646907175,0.0009532353092824852,0.9730260260260261,0.02697397397397394,1045.2565777215198,47.811593914905515,0.02375893511829794,0.001097149254213542,0.04399425195266919,0.04357802161491492
Dew,18.4980331780221,0.9990099338475721,0.0009900661524279153,0.972027027027027,0.027972972972972965,1045.2256963008683,47.85622447096105,0.023758551339214465,0.001098576255689711,0.04399366280281915,0.04356204152702703
Bubble,18.50450010195757,0.999,0.0010000000000000009,0.971758104063442,0.028241895936558015,1045.2173661869547,47.86825946870166,0.02375844780544872,0.0010989610498444698,0.0439935039,0.043557739808409233
Dew,18.522081444138458,0.998972990140656,0.001027009859344008,0.9710280280280281,0.028971971971971877,1045.194717103058,47.90098017281359,0.023758166302277436,0.0011000071783704472,0.04399307184758895,0.043546061439139146
Dew,18.546195720691156,0.9989359331661358,0.0010640668338641746,0.9700290290290291,0.0299709709709709,1045.163639774365,47.9458614036294,0.023757780002836768,0.0011014420353765595,0.04399247908051883,0.043530081351251255
Dew,18.570376234966435,0.9988987625184631,0.0011012374815368986,0.9690300300300301,0.030969969969969924,1045.1324639595575,47.990868548743094,0.02375739243622209,0.0011028808398979607,0.04399188449512159,0.043514101263363365
Dew,18.594623215216203,0.9988614777903589,0.0011385222096410574,0.968031031031031,0.03196896896896895,1045.1011893018926,48.036001995712326,0.023757003597742857,0.0011043236051950524,0.04399128808488236,0.043498121175475475
Dew,18.618936890647944,0.9988240785727984,0.001175921427201576,0.967032032032032,0.03296796796796797,1045.069815443086,48.081262134271526,0.023756613482687747,0.0011057703445977918,0.043990689843258345,0.043482141087587585
Dew,18.64331749145215,0.9987865644549958,0.0012134355450041934,0.9660330330330331,0.03396696696696688,1045.0383420233136,48.12664935641125,0.023756222086324854,0.0011072210715076436,0.04399008976367856,0.0434661609996997
Dew,18.667765248792165,0.9987489350243888,0.0012510649756112269,0.9650340340340341,0.034965965965965906,1045.0067686811888,48.17216405633173,0.02375582940390129,0.001108675799396643,0.04398948783954363,0.04345018091181182
Dew,18.692280394829556,0.9987111898666228,0.0012888101333772273,0.9640350350350351,0.03596496496496493,1044.9750950537516,48.2178066305151,0.02375543543064305,0.0011101345418091891,0.043988884064225485,0.04343420082392393
Dew,18.716863162715956,0.9986733285655356,0.0013266714344644104,0.963036036036036,0.03696396396396395,1044.9433207764534,48.263577477685814,0.023755040161754813,0.0011115973123612655,0.04398827843106717,0.04341822073603603
Dew,18.74151378662042,0.9986353507031418,0.0013646492968582002,0.9620370370370371,0.037962962962962865,1044.9114454831536,48.30947699888933,0.023754643592419973,0.0011130641247423837,0.04398767093338253,0.04340224064814815
Dew,18.766232501717642,0.9985972558596163,0.0014027441403836605,0.9610380380380381,0.03896196196196189,1044.879468806083,48.355505597440185,0.023754245717799976,0.0011145349927145255,0.043987061564456004,0.04338626056026027
Dew,18.791019544217033,0.9985590436132794,0.0014409563867205932,0.9600390390390391,0.03996096096096091,1044.8473903758577,48.40166367900667,0.02375384653303471,0.0011160099301142257,0.043986450317542385,0.04337028047237238
Dew,18.81587515135124,0.9985207135405794,0.0014792864594206367,0.9590400400400401,0.040959959959959935,1044.8152098214377,48.44795165155981,0.023753446033241758,0.0011174889508515334,0.04398583718586647,0.04335430038448449
Dew,18.840799561403472,0.9984822652160781,0.0015177347839219202,0.958041041041041,0.04195895895895896,1044.7829267701388,48.49436992545191,0.02375304421351675,0.0011189720689119605,0.04398522216262291,0.0433383202965966
Dew,18.865793013700795,0.9984436982124332,0.0015563017875668272,0.9570420420420421,0.04295795795795787,1044.7505408475972,48.54091891338161,0.023752641068932708,0.0011204592983558134,0.04398460524097591,0.04332234020870871
Dew,18.890855748634014,0.9984050121003828,0.0015949878996172062,0.9560430430430431,0.043956956956956894,1044.718051677767,48.58759903044744,0.023752236594540142,0.0011219506533195686,0.043983986414058936,0.04330636012082083
Dew,18.915988007664343,0.9983662064487288,0.0016337935512712454,0.9550440440440441,0.04495595595595592,1044.6854588829033,48.634410694157445,0.023751830785366763,0.001123446148016235,0.04398336567497451,0.04329038003293294
Dew,18.94119003332015,0.9983272808243197,0.0016727191756803483,0.9540450450450451,0.04595495495495494,1044.6527620835423,48.681354324405575,0.0237514236364172,0.00112494579673495,0.043982743016793904,0.04327439994504505
Dew,18.96646206922725,0.9982882347920351,0.0017117652079648993,0.9530460460460461,0.04695395395395385,1044.6199608984948,48.728430343559936,0.02375101514267298,0.0011264496138431593,0.04398211843255687,0.04325841985715716
Dew,18.99180436009881,0.9982490679147681,0.0017509320852319155,0.9520470470470471,0.047952952952952876,1044.5870549448264,48.77563917641629,0.023750605299092207,0.0011279576137856878,0.04398149191527142,0.043242439769269274
Dew,19.017217151755162,0.9982097797534089,0.0017902202465911454,0.9510480480480481,0.0489519519519519,1044.5540438378466,48.822981250251296,0.023750194100609443,0.0011294698110861127,0.0439808634579135,0.043226459681381384
Dew,19.042700691132676,0.9981703698668273,0.0018296301331727216,0.9500490490490491,0.04995095095095092,1044.5209271910883,48.87045699483916,0.023749781542135407,0.0011309862203472958,0.04398023305342676,0.043210479593493493
Dew,19.068255226286468,0.998130837811856,0.0018691621881440357,0.94905005005005,0.050949949949949946,1044.4877046162965,48.91806684244791,0.023749367618556845,0.0011325068562514427,0.04397960069472224,0.04319449950560561
Dew,19.09388100640494,0.9980911831432733,0.001908816856726725,0.9480510510510511,0.05194894894894886,1044.454375723416,48.965811227874745,0.023748952324736405,0.0011340317335610701,0.043978966374678116,0.04317851941771771
Dew,19.11957828181347,0.9980514054137861,0.001948594586213881,0.9470520520520521,0.05294794794794788,1044.4209401205637,49.01369058844544,0.0237485356555121,0.0011355608671191374,0.043978330086139474,0.04316253932982984
Dew,19.14534730399614,0.9980115041740125,0.0019884958259874796,0.9460530530530531,0.053946946946946905,1044.387397414034,49.061705364073624,0.023748117605697637,0.001137094271850574,0.04397769182191792,0.04314655924194195
Bubble,19.152128060746886,0.9980010010010011,0.001998998998998913,0.9457906016285833,0.054209398371416695,1044.3785649201423,49.074339119912274,0.02374800749087432,0.001137497761685519,0.04397752381211212,0.04314236104271098
Dew,19.171189958997136,0.9979714789724596,0.0020285210275403642,0.9450540540540541,0.05494594594594593,1044.3537457394352,49.10986140630488,0.023747698136681865,0.0011386320881733118,0.04397705157479136,0.043130579154054056
Dew,19.19710333377191,0.9979313293555185,0.002068670644481463,0.9440550550550552,0.05594494494494484,1044.319987542666,49.15814867052588,0.02374727730788272,0.0011401740880179574,0.04397640933750381,0.043114599066166166
Dew,19.223089221669202,0.9978910548674313,0.0021089451325686515,0.9430560560560561,0.056943943943943864,1044.2861210450824,49.20657270100742,0.02374685508267426,0.001141720404679499,0.043975765102764915,0.04309861897827828
Dew,19.249147879060224,0.9978506550502819,0.0021493449497180794,0.9420570570570571,0.05794294294294289,1044.2521458452927,49.25513394869815,0.023746431455765285,0.0011432710534285434,0.04397511886324982,0.04308263889039039
Dew,19.275279563506196,0.997810129443976,0.002189870556024043,0.9410580580580581,0.05894194194194191,1044.2180615399768,49.303832867172225,0.023746006421838585,0.001144826049619324,0.04397447061159878,0.0430666588025025
Dew,19.301484533788035,0.9977694775862228,0.0022305224137771917,0.9400590590590591,0.059940940940940934,1044.183867723889,49.35266991271452,0.023745579975551146,0.0011463854086918386,0.043973820340416976,0.04305067871461462
Dew,19.32776304991225,0.9977286990125166,0.0022713009874834045,0.9390600600600602,0.06093993993993985,1044.1495639898299,49.40164554432672,0.023745152111533666,0.0011479491461721494,0.043973168042274115,0.043034698626726736
Dew,19.354115373107113,0.997687793256119,0.0023122067438809957,0.9380610610610611,0.06193893893893887,1044.1151499286282,49.45076022370175,0.02374472282439028,0.0011495172776719471,0.04397251370970421,0.043018718538838846
Dew,19.3805417658523,0.9976467598480391,0.0023532401519609225,0.9370620620620621,0.0629379379379379,1044.0806251291338,49.50001441530832,0.023744292108698595,0.0011510898188906778,0.04397185733520522,0.04300273845095095
Dew,19.40704249188172,0.9976055983170161,0.002394401682983882,0.9360630630630631,0.06393693693693692,1044.0459891781984,49.54940858638707,0.023743859959009336,0.0011526667856156152,0.043971198911238824,0.04298675836306306
Dew,19.433617816181776,0.9975643081894996,0.0024356918105004066,0.9350640640640641,0.06493593593593594,1044.0112416606512,49.5989432069315,0.023743426369846,0.001154248193721581,0.043970538430230056,0.042970778275175175
Dew,19.46026800503062,0.9975228889896305,0.002477111010369515,0.9340650650650651,0.06593493493493485,1043.9763821592924,49.648618749804164,0.023742991335704847,0.0011558340591738118,0.04396987588456703,0.04295479818728729
Dew,19.486993325968452,0.9974813402392226,0.002518659760777364,0.9330660660660661,0.06693393393393388,1043.9414102548678,49.69843569062539,0.02374255485105447,0.001157424398025537,0.04396921126660064,0.04293881809939941
Dew,19.51379404784565,0.9974396614577429,0.0025603385422571234,0.9320670670670671,0.0679329329329329,1043.9063255260571,49.74839450791841,0.023742116910335717,0.0011590192264215227,0.0439685445686442,0.04292283801151152
Dew,19.540670440805275,0.9973978521622918,0.0026021478377081797,0.9310680680680681,0.06893193193193192,1043.871127549454,49.79849568303833,0.023741677507961346,0.0011606185605965874,0.04396787578297324,0.04290685792362363
Dew,19.56762277631079,0.9973559118675843,0.0026440881324156784,0.9300690690690692,0.06993093093093083,1043.8358158995504,49.848739700250086,0.02374123663831587,0.0011622224168775861,0.04396720490182507,0.042890877835735745
Dew,19.594651327153933,0.9973138400859294,0.0026861599140706183,0.9290700700700701,0.07092992992992986,1043.800390148717,49.89912704674034,0.023740794295755263,0.0011638308116838616,0.04396653191739854,0.042874897747847855
Dew,19.62175636745036,0.9972716363272113,0.002728363672788725,0.9280710710710711,0.07192892892892888,1043.7648498671867,49.94965821259007,0.02374035047460674,0.0011654437615267752,0.04396585682185371,0.042858917659959965
Dew,19.648938172676388,0.9972293000988682,0.002770699901131768,0.9270720720720721,0.0729279279279279,1043.7291946230391,50.00033369088158,0.023739905169168567,0.0011670612830123764,0.043965179607311514,0.042842937572072075
Dew,19.6761970196546,0.9971868309058733,0.002813169094126655,0.9260730730730731,0.07392692692692693,1043.6934239821774,50.05115397763736,0.023739458373709714,0.001168683392840153,0.04396450026585344,0.04282695748418419
Dew,19.70353318658788,0.9971442282507132,0.0028557717492867507,0.9250740740740742,0.07492592592592584,1043.657537508316,50.102119571918365,0.02373901008246971,0.0011703101078055003,0.043963818789521235,0.0428109773962963
Dew,19.73094695303962,0.9971014916333688,0.0028985083666311917,0.9240750750750751,0.07592492492492486,1043.6215347629563,50.15323097574515,0.023738560289658303,0.001171941444798058,0.04396313517031653,0.04279499730840841
Dew,19.758438599979343,0.9970586205512932,0.00294137944870676,0.9230760760760761,0.07692392392392389,1043.5854153053735,50.20448869423396,0.023738108989455286,0.0011735774208050658,0.04396244940020054,0.04277901722052052
Dew,19.78600840977088,0.9970156144993924,0.0029843855006076447,0.9220770770770771,0.07792292292292291,1043.549178692597,50.25589323554383,0.023737656176010237,0.0011752180529103105,0.04396176147109373,0.04276303713263264
Bubble,19.79472470451721,0.9970020020020021,0.0029979979979979365,0.9217615222272947,0.07823847777270532,1043.5377045312687,50.27213482581182,0.023737512746993136,0.0011757366384737246,0.04396154372422423,0.04275798948570004
Dew,19.813656666192113,0.9969724729700026,0.0030275270299974233,0.9210780780780782,0.07892192192192182,1043.5128244793862,50.30744511092756,0.02373720184344216,0.0011768633582954987,0.04396107137487546,0.04274705704474475
Dew,19.841383654440964,0.9969291954528711,0.003070804547128936,0.9200790790790792,0.07992092092092085,1043.4763522182238,50.35914483473742,0.023736745985839473,0.0011785133542405726,0.04396037910338367,0.04273107695685686
Dew,19.86918966115588,0.9968857814351332,0.003114218564866822,0.9190800800800801,0.08091991991991987,1043.4397614592838,50.41099292447808,0.023736288597259462,0.0011801680581251335,0.043959684648414536,0.04271509686896897
Dew,19.897074974415446,0.9968422304012916,0.003157769598708393,0.9180810810810811,0.08191891891891889,1043.4030517504186,50.46298990079143,0.023735829671728183,0.001181827487428272,0.0439589880017221,0.042699116781081084
Dew,19.92503988375975,0.9967985418331947,0.003201458166805282,0.9170820820820821,0.08291791791791792,1043.366222637142,50.51513628751224,0.02373536920324022,0.00118349165973006,0.043958289155017975,0.0426831366931932
Dew,19.953084680195865,0.9967547152100145,0.0032452847899855364,0.9160830830830832,0.08391691691691683,1043.3292736626029,50.567432611672004,0.023734907185758294,0.0011851605927118273,0.04395758809997091,0.04266715660530531
Dew,19.981209656215643,0.996710750008225,0.003289249991775045,0.9150840840840841,0.08491591591591585,1043.2922043675735,50.61987940354292,0.02373444361321315,0.0011868343041573854,0.04395688482820657,0.04265117651741742
Dew,20.00941510580153,0.9966666457015795,0.003333354298420521,0.9140850850850851,0.08591491491491487,1043.2550142904247,50.67247719664243,0.023733978479503204,0.0011885128119533232,0.043956179331307035,0.04263519642952953
Dew,20.037701324432998,0.9966224017610888,0.0033775982389111503,0.9130860860860861,0.0869139139139139,1043.217702967104,50.725226527740105,0.023733511778494188,0.0011901961340893634,0.04395547160081056,0.04261921634164165
Dew,20.066068609115227,0.9965780176549983,0.003421982345001684,0.9120870870870871,0.08791291291291292,1043.1802699311213,50.77812793693669,0.023733043504019037,0.00119188428866041,0.043954761628211124,0.04260323625375376
Dew,20.09451725838487,0.9965334928487657,0.0034665071512343104,0.9110880880880882,0.08891191191191183,1043.1427147135294,50.831181967668705,0.023732573649877634,0.0011935772938668546,0.043954049404958145,0.04258725616586587
Dew,20.1230475723041,0.9964888268050371,0.0035111731949628577,0.9100890890890891,0.08991091091091086,1043.1050368428928,50.8843891666741,0.023732102209836268,0.001195275168013967,0.04395333492245605,0.042571276077977976
Dew,20.151659852506047,0.9964440189836253,0.0035559810163746652,0.9090900900900901,0.09090990990990988,1043.0672358452832,50.93775008412622,0.0237316291776277,0.0011969779295152398,0.04395261817206398,0.04255529599009009
Dew,20.18035440217833,0.9963990688414858,0.003600931158514231,0.9080910910910911,0.0919089089089089,1043.0293112442441,50.99126527356527,0.023731154546950642,0.0011986855968909814,0.04395189914509529,0.0425393159022022
Dew,20.20913152607838,0.9963539758326925,0.0036460241673075267,0.9070920920920922,0.09290790790790782,1042.9912625607728,51.04493529193352,0.023730678311469394,0.0012003981887693449,0.04395117783281734,0.04252333581431432
Dew,20.23799153057217,0.9963087394084155,0.003691260591584533,0.9060930930930932,0.09390690690690684,1042.9530893133106,51.09876069968675,0.023730200464813948,0.0012021157238891508,0.043950454226450955,0.04250735572642643
Dew,20.266934723617155,0.9962633590168968,0.0037366409831032232,0.9050940940940941,0.09490590590590586,1042.9147910177098,51.15274206072379,0.023729721000579334,0.001203838221098439,0.04394972831717019,0.04249137563853854
Dew,20.295961414786582,0.9962178341034255,0.003782165896574541,0.9040950950950951,0.09590490490490489,1042.8763671872164,51.20687994245064,0.023729239912325506,0.0012055656993561824,0.0439490000961018,0.042475395550650656
Dew,20.32507191528008,0.9961721641103142,0.0038278358896858267,0.9030960960960961,0.09690390390390391,1042.8378173324415,51.26117491580003,0.023728757193576804,0.0012072981777329571,0.043948269554324994,0.042459415462762766
Dew,20.354266537947364,0.9961263484768743,0.0038736515231256874,0.9020970970970972,0.09790290290290282,1042.7991409613576,51.31562755529346,0.02372827283782212,0.0012090356754126132,0.043947536682870936,0.04244343537487488
Dew,20.383545597282932,0.9960803866393914,0.0039196133606086425,0.9010980980980982,0.09890190190190185,1042.7603375792546,51.37023843900865,0.023727786838514116,0.001210778211691723,0.04394680147272237,0.04242745528698699
Dew,20.41290940944398,0.9960342780311002,0.003965721968899771,0.9000990990990991,0.09990090090090087,1042.7214066887295,51.4250081486227,0.02372729918906913,0.0012125258059808082,0.04394606391481329,0.04241147519909911
Bubble,20.432821636838217,0.996003003003003,0.00399699699699696,0.899423297080028,0.100576702919972,1042.694998195176,51.46214907507689,0.023726968365312417,0.0012137108951507593,0.04394556363633634,0.04240066500242184
Dew,20.442358292289306,0.9959880220821601,0.004011977917839915,0.8991001001001001,0.10089989989989989,1042.6823477896694,51.47993726952311,0.02372680988286705,0.0012142784778071754,0.04394532400002844,0.04239549511121122
Dew,20.47189256534717,0.995941618219628,0.004058381780371989,0.8981011011011012,0.1018988988988988,1042.6431603792114,51.53502639068803,0.023726318913250576,0.0012160362468123106,0.04394458171920299,0.04237951502332333
Dew,20.501512549862632,0.9958950658674357,0.004104934132564297,0.8971021021021022,0.10289789789789783,1042.603843951735,51.590276104824476,0.023725826273525253,0.0012177991327553552,0.04394383706312209,0.04236353493543544
Dew,20.53121856880653,0.995848364446361,0.004151635553638955,0.8961031031031031,0.10389689689689685,1042.5643979988363,51.64568700838197,0.023725331956959136,0.001219567155513653,0.043943090022520434,0.04234755484754755
Dew,20.561010946869708,0.9958015133740044,0.0041984866259956455,0.8951041041041041,0.10489589589589587,1042.5248220092974,51.7012597015182,0.02372483595678224,0.0012213403350821589,0.04394234058808191,0.042331574759659665
Dew,20.590890010511135,0.9957545120647606,0.004245487935239378,0.8941051051051051,0.1058948948948949,1042.485115469074,51.756994788239346,0.02372433826618652,0.0012231186915769806,0.043941588750439124,0.042315594671771775
Dew,20.620856087931124,0.9957073599297938,0.004292640070206244,0.8931061061061062,0.10689389389389381,1042.445277861261,51.81289287629747,0.02372383887832529,0.0012249022452331783,0.04394083450017298,0.042299614583883885
Dew,20.6509095091193,0.9956600563770098,0.004339943622990172,0.8921071071071072,0.10789289289289283,1042.4053086660756,51.86895457733017,0.023723337786313053,0.0012266910164082949,0.04394007782781229,0.042283634495995995
Dew,20.681050605848412,0.9956126008110306,0.004387399188969354,0.8911081081081081,0.10889189189189186,1042.3652073608323,51.92518050682457,0.023722834983225135,0.0012284850255817336,0.043939318723833325,0.04226765440810811
Dew,20.711279711698133,0.9955649926331647,0.004435007366835331,0.8901091091091091,0.10989089089089088,1042.324973419917,51.981571284178216,0.02372233046209734,0.001230284293356431,0.04393855717865937,0.04225167432022023
Dew,20.741597162074036,0.9955172312413824,0.004482768758617639,0.8891101101101102,0.11088988988988979,1042.2846063147633,52.03812753274464,0.023721824215925644,0.0012320888404601699,0.04393779318266028,0.04223569423233234
Dew,20.77200329419613,0.9954693160302869,0.004530683969713123,0.8881111111111112,0.11188888888888882,1042.2441055138274,52.094849879779886,0.023721316237665803,0.0012338986877445468,0.043937026726152066,0.04221971414444445
Dew,20.80249844714846,0.9954212463910861,0.00457875360891391,0.8871121121121122,0.11288788788788784,1042.2034704825642,52.15173895658671,0.023720806520233062,0.0012357138561886253,0.04393625779939646,0.04220373405655656
Dew,20.833082961868122,0.9953730217115652,0.004626978288434835,0.8861131131131131,0.11388688688688686,1042.1627006833976,52.208795398462684,0.02372029505650173,0.0012375343668979456,0.04393548639260037,0.042187753968668674
Dew,20.86375718117539,0.9953246413760581,0.004675358623941861,0.8851141141141141,0.11488588588588589,1042.1217955757068,52.266019844781084,0.02371978183930505,0.001239360241106685,0.043934712495915566,0.042171773880780784
Dew,20.894521449778082,0.9952761047654184,0.00472389523458161,0.8841151151151152,0.1158848848848848,1042.0807546157864,52.32341293898843,0.02371926686143457,0.0012411915001778408,0.04393393609943812,0.042155793792892894
Dew,20.925376114292288,0.9952274112569907,0.004772588743009343,0.8831161161161162,0.11688388388388382,1042.0395772568286,52.38097532865486,0.023718750115639935,0.001243028165604669,0.04393315719320796,0.042139813705005004
Dew,20.95632152326131,0.9951785602245823,0.004821439775417713,0.8821171171171172,0.11788288288288284,1041.998262948898,52.438707665518415,0.023718231594628575,0.0012448702590119865,0.04393237576720844,0.04212383361711712
Dew,20.987358027159516,0.9951295510384319,0.004870448961568075,0.8811181181181181,0.11888188188188187,1041.9568111388992,52.49661060548065,0.023717711291065192,0.0012467178021563139,0.04393159181136586,0.04210785352922923
Dew,21.01848597841051,0.9950803830651815,0.00491961693481846,0.8801191191191192,0.11988088088088078,1041.9152212705535,52.55468480864843,0.02371718919757148,0.001248570816927118,0.04393080531554896,0.04209187344134135
Dew,21.049705731425796,0.9950310556678463,0.004968944332153669,0.8791201201201202,0.1208798798798798,1041.8734927843798,52.61293093944141,0.023716665306725934,0.0012504293253496211,0.04393001626956844,0.04207589335345345
Bubble,21.06682310462555,0.995004004004004,0.004995995995995983,0.8785736294299172,0.12142637057008276,1041.850606847504,52.64486679258089,0.023716377955153668,0.0012514483331544884,0.04392958354844845,0.042067151633723904
Dew,21.081017642580527,0.9949815682057833,0.005018431794216682,0.8781211211211212,0.12187887887887883,1041.831625117653,52.67134966649689,0.02371613961106314,0.001252293349582794,0.04392922466317653,0.04205991326556556
Dew,21.112422070256585,0.9949319200346626,0.005068079965337424,0.8771221221221221,0.12287787787787785,1041.7896177043838,52.72994166279134,0.023715612103073568,0.0012541629119225022,0.04392843048606647,0.04204393317767768
Dew,21.14391937485857,0.9948821105064345,0.005117889493565508,0.8761231231231231,0.12387687687687687,1041.7474699752975,52.78870760567441,0.023715082775203327,0.0012560380348025759,0.04392763372787198,0.04202795308978979
Dew,21.175509918815365,0.9948321389693005,0.00516786103069955,0.8751241241241242,0.12487587587587579,1041.705181357793,52.84764817685687,0.02371455161985351,0.001257918740794783,0.04392683437816683,0.04201197300190191
Dew,21.207194066615283,0.9947820047676801,0.005217995232319916,0.8741251251251252,0.1258748748748748,1041.6627512759287,52.90676406250587,0.023714018629380107,0.001259805052611363,0.04392603242646429,0.04199599291401402
Dew,21.23897218480261,0.9947317072421801,0.005268292757819926,0.8731261261261262,0.12687387387387383,1041.6201791503795,52.96605595321633,0.023713483796093282,0.0012616969931046106,0.04392522786221664,0.04198001282612614
Dew,21.27084464200125,0.9946812457295638,0.0053187542704361546,0.8721271271271271,0.12787287287287286,1041.5774643984223,53.02552454406926,0.023712947112257316,0.0012635945852685325,0.04392442067481468,0.04196403273823824
Dew,21.30281180894761,0.9946306195627156,0.00536938043728441,0.8711281281281281,0.12887187187187188,1041.5346064338992,53.0851705347196,0.023712408570090018,0.001265497852241211,0.04392361085358716,0.04194805265035035
Dew,21.33487405847976,0.9945798280706114,0.005420171929388595,0.8701291291291292,0.1298708708708708,1041.4916046671854,53.14499462934336,0.023711868161762267,0.0012674068173038192,0.04392279838780031,0.041932072562462466
Dew,21.3670317655779,0.9945288705782847,0.005471129421715348,0.8691301301301302,0.13086986986986981,1041.448458505171,53.204997536749566,0.023711325879397862,0.0012693215038835646,0.0439219832666573,0.04191609247457458
Dew,21.399285307365826,0.9944777464067929,0.005522253593207127,0.8681311311311312,0.13186886886886884,1041.4051673512222,53.265179970366944,0.02371078171507288,0.0012712419355536474,0.043921165479297704,0.04190011238668669
Dew,21.431635063139417,0.9944264548731848,0.0055735451268151825,0.8671321321321321,0.13286786786786786,1041.3617306051506,53.32554264831681,0.02371023566081531,0.0012731681360352819,0.04392034501479695,0.0418841322987988
Dew,21.46408141437614,0.9943749952904659,0.005625004709534087,0.8661331331331332,0.13386686686686677,1041.318147663189,53.3860862934253,0.02370968770860471,0.001275100129198269,0.04391952186216583,0.04186815221091091
Dew,21.496624744760396,0.9943233669675652,0.005676633032434819,0.8651341341341342,0.1348658658658658,1041.2744179179595,53.44681163328627,0.023709137850371813,0.0012770379390627852,0.04391869601034987,0.04185217212302302
Dew,21.529265440188134,0.9942715692092998,0.005728430790700179,0.8641351351351352,0.13586486486486482,1041.2305407584356,53.50771940025721,0.02370858607799788,0.001278981589799569,0.043917867448228884,0.04183619203513514
Dew,21.56200388880871,0.9942196013163411,0.005780398683658872,0.8631361361361362,0.13686386386386384,1041.1865155699245,53.56881033157473,0.02370803238331465,0.0012809311057329735,0.04391703616461633,0.04182021194724725
Dew,21.594840481008788,0.9941674625851786,0.0058325374148213704,0.8621371371371371,0.13786286286286287,1041.1423417340163,53.63008516928425,0.02370747675810342,0.0012828865113395753,0.043916202148258775,0.04180423185935936
Dew,21.627775609467403,0.9941151523080852,0.005884847691914774,0.8611381381381382,0.13886186186186178,1041.0980186285758,53.69154466039719,0.023706919194095146,0.0012848478312522276,0.043915365387835366,0.041788251771471475
Dew,21.66080966914963,0.9940626697730818,0.005937330226918225,0.8601391391391392,0.1398608608608608,1041.0535456276905,53.75318955685156,0.023706359682969576,0.0012868150902594182,0.0439145258719572,0.04177227168358359
Dew,21.693943057327342,0.9940100142638999,0.005989985736100101,0.8591401401401402,0.14085985985985983,1041.0089221016465,53.815020615559455,0.02370579821635498,0.0012887883133067015,0.043913683589166766,0.0417562915956957
Bubble,21.697094628128344,0.9940050050050051,0.0059949949949948955,0.8590452738145339,0.14095472618546612,1041.004676740217,53.82090188425544,0.02370574479671563,0.0012889760042672721,0.043913603460560564,0.041754774104464674
Dew,21.727176173613184,0.9939571850599466,0.0060428149400534314,0.8581411411411412,0.14185885885885885,1040.9641474168998,53.87703859849591,0.02370523478582777,0.001290767525499129,0.04391283852793741,0.04174031150780781
Dew,21.760509419964393,0.9939041814362661,0.006095818563733868,0.8571421421421422,0.14285785785785776,1040.9192209360322,53.93924427269202,0.02370466938291183,0.001292752752101391,0.04391199067667267,0.04172433141991992
Dew,21.793943200706035,0.9938510026635045,0.006148997336495543,0.8561431431431432,0.14385685685685679,1040.8741420177273,54.00163841028947,0.023704101999078256,0.0012947440185394285,0.04391114002370569,0.04170835133203203
Dew,21.827477922559556,0.9937976480078705,0.0062023519921294845,0.8551441441441442,0.1448558558558558,1040.8289100167378,54.06422178861195,0.02370353262574491,0.0012967413504024546,0.0439102865572987,0.04169237124414415
Dew,21.86111399464307,0.9937441167310983,0.006255883268901696,0.8541451451451452,0.14585485485485483,1040.7835242838416,54.12699519014631,0.023702961254275724,0.0012987447734428184,0.04390943026564232,0.04167639115625626
Dew,21.894851828510127,0.9936904080904099,0.006309591909590129,0.8531461461461461,0.14685385385385386,1040.7379841658171,54.18995940264623,0.023702387875980446,0.0013007543135788021,0.04390857113685501,0.04166041106836837
Dew,21.928691838167,0.9936365213384742,0.006363478661525757,0.8521471471471472,0.14785285285285277,1040.6922890054043,54.25311521916739,0.023701812482114105,0.0013027699968957876,0.04390770915898237,0.04164443098048048
Dew,21.962634440071277,0.9935824557233711,0.006417544276628884,0.8511481481481482,0.1488518518518518,1040.646438141268,54.316463438042696,0.02370123506387644,0.001304791849645979,0.04390684431999662,0.041628450892592594
Dew,21.99668005318687,0.9935282104885498,0.006471789511450221,0.8501491491491492,0.14985085085085081,1040.6004309079694,54.380004863037186,0.02370065561241158,0.0013068198982524484,0.043905976607795896,0.041612470804704704
Dew,22.030829098975374,0.9934737848727897,0.0065262151272103,0.8491501501501502,0.15084984984984984,1040.554266635922,54.44374030329992,0.023700074118807393,0.0013088541693083058,0.043905106010203636,0.041596490716816814
Dew,22.065082001437265,0.9934191781101599,0.006580821889840105,0.8481511511511511,0.15184884884884886,1040.5079446513637,54.50767057347486,0.023699490574095136,0.001310894689579692,0.04390423251496793,0.041580510628928924
Dew,22.09943918710799,0.9933643894299793,0.006635610570020711,0.8471521521521522,0.15284784784784777,1040.4614642763086,54.571796493667435,0.02369890496924872,0.0013129414860053078,0.04390335610976089,0.04156453054104105
Dew,22.13390108510747,0.993309418056775,0.006690581943225027,0.8461531531531532,0.1538468468468468,1040.4148248285244,54.63611888958102,0.0236983172951845,0.001314994585700032,0.043902476782177985,0.04154855045315316
Dew,22.168468127146962,0.9932542632102404,0.006745736789759649,0.8451541541541542,0.15484584584584582,1040.3680256214845,54.700638592518,0.023697727542760543,0.0013170540159552831,0.04390159451973733,0.04153257036526527
Dew,22.20314074754902,0.9931989241051952,0.006801075894804831,0.8441551551551552,0.15584484484484484,1040.3210659643385,54.76535643942184,0.023697135702776262,0.0013191198042403736,0.04390070930987911,0.04151659027737738
Dew,22.23791938327548,0.9931433999515411,0.006856600048458894,0.8431561561561562,0.15684384384384376,1040.2739451618677,54.83027327294469,0.023696541765971777,0.0013211919782044816,0.043899821139964844,0.041500610189489494
Dew,22.2728044739358,0.9930876899542198,0.00691231004578019,0.8421571571571572,0.15784284284284278,1040.2266625144446,54.895389941452606,0.023695945723027318,0.001323270565677124,0.0438989299972767,0.04148463010160161
Dew,22.307796461835522,0.9930317933131698,0.006968206686830181,0.8411581581581582,0.1588418418418418,1040.179217318007,54.96070729915749,0.02369534756456301,0.0013253555946716841,0.043898035869016805,0.04146865001371372
Bubble,22.32393627717526,0.9930060060060061,0.006993993993993919,0.8406984056268435,0.1593015943731565,1040.1573275970247,54.99083487876511,0.02369507157065245,0.0013263173246874631,0.043897623372672674,0.04146129576624756
Dew,22.342895791970207,0.9929757092232842,0.007024290776715847,0.8401591591591592,0.15984084084084083,1040.131608864005,55.02622620607631,0.023694747281137973,0.001327447093384783,0.04389713874230657,0.04145266992582583
Dew,22.378102912065568,0.9929194368743645,0.007080563125635542,0.8391601601601602,0.16083983983983985,1040.0838364393696,55.09194752813638,0.02369414486324998,0.0013295450901991738,0.043896238604186025,0.04143668983793794
Dew,22.41341827259578,0.9928629754510775,0.00713702454892251,0.8381611611611612,0.16183883883883876,1040.0358993264683,55.15787213721137,0.02369354030133483,0.001331649613684969,0.04389533544161298,0.04142070975005005
Dew,22.448842326802833,0.9928063241329105,0.007193675867089522,0.8371621621621622,0.16283783783783778,1039.9877968030696,55.224000911160516,0.02369293358576588,0.0013337606926009501,0.043894429241462446,0.04140472966216217
Dew,22.484375530724456,0.9927494820941251,0.0072505179058749425,0.8361631631631632,0.1638368368368368,1039.9395281422967,55.290334733894525,0.02369232470685335,0.0013358783558965251,0.04389351999052584,0.041388749574274276
Dew,22.520018343216748,0.992692448503712,0.007307551496288034,0.8351641641641642,0.16483583583583583,1039.8910926125907,55.356874495424954,0.023691713654843873,0.0013380026327132876,0.04389260767551023,0.041372769486386386
Dew,22.55577122597671,0.9926352225253454,0.0073647774746545824,0.8341651651651653,0.16583483483483474,1039.8424894776692,55.423621091912636,0.0236911004199199,0.0013401335523865604,0.04389169228303769,0.041356789398498496
Dew,22.591634643560248,0.9925778033173337,0.007422196682666304,0.8331661661661662,0.16683383383383377,1039.7937179964752,55.490575425702026,0.02369048499219896,0.0013422711444466013,0.04389077379964441,0.04134080931061062
Dew,22.627609063423762,0.9925201900325759,0.007479809967424145,0.8321671671671672,0.1678328328328328,1039.7447774231507,55.55773840542948,0.023689867361733376,0.0013444154386215998,0.043889852211780093,0.04132482922272273
Dew,22.66369495592921,0.9924623818185104,0.007537618181489569,0.8311681681681682,0.1688318318318318,1039.6956670069792,55.625110946016285,0.0236892475185094,0.0013465664648378902,0.04388892750580708,0.04130884913483484
Dew,22.69989279437897,0.9924043778170699,0.007595622182930084,0.8301691691691692,0.16983083083083084,1039.646385992351,55.69269396875547,0.023688625452446755,0.0013487242532224384,0.04388799966799964,0.041292869046946956
Dew,22.736203055041354,0.9923461771646298,0.007653822835370194,0.8291701701701703,0.17082982982982975,1039.5969336187159,55.76048840136876,0.023688001153398017,0.0013508888341046102,0.04388706868454314,0.041276888959059066
Dew,22.772626217173638,0.9922877789919609,0.007712221008039144,0.8281711711711712,0.17182882882882877,1039.5473091205401,55.82849517805582,0.02368737461114797,0.001353060238017756,0.04388613454153331,0.041260908871171176
Dew,22.809162763036696,0.9922291824241797,0.007770817575820321,0.8271721721721722,0.1728278278278278,1039.4975117272584,55.89671523951659,0.023686745815412944,0.0013552384957001484,0.04388519722497542,0.041244928783283286
Dew,22.845813177941373,0.992170386580696,0.007829613419303993,0.8261731731731732,0.17382682682682682,1039.447540663233,55.965149533073436,0.02368611475584029,0.0013574236380983402,0.04388425672078348,0.041228948695395395
Dew,22.88257795026214,0.9921113905751646,0.00788860942483538,0.8251741741741743,0.17482582582582573,1039.397395147707,56.033799012690174,0.02368548142200772,0.0013596156963680322,0.04388331301477939,0.041212968607507505
Dew,22.91945757146413,0.9920521935154334,0.00794780648456661,0.8241751751751752,0.17582482482482475,1039.347074394757,56.10266463903284,0.023684845803422633,0.0013618147018759526,0.04388236609269222,0.04119698851961962
Bubble,22.947601640024757,0.9920070070070071,0.007992992992992942,0.8234148987270337,0.17658510127296634,1039.3086604546831,56.155219453119926,0.023684360535674052,0.0013634929040548746,0.04388164328478479,0.041184827061527506
Dew,22.956452536130012,0.9919927945034902,0.008007205496509795,0.8231761761761762,0.17682382382382378,1039.2965776132494,56.17174737952994,0.02368420788952154,0.0013640206862017298,0.043881415940157285,0.04118100843173173
Dew,22.993563341986693,0.9919331926354119,0.008066807364588091,0.8221771771771772,0.1778228228228228,1039.2459040067856,56.24104820843173,0.023683567669669267,0.0013662336811397454,0.04388046254271531,0.04116502834384384
Dew,23.03079048993726,0.9918733870013107,0.008126612998689331,0.8211781781781782,0.17882182182182182,1039.1950527736656,56.31056810688597,0.023682925133158502,0.001368453718701392,0.043879505885811666,0.04114904825595596
Dew,23.0681344840753,0.9918133766852806,0.008186623314719421,0.8201791791791793,0.17982082082082074,1039.1440231068284,56.38030806295794,0.023682280269208916,0.0013706808311159829,0.04387854595479542,0.041133068168068075
Dew,23.105595831725772,0.9917531607653441,0.008246839234655856,0.8191801801801802,0.18081981981981976,1039.0928141938123,56.45026907173361,0.02368163306696667,0.0013729150508336833,0.04387758273491853,0.04111708808018018
Dew,23.143175043470897,0.9916927383133959,0.008307261686604117,0.8181811811811812,0.18181881881881878,1039.0414252167,56.52045213537583,0.023680983515503594,0.0013751564105273057,0.043876616211334915,0.041101107992292295
Dew,23.18087263317239,0.9916321083951496,0.008367891604850408,0.8171821821821822,0.1828178178178178,1038.9898553520738,56.59085826316834,0.02368033160381665,0.001377404943093817,0.04387564636909966,0.041085127904404405
Dew,23.21868911800366,0.991571270070081,0.008428729929919054,0.8161831831831833,0.18381681681681672,1038.938103770961,56.66148847159125,0.023679677320827094,0.0013796606816566098,0.04387467319316802,0.04106914781651652
Dew,23.256625018473358,0.9915102223913701,0.0084897776086299,0.8151841841841843,0.18481581581581574,1038.8861696387837,56.73234378436898,0.0236790206553798,0.0013819236595671127,0.0438736966683946,0.04105316772862864
Dew,23.29468085846928,0.9914489644058468,0.008551035594153156,0.8141851851851852,0.18581481481481477,1038.8340521153089,56.80342523258171,0.02367836159624263,0.0013841939104079497,0.04387271677953237,0.04103718764074074
Dew,23.33285716526337,0.9913874951539328,0.008612504846067237,0.8131861861861862,0.1868138138138138,1038.7817503545969,56.874733854655005,0.023677700132105635,0.0013864714679931356,0.043871733511231824,0.04102120755285286
Dew,23.371154469562466,0.9913258136695808,0.008674186330419165,0.8121871871871872,0.1878128128128128,1038.7292635049473,56.94627069649199,0.023677036251580352,0.001388756366371754,0.04387074684803999,0.04100522746496497
Dew,23.40957330553301,0.991263918980218,0.00873608101978196,0.8111881881881883,0.18881181181181173,1038.6765907088447,57.0180368115243,0.023676369943199053,0.001391048639829654,0.04386975677439947,0.040989247377077084
Dew,23.44811421082563,0.9912018101066872,0.008798189893312824,0.8101891891891893,0.18981081081081075,1038.623731102913,57.09003326076198,0.023675701195414123,0.0013933483228911353,0.04386876327464759,0.040973267289189194
Dew,23.486777726606913,0.9911394860631816,0.008860513936818415,0.8091901901901902,0.19080980980980977,1038.5706838178462,57.16226111286577,0.023675029996597038,0.0013956554503211725,0.04386776633301527,0.040957287201301304
Dew,23.52556439760424,0.9910769458571916,0.008923054142808362,0.8081911911911912,0.1918088088088088,1038.5174479783705,57.234721444260174,0.02367435633503794,0.0013979700571286504,0.04386676593362623,0.040941307113413414
Dew,23.564474772106273,0.9910141884894376,0.008985811510562436,0.8071921921921922,0.19280780780780782,1038.4640227031773,57.307415339107365,0.023673680198944606,0.001400292178566201,0.043865762060495896,0.04092532702552553
Bubble,23.568306157516147,0.991008008008008,0.008991991991991966,0.8070939958082463,0.19290600419175374,1038.4587610046322,57.314573419889115,0.023673613603956492,0.0014005208379910873,0.0438656631968969,0.04092375626634829
Dew,23.603509402022716,0.9909512129538091,0.009048787046190943,0.8061931931931933,0.19380680680680673,1038.4104071048673,57.38034388946628,0.023673001576441723,0.0014026218501345692,0.04386475469753043,0.04090934693763764
Dew,23.642668842914354,0.9908880182373032,0.009111981762696786,0.8051941941941942,0.19480580580580575,1038.3566002899056,57.45350819535844,0.023672320455570307,0.0014049591075847067,0.04386374382852573,0.04089336684974975
Dew,23.681953654000733,0.9908246033199588,0.009175396680041192,0.8041951951951952,0.19580480480480478,1038.3026013585456,57.52690936476388,0.023671636824286548,0.0014073039869181615,0.043862729437166396,0.04087738676186187
Dew,23.72136439822726,0.9907609671747958,0.009239032825204219,0.8031961961961962,0.1968038038038038,1038.2484094047923,57.600548513802075,0.023670950670461405,0.001409656524391996,0.04386171150702475,0.040861406673973984
Dew,23.760901642270696,0.9906971087677453,0.009302891232254695,0.8021971971971973,0.1978028028028027,1038.1940235163245,57.6744267667206,0.023670261981879444,0.0014120167565190092,0.043860690021559734,0.040845426586086094
Dew,23.800565956580755,0.990633027057588,0.009366972942411955,0.8011981981981983,0.19880180180180174,1038.1394427744467,57.748545255996035,0.02366957074623822,0.0014143847200707084,0.043859664964115884,0.0408294464981982
Dew,23.84035791540419,0.9905687209958868,0.009431279004113224,0.8001991991991992,0.19980080080080076,1038.0846662540227,57.82290512238012,0.023668876951147288,0.001416760452078946,0.043858636317922306,0.04081346641031031
Dew,23.880278096877923,0.9905041895269171,0.0094958104730829,0.7992002002002002,0.20079979979979978,1038.0296930234329,57.897507515160314,0.023668180584127826,0.0014191439898428168,0.043857604066091516,0.04079748632242243
Dew,23.9203270829572,0.9904394315876036,0.009560568412396386,0.7982012012012012,0.2017987987987988,1037.974522144483,57.972353591906874,0.023667481632611023,0.0014215353709229799,0.04385656819161847,0.04078150623453454
Dew,23.960505459532556,0.9903744461074475,0.009625553892552485,0.7972022022022023,0.20279779779779772,1037.9191526723619,58.04744451880731,0.023666780083937737,0.0014239346331503748,0.043855528677379345,0.04076552614664665
Dew,24.00081381644586,0.9903092320084584,0.00969076799154156,0.7962032032032033,0.20379679679679674,1037.8635836555807,58.122781470686164,0.02366607592535764,0.0014263418146272374,0.043854485506130504,0.04074954605875876
Dew,24.041252747508175,0.9902437882050851,0.009756211794914926,0.7952042042042042,0.20479579579579577,1037.8078141358972,58.198365631030555,0.023665369144028035,0.0014287569537282596,0.043853438660507366,0.04073356597087087
Dew,24.081822850554254,0.9901781136041424,0.00982188639585757,0.7942052052052052,0.2057947947947948,1037.7518431482615,58.27419819212909,0.023664659727013246,0.0014311800891045336,0.04385238812302322,0.040717585882982986
Dew,24.122524727469038,0.9901122071047422,0.009887792895257763,0.7932062062062063,0.2067937937937937,1037.6956697207477,58.350280355123694,0.023663947661283553,0.001433611259685371,0.04385133387606817,0.0407016057950951
Dew,24.16335898423072,0.9900460675982178,0.009953932401782217,0.7922072072072073,0.20779279279279272,1037.6392928744883,58.42661333011227,0.02366323293371439,0.001436050504681371,0.043850275901907855,0.040685625707207206
Bubble,24.186233777788683,0.990009009009009,0.009990990990990989,0.791648997607135,0.20835100239286497,1037.6077022622537,58.469375511756795,0.023662832401383425,0.001437417010197425,0.043849683109009004,0.040676696530623495
Dew,24.204326230936616,0.9899796939680543,0.010020306031945703,0.7912082082082083,0.20879179179179175,1037.5827116236082,58.50319833619826,0.023662515531085306,0.0014384978635861895,0.043849214182682394,0.040669645619319315
Dew,24.245427081863717,0.9899130850898089,0.010086914910191092,0.7902092092092092,0.20979079079079077,1037.5259249751598,58.5800366016468,0.023661795440079195,0.001440953376180939,0.0438481487004051,0.04065366553143144
Dew,24.28666215546955,0.989846239831041,0.01015376016895897,0.7892102102102102,0.2107897897897898,1037.4689319290494,58.65712936385612,0.023661072647281154,0.0014434170825340516,0.04384707943696132,0.04063768544354355
Dew,24.32803207447683,0.9897791570512326,0.01022084294876735,0.7882112112112113,0.2117887887887887,1037.411731477975,58.734477869587806,0.023660347139177702,0.0014458890230075077,0.043846006374107224,0.040621705355655666
Dew,24.369537465857203,0.9897118356017152,0.010288164398284838,0.7872122122122123,0.21278778778778773,1037.3543226073516,58.81208337488471,0.023659618902155656,0.0014483692382553967,0.0438449294934686,0.04060572526776777
Dew,24.41117896093017,0.9896442743255873,0.010355725674412675,0.7862132132132132,0.21378678678678675,1037.2967042952484,58.88994714534471,0.023658887922501388,0.001450857769231233,0.04384384877653953,0.04058974517987988
Dew,24.45295719535774,0.98957647205764,0.010423527942360011,0.7852142142142142,0.21478578578578578,1037.2388755123102,58.968070456071715,0.02365815418639962,0.0014533546571873406,0.043842764204681216,0.040573765091991995
Dew,24.494872809197762,0.989508427624275,0.010491572375724956,0.7842152152152152,0.2157847847847848,1037.1808352216863,59.04645459180764,0.02365741767993243,0.0014558599436786954,0.043841675759120666,0.040557785004104105
Dew,24.53692644695009,0.9894401398434249,0.010559860156575063,0.7832162162162163,0.2167837837837837,1037.1225823789628,59.12510084704236,0.023656678389078402,0.001458373670566232,0.04384058342094941,0.04054180491621622
Dew,24.57911875759546,0.9893716075244725,0.010628392475527493,0.7822172172172173,0.21778278278278274,1037.064115932086,59.20401052610026,0.02365593629971148,0.0014608958800195848,0.043839487171122224,0.04052582482832833
Dew,24.62145039462447,0.9893028294681667,0.010697170531833278,0.7812182182182182,0.21878178178178176,1037.005434821284,59.2831849431964,0.0236551913975999,0.0014634266145190822,0.043838386990455745,0.04050984474044044
Dew,24.663922016100862,0.9892338044665416,0.010766195533458367,0.7802192192192192,0.21978078078078078,1036.9465379790026,59.36262542259784,0.023654443668405314,0.001465965916860343,0.04383728285962725,0.04049386465255255
Dew,24.706534284686605,0.9891645313028301,0.010835468697169892,0.7792202202202203,0.2207797797797797,1036.8874243298148,59.44233329866694,0.023653693097681495,0.0014685138301559703,0.0438361747591732,0.04047788456466467
Dew,24.74928786769382,0.989095008751379,0.010904991248620988,0.7782212212212213,0.22177877877877872,1036.8280927903559,59.52230991598723,0.02365293967087347,0.0014710703978392866,0.04383506266948794,0.04046190447677678
Dew,24.792183437119483,0.9890252355775654,0.010974764422434613,0.7772222222222223,0.22277777777777774,1036.7685422692402,59.60255662943558,0.02365218337331635,0.001473635663666753,0.04383394657082229,0.04044592438888889
Bubble,24.80154229696175,0.9890100100100101,0.010989989989989901,0.7770047029131428,0.22299529708685717,1036.7555467096076,59.6200652885196,0.02365201831590752,0.0014741953755334329,0.04383370302112113,0.04044244492826893
Dew,24.83522166970033,0.9889552105377062,0.011044789462293814,0.7762232232232232,0.22377677677677676,1036.7087716669828,59.683074804316654,0.023651424190234218,0.0014762096717219307,0.0438328264432822,0.04042994430100101
Dew,24.87840324694265,0.9888849323789689,0.011115067621031094,0.7752242242242242,0.2247757757757758,1036.6487798759144,59.76386581641918,0.02365066210673895,0.001478792466417526,0.04383170226682723,0.04041396421311312
Dew,24.92172885518141,0.9888143998392889,0.011185600160711129,0.7742252252252253,0.2257747747747747,1036.5885657801127,59.844931052162686,0.023649897107829276,0.001481384092499666,0.04383057402126925,0.04039798412522523
Dew,24.965199185618264,0.9887436116472716,0.011256388352728353,0.7732262262262263,0.22677377377377372,1036.5281282553128,59.92627190867854,0.023649129178389548,0.00148398459505057,0.043829441686270926,0.04038200403733734
Dew,25.00881493437051,0.988672566522104,0.011327433477895998,0.7722272272272273,0.22777277277277275,1036.4674661688211,60.007889793924484,0.02364835830318846,0.0014865940194920516,0.04382830524134423,0.04036602394944946
Dew,25.05257680250425,0.9886012631734626,0.011398736826537359,0.7712282282282282,0.22877177177177177,1036.406578379436,60.08978612675016,0.023647584466878004,0.0014892124115878137,0.04382716466584903,0.04035004386156157
Dew,25.096485496107725,0.9885297003014206,0.011470299698579378,0.7702292292292293,0.22977077077077068,1036.345463737371,60.17196233708586,0.02364680765399244,0.0014918398174488066,0.04382601993899156,0.04033406377367368
Dew,25.140541726304054,0.9884578765963496,0.01154212340365035,0.7692302302302303,0.2307697697697697,1036.2841210841486,60.2544198659446,0.02364602784894668,0.0014944762835339667,0.043824871039822876,0.04031808368578579
Dew,25.184746209341817,0.9883857907388279,0.01161420926117207,0.7682312312312313,0.23176876876876873,1036.2225492525379,60.337160165662944,0.023645245036035583,0.001497121856656883,0.04382371794723737,0.0403021035978979
Dew,25.229099666594216,0.9883134413995414,0.01168655860045864,0.7672322322322322,0.23276776776776775,1036.1607470664476,60.420184699861004,0.023644459199432314,0.001499776583985506,0.043822560639971204,0.04028612351001001
Dew,25.273602824649455,0.988240827239184,0.01175917276081595,0.7662332332332332,0.23376676676676678,1036.0987133408446,60.50349494368145,0.023643670323187288,0.0015024405130487882,0.04382139909660072,0.04027014342212212
Dew,25.318256415341036,0.9881679469083611,0.011832053091638928,0.7652342342342343,0.2347657657657657,1036.0364468816676,60.58709238384443,0.023642878391226987,0.0015051136917387628,0.043820233295540835,0.04025416333423423
Dew,25.36306117579788,0.9880947990474892,0.011905200952510797,0.7642352352352353,0.2357647647647647,1035.973946485732,60.670978518762674,0.023642083387352544,0.001507796168314126,0.04381906321504355,0.04023818324634634
Dew,25.40801784849712,0.9880213822866898,0.011978617713310213,0.7632362362362363,0.23676376376376373,1035.9112109406321,60.75515485866415,0.023641285295238443,0.0015104879914040151,0.04381788883319612,0.04022220315845846
Bubble,25.414367678550956,0.9880110110110111,0.011988988988988925,0.763095407204189,0.236904592795811,1035.9023480290975,60.76704470139883,0.023641172536682065,0.0015108682142025009,0.04381772293323324,0.04021995044317893
Dew,25.453127181321737,0.9879476952456906,0.012052304754309406,0.7622372372372372,0.23776276276276276,1035.8482390246597,60.83962292572953,0.023640484098431364,0.0015131892100121638,0.0438167101279196,0.040206223070570576
Dew,25.498389927605324,0.9878737365337207,0.012126263466279319,0.7612382382382383,0.23876176176176167,1035.7850295067035,60.924384254189675,0.023639679780348803,0.0015158998735200725,0.04381552707696705,0.04019024298268269
Dew,25.543806846181155,0.9877995047494014,0.01220049525059863,0.7602392392392393,0.2397607607607607,1035.7215811461467,61.00944039043588,0.023638872324277554,0.0015186200316905031,0.043814339657921905,0.040174262894794796
Dew,25.5893787014444,0.9877249984806457,0.012275001519354345,0.7592402402402403,0.24075975975975972,1035.657892692786,61.09479289316984,0.02363806171337271,0.0015213497346719719,0.04381314784819626,0.04015828280690691
Dew,25.635106263404598,0.9876502163045437,0.012349783695456251,0.7582412412412413,0.24175875875875874,1035.5939628867181,61.1804433335238,0.023637247930655955,0.0015240890330025117,0.043811951625029114,0.04014230271901902
Dew,25.68099030773441,0.987575156787259,0.012424843212740955,0.7572422422422422,0.24275775775775776,1035.5297904582549,61.266393295168335,0.02363643095901446,0.0015268379776131327,0.04381075096548468,0.04012632263113113
Dew,25.727031615829933,0.9874998184839106,0.012500181516089448,0.7562432432432433,0.24375675675675668,1035.4653741278046,61.352644374455636,0.023635610781199176,0.001529596619832177,0.043809545846450484,0.04011034254324325
Dew,25.773230974853366,0.9874241999384694,0.012575800061530584,0.7552442442442443,0.2447557557557557,1035.4007126057884,61.43919818050795,0.02363478737982366,0.001532365011388318,0.04380833624463575,0.04009436245535535
Dew,25.81958917781817,0.987348299683637,0.01265170031636298,0.7542452452452453,0.24575475475475472,1035.335804592527,61.52605633543574,0.023633960737362535,0.001535143204416799,0.043807122136569426,0.04007838236746747
Dew,25.866107023612976,0.9872721162407347,0.012727883759265257,0.7532462462462463,0.24675375375375375,1035.2706487781388,61.61322047436812,0.02363313083615003,0.001537931251461007,0.04380590349859842,0.04006240227957958
Dew,25.912785317081557,0.9871956481195869,0.012804351880413067,0.7522472472472473,0.24775275275275266,1035.2052438424373,61.70069224565417,0.023632297658378563,0.0015407292054783115,0.04380468030688573,0.040046422191691695
Dew,25.95962486907801,0.9871188938184023,0.012881106181597657,0.7512482482482483,0.24875175175175168,1035.1395884548194,61.788473310988095,0.023631461186097165,0.0015435371198440192,0.04380345253740855,0.040030442103803805
Dew,26.006626496509917,0.9870418518236541,0.012958148176345885,0.7502492492492493,0.2497507507507507,1035.073681274161,61.876565345497276,0.02363062140121001,0.0015463550483544076,0.043802220165956356,0.04001446201591592
Bubble,26.02482752795366,0.987012012012012,0.012987987987987948,0.7498633213236128,0.2501366786763872,1035.048152496933,61.91068033863859,0.02363029608551121,0.0015474463514987726,0.043801742845345354,0.040008288674224644
Dew,26.05379102241644,0.9869645206099599,0.013035479390040128,0.7492502502502503,0.25074974974974973,1035.0075209487004,61.96497003793637,0.023629778285474776,0.0015491830452324196,0.043800983168128985,0.03999848192802803
Dew,26.10111927602601,0.9868868986399604,0.013113101360039625,0.7482512512512512,0.25174874874874875,1034.9411061159408,62.05368909081877,0.02362893182050134,0.0015520211651318032,0.043799741519334676,0.03998250184014014
Dew,26.14861209281212,0.9868089843641917,0.013191015635808268,0.7472522522522523,0.25274774774774766,1034.8744354025232,62.14272422054171,0.023628081987749922,0.0015548694631411035,0.043798495194788054,0.03996652175225226
Dew,26.19627031455054,0.9867307762209656,0.01326922377903439,0.7462532532532533,0.2537467467467467,1034.8075074241217,62.23207715751549,0.023627228768529653,0.001557727994787768,0.0437972441695082,0.03995054166436437
Dew,26.24409478940258,0.9866522726362371,0.013347727363762885,0.7452542542542543,0.2547457457457457,1034.740320785327,62.32174964637127,0.023626372143996963,0.0015605968160442255,0.043795988418316514,0.039934561576476485
Dew,26.29208637195065,0.9865734720234789,0.013426527976521108,0.7442552552552553,0.25574474474474473,1034.6728740795245,62.41174344602333,0.02362551209515381,0.0015634759833303392,0.04379472791583477,0.039918581488588595
Dew,26.340245923293995,0.9864943727835496,0.013505627216450433,0.7432562562562562,0.25674374374374376,1034.6051658887834,62.50206032991387,0.02362464860284619,0.0015663655535204356,0.043793462636482934,0.039902601400700705
Dew,26.38857431107933,0.9864149733045624,0.013585026695437596,0.7422572572572573,0.25774274274274267,1034.5371947837305,62.59270208605946,0.023623781647762326,0.0015692655839453806,0.04379219255447711,0.039886621312812814
Dew,26.43707240959351,0.9863352719617506,0.013664728038249363,0.7412582582582583,0.2587417417417417,1034.4689593234325,62.68367051728533,0.023622911210431054,0.0015721761323993692,0.043790917643827365,0.03987064122492493
Dew,26.485741099818355,0.9862552671173345,0.013744732882665534,0.7402592592592593,0.2597407407407407,1034.40045805527,62.77496744134446,0.023622037271219993,0.0015750972571438456,0.04378963787833559,0.03985466113703704
Dew,26.534581269508756,0.9861749571203811,0.013825042879618943,0.7392602602602603,0.26073973973973974,1034.3316895148228,62.86659469110659,0.02362115981033403,0.0015780290169131806,0.04378835323159333,0.03983868104914915
Dew,26.583593813243294,0.9860943403066667,0.01390565969333335,0.7382612612612613,0.26173873873873865,1034.2626522257249,62.95855411466337,0.02362027880781319,0.0015809714709182638,0.043787063676979474,0.03982270096126126
Dew,26.63277963250797,0.9860134149985371,0.013986585001462881,0.7372622622622623,0.2627377377377377,1034.1933446995554,63.05084757553376,0.02361939424353115,0.0015839246788526189,0.043785769187658106,0.03980672087337337
Bubble,26.63302399194899,0.986013013013013,0.013986986986986971,0.7372573093917177,0.26274269060828226,1034.1930001486194,63.051306201852206,0.02361938984316263,0.0015839393526678684,0.043785762757457464,0.03980664164676086
Dew,26.68213963576236,0.9859321795047629,0.014067820495237138,0.7362632632632633,0.2637367367367367,1034.1237654356987,63.14347695281506,0.02361850609719329,0.0015868887008971687,0.04378446973657614,0.03979074078548549
Dew,26.73167473851365,0.985850632120398,0.01414936787960197,0.7352642642642643,0.2647357357357357,1034.0539129212186,63.236444141357566,0.023617614348334908,0.0015898635977256066,0.0437831652964611,0.0397747606975976
Dew,26.781385863376542,0.9857687711266305,0.014231228873369473,0.7342652652652653,0.26573473473473475,1033.9837856307204,63.32975105189615,0.02361671897631926,0.0015928494305086924,0.043781855839818695,0.03975878060970971
Dew,26.831273940169332,0.9856865947906368,0.014313405209363195,0.7332662662662663,0.26673373373373366,1033.9133820262218,63.423399611290336,0.023615819960335797,0.0015958462609212973,0.043780541338930515,0.039742800521821824
Dew,26.881339905950938,0.9856041013654272,0.014395898634572801,0.7322672672672673,0.2677327327327327,1033.8427005570059,63.51739176258547,0.023614917279398046,0.0015988541511449542,0.04377922176585151,0.03972682043393394
Dew,26.931584705143866,0.985521289089702,0.014478710910297954,0.7312682682682683,0.2687317317317317,1033.7717396595008,63.61172946533309,0.02361401091234196,0.001601873163876947,0.043777897092407786,0.03971084034604605
Dew,26.982009289562665,0.9854381561876886,0.014561843812311404,0.7302692692692693,0.26973073073073073,1033.7004977571225,63.70641469562515,0.023613100837823694,0.0016049033623322076,0.043776567290193885,0.03969486025815816
Dew,27.032614618525038,0.9853547008689912,0.01464529913100876,0.7292702702702704,0.27072972972972964,1033.628973260143,63.801449446377404,0.023612187034317743,0.001607944810251504,0.04377523233057048,0.03967888017027028
Dew,27.083401658911374,0.9852709213284299,0.01472907867157014,0.7282712712712713,0.27172872872872866,1033.5571645655427,63.89683572745632,0.023611269480114896,0.0016109975719056978,0.0437738921846617,0.03966290008238238
Dew,27.134371385248617,0.9851868157458816,0.014813184254118372,0.7272722722722723,0.2727277277277277,1033.4850700568638,63.99257556587911,0.02361034815332012,0.0016140617121018564,0.0437725468233527,0.039646919994494496
Dew,27.18552477978802,0.9851023822861179,0.014897617713882094,0.7262732732732733,0.2737267267267267,1033.412688104068,64.08867100599439,0.02360942303185062,0.0016171372961888949,0.04377119621728698,0.039630939906606606
Dew,27.23686283258887,0.9850176190986366,0.01498238090136339,0.7252742742742743,0.27472572572572573,1033.3400170633768,64.18512410968079,0.023608494093433557,0.0016202243900636814,0.04376984033686371,0.03961495981871872
Bubble,27.23904609082013,0.9850140140140141,0.014985985985985883,0.7252318718979515,0.27476812810204854,1033.336925714625,64.18922635794861,0.023608454570487058,0.0016203556862013002,0.043769782669569574,0.039614281546066825
Dew,27.288386541598058,0.9849325243175014,0.015067475682498555,0.7242752752752754,0.27572472472472465,1033.2670552771294,64.28193695653184,0.023607561315604042,0.0016233230601768113,0.04376847915223519,0.03959897973083083
Dew,27.34009691273212,0.9848470960611686,0.015152903938831397,0.7232762762762763,0.27672372372372367,1033.1938010736264,64.37911164404805,0.023606624675702962,0.001626433373538579,0.04376711263330406,0.03958299964294294
Dew,27.39199495996493,0.984761332432316,0.015238667567683994,0.7222772772772773,0.2777227227227227,1033.1202527669705,64.47665028784544,0.023605684150874714,0.0016295553977253756,0.04376574074972057,0.03956701955505505
Dew,27.444081705406454,0.9846752315176713,0.015324768482328666,0.7212782782782783,0.2787217217217217,1033.0464086569143,64.57455502183636,0.0236047397180651,0.0016326892008854072,0.04376436347087982,0.03955103946716716
Dew,27.496358179392697,0.9845887913878337,0.015411208612166272,0.7202792792792793,0.27972072072072074,1032.9722670286912,64.67282799844342,0.02360379135401887,0.0016358348517452614,0.04376298076591893,0.03953505937927928
Dew,27.548825420576335,0.9845020100970968,0.015497989902903186,0.7192802802802803,0.28071971971971965,1032.8978261528648,64.7714713888149,0.0236028390352777,0.0016389924196165253,0.04376159260371417,0.039519079291391396
Dew,27.60148447600184,0.9844148856832683,0.015585114316731707,0.7182812812812813,0.2817187187187187,1032.8230842851535,64.87048738299296,0.023601882738177638,0.0016421619744012295,0.04376019895287813,0.03950309920350351
Dew,27.654336401212667,0.984327416167488,0.01567258383251202,0.7172822822822823,0.2827177177177177,1032.7480396662736,64.96987819017737,0.023600922438846938,0.0016453435865997198,0.04375879978175676,0.03948711911561562
Dew,27.707382260329297,0.9842395995540362,0.01576040044596383,0.7162832832832833,0.2837167167167167,1032.67269052176,65.06964603890125,0.02359995811320352,0.0016485373273163223,0.043757395058426324,0.03947113902772773
Dew,27.760623126150424,0.9841514338301522,0.015848566169847755,0.7152842842842844,0.28471571571571563,1032.5970350618009,65.16979317727547,0.023598989736952635,0.001651743268266758,0.043755984750690494,0.03945515893983985
Dew,27.814060080223882,0.9840629169658405,0.015937083034159527,0.7142852852852853,0.28571471471471466,1032.5210714810646,65.2703218731417,0.023598017285584413,0.001654961481783267,0.043754568826077284,0.03943917885195195
Bubble,27.842971670429137,0.9840150150150151,0.015984984984984907,0.713746319010388,0.286253680989612,1032.4799594047324,65.32471759854158,0.023597490926125786,0.0016567028657729118,0.04375380258168168,0.039430557493522075
Dew,27.8676942129726,0.9839740469136774,0.016025953086322597,0.7132862862862863,0.2867137137137137,1032.4447979585207,65.37123441438982,0.023597040734371386,0.0016581920408239043,0.04375314725183588,0.03942319876406407
Dew,27.921526623781574,0.983884821608615,0.016115178391384988,0.7122872872872873,0.2877127127127127,1032.368212657263,65.4725331091577,0.023596060058365953,0.0016614350189788814,0.04375171999493357,0.03940721867617618
Dew,27.975558421067426,0.9837952389677801,0.016204761032219905,0.7112882882882883,0.2887117117117117,1032.2913137243254,65.57422028597814,0.02359507523239778,0.0016646904904755778,0.04375028702205251,0.03939123858828829
Dew,28.02979072240636,0.9837052968902795,0.016294703109720476,0.7102892892892894,0.28971071071071064,1032.2140992905008,65.6762982941002,0.023594086231071242,0.0016679585301879946,0.0437488482995866,0.039375258500400405
Dew,28.084224654628855,0.983614993256985,0.016385006743015018,0.7092902902902903,0.29070970970970966,1032.136567470156,65.77876950370991,0.02359309302876286,0.0016712392136436756,0.04374740379363806,0.039359278412512515
Dew,28.13886135391202,0.9835243259303362,0.01647567406966377,0.7082912912912913,0.2917087087087087,1032.0587163610387,65.88163630614376,0.0235920955996185,0.0016745326170304596,0.04374595347001425,0.039343298324624625
Dew,28.193701965879416,0.9834332927541238,0.016566707245876167,0.7072922922922923,0.2927077077077077,1031.980544044089,65.98490111412303,0.02359109391755075,0.0016778388172037806,0.04374449729422424,0.039327318236736734
Dew,28.248747645725942,0.9833418915532776,0.01665810844672244,0.7062932932932934,0.2937067067067066,1031.902048583244,66.08856636206335,0.02359008795623622,0.0016811578916959002,0.04374303523147538,0.03931133814884885
Dew,28.30399955829234,0.983250120133653,0.016749879866347017,0.7052942942942944,0.29470570570570565,1031.8232280252419,66.19263450623201,0.023589077689112642,0.001684489918721287,0.04374156724666993,0.03929535806096097
Dew,28.359458878194857,0.9831579762818075,0.016842023718192545,0.7042952952952953,0.29570470470470467,1031.744080399416,66.29710802506992,0.02358806308937605,0.0016878349771861998,0.04374009330440143,0.03927937797307308
Dew,28.41512678992206,0.9830654577647842,0.016934542235215844,0.7032962962962963,0.2967037037037037,1031.664603717506,66.40198941941436,0.023587044129978155,0.0016911931466957696,0.04373861336895126,0.03926339788518519
Bubble,28.4448690214524,0.9830160160160161,0.01698398398398393,0.702764092886189,0.297235907113811,1031.6221275587645,66.45803193199274,0.023586499481201815,0.0016929875715943148,0.0437378224937938,0.03925488470621677
Dew,28.471004487950957,0.9829725623298777,0.01702743767012227,0.7022972972972973,0.2977027027027027,1031.5847959734338,66.50728121277908,0.02358602078362304,0.001694564507562558,0.04373712740428495,0.039247417797297304
Dew,28.527093176849636,0.9828792877044148,0.017120712295585205,0.7012982982982984,0.2987017017017016,1031.504655143111,66.61298595159256,0.02358499302276456,0.0016979491408140735,0.04373563537404859,0.039231437709409414
Dew,28.58339407139087,0.9827856315955155,0.017214368404484537,0.7002992992992993,0.29970070070070065,1031.4241791842146,66.71910620546923,0.023583960819603105,0.001701347128201142,0.04373413724156503,0.039215457621521524
Dew,28.639908396675583,0.9826915916898606,0.017308408310139356,0.6993003003003003,0.3006996996996997,1031.3433660359815,66.82564456750853,0.02358292414608272,0.0017047585522070112,0.04373263296983018,0.039199477533633634
Dew,28.696637388240525,0.9825971656534518,0.017402834346548213,0.6983013013013013,0.3016986986986987,1031.2622136189868,66.93260365454641,0.023581882973887983,0.0017081834960552622,0.04373112252150919,0.03918349744574575
Dew,28.75358229217167,0.9825023511313715,0.01749764886862848,0.6973023023023024,0.3026976976976976,1031.180719834921,67.039986107423,0.023580837274440804,0.0017116220437181555,0.04372960585893253,0.03916751735785786
Dew,28.81074436523359,0.9824071457475352,0.017592854252464818,0.6963033033033034,0.30369669669669663,1031.098882566371,67.14779459129713,0.023579787018897354,0.0017150742799261897,0.04372808294409215,0.03915153726996997
Dew,28.868124874983046,0.9823115471044426,0.017688452895557427,0.6953043043043043,0.30469569569569566,1031.0166996765895,67.25603179591312,0.023578732178144858,0.0017185402901764685,0.043726553738637375,0.03913555718208208
Dew,28.925725099885,0.9822155527829235,0.017784447217076504,0.6943053053053053,0.3056946946946947,1030.934169009257,67.36470043587343,0.023577672722798076,0.001722020160741235,0.043725018203870925,0.0391195770941942
Dew,28.98354632945044,0.9821191603418857,0.017880839658114267,0.6933063063063063,0.3066936936936937,1030.851288388265,67.47380325097608,0.023576608623196414,0.0017255139786780858,0.04372347630074484,0.039103597006306307
Dew,29.04158986435575,0.9820223673180486,0.017977632681951405,0.6923073073073074,0.3076926926926926,1030.7680556174596,67.58334300649594,0.02357553984940015,0.001729021831838771,0.04372192798985624,0.039087616918418416
Bubble,29.044798232985194,0.982017017017017,0.017982982982982954,0.6922522077648191,0.3077477922351809,1030.7634531908127,67.58939889176378,0.023575480731607458,0.0017292157545751353,0.04372184240590591,0.039086735540626825
Dew,29.099857016568205,0.9819251712256822,0.018074828774317764,0.6913083083083084,0.30869169169169164,1030.684468480412,67.69332249348318,0.023574466371187264,0.0017325438088784569,0.043720373231443135,0.03907163683053054
Dew,29.158349109462442,0.9818275695563411,0.018172430443658905,0.6903093093093093,0.30969069069069066,1030.600524740167,67.80374452903443,0.0235733881580498,0.0017360799992643164,0.04371881198538019,0.03905565674264264
Dew,29.21706747798735,0.981729559778587,0.018270440221412998,0.6893103103103103,0.3106896896896897,1030.5162221390008,67.91461195671268,0.023572305179190546,0.0017396304932879396,0.043717244211174254,0.03903967665475476
Dew,29.276013468762937,0.9816311393377187,0.018368860662281272,0.6883113113113114,0.3116886886886886,1030.4315583981647,68.02592764675819,0.0235712174035193,0.001743195382072433,0.04371566986796008,0.039023696566866876
Dew,29.335188440229032,0.9815323056554863,0.018467694344513674,0.6873123123123124,0.3126876876876876,1030.3465312176272,68.13769449645257,0.02357012479964923,0.0017467747575834526,0.04371408891449573,0.039007716478978986
Dew,29.394593762791157,0.9814330561298107,0.018566943870189312,0.6863133133133134,0.31368668668668664,1030.2611382758218,68.24991543047331,0.02356902733589339,0.0017503687126400244,0.04371250130915806,0.038991736391091096
Dew,29.45423081893448,0.9813333881344932,0.018666611865506777,0.6853143143143143,0.31468568568568567,1030.1753772293691,68.3625934011531,0.02356792498026058,0.0017539773409229458,0.04371090700993817,0.038975756303203206
Dew,29.5141010033894,0.9812332990189251,0.018766700981074913,0.6843153153153153,0.3156846846846847,1030.0892457128277,68.47573138889082,0.023566817700452047,0.0017576007369871033,0.04370930597443663,0.038959776215315316
Dew,29.574205723268786,0.9811327861077864,0.018867213892213575,0.6833163163163164,0.3166836836836836,1030.002741338408,68.58933240247794,0.023565705463857268,0.0017612389962716468,0.04370769815985877,0.03894379612742743
Dew,29.63454639819634,0.9810318467007455,0.018968153299254498,0.6823173173173174,0.3176826826826826,1029.9158616957002,68.70339947939728,0.02356458823755013,0.0017648922151094798,0.043706083523009795,0.03892781603953954
Bubble,29.642812329312818,0.981018018018018,0.018981981981981977,0.6821807839692113,0.31781921603078866,1029.9039564465265,68.71902765037115,0.023564435108329666,0.0017653927258648482,0.04370586231801802,0.038925632038449905
Dew,29.695124460470986,0.9809304780721553,0.019069521927844724,0.6813183183183184,0.31868168168168165,1029.8286043513954,68.81793568622808,0.023563465988284956,0.001768560490739503,0.04370446202029001,0.03891183595165165
Dew,29.755941355217537,0.9808286774707385,0.01917132252926146,0.6803193193193193,0.3196806806806807,1029.7409668490027,68.93294411900862,0.02356233868249256,0.0017722439213177998,0.04370283360768969,0.03889585586376376
Dew,29.816998540519414,0.9807264421192744,0.0192735578807256,0.6793203203203203,0.3206796796796797,1029.6529467085545,69.04842790354569,0.02356120628627595,0.0017759426059274794,0.04370119824078413,0.03887987577587588
Dew,29.878297487592658,0.9806237692142757,0.019376230785724258,0.6783213213213214,0.3216786786786786,1029.5645414263195,69.16439019584426,0.023560068765406332,0.0017796566445916415,0.043699555874728485,0.03886389568798799
Dew,29.939839680927133,0.9805206559256674,0.019479344074332605,0.6773223223223224,0.32267767767767763,1029.4757484744998,69.28083418243982,0.023558926085318777,0.0017833861382838595,0.04369790646425257,0.0388479156001001
Dew,30.001626618451752,0.9804170993964488,0.019582900603551168,0.6763233233233233,0.32367667667667666,1029.386565300931,69.39776308080035,0.02355777821110795,0.0017871311889404923,0.04369624996365554,0.038831935512212215
Dew,30.063659811697264,0.9803130967423676,0.01968690325763245,0.6753243243243243,0.3246756756756757,1029.2969893287775,69.51518013972017,0.023556625107523814,0.0017908918994728113,0.04369458632680059,0.03881595542432433
Dew,30.125940785949247,0.9802086450515689,0.019791354948431095,0.6743253253253254,0.3256746746746746,1029.207017956212,69.63308863968344,0.023555466738967024,0.0017946683737783747,0.0436929155071094,0.03879997533643644
Dew,30.188471080429032,0.9801037413842566,0.0198962586157434,0.6733263263263264,0.3266736736736736,1029.116648556112,69.75149189330979,0.02355430306948468,0.0017984607167545526,0.04369123745755671,0.03878399524854855
Bubble,30.23895822937645,0.9800190190190191,0.01998098098098089,0.672522657387641,0.32747734261235895,1029.043654989334,69.8471089434134,0.02355336298617139,0.0018015232340393367,0.04368988223013013,0.03877113967983844
Dew,30.251252248431943,0.9799983827723401,0.020001617227659918,0.6723273273273274,0.32767267267267264,1029.0258784757218,69.87039324567205,0.0235531340627654,0.00180226903430878,0.04368955213066463,0.03876801516066067
Dew,30.314285857543616,0.9798925662190752,0.020107433780924833,0.6713283283283283,0.32867167167167166,1028.934705036342,69.98979607484385,0.023551959682135054,0.0018060934333747746,0.04368785947849695,0.03875203507277277
Dew,30.37757348976648,0.9797862886986993,0.020213711301300674,0.6703293293293293,0.3296706706706707,1028.84312553298,70.10970379218085,0.023550779890551658,0.0018099340219219072,0.04368615945265327,0.03873605498488489
Dew,30.441116741723473,0.979679547156072,0.020320452843928027,0.6693303303303304,0.3306696696696696,1028.7511372340307,70.23011984282849,0.02354959465060093,0.00181379090897046,0.04368445200426324,0.038720074896997005
Dew,30.504917224831697,0.9795723385062926,0.02042766149370745,0.6683313313313314,0.3316686686686686,1028.6587373809225,70.35104770614035,0.02354840392449117,0.0018176642046046005,0.04368273708398051,0.03870409480910911
Dew,30.56897656546253,0.9794646596343204,0.02053534036567961,0.6673323323323324,0.33266766766766764,1028.5659231877657,70.47249089605506,0.02354720767404828,0.00182155401998432,0.04368101464197656,0.038688114721221224
Dew,30.63329640517363,0.9793565073945963,0.020643492605403657,0.6663333333333333,0.33366666666666667,1028.4726918410154,70.59445296168393,0.02354600586071102,0.0018254604673628553,0.0436792846279347,0.038672134633333334
Dew,30.697878400832096,0.9792478786106402,0.02075212138935978,0.6653343343343344,0.3346656656656656,1028.3790404990916,70.71693748757698,0.023544798445525497,0.0018293836600958284,0.04367754699104366,0.038656154545445444
Dew,30.762724224857468,0.9791387700746603,0.020861229925339675,0.6643353353353354,0.3356646646646646,1028.2849662920296,70.83994809434044,0.023543585389140247,0.001833323712659506,0.04367580167999127,0.03864017445755756
Dew,30.827835565381577,0.9790291785471422,0.02097082145285778,0.6633363363363364,0.3366636636636636,1028.1904663210983,70.96348843900833,0.023542366651800782,0.00183728074066274,0.043674048642957944,0.03862419436966967
Bubble,30.833277559434457,0.9790200200200201,0.020979979979979912,0.6632530500892283,0.3367469499107717,1028.1825643277873,70.973816811383,0.023542264691143983,0.0018376115317636772,0.043673902142242246,0.0386228621145323
Dew,30.89321412645876,0.9789191007564438,0.02108089924355616,0.6623373373373374,0.33766266266266265,1028.095537658432,71.08756221556101,0.023541142193344345,0.0018412548608627408,0.04367228782761015,0.03860821428178179
Dew,30.95886162826233,0.9788085333983717,0.021191466601628295,0.6613383383383383,0.3386616616616617,1028.0001773466383,71.21217315540201,0.02353991197319429,0.0018452461911798118,0.043670519181093694,0.0385922341938939
Dew,31.024779807275642,0.9786974731357566,0.021302526864243387,0.6603393393393394,0.3396606606606606,1027.9043823984125,71.33732502781793,0.023538675950354616,0.0018492548507116784,0.043668742650026876,0.038576254106006014
Dew,31.090970416529558,0.9785859165980281,0.02141408340197193,0.6593403403403404,0.3406596596596596,1027.80814979615,71.46302164057268,0.02353743408340446,0.0018532809597513417,0.043666958180493716,0.038560274018118124
Dew,31.157435225737053,0.9784738603807666,0.021526139619233442,0.6583413413413414,0.34165865865865863,1027.711476491521,71.5892668401995,0.023536186330491902,0.001857324639797128,0.04366516571803678,0.03854429393023023
Dew,31.224176021613825,0.978361301045264,0.021638698954736024,0.6573423423423423,0.34265765765765765,1027.614359405091,71.71606451283658,0.02353493264932876,0.0018613860135768812,0.04366336520765015,0.03852831384234234
Dew,31.291194607980156,0.9782482351180688,0.0217517648819312,0.6563433433433433,0.3436566566566567,1027.5167954258802,71.84341858442014,0.023533672997184087,0.0018654652050555233,0.04366155659377214,0.03851233375445446
Dew,31.358492806066405,0.9781346590905192,0.02186534090948078,0.6553443443443444,0.3446556556556556,1027.418781410952,71.97133302147313,0.023532407330878444,0.0018695623394581137,0.043659739820277856,0.03849635366656657
Bubble,31.425807344494338,0.9780210210210211,0.021978978978978936,0.654349290809695,0.34565070919030505,1027.3206980942834,72.09931017350281,0.023531140506762173,0.001873661433548351,0.043657922054354356,0.038480436690720966
Dew,31.42607245467374,0.9780205694182873,0.0219794305817127,0.6543453453453454,0.3456546546546546,1027.320314184985,72.0998118314682,0.023531135606777706,0.0018736775432818948,0.043657914830471864,0.03848037357867868
Dew,31.493935410444074,0.9779059625208889,0.022094037479111095,0.6533463463463464,0.34665365365365364,1027.2213905398269,72.22885906350957,0.023529857780786735,0.0018778109443166634,0.04365608156708039,0.03846439349079079
Dew,31.56208354804711,0.9777908347812132,0.022209165218786797,0.6523473473473473,0.34765265265265266,1027.122007234059,72.35847880877026,0.0235285738083431,0.0018819626716588284,0.04365423997224376,0.038448413402902906
Dew,31.63051876044992,0.9776751825450147,0.02232481745498527,0.6513483483483484,0.3486516516516516,1027.02216099254,72.48867520116993,0.023527283644410667,0.0018861328557317658,0.043652389987508304,0.038432433315015016
Dew,31.699242959143735,0.9775590021204278,0.02244099787957221,0.6503493493493494,0.3496506506506506,1026.9218485059487,72.61945241792579,0.023525987243472934,0.0018903216283029168,0.04365053155381858,0.038416453227127126
Dew,31.76825807434858,0.9774422897774468,0.02255771022255315,0.6493503503503504,0.3506496496496496,1026.8210664303092,72.75081468003734,0.02352468455952632,0.0018945291224992085,0.04364866461150902,0.038400473139239236
Dew,31.837566055308134,0.9773250417474163,0.0226749582525837,0.6483513513513514,0.35164864864864864,1026.7198113865304,72.88276625303385,0.023523375546073585,0.0018987554728293577,0.043646789100295846,0.03838449305135136
Dew,31.907168870507316,0.9772072542225015,0.022792745777498458,0.6473523523523523,0.35264764764764767,1026.6180799599053,73.01531144749372,0.02352206015611657,0.001903000815200286,0.04364490495926856,0.03836851296346347
Dew,31.977068507931516,0.977088923355152,0.02291107664484804,0.6463533533533534,0.3536466466466466,1026.5158686996353,73.14845461968461,0.023520738342149534,0.0019072652869367192,0.043643012126881355,0.03835253287557558
Bubble,32.016580600519774,0.977022022022022,0.02297797797797796,0.6457905763958761,0.3542094236041239,1026.4580682841074,73.22373425314997,0.023519990679443544,0.001909676366070166,0.043641941966466466,0.038343530639086076
Dew,32.04726697532665,0.9769700452575586,0.023029954742441405,0.6453543543543544,0.3546456456456456,1026.41317411832,73.2822001722044,0.023519410056151786,0.0019115490268008647,0.04364111054094443,0.038336552787687696
Dew,32.11776630044314,0.9768506160010971,0.023149383998902873,0.6443553553553554,0.3556446446446446,1026.309992691447,73.41655255457329,0.023518075249580318,0.0019158521750108617,0.04363920013861515,0.0383205726997998
Dew,32.1885685313273,0.9767306316157676,0.023269368384232436,0.6433563563563564,0.35664364364364365,1026.206320856881,73.55151626396324,0.02351673387336262,0.0019201748732628546,0.04363728085638898,0.038304592611911915
Dew,32.25967573655699,0.9766100880896263,0.02338991191037365,0.6423573573573574,0.35764264264264256,1026.1021550143364,73.68709584576271,0.023515385877889004,0.0019245172647488348,0.04363535263009048,0.03828861252402403
Dew,32.33109000555131,0.976488981368191,0.023511018631809044,0.6413583583583584,0.3586416416416416,1025.997491524838,73.82329589435615,0.02351403121300499,0.001928879494180126,0.04363341539486373,0.038272632436136135
Dew,32.402813448812665,0.9763673073538596,0.02363269264614043,0.6403593593593594,0.3596406406406406,1025.892326710178,73.9601210537044,0.023512669828003423,0.0019332617078057271,0.04363146908516308,0.03825665234824825
Dew,32.47484819824097,0.9762450619053004,0.02375493809469964,0.6393603603603604,0.36063963963963963,1025.7866568523607,74.0975760181339,0.023511301671616587,0.0019376640534361687,0.04362951363474338,0.03824067226036036
Dew,32.54719640740093,0.9761222408368367,0.02387775916316326,0.6383613613613613,0.36163863863863865,1025.6804781930362,74.23566553298733,0.023509926692008066,0.0019420866804637912,0.04362754897665013,0.03822469217247247
Bubble,32.605626833157345,0.976023023023023,0.023976976976976982,0.6375577671059457,0.3624422328940543,1025.594685456448,74.3472218351574,0.023508815423048363,0.0019456594112901785,0.043625961878578576,0.038211837798403425
Dew,32.619860251815346,0.9759988399178297,0.024001160082170347,0.6373623623623624,0.36263763763763757,1025.5737869329316,74.37439439534856,0.0235085448367646,0.0019465297398850332,0.043625575043209595,0.03820871208458459
Dew,32.69284192927759,0.9758748548720371,0.024125145127962933,0.6363633633633634,0.3636366366366366,1025.4665792312617,74.51376745482153,0.0235071560528876,0.0019509933843241758,0.04362359176601859,0.0381927319966967
Dew,32.7661436601356,0.9757502813769636,0.024249718623036376,0.6353643643643644,0.3646356356356356,1025.3588512051313,74.65378961422458,0.02350576028678462,0.001955477768054939,0.04362159907593405,0.03817675190880881
Dew,32.839767687608926,0.9756251150632094,0.02437488493679063,0.6343653653653654,0.36563463463463464,1025.2505989289352,74.79446583037922,0.02350435748426072,0.001959983047024604,0.04361959690306261,0.03816077182092092
Dew,32.91371627809778,0.975499351513798,0.024500648486202037,0.6333663663663665,0.36663363363363355,1025.1418184337422,74.93580111487383,0.023502947590509637,0.0019645093788775393,0.043617585176749865,0.03814479173303304
Dew,32.98799172150542,0.975372986263489,0.024627013736510994,0.6323673673673674,0.36763263263263257,1025.0325057066577,75.0778005348642,0.023501530550104635,0.001969056922979756,0.043615563825569394,0.03812881164514515
Dew,33.062596331569225,0.97524601479809,0.024753985201909967,0.6313683683683684,0.3686316316316316,1024.9226566902,75.22046921389773,0.02350010630698958,0.001973625840444138,0.043613532777311725,0.03811283155725726
Dew,33.13753244616257,0.975118432553746,0.024881567446254027,0.6303693693693694,0.3696306306306306,1024.8122672816344,75.36381233265088,0.023498674804469308,0.0019782162941534656,0.04361149195897299,0.03809685146936937
Bubble,33.19297248204167,0.9750240240240241,0.024975975975975895,0.6296332100639488,0.3703667899360512,1024.7305589145087,75.46989444871653,0.02349761492294994,0.001981613345392172,0.04360998179069069,0.038085075791503935
Dew,33.21280242765677,0.9749902349162225,0.025009765083777502,0.6293703703703704,0.37062962962962964,1024.701333332319,75.50783512983908,0.023497235985200305,0.001982828448788021,0.04360944129674339,0.03808087138148149
Dew,33.28840866325241,0.9748614172201653,0.025138582779834717,0.6283713713713714,0.37162862862862855,1024.5898506470262,75.65254290303585,0.023495789791180912,0.0019874624708508845,0.043607380715995486,0.0380648912935936
Dew,33.364353565327235,0.974731974748369,0.025268025251630966,0.6273723723723724,0.3726276276276276,1024.4778149832634,75.79794100953835,0.02349433616374158,0.001992118528694506,0.04360531014127239,0.03804891120570571
Dew,33.440639571791834,0.9746019027310009,0.02539809726899911,0.6263733733733734,0.3736266266266266,1024.365222050564,75.9440348672533,0.023492875043534707,0.0019967967925478857,0.04360322949627537,0.03803293111781782
Dew,33.51726914644067,0.9744711963448356,0.02552880365516441,0.6253743743743744,0.3746256256256256,1024.2520675097753,76.09082995556746,0.023491406370524336,0.002001497434543417,0.04360113870385163,0.03801695102992993
Dew,33.594244779325344,0.9743398507124672,0.025660149287532796,0.6243753753753755,0.37562462462462454,1024.1383469723428,76.23833181628062,0.02348993008397595,0.002006220628745436,0.0435990376859817,0.038000970942042044
Dew,33.67156898712721,0.9742078609015035,0.025792139098496536,0.6233763763763764,0.37662362362362356,1024.0240559995552,76.3865460545349,0.023488446122445526,0.002010966551178754,0.04359692636376654,0.03798499085415416
Dew,33.74924431353276,0.9740752219237514,0.0259247780762486,0.6223773773773774,0.3776226226226226,1023.9091901018068,76.53547833974943,0.02348695442376899,0.0020157353798574,0.04359480465741452,0.03796901076626626
Bubble,33.77864128963418,0.9740250250250251,0.025974974974974918,0.6220005862623513,0.37799941373764867,1023.8656968544459,76.59186338761235,0.02348638933939891,0.0020175406717025633,0.04359400170280281,0.037962983577911204
Dew,33.8272733296187,0.9739419287343827,0.026058071265617322,0.6213783783783784,0.3786216216216216,1023.7937447378199,76.6851344065818,0.023485454925050997,0.0020205272948141365,0.043592672486228064,0.03795303067837838
Dew,33.90565863424894,0.9738079762310805,0.026192023768919492,0.6203793793793794,0.37962062062062063,1023.6777153138629,76.83552005592118,0.023483947562653713,0.0020253424781308963,0.043590529768589986,0.03793705059049049
Dew,33.984402854470176,0.9736733592531873,0.02632664074681268,0.6193803803803805,0.38061961961961954,1023.5610971829614,76.98664115587582,0.02348243227218539,0.002030181113969134,0.04358837642194991,0.03792107050260261
Dew,34.063518531943075,0.9735380725807892,0.02646192741921083,0.6183813813813814,0.38161861861861857,1023.4438637354137,77.13853224528671,0.02348090848583758,0.002035044143182985,0.04358621236280956,0.03790509041471472
Dew,34.142988980248546,0.9734021109339106,0.026597889066089397,0.6173823823823824,0.3826176176176176,1023.3260532131848,77.29114327503521,0.023479377124151015,0.0020399302757000957,0.04358403750670992,0.03788911032682683
Dew,34.22282641477039,0.9732654689714721,0.026734531028527853,0.6163833833833834,0.3836166166166166,1023.2076396843547,77.44450781965627,0.023477837635862187,0.0020448404272650363,0.04358185176821456,0.03787313023893894
Dew,34.30303358010344,0.973128141290443,0.026871858709556995,0.6153843843843844,0.38461561561561564,1023.0886182794754,77.5986320284098,0.02347628995341661,0.002049774790727489,0.04357965506089606,0.03785715015105105
Bubble,34.3626546264633,0.9730260260260261,0.02697397397397394,0.6146447773670886,0.38535522263291144,1023.0001064971863,77.71323065054007,0.023475138810502044,0.0020534436501058813,0.04357802161491492,0.03784531932324169
Dew,34.38361325118324,0.9729901224248684,0.027009877575131624,0.6143853853853855,0.38561461461461455,1022.9689840715857,77.75352212319629,0.023474734008444038,0.002054733561182511,0.04357744729732044,0.03784117006316317
Dew,34.464568233708526,0.9728514068448982,0.027148593155101763,0.6133863863863864,0.38661361361361357,1022.8487320753079,77.9091843996077,0.023473169731745326,0.002059716936003061,0.043575228389031676,0.03782518997527528
Dew,34.54590136460065,0.9727119889558112,0.027288011044188765,0.6123873873873874,0.3876126126126126,1022.7278572459513,78.06562522808399,0.02347159705327957,0.0020647251148753986,0.04357299824653605,0.03780920988738739
Dew,34.62761551249156,0.9725718630969944,0.027428136903005607,0.6113883883883884,0.3886116116116116,1022.6063544785686,78.22285105514842,0.02347001590215046,0.002069758299836664,0.04357075677928584,0.0377932297994995
Dew,34.709713578164056,0.972431023540926,0.02756897645907397,0.6103893893893895,0.38961061061061053,1022.4842186070119,78.38086840450387,0.023468426206592657,0.002074816695308867,0.04356850389566301,0.037777249711611616
Dew,34.79219849505682,0.9722894644921303,0.027710535507869727,0.6093903903903904,0.39060960960960955,1022.3614444029672,78.53968387831239,0.02346682789395778,0.002079900508137825,0.04356623950296257,0.037761269623723726
Dew,34.87507322973992,0.9721471800861027,0.02785281991389732,0.6083913913913914,0.3916086086086086,1022.2380265749606,78.69930415838832,0.023465220890700116,0.0020850099476298956,0.04356396350737531,0.037745289535835835
Bubble,34.94503177195237,0.972027027027027,0.027972972972972965,0.6075517492620787,0.39244825073792133,1022.1337942023223,78.83408978562292,0.023463863454796164,0.002089324322830052,0.04356204152702703,0.037731858536371135
Dew,34.958340782434526,0.9720041643882329,0.027995835611767106,0.6073923923923924,0.3926076076076076,1022.1139597673629,78.85973600751534,0.02346360512236221,0.002090145225592101,0.043561675813970614,0.037729309447947945
Dew,35.04200418750932,0.9718604113926871,0.028139588607312915,0.6063933933933934,0.3936066066066066,1021.989238559355,79.02098627069451,0.023461980513559903,0.002095306556370516,0.04355937632667857,0.037713329360060055
Dew,35.12606651400287,0.9717159150212786,0.02828408497872137,0.6053943943943945,0.39460560560560554,1021.8638574638779,79.18306187646412,0.02346034698796711,0.0021004941568906624,0.04355706494827188,0.03769734927217218
Dew,35.21053086614308,0.9715706691223231,0.02842933087767685,0.6043953953953954,0.39560460460460456,1021.7378109265786,79.34596983820863,0.02345870446830061,0.0021057082466977165,0.0435547415803476,0.03768136918428429
Dew,35.295400383925475,0.9714246674694434,0.028575332530556552,0.6033963963963964,0.3966036036036036,1021.6110933247055,79.50971725563444,0.023457052876304105,0.0021109490480012445,0.04355240612330796,0.0376653890963964
Dew,35.38067824361732,0.9712779037603849,0.02872209623961508,0.6023973973973974,0.3976026026026026,1021.4836989660022,79.67431131602936,0.023455392132732074,0.0021162167857143124,0.0435500584763415,0.037649409008508515
Dew,35.466367658352056,0.9711303716157819,0.028869628384218138,0.6013983983983985,0.3986016016016015,1021.3556220875731,79.83975929577936,0.023453722157333493,0.002121511687499527,0.043547698537403215,0.037633428920620625
Bubble,35.52579015846706,0.9710280280280281,0.028971971971971877,0.600708449813501,0.399291550186499,1021.2667655672032,79.9545266525359,0.023452563373487778,0.0021251845371786727,0.043546061439139146,0.03762239243406174
Dew,35.55247187869313,0.9709820645779111,0.02901793542208886,0.6003993993993995,0.39960060060060054,1021.2268568547281,80.00606856179431,0.02345204286883503,0.002126833983812778,0.04354532620319473,0.037617448832732735
Dew,35.63899419320273,0.9708329761094127,0.02916702389058734,0.5994004004004004,0.40059959959959957,1021.0973973597903,80.17324657294529,0.023450354184923753,0.0021321839079473993,0.04354294136914377,0.03760146874484485
Dew,35.7259379290609,0.9706830995919895,0.029316900408010493,0.5984014014014014,0.4015985985985986,1020.9672376208988,80.34130088164363,0.02344865602222982,0.002137561696082212,0.043540543929383425,0.037585488656956954
Dew,35.81330645268065,0.9705324283250826,0.029467571674917425,0.5974024024024024,0.4025975975975976,1020.8363715807824,80.5102391354061,0.023446948296308757,0.002142967587329318,0.04353813377673086,0.03756950856906907
Dew,35.9011031702263,0.9703809555245034,0.02961904447549657,0.5964034034034035,0.4035965965965965,1020.7047931054708,80.68006907813805,0.023445230921622557,0.00214840182377452,0.043535710802665516,0.03755352848118119
Dew,35.98933152852642,0.9702286743210673,0.029771325678932703,0.5954044044044045,0.40459559559559555,1020.5724959830795,80.85079855254854,0.023443503811522517,0.00215386465054798,0.043533274897307225,0.03753754839329329
Dew,36.07799501533929,0.9700755777591578,0.02992442224084224,0.5944054054054054,0.40559459459459457,1020.439473922412,81.02243550070142,0.023441766878228392,0.0021593563158453914,0.04353082594939327,0.03752156830540541
Bubble,36.10494558388592,0.9700290290290291,0.0299709709709709,0.5941027187703534,0.40589728122964663,1020.3990255133674,81.07462011078846,0.023441238652406892,0.002161025965615317,0.043530081351251255,0.03751672649972245
Dew,36.167097160279745,0.9699216587953045,0.030078341204695547,0.5934064064064064,0.4065935935935936,1020.305720551685,81.19498796646373,0.023440020032810274,0.0021648770709997945,0.04352836384625557,0.03750558821751752
Dew,36.25664153538439,0.9697669102966927,0.030233089703307292,0.5924074074074074,0.4075925925925926,1020.1712294171307,81.36846409691206,0.023438263185168184,0.0021704271705257736,0.043525888473796924,0.03748960812962963
Dew,36.346631755834025,0.9696113250396697,0.030388674960330264,0.5914084084084085,0.40859159159159153,1020.0359939816157,81.54287214418738,0.023436496244012055,0.002176006872175735,0.043523399716467064,0.03747362804174175
Dew,36.43707148064213,0.9694548957082025,0.030545104291797465,0.5904094094094094,0.40959059059059055,1019.9000076232068,81.71822046724904,0.023434719116840887,0.0021816164369936474,0.04352089745723798,0.03745764795385386
Dew,36.527964413368665,0.9692976148923099,0.030702385107690078,0.5894104104104104,0.4105895895895896,1019.763263633718,81.89451753369829,0.023432931709921646,0.00218725612937076,0.043518381577578875,0.03744166786596597
Dew,36.61931430285926,0.9691394750864574,0.03086052491354263,0.5884114114114114,0.4115885885885886,1019.6257552172225,82.07177192167131,0.02343113392826767,0.0021929262171033357,0.04351585195743048,0.03742568777807808
Bubble,36.682490021204664,0.9690300300300301,0.030969969969969924,0.5877232080692827,0.4122767919307173,1019.5305678389506,82.1943718639596,0.02342988912188203,0.0021968482318317777,0.043514101263363365,0.03741467920859705
Dew,36.71112494398122,0.9689804686879214,0.031019531312078574,0.5874124124124125,0.4125875875875875,1019.4874754885294,82.24999232171977,0.023429325675616508,0.0021986269714501907,0.04351330847517886,0.0374097076901902
Dew,36.803400178374496,0.9688205879951113,0.031179412004888718,0.5864134134134135,0.41358658658658654,1019.3484174716268,82.42918753873083,0.023427506854407264,0.0022043586671914384,0.0435107510076286,0.03739372760230231
Dew,36.89614389526063,0.9686598252058672,0.03134017479413276,0.5854144144144144,0.41458558558558556,1019.2085740981058,82.6093664940101,0.02342567736575775,0.002210121582691747,0.04350817942997558,0.03737774751441442
Dew,36.9893600321935,0.9684981724157026,0.031501827584297426,0.5844154154154154,0.4155845845845846,1019.0679382055218,82.79053822719428,0.023423837109440595,0.0022159159999591916,0.04350559361577882,0.037361767426526526
Dew,37.08305257591218,0.9683356216160264,0.031664378383973624,0.5834164164164164,0.4165835835835836,1018.9265025357462,82.97271189845245,0.023421985983859275,0.0022217422047119983,0.04350299343693212,0.037345787338638636
Dew,37.177225563124914,0.9681721646923136,0.0318278353076864,0.5824174174174175,0.4175825825825825,1018.784259733265,83.1558967904873,0.02342012388602336,0.0022276004864400932,0.043500378763634724,0.03732980725075075
Bubble,37.25847824970166,0.968031031031031,0.03196896896896895,0.5815593110977062,0.4184406889022938,1018.6614159099355,83.31398033408708,0.02341851529174238,0.0022326562257629656,0.043498121175475475,0.03731608089625002
Dew,37.271883081399125,0.9680077934222403,0.031992206577759696,0.5814184184184185,0.41858158158158154,1018.6412023434491,83.34010231083532,0.023418250711523377,0.002233491138474822,0.043497749464361496,0.03731382716286286
Dew,37.367029269991725,0.9678424994737765,0.03215750052622346,0.5804194194194194,0.41958058058058056,1018.4973228107779,83.52533799399316,0.02341636635450485,0.002239414458054191,0.043495105405832485,0.03729784707497497
Dew,37.46266832074929,0.9676762744032357,0.03232372559676433,0.5794204204204204,0.4205795795795796,1018.3526134770278,83.7116135037402,0.02341447070764205,0.0022453707463935342,0.043492446452981594,0.03728186698708708
Dew,37.558804478999534,0.9675091096532801,0.032490890346719925,0.5784214214214215,0.4215785785785785,1018.2070665794172,83.89893863543182,0.023412563662110822,0.002251360308755585,0.04348977246892483,0.0372658868991992
Dew,37.655442044473546,0.9673409965508846,0.03265900344911543,0.5774224224224225,0.4225775775775775,1018.0606742487104,84.08732331837756,0.023410645107561065,0.002257383454522994,0.04348708331492761,0.03724990681131132
Dew,37.752585372260825,0.9671719263052438,0.032828073694756155,0.5764234234234235,0.42357657657657655,1017.9134285072769,84.27677761830876,0.02340871493208842,0.002263440497273451,0.04348437885037131,0.037233926723423426
Bubble,37.832931295305876,0.967032032032032,0.03296796796796797,0.5756010997000149,0.42439890029998506,1017.7915774411922,84.43353628668521,0.023407117312623116,0.0022684519972685875,0.043482141087587585,0.03722077275091141
Dew,37.85023887375857,0.9670018900056458,0.03299810999435415,0.5754244244244244,0.42457557557557557,1017.7653212671086,84.46731173982597,0.023406773022205347,0.002269531754854443,0.04348165893271931,0.03721794663553554
Dew,37.948407017658624,0.9668308786192895,0.03316912138071049,0.5744254254254254,0.4255745745745746,1017.6163443277891,84.65893602894984,0.0234048192628115,0.002275657549460997,0.04347892341748202,0.03720196654764765
Dew,38.0470943309641,0.9666588829890476,0.03334111701095244,0.5734264264264265,0.4265735735735735,1017.466489374416,84.85166097575322,0.023402853537163454,0.002281818207715805,0.04347617215818111,0.03718598645975976
Dew,38.146305399998745,0.9664858938311823,0.03351410616881767,0.5724274274274275,0.42757257257257253,1017.3157479754693,85.04549721696765,0.023400875726843576,0.0022880140607488618,0.04347340500631298,0.03717000637187188
Dew,38.246044871476926,0.9663119017330167,0.03368809826698327,0.5714284284284284,0.42857157157157155,1017.1641115806447,85.24045553875956,0.023398885711728372,0.002294245444281882,0.04347062181131151,0.03715402628398398
Dew,38.34631745357121,0.966136897150529,0.03386310284947103,0.5704294294294294,0.4295705705705706,1017.0115715186192,85.43654687949505,0.02339688336995596,0.002300512698712622,0.043467822420509575,0.0371380461960961
Bubble,38.4058061951501,0.9660330330330331,0.03396696696696688,0.5698392679046022,0.43016073209539785,1016.9210298681597,85.55292526799578,0.02339569463876015,0.0023042320917652094,0.0434661609996997,0.03712860591332881
Dew,38.44712791702047,0.965960870405913,0.03403912959408695,0.5694304304304305,0.4305695695695695,1016.8581189947707,85.63378233261611,0.023394868577892632,0.002306816169202427,0.04346500667910003,0.03712206610820821
Dew,38.54848109625047,0.9657838116850712,0.034216188314928786,0.5684314314314315,0.4315685685685685,1016.7037450888522,85.83217314954803,0.023392841210099036,0.0023131562057648425,0.04346217443009557,0.037106086020320325
Dew,38.650381890521174,0.9656057110350404,0.03439428896495955,0.5674324324324325,0.43256756756756753,1016.5484407525819,86.0317307426789,0.02339080113929479,0.0023195331633563978,0.04345932551428761,0.037090105932432435
Dew,38.752835265126535,0.9654265583613768,0.03457344163862319,0.5664334334334334,0.43356656656656656,1016.3921968072183,86.23246668848412,0.023388748236323188,0.0023259474019715347,0.043456459770204424,0.037074125844544545
Dew,38.85584625256952,0.9652463434254507,0.03475365657454932,0.5654344344344344,0.4345655655655656,1016.2350039410322,86.43439273057587,0.02338668237011416,0.0023323992867357616,0.04345357703406785,0.037058145756656655
Dew,38.95941995382611,0.9650650558417062,0.03493494415829379,0.5644354354354355,0.4355645645645645,1016.0768527067543,86.63752078300193,0.02338460340764695,0.0023388891880057735,0.043450677139749525,0.03704216566876877
Bubble,38.97713835202115,0.9650340340340341,0.034965965965965906,0.5642650815059138,0.4357349184940862,1016.0497876889413,86.67227994932578,0.02338424757657869,0.0023399996971033687,0.04345018091181182,0.037039440670276744
Dew,39.06356153960459,0.9648826850748217,0.03511731492517833,0.5634364364364365,0.4365635635635635,1015.9177335189298,86.84186293352586,0.023382511213911487,0.0023454174814693356,0.04344775991872536,0.03702618558088088
Dew,39.168276251612596,0.9646992204368349,0.03530077956316513,0.5624374374374375,0.43756256256256254,1015.7576366512329,87.04743144692513,0.023380405651868975,0.002351984548245902,0.04344482520002965,0.037010205492993
Dew,39.27356940392465,0.9645146510841646,0.035485348915835435,0.5614384384384384,0.43856156156156156,1015.5965522336946,87.25423876857063,0.023378286582411405,0.0023585907749951096,0.04344187281020741,0.03699422540510511
Dew,39.37944638430444,0.9643289660145925,0.035671033985407496,0.5604394394394395,0.4395605605605605,1015.4344702498832,87.46229752787245,0.023376153864320244,0.00236523655402193,0.043438902573266026,0.036978245317217225
Dew,39.48591265561295,0.964142154064132,0.03585784593586805,0.5594404404404405,0.4405595595595595,1015.271380533986,87.67162054196501,0.023374007354223715,0.0023719222833885763,0.04343591431062526,0.036962265229329334
Bubble,39.54693694322777,0.9640350350350351,0.03596496496496493,0.5588703327633022,0.4411296672366978,1015.1778530699461,87.79164837078197,0.023372776149038238,0.0023757557478986447,0.04343420082392393,0.036953145729915066
Dew,39.59297375722997,0.9639542039038576,0.036045796096142446,0.5584414414414415,0.4415585585585585,1015.1072727678494,87.8822208194259,0.02337184690655341,0.0023786483670276033,0.043432907841066494,0.036946285141441444
Dew,39.700635306503344,0.9637651040366243,0.0362348959633757,0.5574424424424425,0.44255755755755755,1014.9421364779195,88.09411156406811,0.0233696723734995,0.002385415214857301,0.043429882980680255,0.036930305053553554
Dew,39.808903000247554,0.9635748427937234,0.03642515720627659,0.5564434434434434,0.44355655655655657,1014.7759610321126,88.30730617886795,0.02336748360496481,0.002392223242901051,0.04342683954281268,0.036914324965665664
Dew,39.917782616284605,0.9633834083314452,0.0366165916685548,0.5554444444444445,0.4445555555555555,1014.6087356366176,88.52181827000811,0.023365280448517968,0.002399072873410125,0.04342377733801064,0.03689834487777778
Dew,40.02728001499883,0.963190788627547,0.036809211372452966,0.5544454454454455,0.4455545545545545,1014.4404493325922,88.73766165095479,0.02336306274934502,0.0024059645349877173,0.043420696173965115,0.03688236478988989
Bubble,40.115210419312255,0.963036036036036,0.03696396396396395,0.5536472995897305,0.44635270041026953,1014.3052278726391,88.91107486944492,0.023361280372108644,0.0024115010939061714,0.04341822073603603,0.03686959756896729
Dew,40.137401140953955,0.962996971477662,0.037003028522338055,0.5534464464464465,0.44655355355355353,1014.2710909928032,88.95485034670726,0.02336083035019999,0.0024128986627179804,0.043417595855453836,0.03686638470200201
Dew,40.248152024525716,0.9628019444915626,0.037198055508437355,0.5524474474474474,0.44755255255255255,1014.1006493181466,89.17339859808571,0.023358583091353958,0.002419875698296439,0.043414476184281486,0.03685040461411411
Dew,40.35953878361957,0.9626056950893775,0.037394304910622456,0.5514484484484484,0.4485515515515516,1013.929112834108,89.39332086625612,0.023356320810543053,0.0024268960901671693,0.04341133695921919,0.03683442452622623
Dew,40.471567625381155,0.9624082104976902,0.03759178950230979,0.5504494494494495,0.4495505505505505,1013.7564698871134,89.61463183722847,0.02335404334291484,0.002433960293659622,0.04340817797594211,0.036818444438338344
Dew,40.584244847978965,0.9622094777455148,0.037790522254485204,0.5494504504504505,0.4505495495495495,1013.5827086407763,89.83734642655513,0.023351750520973304,0.002441068771131234,0.04340499902696503,0.036802464350450446
Bubble,40.681966579718825,0.9620370370370371,0.037962962962962865,0.5485887086913361,0.45141129130866386,1013.4319136846751,90.0306003923657,0.02334976025547463,0.00244723650797863,0.04340224064814815,0.036788679843097485
Dew,40.69757684242559,0.9620094836602139,0.03799051633978612,0.5484514514514515,0.45154854854854853,1013.4078170720722,90.06147978413317,0.023349442174522506,0.002448221992113237,0.04340179990157715,0.03678648426256257
Dew,40.811570094462574,0.9618082148632568,0.03819178513674315,0.5474524524524524,0.45254754754754756,1013.2317829673806,90.2870472991814,0.02334711813060856,0.0024554204334616032,0.04339858038577415,0.03677050417467468
Dew,40.92623118644859,0.9616056577658978,0.03839434223410221,0.5464534534534535,0.45354654654654647,1013.054593918439,90.51406460522122,0.023344778213460086,0.0024626645795084836,0.04339534026218908,0.03675452408678679
Dew,41.041566799366976,0.9614017985647288,0.03859820143527115,0.5454544544544545,0.4545455455455455,1012.8762373181854,90.74254758539094,0.023342422244427105,0.0024699549222231176,0.043392079310021266,0.03673854399889891
Dew,41.15758371480487,0.9611966232371103,0.038803376762889696,0.5444554554554555,0.4555445445445445,1012.6967003564802,90.97251237767317,0.023340050041918085,0.0024772919613708037,0.04338879730496314,0.036722563911011016
Bubble,41.24721263979555,0.9610380380380381,0.03896196196196189,0.5436877021949168,0.4563122978050832,1012.5579118475106,91.15026278110946,0.02333821580316062,0.0024829626932025032,0.04338626056026027,0.03671028285308011
Dew,41.27428881705927,0.9609901175364763,0.03900988246352366,0.5434564564564565,0.45654354354354354,1012.5159700157182,91.20397538047663,0.023337661421335438,0.002484676204681928,0.043385494019125226,0.036706583823123126
Dew,41.39168909525006,0.960782266987519,0.03921773301248099,0.5424574574574574,0.45754254254254256,1012.3340330663182,91.43695325823207,0.023335256195009108,0.0024921081680218315,0.043382169220959055,0.036690603735235236
Dew,41.50979164551337,0.9605730568812365,0.03942694311876349,0.5414584584584585,0.4585415415415415,1012.1508760620904,91.67146294720948,0.023332834172128402,0.0024995883755671478,0.04337882267517795,0.03667462364734735
Dew,41.62860367324545,0.9603624722698372,0.039637527730162825,0.5404594594594595,0.4595405405405405,1011.966485335463,91.90752166147303,0.02333039515867168,0.002507117359986361,0.043375454142675546,0.03665864355945946
Dew,41.74813249539011,0.9601504979615181,0.03984950203848192,0.5394604604604605,0.4605395395395395,1011.7808469925947,92.14514689895312,0.023327938957334385,0.0025146956626240324,0.04337206338044224,0.03664266347157157
Bubble,41.81095529020884,0.9600390390390391,0.03996096096096091,0.5389378073638862,0.4610621926361138,1011.6832234809301,92.27009703064877,0.02332664701408583,0.0025186802893066456,0.04337028047237238,0.03663430306037346
Dew,41.86838554284541,0.959937118515082,0.04006288148491799,0.5384614614614615,0.46153853853853855,1011.5939469083331,92.38435644785037,0.023325465367454765,0.002522323833694574,0.04336865014147911,0.03662668338368368
Dew,41.98937036286146,0.9597223182344108,0.04027768176558921,0.5374624624624625,0.46253753753753746,1011.4057707210382,92.62516839300834,0.023322974184937582,0.002530002432475668,0.04336521417470946,0.0366107032957958
Dew,42.11109462156982,0.9595060811627836,0.040493918837216425,0.5364634634634635,0.4635365365365365,1011.2163038272563,92.8676011226522,0.02332046520217559,0.0025377320275122082,0.043361755224888006,0.03659472320790791
Dew,42.23356610652107,0.9592883910770217,0.040711608922978315,0.5354644644644645,0.4645355355355355,1011.0255313762372,93.11167333514535,0.023317938207968694,0.0025455131968212474,0.04335827303250715,0.03657874312002002
Dew,42.3567927293528,0.9590692314814823,0.040930768518517735,0.5344654654654655,0.4655345345345345,1010.8334382643011,93.35740404610813,0.02331539298744086,0.0025533465281073987,0.043354767333700944,0.036562763032132135
Bubble,42.37320074968926,0.9590400400400401,0.040959959959959935,0.5343329090568758,0.4656670909431242,1010.8078495048579,93.39013552506579,0.023315053882557932,0.002554389878424112,0.04335430038448449,0.036560642646564695
Dew,42.48078252851032,0.9588485856018661,0.041151414398133856,0.5334664664664664,0.46653353353353355,1010.6400091290377,93.60481259567965,0.02331282932195454,0.0025612326189827185,0.04335123786014601,0.036546782944244245
Dew,42.60554367201861,0.9586264363788541,0.04137356362114586,0.5324674674674675,0.46753253253253246,1010.4452283433365,93.8539186559185,0.02331024698902253,0.0025691720771909596,0.04334768433895979,0.03653080285635636
Dew,42.73108446036801,0.9584027664615521,0.04159723353844791,0.5314684684684685,0.4685315315315315,1010.2490800092402,94.10474223851858,0.023307645762217256,0.0025771655208410476,0.04334410649259564,0.03651482276846847
Dew,42.85741332947461,0.9581775582007382,0.041822441799261756,0.5304694694694695,0.4695305305305305,1010.0515479516108,94.35730370273016,0.02330502541107724,0.0025852135786467965,0.04334050403873483,0.03649884268058058
Bubble,42.933954811958884,0.958041041041041,0.04195895895895896,0.5298672246284458,0.4701327753715542,1009.9317906587945,94.51040825234428,0.023303436398713066,0.002590091990280391,0.0433383202965966,0.036489209111879084
Dew,42.98453885371178,0.9579507936419206,0.042049206358079405,0.5294704704704705,0.47052952952952953,1009.8526157116196,94.61162376347535,0.023302385701010918,0.0025933168901725793,0.04333687669017553,0.0364828625926927
Dew,43.11246974904456,0.9577224545181896,0.0422775454818104,0.5284714714714714,0.47152852852852856,1009.652266540037,94.86772349974812,0.023299726393197523,0.002601476106087449,0.043333224154718415,0.03646688250480481
Dew,43.241214876255505,0.9574925222428462,0.0425074777571538,0.5274724724724725,0.47252752752752747,1009.4504833903135,95.12562436326662,0.02329704724448475,0.0026096918884268468,0.043329546135048795,0.03645090241691692
Dew,43.37078324425154,0.9572609779018111,0.04273902209818892,0.5264734734734735,0.4735265265265265,1009.2472489114574,95.38534818734763,0.02329434800728354,0.002617964910861101,0.04332584232861516,0.036434922329029035
Bubble,43.49319313955821,0.9570420420420421,0.04295795795795787,0.5255352810099958,0.4744647189900042,1009.055032951456,95.63084469243739,0.023291794212645385,0.002625784407583835,0.04332234020870871,0.03641991490856399
Dew,43.50118401348909,0.9570278022457953,0.04297219775420469,0.5254744744744745,0.4745255255255255,1009.0425454406854,95.64691719610892,0.023291628429459345,0.0026262958589736334,0.043322112427503966,0.03641894224114114
Dew,43.63242649948923,0.9567929756822682,0.043207024317731824,0.5244754754754755,0.47552452452452454,1008.8363549958725,95.91035401391964,0.023288888254220402,0.00263468543054671,0.04331835611831113,0.036402962153253254
Dew,43.76452017644377,0.9565564782671127,0.04344352173288735,0.5234764764764765,0.47652352352352345,1008.6286592677225,96.17568167510098,0.023286127220001934,0.002643134335854827,0.043314573082008555,0.036386982065365364
Dew,43.89747468098109,0.9563182896960832,0.043681710303916765,0.5224774774774775,0.4775225225225225,1008.4194396117438,96.4429236340715,0.023283345060347366,0.002651643297971092,0.04331076299380752,0.03637100197747748
Dew,44.03129981597961,0.9560783892959668,0.04392161070403322,0.5214784784784785,0.4785215215215215,1008.208677039937,96.71210377562058,0.0232805415037852,0.0026602130530779433,0.04330692552301722,0.03635502188958959
Bubble,44.05097686755677,0.9560430430430431,0.043956956956956894,0.5213318937431163,0.4786681062568837,1008.1776042144547,96.75165537229049,0.023280127939677462,0.0026614726362928862,0.04330636012082083,0.036352677105504265
Dew,44.16600555456454,0.9558367560154726,0.04416324398452742,0.5204794794794795,0.4795205205205205,1007.9963522122418,96.98324642569328,0.023277716273702388,0.002668844350792752,0.04330306033289911,0.03633904180170171
Dew,44.30160204415636,0.9555933684158303,0.04440663158416969,0.5194804804804805,0.48051951951951954,1007.7824454276945,97.25637636231441,0.023274869088213277,0.0026775379544981305,0.04329916708051646,0.03632306171381382
Dew,44.43809961072205,0.9553482046610936,0.0446517953389064,0.5184814814814815,0.48151851851851846,1007.5669366153154,97.53151882707883,0.023271999660024596,0.0026862946416886927,0.04329524541657932,0.036307081625925934
Dew,44.575508763097346,0.9551012425081298,0.04489875749187022,0.5174824824824825,0.4825175175175175,1007.3498053246942,97.80869953683569,0.023269107696295883,0.0026951152043240894,0.0432912949852843,0.036291101538038044
Bubble,44.60728407514475,0.9550440440440441,0.04495595595595592,0.5172521477620324,0.48274785223796757,1007.2994917235796,97.87277644618379,0.023268437259208203,0.002697154670121874,0.04329038003293294,0.036287417080816245
Dew,44.713840197492885,0.9548524592962812,0.04514754070371885,0.5164834834834835,0.4835165165165165,1007.1310307162697,98.08794469588585,0.023266192898495356,0.002704000449197113,0.04328731542414925,0.036275121450150154
Dew,44.853104802103005,0.9546018319367041,0.045398168063295885,0.5154844844844845,0.4845155155155155,1006.910591551297,98.36928100846214,0.02326325496225106,0.0027129511983105805,0.04328330636384272,0.036259141362262264
Dew,44.99331366189928,0.9543493369013395,0.045650663098660504,0.5144854854854856,0.48551451451451444,1006.6884661814761,98.65273569172535,0.023260293577197038,0.0027219682892694426,0.043279267428007515,0.03624316127437438
Dew,45.13447806353456,0.95409495021153,0.04590504978846999,0.5134864864864865,0.48651351351351346,1006.4646325382369,98.93833648906534,0.023257308426814238,0.0027310525756823563,0.043275198233078654,0.03622718118648649
Bubble,45.162119199162696,0.9540450450450451,0.04595495495495494,0.513291379752492,0.48670862024750805,1006.4206956349527,98.99422998185567,0.023256722147806205,0.0027328308678516047,0.04327439994504505,0.03622406023965884
Dew,45.2766095004619,0.9538386474262724,0.046161352573727554,0.5124874874874875,0.4875125125125125,1006.2390681216808,99.226111684003,0.023254299188266367,0.0027402049275809057,0.0432710983880954,0.0362112010985986
Dew,45.419719678177024,0.9535804036300282,0.04641959636997184,0.5114884884884885,0.4885115115115115,1006.0117499891136,99.51609011443442,0.023251265532229618,0.0027494262318493957,0.043266967494506293,0.03619522101071071
Dew,45.56382051965798,0.9533201934201924,0.04667980657980764,0.5104894894894895,0.48951051051051053,1005.7826547432373,99.80830118742568,0.02324820712271721,0.0027587173926709994,0.04326280514596874,0.03617924092282282
Dew,45.7089241709742,0.953057990894066,0.046942009105934046,0.5094904904904906,0.49050950950950944,1005.5517585198891,100.10277489447974,0.023245123616897227,0.002768079331988145,0.043258610928140574,0.036163260834934936
Bubble,45.71553209858369,0.9530460460460461,0.04695395395395385,0.509445161929253,0.49055483807074696,1005.5412386694418,100.11619053469404,0.023244983103632107,0.002768505815347336,0.04325841985715716,0.036162535754736526
Dew,45.85504300706869,0.9527937696354415,0.04720623036455851,0.5084914914914915,0.49150850850850847,1005.3190369753996,100.39954182728628,0.02324201466490469,0.002777512989977487,0.043254384418465484,0.036147280747047046
Dew,46.00218963779841,0.9525275027006823,0.047472497299317684,0.5074924924924925,0.4925075075075075,1005.0844652734851,100.69863319419456,0.02323887990964665,0.0027870193255461395,0.04325012518595039,0.03613130065915916
Dew,46.150376914100384,0.9522591626043294,0.04774083739567059,0.5064934934934935,0.4935065065065065,1004.8480180716814,101.00008083703483,0.02323571898660049,0.0027965993168388927,0.04324583279093512,0.036115320571271266
Bubble,46.267440377435946,0.9520470470470471,0.047952952952952876,0.5057092870933656,0.4942907129066344,1004.6610779964399,101.23838686104025,0.023233219109676913,0.0028041717884327573,0.043242439769269274,0.03610277632727418
Dew,46.2996179344156,0.9519887213042301,0.04801127869576993,0.5054944944944946,0.4945055055055054,1004.6096695073248,101.30391724866305,0.023232531523605254,0.002806253961766794,0.0432415067848546,0.03609934048338339
Dew,46.449926051330124,0.9517161501860885,0.04828384981391154,0.5044954954954955,0.49550450450450445,1004.369393182998,101.61017559111245,0.023229317140645127,0.0028159842785539747,0.043237146709991695,0.0360833603954955
Dew,46.60131487843455,0.9514414200475246,0.04855857995247537,0.5034964964964965,0.4965035035035035,1004.1271621514901,101.9188897143566,0.023226075449625495,0.0028257913063028614,0.04323275209922221,0.03606738030760761
Dew,46.7537982974453,0.9511645010815096,0.04883549891849037,0.5024974974974975,0.4975025025025025,1003.8829489001855,102.23009417580664,0.02322280605414055,0.0028356761055812717,0.04322832247574994,0.036051400219719726
Bubble,46.81788891197594,0.9510480480480481,0.0489519519519519,0.5020797548537398,0.4979202451462602,1003.7802338248684,102.36097471596375,0.02322143060578286,0.0028398328656855905,0.043226459681381384,0.03604471796661591
Dew,46.90739046555884,0.9508853628592361,0.04911463714076392,0.5014984984984985,0.4985015015015015,1003.6367253348966,102.54382426046129,0.023219508549232343,0.002845639759029183,0.04322385735283263,0.03603542013183183
Dew,47.06210582308279,0.9506039743123458,0.04939602568765422,0.5004994994994995,0.49950050050050054,1003.3884627631118,102.86011600183409,0.023216182521141368,0.002855683371988684,0.043219356233497715,0.036019440043943945
Dew,47.21795910132624,0.9503203037145166,0.04967969628548341,0.49950050050050054,0.5004994994994995,1003.1381318766086,103.17900620360801,0.02321282754704722,0.0028658080731558274,0.043214818610247785,0.03600345995605606
Bubble,47.36688127693935,0.9500490490490491,0.04995095095095092,0.4985527588963921,0.5014472411036079,1002.8987059427607,103.48397070733338,0.023209617559851712,0.0028754892929372293,0.043210479593493493,0.03598829978658258
Dew,47.374965330805665,0.9500343186623472,0.04996568133765272,0.4985015015015015,0.5014984984984985,1002.8857027334211,103.50053246217736,0.0232094431947999,0.0028760150152588536,0.04321024396475477,0.03598747986816817
Dew,47.53313984971471,0.9497459860555569,0.050254013944443086,0.49750250250250255,0.5024974974974974,1002.6311447391481,103.82473318993122,0.023206029022640965,0.0028863053757588485,0.043205631767543294,0.03597149978028028
Dew,47.692498312738465,0.9494552720764029,0.05054472792359715,0.49650350350350353,0.5034964964964965,1002.3744266275223,104.15164763950587,0.023202584578913714,0.0028966803575792197,0.043200981477661354,0.03595551969239239
Dew,47.8530567001676,0.9491621421683425,0.05083785783165754,0.4955045045045045,0.5044954954954954,1002.11551644026,104.48131592888184,0.023199109401762483,0.002907141189860613,0.04319629254233903,0.0359395396045045
Bubble,47.91442087165568,0.94905005005005,0.050949949949949946,0.49512467521139003,0.50487532478861,1002.0164940619474,104.60739030734265,0.023197779937973576,0.0029111412926860598,0.04319449950560561,0.03593346381714892
Dew,48.01483132738714,0.9488665610138773,0.05113343898612271,0.49450550550550554,0.5054944944944945,1001.8543815061357,104.81377906753602,0.023195603018820267,0.0029176891287472193,0.04319156439663409,0.03592355951661662
Dew,48.1778388547086,0.9485684925115073,0.05143150748849267,0.4935065065065065,0.5064934934934935,1001.5909884192164,105.14907898356134,0.023192064946883802,0.002928325458202127,0.04318679646306333,0.03590757942872873
Dew,48.34209629757669,0.9482678997518448,0.05173210024815526,0.49250750750750755,0.5074924924924924,1001.3253030162828,105.4872585518439,0.0231884946915762,0.002939051490854312,0.04318198815122049,0.03589159934084084
Bubble,48.460510935437895,0.9480510510510511,0.05194894894894886,0.49179205118912606,0.5082079488108739,1001.1335978245577,105.7312479400607,0.0231859177045741,0.002946789066015381,0.04317851941771771,0.03588015483002638
Dew,48.50762103715734,0.9479647449927302,0.052035255007269854,0.4915085085085085,0.5084914914914915,1001.0572903533247,105.82836162331546,0.023184891746995912,0.002949868568877863,0.043177138857378214,0.03587561925295296
Dew,48.67443083138073,0.9476589896333925,0.05234101036660753,0.49050950950950956,0.5094904904904904,1000.7869146811126,106.17243305549125,0.023181255595351582,0.002960778064909416,0.043172247964074706,0.03585963916506507
Dew,48.84254382636344,0.9473505941875675,0.052649405812432465,0.48951051051051053,0.5104894894894895,1000.5141394197861,106.51951874407982,0.023177585706582165,0.0029717813829979274,0.043167314839683744,0.03584365907717718
Bubble,49.005154561417285,0.9470520520520521,0.05294794794794788,0.4885515955093265,0.5114484044906735,1000.2500168088703,106.8555570616232,0.02317403082254692,0.0029824327943356282,0.04316253932982984,0.03582832017692674
Dew,49.011978568329155,0.9470395182555396,0.05296048174446039,0.4885115115115115,0.5114884884884885,1000.238927132413,106.86966565600177,0.023173881537961516,0.0029828799595963368,0.04316233883796744,0.03582767898928929
Dew,49.18275401599499,0.9467257204950209,0.053274279504979115,0.48751251251251254,0.5124874874874874,999.9612394974581,107.22292186372675,0.023170142533686638,0.002994075264592679,0.04315731929761041,0.0358116989014014
Dew,49.35488955341719,0.9464091585908575,0.053590841409142484,0.4865135135135135,0.5134864864864865,999.6810372801189,107.57933658091197,0.023166368124448687,0.003005368802380324,0.04315225554173521,0.03579571881351352
Dew,49.52840500344038,0.946089789223467,0.05391021077653306,0.48551451451451455,0.5144854854854854,999.3982803024712,107.93896019974854,0.02316255772698618,0.0030167621129788217,0.043147146877397506,0.03577973872562563
Bubble,49.548354709002915,0.9460530530530531,0.053946946946946905,0.4854001687543146,0.5145998312456854,999.3657505345948,107.9803302339689,0.02316211925337329,0.0030180726409746407,0.04314655924194195,0.035777909639410896
Dew,49.70332064161295,0.945767568035963,0.05423243196403709,0.4845155155155155,0.5154844844844845,999.112927412352,108.3018443296327,0.02315871074361907,0.003028256773194782,0.04314199259506007,0.03576375863773774
Dew,49.879657210753805,0.9454424495998622,0.054557550400137766,0.48351651651651656,0.5164834834834835,998.8249364509147,108.66804183768195,0.023154826561762917,0.003039854397837495,0.043136791968044354,0.035747778549849854
Dew,50.05743593607136,0.9451143873793755,0.05488561262062458,0.48251751751751754,0.5174824824824824,998.534264218814,109.0376068908216,0.0231509045534222,0.0030515566409817525,0.04313154425195923,0.035731798461961964
Bubble,50.09011421510821,0.9450540540540541,0.05494594594594593,0.48233477468419517,0.5176652253158048,998.4807984676403,109.10557919238627,0.023150182957229964,0.003053708752622896,0.043130579154054056,0.035728875289325855
Dew,50.23667854098231,0.94478333369411,0.05521666630588996,0.48151851851851857,0.5184814814814814,998.2408664409011,109.41059499985693,0.023146944074661342,0.0030633651972896553,0.04312624868410436,0.035715818374074074
Dew,50.41740726353987,0.9444492396801828,0.05555076031981716,0.48051951951951954,0.5194804804804805,997.9446977293926,109.78706306528002,0.023142944465052592,0.0030752818033845655,0.04312090448284817,0.03569983828618619
Dew,50.59964487363356,0.9441120552496168,0.05588794475038312,0.4795205205205205,0.5204794794794795,997.6457115454202,110.16706942526959,0.02313890504709947,0.0030873082392902035,0.04311551084697839,0.03568385819829829
Bubble,50.630435804217306,0.9440550550550552,0.05594494494494484,0.4793525521188718,0.5206474478811283,997.5951600244007,110.23131490757126,0.023138221893086217,0.0030893412606513466,0.043114599066166166,0.03568117135894869
Dew,50.78341469088727,0.9437717290479364,0.056228270952063626,0.47852152152152155,0.5214784784784785,997.3438601588449,110.5506739056798,0.023134825125633973,0.003099446329929374,0.043110066955023695,0.03566787811041041
Dew,50.968740603397,0.9434282084098483,0.05657179159015166,0.47752252252252253,0.5224774774774774,997.0390946062837,110.93793787241864,0.023130703987186974,0.003111697946693759,0.04310457196454477,0.03565189802252253
Dew,51.15564708725515,0.9430814393129597,0.05691856068704022,0.47652352352352356,0.5234764764764764,996.7313646472296,111.32892428607018,0.023126540899329515,0.003124065009080889,0.04309902501139403,0.03563591793463464
Bubble,51.16932209754897,0.9430560560560561,0.056943943943943864,0.47645076737624514,0.5235492326237549,996.7088345756632,111.35754764277345,0.023126236018792268,0.00312497028231743,0.04309861897827828,0.03563475412002715
Dew,51.344159226981034,0.9427313663293213,0.05726863367067874,0.47552452452452454,0.5244754754754755,996.4206187181371,111.72369775909962,0.023122335109983617,0.0031365494864080343,0.04309342520894046,0.03561993784674675
Dew,51.53430273686112,0.942377932574784,0.05762206742521601,0.47452552552552557,0.5254744744744744,996.1068038844021,112.12232461565547,0.023118085846701178,0.00314915339960366,0.0430877716472595,0.035603957758858856
Bubble,51.70677562124405,0.9420570570570571,0.05794294294294289,0.4736268072216832,0.5263731927783168,995.8218214501051,112.48428700617995,0.023114225291158374,0.003160595921861637,0.04308263889039039,0.03558958177099877
Dew,51.72610398329431,0.9420210796559629,0.05797892034403702,0.47352652652652655,0.5264734734734735,995.7898657900785,112.52487295424056,0.0231137923159086,0.0031618788230843146,0.04308206339228475,0.03558797767097097
Dew,51.919590008146706,0.9416607476147344,0.058339252385265584,0.4725275275275276,0.5274724724724724,995.4697486052331,112.93141271326813,0.023109453702115767,0.0031747278867176893,0.04307629948492005,0.03557199758308309
Dew,52.11478855322316,0.9412968748700293,0.058703125129970675,0.47152852852852856,0.5284714714714714,995.1463949707487,113.34201573981056,0.023105069167086493,0.003187702777880758,0.04307047894010848,0.0355560174951952
Bubble,52.24274979914249,0.9410580580580581,0.05894194194194191,0.4708781722868592,0.5291218277131409,994.9340945853644,113.61136408061866,0.02310218907735538,0.003196213266153673,0.0430666588025025,0.03554561433171783
Dew,52.31172808586666,0.940929398156906,0.059070601843093935,0.47052952952952953,0.5294704704704705,994.8197459405086,113.756755861576,0.023100637848969232,0.0032008057436142914,0.04306460074585768,0.03554003740730731
Dew,52.510437825835865,0.9405582524625812,0.05944174753741886,0.46953053053053057,0.5304694694694694,994.4897409207058,114.17570896254168,0.023096158861384337,0.00321403909288613,0.0430586638622167,0.03552405731941942
Dew,52.710947773427385,0.9401833709593704,0.05981662904062961,0.46853153153153154,0.5314684684684685,994.1563176062014,114.59895306215553,0.02309163129246675,0.003227405198961055,0.043052667220203185,0.03550807723153153
Bubble,52.77734016801176,0.9400590590590591,0.059940940940940934,0.4682024709247643,0.5317975290752357,994.0457013345492,114.73912422288403,0.023090128448941174,0.0032318318681119652,0.04305067871461462,0.03550281354515963
Dew,52.913288739020096,0.9398046849342552,0.06019531506574481,0.4675325325325326,0.5324674674674674,993.8194119136741,115.02656839861191,0.023087054203860025,0.003240906501891852,0.043046609720676844,0.035492097143643646
Dew,53.117492374039834,0.9394221237149321,0.060577876285067896,0.46653353353353355,0.5334664664664664,993.4789579114122,115.4586375162038,0.02308242662965956,0.0032545455111320145,0.04304049023315643,0.035476117055755756
Bubble,53.31050441266707,0.9390600600600602,0.06093993993993985,0.4655974134580668,0.5344025865419332,993.1566179271668,115.86741449520869,0.02307804282636166,0.003267447278739681,0.043034698626726736,0.03546114278541659
Dew,53.32359120352376,0.9390356145920966,0.06096438540790338,0.4655345345345346,0.5344654654654655,993.1348877455206,115.895245357263,0.023077747575301514,0.0032683248082848986,0.04303430759457664,0.035460136967867865
Dew,53.531618660310876,0.9386450827377143,0.06135491726228567,0.46453553553553556,0.5354644644644644,992.787131562315,116.33647935877228,0.023073016016394082,0.0032822470499921227,0.04302806060798075,0.035444156879979975
Dew,53.7416091209528,0.9382504511190671,0.06174954888093285,0.46353653653653654,0.5364634634634635,992.4356174266779,116.78242955392311,0.02306823089748746,0.0032963149709693794,0.0430217480411457,0.0354281767920921
Bubble,53.842244711634166,0.9380610610610611,0.06193893893893887,0.46306080680167944,0.5369391931983205,992.2668435317657,116.99624216369139,0.02306593216243556,0.003303059554558596,0.043018718538838846,0.03542056697168034
Dew,53.95359794355229,0.9378516404082439,0.062148359591756096,0.46253753753753757,0.5374624624624624,992.0802712360863,117.2331886792122,0.0230633911307784,0.003310531387206884,0.04301536862513432,0.03541219670420421
Dew,54.16762150753052,0.9374485688868234,0.06255143111317667,0.46153853853853855,0.5384614614614615,991.7210166300521,117.68885228709209,0.02305849559474518,0.003324899199335388,0.043008921052770516,0.03539621661631632
Bubble,54.37256317653606,0.9370620620620621,0.0629379379379379,0.4605905494236063,0.5394094505763938,991.3763772863817,118.12561403150953,0.023053796409201906,0.0033386687429039124,0.04300273845095095,0.03538105248763495
Dew,54.38371725554549,0.9370411523454436,0.06295884765455645,0.4605395395395396,0.5394604604604605,991.3577748946848,118.14951886481231,0.0230535431327085,0.0033394213961763027,0.043002403977032956,0.035380236528428435
Dew,54.60192373763167,0.9366293039778537,0.06337069602214629,0.45954054054054055,0.5404594594594594,990.9904648620155,118.61528995966219,0.023048532551313314,0.0033541010584824597,0.04299581600936015,0.035364256440540545
Dew,54.82228065775946,0.9362129342691224,0.06378706573087758,0.4585415415415416,0.5414584584584584,990.6190028037405,119.0862703111887,0.0230434626189258,0.0033689413628863424,0.04298915571786231,0.035348276352652655
Bubble,54.90146185643212,0.9360630630630631,0.06393693693693692,0.45818462662131126,0.5418153733786888,990.4852183003735,119.2555364698086,0.023041635517961293,0.0033742748825370404,0.04298675836306306,0.03534256710589716
Dew,55.04482892297127,0.935791950877631,0.06420804912236903,0.45754254254254256,0.5424574574574574,990.2433023190381,119.5625679908464,0.023038332063940493,0.003383945586069381,0.042982421625433684,0.035332296264764765
Dew,55.26961069522252,0.9353662585103438,0.06463374148965619,0.45654354354354354,0.5434564564564565,989.8632742159932,120.04429454945688,0.023033139572990607,0.0033991171091636977,0.042975612207757315,0.03531631617687688
Bubble,55.42894274173427,0.9350640640640641,0.06493593593593594,0.45584110609034423,0.5441588939096558,989.5933656560751,120.38601544616449,0.023029449439312975,0.0034098780042060546,0.042970778275175175,0.035305079917131756
Dew,55.496669446193884,0.9349357587909435,0.06506424120905648,0.45554454454454457,0.5444554554554555,989.4788263862215,120.53156517324813,0.023027883789055126,0.003414459422408864,0.04296872589119582,0.03530033608898899
Dew,55.72605001519822,0.9345003501203171,0.06549964987968289,0.45454554554554555,0.5454544544544544,989.089863672198,121.02449884884061,0.02302256330945527,0.0034299761300748653,0.042961761050559606,0.0352843560011011
Bubble,55.95500776771136,0.9340650650650651,0.06593493493493485,0.4535581337640734,0.5464418662359266,988.7008184102715,121.51705655064983,0.023017238123187896,0.0034454781311535304,0.04295479818728729,0.0352685612635035
Dew,55.95779867049246,0.9340599275288315,0.06594007247116851,0.4535465465465466,0.5464534534534534,988.6962877267675,121.5232185380772,0.02301717668373226,0.003445670955677571,0.04295471600674394,0.03526837591321322
Dew,56.19196317414281,0.9336143825197739,0.06638561748022606,0.45254754754754756,0.5474524524524524,988.2979968642551,122.02785136313885,0.02301172241139791,0.0034615477475001587,0.042947589024224554,0.03525239582532532
Dew,56.42859285080556,0.9331636029033965,0.06683639709660351,0.4515485485485486,0.5484514514514514,987.8948859025879,122.53852880299517,0.023006198939548382,0.003477610484451242,0.04294037830840302,0.03523641573743744
Bubble,56.47965881765263,0.9330660660660661,0.06693393393393388,0.45133392990330123,0.5486660700966988,987.8075755955224,122.64866501964644,0.0230050015188783,0.003481075279577535,0.04293881809939941,0.0352329826761262
Dew,56.66773866057872,0.9327074726207201,0.06729252737927997,0.45054954954954957,0.5494504504504505,987.4868459957192,123.05538690165524,0.02300060466033132,0.003493863282273996,0.0429330820027883,0.03522043564954955
Dew,56.909453276409174,0.9322458715564823,0.06775412844351775,0.4495505505505506,0.5504494494494494,987.073764455658,123.57856648961939,0.02299493790825469,0.003510310400147157,0.04292569818600465,0.03520445556166167
Bubble,57.00300930347228,0.9320670670670671,0.0679329329329329,0.44916678542578403,0.550833214574216,986.9136957580984,123.78127692866035,0.022992740962128763,0.00351668170880162,0.04292283801151152,0.035198316816349384
Dew,57.153798740117224,0.9317786753403435,0.06822132465965644,0.4485515515515516,0.5514484484484484,986.6555046057824,124.10823481008818,0.022989196492312867,0.003526956855592875,0.042918224868611674,0.03518847547377378
Dew,57.400808680305005,0.9313057551349339,0.0686942448650661,0.44755255255255255,0.5524474474474474,986.2320053670137,124.64447881410604,0.022983380018005376,0.0035438053924409267,0.04291065998971392,0.03517249538588589
Bubble,57.52484810443522,0.9310680680680681,0.06893193193193192,0.4470550584333331,0.552944941566667,986.0190645061002,124.91407754322704,0.022980453760125336,0.0035522741576418907,0.04290685792362363,0.03516453742020544
Dew,57.650564144085585,0.9308269774111293,0.06917302258887069,0.4465535535535536,0.5534464464464464,985.803081468508,125.18751933716926,0.0229774852339675,0.003560862567749942,0.04290300141336617,0.035156515297998
Dew,57.9031179571582,0.9303422037076916,0.06965779629230845,0.44555455455455456,0.5544454454454455,985.3686227943399,125.73749747293304,0.022971510678640863,0.0035781326812790743,0.04289524692472861,0.03514053521011012
Bubble,58.04527914848633,0.9300690690690692,0.06993093093093083,0.4449971709748391,0.555002829025161,985.1237351467729,126.04746329380067,0.02296814112594332,0.0035878637534160775,0.042890877835735745,0.03513161924663063
Dew,58.15853269864378,0.9298512903752143,0.07014870962478575,0.4445555555555556,0.5554444444444444,984.9284943522802,126.29458183113466,0.022965454351522363,0.003595620823998194,0.04288739422597097,0.03512455512222223
Dew,58.4168732396266,0.9293540883027268,0.07064591169727323,0.44355655655655657,0.5564434434434434,984.4825559712102,126.85894746979608,0.022959314174239274,0.003613332279812972,0.04287944093189926,0.03510857503433434
Bubble,58.56430420106364,0.9290700700700701,0.07092992992992986,0.4429916059661583,0.5570083940338417,984.2277066661784,127.18143854299652,0.022955803007497146,0.0036234504978621754,0.042874897747847855,0.03509953802819527
Dew,58.67820686320391,0.9288504426255575,0.07114955737444247,0.4425575575575576,0.5574424424424425,984.0306620231725,127.43077624064546,0.02295308798634048,0.0036312725358473197,0.04287138456528268,0.035092594946446454
Dew,58.94260339274371,0.9283401924126433,0.07165980758735667,0.4415585585585586,0.5584414414414414,983.572661125994,128.01025715846092,0.022946773540793875,0.003649447293435926,0.04286322255185188,0.03507661485855856
Bubble,59.081924991551546,0.9280710710710711,0.07192892892892888,0.44103690430063275,0.5589630956993672,983.3309780337885,128.3160074188687,0.02294343935223648,0.0036590343881864125,0.042858917659959965,0.03506827042488335
Dew,59.210135329171706,0.927823170331864,0.07217682966813604,0.4405595595595596,0.5594404404404404,983.1083958249031,128.59758679673362,0.022940368499163723,0.0036678624798975276,0.042854952214945535,0.03506063477067067
Dew,59.48087799789229,0.927299202291164,0.07270079770883596,0.4395605605605606,0.5604394394394394,982.6377022512604,129.19296971144612,0.022933870426441648,0.0036865242611426787,0.04284657076976969,0.03504465468278278
Bubble,59.598143215164576,0.9270720720720721,0.0729279279279279,0.43913166212050675,0.5608683378794932,982.4335482033082,129.45117383068995,0.022931050107164567,0.0036946154173671734,0.042842937572072075,0.03503779398044584
Dew,59.75490970631759,0.9267681070534399,0.07323189294656006,0.43856156156156156,0.5614384384384384,982.160409756347,129.79661889581814,0.02292727678549875,0.0037054390552000733,0.04283807531723753,0.03502867459489489
Dew,60.032311912981086,0.9262296958227512,0.07377030417724878,0.4375625625625626,0.5624374374374375,981.67634051798,130.4087562688877,0.022920584931125705,0.003724613546746289,0.04282946283735031,0.03501269450700701
Bubble,60.11296053464673,0.9260730730730731,0.07392692692692693,0.43727452824143265,0.5627254717585674,981.5354161134269,130.5869414836027,0.022918635218854937,0.003730193574436118,0.04282695748418419,0.03500808708120278
Dew,60.31320143292711,0.9256837717991091,0.07431622820089093,0.4365635635635636,0.5634364364364364,981.1852314250908,131.02970395245092,0.022913790289260494,0.0037440572958719756,0.04282073018207574,0.03499671441911912
Dew,60.59760681999737,0.9251301296996871,0.07486987030031285,0.4355645645645646,0.5644354354354354,980.6870346105328,131.65953399962999,0.02290689337869172,0.0037637727313826782,0.04281187406768917,0.03498073433123123
Bubble,60.626378581853224,0.9250740740740742,0.07492592592592584,0.4354642017199413,0.5645357982800587,980.6365806885083,131.72331389228188,0.022906194633466742,0.003765768844740024,0.0428109773962963,0.034979128917132354
Dew,60.88564848404282,0.9245685552411851,0.07543144475881486,0.4345655655655656,0.5654344344344344,980.1814788284137,132.29857874391251,0.022899889573013175,0.003783769730602346,0.04280289106649352,0.03496475424334335
Bubble,61.13839895916003,0.9240750750750751,0.07592492492492486,0.4336994295545688,0.5663005704454311,979.7370408392115,132.86029439346925,0.022893728296758453,0.0038013412101788996,0.04279499730840841,0.03495089944509784
Dew,61.17742254107817,0.9239988245822935,0.0760011754177065,0.4335665665665666,0.5664334334334333,979.6683528004936,132.947101745977,0.022892775720939146,0.003804056221102797,0.04279377759790083,0.034948774155455456
Dew,61.473029332387085,0.9234207037202485,0.07657929627975148,0.4325675675675676,0.5674324324324325,979.1474355730338,133.6053786032393,0.022885548524941377,0.0038246404895302,0.04278452991877948,0.03493279406756757
Bubble,61.64902324074859,0.9230760760760761,0.07692392392392389,0.43197900451236265,0.5680209954876374,978.8367954630612,133.99788615774932,0.022881236154100478,0.003836910649429862,0.04277901722052052,0.03492337935408021
Dew,61.77257369189903,0.9228339478376878,0.07716605216231219,0.43156856856856857,0.5684314314314314,978.6184958920545,134.27369772605195,0.022878204531740914,0.0038455312046567123,0.04277514411300644,0.03491681397967968
Dew,62.07616523577252,0.9222383005945484,0.07776169940545163,0.4305695695695696,0.5694304304304304,978.0812915259185,134.95236117905313,0.022870740121995362,0.0038667374423621468,0.04276561608014046,0.03490083389179179
Bubble,62.15825297378514,0.9220770770770771,0.07792292292292291,0.4303017630724183,0.5696982369275817,977.9358434449631,135.1360922003832,0.022868718150486474,0.003872477138151741,0.04276303713263264,0.03489655003228271
Dew,62.3839186766937,0.9216334933591833,0.07836650664081672,0.4295705705705706,0.5704294294294294,977.5355685296058,135.64168559504887,0.02286315149909504,0.0038882687127635156,0.042755941523122835,0.03488485380390391
Bubble,62.66599492226024,0.9210780780780782,0.07892192192192182,0.4286665834758829,0.5713334165241171,977.0341311172524,136.27451744424945,0.022856173001443318,0.00390802923700303,0.04274705704474475,0.03487039353593858
Dew,62.69595416535506,0.9210192443723254,0.0789807556276746,0.4285715715715716,0.5714284284284283,976.9810604445701,136.34200316872924,0.022855434676974252,0.003910134989708729,0.042746115934904155,0.03486887371601601
Dew,63.012397662192434,0.9203952578364588,0.07960474216354119,0.4275725725725726,0.5724274274274275,976.417487427029,137.0536627392999,0.022847585466828413,0.003932346742902585,0.042736134583877775,0.03485289362812813
Bubble,63.172431868195254,0.9200790790790792,0.07992092092092085,0.42707238389625424,0.5729276161037458,976.131757658491,137.41392261397854,0.022843602997510124,0.003943588644367152,0.04273107695685686,0.034844892560042875
Dew,63.33338134261692,0.9197612229223622,0.08023877707763781,0.4265735735735736,0.5734264264264264,975.8445552967919,137.77703097160997,0.02283959946261602,0.003954914972948543,0.0427259924979884,0.034836913540240246
Dew,63.65904403961346,0.9191168126833823,0.08088318731661773,0.4255745745745746,0.5744254254254254,975.2619544975332,138.5124936472224,0.022831472025206006,0.003977851249644345,0.04271568444736465,0.034820933452352355
Bubble,63.67747809594305,0.9190800800800801,0.08091991991991987,0.4255181206720541,0.5744818793279459,975.2286737401259,138.55394688442658,0.022831006955964454,0.003979144913219486,0.04271509686896897,0.03482003041008225
Dew,63.98953172796554,0.9184616828668328,0.0815383171331672,0.42457557557557557,0.5754244244244244,974.6693589583049,139.26045707803624,0.02282319826501377,0.004001167753904244,0.04270520492530615,0.034804953364464465
Bubble,64.1812565333163,0.9180810810810811,0.08191891891891889,0.42400278667074537,0.5759972133292546,974.3249462670926,139.69511481845387,0.02281838641446541,0.004014713012713329,0.042699116781081084,0.03479579097586391
Dew,64.32499805504213,0.9177954706102132,0.08220452938978688,0.4235765765765766,0.5764234234234233,974.0664248444895,140.02134965707506,0.022814773022945406,0.004024877323739574,0.04269454812742803,0.034788973276576575
Dew,64.66560492369618,0.9171177930083716,0.08288220699162835,0.4225775775775776,0.5774224224224225,973.4527891848655,140.7956235628877,0.022806190849445573,0.004048993504783682,0.04268370792874122,0.034772993188688685
Bubble,64.68353586556583,0.9170820820820821,0.08291791791791792,0.4225254096929863,0.5774745903070138,973.4204439077081,140.83643276103126,0.022805738268596883,0.004050264291954076,0.0426831366931932,0.03477215870598998
Dew,65.01152313378091,0.9164282455356864,0.0835717544643136,0.4215785785785786,0.5784214214214214,972.8280683594116,141.58375663683702,0.022797445981412853,0.004073530605930431,0.042672677858413395,0.0347570131008008
Bubble,65.18442942044034,0.9160830830830832,0.08391691691691683,0.4210850510124228,0.5789149489875772,972.5152279754705,141.9783803396881,0.02279306392436158,0.004085812421239915,0.04266715660530531,0.03474911858449981
Dew,65.36293308961412,0.9157264003048445,0.08427359969515548,0.4205795795795796,0.5794204204204204,972.1918564301859,142.38625445501813,0.022788532316711834,0.004098503760728545,0.04266145107191633,0.03474103301291292
Bubble,65.68393854755686,0.9150840840840841,0.08491591591591585,0.419680803941819,0.580319196058181,971.6092972589898,143.12095958130507,0.02278036332391006,0.004121357355469862,0.04265117651741742,0.03472665610793373
Dew,65.72002558189237,0.915011804141012,0.084988195858988,0.4195805805805806,0.5804194194194194,971.5437232949118,143.2036526200345,0.02277944338596975,0.004123928995276867,0.04265002032022004,0.03472505292502503
Dew,66.08300265392187,0.914283976447053,0.08571602355294705,0.4185815815815816,0.5814184184184183,970.8832126397662,144.0365193019136,0.02277017232129587,0.004149823303485105,0.042638377915644704,0.034709072837137145
Bubble,66.1820646718998,0.9140850850850851,0.08591491491491487,0.4183117924937345,0.5816882075062655,970.7026505913481,144.2641728434013,0.02276763641034923,0.00415689905987119,0.04263519642952953,0.03470475726390903
Dew,66.45207856358059,0.913542406831177,0.08645759316882297,0.41758258258258263,0.5824174174174174,970.2098396639423,144.88545806206488,0.022760711821503743,0.004176204730701046,0.042626515693912195,0.03469309274924925
Bubble,66.67880910716175,0.9130860860860861,0.0869139139139139,0.416977170103627,0.583022829896373,969.7952867445423,145.4080219983873,0.022754883125267404,0.004192437486458424,0.04261921634164165,0.03468340851069463
Dew,66.82748085428072,0.9127865524640829,0.08721344753591713,0.4165835835835836,0.5834164164164164,969.5230885442211,145.75111099970653,0.022751054113347578,0.0042030924668681625,0.04261442497187072,0.034677112661361364
Bubble,67.17417317630816,0.9120870870870871,0.08791291291291292,0.415676118415957,0.584323881584043,968.8872044975085,146.55250896511387,0.022742103410328136,0.004227972589277034,0.04260323625375376,0.03466259675779349
Dew,67.20945155049498,0.9120158351266745,0.08798416487332553,0.4155845845845846,0.5844154154154154,968.8224096021892,146.634162267025,0.02274119090819987,0.004230506950579153,0.042602096500269804,0.034661132573473474
Dew,67.59824849603943,0.911229637903154,0.08877036209684598,0.4145855855855856,0.5854144144144144,968.1072161305121,147.53534200718155,0.022731113353499796,0.004258469985622516,0.04258952041086265,0.03464515248558559
Bubble,67.66815824749509,0.9110880880880882,0.08891191191191183,0.4144078461297553,0.5855921538702447,967.9784026569795,147.69763588078652,0.022729297207760107,0.004263504329325171,0.04258725616586587,0.034642309347476176
Dew,67.99414685664041,0.9104273014657216,0.08957269853427839,0.4135865865865866,0.5864134134134134,967.3768808266043,148.45543077921369,0.022720811978179472,0.00428700487191209,0.042576686156975824,0.0346291723976977
Bubble,68.16076548740025,0.9100890890890891,0.08991091091091086,0.41317158790023656,0.5868284120997634,967.0688799159043,148.84340398325725,0.022716464457032494,0.004299032642246407,0.042571276077977976,0.034622534037210974
Dew,68.39744081206979,0.9096081198876744,0.09039188011232557,0.4125875875875876,0.5874124124124124,966.6307317728205,149.39526454512304,0.022710276631132262,0.004316136553021217,0.042563582446535235,0.03461319230980982
Bubble,68.65199621779499,0.9090900900900901,0.09090990990990988,0.41196660329333046,0.5880333967066695,966.1586350577865,149.98981523035664,0.022703605099651452,0.0043345574850132546,0.04255529599009009,0.03460325898294045
Dew,68.8084454681675,0.9087713359094153,0.09122866409058471,0.4115885885885886,0.5884114114114114,965.868047890532,150.355740309437,0.022699496411607307,0.004345891782984951,0.042550197166340606,0.03459721222192192
Bubble,69.14185168710179,0.9080910910910911,0.0919089089089089,0.41079217579022675,0.5892078242097732,965.2476668258001,151.13687126888146,0.022690719076087225,0.004370078806136575,0.0425393159022022,0.034584472723158045
Dew,69.22749902464423,0.9079161355675546,0.09208386443244546,0.41058958958958963,0.5894104104104103,965.088053781605,151.33782251822416,0.022688459590200313,0.004376299315526154,0.04253651729615216,0.03458123213403403
Bubble,69.63033312587599,0.9070920920920922,0.09290790790790782,0.4096476118390682,0.5903523881609318,964.3359739544909,152.284573687795,0.022677806326517627,0.004405596552930413,0.04252333581431432,0.03456616416373893
Dew,69.6549652419752,0.9070416420789531,0.09295835792104687,0.4095905905905906,0.5904094094094094,964.2899138531828,152.3425503466852,0.02267715351884078,0.004407390119513699,0.04252252881085914,0.03456525204614615
Dew,70.0912362595348,0.9061469088493568,0.09385309115064318,0.40859159159159164,0.5914084084084084,963.4727256002949,153.37104603087977,0.022665564527846346,0.004439197625240254,0.042508216568645195,0.03454927195825826
Bubble,70.11744174712975,0.9060930930930932,0.09390690690690684,0.4085322399512609,0.591467760048739,963.423555169925,153.43292402207013,0.022664866790831063,0.004441110671585547,0.04250735572642643,0.03454832256348436
Dew,70.53673582811186,0.9052309114484646,0.09476908855153547,0.4075925925925926,0.5924074074074074,962.6355118940161,154.42452443204058,0.022653677807702447,0.00447175800707656,0.042493564182620784,0.034533291870370374
Bubble,70.60317874653686,0.9050940940940941,0.09490590590590586,0.407445409840032,0.592554590159968,962.5104091897642,154.58192375602235,0.022651900408627697,0.004476621107230533,0.04249137563853854,0.034530937520342135
Dew,70.9919230342013,0.9042925383581752,0.09570746164182471,0.4065935935935936,0.5934064064064064,961.7772120890761,155.50430406454524,0.022641477272704845,0.004505110509314448,0.042478553872831205,0.03451731178248248
Bubble,71.08754530268644,0.9040950950950951,0.09590490490490489,0.40638649159881046,0.5936135084011895,961.5965347233732,155.73157432661972,0.022638907119221473,0.004512127803994521,0.042475395550650656,0.034513998958263736
Dew,71.45729661063719,0.9033305802566767,0.09666941974332335,0.4055945945945946,0.5944054054054053,960.8966717225173,156.61181987007424,0.022628945402952582,0.004539297823527517,0.042463166294843833,0.0345013316945946
Bubble,71.57054257730961,0.9030960960960961,0.09690390390390391,0.40535487491744754,0.5946451250825524,960.6819304719112,156.8818771266231,0.022625886861641718,0.0045476307050670945,0.042459415462762766,0.034497497114666986
Dew,71.9333999508987,0.9023437175447415,0.09765628245525854,0.4045955955955956,0.5954044044044045,959.9926305206128,157.74863808862415,0.022616063060340443,0.004574366527785241,0.042447380340217444,0.03448535160670671
Bubble,72.05217171544751,0.9020970970970972,0.09790290290290282,0.40434996833415754,0.5956500316658424,959.7665951283973,158.03283350740048,0.022612839574634138,0.004583129752750736,0.04244343537487488,0.03448142252847002
Dew,72.42082697296655,0.9013305057483816,0.09866949425161843,0.40359659659659664,0.5964034034034034,959.0637083619132,158.91647366260173,0.022602809273133868,0.004610367600576646,0.04243117290300169,0.03446937151881882
Bubble,72.53243384565344,0.9010980980980982,0.09890190190190185,0.4033711985213785,0.5966288014786215,958.8505273777938,159.18444478176008,0.022599765196662285,0.004618624888515582,0.04242745528698699,0.03446576602866783
Dew,72.92022901584856,0.9002893583383178,0.09971064166168216,0.4025975975975976,0.5974024024024024,958.1083887541159,160.1172107218539,0.022589160982321683,0.004647357025587524,0.042414518604915574,0.03445339143093094
Bubble,73.01133008015911,0.9000990990990991,0.09990090090090087,0.40241800960368407,0.597581990396316,957.9337258970664,160.33671222653024,0.022586663665908384,0.004654116053048684,0.04241147519909911,0.034450518723421496
Dew,73.43232300034256,0.8992185263845356,0.10078147361546443,0.40159859859859864,0.5984014014014014,957.1249992650023,161.3529268427946,0.022575092741134926,0.0046853965077543695,0.04239738946989967,0.034437411343043046
Bubble,73.48886151501303,0.8991001001001001,0.10089989989989989,0.4014898625062392,0.5985101374937608,957.0161893552382,161.4896370850366,0.022573534920274144,0.004689603186301676,0.04239549511121122,0.034435671989636055
Dew,73.95790114991624,0.8981160743026948,0.10188392569730517,0.4005995995995996,0.5994004004004003,956.1116881923302,162.62592196770268,0.02256057635672925,0.004724554326698628,0.04237975453615334,0.034421431255155156
Bubble,73.96502923024696,0.8981011011011012,0.1018988988988988,0.4005862343319321,0.5994137656680679,956.0979164134537,162.64322056943755,0.022560378897381685,0.004725086227536253,0.04237951502332333,0.03442121746299702
Bubble,74.43983428998342,0.8971021021021022,0.10289789789789783,0.39970661776615457,0.6002933822338454,955.1789057250148,163.7974638629731,0.02254719553457389,0.004760565115368005,0.04236353493543544,0.034407147028449186
Dew,74.49784265241303,0.8969798507333047,0.10302014926669537,0.3996006006006006,0.6003993993993995,955.0663965507093,163.9387531249377,0.02254558045985091,0.004764906361143901,0.04236157939031502,0.03440545116726727
Bubble,74.91327774257839,0.8961031031031031,0.10389689689689685,0.3988505205073417,0.6011494794926583,954.2591559354368,164.95236812207375,0.02253398476891518,0.004796039787808036,0.04234755484754755,0.034393452811087494
Dew,75.05312775890901,0.895807453303715,0.10419254669628498,0.39860160160160163,0.6013983983983984,953.986824174055,165.2942764379225,0.022530069984007656,0.004806537328136933,0.04234282560379155,0.03438947107937938
Bubble,75.38536062072689,0.8951041041041041,0.10489589589589587,0.39801746472238486,0.6019825352776151,953.3386656824756,166.10793447840672,0.022520746537191667,0.0048315101823036,0.042331574759659665,0.03438012716744574
Dew,75.62485497218563,0.8945961856249102,0.10540381437508982,0.3976026026026026,0.6023973973973974,952.8703883513405,166.69569837989368,0.022514005529819355,0.004849542294704836,0.04232345004487462,0.03437349099149149
Bubble,75.85608394156628,0.8941051051051051,0.1058948948948949,0.3972069865253705,0.6027930134746295,952.4174335961754,167.26416404076969,0.022507480775911713,0.004866976235775752,0.042315594671771775,0.03436716267715848
Dew,76.21426219504123,0.8933430043223817,0.10665699567761829,0.39660360360360364,0.6033963963963964,951.7141728846952,168.14663888580287,0.022497342582108778,0.004894028538841756,0.04230340403144125,0.03435751090360361
Bubble,76.32544870678846,0.8931061061061062,0.10689389389389381,0.3964186354786872,0.6035813645213128,951.4954582988968,168.42105789699187,0.022494187421306093,0.004902437884658129,0.042299614583883885,0.034354552134980634
Bubble,76.79345590271724,0.8921071071071072,0.10789289289289283,0.39565197411528313,0.6043480258847169,950.5727384053416,169.578617115639,0.02248086640932806,0.00493789506493113,0.042283634495995995,0.034342288543145486
Dew,76.82275301189657,0.8920444531247592,0.10795554687524075,0.3956046046046046,0.6043953953953953,950.5148647187473,169.65120984464644,0.022480030535944877,0.00494011786355805,0.042282632276628956,0.03434153081571571
Bubble,77.26010633818083,0.8911081081081081,0.10889189189189186,0.39490657748109204,0.605093422518908,949.6492724225241,170.73684187357742,0.022467517673286242,0.0049733476866943875,0.04226765440810811,0.0343303651040453
Dew,77.45192971141329,0.8906965799161464,0.10930342008385359,0.39460560560560565,0.6053943943943944,949.2686742295075,171.21411380181115,0.022462011471643294,0.004987949506167932,0.042261071561996676,0.03432555072782783
Bubble,77.72540126862174,0.8901091091091091,0.10989089089089088,0.3941820326965934,0.6058179673034065,948.7250591342898,171.89573481153974,0.022454141152940345,0.005008795731886539,0.04225167432022023,0.034318775213217974
Dew,78.10363528473901,0.8892948310500742,0.11070516894992581,0.3936066066066066,0.6063933933933934,947.9712337300672,172.84076958793955,0.022443218595275895,0.005037683840518096,0.04223864904696009,0.03430957063993994
Bubble,78.18934149380242,0.8891101101101102,0.11088988988988979,0.3934779385366639,0.6065220614633361,947.8000970458579,173.05529619649116,0.02244073678136197,0.005044239113385306,0.04223569423233234,0.034307512452626324
Bubble,78.65192793891661,0.8881111111111112,0.11188888888888882,0.3927939050277776,0.6072060949722224,946.8743847412164,174.21552703296013,0.022427304493387066,0.0050796777655997966,0.04221971414444445,0.034296570584214835
Dew,78.7800075615597,0.8878339147918672,0.11216608520813279,0.3926076076076076,0.6073923923923924,946.617466468548,174.53747438393046,0.022423574226582157,0.005089507152043796,0.04221528008440219,0.03429359055205205
Bubble,79.11289413601283,0.8871121121121122,0.11288788788788784,0.39212955301670804,0.607870446983292,945.9477534777368,175.3749439378551,0.02241384025901801,0.005115068328740995,0.04220373405655656,0.03428594354301056
Dew,79.48355004168792,0.8863076221057619,0.1136923778942381,0.39160860860860863,0.6083913913913914,945.2014149620142,176.31161593636233,0.02240298716397777,0.0051436378892481096,0.042190865353965976,0.03427761046416417
Bubble,79.57275521111451,0.8861131131131131,0.11388688688688686,0.3914845139720161,0.6085154860279839,945.0205229667123,176.5363891060701,0.022400351620248497,0.005150493590445832,0.042187753968668674,0.034275625433947764
Bubble,80.03157403135566,0.8851141141141141,0.11488588588588589,0.3908584294435763,0.6091415705564237,944.0927325150714,177.70024845691077,0.022386839481403197,0.00518596475426814,0.042171773880780784,0.03426561052322239
Dew,80.21732146329221,0.8847085872667774,0.11529141273322263,0.3906096096096096,0.6093903903903903,943.7158224602241,178.17223458420898,0.022381344676406595,0.005200343142677194,0.042165287032778095,0.034261630376276275
Bubble,80.48875436985224,0.8841151151151152,0.1158848848848848,0.3902509506414007,0.6097490493585993,943.1640050737741,178.86316729891786,0.02237329487157667,0.005221383838683779,0.042155793792892894,0.03425589323155491
Bubble,80.94458533873669,0.8831161161161162,0.11688388388388382,0.38966173841302687,0.6103382615869731,942.2345202285388,180.02676052014493,0.02235972201549216,0.005256797863552962,0.042139813705005004,0.034246468133828624
Dew,80.98474440911652,0.8830279615918012,0.11697203840819884,0.38961061061061064,0.6103893893893894,942.1524634222998,180.12947175641486,0.02235852294958665,0.005259922654103929,0.04213840357641861,0.03424565028838839
Bubble,81.39906777502293,0.8821171171171172,0.11788288288288284,0.3890904627090455,0.6109095372909545,941.3042765188078,181.19102908126345,0.02234612084633025,0.005292206762122371,0.04212383361711712,0.034237329950540164
Dew,81.79021296155977,0.8812549583128507,0.11874504168714926,0.3886116116116116,0.6113883883883884,940.5008439111938,182.19636296204516,0.022334359916188647,0.005322761273913211,0.04211004243866819,0.03422967020050051
Bubble,81.85220250115938,0.8811181181181181,0.11888188188188187,0.38853680233399346,0.6114631976660065,940.373272476597,182.35597393953012,0.022332491296993693,0.005327610467527918,0.04210785352922923,0.034228473543814794
Bubble,82.3039903250625,0.8801191191191192,0.11988088088088078,0.38800044465607153,0.6119995553439285,939.4415066264946,183.5215960498664,0.022318833300106904,0.0053630089128189375,0.04209187344134135,0.034219893912762984
Dew,82.63909551117366,0.8793762003378981,0.12062379966210186,0.38761261261261265,0.6123873873873873,938.7480918899931,184.38886601387304,0.022308657867093278,0.005389329984779967,0.04207998963822506,0.03421369011261261
Bubble,82.75443201809296,0.8791201201201202,0.1208798798798798,0.38748108532825404,0.612518914671746,938.5089774714538,184.68789623381383,0.02230514678767775,0.005398402027120629,0.04207589335345345,0.03421158618901929
Bubble,83.20352839995746,0.8781211211211212,0.12187887887887883,0.38697842802012533,0.6130215719798746,937.5756835473954,185.8548756872232,0.02229143169239458,0.0054337897504661585,0.04205991326556556,0.03420354563245273
Dew,83.53817692249922,0.8773747552599717,0.12262524474002832,0.3866136136136136,0.6133863863863864,936.8779069009682,186.72718606887761,0.022281166262915573,0.005460224849379536,0.04204797432261404,0.03419771002472473
Bubble,83.65128021625651,0.8771221221221221,0.12287787787787785,0.3864921841601337,0.6135078158398664,936.6416233444739,187.02253525165048,0.022277687945754885,0.00546917201249615,0.04204393317767768,0.03419576762704392
Bubble,84.09768821730275,0.8761231231231231,0.12387687687687687,0.3860220726875623,0.6139779273124377,935.7067953576785,188.19087588363877,0.02226391547926701,0.0055045487461674565,0.04202795308978979,0.03418824767691751
Dew,84.49624766432854,0.8752286520848976,0.12477134791510233,0.38561461461461466,0.6143853853853853,934.8691284267757,189.2375487033711,0.02225155964212988,0.005536219174777174,0.042013645041615234,0.034181729936836845
Bubble,84.5427531934635,0.8751241241241242,0.12487587587587579,0.3855678198141365,0.6144321801858634,934.7711981101357,189.35989887967767,0.02225011422500481,0.005539919894332457,0.04201197300190191,0.03418098140252891
Bubble,84.98647576665336,0.8741251251251252,0.1258748748748748,0.3851291587944777,0.6148708412055224,933.8348300169579,190.52960458748703,0.02223628411236678,0.0055752853720335595,0.04199599291401402,0.03417396453699234
Bubble,85.42885669156128,0.8731261261261262,0.12687387387387383,0.3847058297052604,0.6152941702947397,932.897689581703,191.69999426526815,0.02222242507275074,0.005610645120886051,0.04198001282612614,0.03416719292254832
Dew,85.52505194789823,0.8729084924315209,0.12709150756847903,0.38461561561561564,0.6153843843843844,932.6934298697198,191.95505569983996,0.022219402026454324,0.0056183475131819805,0.04197653153578386,0.03416574984894895
Bubble,85.86989666199091,0.8721271271271271,0.12787287287287286,0.3842975792326103,0.6157024207673897,931.9597752701371,192.87106888995746,0.022208537036549438,0.005645999074213403,0.04196403273823824,0.03416066250716276
Bubble,86.30959635773618,0.8711281281281281,0.12887187187187188,0.3839041604673437,0.6160958395326563,931.0210855407515,194.04282944593567,0.022194619933876135,0.005681347165487565,0.04194805265035035,0.034154369341251684
Dew,86.6409052694024,0.8703733720325317,0.12962662796746827,0.3836166166166166,0.6163833833833834,930.3113809700087,194.92856089551313,0.022184086127058182,0.005708049051556959,0.04193597949636958,0.034149769761061065
Bubble,86.74795644460907,0.8701291291291292,0.1298708708708708,0.3835253327078658,0.6164746672921342,930.0816188447471,195.21527692595166,0.022180673694563693,0.00571668932835157,0.041932072562462466,0.034148309574528295
Bubble,87.1849775745267,0.8691301301301302,0.13086986986986981,0.38316086127022475,0.6168391387297752,929.1413736260815,196.38841233220407,0.022166698248165164,0.0057520254966471505,0.04191609247457458,0.03414247945296464
Bubble,87.62066038554295,0.8681311311311312,0.13186886886886884,0.382810517305073,0.617189482694927,928.2003483214676,197.56223667719146,0.022152693523953246,0.0057873556044358496,0.04190011238668669,0.03413687531586368
Dew,87.86766941526909,0.8675633717244046,0.13243662827559544,0.38261761761761764,0.6173823823823823,927.6651987397686,198.22964501158017,0.022144721406107314,0.005807431489723368,0.04189103045044075,0.03413378967317317
Bubble,88.05500550191954,0.8671321321321321,0.13286786786786786,0.3824740776213657,0.6175259223786342,927.2585413603996,198.7367509847526,0.02213865945092033,0.005822679586025605,0.0418841322987988,0.034131493593039124
Bubble,88.48801353416583,0.8661331331331332,0.13386686686686677,0.3821513245163075,0.6178486754836925,926.315951165161,199.9119562909162,0.022124595957778177,0.005857997375992202,0.04186815221091091,0.03412633080209531
Bubble,88.91968507912595,0.8651341341341342,0.1348658658658658,0.3818420456114397,0.6181579543885602,925.3725761508622,201.08785364493923,0.022110502972958277,0.005893308909206315,0.04185217212302302,0.03412138354580514
Dew,89.24283424432595,0.8643842520787643,0.13561574792123565,0.3816186186186186,0.6183813813813814,924.663931065781,201.97097656327387,0.022099904895464716,0.005919810767992041,0.04184017693467713,0.034117809585285284
Bubble,89.3500207199933,0.8641351351351352,0.13586486486486482,0.381546033694608,0.6184539663053921,924.428414725432,202.26444411007964,0.02209638042461113,0.005928614120852748,0.04183619203513514,0.03411664850958232
Bubble,89.77902102641025,0.8631361361361362,0.13686386386386384,0.3812630865674452,0.6187369134325549,923.4834652896674,203.44172876463864,0.022082228240606856,0.0059639129464580075,0.04182021194724725,0.034112122459041515
Bubble,90.20668655449788,0.8621371371371371,0.13786286286286287,0.38099300689826865,0.6190069931017314,922.5377262372305,204.61970870273194,0.022068046348534633,0.005999205321909879,0.04180423185935936,0.034107802237645396
Bubble,90.633017846936,0.8611381381381382,0.13886186186186178,0.3807356020801666,0.6192643979198333,921.5911959546879,205.79838503527742,0.02205383467570307,0.006034491183483399,0.041788251771471475,0.03410368476443455
Dew,90.83176420916149,0.860671349134533,0.139328650865467,0.38061961961961965,0.6193803803803803,921.1486561000402,206.34936108323717,0.022047184053816976,0.006050976270906094,0.0417807849678909,0.0341018294973974
Bubble,91.0580154330021,0.8601391391391392,0.1398608608608608,0.3804906840939223,0.6195093159060777,920.6438728215157,206.97775889074202,0.022039593149139808,0.006069770467860152,0.04177227168358359,0.03409976703183479
Bubble,91.48167982864464,0.8591401401401402,0.14085985985985983,0.3802580693758313,0.6197419306241687,919.695755210135,208.1578314160908,0.02202532169559182,0.006105043112153178,0.0417562915956957,0.034096046103542735
Bubble,91.90401153654918,0.8581411411411412,0.14185885885885885,0.3800375786898913,0.6199624213101087,918.7468414859367,209.33860377760308,0.02201102024152548,0.006140309053928598,0.04174031150780781,0.034092519112481366
Bubble,92.32501104618031,0.8571421421421422,0.14285785785785776,0.37982903700453585,0.6201709629954641,917.7971300072903,210.52007716164852,0.02199668871312622,0.006175568231225634,0.04172433141991992,0.03408918325882826
Bubble,92.74467883386666,0.8561431431431432,0.14385685685685679,0.3796322733734313,0.6203677266265687,916.8466191255899,211.70225277557668,0.021982327036299112,0.006210820582580469,0.04170835133203203,0.03408603580810875
Dew,92.77023828572852,0.8560820593481493,0.14391794065185073,0.37962062062062063,0.6203793793793794,916.788568522624,211.7743865386758,0.021981450174183237,0.006212970784280749,0.041707374229538935,0.03408584940950951
Bubble,93.16301536282907,0.8551441441441442,0.1448558558558558,0.3794471208203908,0.6205528791796092,915.8953071852529,212.88513184838385,0.021967935136668292,0.006246066047043359,0.04169237124414415,0.03408307408935505
Bubble,93.58002108328536,0.8541451451451452,0.14585485485485483,0.3792734162281329,0.6207265837718672,914.943192523775,214.06871563165393,0.02195351293957774,0.006281304564203972,0.04167639115625626,0.034080295493326834
Bubble,93.99569643247501,0.8531461461461461,0.14685385385385386,0.3791110002307395,0.6208889997692605,913.9902734717324,215.25300540016272,0.021939060370090795,0.006316536074206974,0.04166041106836837,0.03407769747079094
Bubble,94.41004183473963,0.8521471471471472,0.14785285285285277,0.37895971710969184,0.6210402828903081,913.0365483528184,216.4380024526675,0.021924577352990502,0.006351760517773118,0.04164443098048048,0.034075277530858344
Bubble,94.82305770158293,0.8511481481481482,0.1488518518518518,0.3788194146934242,0.6211805853065758,912.0820154838744,217.6237081126471,0.021910063812779813,0.006386977836218702,0.041628450892592594,0.03407303323937748
Bubble,95.23474443172249,0.8501491491491492,0.14985085085085081,0.37868994426004654,0.6213100557399535,911.1266731749005,218.81012372890103,0.021895519673681297,0.00642218797147136,0.041612470804704704,0.03407096221737813
Dew,95.46643139153255,0.8495855123236516,0.15041448767634832,0.37862162162162166,0.6213783783783784,910.5873121372824,219.47981386616598,0.021887300374820222,0.006442050358170244,0.041603454813680364,0.03406986932162162
Bubble,95.64510241116815,0.8491501501501502,0.15084984984984984,0.3785711604433282,0.6214288395566718,910.1705197291029,219.99725067627273,0.021880944859637767,0.006457390866089319,0.041596490716816814,0.03406906213956752
Bubble,96.05413201326337,0.8481511511511511,0.15184884884884886,0.37846292114175717,0.6215370788582428,909.2135534429029,221.18509035622614,0.021866339294311917,0.006492586463276328,0.041580510628928924,0.03406733073287566
Bubble,96.46183359875066,0.8471521521521522,0.15284784784784777,0.3783650874304575,0.6216349125695425,908.2557726059684,222.37364419741118,0.02185170290108658,0.006527774706896594,0.04156453054104105,0.034065765775046344
Bubble,96.86820751584607,0.8461531531531532,0.1538468468468468,0.3782775234759999,0.6217224765240001,907.2971755012509,223.56291365628638,0.021837035603065068,0.006562955541491244,0.04154855045315316,0.03406436509327444
Bubble,97.27325410026526,0.8451541541541542,0.15484584584584582,0.37820009645388736,0.6217999035461126,906.3377604049855,224.7529002174845,0.02182233732307063,0.0065981289122874365,0.04153257036526527,0.03406312656288603
Bubble,97.67697367530468,0.8441551551551552,0.15584484484484484,0.3781326764687386,0.6218673235312614,905.3775255867379,225.94360539439054,0.02180760798364704,0.006633294765213553,0.04151659027737738,0.03406204810606159
Bubble,98.07936732765944,0.8431561561561562,0.15684384384384376,0.3780751364768194,0.6219248635231807,904.4164698797834,227.13503716098077,0.02179284752080193,0.0066684532357302205,0.041500610189489494,0.03406112769059685
Bubble,98.48043391900767,0.8421571571571572,0.15784284284284278,0.37802735221119815,0.6219726477888019,903.4545904863779,228.32718524488436,0.021778055831128115,0.006703603923462957,0.04148463010160161,0.03406036332870555
Bubble,98.88017429973276,0.8411581581581582,0.1588418418418418,0.37798920210912496,0.6220107978908751,902.4918860685616,229.5200558585835,0.021763232846261134,0.006738746911858027,0.04146865001371372,0.03405975307585778
Bubble,98.89632380462162,0.5104894894894895,0.48951051051051053,0.49453326768822264,0.5054667323117775,322.13885912041366,305.686319370571,0.008903969538984991,0.008509249769220219,0.03617924092282282,0.035924003603267585
Bubble,99.27858842596277,0.8401591591591592,0.15984084084084083,0.3779605672415979,0.6220394327584021,901.5283546321976,230.71364790068978,0.021748378481901542,0.006773882069485632,0.04145266992582583,0.034059295029653325
Bubble,99.67567820445072,0.8391601601601602,0.16083983983983985,0.3779413312452869,0.6220586687547132,900.5639956377581,231.90797708610785,0.021733492688724237,0.006809009758504074,0.04143668983793794,0.03405898732873274
Bubble,100.07144201758956,0.8381611611611612,0.16183883883883876,0.37793138025628453,0.6220686197437155,899.5988059267073,233.10302918406268,0.021718575354098567,0.00684412946169751,0.04142070975005005,0.034058828151717555
Bubble,100.46588076772886,0.8371621621621622,0.16283783783783778,0.37793060284612484,0.6220693971538751,898.6327842168057,234.29881158945065,0.02170362641053599,0.006879241296640184,0.04140472966216217,0.0340588157161869
Bubble,100.85899468403375,0.8361631631631632,0.1638368368368368,0.3779388899594733,0.6220611100405267,897.6659287277881,235.49532609229553,0.02168864577841086,0.006914345216191503,0.041388749574274276,0.034058948277680724
Bubble,101.17085305481004,0.5094904904904906,0.49050950950950944,0.5046189749112462,0.49538102508875387,332.2893108942332,327.09882718288753,0.009188588175467586,0.009064591526832954,0.036163260834934936,0.03608533558457779
Bubble,101.22932602811132,0.5074924924924925,0.4925075075075075,0.486961826791584,0.513038173208416,330.33285637596157,309.0445185958904,0.009142567534230832,0.008631831618245643,0.03613130065915916,0.03580289007754086
Bubble,101.25078398405931,0.8351641641641642,0.16483583583583583,0.3779561348538425,0.6220438651461575,896.6982376732141,236.6925745173737,0.02167363337782525,0.006949441174077648,0.041372769486386386,0.03405922412873555
Bubble,101.36138262659608,0.5044954954954955,0.49550450450450445,0.49153212314019623,0.5084678768598037,327.6680119395535,314.1861905068711,0.009080861880604064,0.008757559840106574,0.0360833603954955,0.03587599699496289
Bubble,101.64124887381544,0.8341651651651653,0.16583483483483474,0.3779822330411128,0.6220177669588872,895.7297092605066,237.89055872446266,0.02165858912860937,0.006984529124898023,0.041356789398498496,0.03405964159794895
Bubble,101.84906158943713,0.5014984984984985,0.4985015015015015,0.49250000910263003,0.50749999089737,326.75389220444293,317.3855024781755,0.009067575485704006,0.008842920599060795,0.03603542013183183,0.03589147939560658
Bubble,101.95346718705837,0.5034964964964965,0.4965035035035035,0.4901828926071807,0.5098171073928193,329.41479350307986,315.54575088018396,0.009133316328871193,0.008800750330978513,0.03606738030760761,0.035854414568433725
Bubble,102.03038954783686,0.8331661661661662,0.16683383383383377,0.37801708223062064,0.6219829177693794,894.7603416909863,239.08928060847148,0.021643512950321832,0.0070196090241288565,0.04134080931061062,0.034060199049069234
Bubble,102.03935252933582,0.4985015015015015,0.5014984984984985,0.49433988657960964,0.5056601134203904,324.46418883175863,320.1321113413779,0.009016029742020234,0.008912138056267288,0.03598747986816817,0.035920910259716096
Bubble,102.22044965596096,0.5024974974974975,0.4975025025025025,0.48994421962994944,0.5100557803700505,329.5965374242811,316.5139126171993,0.009142405992985408,0.008828693005771165,0.036051400219719726,0.03585059673162263
Bubble,102.33660209851635,0.5004994994994995,0.49950050050050054,0.4920294287501517,0.5079705712498483,327.9859617056634,319.1504197345959,0.00910580401320838,0.008893959623558613,0.036019440043943945,0.03588395194523031
Bubble,102.41820518444521,0.8321671671671672,0.1678328328328328,0.37806058227406053,0.6219394177259394,893.7901323902701,240.28873287085977,0.021628404743625988,0.007054680557179032,0.04132482922272273,0.0340608948801141
Bubble,102.68334936269547,0.49750250250250255,0.5024974974974974,0.49336805023465585,0.5066319497653442,326.41871300121176,322.10397888104706,0.009074370404209718,0.008970915122466352,0.03597149978028028,0.03590536466835858
Bubble,102.74021163509738,0.49950050050050054,0.5004994994994995,0.4912174993331,0.5087825006668999,328.8094970967785,320.16253817106605,0.009132719396916468,0.008925395370453722,0.03600345995605606,0.0358709642410822
Bubble,102.80469782108747,0.8311681681681682,0.1688318318318318,0.37811263511188825,0.6218873648881118,892.8190809733476,241.488934513441,0.021613264462031524,0.00708974418146665,0.04130884913483484,0.03406172752251328
Bubble,103.18986753723814,0.8301691691691692,0.16983083083083084,0.3781731447213331,0.6218268552786669,891.847185568348,242.68988700002274,0.0215980920229685,0.007124799839329739,0.041292869046946956,0.03406269544027691
Bubble,103.43812603904063,0.49650350350350353,0.5034964964964965,0.4921625987189669,0.5078374012810332,328.8580899247322,324.31426440105065,0.009146247717685284,0.009037327147814805,0.03595551969239239,0.03588608214536847
Bubble,103.57371299343562,0.8291701701701703,0.17082982982982975,0.3782420170658258,0.6217579829341742,890.8744432061499,243.89157851072443,0.02158288731715642,0.007159847082982785,0.041276888959059066,0.034063797129186654
Bubble,103.95623502671056,0.8281711711711712,0.17182882882882877,0.37831916004588406,0.6216808399541159,889.9008525954077,245.0940175920861,0.021567650275808096,0.007194886062408327,0.041260908871171176,0.03406503111600997
Bubble,104.23309828869003,0.4955045045045045,0.5044954954954954,0.49094821218754214,0.5090517878124579,331.4464494205308,326.66197740511194,0.009222334316686372,0.009107678481576445,0.0359395396045045,0.03586665669697314
Bubble,104.33743376274272,0.8271721721721722,0.1728278278278278,0.37840448345137984,0.6215955165486202,888.9264119005015,246.29720633344053,0.021552380816833572,0.007229916737861007,0.041244928783283286,0.03406639595773662
Bubble,104.68904787890708,0.49450550550550554,0.5054944944944945,0.49003289382361953,0.5099671061763804,332.46058198226257,327.75978644882537,0.009254667033440305,0.009142018513275852,0.03592355951661662,0.03585201517289199
Bubble,104.71730931598117,0.8261731731731732,0.17382682682682682,0.37849789891512137,0.6215021010848787,887.9511192798042,247.5011468558848,0.02153707885786993,0.007264939070374614,0.041228948695395395,0.03406789024083618
Bubble,104.72725599321612,0.4935065065065065,0.5064934934934935,0.48554846241857835,0.5144515375814216,331.5759263930022,323.27064745398206,0.009234148657977118,0.00903488266596446,0.03590757942872873,0.03578028175969382
Bubble,104.88985001077786,0.4915085085085085,0.5084914914914915,0.48679988935082436,0.5132001106491757,330.21268204627,325.29737915223774,0.00920437581071412,0.009086442900950545,0.03587561925295296,0.035800299710044725
Bubble,104.929504714256,0.49250750750750755,0.5074924924924924,0.48732514410482825,0.5126748558951717,331.43645414837584,326.0140216374504,0.009234374066224356,0.009104323972041384,0.03589159934084084,0.035808701737615245
Bubble,105.09586178966163,0.8251741741741743,0.17482582582582573,0.3785993198676882,0.6214006801323118,886.974972885675,248.70584131131326,0.02152174431628059,0.007299953021734833,0.041212968607507505,0.03406951258053553
Bubble,105.47309127582794,0.8241751751751752,0.17582482482482475,0.37870866149351234,0.6212913385064877,885.9979708644655,249.9112918813301,0.02150637710915492,0.007334958554448636,0.04119698851961962,0.03407126162011637
Bubble,105.84899785533361,0.8231761761761762,0.17682382382382378,0.3788258406880843,0.6211741593119158,885.0201113565016,251.11750077589122,0.021490977153307292,0.007369955631706237,0.04118100843173173,0.03407313603023067
Bubble,106.22358159783845,0.8221771771771772,0.1778228228228228,0.378950776016434,0.621049223983566,884.0413924960657,252.32447023180083,0.021475544365276076,0.007404944217338603,0.04116502834384384,0.03407513450823648
Bubble,106.33730739236199,0.48951051051051053,0.5104894894894895,0.48507203048997144,0.5149279695100285,334.5640110391762,329.9036603182414,0.00933398039298404,0.00922222875790779,0.03584365907717718,0.03577266070692063
Bubble,106.5968442558396,0.8211781781781782,0.17882182182182182,0.37908338767254957,0.6209166123274504,883.0618137635093,253.53221975911455,0.02146007869418205,0.00743992478191713,0.04114904825595596,0.03407725577754887
Bubble,106.96878272132685,0.8201791791791793,0.17982082082082074,0.37922359743980294,0.6207764025601971,882.0813707682859,254.7407197016615,0.021444579994960175,0.007474896353046229,0.041133068168068075,0.03407949858700683
Bubble,107.33939852195763,0.8191801801801802,0.18081981981981976,0.37937132865265294,0.620628671347347,881.100062812791,255.94998742058783,0.02142904821213521,0.007509859337981277,0.04111708808018018,0.034081861710260695
Bubble,107.70869168614405,0.8181811811811812,0.18181881881881878,0.3795265061590385,0.6204734938409615,880.1178880100626,257.1600252882866,0.021413483261208226,0.007544813703968138,0.041101107992292295,0.034084343945170605
Bubble,107.85425956188041,0.4885115115115115,0.5114884884884885,0.4839874315097732,0.5160125684902268,340.14935429811294,335.3611650853429,0.009494038237860755,0.009379338408574025,0.03582767898928929,0.03575531135317348
Bubble,108.07666223134929,0.8171821821821822,0.1828178178178178,0.3796890562837879,0.6203109437162121,879.1348444672308,258.3708356982911,0.021397885057405062,0.007579759418741158,0.041085127904404405,0.0340869441132211
Bubble,108.28119094185227,0.49050950950950956,0.5094904904904904,0.48583669344663505,0.514163306553365,344.14134504504676,339.15704515097815,0.009596899273328824,0.009477660069618195,0.03585963916506507,0.03578489233204172
Bubble,108.44331016404838,0.8161831831831833,0.18381681681681672,0.3798589067929845,0.6201410932070155,878.1509302854743,259.5824210626084,0.0213822535156747,0.007614696450449078,0.04106914781651652,0.03408966105895127
Bubble,108.80374711775733,0.48751251251251254,0.5124874874874874,0.474931879274568,0.525068120725432,343.18781010051435,329.9569743251042,0.009583120059324652,0.0092657324391229,0.0358116989014014,0.03561045783406392
Bubble,108.80863547967643,0.8151841841841843,0.18481581581581574,0.3800359868591524,0.6199640131408476,877.166143559944,260.7947838087041,0.021366588550686863,0.007649624767571425,0.04105316772862864,0.03409249364939769
Bubble,109.17263816256445,0.8141851851851852,0.18581481481481477,0.380220227027157,0.6197797729728429,876.1804823796948,262.00792637605656,0.021350890076829818,0.0076845443388231455,0.04103718764074074,0.0340954407735491
Bubble,109.53531818584887,0.8131861861861862,0.1868138138138138,0.3804115591810669,0.6195884408189332,875.1939448275815,263.22185121237806,0.021335158008207275,0.007719455133049475,0.04102120755285286,0.03409850134181627
Bubble,109.89667551138072,0.8121871871871872,0.1878128128128128,0.38060991651167536,0.6193900834883246,874.2065289801543,264.43656076939976,0.021319392258635314,0.007754357119109007,0.04100522746496497,0.03410167428551241
Bubble,110.01222298898001,0.48051951951951954,0.5194804804804805,0.47149310080436185,0.5285068991956381,340.98041909344687,331.53331106547796,0.009551315509050553,0.009324401848416574,0.03569983828618619,0.035555450789776656
Bubble,110.25671008958163,0.8111881881881883,0.18881181181181173,0.38081523348475615,0.6191847665152439,873.2182329075104,265.6520574980351,0.02130359274163816,0.007789250265739096,0.040989247377077084,0.03410495855634551
Bubble,110.42090046506021,0.4865135135135135,0.5134864864864865,0.4739417811973821,0.5260582188026178,349.0014553599156,335.67256070571517,0.009749809947332624,0.009430429641206649,0.03579571881351352,0.035594620126211444
Bubble,110.48794226256456,0.48351651651651656,0.5164834834834835,0.47947992385688487,0.520520076143115,346.0915297417646,341.79637788009643,0.009681483543352045,0.009578633460347374,0.035747778549849854,0.03568320881000712
Bubble,110.6154263999595,0.8101891891891893,0.18981081081081075,0.38102744581023285,0.6189725541897672,872.2290584504318,266.8683951193423,0.021287759462633084,0.007824136044742105,0.040973267289189194,0.03410835312592506
Bubble,110.97281588587867,0.8091901901901902,0.19080980980980977,0.3812464904109509,0.6187535095890491,871.2389966242672,268.0854808076135,0.021271892162735475,0.007859011631159069,0.040957287201301304,0.034111856985262604
Bubble,111.32888247995751,0.8081911911911912,0.1918088088088088,0.3814723053940879,0.6185276946059122,870.2480488089182,269.3033619471569,0.021255990835812928,0.007893878310978424,0.040941307113413414,0.034115469144314375
Bubble,111.68362609385083,0.8071921921921922,0.19280780780780782,0.38170483002129607,0.6182951699787039,869.2562130548503,270.5220410527786,0.02124005539436952,0.007928736054496746,0.04092532702552553,0.034119188631503664
Bubble,111.88780560613881,0.4795205205205205,0.5204794794794795,0.47129954355197773,0.5287004564480222,347.6888658978103,338.99457390798693,0.009743589495442817,0.009535080797016217,0.03568385819829829,0.035552354628611796
Bubble,112.03704662771406,0.8061931931931933,0.19380680680680673,0.3819440046803061,0.6180559953196939,868.2634874059116,271.7415206206904,0.021224085750610872,0.007963584831413767,0.04090934693763764,0.03412301449326664
Bubble,112.38916079732886,0.8051941941941942,0.19480580580580575,0.38218977085759104,0.617810229142409,867.2698841638977,272.9620025285134,0.02120808216526698,0.00799843045373203,0.04089336684974975,0.03412694579361512
Bubble,112.73993711329956,0.8041951951951952,0.19580480480480478,0.3824420711080794,0.6175579288919206,866.2753748306641,274.1831196630022,0.021192043901370156,0.00803326205986799,0.04087738676186187,0.03413098161365195
Bubble,113.06474493614603,0.48251751751751754,0.5174824824824824,0.478118840418058,0.521881159581942,355.66337945184625,350.9241144501713,0.009953693761887334,0.009840436788440881,0.035731798461961964,0.0356614367832113
Bubble,113.08939027466819,0.8031961961961962,0.1968038038038038,0.3827008490321418,0.6172991509678583,865.2799699599926,275.40504867168886,0.021175971176516515,0.008068084723021148,0.040861406673973984,0.034135121051203046
Bubble,113.43752016927107,0.8021971971971973,0.1978028028028027,0.3829660492464911,0.617033950753509,864.2836676006269,276.62779244453077,0.021159863902487513,0.008102898424292291,0.040845426586086094,0.0341393632203518
Bubble,113.58538726876871,0.47652352352352356,0.5234764764764764,0.470911200878425,0.529088799121575,351.4277852971917,345.45581671008443,0.009861617313795588,0.009718517702772177,0.03563591793463464,0.03554614266037137
Bubble,113.60442225765553,0.47452552552552557,0.5254744744744744,0.4668699634725927,0.5331300365274073,349.4374803070677,341.3473674872146,0.009814568444153427,0.009620432640598583,0.035603957758858856,0.03548149862270394
Bubble,113.78145329108067,0.48151851851851857,0.5184814814814814,0.47246317025299767,0.5275368297470023,357.4942002201896,347.7750477971488,0.010009408057682722,0.009776935129979038,0.035715818374074074,0.035570968117683975
Bubble,113.78432683356685,0.8011981981981983,0.19880180180180174,0.38323761735873496,0.616762382641265,863.2864659327269,277.85135581893684,0.02114372199414517,0.008137703201826108,0.0408294464981982,0.03414370725103206
Bubble,114.12980984798445,0.8001991991991992,0.19980080080080076,0.3835154999416824,0.6164845000583177,862.2883627480767,279.0757381394425,0.021127545356702294,0.008172498932906213,0.04081346641031031,0.034148152288617145
Bubble,114.4739692103669,0.7992002002002002,0.20079979979979978,0.38379964450808224,0.6162003554919178,861.2893562001917,280.3009439689057,0.02111133390408968,0.008207285647703932,0.04079748632242243,0.03415269749351573
Bubble,114.81680477413184,0.7982012012012012,0.2017987987987988,0.38408999948574535,0.6159100005142546,860.289444322229,281.5269762065523,0.021095087547151947,0.008242063327717097,0.04078150623453454,0.03415734204077393
Bubble,114.8907406654164,0.47752252252252253,0.5224774774774774,0.46797395622731064,0.5320260437726894,357.6637160522148,347.4527800408362,0.010032108692397426,0.009787634345341063,0.03565189802252253,0.035499158201207685
Bubble,115.06971878348409,0.4845155155155155,0.5154844844844845,0.47923015478043357,0.5207698452195664,365.93164132134314,360.1539983695677,0.01023191228382841,0.010094224711055486,0.03576375863773774,0.035679213478883295
Bubble,115.1583094334625,0.7972022022022023,0.20279779779779772,0.3843865141927503,0.6156134858072497,859.2886190705287,282.75374876213914,0.021078806047526346,0.008276829349601448,0.04076552614664665,0.03416208511967865
Bubble,115.49850413759796,0.7962032032032033,0.20379679679679674,0.38468913881431993,0.6153108611856801,858.2868969181494,283.9815348318164,0.021062489768120207,0.00831159160720137,0.04074954605875876,0.03416692593338774
Bubble,115.63641376334745,0.4725275275275276,0.5274724724724724,0.4660940226106284,0.5339059773893716,355.36106653655594,348.505913351554,0.009989910341879545,0.009825624136593289,0.03557199758308309,0.035469086595081877
Bubble,115.74286140341354,0.46953053053053057,0.5304694694694694,0.46491172030731404,0.5350882796926859,352.700230668318,347.79807773389933,0.00992848951618802,0.009810898928497182,0.03552405731941942,0.03545017436920783
Bubble,115.83736738064161,0.7952042042042042,0.20479579579579577,0.38499782437689817,0.6150021756231019,857.2842572463903,285.2100641383818,0.021046138161815886,0.008346342085836353,0.04073356597087087,0.03417186369851531
Bubble,116.17490615868688,0.7942052052052052,0.2057947947947948,0.3853125227265531,0.614687477273447,856.2807043435349,286.4394313997173,0.021029751292337754,0.008381083455168858,0.040717585882982986,0.03417689764478622
Bubble,116.34246867625949,0.47152852852852856,0.5284714714714714,0.46540967361612967,0.5345903263838704,357.0569949149589,350.52468380101,0.010042097514526456,0.009885591487965936,0.0355560174951952,0.03545813968013098
Bubble,116.51111061840852,0.7932062062062063,0.2067937937937937,0.385633186504294,0.614366813495706,855.2762276510674,287.6695109137596,0.021013328858738436,0.00841581193504238,0.0407016057950951,0.034182027014641334
Bubble,116.60782163235939,0.48551451451451455,0.5144854854854854,0.47203087395827864,0.5279691260417214,373.1488343631049,358.3992057249516,0.010429054198091555,0.010077569198618347,0.03577973872562563,0.035564053062924025
Bubble,116.84599852936469,0.7922072072072073,0.20779279279279272,0.38595976912461305,0.614040230875387,854.2708410795962,288.9005429945656,0.02099687116101713,0.008450534454000876,0.040685625707207206,0.03418725106289422
Bubble,117.04012004899171,0.47352652652652655,0.5264734734734735,0.46641553195403873,0.5335844680459614,361.81933830804485,354.1756779608702,0.010166897980358688,0.009984027364253857,0.03558797767097097,0.035474229490690005
Bubble,117.17956120041534,0.7912082082082083,0.20879179179179175,0.3862922247507079,0.6137077752492921,853.2645351353758,290.13241853442753,0.020980377924169794,0.008485247717315793,0.040669645619319315,0.034192569056334804
Bubble,117.51181321356367,0.7902092092092092,0.20979079079079077,0.3866305082740347,0.6133694917259653,852.2573210938588,291.3653425676319,0.020963849383641306,0.0085199576184984,0.04065366553143144,0.0341979802734023
Bubble,117.63158074368988,0.47052952952952953,0.5294704704704705,0.46459927177941424,0.5354007282205858,360.9449048150557,354.5844738810943,0.01015600801649248,0.010003744085413695,0.03554003740730731,0.03544517641131069
Bubble,117.84272673845317,0.7892102102102102,0.2107897897897898,0.386974575288162,0.6130254247118381,851.2491722404553,292.5989421602,0.020947284840399306,0.008554653149602387,0.04063768544354355,0.03420348400376697
Bubble,118.17229926395134,0.7882112112112113,0.2117887887887887,0.3873243820703314,0.6126756179296686,850.2400843764392,293.83318302620074,0.020930684148593046,0.008589333209436698,0.040621705355655666,0.03420907954803523
Bubble,118.24591371457038,0.46353653653653654,0.5364634634634635,0.4593991140361332,0.5406008859638668,356.11787413112563,351.7233326132711,0.010051826155801911,0.009946365890508027,0.0354281767920921,0.035361994168033394
Bubble,118.50055900273206,0.7872122122122123,0.21278778778778773,0.38767988556044003,0.61232011443956,849.2300811536702,295.06846210678276,0.020914047848020503,0.008624009301475508,0.04060572526776777,0.03421476621741336
Bubble,118.63943199993645,0.46853153153153154,0.5314684684684685,0.463368473845043,0.5366315261549571,362.6687730359491,357.1226126145483,0.010213697876997281,0.01008095098460862,0.03550807723153153,0.03542548844447269
Bubble,118.8274922603061,0.7862132132132132,0.21378678678678675,0.38804104333416745,0.6119589566658326,848.2191484470525,296.3045960092305,0.02089737554862774,0.008658675963250704,0.04058974517987988,0.034220543333277675
Bubble,118.87462667663789,0.46253753753753757,0.5374624624624624,0.45857432978980245,0.5414256702101976,357.4428523547449,353.228108332299,0.010093778009323793,0.009992647557228096,0.03541219670420421,0.03534880083675066
Bubble,119.15309874546928,0.7852142142142142,0.21478578578578578,0.38840781358496895,0.6115921864150311,847.2072842052152,297.54158648804963,0.020880667157321016,0.008693333145826555,0.040573765091991995,0.03422641022688653
Bubble,119.3198472689884,0.45254754754754756,0.5474524524524524,0.44841256169653326,0.5515874383034668,349.3134040873264,344.99500422115466,0.009908926639147164,0.009804823840697406,0.03525239582532532,0.03518625217815392
Bubble,119.47738349361315,0.7842152152152152,0.2157847847847848,0.3887801551025089,0.611219844897491,846.194491268709,298.7795123317875,0.020863922701475964,0.008727983051054431,0.040557785004104105,0.03423236623903524
Bubble,119.80033620492952,0.7832162162162163,0.2167837837837837,0.38915802724727305,0.610841972752727,845.1807584279693,300.01823139988323,0.020847141861952658,0.008762621427042372,0.04054180491621622,0.03423841071965011
Bubble,120.12196127593921,0.7822172172172173,0.21778278278278274,0.3895413899349358,0.6104586100650642,844.1660879279591,301.25781264006287,0.020830324651106687,0.008797250189549972,0.04052582482832833,0.03424454302753823
Bubble,120.19844001394851,0.45454554554554555,0.5454544544544544,0.44903597300141945,0.5509640269985805,354.38194428661416,348.58875953237657,0.010043599613255098,0.009904152112638804,0.0352843560011011,0.035196224327728
Bubble,120.44225837005584,0.7812182182182182,0.21878178178178176,0.38993020361141056,0.6100697963885895,843.1504776891195,302.4982571728559,0.02081347097456075,0.008831869273216955,0.04050984474044044,0.03425076252998849
Bubble,120.76122713628374,0.7802192192192192,0.21978078078078078,0.39032442923262234,0.6096755707673777,842.1339256215794,303.73956587950937,0.020796580737533904,0.008866478606339498,0.04049386465255255,0.03425706860244796
Bubble,121.00343994242591,0.4535465465465466,0.5464534534534534,0.44850623936054235,0.5514937606394577,356.2833342671889,350.97072143341927,0.010102062401283075,0.009974230091323203,0.03526837591321322,0.035187750655435175
Bubble,121.07891360153756,0.7792202202202203,0.2207797797797797,0.39072402825260666,0.6092759717473933,841.1164730170076,304.9824433900049,0.020779654916829905,0.00890109865720403,0.04047788456466467,0.03426346062833152
Bubble,121.39518742439115,0.7782212212212213,0.22177877877877872,0.3911289625602756,0.6088710374397244,840.097996240548,306.2249189421706,0.020762690414701676,0.008935671811251855,0.04046190447677678,0.034269937998010425
Bubble,121.71017011142746,0.7772222222222223,0.22277777777777774,0.3915391945365092,0.6084608054634908,839.0786071632593,307.4688419609301,0.02074568995124184,0.008970251950364393,0.04044592438888889,0.03427650010972546
Bubble,122.02387940399822,0.7762232232232232,0.22377677677677676,0.3919546869751412,0.6080453130248589,838.0583212326119,308.7145119133038,0.020728653865888763,0.009004847705534688,0.04042994430100101,0.03428314636832306
Bubble,122.33620968798908,0.7752242242242242,0.2247757757757758,0.3923754030431546,0.6076245969568455,837.0370370229697,309.96029569943425,0.020711579606718617,0.009039411342012164,0.04041396421311312,0.03428987618461861
Bubble,122.47086222116113,0.4515485485485486,0.5484514514514514,0.4474727404575246,0.5525272595424754,359.50774499805533,355.1946194990249,0.010202733095128376,0.010099013699014616,0.03523641573743744,0.035171218703632615
Bubble,122.64721030414097,0.7742252252252253,0.2257747747747747,0.39280130632745786,0.6071986936725422,836.014799304287,311.206962767305,0.02069446823665303,0.009073965215236015,0.04039798412522523,0.03429668897614465
Bubble,122.95688090413522,0.7732262262262263,0.22677377377377372,0.3932323607679971,0.6067676392320029,834.9916060212494,312.45451407760777,0.020677319660738314,0.00910850926144795,0.04038200403733734,0.034303584166080966
Bubble,123.26522180048143,0.7722272272272273,0.22777277277277275,0.39366853064798824,0.6063314693520118,833.9674557570911,313.7029612866296,0.020660133799689364,0.009143043729671278,0.04036602394944946,0.03431056118309829
Bubble,123.57223139187488,0.7712282282282282,0.22877177177177177,0.3941097805734821,0.6058902194265179,832.9423452635144,314.95228496639726,0.020642910528704417,0.009177567964002676,0.04035004386156157,0.03431761946103148
Bubble,123.87790988253968,0.7702292292292293,0.22977077077077068,0.3945560754527722,0.6054439245472278,831.9162730253194,316.20249478664476,0.02062564976575251,0.009212082157918938,0.04033406377367368,0.03432475843855009
Bubble,124.18223393925432,0.7692302302302303,0.2307697697697697,0.39500738047251105,0.604992619527489,830.8892146742864,317.45320751986577,0.020608350861854526,0.009246575061875944,0.04031808368578579,0.03433197755877634
Bubble,124.48524583449304,0.7682312312312313,0.23176876876876873,0.39546366109023645,0.6045363389097635,829.8612094814486,318.7051316362488,0.0205910147460574,0.00928106722861907,0.0403021035978979,0.03433927626916553
Bubble,124.50364705747845,0.44555455455455456,0.5544454454454455,0.44025438127031924,0.5597456187296808,360.73294175579963,355.14328916708223,0.010265436755556724,0.010130813281076624,0.03514053521011012,0.03505575310823816
Bubble,124.78692501817262,0.7672322322322322,0.23276776776776775,0.3959248829961953,0.6040751170038047,828.832235858645,319.9579330748262,0.020573640838208288,0.009315548841531221,0.04028612351001001,0.03434665402089544
Bubble,125.08727102309537,0.7662332332332332,0.23376676676676678,0.3963910121042866,0.6036089878957134,827.8022916559418,321.2116099904695,0.02055622903992923,0.009350019764095744,0.04027014342212212,0.034354110268721386
Bubble,125.38629129640975,0.7652342342342343,0.2347657657657657,0.3968620145329176,0.6031379854670824,826.7713825318119,322.46629729699407,0.020538779446663658,0.009384483841343536,0.04025416333423423,0.03436164447067
Bubble,125.68397052225649,0.7642352352352353,0.2357647647647647,0.39733785657227416,0.6026621434277258,825.7394917303499,323.72173732374165,0.020521291596964124,0.009418933493917836,0.04023818324634634,0.03436925608751575
Bubble,125.98031519223512,0.7632362362362363,0.23676376376376373,0.3978185046822545,0.6021814953177456,824.7066239476643,324.97804705311745,0.02050376556198747,0.009453372049132278,0.04022220315845846,0.03437694458274781
Bubble,126.27532478040636,0.7622372372372372,0.23776276276276276,0.39830392546179677,0.6016960745382032,823.6727769869211,326.23522293984854,0.020486201241563976,0.009487799327754771,0.040206223070570576,0.034384709422079454
Bubble,126.56899874103223,0.7612382382382383,0.23876176176176167,0.39879408563184965,0.6012059143681503,822.6379486336153,327.49326086890653,0.020468598534924918,0.009522215135897526,0.04019024298268269,0.034392550073175626
Bubble,126.86133650737597,0.7602392392392393,0.2397607607607607,0.3992889520161677,0.6007110479838322,821.6021366540496,328.75215611357214,0.020450957340663517,0.009556619263892651,0.040174262894794796,0.03440046600534582
Bubble,126.92111143448417,0.4605395395395396,0.5394604604604605,0.45303449523084477,0.5469655047691552,383.8250425576816,375.62884627168506,0.010848571977444913,0.010653059401754011,0.035380236528428435,0.035260185089162115
Bubble,127.15235139902033,0.7592402402402403,0.24075975975975972,0.3997884915345361,0.6002115084654639,820.565352826421,330.012157223307,0.02043327790612825,0.00959101886498241,0.04015828280690691,0.034408456689435596
Bubble,127.38169218511162,0.4495505505505506,0.5504494494494494,0.4437958172693505,0.5562041827306495,374.24126742997777,368.05970606638874,0.010630508594984031,0.010482327674668139,0.03520445556166167,0.03511240227262226
Bubble,127.44201675983903,0.7582412412412413,0.24175875875875874,0.4002926711382189,0.5997073288617811,819.5275686577555,331.2727851355557,0.020415559475851185,0.009625399946472627,0.04014230271901902,0.03441652159679407
Bubble,127.5404212443104,0.4415585585585586,0.5584414414414414,0.43706171058500076,0.5629382894149992,367.02315144561857,362.2509278225418,0.010463471259287335,0.010348641911580253,0.03507661485855856,0.03500468282868873
Bubble,127.70444269937721,0.45954054054054055,0.5404594594594594,0.4524020956529636,0.5475979043470364,385.4226263341705,377.6164495547622,0.010898649233080817,0.01071250237315557,0.035364256440540545,0.03525006916227437
Bubble,127.73034429509363,0.7572422422422422,0.24275775775775776,0.4008014578552676,0.5991985421447323,818.4887942551254,332.5342564998927,0.02039780225512414,0.009659768740430612,0.04012632263113113,0.03442466019999864
Bubble,128.01733336159876,0.7562432432432433,0.24375675675675668,0.4013148187320999,0.5986851812679002,817.449027314681,333.79656417539076,0.020380006140146605,0.00969412497591245,0.04011034254324325,0.03443287197192055
Bubble,128.02325061582755,0.47552452452452454,0.5244754754754755,0.46480874906219927,0.5351912509378007,403.6999329174699,391.65412077641986,0.01133353838668589,0.01104853011877202,0.03561993784674675,0.03544852723087385
Bubble,128.26785414160727,0.4585415415415416,0.5414584584584584,0.45140886851229717,0.5485911314877029,386.2664589802875,378.465358902959,0.010927448205018368,0.010741426190354744,0.035348276352652655,0.03523418140160956
Bubble,128.30307392135768,0.7552442442442443,0.2447557557557557,0.4018327209062963,0.5981672790937037,816.4083583402195,335.06141816714916,0.020362173341683176,0.009728518241469319,0.04009436245535535,0.0344411563868892
Bubble,128.58739577874442,0.7542452452452453,0.24575475475475472,0.4023551312888529,0.5976448687111471,815.3666117533783,336.325613603071,0.020344299434979937,0.009762855411830121,0.04007838236746747,0.03444951291560962
Bubble,128.6109010722883,0.44755255255255255,0.5524474474474474,0.44218630357754884,0.5578136964224512,376.31152435597016,370.53894526715817,0.010699028323903837,0.010560679871435944,0.03517249538588589,0.03508665633065683
Bubble,128.61867848707251,0.4485515515515516,0.5514484484484484,0.44292557508033464,0.5570744249196653,377.3217831786507,371.2606348112556,0.010722879525140876,0.010577683588032459,0.03518847547377378,0.03509848179154254
Bubble,128.68289421965875,0.4355645645645646,0.5644354354354354,0.43106214864882275,0.5689378513511772,365.08293744950015,360.33171104506636,0.0104366859195277,0.010322113811787697,0.03498073433123123,0.034908713236001435
Bubble,128.7991717548441,0.45754254254254256,0.5424574574574574,0.4504606205456026,0.5495393794543975,386.9931030394898,379.2469055938739,0.010952956471878671,0.010768243396518037,0.035332296264764765,0.03521901313230951
Bubble,128.8703784837498,0.7532462462462463,0.24675375375375375,0.4028820169668029,0.5971179830331971,814.3238670995039,337.5906499596974,0.020326386356381263,0.009797179978051513,0.04006240227957958,0.03445794103160267
Bubble,128.89858978895845,0.45654354354354354,0.5434564564564565,0.45031876359642287,0.5496812364035771,386.29234574943666,379.48792656575324,0.010938070205701662,0.010775781169377645,0.03531631617687688,0.03521674397436474
Bubble,129.05038071456255,0.45054954954954957,0.5494504504504505,0.44437534682292607,0.5556246531770739,380.71590701248095,374.0341008461794,0.010809517258692685,0.0106496665556738,0.03522043564954955,0.035121672485314205
Bubble,129.14862825375872,0.7522472472472473,0.24775275275275266,0.40316525590878893,0.5968347440912111,813.2766068138654,338.6006310100365,0.020308346221815377,0.009825198652781432,0.040046422191691695,0.034462471750042585
Bubble,129.20284863461694,0.4465535535535536,0.5534464464464464,0.44134901934930404,0.5586509806506958,377.25281685122945,371.65099831516426,0.010730665814103375,0.010596419209759742,0.035156515297998,0.0350732630484134
Bubble,129.23149023424133,0.46653353353353355,0.5334664664664664,0.4613873686768933,0.5386126313231068,397.89664027861346,392.1561327862612,0.011215901662892316,0.011079797861147746,0.035476117055755756,0.03539379848809246
Bubble,129.43028356672772,0.7512482482482483,0.24875175175175168,0.4037499656176538,0.5962500343823461,812.2332527257603,339.918875715653,0.020290389264738588,0.009860774050724764,0.040030442103803805,0.03447182482501655
Bubble,129.71021342765314,0.7502492492492493,0.2497507507507507,0.4043221720276058,0.5956778279723942,811.1885030727522,341.2203659852234,0.02027238308864676,0.009895901647995201,0.04001446201591592,0.03448097789597079
Bubble,129.98823637546676,0.7492502502502503,0.25074974974974973,0.40488284120130713,0.5951171587986929,810.1421616294901,342.50569968185323,0.020254322728728395,0.009930595297230475,0.03999848192802803,0.03448994641614023
Bubble,130.2647508304802,0.7482512512512512,0.25174874874874875,0.40546528118840564,0.5945347188115945,809.0946391590907,343.8094288108404,0.020236218393587517,0.009965703527434389,0.03998250184014014,0.03449926318441786
Bubble,130.81131203802295,0.7462532532532533,0.2537467467467467,0.4064239907951964,0.5935760092048036,806.9939786592254,346.19161244618823,0.02019982571047488,0.01003029513571003,0.03995054166436437,0.034514598799159045
Bubble,131.08454764144358,0.7452542542542543,0.2547457457457457,0.4070269956645374,0.5929730043354626,805.94421000221,347.5070376776724,0.020181621587576228,0.010065594264416547,0.039934561576476485,0.03452424452534951
Bubble,131.3562029706166,0.7442552552552553,0.25574474474474473,0.40763891051537426,0.5923610894846256,804.8931793758095,348.827873590756,0.02016337127625394,0.010100988663802393,0.039918581488588595,0.03453403277649497
Bubble,131.6260503987507,0.7432562562562562,0.25674374374374376,0.40825489099888235,0.5917451090011177,803.8406384342483,350.14880172802265,0.020145068497216638,0.01013634659113076,0.039902601400700705,0.034543886061907225
Bubble,131.89444551922307,0.7422572572572573,0.25774274274274267,0.40886843978725335,0.5911315602127466,802.7869625701468,351.4637592612393,0.020126722598894753,0.010171523011639849,0.039886621312812814,0.03455370044968088
Bubble,132.16141805286125,0.7412582582582583,0.2587417417417417,0.4094692672902282,0.5905307327097719,801.7321810204638,352.7621611298672,0.02010833426273729,0.010206260551640594,0.03987064122492493,0.03456331134650122
Bubble,132.4269824580167,0.7402592592592593,0.2597407407407407,0.41005780956592625,0.5899421904340738,800.6763069653709,354.0444115886622,0.020089903768402646,0.010240569817324179,0.03985466113703704,0.034572725727597516
Bubble,132.57354541420267,0.4445555555555556,0.5554444444444444,0.4399160614720569,0.560083938527943,385.9950910911722,380.958569363605,0.010989323273932797,0.01086889756605568,0.03512455512222223,0.03505034131091317
Bubble,132.69115798470168,0.7392602602602603,0.26073973973973974,0.41063820894644754,0.5893617910535525,799.6193590400813,355.3147685804665,0.020071431532926193,0.010274555182860499,0.03983868104914915,0.03458200985412827
Bubble,132.77954617314688,0.44355655655655657,0.5564434434434434,0.43901827217649597,0.560981727823504,385.6523874562833,380.73008481939627,0.010984563944253949,0.010866831263879419,0.03510857503433434,0.03503598018356245
Bubble,132.95343723291623,0.7382612612612613,0.26173873873873865,0.41119154982753087,0.5888084501724692,798.5607810392447,356.55268861746026,0.020052903539015822,0.010307713562529743,0.03982270096126126,0.03459086115019617
Bubble,133.21500671164074,0.7372622622622623,0.2627377377377377,0.4117931959939916,0.5882068040060083,797.501865330938,357.8384154171891,0.020034352185597515,0.01034200572460412,0.03980672087337337,0.0346004851424395
Bubble,133.47522025564692,0.7362632632632633,0.2637367367367367,0.41239833572660595,0.5876016642733942,796.4419072412288,359.12443825143083,0.020015759735032324,0.0103762706148165,0.03979074078548549,0.03461016501811637
Bubble,133.73407787784873,0.7352642642642643,0.2647357357357357,0.4130052870791516,0.5869947129208484,795.3809051610415,360.40902430292283,0.01999712609733143,0.010410466127887378,0.0397747606975976,0.03461987387264681
Bubble,133.99158002784526,0.7342652652652653,0.26573473473473475,0.41361728347848203,0.5863827165215179,794.3188579771978,361.69556681024306,0.019978451194834,0.010444674622947086,0.03975878060970971,0.03462966342825014
Bubble,134.24772582762478,0.7332662662662663,0.26673373373373366,0.4142331301361096,0.5857668698638905,793.25576311828,362.98284384495315,0.019959734913062358,0.01047886635594468,0.039742800521821824,0.03463951457297023
Bubble,134.5025141989794,0.7322672672672673,0.2677327327327327,0.4148498156498598,0.5851501843501403,792.1916177863468,364.26771895939834,0.01994097713165262,0.010512965254829183,0.03972682043393394,0.03464937913611672
Bubble,134.7560134947562,0.7312682682682683,0.2687317317317317,0.41548134760114214,0.5845186523988578,791.1264970224903,365.5650348149537,0.019922179690192873,0.01054733141764067,0.03971084034604605,0.034659481184362635
Bubble,135.0080671114547,0.7302692692692693,0.26973073073073073,0.4161003059179059,0.5838996940820941,790.0602238649241,366.84574624534315,0.019903338082731994,0.010581260004872667,0.03969486025815816,0.03466938210349342
Bubble,135.25855095996707,0.7292702702702704,0.27072972972972964,0.41669777135514713,0.5833022286448528,788.9926554535521,368.1001721600249,0.019884448655501905,0.0106145164885483,0.03967888017027028,0.03467893922037407
Bubble,135.50789496734424,0.7282712712712713,0.27172872872872866,0.417326656111249,0.582673343888751,787.9242750046639,369.38481794828556,0.01986552353378333,0.010648471544522626,0.03966290008238238,0.03468899892382115
Bubble,135.75587939960292,0.7272722722722723,0.2727277277277277,0.4179544679238717,0.5820455320761284,786.8548336545499,370.66510638497846,0.019846556397415366,0.010682286620675866,0.039646919994494496,0.03469904146435705
Bubble,136.00250539315059,0.7262732732732733,0.2737267267267267,0.4185911422489743,0.5814088577510258,785.7843311377749,371.95156432644495,0.01982754718887659,0.010716216108809445,0.039630939906606606,0.034709225770528825
Bubble,136.24777119460614,0.7252742742742743,0.27472572572572573,0.4192300622657466,0.5807699377342533,784.7127639067994,373.23721667307416,0.019808495767702626,0.010750091366196519,0.03961495981871872,0.03471944599900911
Bubble,136.4916762411085,0.7242752752752754,0.27572472472472465,0.41987215404931044,0.5801278459506894,783.6401297663857,374.5230623007486,0.019789402027352285,0.010783936497253009,0.03959897973083083,0.03472971696338817
Bubble,136.6339253261074,0.4335665665665666,0.5664334334334333,0.4292808750179438,0.5707191249820562,387.6497846712782,383.01834143088024,0.011091942250877678,0.010980961231710851,0.034948774155455456,0.03488021980487453
Bubble,136.73421978898756,0.7232762762762763,0.27672372372372367,0.4205173870179872,0.5794826129820129,782.5664263148351,375.8090876196119,0.019770265855896422,0.010817751141554529,0.03958299964294294,0.034740038174478426
Bubble,136.97540106543016,0.7222772772772773,0.2777227227227227,0.42116573027217324,0.5788342697278268,781.4916511159445,377.09527843276317,0.019751087140353025,0.010851534925392634,0.03956701955505505,0.03475040913800671
Bubble,137.2152192676133,0.7212782782782783,0.2787217217217217,0.42181715221139504,0.578182847788605,780.4158016973267,378.38161952496233,0.019731865766642615,0.01088528745190636,0.03955103946716716,0.034760829348488696
Bubble,137.34735914717186,0.4235765765765766,0.5764234234234233,0.4189118428853729,0.581088157114627,380.3850199258692,375.4073064328941,0.01093406858839328,0.010814180431662133,0.034788973276576575,0.03471435572997872
Bubble,137.45367356300704,0.7202792792792793,0.27972072072072074,0.4224716203665956,0.5775283796334045,779.3388755500722,379.6680944795882,0.019712601619577472,0.010919008296750639,0.03953505937927928,0.034771298286546105
Bubble,137.69076309015972,0.7192802802802803,0.28071971971971965,0.42312910134233955,0.5768708986576605,778.2608701289738,380.95468561244303,0.01969329458286508,0.010952697006594124,0.039519079291391396,0.034781815417982205
Bubble,137.9264869597013,0.7182812812812813,0.2817187187187187,0.42378956081266245,0.5762104391873376,777.1817828530205,382.2413739628807,0.019673944539118405,0.010986353099001981,0.03950309920350351,0.03479238019371543
Bubble,138.16084321759715,0.7172822822822823,0.2827177177177177,0.42444623072423665,0.5755537692757633,776.1016098799794,383.5208984140743,0.019654551338820294,0.011019802110162782,0.03948711911561562,0.034802884351287956
Bubble,138.39383295766217,0.7162832832832833,0.2837167167167167,0.4251123476893326,0.5748876523106675,775.0203509592675,384.80750000231353,0.019635114923205795,0.01105338624422375,0.03947113902772773,0.034813539624873345
Bubble,138.625454208898,0.7152842842842844,0.28471571571571563,0.4257813176834435,0.5742186823165565,773.9380022240015,386.0941153628043,0.019615635141758802,0.011086935692565494,0.03945515893983985,0.034824240535796136
Bubble,138.85570599815625,0.7142852852852853,0.28571471471471466,0.4264532120912298,0.5735467879087701,772.8545609765259,387.38083855108124,0.019596111873365622,0.01112045269080068,0.03943917885195195,0.03483498822593252
Bubble,139.08458727758463,0.7132862862862863,0.2867137137137137,0.42712778527694106,0.572872214723059,771.7700244243371,388.66742096926697,0.019576544994310264,0.01115393125745655,0.03942319876406407,0.03484577876606848
Bubble,139.2158323452182,0.4405595595595596,0.5594404404404404,0.43605490182367407,0.563945098176326,402.0099652370269,397.0578713583402,0.011466134822331308,0.011348214078807657,0.03506063477067067,0.03498857781506168
Bubble,139.3120970268829,0.7122872872872873,0.2877127127127127,0.4278050968899882,0.5721949031100118,770.6843898013962,389.9539432419942,0.019556934381347677,0.011187373311553075,0.03940721867617618,0.034856613110361936
Bubble,139.53739138748105,0.7112882882882883,0.2887117117117117,0.428441477336033,0.571558522663967,769.5966362471867,391.1915613505017,0.019537254065324094,0.011219602690192622,0.03939123858828829,0.03486679271561492
Bubble,139.76215933215096,0.7102892892892894,0.28971071071071064,0.4291235227332418,0.5708764772667583,768.5087986189963,392.4771380855541,0.019517555639950435,0.011252952653985676,0.039375258500400405,0.03487770278199321
Bubble,139.98621435207522,0.7092902902902903,0.29070970970970966,0.4298197229368403,0.5701802770631597,767.4206597913567,393.7762812010133,0.01949783356666899,0.011286597360056667,0.039359278412512515,0.03488883927006999
Bubble,140.2082255776787,0.7082912912912913,0.2917087087087087,0.4305066180440435,0.5694933819559567,766.3306016330672,395.0611718373738,0.01947804668815547,0.011319860491669425,0.039343298324624625,0.034899826912894324
Bubble,140.42886020879277,0.7072922922922923,0.2927077077077077,0.43119790834863764,0.5688020916513623,765.2394315006469,396.34788863568247,0.019458215454564495,0.011353132130721293,0.039327318236736734,0.03491088486173564
Bubble,140.64811624828945,0.7062932932932934,0.2937067067067066,0.4318899597741456,0.5681100402258543,764.1471453872042,397.6324802190562,0.01943833970987784,0.011386317873202285,0.03931133814884885,0.03492195498554321
Bubble,140.8659929283974,0.7052942942942944,0.29470570570570565,0.43258446455705263,0.5674155354429473,763.0537407794101,398.9168069733511,0.019418419335832094,0.011419462173044969,0.03929535806096097,0.03493306435350107
Bubble,141.08248906112945,0.7042952952952953,0.29570470470470467,0.43328138019035245,0.5667186198096476,761.9592146405482,400.20083690713517,0.019398454200646682,0.011452564265451529,0.03927937797307308,0.0349442122856629
Bubble,141.297603442089,0.7032962962962963,0.2967037037037037,0.4339806637850476,0.5660193362149525,760.8635639032151,401.48453730677363,0.019378444171544894,0.011485623370801707,0.03926339788518519,0.03495539809597201
Bubble,141.5113348521484,0.7022972972972973,0.2977027027027027,0.434682277167721,0.5653177228322791,759.7667854709015,402.7678803444972,0.019358389114792193,0.011518638828227868,0.039247417797297304,0.03496662117380259
Bubble,141.70385408180817,0.4195805805805806,0.5804194194194194,0.4151314455340491,0.5848685544659508,389.0549838415053,384.2741359831075,0.011203870147628433,0.011088919634457767,0.03472505292502503,0.0346538841159072
Bubble,141.72368205408827,0.7012982982982984,0.2987017017017016,0.4353861673013239,0.5646138326986762,758.668876213298,404.0508215392086,0.019338288895574582,0.011551609582706278,0.039231437709409414,0.034977880670768714
Bubble,141.9346454461533,0.7002992992992993,0.29970070070070065,0.436098154628077,0.5639018453719229,757.5698350457421,405.3397996628643,0.019318143431022627,0.01158468877000524,0.039215457621521524,0.03498926969124618
Bubble,142.1442196395143,0.6993003003003003,0.3006996996996997,0.4368034228327655,0.5631965771672344,756.4696535957405,406.6184772487766,0.019297952452215217,0.011617487809086422,0.039199477533633634,0.0350005512319752
Bubble,142.35240674854276,0.6983013013013013,0.3016986986986987,0.4375140956691312,0.5624859043308688,755.3683329097825,407.90024665673013,0.019277715930173935,0.011650325251434158,0.03918349744574575,0.03501191922573299
Bubble,142.55920650632018,0.6973023023023024,0.3026976976976976,0.438233290902794,0.5617667090972059,754.2658710558737,409.1885935660065,0.01925743375982832,0.011683283704256184,0.03916751735785786,0.03502342354461018
Bubble,142.76461388741293,0.6963033033033034,0.30369669669669663,0.4389484077100065,0.5610515922899936,753.1622600338683,410.46957033790943,0.019237105680944975,0.011716031963260678,0.03915153726996997,0.03503486262457004
Bubble,142.83273524973032,0.4215785785785786,0.5784214214214214,0.41686277078952627,0.5831372292104737,394.0082703834476,388.91424996343574,0.011336079692485707,0.011213856635817221,0.0347570131008008,0.03468157856782634
Bubble,142.96811980863214,0.6953043043043043,0.30469569569569566,0.43948283028383944,0.5605171697161606,752.0568459906144,411.5460031823414,0.01921671492989342,0.011743891016816804,0.03913555718208208,0.035043411301503326
Bubble,143.17074117964643,0.6943053053053053,0.3056946946946947,0.440198374938952,0.5598016250610479,750.9509277065124,412.8214682508061,0.01919629463013705,0.011776441295905327,0.0391195770941942,0.03505485722536097
Bubble,143.37196870535104,0.6933063063063063,0.3066936936936937,0.4409161237871335,0.5590838762128664,749.8438534373959,414.0965477328005,0.019175828078334255,0.011808947456051969,0.039103597006306307,0.03506633840771136
Bubble,143.57180115542525,0.6923073073073074,0.3076926926926926,0.4416362629761448,0.5583637370238553,748.7356199554675,415.37146268406474,0.019155315135179218,0.011841414739240603,0.039087616918418416,0.035077857826192715
Bubble,143.77022830386932,0.6913083083083084,0.30869169169169164,0.4423552063397365,0.5576447936602634,747.6262123259331,416.6422042771931,0.019134755361509163,0.011873748242936851,0.03907163683053054,0.03508935811613106
Bubble,143.9671930379254,0.6903093093093093,0.30969069069069066,0.44305255829321905,0.556947441706781,746.5155542569855,417.8858500148666,0.01911414674642784,0.011905405761018884,0.03905565674264264,0.035100513027714164
Bubble,144.1628670449032,0.6893103103103103,0.3106896896896897,0.4437914990546642,0.5562085009453357,745.4038679849799,419.1733998859322,0.0190934949225353,0.011938067388511522,0.03903967665475476,0.03511233319802831
Bubble,144.35702785275873,0.6883113113113114,0.3116886886886886,0.44449071071342217,0.5555092892865777,744.2908610101294,420.4134188619348,0.019072792341309628,0.011969570376346909,0.039023696566866876,0.035123517857642964
Bubble,144.5497817023811,0.6873123123123124,0.3126876876876876,0.4451901024761356,0.5548098975238643,743.1766701719663,421.6507573066542,0.019052042448382222,0.012000976030043324,0.039007716478978986,0.035134705398218516
Bubble,144.74112647380454,0.6863133133133134,0.31368668668668664,0.4458889694593833,0.5541110305406167,742.0612908997472,422.88462508748404,0.01903124506836004,0.012032265813473027,0.038991736391091096,0.03514588454436924
Bubble,144.9310606678651,0.6853143143143143,0.31468568568568567,0.4465875263375541,0.5534124736624458,740.9447194160722,424.11526487060627,0.019010400045917208,0.0120634455836353,0.038975756303203206,0.03515705873004815
Bubble,145.11958290930522,0.6843153153153153,0.3156846846846847,0.4472860850194254,0.5527139149805746,739.826952088974,425.3430305353383,0.018989507229205893,0.012094523805208698,0.038959776215315316,0.035168232944579235
Bubble,145.30669080093307,0.6833163163163164,0.3166836836836836,0.4479838311713765,0.5520161688286235,738.7079839012945,426.5670040193731,0.018968566430560052,0.012125478968098912,0.03894379612742743,0.03517939416180046
Bubble,145.49335383052016,0.6823173173173174,0.3176826826826826,0.4492290257711142,0.5507709742288858,737.5891151005652,428.4091883425658,0.018947610992391284,0.012170953319805373,0.03892781603953954,0.03519931241913732
Bubble,145.6777448304612,0.6813183183183184,0.31868168168168165,0.4499732931967691,0.5500267068032307,736.467895105646,429.68114442916027,0.018926577918880895,0.012202961764260684,0.03891183595165165,0.03521121779530483
Bubble,145.86072344027312,0.6803193193193193,0.3196806806806807,0.45071902532283303,0.549280974677167,735.3454725211213,430.9520418449479,0.018905496644597182,0.01223491037660792,0.03889585586376376,0.03522314660096657
Bubble,146.0422869518656,0.6793203203203203,0.3206796796796797,0.4514657121277823,0.5485342878722176,734.2218418936715,432.2213079109976,0.018884366969846137,0.012266785741060184,0.03887987577587588,0.03523509067776722
Bubble,146.22248335341507,0.6783213213213214,0.3216786786786786,0.4522079750997556,0.5477920249002445,733.0970668008031,433.48291701930486,0.018863190470825287,0.012298446956629336,0.03886389568798799,0.0352469639904932
Bubble,146.40121632928026,0.6773223223223224,0.32267767767767763,0.4529577540015777,0.5470422459984222,731.9710144436244,434.7502875283889,0.018841963671320846,0.01233020820804099,0.0388479156001001,0.035258957528784635
Bubble,146.5785313199547,0.6763233233233233,0.32367667667667666,0.4537088201711556,0.5462911798288443,730.8437446804774,436.0164327146654,0.018820688050705973,0.01236190590206123,0.038831935512212215,0.03527097165833982
Bubble,146.75442553202586,0.6753243243243243,0.3246756756756757,0.45446103231086427,0.5455389676891357,729.7152518385516,437.2811969741685,0.01879936340253703,0.012393536431874803,0.03881595542432433,0.03528300411894782
Bubble,146.92896099933233,0.6743253253253254,0.3256746746746746,0.45523998276364736,0.5447600172363526,728.5856198021462,438.5739784805874,0.01877799182820467,0.012425788619705119,0.03879997533643644,0.03529546428828558
Bubble,147.1020155582121,0.6733263263263264,0.3266736736736736,0.4559965399968166,0.5440034600031836,727.4546781817461,439.83840488375586,0.01875656887640967,0.012457341345096653,0.03878399524854855,0.035307566253443085
Bubble,147.27364636027116,0.6723273273273274,0.32767267267267264,0.45675360084935174,0.5432463991506482,726.3225038025546,441.1007445767082,0.018735096465283596,0.012488810518758761,0.03876801516066067,0.03531967627454631
Bubble,147.44389533838321,0.6713283283283283,0.32867167167167166,0.45750675583937483,0.5424932441606252,725.189153367917,442.3560156027066,0.01871357599687547,0.012520080194582403,0.03875203507277277,0.035331723817082224
Bubble,147.6126756853915,0.6703293293293293,0.3296706706706707,0.45826640450427736,0.5417335954957225,724.0545039225477,443.6160091374584,0.018692004237527014,0.012551425281235738,0.03873605498488489,0.03534387523309087
Bubble,147.78002758982865,0.6693303303303304,0.3306696696696696,0.4590266751502106,0.5409733248497893,722.9186094773471,444.874069904279,0.018670382518640588,0.012582690615406398,0.038720074896997005,0.03535603659837029
Bubble,147.94594922907348,0.6683313313313314,0.3316686686686686,0.4597872731327315,0.5402127268672684,721.7814655295673,446.1298625062736,0.018648710661996783,0.012613868450894902,0.03870409480910911,0.03536820319975848
Bubble,148.10878315841686,0.6673323323323324,0.33266766766766764,0.4604499534711213,0.5395500465288786,720.6407213540436,447.2670120308177,0.018626927844554737,0.012642231160296953,0.038688114721221224,0.0353788035007194
Bubble,148.2718388605886,0.6663333333333333,0.33366666666666667,0.46121117356882707,0.5387888264311729,719.5010565283092,448.5180937383064,0.01860515493520591,0.012673231796914928,0.038672134633333334,0.03539098005352432
Bubble,148.43346148871797,0.6653343343343344,0.3346656656656656,0.46197324351673885,0.5380267564832611,718.3601322873578,449.7675260029212,0.018583331444487837,0.01270415964034398,0.038656154545445444,0.0354031702006181
Bubble,148.59364967545014,0.6643353353353354,0.3356646646646646,0.46273611489401884,0.5372638851059811,717.2179446996787,451.01525872630793,0.01856145720789828,0.012735013594061277,0.03864017445755756,0.035415373167456216
Bubble,148.75265834176236,0.6633363363363364,0.3366636636636636,0.46351963201837454,0.5364803679816254,716.0748581804547,452.2847796740001,0.018539541597345655,0.012766342293830467,0.03862419436966967,0.03542790638572912
Bubble,148.90997910204476,0.6623373373373374,0.33766266266266265,0.46428608081224715,0.5357139191877529,714.9301413372086,453.53146291691047,0.018517565617495176,0.012797103025120951,0.03860821428178179,0.035440166577280795
Bubble,149.06602764131327,0.6613383383383383,0.3386616616616617,0.46506410298596035,0.5349358970140397,713.7843900308699,454.7892968045447,0.018495544633272503,0.01282809001818858,0.0385922341938939,0.03545261189777372
Bubble,149.2204736783865,0.6603393393393394,0.3396606606606606,0.46583170384011996,0.53416829615988,712.6371250113218,456.0321295386099,0.018473466165300118,0.012858692720615182,0.038576254106006014,0.03546489051779694
Bubble,149.373479004983,0.6593403403403404,0.3406596596596596,0.4666000109467253,0.5333999890532746,711.4885775850795,457.27318534527524,0.018451336140681365,0.012889220048975488,0.038560274018118124,0.035477180435104914
Bubble,149.52504231772764,0.6583413413413414,0.34165865865865863,0.46736898814562766,0.5326310118543723,710.3387437893856,458.5124272534315,0.018429154392481113,0.012919671221243429,0.03854429393023023,0.03548948107127627
Bubble,149.6751623204579,0.6573423423423423,0.34265765765765765,0.468138600285912,0.5318613997140881,709.1876196501511,459.74981924131873,0.01840692075319317,0.0129500454794533,0.03852831384234234,0.03550179186403348
Bubble,149.82396610357438,0.6563433433433433,0.3436566566566567,0.46889018757416223,0.5311098124258378,708.0353902990437,460.96376697067404,0.01838463996529813,0.012979843919168997,0.03851233375445446,0.03551381432945506
Bubble,149.97119892700158,0.6553443443443444,0.3446556556556556,0.46966248376037534,0.5303375162396246,706.881679045934,462.19911031849847,0.018362302184994957,0.013010103132533082,0.03849635366656657,0.03552616805647933
Bubble,150.1125373514702,0.4325675675675676,0.5674324324324325,0.427633722617191,0.5723662773828091,423.8608314955304,418.3761159706011,0.012133608055390358,0.012003719945006363,0.03493279406756757,0.03485387179035685
Bubble,150.11698491520167,0.6543453453453454,0.3456546546546546,0.4704354993017353,0.5295645006982647,705.7266659683683,463.432721981635,0.018339912021004892,0.013040288359538918,0.03848037357867868,0.03553853329038049
Bubble,150.26132284032602,0.6533463463463464,0.34665365365365364,0.47120922050318015,0.5287907794968199,704.570347109789,464.66459109942775,0.01831746930517645,0.013070399423122346,0.03846439349079079,0.03555090981209092
Bubble,150.40440357200117,0.6523473473473473,0.34765265265265266,0.4720071496246207,0.5279928503753794,703.4130054502766,465.92270249150937,0.018294981331977878,0.013101084780383876,0.038448413402902906,0.0355636735661104
Bubble,150.5457726611692,0.6513483483483484,0.3486516516516516,0.4727173808330674,0.5272826191669325,702.2539606007265,467.0746221117821,0.018272430341441995,0.013129280933523434,0.038432433315015016,0.035575034495543834
Bubble,150.68575910605068,0.6503493493493494,0.3496506506506506,0.47349094309042755,0.5265090569095724,701.0937011969861,468.29855566229935,0.018249828974370823,0.0131591081152852,0.038416453227127126,0.035587408474768795
Bubble,150.82429290476736,0.6493503503503504,0.3506496496496496,0.47426541311637416,0.5257345868836257,699.9321204630455,469.52099992588137,0.018227174387281837,0.013188867348285421,0.038400473139239236,0.03559979697475083
Bubble,150.96137296901065,0.6483513513513514,0.35164864864864864,0.4750408348851143,0.5249591651148857,698.7692145469969,470.7420129416151,0.01820446641335533,0.01321856003569246,0.03838449305135136,0.035612200698905784
Bubble,151.09652932642825,0.6473523523523523,0.35264764764764767,0.4757675542028847,0.5242324457971154,697.604266892988,471.9020335220991,0.01818168631026393,0.013246809644125621,0.03836851296346347,0.03562382537378477
Bubble,151.23068952853683,0.6463533533533534,0.3536466466466466,0.4765424803086916,0.5234575196913084,696.4386825861197,473.117277841362,0.018158870623891432,0.013276303219528721,0.03835253287557558,0.03563622116926587
Bubble,151.36360087548795,0.6453543543543544,0.3546456456456456,0.4773436139459817,0.5226563860540184,695.2720798796561,474.3614142575619,0.01813600935196636,0.013306430272670916,0.038336552787687696,0.03564903618304132
Bubble,151.494732080697,0.6443553553553554,0.3556446446446446,0.4780432089411564,0.5219567910588437,694.1036438719522,475.48202528097954,0.018113081172077015,0.0133336791608311,0.0383205726997998,0.035660226974543636
Bubble,151.62447730072657,0.6433563563563564,0.35664364364364365,0.47880471138643216,0.5211952886135679,692.9339745971764,476.67355383125084,0.018090101665294532,0.013362528070598947,0.038304592611911915,0.03567240804380851
Bubble,151.75199240190696,0.6423573573573574,0.35764264264264256,0.47958197303444416,0.5204180269655558,691.7617655687185,477.8798268044534,0.018067036645286517,0.013391675869914473,0.03828861252402403,0.035684841198856274
Bubble,151.84720747774813,0.6413583583583584,0.3586416416416416,0.4741116986075679,0.525888301392432,690.5403322036125,471.6232197805726,0.018042666214713267,0.013248833884656188,0.038272632436136135,0.03559733814209652
Bubble,151.97134565504814,0.6403593593593594,0.3596406406406406,0.4747616536896002,0.5252383463103999,689.3645255499501,472.66484052335284,0.01801946807249892,0.01327421814395974,0.03825665234824825,0.035607734888584215
Bubble,152.12806778595285,0.6393603603603604,0.36063963963963963,0.48179268639025813,0.518207313609742,688.2405509544355,481.3432868408003,0.017997605959136187,0.013475379003020687,0.03824067226036036,0.03572020399076722
Bubble,152.25049006369463,0.6383613613613613,0.36163863863863865,0.48255732552290326,0.5174426744770967,687.0640741085105,482.5256141524899,0.0179743520499375,0.013503854718600243,0.03822469217247247,0.03573243523479691
Bubble,152.30721225251503,0.6373623623623624,0.36263763763763757,0.47413148986745673,0.5258685101325432,685.7851385495709,472.6714626929939,0.017948397136009535,0.013278163023479351,0.03820871208458459,0.035597654725068824
Bubble,152.4408006161303,0.6363633633633634,0.3636366366366366,0.4761593645993688,0.5238406354006313,684.6278442077258,475.35638770619374,0.017925605433697166,0.013341429959598358,0.0381927319966967,0.03563009281206797
Bubble,152.55517594609515,0.6353643643643644,0.3646356356356356,0.47661887627632077,0.5233811237236792,683.4411967064007,476.1525631192585,0.017902025775762897,0.013361019205450596,0.03817675190880881,0.035637443206803655
Bubble,152.66976875344602,0.6343653653653654,0.36563463463463464,0.47723889243495254,0.5227611075650475,682.255809156321,477.1389333683831,0.017878459386460502,0.013384972108750446,0.03816077182092092,0.035647361047278746
Bubble,152.7807345142148,0.6333663663663665,0.36663363363363355,0.4776823991303274,0.5223176008696727,681.0655712232136,477.9090705861475,0.01785474609456098,0.013403908849346419,0.03814479173303304,0.03565445542472863
Bubble,152.940754276376,0.6323673673673674,0.36763263263263257,0.48365486535175667,0.5163451346482434,679.9547809566046,485.35697134038224,0.017833096590703253,0.013576421971906182,0.03812881164514515,0.035749991591653235
Bubble,152.98322194072145,0.6313683683683684,0.3686316316316316,0.47743013079912355,0.5225698692008763,678.6566290919749,478.0599192483397,0.017806512960665828,0.01340965738138653,0.03811283155725726,0.035650420115275853
Bubble,153.05493745688432,0.5644354354354355,0.4355645645645645,0.4588799259135027,0.5411200740864973,587.4566843915245,456.5388754366981,0.015859134415751097,0.012913472002165314,0.03704216566876877,0.035353689182904977
Bubble,153.09099232530428,0.6303693693693694,0.3696306306306306,0.4780182120584579,0.5219817879415422,677.4639565732137,478.9934828495736,0.017782675744684787,0.013432299635443122,0.03809685146936937,0.0356598271219083
Bubble,153.1004619434741,0.5664334334334334,0.43356656656656656,0.4581834071305083,0.5418165928694916,590.2328453248759,455.86753858386805,0.015920344226045418,0.012898547771902615,0.037074125844544545,0.035342547598800324
Bubble,153.2199357274425,0.6293703703703704,0.37062962962962964,0.4803497236388248,0.5196502763611752,676.3064921000372,482.0395684034906,0.017759743082689048,0.013503597447146666,0.03808087138148149,0.03569712221429901
Bubble,153.23896388305695,0.5704294294294294,0.4295705705705706,0.4553988020067592,0.5446011979932408,595.8945282672997,453.0231296020811,0.016045392509903746,0.012834241835110413,0.0371380461960961,0.035298004776780315
Bubble,153.29764017549363,0.5694304304304305,0.4305695695695695,0.45597328688908867,0.5440267131109113,594.6713181315872,453.79409443575236,0.016019348610558534,0.0128527373387934,0.03712206610820821,0.03530719429440655
Bubble,153.30522796494176,0.5714284284284284,0.42857157157157155,0.4552671601466427,0.5447328398533572,597.376733415615,453.0287453093316,0.016078384852548987,0.012835166630752641,0.03715402628398398,0.03529589902042171
Bubble,153.32520529588155,0.6283713713713714,0.37162862862862855,0.4809554292166301,0.5190445707833699,675.1117974647818,482.99094911828803,0.01773581309500297,0.013526577526262119,0.0380648912935936,0.035706811141292136
Bubble,153.379311834497,0.5744254254254254,0.4255745745745746,0.4540281705586569,0.545971829441343,601.5704690673651,451.80673565590143,0.016170394333774905,0.012807736443834327,0.03720196654764765,0.035276080019073335
Bubble,153.47387838230745,0.6273723723723724,0.3726276276276276,0.4858594756515481,0.5141405243484518,673.9887418138645,489.16447553110646,0.017713745819691026,0.013669441547749411,0.03804891120570571,0.035785256758469726
Bubble,153.4851297615589,0.6263733733733734,0.3736266266266266,0.47908385489199756,0.5209161451080024,672.6425815060094,481.1265871314738,0.01768579390902867,0.013485671340741162,0.03803293111781782,0.03567687325123789
Bubble,153.60450221762133,0.6253743743743744,0.3746256256256256,0.4808122858220944,0.5191877141779055,671.4737106913782,483.437565075729,0.01766248193240803,0.013539953654295328,0.03801695102992993,0.03570452140523881
Bubble,153.70270054350573,0.6243753753753755,0.37562462462462454,0.4813831394509156,0.5186168605490844,670.2711707054826,484.3317850015721,0.01763826434139697,0.01356153029802069,0.038000970942042044,0.0357136528369708
Bubble,153.8185622864771,0.6213783783783784,0.3786216216216216,0.47419789207170887,0.5258021079282911,666.3719480822175,476.1062576247207,0.01755780595571372,0.013374253317720596,0.03795303067837838,0.03559871690136826
Bubble,153.87752729220705,0.6233763763763764,0.37662362362362356,0.4884334376093099,0.51156656239069,669.1961022688921,493.1355519823493,0.017617382213893747,0.013764574099338681,0.03798499085415416,0.035826430111342275
Bubble,153.8784330209028,0.4375625625625626,0.5624374374374375,0.432370297838911,0.567629702161089,438.3126689363126,432.47408551663233,0.012518678585236967,0.012381292902684738,0.03501269450700701,0.034929638521261006
Bubble,153.90668269883744,0.6203793793793794,0.37962062062062063,0.47469130903315065,0.5253086909668494,665.1556038262545,476.88069070395653,0.017533139595016015,0.01339303841091897,0.03793705059049049,0.035606609648425186
Bubble,153.97494479375322,0.6223773773773774,0.3776226226226226,0.4890915212209151,0.510908478779085,667.9946660765953,494.1393501542458,0.017593154327583328,0.013788541024088472,0.03796901076626626,0.035836956882601884
Bubble,154.23913510840327,0.6163833833833834,0.3836166166166166,0.4765280669221881,0.5234719330778119,660.2660351054442,479.7761294672624,0.01743362724284662,0.01346324660090151,0.03787313023893894,0.03563599061129402
Bubble,154.25325991229872,0.6193803803803805,0.38061961961961954,0.4905683347138246,0.5094316652861755,664.373191686678,496.52414304135414,0.0175198954797724,0.013845959577840943,0.03792107050260261,0.03586058013891581
Bubble,154.26518009531878,0.5804194194194194,0.41958058058058056,0.46079271101115254,0.5392072889888475,611.4326678754873,461.5318504115066,0.016393242930252898,0.013043412736921682,0.03729784707497497,0.0353842862846055
Bubble,154.27770565935072,0.5794204204204204,0.4205795795795796,0.46200193031628234,0.5379980696837177,610.1095481322349,462.9524673138845,0.016364779916830666,0.013076412768308026,0.03728186698708708,0.035403629077532285
Bubble,154.30665356974114,0.5784214214214215,0.4215785785785785,0.4616258364217584,0.5383741635782415,608.8199680063815,462.56766614455006,0.016337192501366827,0.013067764360152922,0.0372658868991992,0.03539761304198609
Bubble,154.3185157865594,0.6153843843843844,0.38461561561561564,0.47700355268063893,0.522996447319361,659.0397038552074,480.51158637328706,0.01740859259679139,0.013481007338355128,0.03785715015105105,0.03564359652903477
Bubble,154.34464802698753,0.6183813813813814,0.38161861861861857,0.491242255800556,0.5087577441994441,663.165728711809,497.5354385319165,0.01749542664207361,0.013869990853204405,0.03790509041471472,0.035871360248011276
Bubble,154.39625936168784,0.6143853853853855,0.38561461461461455,0.4774801600870033,0.5225198399129968,657.8115444417954,481.2450464025379,0.017383488495302846,0.013498697692664659,0.03784117006316317,0.03565122038876771
Bubble,154.42184550137395,0.6173823823823824,0.3826176176176176,0.4906379412047678,0.5093620587952321,661.9354040656578,496.97555300626954,0.017470333780758743,0.013858117214071566,0.03788911032682683,0.035861693571305586
Bubble,154.4723625968155,0.6133863863863864,0.38661361361361357,0.47795788995101246,0.5220421100489876,656.5815455523427,481.9765109651097,0.0173583145512692,0.013516317716905186,0.03782518997527528,0.03565886220344539
Bubble,154.52600774031882,0.6123873873873874,0.3876126126126126,0.47769091133614094,0.5223090886638592,655.3139089879239,481.7806669946688,0.017332123864522417,0.013512443855133323,0.03780920988738739,0.03565459158682405
Bubble,154.61465724770605,0.6113883883883884,0.3886116116116116,0.47873147166761176,0.5212685283323882,654.1073967500332,483.2037572818272,0.017307528364741552,0.013546033296711911,0.0377932297994995,0.035671236493942285
Bubble,154.61707839282275,0.6103893893893895,0.38961061061061053,0.47762572977403134,0.5223742702259687,652.752734491282,481.9119611801035,0.017278990383745297,0.013516521512196218,0.037777249711611616,0.03565354893603839
Bubble,154.70060216042475,0.6093903903903904,0.39060960960960955,0.47852569520687577,0.5214743047931242,651.5391884599359,483.15696973471285,0.017254165311502204,0.013545971640746732,0.037761269623723726,0.035667944873098704
Bubble,154.7764455762667,0.6083913913913914,0.3916086086086086,0.4792445914361156,0.5207554085638844,650.3134006365193,484.1726980665609,0.017228994892703204,0.01357007392030643,0.037745289535835835,0.035679444409071254
Bubble,154.83280313731802,0.6073923923923924,0.3926076076076076,0.4788366972092859,0.5211633027907141,649.0546017684718,483.81106550840116,0.017202928207947183,0.013562418486698428,0.037729309447947945,0.03567291969222946
Bubble,154.89057450886494,0.6053943943943945,0.39460560560560554,0.47844056744231783,0.5215594325576821,646.4427919838678,483.47832867429133,0.01714822937062754,0.013555498896367466,0.03769734927217218,0.03566658316086407
Bubble,154.90582326349215,0.6063933933933934,0.3936066066066066,0.4796105149442848,0.5203894850557154,647.8259429709962,484.8860769995895,0.01717763862177255,0.013587838898990947,0.037713329360060055,0.03568529775810028
Bubble,154.9598525149594,0.6033963963963964,0.3966036036036036,0.4774378971083568,0.5225621028916431,643.8537218783114,482.44577282607605,0.01709404143497648,0.013532634120384374,0.0376653890963964,0.03565054434593499
Bubble,154.9661067116155,0.6043953953953954,0.39560460460460456,0.47931908713307514,0.5206809128669247,645.2202984209949,484.6811616324261,0.017123058752602227,0.01358387112150837,0.03768136918428429,0.035680636049689386
Bubble,154.98419757126743,0.6023973973973974,0.3976026026026026,0.47709540348353247,0.5229045965164676,642.5418622441559,482.0972831413268,0.017066452812020124,0.013524937394344341,0.037649409008508515,0.03564506578366294
Bubble,155.00703815541715,0.6013983983983985,0.3986016016016015,0.47679350869790804,0.5232064913020921,641.2278957124906,481.79345396758157,0.017038784774701735,0.013518245088368878,0.037633428920620625,0.03564023664448261
Bubble,155.03785864172903,0.6003993993993995,0.39960060060060054,0.4767586032235186,0.5232413967764813,639.9288669261998,481.8211166639332,0.01701149032651484,0.013519233049818159,0.037617448832732735,0.03563967829302373
Bubble,155.09615711764764,0.5954044044044045,0.40459559559559555,0.4747902723419513,0.5252097276580486,633.2696326105497,479.63804932008566,0.016870298133899814,0.013469879072276597,0.03753754839329329,0.03560819267540909
Bubble,155.09758307724783,0.5924074074074074,0.4075925925925926,0.47400894891957096,0.525991051080429,629.2187910653885,478.727915711843,0.016783818835601275,0.013449039885113432,0.03748960812962963,0.03559569454781235
Bubble,155.09949590636765,0.5944054054054054,0.40559459459459457,0.4745249584019279,0.525475041598072,631.9241516980184,479.3352220849242,0.016841624170783463,0.01346297924136403,0.03752156830540541,0.03560394868709308
Bubble,155.10694261020646,0.5854144144144144,0.41458558558558556,0.4732643459768166,0.5267356540231833,619.7976494079239,477.8687878441083,0.016581995722693137,0.013429397797242181,0.03737774751441442,0.035583783804679754
Bubble,155.10755005210424,0.5934064064064064,0.4065935935935936,0.47441534395468227,0.5255846560453178,630.5878853180867,479.2251392357783,0.0168131714575686,0.013460550267212665,0.03750558821751752,0.035602195283433495
Bubble,155.11308133834603,0.5864134134134135,0.41358658658658654,0.47325535724429263,0.5267446427557075,621.1557774877001,477.8722860429175,0.016611229136981143,0.013429550371297571,0.03739372760230231,0.03558364002001544
Bubble,155.1321275549077,0.5874124124124125,0.4125875875875875,0.47351936635036695,0.5264806336496332,622.5388913436448,478.22333458418353,0.016641105471852984,0.013437820999693173,0.0374097076901902,0.03558786313607711
Bubble,155.16054263975536,0.5814184184184185,0.41858158158158154,0.474946884668128,0.5250531153318719,614.5226360583894,479.9536969430306,0.016469032602209246,0.013477795318842805,0.03731382716286286,0.035610697861839846
Bubble,155.18418138432938,0.5824174174174175,0.4175825825825825,0.4750818140058061,0.5249181859941939,615.9112718036844,480.1649813055939,0.016499181677164902,0.013482911298699284,0.03732980725075075,0.035612856205018285
Bubble,155.20886901785417,0.5834164164164164,0.4165835835835836,0.47528257527843165,0.5247174247215682,617.3023487863998,480.4555919961617,0.0165293703193058,0.013489855122681575,0.037345787338638636,0.03561606760241132
Bubble,155.25486458099402,0.5994004004004004,0.40059959959959957,0.4815501618288563,0.5184498381711438,638.9660433444279,487.9523752037477,0.0169931139573379,0.013661886586557129,0.03760146874484485,0.03571632454363057
Bubble,155.25534187341003,0.5844154154154154,0.4155845845845846,0.4758945549009831,0.524105445099017,618.735395119366,481.27646650525327,0.016560656460809436,0.013509189912146408,0.037361767426526526,0.03562585688965162
Bubble,155.26300731400457,0.5984014014014014,0.4015985985985986,0.480913323699038,0.5190866763009618,637.6287607467945,487.2171099815643,0.016964759100684765,0.013645192185294338,0.037585488656956954,0.03570613761722218
Bubble,155.26586344074505,0.5884114114114114,0.4115885885885886,0.4767927375541765,0.5232072624458234,624.1381117122833,482.3642670191001,0.01667673057642161,0.013534265745199458,0.03742568777807808,0.03564022430919036
Bubble,155.27730880563414,0.5974024024024024,0.4025975975975976,0.48053562742121353,0.5194643725787864,636.3031100335405,486.8025049497093,0.016936689732412632,0.013635887859638629,0.03756950856906907,0.03570009594979247
Bubble,155.27804814549089,0.5894104104104104,0.4105895895895896,0.47709405964458423,0.5229059403554158,625.5081885444957,482.7451482051845,0.01670620525730039,0.01354312101036537,0.03744166786596597,0.035645044287480734
Bubble,155.29023197881494,0.5964034034034035,0.4035965965965965,0.4802043886673263,0.5197956113326737,634.9755248544416,486.4400416921713,0.01690854496329527,0.013627757455722036,0.03755352848118119,0.03569479742156142
Bubble,155.2902527213493,0.5904094094094094,0.40959059059059055,0.4774617690164941,0.5225382309835058,626.8787096944311,483.20422396982934,0.016735666651219464,0.01355376354637946,0.03745764795385386,0.03565092620336474
Bubble,155.30269868571452,0.5914084084084085,0.40859159159159153,0.4779003796638076,0.5220996203361925,628.2500581129058,483.74738946676274,0.016765124994385386,0.013566329371922687,0.03747362804174175,0.03565794226314024
Bubble,156.6423714488619,0.4655345345345346,0.5344654654654655,0.45909881561313726,0.5409011843868626,474.3144259933954,466.8118941866612,0.0133759896760465,0.01320274282924198,0.035460136967867865,0.035357190564429306
Bubble,158.53912232836885,0.46453553553553556,0.5354644644644644,0.4583433798749027,0.5416566201250973,477.7184093218884,470.49977860371524,0.013478058201229761,0.013311595993832977,0.035444156879979975,0.03534510653881694
