Branch,Pressure [bar],x_CO2 [-],x_Ar [-],y_CO2 [-],y_Ar [-],rho_L [kg/m3],rho_V [kg/m3],rho_L_mol_cm3 [mol/cm3],rho_V_mol_cm3 [mol/cm3],M_liq [kg/mol],M_vap [kg/mol]
Dew,34.873803981836424,0.9999108425875349,8.915741246506848e-05,0.999,0.0010000000000000009,927.8103341760705,97.66965003006797,0.02108272990494435,0.002220092544846558,0.04400807382911447,0.0439935039
Dew,34.92524560570356,0.9998214410147652,0.00017855898523477798,0.9980010010010011,0.001998998998998913,927.7201511087152,97.78065206440394,0.021081365721137505,0.002223423321471173,0.044006643752616294,0.04397752381211212
Dew,34.97685136493649,0.9997317045450154,0.00026829545498463503,0.9970020020020021,0.0029979979979979365,927.629605452305,97.89207203589012,0.021079995775187738,0.002226766026461178,0.04400520831907252,0.04396154372422423
Dew,35.02862200413495,0.9996416315123882,0.0003583684876118376,0.996003003003003,0.00399699699699696,927.5386953259945,98.00391164385208,0.02107862003605279,0.0022301207114981147,0.04400376750183532,0.04394556363633634
Dew,35.08055827170155,0.9995512202413928,0.00044877975860724284,0.995004004004004,0.004995995995995983,927.4474188375242,98.11617260139697,0.021077238472492908,0.0022334874286524475,0.04400232127410335,0.04392958354844845
Dew,35.132660919902655,0.9994604690468266,0.0005395309531733838,0.9940050050050051,0.0059949949949948955,927.3557740831038,98.22885663560379,0.021075851053068924,0.0022368662303885976,0.04400086960891995,0.043913603460560564
Dew,35.18493070491279,0.9993693762336574,0.0006306237663425973,0.9930060060060061,0.006993993993993919,927.2637591472675,98.3419654876334,0.02107445774613975,0.002240257169568174,0.043999412479171204,0.043897623372672674
Dew,35.23736838686012,0.9992779400969032,0.0007220599030968167,0.9920070070070071,0.007992992992992942,927.1713721027252,98.4555009128461,0.021073058519859772,0.0022436602994533677,0.043997949857584075,0.04388164328478479
Dew,35.289974729883006,0.9991861589215119,0.0008138410784881422,0.991008008008008,0.008991991991991966,927.07861101023,98.56946468096893,0.02107165334217666,0.002247075673711502,0.0439964817167244,0.0438656631968969
Dew,35.34275050217253,0.9990940309822395,0.0009059690177605217,0.990009009009009,0.009990990990990989,926.9854739184265,98.68385857619857,0.021070242180828667,0.0022505033464181134,0.043995008028995,0.043849683109009004
Dew,35.39569647603723,0.9990015545435268,0.000998445456473207,0.9890100100100101,0.010989989989989901,926.8919588637194,98.79868439740807,0.02106882500334249,0.0022539433720624117,0.04399352876663371,0.04383370302112113
Bubble,35.39658622407286,0.999,0.0010000000000000009,0.988993248899386,0.011006751100613998,926.8903866128373,98.80061453361557,0.021068801173912344,0.002254001191997889,0.0439935039,0.043833434908719465
Dew,35.44881342793601,0.9989087278593753,0.001091272140624655,0.9880110110110111,0.011988988988988925,926.7980638701088,98.91394395820245,0.0210674017770303,0.0022573958055493084,0.04399204390171135,0.04381772293323324
Dew,35.50210213854571,0.9988155491732222,0.001184450826777761,0.987012012012012,0.012987987987987948,926.7037869490568,99.02963908713944,0.02106597246898756,0.002260860702205208,0.043990553406129784,0.043801742845345354
Dew,35.55556339280093,0.998722016717813,0.0012779832821869785,0.986013013013013,0.013986986986986971,926.6091260993275,99.14577162781728,0.021064537046090178,0.0022643381177807863,0.04398905725161981,0.043785762757457464
Dew,35.60919797994681,0.9986281287150744,0.001371871284925552,0.9850140140140141,0.014985985985985883,926.5140793068372,99.26234343902522,0.021063095474991987,0.0022678281084552014,0.043987555409739205,0.043769782669569574
Dew,35.66300669361442,0.9985338833759847,0.0014661166240153012,0.9840150150150151,0.015984984984984907,926.4186445445202,99.37935639499864,0.02106164772212247,0.002271330730842708,0.043986047851870595,0.04375380258168168
Dew,35.71699033183656,0.9984392789004434,0.0015607210995566279,0.9830160160160161,0.01698398398398393,926.3228197721437,99.49681238539425,0.021060193753683443,0.0022748460419928862,0.043984534549219384,0.0437378224937938
Dew,35.77114969712885,0.9983443134771395,0.0016556865228605222,0.982017017017017,0.017982982982982954,926.2266029361675,99.61471331557229,0.021058733535646714,0.0022783740993978885,0.04398301547281167,0.04372184240590591
Dew,35.825485596539025,0.9982489852834184,0.001751014716581567,0.981018018018018,0.018981981981981977,926.1299919695982,99.73306110672904,0.021057267033751628,0.0022819149609962838,0.04398149059349209,0.04370586231801802
Dew,35.87999884169077,0.9981532924851475,0.001846707514852497,0.9800190190190191,0.01998098098098089,926.0329847918036,99.85185769600234,0.02105579421350171,0.0022854686851762874,0.043979959881921674,0.04368988223013013
Dew,35.93469024885064,0.9980572332365802,0.0019427667634197565,0.9790200200200201,0.020979979979979912,925.9355793083705,99.97110503668692,0.02105431504016234,0.0022890353307815133,0.04397842330857566,0.043673902142242246
Bubble,35.96669188878084,0.9980010010010011,0.001998998998998913,0.9784369836486173,0.02156301635138269,925.8785465153637,100.04090916613941,0.021053448813331363,0.002291122889780065,0.04397752381211212,0.04366457583414165
Dew,35.98956063897845,0.9979608056802184,0.002039194319781612,0.9780210210210211,0.021978978978978936,925.837773410935,100.09080509837082,0.021052829478757758,0.0022926149571149356,0.043976880843741344,0.043657922054354356
Dew,36.04461083778384,0.997864007946674,0.0021359920533260413,0.977022022022022,0.02297797797797796,925.7395649770178,100.2109598671002,0.02105133749406823,0.002296207623943503,0.043975332457515795,0.043641941966466466
Dew,36.09984167578765,0.9977668381545286,0.0022331618454713986,0.976023023023023,0.023976976976976982,925.640951869864,100.33157134556747,0.021049839050627316,0.0022998133915032998,0.04397377811980365,0.043625961878578576
Dew,36.15525398836061,0.997669294410192,0.0023307055898079687,0.9750240240240241,0.024975975975975895,925.541931938254,100.45264155319218,0.021048334112718475,0.0023034323205022647,0.04397221780031487,0.04360998179069069
Dew,36.21084861580571,0.9975713748077587,0.002428625192241296,0.9740250250250251,0.025974974974974918,925.4425030163641,100.57417252640569,0.02104682264437282,0.0023070644721275824,0.0439706514685624,0.04359400170280281
Dew,36.266626403404956,0.9974730774288629,0.002526922571137069,0.9730260260260261,0.02697397397397394,925.3426629235694,100.69616631876939,0.021045304609365607,0.0023107099080492753,0.04396907909385984,0.04357802161491492
Dew,36.32258820147422,0.9973744003425322,0.002625599657467781,0.972027027027027,0.027972972972972965,925.2424094642762,100.81862500113078,0.02104377997121331,0.0023143686904246734,0.04396750064531919,0.04356204152702703
Dew,36.37873486542513,0.9972753416050403,0.0027246583949597225,0.9710280280280281,0.028971971971971877,925.1417404277479,100.941550661811,0.021042248693170666,0.0023180408819036126,0.043965916091848384,0.043546061439139146
Dew,36.43506725582941,0.9971758992597564,0.0028241007402436402,0.9700290290290291,0.0299709709709709,925.0406535879264,101.06494540680447,0.02104071073822755,0.0023217265456339287,0.043964325402148986,0.043530081351251255
Dew,36.49158623847468,0.9970760713369937,0.002923928663006281,0.9690300300300301,0.030969969969969924,924.9391467032497,101.18881135993755,0.02103916606910581,0.0023254257452660137,0.04396272854471369,0.043514101263363365
Bubble,36.533500857843904,0.9970020020020021,0.0029979979979979365,0.9682912959030969,0.03170870409690307,924.8638132665455,101.280710598485,0.02103801948057879,0.0023281699340419112,0.04396154372422423,0.043502284398395534
Dew,36.54829268442108,0.9969758558538583,0.0030241441461417162,0.968031031031031,0.03196896896896895,924.8372175164634,101.31315066303097,0.021037614648255983,0.002329138544957477,0.043961125487823896,0.043498121175475475
Dew,36.60518747007637,0.9968752508140918,0.0031247491859082155,0.967032032032032,0.03296796796796797,924.7348637544513,101.43796547614832,0.021036056437854393,0.002332865009379789,0.04395951619954729,0.043482141087587585
Dew,36.66227147724671,0.9967742542079169,0.0032257457920831234,0.9660330330330331,0.03396696696696688,924.6320831280361,101.56325797772965,0.021034491399799682,0.0023366052037223006,0.04395790064773526,0.0434661609996997
Dew,36.719545593197886,0.9966728640118779,0.0033271359881220652,0.9650340340340341,0.034965965965965906,924.5288733317881,101.68903036477482,0.021032919495709426,0.0023403591936974177,0.043956278800020405,0.04345018091181182
Dew,36.77701071072767,0.9965710781886808,0.003428921811319152,0.9640350350350351,0.03596496496496493,924.4252320438399,101.8152848530766,0.021031340686916988,0.002344127045546925,0.043954650623813964,0.04343420082392393
Dew,36.834667728221305,0.9964688946870321,0.0035311053129678527,0.963036036036036,0.03696396396396395,924.3211569256891,101.94202367737665,0.02102975493446805,0.0023479088260465572,0.04395301608630324,0.04341822073603603
Dew,36.89251754972635,0.9963663114414741,0.0036336885585258605,0.9620370370370371,0.037962962962962865,924.2166456220132,102.06924909160914,0.02102816219911744,0.002351704602512593,0.04395137515444897,0.04340224064814815
Dew,36.95056108500206,0.9962633263722188,0.003736673627781184,0.9610380380380381,0.03896196196196189,924.1116957604416,102.19696336902662,0.021026562441325048,0.0023555144428057517,0.04394972779498265,0.04338626056026027
Dew,37.00879924960353,0.9961599373849811,0.003840062615018902,0.9600390390390391,0.03996096096096091,924.0063049513884,102.32516880248701,0.021024955621253057,0.0023593384153388153,0.043948073974403895,0.04337028047237238
Dew,37.067232964935585,0.996056142370809,0.003943857629191028,0.9590400400400401,0.040959959959959935,923.9004707878331,102.45386770459895,0.021023341698762073,0.0023631765890809956,0.0439464136589777,0.04335430038448449
Bubble,37.097135810245604,0.996003003003003,0.00399699699699696,0.958530101067793,0.04146989893220698,923.8462757389318,102.51975194698362,0.02102251511401826,0.002365141256510784,0.04394556363633634,0.04334614334969053
Dew,37.125863158323995,0.9959519392059107,0.004048060794089259,0.958041041041041,0.04195895895895896,923.7941908451054,102.58306240794703,0.02102172063340732,0.002367029033564159,0.04394474681473167,0.0433383202965966
Dew,37.18469076308694,0.9958473257514822,0.00415267424851784,0.9570420420420421,0.04295795795795787,923.6874626806956,102.71275526531889,0.02102009238443542,0.002370895818889106,0.04394307340745329,0.04332234020870871
Dew,37.24371671859671,0.9957422998535299,0.004257700146470089,0.9560430430430431,0.043956956956956894,923.580283834027,102.84294864988439,0.02101845691078038,0.0023747770157307576,0.04394139340268705,0.04330636012082083
Dew,37.302941970357864,0.9956368593426943,0.0043631406573056974,0.9550440440440441,0.04495595595595592,923.4726518262532,102.97364495545227,0.02101681417106006,0.0023786726953451457,0.04393970676573168,0.04329038003293294
Dew,37.36236747007111,0.9955310020340682,0.004468997965931809,0.9540450450450451,0.04595495495495494,923.3645641600332,103.1048465966595,0.021015164123572277,0.002382582929574858,0.043938013461637164,0.04327439994504505
Dew,37.4219941757007,0.9954247257270149,0.004575274272985097,0.9530460460460461,0.04695395395395385,923.2560183193103,103.23655600917573,0.021013506726290897,0.0023865077908548507,0.0439363134552019,0.04325841985715716
Dew,37.48182305156651,0.9953180282049833,0.004681971795016726,0.9520470470470471,0.047952952952952876,923.1470117691051,103.36877565002268,0.02101184193686229,0.0023904473522209277,0.04393460671096973,0.043242439769269274
Dew,37.5418550683879,0.9952109072353211,0.004789092764678871,0.9510480480480481,0.0489519519519519,923.0375419552702,103.50150799766793,0.021010169712600984,0.0023944016873130225,0.04393289319322692,0.043226459681381384
Dew,37.60209120337754,0.9951033605690855,0.004896639430914451,0.9500490490490491,0.04995095095095092,922.9276063042705,103.63475555235162,0.021008490010485856,0.0023983708703838743,0.04393117286599915,0.043210479593493493
Bubble,37.657709134857875,0.995004004004004,0.004995995995995983,0.9491296401285926,0.05087035987140742,922.8260149281291,103.75784329390454,0.021006937475525476,0.002402036980959658,0.04392958354844845,0.04319577263646099
Dew,37.66253244031176,0.994995385940851,0.005004614059148982,0.94905005005005,0.050949949949949946,922.817202222958,103.76852083630145,0.021006802787156224,0.0024023549763051376,0.04392944569304845,0.04319449950560561
Dew,37.723179769601764,0.9948869810685159,0.005113018931484081,0.9480510510510511,0.05194894894894886,922.706327098329,103.90280639395249,0.021005107998907542,0.0024063540805736245,0.04392771163787009,0.04317851941771771
Dew,37.78403418836861,0.9947781436531051,0.005221856346894871,0.9470520520520521,0.05294794794794788,922.5949782972858,104.03761479218385,0.02100340560168728,0.0024103682593179347,0.04392597066368944,0.04316253932982984
Dew,37.84509670052897,0.9946688713785715,0.0053311286214284825,0.9460530530530531,0.053946946946946905,922.4831531664045,104.17294862060336,0.021001695551090844,0.0024143975893062366,0.04392422273345877,0.04314655924194195
Dew,37.90636831686816,0.9945591619115939,0.005440838088406119,0.9450540540540541,0.05494594594594593,922.3708490316887,104.30881049177385,0.020999977802357316,0.0024184421479526864,0.043922467809854045,0.043130579154054056
Dew,37.967850055111086,0.9944490129013731,0.005550987098626892,0.9440550550550552,0.05594494494494484,922.2580631983149,104.44520304142794,0.020998252310364892,0.002422502013323614,0.043920705855271656,0.043114599066166166
Dew,38.02954294001608,0.9943384219794252,0.0056615780205747646,0.9430560560560561,0.056943943943943864,922.1447929503952,104.58212892878934,0.020996519029626855,0.0024265772641461846,0.04391893683182509,0.04309861897827828
Dew,38.09144800344421,0.9942273867593708,0.005772613240629165,0.9420570570570571,0.05794294294294289,922.0310355507072,104.71959083677858,0.02099477791428673,0.0024306679798144016,0.04391716070134157,0.04308263889039039
Dew,38.15356628444577,0.9941159048367242,0.005884095163275815,0.9410580580580581,0.05894194194194191,921.9167882404553,104.85759147229795,0.020993028918114203,0.002434774240396957,0.04391537742535872,0.0430666588025025
Bubble,38.215324205976266,0.9940050050050051,0.0059949949949948955,0.9400682444727856,0.059931755527214414,921.8031049788497,104.99485541047318,0.020991288173532244,0.0024388581133208717,0.043913603460560564,0.04305082564541113
Dew,38.21589882934522,0.9940039737886779,0.005996026211322114,0.9400590590590591,0.059940940940940934,921.802048238998,104.99613356650903,0.020991271994500273,0.0024388961266449322,0.04391358696512107,0.04305067871461462
Dew,38.27844669181946,0.9938915911738836,0.006108408826116407,0.9390600600600602,0.06093993993993985,921.686812743589,105.13521987507752,0.02098950709645275,0.002443033719998755,0.04391178928157656,0.043034698626726736
Dew,38.341210932982705,0.9937787545322326,0.006221245467767367,0.9380610610610611,0.06193893893893887,921.5710789291034,105.27485317844864,0.02098773417659143,0.0024471871025958784,0.04390998433537305,0.043018718538838846
Dew,38.40419262147914,0.993665461384632,0.006334538615368035,0.9370620620620621,0.0629379379379379,921.4548439477803,105.41503628215705,0.020985953187143646,0.002451356357279287,0.04390817208685471,0.04300273845095095
Dew,38.46739283356116,0.993551709232776,0.006448290767223974,0.9360630630630631,0.06393693693693692,921.3381049289262,105.55577201706988,0.020984164079938934,0.0024555415676044577,0.04390635249605841,0.04298675836306306
Dew,38.5308126531813,0.9934374955589201,0.006562504441079864,0.9350640640640641,0.06493593593593594,921.2208589786615,105.69706323969135,0.020982366806404747,0.002459742817847775,0.04390452552271005,0.042970778275175175
Dew,38.59445317208039,0.9933228178256428,0.006677182174357199,0.9340650650650651,0.06593493493493485,921.1031031796138,105.83891283244989,0.02098056131756095,0.0024639601930145603,0.043902691126220764,0.04295479818728729
Dew,38.65831548987873,0.9932076734756143,0.006792326524385661,0.9330660660660661,0.06693393393393388,920.9848345906491,105.98132370399756,0.020978747564015146,0.002468193778847395,0.04390084926568328,0.04293881809939941
Dew,38.72240071416212,0.9930920599313543,0.0069079400686457015,0.9320670670670671,0.0679329329329329,920.8660502465701,106.1242987894853,0.020976925495957376,0.0024724436618339105,0.04389899989986794,0.04292283801151152
Bubble,38.77007661192303,0.9930060060060061,0.006993993993993919,0.9313261200853927,0.06867387991460727,920.7776141956887,106.23070782246266,0.02097556868577297,0.0024756063270745424,0.043897623372672674,0.042910985749497955
Dew,38.78670996058148,0.9929759745949917,0.0070240254050083495,0.9310680680680681,0.06893193193193192,920.7467471578307,106.26784105089978,0.020975095063155123,0.0024767099292160215,0.043897142987218946,0.04290685792362363
Dew,38.851244352943546,0.9928594148480148,0.007140585151985235,0.9300690690690692,0.06993093093093083,920.6269223102239,106.41195347735824,0.020973256214947774,0.0024809926689982106,0.043895278485850335,0.042890877835735745
Dew,38.916005023301906,0.9927423780510272,0.007257621948972837,0.9290700700700701,0.07092992992992986,920.5065726645953,106.55663908540303,0.02097140890024166,0.0024852919699558176,0.04389340635354204,0.042874897747847855
Dew,38.98099311205611,0.9926248615434907,0.007375138456509278,0.9280710710710711,0.07192892892892888,920.3856951565207,106.70190091933408,0.020969553067504306,0.002489607921644229,0.043891526547735836,0.042858917659959965
Dew,39.046209768047255,0.9925068626434715,0.0074931373565284565,0.9270720720720721,0.0729279279279279,920.2642866960031,106.84774205152253,0.02096768866475917,0.002493940614407662,0.04388963902553124,0.042842937572072075
Dew,39.111656148661545,0.9923883786473792,0.007611621352620834,0.9260730730730731,0.07392692692692693,920.1423441671533,106.99416558276086,0.020965815639579992,0.002498290139388803,0.043887743743681346,0.04282695748418419
Dew,39.17733341992271,0.9922694068297033,0.0077305931702966735,0.9250740740740742,0.07492592592592584,920.0198644278712,107.14117464256019,0.0209639339390852,0.002502656588537249,0.043885840658588623,0.0428109773962963
Dew,39.243242756592416,0.9921499444427465,0.007850055557253488,0.9240750750750751,0.07592492492492486,919.8968443095116,107.28877238948391,0.020962043509932,0.0025070400546188067,0.04388392972630061,0.04279499730840841
Dew,39.30938534228267,0.9920299887163531,0.007970011283646938,0.9230760760760761,0.07692392392392389,919.7732806165685,107.43696201153496,0.02096014429831085,0.0025114406312260694,0.04388201090250566,0.04277901722052052
Bubble,39.32205274337471,0.9920070070070071,0.007992992992992942,0.9228851524901266,0.07711484750987341,919.7496035300112,107.4653505918859,0.020959780324564976,0.0025122835953502996,0.04388164328478479,0.04277596318774732
Dew,39.37576236954375,0.9919095368576344,0.008090463142365611,0.9220770770770771,0.07792292292292291,919.6491701263216,107.58574672642956,0.020958236249939206,0.0025158584127863656,0.04388008414252841,0.04276303713263264
Dew,39.44237503999446,0.9917885860506896,0.008211413949310353,0.9210780780780782,0.07892192192192182,919.5245095885234,107.7351297820637,0.02095631931005611,0.00252029349457423,0.04387814940132544,0.04274705704474475
Dew,39.5092245643887,0.9916671334563242,0.008332866543675821,0.9200790790790792,0.07992092092092085,919.3992957250166,107.88511445668784,0.02095439342341525,0.002524745972717077,0.043876206633480706,0.04273107695685686
Dew,39.57631216276752,0.9915451762117596,0.008454823788240362,0.9190800800800801,0.08091991991991987,919.2735252294151,108.03570405947039,0.02095245853427951,0.0025292159442099863,0.04387425579320093,0.04271509686896897
Dew,39.643639064541034,0.9914227114303462,0.008577288569653785,0.9180810810810811,0.08191891891891889,919.147194766742,108.18690193074018,0.020950514586414577,0.0025337035069230075,0.043872296834310966,0.042699116781081084
Dew,39.711206508597414,0.9912997362012659,0.00870026379873412,0.9170820820820821,0.08291791791791792,919.0203009730513,108.33871144235073,0.020948561523082148,0.0025382087596113293,0.04387032971024907,0.0426831366931932
Dew,39.77901574343677,0.9911762475892338,0.008823752410766161,0.9160830830830832,0.08391691691691683,918.8928404550908,108.49113599815811,0.020946599287034132,0.00254273180192814,0.04386835437406214,0.04266715660530531
Dew,39.84706802726612,0.9910522426341902,0.008947757365809772,0.9150840840840841,0.08491591591591585,918.7648097899006,108.64417903431864,0.020944627820505463,0.002547272734433286,0.04386637077840077,0.04265117651741742
Bubble,39.871333524015995,0.991008008008008,0.008991991991991966,0.9147287320873472,0.08527126791265283,918.7191300192751,108.69876710241681,0.020943924314913043,0.002548892305212335,0.0438656631968969,0.04264549227134242
Dew,39.915364628118034,0.9909277183509982,0.009072281649001757,0.9140850850850851,0.08591491491491487,918.6362055244564,108.79784401969451,0.020942647065207834,0.0025518316586044883,0.043864378875514407,0.04263519642952953
Dew,39.983906823975474,0.9908026717291257,0.009197328270874272,0.9130860860860861,0.0869139139139139,918.507024175281,108.95213445628566,0.020940656962322897,0.002556408676849194,0.04386237861724627,0.04261921634164165
Dew,40.05269590287887,0.9906770997323302,0.009322900267669798,0.9120870870870871,0.08791291291291292,918.3772622280492,109.10705387957964,0.02093865745249517,0.002561003892514533,0.04386036995502833,0.04260323625375376
Dew,40.121733163061464,0.9905509992983352,0.009449000701664767,0.9110880880880882,0.08891191191191183,918.2469161372063,109.26260585902946,0.020936648475825437,0.0025656174099003026,0.0438583528398761,0.04258725616586587
Dew,40.191019913053935,0.9904243673385025,0.009575632661497524,0.9100890890890891,0.08991091091091086,918.1159823255487,109.41879399838916,0.020934629971863218,0.002570249334268635,0.04385632722238342,0.042571276077977976
Dew,40.26055747182325,0.9902972007375022,0.009702799262497841,0.9090900900900901,0.09090990990990988,917.9844571838368,109.57562193620495,0.020932601879600006,0.002574899771857349,0.04385429305271716,0.04255529599009009
Dew,40.330347168888366,0.990169496352973,0.009830503647026978,0.9080910910910911,0.0919089089089089,917.852337070368,109.73309334619897,0.0209305641374617,0.002579568829890803,0.04385225028061179,0.0425393159022022
Dew,40.400390344452255,0.9900412510151808,0.009958748984819188,0.9070920920920922,0.09290790790790782,917.7196183105633,109.89121193772645,0.02092851668330129,0.0025842566165924963,0.04385019885536393,0.04252333581431432
Bubble,40.417993080285015,0.990009009009009,0.009990990990990989,0.9068415986546186,0.09315840134538145,917.6862453862099,109.93096079497542,0.020928001762404284,0.002585434992712193,0.043849683109009004,0.042519328896239154
Dew,40.47068834953107,0.9899124615266714,0.01008753847332855,0.9060930930930932,0.09390690690690684,917.586297196538,110.04998145621762,0.02092645945439127,0.002588963241197348,0.043848138725826796,0.04250735572642643
Dew,40.541242546079495,0.9897831246619172,0.010216875338082798,0.9050940940940941,0.09490590590590586,917.4523699866676,110.20940568360201,0.02092439238741594,0.002593688813963581,0.0438460698404045,0.04249137563853854
Dew,40.612054307129824,0.9896532371669581,0.010346762833041923,0.9040950950950951,0.09590490490490489,917.3178329051507,110.36948843879296,0.020922315418463715,0.0025984334461860536,0.04384399214704638,0.042475395550650656
Dew,40.68312501693285,0.98952279575904,0.010477204240959992,0.9030960960960961,0.09690390390390391,917.1826821415724,110.53023357817855,0.02092022848301942,0.002603197250209778,0.04384190559324118,0.042459415462762766
Dew,40.75445607107067,0.9893917971262429,0.010608202873757078,0.9020970970970972,0.09790290290290282,917.0469138504232,110.69164499598476,0.02091813151595562,0.0026079803394404443,0.0438398101260111,0.04244343537487488
Dew,40.82604887662653,0.9892602379271069,0.010739762072893067,0.9010980980980982,0.09890190190190185,916.9105241506713,110.85372662489479,0.020916024451525298,0.002612782828361025,0.043837705691905794,0.04242745528698699
Dew,40.897904852305196,0.9891281147902508,0.010871885209749244,0.9000990990990991,0.09990090090090087,916.7735091252675,111.01648243644313,0.020913907223352846,0.0026176048325430874,0.04383559223699633,0.04241147519909911
Bubble,40.96209987595039,0.9890100100100101,0.010989989989989901,0.899209703372771,0.10079029662722905,916.65099701538,111.16195228693978,0.02091201367526934,0.0026219143140059193,0.04383370302112113,0.042397248336121185
Dew,40.9700254285795,0.9889954243139841,0.011004575686015872,0.8991001001001001,0.10089989989989989,916.6358648206827,111.17991644152596,0.020911779764426024,0.002622446468660892,0.043833469706868924,0.04239549511121122
Dew,41.042412047837715,0.9888621630659172,0.011137836934082768,0.8981011011011012,0.1018988988988988,916.4975872464258,111.34403269091557,0.020909642007087375,0.0026273078545056027,0.04383133804661872,0.04237951502332333
Dew,41.115066164534895,0.9887283275825578,0.011271672417442202,0.8971021021021022,0.10289789789789783,916.3586723745475,111.5088352757878,0.020907493883025423,0.0026321891089998496,0.04382919720084336,0.04236353493543544
Dew,41.18798924533445,0.988593914368908,0.011406085631092022,0.8961031031031031,0.10389689689689685,916.2191161391409,111.67432832820823,0.02090533532326583,0.0026370903522113407,0.0438270471136365,0.04234755484754755
Dew,41.261182769259584,0.9884589198980499,0.011541080101950096,0.8951041041041041,0.10489589589589587,916.0789144358316,111.84051602165667,0.020903166258162346,0.002642011705367415,0.0438248877285812,0.042331574759659665
Dew,41.33464822786105,0.9883233406107303,0.01167665938926965,0.8941051051051051,0.1058948948948949,915.9380631212767,112.00740257162728,0.02090098661738795,0.002646953290871417,0.04382271898874331,0.042315594671771775
Dew,41.40838712535398,0.9881871729149319,0.011812827085068145,0.8931061061061062,0.10689389389389381,915.7965580126222,112.17499223608502,0.020898796329925196,0.0026519152323157004,0.04382054083666455,0.042299614583883885
Dew,41.482400978787965,0.9880504131854421,0.011949586814557933,0.8921071071071072,0.10789289289289283,915.6543948869778,112.34328931607249,0.0208965953240569,0.0026568976544982365,0.04381835321435565,0.042283634495995995
Bubble,41.50371680320837,0.9880110110110111,0.011988988988988925,0.8918200866148829,0.10817991338511712,915.6134279297405,112.39177379056608,0.0208959609636698,0.00265833294822436,0.04381772293323324,0.04227904328750033
Dew,41.55669131821129,0.9879130577634148,0.01208694223658524,0.8911081081081081,0.10889189189189186,915.5115694808845,112.51229815628662,0.02089438352735672,0.002661900683438531,0.04381615606328936,0.04226765440810811
Dew,41.63125968682452,0.987775102955922,0.012224897044078031,0.8901091091091091,0.10989089089089088,915.3680774897475,112.68202314560699,0.02089216086667906,0.0026669244463924397,0.043813949324393225,0.04225167432022023
Dew,41.706107641154226,0.9876365450355022,0.012363454964497755,0.8891101101101102,0.11088988988988979,915.22391456729,112.85246871771275,0.02088992726814937,0.0026719690718691146,0.0438117329380424,0.04223569423233234
Dew,41.78123675121877,0.9874973802396969,0.01250261976030309,0.8881111111111112,0.11188888888888882,915.0790763249774,113.023639351662,0.020887682657153968,0.002677034689647097,0.043809506844052215,0.04221971414444445
Dew,41.85664860070222,0.9873576047705835,0.012642395229416459,0.8871121121121122,0.11288788788788784,914.9335583314418,113.1955395725057,0.02088542695832973,0.002682121430791269,0.04380727098167073,0.04220373405655656
Dew,41.932344787124045,0.9872172147942987,0.012782785205701308,0.8861131131131131,0.11388688688688686,914.7873561118932,113.3681739518808,0.02088316009555374,0.0026872294276693485,0.04380502528957109,0.042187753968668674
Dew,42.0083269220176,0.9870762064405529,0.012923793559447061,0.8851141141141141,0.11488588588588589,914.6404651475151,113.54154710864164,0.020880881991932415,0.002692358813969328,0.04380276970584373,0.042171773880780784
Bubble,42.04290225225387,0.987012012012012,0.012987987987987948,0.8846607697629393,0.11533923023706072,914.5735777372122,113.62046847684383,0.020879844461129712,0.002694693612362761,0.043801742845345354,0.042164522139204956
Dew,42.084596631122146,0.9869345758021387,0.013065424197861275,0.8841151151151152,0.1158848848848848,914.4928808748743,113.71566370954937,0.02087859256979118,0.0026975097247183342,0.04380050416798859,0.042155793792892894
Dew,42.16115555453512,0.9867923189344312,0.0132076810655688,0.8831161161161162,0.11688388388388382,914.3445986852788,113.89052846978134,0.020876291750662884,0.0027026822962972524,0.04379822861290706,0.042139813705005004
Dew,42.238005346931416,0.9866494318548763,0.013350568145123698,0.8821171171171172,0.11788288288288284,914.1956139241644,114.06614615373958,0.020873979455277008,0.0027078766664624877,0.04379594297689379,0.04212383361711712
Dew,42.315147677732824,0.9865059105424753,0.013494089457524727,0.8811181181181181,0.11888188188188187,914.0459218904502,114.24252157563299,0.02087165560354815,0.0027130929743624044,0.0437936471956285,0.04210785352922923
Dew,42.39258423129699,0.9863617509372561,0.013638249062743912,0.8801191191191192,0.11988088088088078,913.8955178358797,114.41965960014593,0.020869320114564292,0.002718331360555847,0.043791341204167444,0.04209187344134135
Dew,42.47031670713655,0.9862169489397413,0.013783051060258678,0.8791201201201202,0.1208798798798798,913.7443969643833,114.59756514323928,0.02086697290657554,0.0027235919670338623,0.043789024936935,0.04207589335345345
Dew,42.54834682007988,0.9860715004104,0.013928499589599963,0.8781211211211212,0.12187887887887883,913.5925544313669,114.77624317268811,0.02086461389698132,0.0027288749372351984,0.043786698327714806,0.04205991326556556
Bubble,42.5797101375969,0.986013013013013,0.013986986986986971,0.8777206594240398,0.12227934057596024,913.5314825663085,114.84808649998388,0.020863664922925625,0.002730998993681144,0.043785762757457464,0.042053507440212884
Dew,42.62667630049867,0.9859254011690973,0.014074598830902674,0.8771221221221221,0.12287787787787785,913.4399853430598,114.95569870891691,0.020862243002318887,0.0027341804160689273,0.043784361309641,0.04204393317767768
Dew,42.705306894509,0.9857786469945266,0.014221353005473447,0.8761231231231231,0.12387687687687687,913.2866847557975,115.13593682571344,0.02085986013825052,0.00273950854993422,0.04378201381518915,0.04202795308978979
Dew,42.784240364169506,0.9856312336236416,0.014368766376358422,0.8751241241241242,0.12487587587587579,913.1326476753218,115.31696265092747,0.02085746521955102,0.0027448594867398157,0.04377965577616713,0.04201197300190191
Dew,42.86347848769812,0.985483156751069,0.014516843248930988,0.8741251251251252,0.1258748748748748,912.9778690560485,115.49878136725096,0.02085505816009469,0.0027502333759254717,0.04377728712370578,0.04199599291401402
Dew,42.94302305968924,0.9853344120285182,0.014665587971481764,0.8731261261261262,0.12687387387387383,912.8223438003436,115.6813982129973,0.020852638872842468,0.002755630368483435,0.043774907788249384,0.04198001282612614
Dew,43.022875891328155,0.9851849950641749,0.014815004935825105,0.8721271271271271,0.12787287287287286,912.6660667577651,115.86481848286682,0.02085020726982835,0.0027610506169796476,0.04377251769954605,0.04196403273823824
Dew,43.10303881061115,0.9850349014220892,0.01496509857791084,0.8711281281281281,0.12887187187187188,912.509032724305,116.0490475287343,0.020847763262145907,0.002766494275575509,0.04377011678663788,0.04194805265035035
Bubble,43.11419037056946,0.9850140140140141,0.014985985985985883,0.8709894625611082,0.1290105374388918,912.4871754470998,116.07468345848018,0.020847423034647504,0.0027672517360943557,0.043769782669569574,0.04194583454207375
Dew,43.18351366257693,0.9848841266215499,0.015115873378450106,0.8701291291291292,0.1298708708708708,912.3512364416163,116.23409076048557,0.020845306759934505,0.0027719615000508743,0.043767704977850985,0.041932072562462466
Dew,43.26430230953231,0.9847326661364495,0.015267333863550503,0.8691301301301302,0.13086986986986981,912.1926725962218,116.41995364682583,0.020842837672365215,0.0027774524478264215,0.04376528220078526,0.04191609247457458
Dew,43.34540663128485,0.9845805153946329,0.015419484605367129,0.8681311311311312,0.13186886886886884,912.033335818707,116.60664171611647,0.02084035590762634,0.0027829672779867524,0.04376284838230409,0.04190011238668669
Dew,43.42682852538129,0.9844276697772432,0.015572330222756836,0.8671321321321321,0.13286786786786786,911.8732206829022,116.79416055723571,0.020837861372908887,0.0027885061513041125,0.04376040344852376,0.0418841322987988
Dew,43.50856990734951,0.9842741246180484,0.015725875381951582,0.8661331331331332,0.13386686686686677,911.7123217050574,116.98251582045232,0.020835353974391825,0.002794069230262483,0.043757947324802766,0.04186815221091091
Dew,43.59063271094506,0.9841198752027585,0.015880124797241546,0.8651341341341342,0.1348658658658658,911.5506333429834,117.1717132183168,0.020832833617226734,0.002799656679082141,0.04375547993573085,0.04185217212302302
Bubble,43.64638921601782,0.9840150150150151,0.015984984984984907,0.8644576112076823,0.13554238879231773,911.4406865875258,117.30031895018158,0.02083111941838666,0.002803454425916672,0.04375380258168168,0.04184135039463921
Dew,43.67301888839911,0.983964916768332,0.016035083231668024,0.8641351351351352,0.13586486486486482,911.3881499951948,117.36175852655717,0.02083030020552252,0.002805268663744388,0.043753001205117915,0.04183619203513514
Dew,43.75573041066485,0.983809244502265,0.016190755497734965,0.8631361361361362,0.13686386386386384,911.2248660000192,117.55265758496417,0.020827753642329472,0.0028109053520160815,0.04375051105598268,0.04182021194724725
Dew,43.83876926770026,0.9836528535418746,0.016347146458125406,0.8621371371371371,0.13786286286286287,911.0607756347198,117.74441629843703,0.02082519382962365,0.0028165669134780614,0.04374800941054119,0.04180423185935936
Dew,43.92213746870397,0.9834957389735604,0.01650426102643965,0.8611381381381382,0.13886186186186178,910.895873114564,117.93704063781729,0.020822620668290194,0.0028222535195485737,0.04374549619019498,0.041788251771471475
Dew,44.005837042387775,0.9833378958320614,0.016662104167938563,0.8601391391391392,0.1398608608608608,910.7301525918961,118.13053664088224,0.020820034058106725,0.002827965343510568,0.04374297131551924,0.04177227168358359
Dew,44.08987003727219,0.9831793190996914,0.016820680900308638,0.8591401401401402,0.14085985985985983,910.5636081552011,118.32491041343974,0.020817433897726677,0.0028337025605414835,0.043740434706250574,0.0417562915956957
Dew,44.1742385219354,0.9830200037055659,0.01697999629443414,0.8581411411411412,0.14185885885885885,910.3962338281289,118.52016813021108,0.02081482008466181,0.002839465347738027,0.043737886281274604,0.04174031150780781
Bubble,44.176349541232575,0.9830160160160161,0.01698398398398393,0.8581161955885762,0.1418838044114238,910.3920435494057,118.52505509986074,0.020814754636643975,0.0028396095743441936,0.0437378224937938,0.04173991247625443
Dew,44.25894458530949,0.9828599445248107,0.017140055475189264,0.8571421421421422,0.14285785785785776,910.2280235685089,118.71631603592317,0.020812192515264574,0.0028452538841460245,0.04373532595861333,0.04172433141991992
Dew,44.34399033696677,0.9826991363777592,0.017300863622240814,0.8561431431431432,0.14385685685685679,910.0589712673575,118.91336044635226,0.020809551084710408,0.00285106835078918,0.04373275365541227,0.04170835133203203
Dew,44.42937790740779,0.98253757402913,0.01746242597087,0.8551441441441442,0.1448558558558558,909.8890707478404,119.11130774937371,0.020806895686979066,0.002856908930698043,0.04373016928792737,0.04169237124414415
Dew,44.515109448366026,0.9823752521871956,0.01762474781280443,0.8541451451451452,0.14585485485485483,909.7183157642505,119.31016440608087,0.02080422621483646,0.002862775808940708,0.0437275727715116,0.04167639115625626
Dew,44.6011871331033,0.9822121655029263,0.017787834497073662,0.8531461461461461,0.14685385385385386,909.5467000009314,119.50993695186216,0.02080154255981529,0.002868669172652568,0.04372496402060136,0.04166041106836837
Dew,44.68761315672525,0.9820483085691281,0.01795169143087194,0.8521471471471472,0.14785285285285277,909.3742170711989,119.7106319975626,0.020798844612195756,0.002874589211068179,0.043722342948702635,0.04164443098048048
Bubble,44.704111180977364,0.982017017017017,0.017982982982982954,0.8519569046107371,0.14804309538926286,909.3412715483564,119.74895599752008,0.020798329199080673,0.002875719619440469,0.04372184240590591,0.04164138784184382
Dew,44.774389736497675,0.9818836759195574,0.018116324080442614,0.8511481481481482,0.1488518518518518,909.2008605162476,119.91225623064605,0.020796132260986026,0.0028805361155532054,0.04371970946837683,0.041628450892592594
Dew,44.86151911214677,0.981718262028017,0.01828173797198296,0.8501491491491492,0.14985085085085081,909.0266238040047,120.11481641628411,0.02079340539390159,0.002886510079634683,0.043717063491226366,0.041612470804704704
Dew,44.94900354621673,0.9815520613074441,0.0184479386925559,0.8491501501501502,0.15084984984984984,908.8515003280102,120.31831939869491,0.020790663897345338,0.002892511299037351,0.043714404927880014,0.041596490716816814
Dew,45.03684532437653,0.9813850681089689,0.01861493189103114,0.8481511511511511,0.15184884884884886,908.6754834062269,120.52277210225454,0.02078790765638613,0.0028985399717146067,0.04371173368797788,0.041580510628928924
Dew,45.12504675577473,0.9812172767209636,0.018782723279036406,0.8471521521521522,0.15284784784784777,908.4985662798583,120.7281815328166,0.02078513655473764,0.0029045962978845375,0.0437090496801562,0.04156453054104105
Dew,45.21361017336279,0.9810486813680689,0.018951318631931113,0.8461531531531532,0.1538468468468468,908.3207421121249,120.93455477889013,0.020782350474736398,0.0029106804800626274,0.043706352812031765,0.04154855045315316
Bubble,45.22971113405898,0.981018018018018,0.018981981981981977,0.8459719728185148,0.15402802718148523,908.2883935909821,120.97208669318684,0.02078184356556064,0.0029117869156123958,0.04370586231801802,0.04154565227440225
Dew,45.302537934282114,0.9808792762102012,0.019120723789798788,0.8451541541541542,0.15484584584584582,908.1420039870383,121.14189901309663,0.020779549297319875,0.002916792723101257,0.043703642990186004,0.04153257036526527
Dew,45.39183242018233,0.9807090553415457,0.019290944658454268,0.8441551551551552,0.15584484484484484,907.962344908118,121.35022149331775,0.020776732902003353,0.0029229332342218424,0.0437009201201489,0.04151659027737738
Dew,45.48149603761252,0.9805380127895181,0.019461987210481868,0.8431561561561562,0.15684384384384376,907.7817577971152,121.55952956416327,0.02077390116685713,0.0029291022230547737,0.04369818410638241,0.041500610189489494
Dew,45.57153121838209,0.9803661425137163,0.019633857486283657,0.8421571571571572,0.15784284284284278,907.6002354926853,121.76983065830198,0.020771053968482625,0.0029352999016761337,0.04369543485226367,0.04148463010160161
Dew,45.661940419941615,0.980193438404852,0.019806561595148042,0.8411581581581582,0.1588418418418418,907.4177707490541,121.98113229787575,0.020768191181988485,0.0029415264846465094,0.04369267226006785,0.04146865001371372
Dew,45.75272612577298,0.9800198942836464,0.019980105716353558,0.8401591591591592,0.15984084084084083,907.2343562346401,122.19344209595252,0.02076531268096582,0.0029477821890508335,0.04368989623095064,0.04145266992582583
Bubble,45.75318381482368,0.9800190190190191,0.01998098098098089,0.8401541330232609,0.15984586697673908,907.2334306731238,122.19451270867158,0.020765298150597047,0.002947813733767674,0.04368988223013013,0.041452589527253385
Dew,45.843890845774126,0.9798455038997238,0.020154496100276198,0.8391601601601602,0.16083983983983985,907.0499845306605,122.40676775795049,0.020762418337463187,0.0029540672345376214,0.04368710666493037,0.04143668983793794
Dew,45.93543711667144,0.9796702609304635,0.0203297390695365,0.8381611611611612,0.16183883883883876,906.864648129696,122.62111708318182,0.020759508021960787,0.002960381843361186,0.043684303460869794,0.04142070975005005
Dew,46.02736750241944,0.979494158979845,0.020505841020154958,0.8371621621621622,0.16283783783783778,906.6783394342448,122.83649796633549,0.020756581603344555,0.0029667262404224795,0.04368148651645749,0.04140472966216217
Dew,46.11968459462257,0.9793171915772582,0.02068280842274184,0.8361631631631632,0.1638368368368368,906.4910507552265,123.05291839905469,0.020753638948879157,0.002973100653312316,0.04367865572818898,0.041388749574274276
Dew,46.2123910129631,0.9791393521762921,0.02086064782370789,0.8351641641641642,0.16483583583583583,906.3027743104653,123.27038647153702,0.020750679924180844,0.00297950531235524,0.043675810991347194,0.041372769486386386
Bubble,46.27456122325742,0.9790200200200201,0.020979979979979912,0.8344965739194738,0.16550342608052615,906.176401900432,123.41629938661428,0.02074869332603007,0.0029838022560963267,0.043673902142242246,0.041362090646073296
Dew,46.3054894056264,0.9789606341535046,0.02103936584649535,0.8341651651651653,0.16583483483483474,906.1135022231438,123.48891037411849,0.02074770439318959,0.002985940450653113,0.04367295219998288,0.041356789398498496
Dew,46.39898244975582,0.9787810308071542,0.021218969192845827,0.8331661661661662,0.16683383383383377,905.9232265202157,123.70849839898526,0.020744712218140574,0.002992406304131883,0.043670079246894325,0.04134080931061062
Dew,46.492872851891036,0.9786005353559192,0.021399464644080823,0.8321671671671672,0.1678328328328328,905.7319391307906,123.9291589418071,0.020741703259535095,0.002998903111586577,0.043667192023606825,0.04132482922272273
Dew,46.58716334843956,0.9784191409375796,0.021580859062420354,0.8311681681681682,0.1688318318318318,905.5396318844852,124.15090050351449,0.02073867737611097,0.0030054311147298647,0.04366429042035162,0.04130884913483484
Dew,46.68185670614115,0.9782368406076755,0.021763159392324538,0.8301691691691692,0.16983083083083084,905.3462965097332,124.37373169203781,0.020735634424812074,0.0030119905582398263,0.043661374326044444,0.041292869046946956
Dew,46.77695572254541,0.9780536273381418,0.02194637266185817,0.8291701701701703,0.17082982982982975,905.1519246320682,124.59766122410313,0.02073257426075743,0.003018581689809198,0.043658443628263655,0.041276888959059066
Bubble,46.79387318627284,0.9780210210210211,0.021978978978978936,0.8289929020891369,0.1710070979108631,905.1173246870254,124.63751178381537,0.02073202942549921,0.003019754582700121,0.043657922054354356,0.041274053361108044
Dew,46.87246322650934,0.9778694940159008,0.022130505984099158,0.8281711711711712,0.17182882882882877,904.9565077723604,124.82269792710983,0.020729496737209512,0.003025204760196713,0.04365549821322775,0.041260908871171176
Dew,46.9683820786868,0.9776844334414421,0.02231556655855793,0.8271721721721722,0.1728278278278278,904.760037345025,125.04885074096806,0.02072640170554195,0.0030318600232775964,0.043652537965772654,0.041244928783283286
Dew,47.06471517205052,0.9774984383273533,0.02250156167264672,0.8261731731731732,0.17382682682682682,904.5625046561789,125.27612872007612,0.020723289015206356,0.0030385477360975596,0.04364956276932818,0.041228948695395395
Dew,47.1614654323913,0.9773115012968397,0.022688498703160254,0.8251741741741743,0.17482582582582573,904.3639009017669,125.50454103519192,0.020720158513698517,0.0030452681589243627,0.04364657250589438,0.041212968607507505
Dew,47.25863581887439,0.9771236148821896,0.022876385117810427,0.8241751751751752,0.17582482482482475,904.1642171656448,125.73409697555167,0.020717010046523928,0.0030520215553054846,0.043643567056017,0.04119698851961962
Bubble,47.31114749388475,0.977022022022022,0.02297797797797796,0.8236371078736462,0.1763628921263538,904.0562148508319,125.8582142168598,0.02071530674655792,0.003055672728747304,0.043641941966466466,0.04118838154125763
Dew,47.3562293245636,0.9769347715232296,0.023065228476770394,0.8231761761761762,0.17682382382382378,903.9634444176229,125.96480595084253,0.02071384345716248,0.003058808192122397,0.04364054629876274,0.04118100843173173
Dew,47.45424897698469,0.9767449635657237,0.02325503643427629,0.8221771771771772,0.1778228228228228,903.761573511454,126.19667749334191,0.02071065858703222,0.0030656283396489972,0.04363751011169368,0.04116502834384384
Dew,47.552697838681404,0.9765541832597516,0.02344581674024837,0.8211781781781782,0.17882182182182182,903.5585951827877,126.42972126002105,0.020707455275452435,0.003072482271609319,0.04363445837084132,0.04114904825595596
Dew,47.651579007811435,0.976362422758054,0.02363757724194604,0.8201791791791793,0.17982082082082074,903.3545000470933,126.66394703481822,0.02070423335960625,0.0030793702652395,0.04363139095068011,0.041133068168068075
Dew,47.750895618707744,0.9761696741143241,0.023830325885675907,0.8191801801801802,0.18081981981981976,903.1492785974885,126.89936473075437,0.02070099267450137,0.00308629260134606,0.04362830772410014,0.04111708808018018
Bubble,47.826410062743804,0.976023023023023,0.023976976976976982,0.8184235346602182,0.18157646533978178,902.9930867409696,127.07847008186279,0.020698525553527372,0.003091558627274551,0.043625961878578576,0.041104984702778326
Dew,47.850650842504734,0.975975929281475,0.02402407071852497,0.8181811811811812,0.18181881881881878,902.9429212025702,127.13598439233051,0.020697733052931034,0.003093249564371169,0.043625208562379406,0.041101107992292295
Dew,47.95084788775057,0.975781180109869,0.02421881989013097,0.8171821821821822,0.1828178178178178,902.7354181041744,127.37381619785673,0.020694454325433556,0.003100241442456408,0.043622093335155473,0.041085127904404405
Dew,48.051490001018294,0.9755854183455022,0.024414581654497836,0.8161831831831833,0.18381681681681672,902.526759415082,127.61287046177173,0.020691156320250863,0.003107268527506443,0.04361896191039649,0.04106914781651652
Dew,48.15258046757712,0.9753886356281428,0.02461136437185718,0.8151841841841843,0.18481581581581574,902.3169351166774,127.85315763722188,0.02068783886328633,0.003114331115259172,0.04361581415437134,0.04105316772862864
Dew,48.2541226120241,0.9751908234894345,0.024809176510565467,0.8141851851851852,0.18581481481481477,902.1059350565444,128.09468831845962,0.020684501778061276,0.0031214295053516353,0.04361264993161935,0.04103718764074074
Bubble,48.33968508458898,0.9750240240240241,0.024975975975975895,0.8133468511880958,0.1866531488119042,901.927953353491,128.29834172425478,0.020681686080089655,0.003127414132375762,0.04360998179069069,0.0410237775662899
Dew,48.35611979896587,0.974991973350966,0.02500802664903401,0.8131861861861862,0.1868138138138138,901.8937489460279,128.33747324345703,0.020681144885670924,0.0031285640013913162,0.04360946910491939,0.04102120755285286
Dew,48.45857543370529,0.9747920765222682,0.02520792347773182,0.8121871871871872,0.1878128128128128,901.680366357711,128.58152329653473,0.02067776800473889,0.0031357349110279972,0.043606271535257854,0.04100522746496497
Dew,48.56149296294032,0.9745911241987971,0.02540887580120288,0.8111881881881883,0.18881181181181173,901.4657767228574,128.82684951103982,0.020674370951370882,0.003142942546026967,0.043603057081796376,0.040989247377077084
Dew,48.6648758754873,0.9743891074598438,0.02561089254015625,0.8101891891891893,0.18981081081081075,901.2499693287756,129.07346307212322,0.020670953539107133,0.003150187222344831,0.043599825601838414,0.040973267289189194
Dew,48.768727703002895,0.9741860172664148,0.02581398273358515,0.8091901901901902,0.19080980980980977,901.0329333161286,129.3213753195071,0.020667515578873714,0.003157469260205258,0.0435965769507953,0.040957287201301304
Bubble,48.850995127593784,0.9740250250250251,0.025974974974974918,0.8084020265303826,0.19159797346961738,900.8608264010442,129.51789016966165,0.02066478853082957,0.0031632410182708356,0.04359400170280281,0.04094467965658265
Dew,48.8730520207408,0.9739818444590496,0.02601815554095044,0.8081911911911912,0.1918088088088088,900.8146576761776,129.57059775039772,0.020664056878932687,0.003164788984178453,0.043593310982151405,0.040941307113413414
Dew,48.97785244832778,0.973776579755597,0.02622342024440305,0.8071921921921922,0.19280780780780782,900.5951312479747,129.82114202247757,0.02066057724483138,0.0031721467232627572,0.043590027547428516,0.04092532702552553
Dew,49.08313265052685,0.9735702137489286,0.026429786251071397,0.8061931931931933,0.19380680680680673,900.3743427154533,130.07301995683397,0.020657076479349713,0.003179542810964882,0.04358672649614924,0.04090934693763764
Dew,49.188896338063486,0.9733627369046057,0.02663726309539427,0.8051941941941942,0.19480580580580575,900.152280604488,130.32624354115882,0.020653554382446992,0.003186977585386965,0.04358340767579976,0.04089336684974975
Dew,49.29514726842768,0.9731541395584863,0.026845860441513714,0.8041951951951952,0.19580480480480478,899.9289332798478,130.58082493283567,0.020650010751206763,0.003194451389311072,0.043580070931791504,0.04087738676186187
Bubble,49.360361293565035,0.9730260260260261,0.02697397397397394,0.8035843074507713,0.19641569254922875,899.7917164446081,130.73717524045432,0.02064783308420425,0.0031990409871257394,0.04357802161491492,0.040867614940413285
Dew,49.401889246725815,0.9729444119142774,0.027055588085722615,0.8031961961961962,0.1968038038038038,899.7042889421089,130.8367764622377,0.020646445379780956,0.0032019645702890615,0.04357671610742198,0.040861406673973984
Dew,49.50912612654042,0.9727335440410244,0.02726645595897559,0.8021971971971973,0.1978028028028027,899.4783356244644,131.0941106360556,0.02064285805933211,0.0032095174807333883,0.04357334304383463,0.040845426586086094
Dew,49.616861810805915,0.972521525870544,0.027478474129456032,0.8011981981981983,0.19880180180180174,899.2510611894701,131.3528401406862,0.02063924857797439,0.0032171104780096093,0.04356995157997781,0.0408294464981982
Dew,49.72510025271204,0.9723083471947868,0.02769165280521324,0.8001991991991992,0.19980080080080076,899.0224533256973,131.61297784573793,0.020635616720713006,0.003224743924531973,0.04356654155256253,0.04081346641031031
Dew,49.833845456627024,0.9720939976631449,0.02790600233685514,0.7992002002002002,0.20079979979979978,898.7924995443209,131.87453680761436,0.020631962269382364,0.00323241818786114,0.04356311279601943,0.04079748632242243
Bubble,49.867803299885466,0.972027027027027,0.027972972972972965,0.7988891978724483,0.20111080212755172,898.7206329489402,131.9562553599681,0.020630819893768075,0.003234815668708086,0.04356204152702703,0.04079251149808747
Dew,49.943101479042454,0.9718784667796839,0.028121533220316075,0.7982012012012012,0.2017987987987988,898.5611871756025,132.1375302731856,0.02062828500258233,0.0032401336408042986,0.043559665142454504,0.04078150623453454
Dew,50.05287242954263,0.9716617439003161,0.02833825609968388,0.7972022022022023,0.20279779779779772,898.3285033653012,132.40197168356084,0.02062458469561317,0.0032478906615179834,0.04355619842160385,0.04076552614664665
Dew,50.163162471791765,0.9714438182298849,0.028556181770115097,0.7962032032032033,0.20379679679679674,898.0944350709719,132.66787467793048,0.020620861120408437,0.0032556896336128557,0.04355271246078706,0.04074954605875876
Dew,50.27397582454488,0.9712246788192025,0.02877532118079751,0.7952042042042042,0.20479579579579577,897.8589690581989,132.93525309750487,0.02061711404546663,0.003263530946261093,0.04354920708485985,0.04073356597087087
Bubble,50.373339583965546,0.9710280280280281,0.028971971971971877,0.7943124402286971,0.20568755977130293,897.6475843642829,133.1751875440248,0.02061374909000331,0.00327056662410983,0.043546061439139146,0.04071930122514226
Dew,50.38531676271504,0.9710043145619821,0.028995685438017893,0.7942052052052052,0.2057947947947948,897.6220918967072,133.20412098969305,0.020613343235780752,0.0032714149943099346,0.04354568211616493,0.040717585882982986
Dew,50.497189618400384,0.9707827141917256,0.02921728580827443,0.7932062062062063,0.2067937937937937,897.3837899563886,133.47449261209593,0.020609548452766066,0.003279342178390927,0.043542137374482266,0.0407016057950951
Dew,50.6095987819984,0.9705598662784962,0.02944013372150378,0.7922072072072073,0.20779279279279272,897.1440494032076,133.7463824368752,0.020605729454185897,0.003287312905038667,0.04353857267697745,0.040685625707207206
Dew,50.72254870332905,0.9703357592256369,0.029664240774363138,0.7912082082082083,0.20879179179179175,896.9028561950324,134.01980515515172,0.020601885994075936,0.0032953275868105483,0.043534987838149214,0.040669645619319315
Dew,50.83604389276984,0.9701103812663873,0.029889618733612733,0.7902092092092092,0.20979079079079077,896.6601960773188,134.29477568144898,0.020598017822665866,0.003303386642407898,0.04353138266977526,0.04065366553143144
Bubble,50.87698739326383,0.9700290290290291,0.0299709709709709,0.7898499984932915,0.21015000150670848,896.5725781952675,134.3940273784559,0.020596620781860676,0.0033062953486981623,0.043530081351251255,0.04064791956089854
Dew,50.950088922439036,0.9698837204604203,0.030116279539579738,0.7892102102102102,0.2107897897897898,896.4160545787036,134.57130915833818,0.02059412468629932,0.003311490496802363,0.04352775698085694,0.04063768544354355
Dew,51.064688427403055,0.9696557646902876,0.03034423530971242,0.7882112112112113,0.2117887887887887,896.170417006483,134.8494209611811,0.0205902063273518,0.0033196395813649988,0.04352411057756231,0.040621705355655666
Dew,51.17984710691339,0.969426501657761,0.03057349834223899,0.7872122122122123,0.21278778778778773,895.9232684419507,135.1291267029934,0.020586262484145922,0.0033278343339986326,0.043520443263167716,0.04060572526776777
Dew,51.29556972567393,0.9691959188800946,0.030804081119905402,0.7862132132132132,0.21378678678678675,895.6745937356343,135.41044223943226,0.020582292890864898,0.0033360751992735963,0.04351675483799788,0.04058974517987988
Bubble,51.37876287712456,0.9690300300300301,0.030969969969969924,0.7854980427128645,0.2145019572871355,895.4956210742316,135.61282906241863,0.020579435058404684,0.0033420032763040414,0.043514101263363365,0.04057830524103925
Dew,51.41186111514183,0.9689640036861695,0.031035996313830472,0.7852142142142142,0.21478578578578578,895.4243775023809,135.69338367392157,0.02057829727746316,0.0033443626285671784,0.04351304509936434,0.040573765091991995
Dew,51.52872617487248,0.9687307432125521,0.03126925678744785,0.7842152152152152,0.2157847847847848,895.1726041163323,135.97796736296146,0.02057427536957506,0.003352697080207946,0.04350931384150231,0.040557785004104105
Dew,51.6461698738747,0.9684961243994294,0.03150387560057055,0.7832162162162163,0.2167837837837837,894.9192577057412,136.2642099214729,0.020570226888420574,0.003361079019621273,0.043505560855505714,0.04054180491621622
Dew,51.76419725203144,0.9682601339864481,0.03173986601355194,0.7822172172172173,0.21778278278278274,894.6643221476626,136.5521282284196,0.020566151550708726,0.0033695089194820545,0.04350178592926063,0.04052582482832833
Bubble,51.87868112713832,0.968031031031031,0.03196896896896895,0.7812529348850892,0.21874706511491082,894.4167187806534,136.83164521599292,0.020562191989223925,0.0033776917772660965,0.043498121175475475,0.04051040007171538
Dew,51.882813421544604,0.9680227585084288,0.03197724149157122,0.7812182182182182,0.21878178178178176,894.4077810624843,136.8417394325262,0.020562049068538146,0.0033779872598701647,0.043497988847376684,0.04050984474044044
Dew,52.00202356840573,0.967783984290971,0.03221601570902899,0.7802192192192192,0.21978078078078078,894.1496178083167,137.13306095809844,0.020557919149294914,0.003386514528428795,0.0434941693911168,0.04049386465255255
Dew,52.12183295392706,0.9675437974459351,0.032456202554064895,0.7792202202202203,0.2207797797797797,893.8898154752194,137.42611051109967,0.020553761495547492,0.003395091220529502,0.043490327338324926,0.04047788456466467
Dew,52.24224691631066,0.9673021838667903,0.032697816133209656,0.7782212212212213,0.22177877877877872,893.628356879265,137.72090608538173,0.020549575804938713,0.0034037178394414683,0.04348646246335157,0.04046190447677678
Dew,52.363270872240406,0.9670591292238392,0.03294087077616081,0.7772222222222223,0.22277777777777774,893.3652245564325,138.01746596900674,0.02054536177007452,0.0034123948965033976,0.04348257453697746,0.04044592438888889
Bubble,52.376756294095664,0.967032032032032,0.03296796796796797,0.7771112160444615,0.22288878395553846,893.3358763458399,138.05052715345255,0.020544891626802883,0.0034133621676416116,0.043482141087587585,0.040444148722968816
Dew,52.48491031854802,0.9668146189593178,0.03318538104068225,0.7762232232232232,0.22377677677677676,893.100400756344,138.31580875088162,0.020541119078409904,0.0034211229113035664,0.04347866332633515,0.04042994430100101
Dew,52.60717083389884,0.9665686382823353,0.0334313617176647,0.7752242242242242,0.2247757757757758,892.8338674357974,138.61595332746836,0.02053684741213111,0.003429902411862176,0.04347472859482807,0.04041396421311312
Dew,52.73005808054453,0.9663211721636825,0.03367882783631748,0.7742252252252253,0.2257747747747747,892.5656062521258,138.9179189097766,0.02053254644803465,0.0034387339348211127,0.04347077010204748,0.04039798412522523
Dew,52.85357780609375,0.9660722053304936,0.03392779466950635,0.7732262262262263,0.22677377377377372,892.2955985563582,139.2217250304225,0.020528215857402544,0.0034476180256358155,0.043466787603687114,0.04038200403733734
Bubble,52.87300163328417,0.9660330330330331,0.03396696696696688,0.773069594433921,0.22693040556607902,892.2530980817677,139.26952480100118,0.020527534007154027,0.003449015709412061,0.0434661609996997,0.040379498539524446
Dew,52.97773584538027,0.9658217222607449,0.03417827773925508,0.7722272272272273,0.22777277277277275,892.0238253861935,139.52739155110456,0.020523855305874406,0.003456555238777921,0.04346278085145511,0.04036602394944946
Dew,53.10253812234383,0.9655697071775973,0.03443029282240273,0.7712282282282282,0.22877177177177177,891.7502674587504,139.83493867012126,0.020519464453315147,0.0034655461379394293,0.04345874959298356,0.04035004386156157
Dew,53.22799065197552,0.9653161440435803,0.03468385595641965,0.7702292292292293,0.22977077077077068,891.4749051631135,140.14438693016072,0.020515042953679015,0.0034745912962440926,0.043454693571735516,0.04033406377367368
Dew,53.35409954232752,0.9650610165545889,0.03493898344541113,0.7692302302302303,0.2307697697697697,891.1977185526495,140.45575722635985,0.020510590454869485,0.003483691296466002,0.04345061252690886,0.04031808368578579
Bubble,53.3674295514745,0.9650340340340341,0.034965965965965906,0.7691249346543368,0.23087506534566316,891.1683876129403,140.48868665403825,0.02051011915052069,0.0034846536114098133,0.04345018091181182,0.04031639936722423
Dew,53.48087099657511,0.964804308133737,0.035195691866263035,0.7682312312312313,0.23176876876876873,890.9186873371164,140.76907081457898,0.020506106598595187,0.0034928467312540304,0.043446506193338064,0.0403021035978979
Dew,53.608311315132696,0.96454600192493,0.03545399807506999,0.7672322322322322,0.23276776776776775,890.6377908744796,141.08434931990178,0.020501591020220877,0.003502058203362409,0.043442374301391376,0.04028612351001001
Dew,53.736426897843394,0.9642860807864114,0.035713919213588574,0.7662332332332332,0.23376676676676678,890.3550081625527,141.4016147454424,0.020497043348614366,0.003511326325889478,0.04343821657686752,0.04027014342212212
Bubble,53.86005167408399,0.9640350350350351,0.03596496496496493,0.7652742476960954,0.23472575230390458,890.0817479320174,141.70805987821825,0.020492647062628877,0.0035202770335936674,0.04343420082392393,0.04025480339357152
Dew,53.86522424622463,0.9640245272839666,0.03597547271603341,0.7652342342342343,0.2347657657657657,890.0703178303315,141.720889481387,0.02049246320598858,0.0035206517225228272,0.043434032740887064,0.04025416333423423
Dew,53.99470996577751,0.9637613236839779,0.03623867631602207,0.7642352352352353,0.2357647647647647,889.783698129072,142.04219631429925,0.020487850207738578,0.0035300350277915884,0.04342982250978128,0.04023818324634634
Dew,54.12489076838189,0.9634964519462524,0.03650354805374756,0.7632362362362363,0.23676376376376373,889.4951269230926,142.36555843678855,0.02048320396227358,0.003539476887328337,0.04342558559497745,0.04022220315845846
Dew,54.255773474743656,0.9632298937166652,0.03677010628333477,0.7622372372372372,0.23776276276276276,889.2045816803105,142.6909994573921,0.020478524070843954,0.0035489779581369453,0.04342132170288115,0.040206223070570576
Bubble,54.35066409939621,0.963036036036036,0.03696396396396395,0.7615146817594792,0.23848531824052077,888.9929395004733,142.9265424707329,0.020475112163281982,0.0035558585316623043,0.04341822073603603,0.040194665000892804
Dew,54.38736501692476,0.9629616303195083,0.03703836968049168,0.7612382382382383,0.23876176176176167,888.9120394624384,143.01854341080698,0.020473810127362213,0.0035585389088697793,0.04341703053475388,0.04019024298268269
Dew,54.51967244095245,0.9626916427496635,0.037308357250336543,0.7602392392392393,0.2397607607607607,888.6174769149075,143.3482147684513,0.020469061718218686,0.0035681604201137514,0.04341271178658789,0.040174262894794796
Dew,54.65270290950993,0.9624199116644933,0.037580088335506745,0.7592402402402403,0.24075975975975972,888.3208702564588,143.6800384493709,0.02046427842209132,0.003577843184685652,0.043408365148976405,0.04015828280690691
Dew,54.78646370469757,0.9621464173754749,0.037853582624525095,0.7582412412412413,0.24175875875875874,888.0221952683854,144.01403983143797,0.020459459809748913,0.0035875879079354744,0.04340399030697984,0.04014230271901902
Bubble,54.839688433173286,0.9620370370370371,0.037962962962962865,0.7578435138364642,0.2421564861635358,887.9024261090665,144.1463604214078,0.020457525068972467,0.0035914533994410103,0.04340224064814815,0.04013594063167947
Dew,54.92096223090059,0.9618711398395883,0.038128860160411726,0.7572422422422422,0.24275775775775776,887.7214272834572,144.35024476300126,0.020454605443848535,0.003597395308061703,0.04339958693998804,0.04012632263113113
Dew,55.05620601772469,0.9615940586504017,0.038405941349598294,0.7562432432432433,0.24375675675675668,887.4185411744559,144.68867957481802,0.020449714878725808,0.0036072661164343865,0.04339515472157769,0.04011034254324325
Dew,55.192202723044716,0.9613151530288795,0.03868484697112051,0.7552442442442443,0.2447557557557557,887.1135113423475,145.02937109246602,0.020444787660178473,0.0036172010779309607,0.043390693319365264,0.04009436245535535
Bubble,55.32693593308746,0.9610380380380381,0.03896196196196189,0.7542581418696592,0.24574185813034077,886.8099868815289,145.36651139356388,0.020439880631100166,0.003627036685729889,0.04338626056026027,0.04007858866316125
Dew,55.328960136139486,0.9610344018138951,0.0389655981861049,0.7542452452452453,0.24575475475475472,886.8063117040676,145.3723466491163,0.020439823325242808,0.0036272009512818646,0.043386202394855244,0.04007838236746747
Dew,55.46648618092034,0.9607517834524233,0.03924821654757671,0.7532462462462463,0.24675375375375375,886.4969156798962,145.71763409869962,0.02043482140196249,0.0036372665094268233,0.04338168160328331,0.04006240227957958
Dew,55.60478891929104,0.9604672759893997,0.03953272401060026,0.7522472472472473,0.24775275275275266,886.1852961804037,146.06526182963322,0.020429781409149642,0.0036473985398859654,0.04337713059345404,0.040046422191691695
Dew,55.743876554573006,0.9601808570572654,0.03981914294273459,0.7512482482482483,0.24875175175175168,885.8714255929666,146.41525877881514,0.020424702856137775,0.003657597845138522,0.04337254900757372,0.040030442103803805
Bubble,55.8124153810526,0.9600390390390391,0.03996096096096091,0.7507560775788906,0.24924392242110938,885.715622395777,146.58703616090148,0.02042217879960433,0.0036626093414785445,0.04337028047237238,0.04002256929255969
Dew,55.88375743510592,0.9598925038651318,0.04010749613486819,0.7502492492492493,0.2497507507507507,885.555275767824,146.76765444637041,0.020419585242526423,0.0036678652430212097,0.043367936481077035,0.04001446201591592
Dew,56.02444005789189,0.9596021931876062,0.0403978068123938,0.7492502502502503,0.25074974974974973,885.2368180036531,147.1224789105708,0.020414428057916798,0.0036782015671319277,0.04336329264244827,0.03999848192802803
Dew,56.165933072427876,0.9593099013531943,0.04069009864680573,0.7482512512512512,0.25174874874874875,884.9160230326286,147.479762843561,0.020409230781638036,0.0036886076672545728,0.04335861711303583,0.03998250184014014
Bubble,56.296134974495786,0.9590400400400401,0.040959959959959935,0.7473349397919788,0.25266506020802115,884.6193327366452,147.80797418718234,0.020404419512977084,0.0036981722755789637,0.04335430038448449,0.03996784443040648
Dew,56.308245284627425,0.9590156042323652,0.040984395767634796,0.7472522522522523,0.25274774774774766,884.592861005023,147.8395375274574,0.020403992882464826,0.0036990844097942073,0.04335390950686134,0.03996652175225226
Dew,56.45138566088676,0.9587192772251257,0.04128072277487427,0.7462532532532533,0.2537467467467467,884.2673014731722,148.20183487106357,0.0203987138183235,0.003709632678228708,0.04334916943042084,0.03995054166436437
Dew,56.595363332306235,0.9584208952482315,0.041579104751768514,0.7452542542542543,0.2547457457457457,883.9393133749788,148.5666874272446,0.020393393035989464,0.00372025337357799,0.043344396482480244,0.039934561576476485
Dew,56.740187599012195,0.958120432721903,0.04187956727809705,0.7442552552552553,0.25574474474474473,883.6088650167467,148.9341284107244,0.0203880299707723,0.0037309474148849646,0.04333959025386284,0.039918581488588595
Bubble,56.77842679553077,0.958041041041041,0.04195895895895896,0.7439924482971794,0.25600755170282063,883.5214930692053,149.0312184635603,0.02038661136432159,0.003733772826143772,0.0433383202965966,0.039914377602206515
Dew,56.88586793468505,0.9578178635560723,0.042182136443927654,0.7432562562562562,0.25674374374374376,883.2759240554387,149.30419171676704,0.02038262404619035,0.0037417157397197968,0.04333475032722929,0.039902601400700705
Dew,57.032413991211264,0.9575131611361675,0.04248683886383253,0.7422572572572573,0.25774274274274267,882.9404574802991,149.67691194038176,0.020377174673633345,0.0037525593046985133,0.04332987627685025,0.039886621312812814
Dew,57.17983560349941,0.9572062983083525,0.042793701691647534,0.7412582582582583,0.2587417417417417,882.6024315937838,150.0523243962264,0.020371681252012455,0.003763479086020366,0.04332496766837024,0.03987064122492493
Bubble,57.25867762062056,0.9570420420420421,0.04295795795795787,0.740726418033332,0.25927358196666805,882.4213867326775,150.25328624038406,0.020368737757045084,0.003769323709188276,0.04332234020870871,0.03986213385550298
Dew,57.32814279447845,0.9568972473642298,0.043102752635770236,0.7402592592592593,0.2597407407407407,882.2618119917919,150.43046513929121,0.020366143167397373,0.0037744760800260775,0.04332002405856296,0.03985466113703704
Dew,57.477345780282796,0.9565859800250034,0.04341401997499661,0.7392602602602603,0.26073973973973974,881.9185635431949,150.81137098637845,0.020360559792640415,0.003785551303777397,0.04331504499507796,0.03983868104914915
Dew,57.62745497560644,0.9562724674250499,0.0437275325749501,0.7382612612612613,0.26173873873873865,881.5726503685754,151.19507953830478,0.020354930486985955,0.0037967057956562107,0.04331003001617785,0.03982270096126126
Bubble,57.73719271517179,0.9560430430430431,0.043956956956956894,0.737534753900995,0.262465246099005,881.3193563176725,151.47589856165433,0.020350806529546035,0.003804867885802133,0.04330636012082083,0.03981107967687571
Dew,57.778480999257894,0.9559566800948517,0.044043319905148315,0.7372622622622623,0.2627377377377377,881.2240358181554,151.58162920296303,0.02034925459566501,0.003807940615986675,0.04330497865046526,0.03980672087337337
Dew,57.930434679919394,0.9556385879433171,0.04436141205668287,0.7362632632632633,0.2637367367367367,880.8726824489258,151.9710592192561,0.020343531449475014,0.0038192568476807737,0.0432998904166001,0.03979074078548549
Dew,58.08332706214037,0.9553181602394225,0.04468183976057749,0.7352642642642643,0.2647357357357357,880.5185520008739,152.36340968204016,0.020337760364342868,0.003830655596910805,0.04329476482300584,0.0397747606975976
Bubble,58.21372736698501,0.9550440440440441,0.04495595595595592,0.7344154457290499,0.26558455427095007,880.2151049821485,152.69759490100375,0.02033281076101733,0.003840368513209448,0.04329038003293294,0.03976118291142646
Dew,58.237169412525674,0.9549953655931418,0.0450046344068582,0.7342652652652653,0.26573473473473475,880.161605372296,152.7587215678963,0.020331940640871172,0.0038421379938043234,0.043289601367564455,0.03975878060970971
Dew,58.39197322616254,0.9546701719356412,0.04532982806435881,0.7332662662662663,0.26673373373373366,879.8018025941498,153.1570367619316,0.02032607156386664,0.003853705193166665,0.043284399537299706,0.039742800521821824
Dew,58.547750233314666,0.9543425464987213,0.0456574535012787,0.7322672672672673,0.2677327327327327,879.4391028034174,153.55839808572583,0.020320152401850214,0.003865358375234052,0.043279158808048196,0.03972682043393394
Bubble,58.688767000208614,0.9540450450450451,0.04595495495495494,0.7313665637562802,0.2686334362437198,879.1091934679467,153.9212476700296,0.020314763337778076,0.0038758976662942343,0.04327439994504505,0.03971241269050184
Dew,58.704512406354546,0.9540124557934192,0.0459875442065808,0.7312682682682683,0.2687317317317317,879.0734642153884,153.96284932630417,0.020314182406547338,0.003877098746454355,0.043273878644117116,0.03971084034604605
Dew,58.86227196696471,0.9536798655877994,0.04632013441220062,0.7302692692692693,0.26973073073073073,878.7048440948593,154.37043526626525,0.02030816081235795,0.0038889275402988416,0.043268558497929,0.03969486025815816
Dew,59.02104139362349,0.9533447408838219,0.04665525911617807,0.7292702702702704,0.27072972972972964,878.3331987261538,154.78120171513558,0.02030208683580491,0.0039008460181067977,0.04326319780965171,0.03967888017027028
Bubble,59.16208670801637,0.9530460460460461,0.04695395395395385,0.7283862542658143,0.27161374573418573,878.0013499515427,155.14553478887296,0.02029665791886932,0.003911422015747547,0.04325841985715716,0.03966473936186139
Dew,59.18083342939787,0.9530070458933062,0.046992954106693796,0.7282712712712713,0.27172872872872866,877.958483381948,155.19519554204885,0.020295959674960163,0.0039128554699655975,0.04325779600681392,0.03966290008238238
Dew,59.341661090034066,0.9526667440128858,0.04733325598711424,0.7272722722722723,0.2727277277277277,877.5806522907886,155.6124647097097,0.020289778508846813,0.003924957215625289,0.04325235250390452,0.039646919994494496
Dew,59.50353767237214,0.9523237977979704,0.047676202202029616,0.7262732732732733,0.2737267267267267,877.1996586032976,156.03305830975498,0.020283542496816787,0.003937152605450666,0.04324686670195611,0.039630939906606606
Bubble,59.63369150692725,0.9520470470470471,0.047952952952952876,0.725472735644744,0.274527264355256,876.8915718088181,156.3704882389875,0.020278494379310924,0.003946942240011527,0.043242439769269274,0.03961813442664689
Dew,59.66647676311381,0.9519781689355962,0.04802183106440383,0.7252742742742743,0.27472572572572573,876.8154543569462,156.45702659964485,0.020277250777902125,0.003949443021414257,0.043241337988110695,0.03961495981871872
Dew,59.830492247941784,0.9516298182161548,0.04837018178384522,0.7242752752752754,0.27572472472472465,876.427990439354,156.88442104107318,0.02027090247013893,0.003961829878130084,0.04323576573516744,0.03959897973083083
Dew,59.99559832101699,0.9512787055039269,0.0487212944960731,0.7232762762762763,0.27672372372372367,876.0372165500247,157.31529434001334,0.02026449666986238,0.003974314623931244,0.04323014930111137,0.03958299964294294
Bubble,60.103586039725286,0.9510480480480481,0.0489519519519519,0.7226242946430518,0.2773757053569482,875.7798560802099,157.59613894191696,0.02026027258617777,0.003982458986923763,0.043226459681381384,0.03957257047953972
Dew,60.16180949488131,0.9509247897063593,0.0490752102936407,0.7222772772772773,0.2777227227227227,875.6430811604428,157.7497004885248,0.020258032450971294,0.003986898741994602,0.0432244880286219,0.03956701955505505
Dew,60.329140610754905,0.9505680287420086,0.04943197125799137,0.7212782782782783,0.2787217217217217,875.2455314724363,158.18769480826765,0.02025150886416084,0.003999583751511394,0.04321878124456005,0.03955103946716716
Dew,60.49760206701411,0.9502083795070425,0.04979162049295749,0.7202792792792793,0.27972072072072074,874.8444119965089,158.6293130307178,0.020244922590111385,0.004012370678614865,0.04321302825943261,0.03953505937927928
Bubble,60.57177459315464,0.9500490490490491,0.04995095095095092,0.7198392828892386,0.2801607171107614,874.6661994829038,158.8225167750857,0.020241992398867252,0.004017972874489142,0.043210479593493493,0.039528021153024555
Dew,60.667218742868265,0.9498457978405591,0.050154202159440886,0.7192802802802803,0.28071971971971965,874.4398640507912,159.0746542534142,0.020238277184239515,0.004025262154527626,0.04320722836683737,0.039519079291391396
Dew,60.83800195818174,0.9494802384878029,0.05051976151219706,0.7182812812812813,0.2817187187187187,874.0317349668137,159.5237580189544,0.020231569406211902,0.004038259307128143,0.04320138084287475,0.03950309920350351
Dew,61.00996798113304,0.9491116550622722,0.05088834493772776,0.7172822822822823,0.2827177177177177,873.6199663866207,159.97668544281882,0.02022479820490569,0.004051363812447747,0.043195484945541616,0.03948711911561562
Bubble,61.038261114289575,0.94905005005005,0.050949949949949946,0.7171161136306725,0.2828838863693275,873.5505984219119,160.04965058518596,0.02022365366934153,0.004053484491549874,0.04319449950560561,0.0394844610652476
Dew,61.18313346727356,0.9487400000058626,0.05125999999413744,0.7162832832832833,0.2837167167167167,873.2044984430053,160.4334992190064,0.020217962501565285,0.004064577389223677,0.04318953991409378,0.03947113902772773
Dew,61.35751547286824,0.9483652245472255,0.051634775452774506,0.7152842842842844,0.28471571571571563,872.7852697051717,160.89426367679658,0.02021106118879883,0.0040779018004242175,0.04318354496837988,0.03945515893983985
Bubble,61.503516017293194,0.9480510510510511,0.05194894894894886,0.7144532587516057,0.2855467412483943,872.4336200886725,161.28061187748648,0.020205269468565455,0.00408907156696137,0.04317851941771771,0.03944186577231656
Dew,61.53313146885364,0.9479872786582197,0.052012721341780255,0.7142852852852853,0.28571471471471466,872.3622171218769,161.35904484020554,0.02020409312952776,0.004091338854845844,0.043177499308144754,0.03943917885195195
Dew,61.70999935539462,0.9476061110082981,0.05239388899170194,0.7132862862862863,0.2867137137137137,871.9352759618896,161.82791049005905,0.020197057155886745,0.0041048904087806325,0.04317140211229984,0.03942319876406407
Dew,61.888137477162175,0.9472216689167974,0.05277833108320262,0.7122872872872873,0.2877127127127127,871.5043797516425,162.30093022921815,0.02018995206807129,0.00411855836776773,0.04316525253815998,0.03940721867617618
Bubble,61.96657976689704,0.9470520520520521,0.05294794794794788,0.7118492456462081,0.2881507543537919,871.3140853130499,162.50917829171016,0.020186812426739698,0.004124576270139875,0.04316253932982984,0.039400211718281314
Dew,62.067564639307875,0.9468338983028929,0.053166101697107115,0.7112882882882883,0.2887117117117117,871.0694602098597,162.77817555085403,0.020182776633129357,0.004132344688426499,0.043159049720642904,0.03939123858828829
Dew,62.24830012418068,0.9464427436332021,0.05355725636679787,0.7102892892892894,0.28971071071071064,870.6304471790476,163.2597199099754,0.020175529583694545,0.004146251380376721,0.04315279277143107,0.039375258500400405
Bubble,62.42776262978658,0.9460530530530531,0.053946946946946905,0.7093026548786264,0.2906973451213736,870.192359543887,163.73732189302248,0.020168290932872108,0.004160048296134946,0.04314655924194195,0.039359476197703996
Dew,62.43036370887434,0.9460481478667844,0.05395185213321563,0.7092902902902903,0.29070970970970966,870.1872685535918,163.74563879859733,0.020168209616656375,0.004160280508256009,0.04314648077809187,0.039359278412512515
Dew,62.613775683581764,0.9456500523974615,0.05434994760253853,0.7082912912912913,0.2917087087087087,869.7398502043123,164.23600982445188,0.02016081539176467,0.0041744341938321425,0.043140112803155044,0.039343298324624625
Dew,62.79855687089952,0.9452483969932777,0.05475160300672233,0.7072922922922923,0.2927077077077077,869.2881158992336,164.7309127938718,0.02015334553016356,0.004188714618226678,0.04313368788314417,0.039327318236736734
Bubble,62.88749425445434,0.9450540540540541,0.05494594594594593,0.7068121175579776,0.29318788244202243,869.0689652363054,164.96790095522337,0.020149717028657553,0.004195560087169816,0.043130579154054056,0.03931963731366917
Dew,62.984728646044125,0.9448431197328852,0.05515688026711485,0.7062932932932934,0.2937067067067066,868.8319872203323,165.23042979868387,0.020145798612850756,0.004203124024245974,0.04312720502755921,0.03931133814884885
Dew,63.17231295810303,0.9444341569386958,0.05556584306130419,0.7052942942942944,0.29470570570570565,868.3713834760129,165.73464530765415,0.020138173179057483,0.004217664718833742,0.043120663217807075,0.03929535806096097
Bubble,63.34554080592399,0.9440550550550552,0.05594494494494484,0.7043763128308942,0.2956236871691058,867.9436067038013,166.19938100344748,0.02013108379766688,0.004231072543896579,0.043114599066166166,0.03928067393767427
Dew,63.361332352356825,0.9440214431066204,0.055978556893379605,0.7042952952952953,0.29570470470470467,867.9062216090688,166.24364626265208,0.020130467724544257,0.00423233907564972,0.04311406140607782,0.03927937797307308
Dew,63.5518099937415,0.9436049108321001,0.056395089167899926,0.7032962962962963,0.2967037037037037,867.436416099783,166.75752217983958,0.02012268069980652,0.004247149537782626,0.04310739851416136,0.03926339788518519
Dew,63.74376969154233,0.9431844907322935,0.05681550926770651,0.7022972972972973,0.2977027027027027,866.9618788639233,167.27636525629617,0.020114810508184987,0.004262098620608241,0.04310067343220285,0.039247417797297304
Bubble,63.80235246194721,0.9430560560560561,0.056943943943943864,0.7019939658582135,0.2980060341417865,866.8168423605108,167.43490174890508,0.020112404130568237,0.004266665516365805,0.04309861897827828,0.03924256567726457
Dew,63.9372359253622,0.9427601113640498,0.0572398886359502,0.7012982982982984,0.2987017017017016,866.4825191452255,167.80027048226924,0.02010685550387387,0.004277188914797873,0.04309388501739048,0.039231437709409414
Dew,64.13223387248642,0.9423316991375316,0.057668300862468436,0.7002992992992993,0.29970070070070065,865.9982434020743,168.3293357595997,0.020098813989820635,0.004292423089491635,0.04308703209257387,0.039215457621521524
Bubble,64.25707907122727,0.9420570570570571,0.05794294294294289,0.6996638453944808,0.3003361546055192,865.6875980930396,168.6686002159369,0.020093653044222688,0.004302189526190764,0.04308263889039039,0.03920529283731466
Dew,64.3287894367169,0.9418991782250421,0.0581008217749579,0.6993003003003003,0.3006996996996997,865.5089551879117,168.86366202664706,0.020090684215509434,0.004307803895645292,0.043080113444805605,0.039199477533633634
Dew,64.52692927877389,0.9414624704648636,0.05853752953513636,0.6983013013013013,0.3016986986986987,865.0145550250247,169.40335339015573,0.0200824643746211,0.004323334169562454,0.04307312782380301,0.03918349744574575
Bubble,64.7101311257749,0.9410580580580581,0.05894194194194191,0.6973847622275134,0.30261523777248656,864.5563797206978,169.90330808647744,0.020074842204161437,0.0043377165043348865,0.0430666588025025,0.03916883639506753
Dew,64.72668084837434,0.9410214952596815,0.058978504740318516,0.6973023023023024,0.3026976976976976,864.5149402711962,169.9485172645531,0.020074152602560277,0.004339016836625151,0.0430660739403234,0.03916751735785786
Dew,64.92807241811741,0.9405761694692746,0.05942383053072542,0.6963033033033034,0.30369669669669663,864.0100049787579,170.49926451926234,0.02006574697384104,0.004354854915238252,0.043058950464447465,0.03915153726996997
Dew,65.13113311924833,0.9401264072969973,0.05987359270300274,0.6953043043043043,0.30469569569569566,863.4996397455014,171.05570963435812,0.02005724549932112,0.004370851520996735,0.0430517560237635,0.03913555718208208
Bubble,65.16151064067935,0.9400590590590591,0.059940940940940934,0.6951555670527203,0.3048444329472797,863.4231820598391,171.13905108673416,0.020055971423436087,0.0043732469475095325,0.04305067871461462,0.03913317796613203
Dew,65.33589297953507,0.9396721201697101,0.060327879830289866,0.6943053053053053,0.3056946946946947,862.9837315568406,171.61797086560816,0.020048646123272756,0.004387009871103087,0.043044489201446705,0.0391195770941942
Dew,65.5423829632865,0.9392132166106085,0.060786783389391474,0.6933063063063063,0.3066936936936937,862.4621636186529,172.1861704190429,0.020039946720280193,0.0044033332890392185,0.04303714853422495,0.039103597006306307
Bubble,65.61121944083469,0.9390600600600602,0.06093993993993985,0.6929751487780021,0.30702485122199785,862.2879997482579,172.37585444403607,0.02003704051067139,0.004408781338973121,0.043034698626726736,0.0390982997773678
Dew,65.75063501376083,0.9387496021044168,0.061250397895583175,0.6923073073073074,0.3076926926926926,861.9348151800217,172.76043463616594,0.02003114509194901,0.004419825209522041,0.04302973251022247,0.039087616918418416
Dew,65.96068209810917,0.9382811789544999,0.06171882104550008,0.6913083083083084,0.30869169169169164,861.4015613452414,173.3408941904593,0.02002223896341512,0.0044364891837603,0.04302223956667408,0.03907163683053054
Bubble,66.05925916977671,0.9380610610610611,0.06193893893893887,0.6908424328638879,0.3091575671361121,861.1508272521157,173.61374291121606,0.020018049270217983,0.004444320149254023,0.043018718538838846,0.03906418464033404
Dew,66.17255825501378,0.9378078461311368,0.06219215386886323,0.6903093093093093,0.30969069069069066,860.8622728741738,173.92768429591,0.020013225979636784,0.004453328885032122,0.04301466808749828,0.03905565674264264
Dew,66.38629864528173,0.9373294991103845,0.06267050088961545,0.6893103103103103,0.3106896896896897,860.3168159701374,174.52094492872803,0.020004103701454213,0.004470348114614125,0.04300701640071962,0.03903967665475476
Bubble,66.50563129793919,0.9370620620620621,0.0629379379379379,0.6887563797550252,0.31124362024497476,860.0116588724053,174.8527407899389,0.019998997502294818,0.004479863836834868,0.04300273845095095,0.03903081592619936
Dew,66.60193960556205,0.9368460297027591,0.0631539702972409,0.6883113113113114,0.3116886886886886,859.7650520543175,175.1208210630199,0.019994869601397795,0.00448755080808276,0.0429992827757283,0.039023696566866876
Dew,66.81951870548305,0.936357325870961,0.06364267412903901,0.6873123123123124,0.3126876876876876,859.2068375256687,175.72746292175847,0.01998552105922572,0.004504941042023234,0.04299146542036448,0.039007716478978986
Bubble,66.95033713046858,0.9360630630630631,0.06393693693693692,0.686715983396862,0.313284016603138,858.870488751088,176.09287195347636,0.019979885003124215,0.0045154128488123155,0.04298675836306306,0.038998177542014546
Dew,67.039074808433,0.9358632715357735,0.06413672846422647,0.6863133133133134,0.31368668668668664,858.6420235051455,176.34102624406057,0.019976055357169297,0.004522523041173188,0.042983562477813396,0.038991736391091096
Dew,67.26064813628395,0.935363746369138,0.064636253630862,0.6853143143143143,0.31468568568568567,858.0704555629821,176.96167257013227,0.01996646967486217,0.004540301186037248,0.04297557202329537,0.038975756303203206
Bubble,67.39337781456493,0.9350640640640641,0.06493593593593594,0.6847202698320003,0.3152797301679997,857.7273108768953,177.3341598687101,0.019960711565059467,0.004550967621527525,0.042970778275175175,0.03896625390825966
Dew,67.48428033844245,0.9348586255734209,0.06514137442657908,0.6843153153153153,0.3156846846846847,857.4919734276236,177.58956954561168,0.019956761083926914,0.004558280021018195,0.042967492060535004,0.038959776215315316
Dew,67.71001456546261,0.9343477796456864,0.06565222035431362,0.6833163163163164,0.3166836836836836,856.9064106748278,178.22489124639665,0.019946926542191823,0.004576464263094167,0.04295932051799036,0.03894379612742743
Bubble,67.83475434640269,0.9340650650650651,0.06593493493493485,0.6827682958710102,0.3172317041289898,856.5821190907825,178.57662761743802,0.019941476976704613,0.004586528581170188,0.04295479818728729,0.03893502993758227
Dew,67.9378955477309,0.9338310741257128,0.06616892587428724,0.6823173173173174,0.3176826826826826,856.313594395193,178.86781852624856,0.019936962887504846,0.004594858811102322,0.04295105524482232,0.03892781603953954
Dew,68.16796967953869,0.9333083693263902,0.06669163067360984,0.6813183183183184,0.31868168168168165,855.7133448383228,179.51853938862857,0.01992686683111141,0.004613468755668125,0.042942694006581864,0.03891183595165165
Bubble,68.27446757764417,0.9330660660660661,0.06693393393393388,0.6808591478329115,0.31914085216708854,855.4349070911026,179.82029791696712,0.01992218102302792,0.004622096144356528,0.04293881809939941,0.03890449101465004
Dew,68.40028510912711,0.9327795200449023,0.06722047995509772,0.6803193193193193,0.3196806806806807,855.1054750315187,180.17724938540567,0.019916634950556653,0.004632299389849981,0.042934234480590264,0.03889585586376376
Dew,68.63489183510522,0.9322443752530678,0.0677556247469322,0.6793203203203203,0.3206796796796797,854.4897903708063,180.8441520442795,0.01990626368207103,0.0046513562205486615,0.042925674250985604,0.03887987577587588
Bubble,68.71251826815086,0.9320670670670671,0.0679329329329329,0.678991940350865,0.32100805964913504,854.2856685008367,181.06519350321213,0.01990282348692146,0.004657670728025379,0.04292283801151152,0.03887462297704647
Dew,68.87184180990802,0.9317027777649313,0.06829722223506873,0.6783213213213214,0.3216786786786786,853.8660881817858,181.51945932793876,0.019895749312392196,0.004670644980761478,0.04291701080340562,0.03886389568798799
Dew,69.11118905089033,0.9311545638795065,0.06884543612049354,0.6773223223223224,0.32267767767767763,853.2341572474893,182.20339212767993,0.019885087969970627,0.004690171642753735,0.04290824151927298,0.0388479156001001
Bubble,69.14890691576008,0.9310680680680681,0.06893193193193192,0.6771658152391382,0.3228341847608618,853.1343966369357,182.31133578229765,0.019883404143821438,0.004693252714795849,0.04290685792362363,0.03884541209714678
Dew,69.35298975974015,0.9305995629964184,0.06940043700358156,0.6763233233233233,0.32367667667667666,852.593777300261,182.8961807946037,0.019874275615503,0.004709942432230422,0.042899363669647014,0.038831935512212215
Bubble,69.58363401275386,0.9300690690690692,0.06993093093093083,0.675379940417337,0.32462005958266305,851.981084849722,183.5587467936001,0.019863922769607432,0.004728842503471162,0.042890877835735745,0.03881684506490977
Dew,69.59730245106714,0.9300375972018229,0.06996240279817711,0.6753243243243243,0.3246756756756757,851.9447184741593,183.59806571229043,0.01986330803172782,0.004729963843611518,0.04289037440860008,0.03881595542432433
Dew,69.84418809092263,0.9294684808217865,0.07053151917821354,0.6743253253253254,0.3256746746746746,851.2867407141542,184.30929791441824,0.019852180812413602,0.004750242656503348,0.042881270766073384,0.03879997533643644
Bubble,70.01669989143033,0.9290700700700701,0.07092992992992986,0.6736335088885479,0.3263664911114521,850.8257263142895,184.80744799485646,0.019844379135737937,0.004764440477830661,0.042874897747847855,0.0387889089715321
Dew,70.09371024636076,0.9288920199399258,0.07110798006007424,0.6733263263263264,0.3266736736736736,850.6195931378131,185.03013975238403,0.019840889350458815,0.004770785953499945,0.04287204964016105,0.03878399524854855
Dew,70.34593524702058,0.9283080118757583,0.07169198812424171,0.6723273273273274,0.32767267267267264,849.9430133447725,185.76086561742062,0.019829428825015573,0.004791601139434113,0.042862707788765816,0.03876801516066067
Bubble,70.44810476718934,0.9280710710710711,0.07192892892892888,0.6719257377681018,0.3280742622318982,849.6683140853246,186.05746057430372,0.019824773010521195,0.00480004701467261,0.042858917659959965,0.03876159129391233
Dew,70.60093235998168,0.9277162446197258,0.0722837553802742,0.6713283283283283,0.32867167167167166,849.2567266686426,186.50176272294172,0.019817794187536986,0.004812695962230332,0.0428532418205616,0.03875203507277277
Dew,70.85877397927077,0.9271164962204947,0.07288350377950525,0.6703293293293293,0.3296706706706707,848.5604453654286,187.25313195342275,0.019805980146637054,0.004834078535526924,0.04284364818519266,0.03873605498488489
Bubble,70.87784874318828,0.9270720720720721,0.0729279279279279,0.6702558673598099,0.3297441326401901,848.5088411009085,187.30880546801927,0.019805104159198082,0.004835662484275331,0.042842937572072075,0.03873487987987426
Dew,71.11953583154782,0.9265085341194349,0.0734914658805651,0.6693303303303304,0.3306696696696696,847.8538677317019,188.0152887868266,0.019793981151636483,0.0048557573632536655,0.04283392316262789,0.038720074896997005
Bubble,71.30593181471886,0.9260730730730731,0.07392692692692693,0.6686231602770373,0.3313768397229627,847.3473001860959,188.56150337666395,0.019785372344019947,0.004871287250838916,0.04282695748418419,0.03870876293410752
Dew,71.38329719966207,0.9258921144266201,0.07410788557337988,0.6683313313313314,0.3316686686686686,847.1366771449885,188.7885642983375,0.01978179137465328,0.0048777413663710235,0.042824062851579664,0.03870409480910911
Dew,71.65014116609562,0.9252669811319395,0.0747330188680605,0.6673323323323324,0.33266766766766764,846.4085410178158,189.57330625465679,0.019769404691077793,0.004900039912016492,0.04281406315688462,0.038688114721221224
Bubble,71.73235387338022,0.9250740740740742,0.07492592592592584,0.6670269006058762,0.3329730993941238,846.1836840563633,189.8155747819076,0.019765577324323574,0.004906921672915267,0.0428109773962963,0.03868322900478166
Dew,71.92015487843848,0.9246328652440737,0.07536713475592627,0.6663333333333333,0.33366666666666667,845.6691096557304,190.36988030872314,0.019756814658250386,0.004922662845320009,0.042803919775730725,0.038672134633333334
Bubble,72.15711471101326,0.9240750750750751,0.07592492492492486,0.6654663931079576,0.33453360689204237,845.017985320879,191.07103996227005,0.01974571885660217,0.004942566103819958,0.04279499730840841,0.0386582669707942
Dew,72.19342983944914,0.9239894838490665,0.07601051615093346,0.6653343343343344,0.3346656656656656,844.9180150083066,191.17867130659482,0.01974401449213626,0.0049456205241998116,0.042793628182598055,0.038656154545445444
Dew,72.47006222451344,0.9233365390791627,0.07666346092083731,0.6643353353353354,0.3356646646646646,844.1548693006291,192.0000847194457,0.019730997041762427,0.004968923857482552,0.042783183612764196,0.03864017445755756
Bubble,72.58021402343311,0.9230760760760761,0.07692392392392389,0.663940962460753,0.33605903753924704,843.8501964856231,192.32791900859831,0.01972579669457295,0.004978220892031647,0.04277901722052052,0.03863386602961845
Dew,72.75015322975638,0.9226737169811456,0.07732628301885436,0.6633363363363364,0.3366636636636636,843.3792635309746,192.83454821566397,0.019717754761149633,0.004992584346745384,0.042772581044202104,0.03862419436966967
Bubble,73.00165141396374,0.9220770770770771,0.07792292292292291,0.6624499525330761,0.33755004746692385,842.680309956362,193.58623183904413,0.019705810589241552,0.005013886381576136,0.04276303713263264,0.038610015685714344
Dew,73.03380945458001,0.9220006862720534,0.07799931372794655,0.6623373373373374,0.33766266266266265,842.5907658183664,193.68251339043528,0.019704279678432288,0.0050166141323409776,0.042761815177676396,0.03860821428178179
Dew,73.32114332276754,0.9213170969680912,0.07868290303190884,0.6613383383383383,0.3386616616616617,841.7889195812444,194.5444576719259,0.019690563361815627,0.005041026044112961,0.04275088041481129,0.0385922341938939
Bubble,73.42142639679894,0.9210780780780782,0.07892192192192182,0.6609927256940104,0.33900727430598965,841.5083180415091,194.84599821375122,0.019685760288963867,0.005049562912400293,0.04274705704474475,0.03858670573947396
Dew,73.61227354717413,0.9206225788706697,0.07937742112933033,0.6603393393393394,0.3396606606606606,840.9732415256943,195.4208864272261,0.01967659688196518,0.0050658336574157066,0.04273977083387313,0.038576254106006014
Bubble,73.83928438932412,0.9200790790790792,0.07992092092092085,0.6595686620985736,0.34043133790142643,840.3338484352278,196.10488009384184,0.01966563700895405,0.0050851896845609534,0.04273107695685686,0.038563926275794996
Dew,73.90732564359767,0.9199167398909843,0.08008326010901567,0.6593403403403404,0.3406596596596596,840.1432194183358,196.31233529389434,0.019662370770361027,0.0050910513551240336,0.04272848016297018,0.038560274018118124
Dew,74.20643250037973,0.9191991641913753,0.08080083580862474,0.6583413413413414,0.34165865865865863,839.2983096149995,197.21937276739396,0.019647874973076258,0.005116694396436073,0.042717001750321656,0.03854429393023023
Bubble,74.25570529275564,0.9190800800800801,0.08091991991991987,0.6581771592615459,0.34182284073845415,839.1575805323266,197.36732448326302,0.019645456572567097,0.0051208818009219415,0.04271509686896897,0.03854166765726361
Dew,74.50973501133429,0.9184694101185241,0.08153058988147588,0.6573423423423423,0.34265765765765765,838.4379343116854,198.14260307956437,0.019633098799349897,0.005142778993401135,0.04270532853119693,0.03852831384234234
Bubble,74.6704590002473,0.9180810810810811,0.08191891891891889,0.6568176311680783,0.34318236883192166,837.9791790305476,198.63124697764343,0.019625211062956584,0.005156585069443494,0.042699116781081084,0.0385199205099277
Dew,74.81738278090613,0.9177270078991354,0.08227299210086458,0.6563433433433433,0.3436566566566567,837.5614784786832,199.08266940934374,0.01961803086422078,0.005169322396265254,0.04269345299105537,0.03851233375445446
Bubble,75.08354442855935,0.9170820820820821,0.08291791791791792,0.655489507879722,0.34451049212027796,836.7986354023718,199.89666304110787,0.019604900207247856,0.005192299717282629,0.0426831366931932,0.03849867571699483
Dew,75.12953491184444,0.9169714570639169,0.08302854293608308,0.6553443443443444,0.3446556556556556,836.6682864321093,200.04025747340978,0.019602659024363308,0.0051963429888982286,0.042681367124340126,0.03849635366656657
Dew,75.44636088764442,0.91620222355957,0.08379777644042996,0.6543453453453454,0.3456546546546546,835.7576579890119,201.016099553547,0.019586970306114504,0.005223860395807764,0.04266906238828124,0.03848037357867868
Bubble,75.49496039602921,0.9160830830830832,0.08391691691691683,0.6541922349413054,0.3458077650586946,835.6159409904408,201.16358764790172,0.019584523729114373,0.0052280259586727565,0.04266715660530531,0.03847792440934462
Dew,75.7680415640868,0.9154187365012563,0.08458126349874373,0.6533463463463464,0.34665365365365364,834.8288441425428,202.01097902724337,0.019570950824500426,0.00525189560250337,0.04265652965094775,0.03846439349079079
Bubble,75.90470562322676,0.9150840840840841,0.08491591591591585,0.6529252728546807,0.3470747271453193,834.431087005912,202.4320352564653,0.019564081348732693,0.005263763994214731,0.04265117651741742,0.038457657957110765
Dew,76.09477028687739,0.9146203845093386,0.08537961549066142,0.6523473473473473,0.34765265265265266,833.8810421819453,203.02573548047613,0.019554585691848432,0.0052804710913024935,0.04264375913264983,0.038448413402902906
Bubble,76.31324632576998,0.9140850850850851,0.08591491491491487,0.6516880967975424,0.34831190320245764,833.2447593908868,203.70670094767965,0.01954358908063512,0.005299635794893623,0.04263519642952953,0.03843786796518317
Dew,76.42675415560915,0.9138065115633226,0.0861934884366774,0.6513483483483484,0.3486516516516516,832.9133901677383,204.0612704966761,0.01953785891430288,0.005309610995069422,0.04263074033961807,0.038432433315015016
Bubble,76.71969495732478,0.9130860860860861,0.0869139139139139,0.6504801953092691,0.34951980469073085,832.0556368392656,204.9787938277169,0.019523015866115188,0.005335412550027202,0.04261921634164165,0.0384185462521866
Dew,76.7642154583653,0.9129764122928473,0.08702358770715268,0.6503493493493494,0.3496506506506506,831.9249606547536,205.11855423496388,0.01952075327422771,0.00533934127188303,0.04261746198867762,0.038416453227127126
Dew,77.10739330586024,0.9121293266092277,0.08787067339077226,0.6493503503503504,0.3506496496496496,830.9147535341532,206.1986329321894,0.019503250196076318,0.00536968990419774,0.042603911921373874,0.038400473139239236
Bubble,77.12447329427705,0.9120870870870871,0.08791291291291292,0.6493010710050622,0.3506989289949378,830.8643357448059,206.252513446336,0.019502376082323997,0.005371203284299787,0.04260323625375376,0.03839968486190408
Dew,77.45654550046095,0.9112644335611595,0.08873556643884051,0.6483513513513514,0.35164864864864864,829.8816878383728,207.30263749337755,0.019485329592795687,0.00540068712685732,0.04259007700568766,0.03838449305135136
Bubble,77.52718864261053,0.9110880880880882,0.08891191191191183,0.648150239219666,0.35184976078033403,829.6702555449689,207.52380345505068,0.019481655552394058,0.005406902137131201,0.04258725616586587,0.0383812760415817
Dew,77.81195068266044,0.9103808442727115,0.08961915572728851,0.6473523523523523,0.35264764764764767,828.8245923193817,208.43179336906115,0.019466969689203705,0.005432365689218682,0.042575943023070724,0.03836851296346347
Bubble,77.9285812277657,0.9100890890890891,0.08991091091091086,0.6470272284010496,0.35297277159895035,828.4745052070257,208.80034336160148,0.019460880235055808,0.005442708961379023,0.042571276077977976,0.038363312248226034
Dew,78.17391080732617,0.9094775937902102,0.0905224062097898,0.6463533533533534,0.3536466466466466,827.7421945680641,209.58743196358756,0.01944814681797647,0.0054647611578494,0.042561494538027586,0.03835253287557558
Bubble,78.32829551756168,0.9090900900900901,0.09090990990990988,0.6459315787975947,0.35406842120240534,827.2765434170884,210.07851020551777,0.019440037348341727,0.005478529231515411,0.04255529599009009,0.038345786127604205
Dew,78.5427540139181,0.9085536316248929,0.09144636837510711,0.6453543543543544,0.3546456456456456,826.6331083891534,210.77100387411994,0.019428835182877347,0.0054979122677355574,0.042546714746834954,0.038336552787687696
Bubble,78.72632972456368,0.9080910910910911,0.0919089089089089,0.6448628426397686,0.35513715736023144,826.0763607240269,211.35831672007075,0.019419126593929595,0.005514363101590944,0.0425393159022022,0.03832869051715001
Dew,78.91883797030304,0.9076078107249068,0.09239218927509318,0.6443553553553554,0.3556446446446446,825.4958190767463,211.98409433238274,0.019409006582566397,0.005531861331850351,0.04253158530113669,0.0383205726997998
Bubble,79.12268197278755,0.9070920920920922,0.09290790790790782,0.6438205836298424,0.3561794163701576,824.8739475441828,212.63977502327094,0.019398147669932128,0.005550210709166542,0.04252333581431432,0.038312018437801326
Dew,79.30255378952607,0.906638874549628,0.093361125450372,0.6433563563563564,0.35664364364364365,824.3286661488319,213.22844131376198,0.019388630086669453,0.005566654721383265,0.04251608610118331,0.038304592611911915
Bubble,79.51735029690985,0.9060930930930932,0.09390690690690684,0.6428043765825181,0.3571956234174819,823.6692941576028,213.9228965694776,0.019377100270801726,0.005586072174002583,0.04250735572642643,0.03829576308825162
Dew,79.69433064451492,0.9056454418253944,0.09435455817460559,0.6423573573573574,0.35764264264264256,823.1298229820804,214.5059568985939,0.01936767165363093,0.005602343432110605,0.0425001950519832,0.03828861252402403
Bubble,79.91033264127545,0.9050940940940941,0.09490590590590586,0.6418138070797345,0.35818619292026554,822.4623907038631,215.20769209605464,0.01935598408722526,0.005621947596616619,0.04249137563853854,0.038279917839428135
Dew,80.09464123912454,0.9046259884569362,0.0953740115430638,0.6413583583583584,0.3586416416416416,821.8972726401643,215.81875262751146,0.019346093677048405,0.005638983756542975,0.042483887773956,0.038272632436136135
Bubble,80.3016268586947,0.9040950950950951,0.09590490490490489,0.6408484711391571,0.3591515288608429,821.2532271774484,216.4941715648669,0.01933479880600825,0.005657837056703781,0.042475395550650656,0.03826447622918907
Dew,80.50400833837966,0.9035788259157952,0.09642117408420481,0.6403593593593594,0.3596406406406406,820.6287789884315,217.16916980160454,0.019323854443442336,0.0056766380870109925,0.042467137257231655,0.03825665234824825
Bubble,80.69123070901233,0.9030960960960961,0.09690390390390391,0.6399079748954961,0.3600920251045039,820.0417934226475,217.78234409804043,0.01931354410994731,0.005693740611405296,0.042459415462762766,0.038249431957225855
Dew,80.92301261983971,0.9025020752284835,0.09749792477151653,0.6393603603603604,0.36063963963963963,819.3218519217074,218.55981595597572,0.019300907479408727,0.005715375882199936,0.04244991344556234,0.03824067226036036
Bubble,81.08009642573158,0.9020970970970972,0.09790290290290282,0.6389919356295932,0.3610080643704068,818.8296011675574,219.08339415811164,0.01929225553811503,0.005729950596088739,0.04244343537487488,0.03823477890152453
Dew,81.35230218808445,0.9013936354167876,0.09860636458321237,0.6383613613613613,0.36163863863863865,817.9737051709866,219.99360911210186,0.019277200759317485,0.005755274839610883,0.04243218273149048,0.03822469217247247
Bubble,81.46640891301041,0.9010980980980982,0.09890190190190185,0.6380999764652463,0.3619000235347537,817.613759599485,220.37626917369985,0.019270864916809113,0.005765916342152925,0.04242745528698699,0.03822051103353573
Dew,81.79260420369127,0.9002511448706177,0.09974885512938225,0.6373623623623624,0.36263763763763757,816.5812046596255,221.47383192954155,0.019252675735420242,0.005796422330050109,0.04241390733846489,0.03820871208458459
Bubble,81.85103287685813,0.9000990990990991,0.09990090090090087,0.637231733179902,0.362768266820098,816.3956330146742,221.6710012014952,0.01924940429876902,0.005801899946642844,0.04241147519909911,0.03820662252711903
Bubble,82.23396651442562,0.8991001001001001,0.10089989989989989,0.6363868494468177,0.36361315055318233,815.1752122199098,222.96761032825543,0.019227873387999233,0.00583790175395418,0.04239549511121122,0.03819310768243624
Dew,82.24473922974099,0.8990719336161942,0.1009280663838058,0.6363633633633634,0.3636366366366366,815.1408046913258,223.00419859230732,0.019227266139306854,0.0058389171691513204,0.042395044557318004,0.0381927319966967
Bubble,82.61520789112572,0.8981011011011012,0.1018988988988988,0.6355649776408825,0.3644350223591175,813.9524878278694,224.26611569639172,0.019206271883477552,0.005873922083252862,0.04237951502332333,0.038179960938841316
Dew,82.70963911195156,0.8978529637090775,0.10214703629092248,0.6353643643643644,0.3646356356356356,813.6484682805466,224.58893827012878,0.019200896485421715,0.005882871827508921,0.042375545792786774,0.03817675190880881
Bubble,82.99475511604294,0.8971021021021022,0.10289789789789783,0.6347657785865481,0.36523422141345185,812.7274505405844,225.56653760004323,0.019184599485836812,0.005909961283312225,0.04236353493543544,0.038167176870848286
Dew,83.18836951308418,0.8965907539262794,0.1034092460737206,0.6343653653653654,0.36563463463463464,812.0995665420296,226.2329004322004,0.01917348018122025,0.005928415219006984,0.04235535535888016,0.03816077182092092
Bubble,83.37260627964427,0.8961031031031031,0.10389689689689685,0.6339889213152595,0.3660110786847405,811.5000910504452,226.86889676997404,0.019162855895030292,0.00594601971378174,0.04234755484754755,0.038154750184251025
Dew,83.68215866392674,0.8952812833842001,0.1047187166157999,0.6333663663663665,0.36663363363363355,810.4887500215248,227.94168937716887,0.019144917110451118,0.005975696262086901,0.04233440893714201,0.03814479173303304
Bubble,83.74875930336646,0.8951041041041041,0.10489589589589587,0.6332340828316941,0.36676591716830587,810.2703997911099,228.17321246729483,0.019141040804446185,0.005982097695186396,0.042331574759659665,0.03814267571238406
Bubble,84.12321219429256,0.8941051051051051,0.1058948948948949,0.6325009478886995,0.3674990521113005,809.0383673567451,229.4795056617244,0.01911915391080265,0.006018195592175776,0.042315594671771775,0.03813094841252243
Dew,84.19243454682992,0.8939198663870604,0.10608013361293955,0.6323673673673674,0.36763263263263257,808.8097818183663,229.7218384329556,0.019115090499398517,0.006024888490386653,0.04231263157471406,0.03812881164514515
Bubble,84.49438415841767,0.8931061061061062,0.10689389389389381,0.6317892039758999,0.3682107960241001,807.8013293514956,230.7669386036841,0.019097132144066088,0.006053766588929905,0.042299614583883885,0.038119563285718895
Dew,84.72091905480143,0.8925009872540954,0.10749901274590457,0.6313683683683684,0.3686316316316316,807.0551407382097,231.5812476587436,0.019083858604478348,0.006076201588717882,0.04228993504221524,0.03811283155725726
Bubble,84.86527594753471,0.8921071071071072,0.10789289289289283,0.6310985591309138,0.36890144086908616,806.5643086752233,232.07489944555098,0.019075094141956978,0.00608984357999298,0.042283634495995995,0.038108515661714006
Bubble,85.23444717429369,0.8911081081081081,0.10889189189189186,0.6304287161733753,0.36957128382662474,805.3248909361035,233.38464984795183,0.019052982764560973,0.006125934962863552,0.04226765440810811,0.038097800786780926
Dew,85.26955077654888,0.8910180782682615,0.10898192173173848,0.6303693693693694,0.3696306306306306,805.2163429331987,233.5288350778341,0.01905106375425198,0.0061298723141358785,0.042266214281786944,0.03809685146936937
Bubble,85.60211722506978,0.8901091091091091,0.10989089089089088,0.629779390530226,0.370220609469774,804.0834453410957,234.69922971980122,0.019030806666903814,0.0061621203542196225,0.04225167432022023,0.03808741410886055
Dew,85.84075970748236,0.8894632147867774,0.11053678521322263,0.6293703703703704,0.37062962962962964,803.2826888231206,235.5758092773601,0.01901650470156482,0.0061861979710873755,0.042241342530050775,0.03808087138148149
Bubble,85.96785717599437,0.8891101101101102,0.11088988988988979,0.629150299272499,0.370849700727501,802.8392336932822,236.01286258574473,0.019008548297489363,0.0061982479283374595,0.04223569423233234,0.03807735110219282
Bubble,86.33186779050207,0.8881111111111112,0.11188888888888882,0.628541170767332,0.37145882923266804,801.5925912312708,237.32829841103376,0.01898621550323191,0.006234389668410757,0.04221971414444445,0.03806760742171132
Dew,86.43748942625996,0.8878266862769784,0.11217331372302164,0.6283713713713714,0.37162862862862855,801.2412064613529,237.7357854725483,0.01897993805732367,0.006245539587618886,0.042215164456355175,0.0380648912935936
Bubble,86.69440346156458,0.8871121121121122,0.11288788788788784,0.6279517409935006,0.3720482590064994,800.3439549822716,238.6491974639763,0.01896381855476919,0.006270641547025432,0.04220373405655656,0.03805817884410614
Bubble,87.05737607427449,0.8861131131131131,0.11388688688688686,0.6273817582889931,0.3726182417110069,799.0966783172744,240.00357782318557,0.018941436866033085,0.006307739779827826,0.042187753968668674,0.038049061343766566
Dew,87.06340787422393,0.8860963753153956,0.11390362468460435,0.6273723723723724,0.3726276276276276,799.0757013853207,240.02577599982564,0.01894105984519578,0.006308348081293639,0.04218748622918261,0.03804891120570571
Bubble,87.4149357461542,0.8851141141141141,0.11488588588588589,0.6268309406150864,0.3731690593849136,797.8405068351593,241.30653790354395,0.01891882729644352,0.006343452929672502,0.042171773880780784,0.038040250409172985
Dew,87.72318151763204,0.8842568276514446,0.11574317234855536,0.6263733733733734,0.3736266266266266,796.7654933746862,242.46748427683704,0.01889948164749487,0.006375198470129086,0.042158060640795275,0.03803293111781782
Bubble,87.77211984156624,0.8841151151151152,0.1158848848848848,0.6262990602455256,0.3737009397544744,796.5842551990252,242.63125723728913,0.018896198684161,0.006379703950998633,0.042155793792892894,0.03803174239759345
Bubble,88.12766505028067,0.8831161161161162,0.11688388388388382,0.6257858708562491,0.37421412914375085,795.325705812818,243.9594217536069,0.01887349838279793,0.006416011352426365,0.042139813705005004,0.038023533368803646
Dew,88.42291412412868,0.8822878016700763,0.11771219832992375,0.6253743743743744,0.3746256256256256,794.2834907879922,245.08937712294258,0.01885469445342103,0.006446844643853448,0.042126563904294714,0.03801695102992993
Bubble,88.48137783579486,0.8821171171171172,0.11788288288288284,0.6252911336202913,0.3747088663797087,794.0645084179727,245.28818405627692,0.01885071799579283,0.006452300061560836,0.04212383361711712,0.038015619502503546
Bubble,88.60674766005192,0.7082912912912913,0.2917087087087087,0.7047612672665045,0.2952387327334955,329.67333433937114,324.26211084963114,0.008379402550828625,0.00825370987574953,0.039343298324624625,0.03928683170732173
Bubble,88.83334568905937,0.8811181181181181,0.11888188188188187,0.6248146174916164,0.3751853825083836,792.8008121632116,246.61889536952137,0.018827860974031548,0.006488605403281808,0.04210785352922923,0.03800799710285764
Dew,89.17085234370481,0.8801618892809657,0.11983811071903427,0.6243753753753755,0.37562462462462454,791.5929868283188,247.93002250415026,0.018806008283097145,0.006524307573148217,0.04209255759712725,0.038000970942042044
Bubble,89.18368721592125,0.8801191191191192,0.11988088088088078,0.6243560975133068,0.3756439024866932,791.5348265961303,247.95346759127457,0.018804932208569956,0.006524977482305168,0.04209187344134135,0.03800066257143261
Bubble,89.53240883665175,0.8791201201201202,0.1208798798798798,0.6239153528465082,0.37608464715349177,790.266561504929,249.29213322183674,0.018781931850297043,0.006561422240057622,0.04207589335345345,0.037993612375668034
Bubble,89.88146084103802,0.8781211211211212,0.12187887887887883,0.6234921790070023,0.37650782099299773,788.999601023241,250.66680965925465,0.018758945032566074,0.0065987796891966355,0.04205991326556556,0.037986843244613905
Dew,89.97861945763596,0.8778403580682264,0.12215964193177364,0.6233763763763764,0.37662362362362356,788.6420968944774,251.04393246760938,0.018752447521506784,0.006609029693636333,0.04205542215169516,0.03798499085415416
Bubble,90.2266708727735,0.8771221221221221,0.12287787787787785,0.6230863388251008,0.3769136611748992,787.7262911504248,252.01010091513717,0.01873578972313302,0.006635275655140866,0.04204393317767768,0.0379803513844802
Bubble,90.57013910615929,0.8761231231231231,0.12387687687687687,0.6226976389395522,0.3773023610604478,786.4504649786481,253.35578317448184,0.01871255693320233,0.006671798892400554,0.04202795308978979,0.03797413370224097
Dew,90.86353583039502,0.8752652553460807,0.12473474465391932,0.6223773773773774,0.3776226226226226,785.3532361446582,254.512567049257,0.018692553114606332,0.006703165605657017,0.04201423055104144,0.03796901076626626
Bubble,90.91186309083932,0.8751241241241242,0.12487587587587579,0.6223258776850535,0.37767412231494646,785.1721128197532,254.7038840474337,0.018689246343755576,0.006708349920290199,0.04201197300190191,0.03796818697203788
Bubble,91.25184043541898,0.8741251251251252,0.1258748748748748,0.6219708579885118,0.3780291420114882,783.8912251368919,256.0544329626322,0.01866585763889174,0.006744929304536986,0.04199599291401402,0.03796250804147003
Bubble,91.59006861965759,0.8731261261261262,0.12687387387387383,0.6216323872606958,0.3783676127393042,782.6077921942763,257.40745794908065,0.018642390497489857,0.0067815375724729066,0.04198001282612614,0.037957093829860816
Dew,91.85412028314956,0.8723426003605016,0.1276573996394984,0.6213783783783784,0.3786216216216216,781.5993970200913,258.47042336703174,0.01862392993093052,0.00681027097828793,0.04196747946962662,0.03795303067837838
Bubble,91.926544622208,0.8721271271271271,0.12787287287287286,0.6213102772919861,0.37868972270801393,781.3218033427953,258.76297881574266,0.01861884457617543,0.006818175033234599,0.04196403273823824,0.03795194132659034
Bubble,92.09607383142435,0.7032962962962963,0.2967037037037037,0.6797201515799007,0.32027984842009927,348.8380315359052,313.78542104485496,0.008884560438604533,0.008069311065479763,0.03926339788518519,0.03888627151668725
Bubble,92.2612661172706,0.8711281281281281,0.12887187187187188,0.621004344151188,0.378995655848812,780.0332492873579,260.1210282534363,0.018595219563329195,0.006854842333651565,0.04194805265035035,0.037947047589476826
Bubble,92.58404808908223,0.7022972972972973,0.2977027027027027,0.6781807255997255,0.32181927440027447,350.88217660286574,315.039234151259,0.00894026145656463,0.00810668772079142,0.039247417797297304,0.03886164670476577
Bubble,92.593959562988,0.8701291291291292,0.1298708708708708,0.6206996737227188,0.37930032627728116,778.7415978274453,261.46473273136235,0.018571502676559177,0.006891137349721831,0.041932072562462466,0.03794217405083599
Dew,93.00147196561149,0.8689000275850954,0.13109997241490456,0.6203793793793794,0.37962062062062063,777.1500725214964,263.15922599732363,0.018542241794737336,0.006936733929002076,0.04191241173125395,0.03793705059049049
Bubble,93.13380917978891,0.7012982982982984,0.2987017017017016,0.6762227444655251,0.32377725553447484,353.3543098673323,316.1122331921927,0.009006917168946436,0.008140859491102293,0.039231437709409414,0.03883032664274499
Bubble,93.2545876054437,0.8681311311311312,0.13186886886886884,0.6201704618946474,0.37982953810535264,776.1515326478234,264.1973552018819,0.018523853241368324,0.006964711969335901,0.04190011238668669,0.03793370872551297
Bubble,93.58243801663342,0.8671321321321321,0.13286786786786786,0.6199337686615588,0.3800662313384412,774.8529566425337,265.57322073580553,0.018499916653752804,0.007001681069543439,0.0418841322987988,0.037929922556887166
Bubble,93.74677850488318,0.7002992992992993,0.29970070070070065,0.6738940543533906,0.3261059456466096,356.25108741138615,317.0704756026248,0.00908445569728287,0.008173377899228637,0.039215457621521524,0.03879307668284228
Bubble,93.9082095724393,0.8661331331331332,0.13386686686686677,0.619703262779215,0.38029673722078516,773.5511562823228,266.94083596268996,0.01847588478195926,0.007038421647089225,0.04186815221091091,0.037926235361742604
Bubble,94.23242628657427,0.8651341341341342,0.1348658658658658,0.6194927550590004,0.3805072449409997,772.2471571485536,268.3170996445427,0.018451782021696738,0.0070753377414832595,0.04185217212302302,0.03792286805919928
Bubble,94.33830473722871,0.6993003003003003,0.3006996996996997,0.671815874864058,0.3281841251359419,358.9368064149879,318.1827715825642,0.009156673226244296,0.008209085009828521,0.039199477533633634,0.038759833915912964
Dew,94.42270904040359,0.8645449272844121,0.13545507271558788,0.6193803803803805,0.38061961961961954,771.4777914143156,269.1346021795144,0.018437551180891295,0.007097231133309991,0.04184274711133419,0.03792107050260261
Bubble,94.5546112074787,0.8641351351351352,0.13586486486486482,0.6192904340033736,0.38070956599662636,770.9400095174218,269.6878184002784,0.01842758559072408,0.007112089601847989,0.04183619203513514,0.03791963171136136
Bubble,94.80920497258941,0.6983013013013013,0.3016986986986987,0.6717595463119831,0.32824045368801696,360.6973465762856,321.23751928924173,0.009205338218613954,0.008288089878379276,0.03918349744574575,0.038758932878761115
Bubble,94.87545851754449,0.8631361361361362,0.13686386386386384,0.6191137884317005,0.38088621156829944,769.6310953734823,271.07457406752746,0.01840332842751511,0.007149193251113734,0.04182021194724725,0.03791680607113233
Bubble,95.02688072523077,0.6973023023023024,0.3026976976976976,0.6719821206414869,0.32801787935851306,360.6036518210955,322.94667684384956,0.00920670178113167,0.008331421696164413,0.03916751735785786,0.03876249319999329
Bubble,95.19430956212932,0.8621371371371371,0.13786286286286287,0.6189464152330777,0.3810535847669224,768.3190944251438,272.457503306508,0.01837897887969752,0.00718617339418711,0.04180423185935936,0.037914128752709844
Bubble,95.49936319612142,0.6963033033033034,0.30369669669669663,0.6711249456026844,0.32887505439731557,362.33181091084145,324.8622420684312,0.009254599849103685,0.008383805308473331,0.03915153726996997,0.038748781742355104
Bubble,95.51120675798487,0.8611381381381382,0.13886186186186178,0.6187894745415395,0.3812105254584605,767.0040811209715,273.8381760721017,0.018354538622852832,0.007223067446135506,0.041788251771471475,0.037911618313713924
Bubble,95.8010336347016,0.6913083083083084,0.30869169169169164,0.6744351618159934,0.3255648381840066,356.3458513298556,331.2778317304952,0.009120320524974967,0.008537707266214988,0.03907163683053054,0.038801732291924816
Bubble,95.8263920680457,0.8601391391391392,0.1398608608608608,0.6186488131946337,0.38135118680536634,765.6865403830618,275.22400760259535,0.01833001916158596,0.0072600525960862415,0.04177227168358359,0.037909368280742685
Bubble,95.94934114012199,0.6953043043043043,0.30469569569569566,0.6704437968845128,0.32955620311548706,363.8704634365568,326.8471973255752,0.009297694721544738,0.008437404074201649,0.03913555718208208,0.03873788601934436
Bubble,96.13982934119261,0.8591401401401402,0.14085985985985983,0.6185229523578876,0.38147704764211243,764.3663965618882,276.6134414465923,0.018305418593270867,0.0072970915923740755,0.0417562915956957,0.03790735499821201
Bubble,96.30119790470432,0.6933063063063063,0.3066936936936937,0.6751392859199978,0.3248607140800021,363.0526856572794,335.7363113568868,0.0092843808102546,0.008650100482050305,0.039103597006306307,0.038812995531504885
Bubble,96.45148068813937,0.8581411411411412,0.14185885885885885,0.6184111396367712,0.38158886036322875,763.0435688642978,278.0057262041822,0.01828073488913865,0.00733416625529443,0.04174031150780781,0.03790556643074376
Dew,96.57964132538791,0.8577298833393342,0.1422701166606658,0.6183813813813814,0.38161861861861857,762.4990219174448,278.5947873725896,0.018270568371084265,0.007349798782288074,0.04173373298688433,0.03790509041471472
Bubble,96.76133578394223,0.8571421421421422,0.14285785785785776,0.6183130679162564,0.38168693208374366,761.7180322623216,279.400678880365,0.01825596735382713,0.0073712720580192195,0.04172433141991992,0.03790399766569523
Bubble,96.7733754601325,0.6943053053053053,0.3056946946946947,0.6695076182683887,0.33049238173161133,367.99608875487354,330.91873541773197,0.009406954678185631,0.008545812504110621,0.0391195770941942,0.03872291081258297
Bubble,97.06940167467667,0.8561431431431432,0.14385685685685679,0.618231950467704,0.38176804953229593,760.3897978177342,280.8022061508208,0.018231116156196627,0.0074085013835072586,0.04170835133203203,0.037902700102876434
Bubble,97.09276461193397,0.6923073073073074,0.3076926926926926,0.6743037192839276,0.3256962807160725,366.9066751488574,339.736074374026,0.009386775251984418,0.00875616795290055,0.039087616918418416,0.03879962972403764
Bubble,97.3442149993433,0.6873123123123124,0.3126876876876876,0.6799339894784289,0.320066010521571,360.60562190328204,349.4336551019675,0.009244468901367507,0.008985251266618888,0.039007716478978986,0.038889692089095894
Bubble,97.37567411872666,0.8551441441441442,0.1448558558558558,0.6181618885104353,0.3818381114895648,759.0588533543473,282.2037123874188,0.018206180907999085,0.007445697962142976,0.04169237124414415,0.03790157938480178
Bubble,97.6801497318789,0.8541451451451452,0.14585485485485483,0.618105578074523,0.38189442192547696,757.7251885116323,283.6084718801009,0.018181161263956663,0.007482939147162276,0.04167639115625626,0.03790067863743788
Bubble,97.98282535494991,0.8531461461461461,0.14685385385385386,0.6180626471006759,0.38193735289932407,756.3887934510155,285.0162333005414,0.01815605689079053,0.007520218842862079,0.04166041106836837,0.037899991909287126
Bubble,98.02488184423888,0.6863133133133134,0.31368668668668664,0.6786347863268396,0.32136521367316045,363.5925659817823,351.9520480519744,0.009324862128090725,0.00905484740650276,0.038991736391091096,0.03886890990556276
Bubble,98.28369808241023,0.8521471471471472,0.14785285285285277,0.6180341445933275,0.3819658554066726,755.0496589331744,286.4283947093771,0.018130867469100018,0.007557569962282376,0.04164443098048048,0.03789953598032933
Bubble,98.34278121570546,0.6853143143143143,0.31468568568568567,0.6784418276213104,0.3215581723786894,364.1332744429306,353.7126298318121,0.009342558271614718,0.00910086548097375,0.038975756303203206,0.03886582331881324
Bubble,98.5827650325098,0.8511481481481482,0.1488518518518518,0.6180179150426836,0.38198208495731634,753.7077758398702,287.8426254159675,0.018105592681902698,0.007594937238369841,0.041628450892592594,0.03789927637081427
Bubble,98.66199469666022,0.6843153153153153,0.3156846846846847,0.6782149545264538,0.32178504547354625,364.6735323651177,355.42263434705563,0.009360257367745413,0.009145717099915608,0.038959776215315316,0.0388621942341006
Bubble,98.88039246513966,0.8501491491491492,0.14985085085085081,0.6180232384723715,0.3819767615276285,752.3639364193912,289.2709126690518,0.01808025146957457,0.007632606488074659,0.041612470804704704,0.037899361524927906
Bubble,98.89382389491318,0.6833163163163164,0.3166836836836836,0.6775845594730197,0.3224154405269803,364.63619817888986,355.9584662046964,0.009363139561068186,0.009161882399654315,0.03894379612742743,0.03885211037178637
Bubble,98.95903663826121,0.6893103103103103,0.3106896896896897,0.6731743129540336,0.32682568704596626,374.6188187041116,350.0705994996733,0.009595848398464788,0.0090267273094668,0.03903967665475476,0.03878156362744402
Bubble,98.99479803004029,0.6813183183183184,0.31868168168168165,0.6784624571291896,0.3215375428708104,362.22335041796646,357.9069459261877,0.009308821893370248,0.009208705144217127,0.03891183595165165,0.038866153310484236
Bubble,99.1758506082845,0.8491501501501502,0.15084984984984984,0.6180336018860961,0.3819663981139039,751.0165587113381,290.6922416466487,0.018054805724457758,0.0076700756543029575,0.041596490716816814,0.03789952729913018
Bubble,99.21580989124718,0.6823173173173174,0.3176826826826826,0.6776153585465147,0.3223846414534853,365.18073879958996,358.0571751532091,0.009380971653500178,0.009215783426753806,0.03892781603953954,0.03885260303684591
Bubble,99.27377919795953,0.6883113113113114,0.3116886886886886,0.6732013295128706,0.32679867048712957,375.0684960400768,352.069250904304,0.009611301056459352,0.009078162269878102,0.039023696566866876,0.03878199578702083
Bubble,99.46944220269782,0.8481511511511511,0.15184884884884886,0.6180557039312068,0.38194429606879304,749.6662913475911,292.1153776076759,0.018029270925451882,0.007707553984069402,0.041580510628928924,0.037899880845653974
Bubble,99.76126515331585,0.8471521521521522,0.15284784784784777,0.618091546756592,0.38190845324340805,748.3133461571964,293.54310400481245,0.018003652066232473,0.007745107816516671,0.04156453054104105,0.03790045419107312
Bubble,100.05128204634065,0.8461531531531532,0.1538468468468468,0.6181409015282805,0.3818590984717194,746.9576395536712,294.9752365745917,0.017977947038029192,0.007782732384838707,0.04154855045315316,0.037901243674936524
Bubble,100.3393882217295,0.8451541541541542,0.15484584584584582,0.6181976427098721,0.381802357290128,745.5989359389517,296.4043981616814,0.01795215006876904,0.007820252621479203,0.04153257036526527,0.03790215131255139
Bubble,100.62579975460415,0.8441551551551552,0.15584484484484484,0.618274109610002,0.38172589038999805,744.2377155911548,297.84598602910387,0.017926272620627376,0.007858033488524247,0.04151659027737738,0.03790337448473255
Bubble,100.91027538498497,0.8431561561561562,0.15684384384384376,0.6183591650718694,0.38164083492813067,742.8734361073232,299.2862904006281,0.017900301530878803,0.007895749438205844,0.041500610189489494,0.03790473504040614
Bubble,101.18716567290433,0.6803193193193193,0.3196806806806807,0.6742551001679731,0.32574489983202704,374.6217624484622,365.38871166512337,0.009631405560546313,0.00941751347673111,0.03889585586376376,0.03879885200779692
Bubble,101.19290966221952,0.8421571571571572,0.15784284284284278,0.6184536747957298,0.3815463252042701,741.5063064824747,300.7267236914907,0.01787424172920002,0.007933434429971443,0.04148463010160161,0.037906246827399966
Bubble,101.47372605729196,0.8411581581581582,0.1588418418418418,0.6185631422268401,0.38143685777315983,740.136378308169,302.1741059646867,0.017848094357144618,0.007971249416184432,0.04146865001371372,0.03790799787937475
Bubble,101.75300759978201,0.8401591591591592,0.15984084084084083,0.6186962532064784,0.38130374679352164,738.7643019755163,303.63987138177094,0.017821875003406033,0.008009465921682488,0.04145266992582583,0.03791012713591615
Bubble,102.03021583801245,0.8391601601601602,0.16083983983983985,0.6188314441482278,0.3811685558517721,737.3888418428198,305.0967677801733,0.01779555376471441,0.008047437136775668,0.04143668983793794,0.03791228966373947
Bubble,102.3055874314838,0.8381611611611612,0.16183883883883876,0.618978721449607,0.3810212785503929,736.010538192938,306.5576289114586,0.017769143566933897,0.00808546736114889,0.04142070975005005,0.037914645526180055
Bubble,102.57911982400437,0.8371621621621622,0.16283783783783778,0.6191349006018071,0.3808650993981929,734.6293841094298,308.018730251444,0.017742644140018936,0.008123468687674378,0.04140472966216217,0.03791714378351657
Bubble,102.85093868050232,0.8361631631631632,0.1638368368368368,0.6193145072842106,0.38068549271578955,733.2456747554785,309.4982876491552,0.017716062512099593,0.008161871060432315,0.041388749574274276,0.037920016789968966
Bubble,103.12085742505296,0.8351641641641642,0.16483583583583583,0.6195175614242077,0.3804824385757924,731.8589727864925,310.99611395805874,0.017689388017094406,0.008200668246020159,0.041372769486386386,0.03792326486429777
Bubble,103.38884995261105,0.8341651651651653,0.16583483483483474,0.6197156751114197,0.3802843248885803,730.4692132587369,312.47752022076537,0.017662618977024785,0.008239043010395485,0.041356789398498496,0.03792643391064979
Bubble,103.6550082014921,0.8331661661661662,0.16683383383383377,0.6199229108588392,0.3800770891411608,729.0766128611201,313.96006799458536,0.017635760523778465,0.008277409614134763,0.04134080931061062,0.037929748874389074
Bubble,103.91930795363884,0.8321671671671672,0.1678328328328328,0.6201428238847717,0.3798571761152282,727.6811136606743,315.4482173558499,0.01760881115173621,0.008315872726520271,0.04132482922272273,0.037933266625143194
Bubble,104.03242396475719,0.6463533533533534,0.3536466466466466,0.6417865573796455,0.3582134426203545,344.47408878892077,338.2863113974407,0.008981781983121528,0.008837275066441101,0.03835253287557558,0.03827948195050055
Bubble,104.18173955238089,0.8311681681681682,0.1688318318318318,0.6203727695745775,0.3796272304254224,726.2826919349054,316.9388268158521,0.01758177018111229,0.008354358211778587,0.04130884913483484,0.0379369448593919
Bubble,104.44186190254719,0.8301691691691692,0.16983083083083084,0.6205622454697454,0.37943775453025474,724.8802721048462,318.3679513765378,0.01755461145799074,0.008391358855953771,0.041292869046946956,0.0379399757347586
Bubble,104.70061636562762,0.8291701701701703,0.17082982982982975,0.6208105057818779,0.3791894942181221,723.4761430822026,319.861669582203,0.017527390298231783,0.008429847062545482,0.041276888959059066,0.0379439469315375
Bubble,104.95794568085068,0.8281711711711712,0.17182882882882877,0.6211286499948071,0.3788713500051929,722.0701845850934,321.43443878288736,0.01750010371413803,0.008470160844093291,0.041260908871171176,0.03794903599818193
Bubble,105.21295752880451,0.8271721721721722,0.1728278278278278,0.6214064885953199,0.3785935114046801,720.6602032688802,322.94617734407365,0.017472698451135797,0.008509000347720867,0.041244928783283286,0.0379534803322196
Bubble,105.46611575389821,0.8261731731731732,0.17382682682682682,0.6216944060377478,0.3783055939622522,719.2473372675099,324.4612176257968,0.01744520197644133,0.0085478814337363,0.041228948695395395,0.03795808588842042
Bubble,105.7174046713615,0.8251741741741743,0.17482582582582573,0.6219950960271118,0.3780049039728883,717.8315486407196,325.9830590566634,0.017417613263363822,0.008586886025651152,0.041212968607507505,0.037962895755559285
Bubble,105.9668261549366,0.8241751751751752,0.17582482482482475,0.622303666260552,0.37769633373944794,716.4128430819032,327.50566969853935,0.017389932342766253,0.008625872356747673,0.04119698851961962,0.037967831675870416
Bubble,105.9995988115073,0.6443553553553554,0.3556446446446446,0.6395912279260006,0.3604087720739993,352.4984019444289,345.9954390187114,0.009198672595680453,0.009046965136907037,0.0383205726997998,0.038244365241027097
Bubble,106.21438231364677,0.8231761761761762,0.17682382382382378,0.6226240142269123,0.3773759857730877,714.9912272289204,329.0341254421856,0.017362159268493993,0.008664959491022795,0.04118100843173173,0.03797295599397511
Bubble,106.46006847038244,0.8221771771771772,0.1778228228228228,0.6229530429209335,0.3770469570790666,713.5666907766978,330.5646168280682,0.017334293682890432,0.008704057853516809,0.04116502834384384,0.037978219169867544
Bubble,106.70392926407749,0.8211781781781782,0.17882182182182182,0.6233014458883458,0.37669855411165415,712.1393498352306,332.11108378122486,0.01730633829986954,0.008743494633721127,0.04114904825595596,0.03798379225857457
Bubble,106.945855908766,0.8201791791791793,0.17982082082082074,0.623642031615563,0.37635796838443714,710.7089277337963,333.638537404077,0.01727828628853719,0.008782448260413475,0.041133068168068075,0.037989240301925714
Bubble,107.00164288942648,0.6523473473473473,0.34765265265265266,0.645645843551321,0.35435415644867907,368.0380077887218,358.566756036344,0.009572254749033011,0.009351992407277625,0.038448413402902906,0.03834121547803129
Bubble,107.18593324892552,0.8191801801801802,0.18081981981981976,0.6239947847798997,0.37600521522010033,709.2756438067893,335.1728908914192,0.017250142870615492,0.008821527127637738,0.04111708808018018,0.03799488297681776
Bubble,107.42402907910899,0.8181811811811812,0.18181881881881878,0.6243403388448012,0.37565966115519883,707.8391566467636,336.68889479114546,0.017221899632961356,0.008860138361994159,0.041101107992292295,0.03800041049419533
Bubble,107.62821318320492,0.6693303303303304,0.3306696696696696,0.6652430858770105,0.33475691412298947,395.62680248531535,389.3833132239137,0.010217614597537847,0.010073376958979273,0.038720074896997005,0.03865469492599725
Bubble,107.66039127471211,0.8171821821821822,0.1828178178178178,0.6247164555206398,0.37528354447936013,706.4001137581613,338.23614748725714,0.017193572219168722,0.008899446097083279,0.041085127904404405,0.038006426894153705
Bubble,107.76298313607235,0.6723273273273274,0.32767267267267264,0.6610573922317007,0.3389426077682993,400.9800562167023,383.7924652825802,0.010343063851862901,0.009945968946924883,0.03876801516066067,0.03858774015187751
Bubble,107.76887533835294,0.6733263263263264,0.3266736736736736,0.669604032921892,0.33039596707810803,402.57089135302147,396.7826125476559,0.010379820046210615,0.010246306431234652,0.03878399524854855,0.038724453071021875
Bubble,107.77102220450945,0.6743253253253254,0.3256746746746746,0.6694595915717992,0.33054040842820076,404.15203239190515,396.5723504367718,0.010416296115847589,0.010241487791947178,0.03879997533643644,0.03872214257274166
Bubble,107.89481810291535,0.8161831831831833,0.18381681681681672,0.625093850133202,0.37490614986679793,704.9579921096459,339.7763667474461,0.017165147795595054,0.008938551552622043,0.04106914781651652,0.038012463736115706
Bubble,108.12744941124343,0.8151841841841843,0.18481581581581574,0.6255091728193146,0.37449082718068544,703.5131624810157,341.3578042064666,0.017136635280653803,0.008978585470154076,0.04105316772862864,0.03801910727933504
Bubble,108.16117756359236,0.6473523523523523,0.35264764764764767,0.6421647482078463,0.3578352517921537,367.5974485794579,360.32628713933406,0.009580706162094518,0.009411552425965681,0.03836851296346347,0.03828553152880753
Bubble,108.31090490122746,0.6793203203203203,0.3206796796796797,0.6671965550852584,0.3328034449147416,415.18233394944576,396.12994788093084,0.010678592090745759,0.010239635357404069,0.03887987577587588,0.038685942814799305
Bubble,108.35814433638227,0.8141851851851852,0.18581481481481477,0.6259173852390655,0.3740826147609346,702.0652559600499,342.921583037907,0.017108025581730076,0.009018167986564973,0.04103718764074074,0.03802563708602262
Bubble,108.58696114820003,0.8131861861861862,0.1868138138138138,0.626342817373409,0.373657182626591,700.6144291727554,344.49974295669097,0.01707932240341936,0.009058049437583203,0.04102120755285286,0.03803244234098679
Bubble,108.81389778917014,0.8121871871871872,0.1878128128128128,0.6267700020936657,0.3732299979063342,699.1606798129204,346.07212923643306,0.01705052558019063,0.009097758132887209,0.04100522746496497,0.038039275630490484
Bubble,108.94393063318567,0.6713283283283283,0.32867167167167166,0.6601429930632753,0.3398570069367248,405.9192483658139,388.80765766886356,0.010474785326848894,0.010079758258791347,0.03875203507277277,0.03857311333133946
Bubble,109.03895483995207,0.8111881881881883,0.18881181181181173,0.6272173503663389,0.37278264963366103,697.7040127829392,347.6631076645478,0.01702163512212046,0.009137863771706325,0.040989247377077084,0.03804643145819499
Bubble,109.26213009589517,0.8101891891891893,0.18981081081081075,0.6276682960776407,0.3723317039223593,696.2444256110848,349.2509736953324,0.016992650859327222,0.009177858658412946,0.040973267289189194,0.03805364483088755
Bubble,109.34560045834756,0.6663333333333333,0.33366666666666667,0.6632328466639178,0.33676715333608215,400.44805073255554,395.71163002005375,0.01035495078121161,0.01024561411278391,0.038672134633333334,0.0386225389385207
Bubble,109.48342289215334,0.8091901901901902,0.19080980980980977,0.6281256230861912,0.3718743769138087,694.7819200799263,350.83948358564453,0.016963572725535676,0.009217830580461732,0.040957287201301304,0.038060960279449024
Bubble,109.7028097258672,0.8081911911911912,0.1918088088088088,0.6285909781187894,0.3714090218812106,693.3164352406187,352.4308556774038,0.01693439912213918,0.009257831096208353,0.040941307113413414,0.03806840414508597
Bubble,109.91993049434069,0.8071921921921922,0.19280780780780782,0.6290410345800133,0.3709589654199867,691.8469776244174,353.99290436620305,0.01690510566214671,0.009297105593833144,0.04092532702552553,0.03807560329324535
Bubble,110.13557918105943,0.8061931931931933,0.19380680680680673,0.6295328727589582,0.3704671272410419,690.3757427775529,355.6044526798171,0.0168757458736744,0.009337501161031426,0.04090934693763764,0.03808347078593957
Bubble,110.23531446928651,0.6493503503503504,0.3506496496496496,0.6441884338445488,0.3558115661554512,380.9297599364888,373.5393013837196,0.009919923604983881,0.00974842765321861,0.038400473139239236,0.03831790260662079
Bubble,110.27186565947736,0.6703293293293293,0.3296706706706707,0.6650654224523274,0.3349345775476727,411.5041509764794,403.3295373542449,0.01062328497667229,0.010434934058958815,0.03873605498488489,0.03865185300408967
Bubble,110.28688473777272,0.6483513513513514,0.35164864864864864,0.6432169234864668,0.3567830765135333,379.8537767684012,372.5278272147286,0.009896021715337676,0.009725975253951066,0.03838449305135136,0.03830236222978188
Bubble,110.34934361587372,0.8051941941941942,0.19480580580580575,0.6300339954847771,0.3699660045152229,688.9016004489253,357.221045941178,0.016846292039980098,0.00937797592049979,0.04089336684974975,0.03809148679517405
Bubble,110.35646514488384,0.6573423423423423,0.34265765765765765,0.6520225475881012,0.34797745241189876,392.6156167455754,384.75885308719995,0.01019031402080445,0.010008497580861595,0.03852831384234234,0.038443217873474024
Bubble,110.5612231459385,0.8041951951951952,0.19580480480480478,0.6305449199402463,0.36945508005975375,687.4245530073597,358.84351007582177,0.016816744108718782,0.009418548981830999,0.04087738676186187,0.038099659593856174
Bubble,110.63470823041526,0.6533463463463464,0.34665365365365364,0.648833082216838,0.35116691778316206,388.432755634113,381.8474901837029,0.010098502027000952,0.009945965624735353,0.03846439349079079,0.03839219886644876
Bubble,110.7712170258911,0.8031961961961962,0.1968038038038038,0.6310655897533752,0.36893441024662477,685.9446026355832,360.47190232268775,0.016787102022909176,0.0094592215068322,0.040861406673973984,0.03810798828025397
Bubble,110.97751172723365,0.6503493493493494,0.3496506506506506,0.643515189922512,0.356484810077488,386.05798563491254,376.2247762656937,0.010049287563129443,0.009821272007732688,0.038416453227127126,0.038307133329519495
Bubble,110.97932450065919,0.8021971971971973,0.1978028028028027,0.6315959448430606,0.36840405515693936,684.4617515488596,362.10627413166566,0.01675736572627742,0.009499994520617656,0.040845426586086094,0.03811647189330408
Bubble,111.18554479764288,0.8011981981981983,0.19880180180180174,0.6321359233285708,0.36786407667142906,682.9760019621235,363.74667366335643,0.01672753516245348,0.00954086896998148,0.0408294464981982,0.03812510944315615
Bubble,111.3898773737659,0.8001991991991992,0.19980080080080076,0.6326866819831433,0.3673133180168568,681.4873567878724,365.3948177095352,0.01669761029207053,0.009581884661635589,0.04081346641031031,0.03813391943367055
Bubble,111.5498820832496,0.6553443443443444,0.3446556556556556,0.6522604130017532,0.3477395869982469,395.90542083407666,391.33501051395336,0.010284231703168133,0.010178551734079493,0.03849635366656657,0.03844702279241735
Bubble,111.59232092713285,0.7992002002002002,0.20079979979979978,0.6332458664601391,0.36675413353986075,679.9958167922767,367.04761817624177,0.016667591023090775,0.009622969481486963,0.04079748632242243,0.03814286420448303
Bubble,111.79332630383955,0.7982012012012012,0.2017987987987988,0.6338703154996396,0.3661296845003604,678.5026937481441,368.7849335512668,0.01663750941041936,0.009665985765158517,0.04078150623453454,0.038152852953763784
Bubble,111.92431636621447,0.6563433433433433,0.3436566566566567,0.6509572968015089,0.3490427031984911,399.2260391633555,391.2334635069199,0.010366186627606792,0.010181430569297467,0.03851233375445446,0.038426178015366616
Bubble,111.9919812442468,0.7972022022022023,0.20279779779779772,0.6344435511762825,0.3655564488237174,677.0053536368562,370.44376052404687,0.016607300766864903,0.009707131235801443,0.04076552614664665,0.03816202248897093
Bubble,112.18874668081133,0.7962032032032033,0.20379679679679674,0.6350402417313722,0.36495975826862787,675.5051307314294,372.12843220780337,0.01657699768624135,0.009748838190298712,0.04074954605875876,0.038171567210759205
Bubble,112.38361527070795,0.7952042042042042,0.20479579579579577,0.6356260627722836,0.3643739372277163,674.0020080622093,373.79145920318695,0.016546599640802313,0.009790001979239982,0.04073356597087087,0.03818093806271172
Bubble,112.48841766393892,0.6773223223223224,0.32267767767767763,0.6699695926966398,0.3300304073033602,434.2494021619935,422.4447861594987,0.011178190527186858,0.010907345917696735,0.0388479156001001,0.03873030060173473
Bubble,112.57659371866228,0.7942052052052052,0.2057947947947948,0.6362415576154341,0.3637584423845659,672.4960098178688,375.48935508378423,0.016516107112797263,0.009831936396368214,0.040717585882982986,0.03819078357977224
Bubble,112.76765917925931,0.7932062062062063,0.2067937937937937,0.6368865902054042,0.36311340979459594,670.9870727343085,377.2222767959712,0.01648551843660105,0.009874643953679006,0.0407016057950951,0.03820110158558467
Bubble,112.9568445070316,0.7922072072072073,0.20779279279279272,0.6375108638788147,0.3624891361211853,669.4752986665372,378.92000280413856,0.016454836002385575,0.009916493544176123,0.040685625707207206,0.038211087529691906
Bubble,113.14413206961349,0.7912082082082083,0.20879179179179175,0.63814539768995,0.3618546023100499,667.9606397979734,380.6259623148083,0.01642405852389999,0.009958493922623783,0.040669645619319315,0.038221237595988215
Bubble,113.32951976376509,0.7902092092092092,0.20979079079079077,0.6387873271262083,0.3612126728737917,666.4430941381419,382.33623947949314,0.016393185840102915,0.01000055398929558,0.04065366553143144,0.038231505963443546
Bubble,113.51300624657391,0.7892102102102102,0.2107897897897898,0.6394386823094921,0.3605613176905079,664.9226618759993,384.05382085184203,0.016362217843330473,0.010042742874120452,0.04063768544354355,0.03824192510609087
Bubble,113.69458925454165,0.7882112112112113,0.2117887887887887,0.6400977198753234,0.3599022801246765,663.3993403094466,385.77634976702217,0.016331154354579134,0.01008500571705371,0.040621705355655666,0.038252467136897665
Bubble,113.87426681671123,0.7872122122122123,0.21278778778778773,0.6407651049664888,0.3592348950335114,661.8731274900425,387.504882305428,0.016299995213123992,0.010127366834153162,0.04060572526776777,0.038263142695554454
Bubble,114.05208269841181,0.7862132132132132,0.21378678678678675,0.6414979867816591,0.35850201321834085,660.3441621035822,389.3217057249825,0.016268743722759594,0.01017173270497181,0.04058974517987988,0.0382748659463581
Bubble,114.13019657631395,0.6683313313313314,0.3316686686686686,0.6643187890842854,0.3356812109157146,428.1997373517007,421.8902776478886,0.011063422086567512,0.01091851093926842,0.03870409480910911,0.038639909782071144
Bubble,114.15203704951512,0.6583413413413414,0.34165865865865863,0.6509146897403035,0.34908531025969647,413.22478341313246,402.0414693744922,0.010720777092482706,0.010462882885677193,0.03854429393023023,0.03842549646855487
Bubble,114.22794451052256,0.7852142142142142,0.21478578578578578,0.6421860895802342,0.3578139104197659,658.8121643681969,391.0686639385264,0.016237392878735477,0.010214437708734255,0.040573765091991995,0.038285872907534386
Bubble,114.40189433257366,0.7842152152152152,0.2157847847847848,0.6428829615598641,0.35711703844013576,657.2772668481832,392.82261797373366,0.01620594583214227,0.010257263268089194,0.040557785004104105,0.03829702014140774
Bubble,114.573928279863,0.7832162162162163,0.2167837837837837,0.6435880598488993,0.3564119401511005,655.7394610931304,394.5828961513655,0.016174402260784464,0.010300193608717475,0.04054180491621622,0.038308298964148974
Bubble,114.74404304407861,0.7822172172172173,0.21778278278278274,0.6443012574081495,0.35569874259185047,654.1987402300866,396.34942327292686,0.016142761880883153,0.010343226781945906,0.04052582482832833,0.038319707343626504
Bubble,114.9122350289733,0.7812182182182182,0.21878178178178176,0.6450224383110363,0.3549775616889636,652.6550962884071,398.12213713573385,0.0161110243811147,0.010386361139310777,0.04050984474044044,0.03833124342546716
Bubble,115.07849970480115,0.7802192192192192,0.21978078078078078,0.6457505806623375,0.35424941933766263,651.1085181421802,399.8996431099798,0.016079189371744424,0.010429564232268216,0.04049386465255255,0.038342890863332826
Bubble,115.24283411507105,0.7792202202202203,0.2207797797797797,0.6464873920689174,0.3535126079310826,649.5589994261165,401.68454393261095,0.016047256580032636,0.010472896023162615,0.04047788456466467,0.038354676972273606
Bubble,115.40511000031364,0.7782212212212213,0.22177877877877872,0.6472554523317471,0.35274454766825286,648.0061331338457,403.50985302997327,0.016015215831122597,0.010517117386904506,0.04046190447677678,0.03836696294104386
Bubble,115.56557381650491,0.7772222222222223,0.22277777777777774,0.6480129091354802,0.35198709086451996,646.4507079517701,405.3149040025126,0.01598308649682785,0.010560829270509237,0.04044592438888889,0.03837907929582206
Bubble,115.72409258943104,0.7762232232232232,0.22377677677677676,0.6487784321873662,0.35122156781263375,644.8923032292067,407.12682565806466,0.015950858067673365,0.010604656886965175,0.04042994430100101,0.03839132467911233
Bubble,115.88066066041947,0.7752242242242242,0.2247757757757758,0.6495519618413489,0.350448038158651,643.3309031129263,408.94563058885296,0.015918530033838765,0.010648600276255003,0.04041396421311312,0.038403698136810396
Bubble,116.03275001270816,0.7742252252252253,0.2257747747747747,0.6494234658811373,0.35057653411886275,641.7582800714113,409.40412440051927,0.015885898615190696,0.010661109671045403,0.04039798412522523,0.038401642702581264
Bubble,116.10798579278725,0.6543453453453454,0.3456546546546546,0.6490456799848572,0.3509543200151428,416.8477038470085,408.8822156212675,0.010832735368192391,0.010649194695846534,0.03848037357867868,0.038395599601605775
Bubble,116.18516985135372,0.7732262262262263,0.22677377377377372,0.6501191156053409,0.3498808843946591,640.1900518317229,411.0910479404997,0.01585335020123818,0.010701936981342756,0.04038200403733734,0.03841277038513459
Bubble,116.27946262005804,0.6753243243243243,0.3246756756756757,0.6709020138777285,0.32909798612227154,449.78206286026057,442.5990357008092,0.011587556146522186,0.011423320987033523,0.03881595542432433,0.03874521570418954
Bubble,116.33559802738914,0.7722272272272273,0.22777277277277275,0.6508145496115784,0.3491854503884217,638.6186938025403,412.77178393555295,0.015820698481532024,0.010742580575173665,0.04036602394944946,0.03842389461704177
Bubble,116.46989774049322,0.6763233233233233,0.32367667667667666,0.6691671963570417,0.3308328036429583,452.31468134231835,440.69984545149214,0.01164800763536678,0.011382455979913811,0.038831935512212215,0.03871746538964688
Bubble,116.48538756334179,0.7712282282282282,0.22877177177177177,0.6518729996004898,0.34812700039951017,637.0486716072337,414.9977918871861,0.015788054005415886,0.010795756450333416,0.04035004386156157,0.0384408256889094
Bubble,116.63183386927649,0.7702292292292293,0.22977077077077068,0.6525651939832184,0.3474348060167815,635.4710818746064,416.66359515156125,0.015755196040756567,0.010835969503342945,0.04033406377367368,0.03845189809947496
Bubble,116.77560802276676,0.7692302302302303,0.2307697697697697,0.652906167252196,0.347093832747804,633.8881004974097,417.789143531556,0.015722178301864287,0.01086370012725673,0.04031808368578579,0.03845735234198285
Bubble,116.91860327796203,0.7682312312312313,0.23176876876876873,0.6539868209630616,0.3460131790369385,632.3060298859461,420.03361333950386,0.015689156977873642,0.010917155528097182,0.0403021035978979,0.03847463858680724
Bubble,117.05962378057629,0.7672322322322322,0.23276776776776775,0.6549976932953487,0.34500230670465126,630.720909096774,422.1700687961755,0.01565603374422602,0.010968074824421626,0.04028612351001001,0.03849080860172173
Bubble,117.19799570465958,0.7662332332332332,0.23376676676676678,0.6557065974056133,0.3442934025943866,629.1304682879769,423.8391126314371,0.015622752114221886,0.01100819386229041,0.04027014342212212,0.038502148302759935
Bubble,117.33440457001993,0.7652342342342343,0.2347657657657657,0.6564419788614465,0.3435580211385536,627.5370035953148,425.5431796479255,0.015589368940171827,0.011049077142614711,0.04025416333423423,0.03851391153806559
Bubble,117.46947972870646,0.7642352352352353,0.2357647647647647,0.6572741381574855,0.3427258618425144,625.9426605359314,427.3931845281581,0.015555937421522812,0.011093277765899797,0.04023818324634634,0.03852722284138095
Bubble,117.54996894481386,0.6403593593593594,0.3596406406406406,0.636836666731632,0.363163333268368,404.15047654953923,399.06207895260695,0.010564188232430249,0.010446568418670577,0.03825665234824825,0.03820030300470586
Bubble,117.60277052002897,0.7632362362362363,0.23676376376376373,0.6580793755640325,0.3419206244359676,624.3459314581947,429.19775223009253,0.015522420017584217,0.011136393347675055,0.04022220315845846,0.03854010349945983
Bubble,117.73301169708984,0.7622372372372372,0.23776276276276276,0.6588255056053407,0.3411744943946592,622.7424879267959,430.9021292480262,0.01548870897009522,0.01117715545302546,0.040206223070570576,0.03855203867021359
Bubble,117.86113932299347,0.7612382382382383,0.23876176176176167,0.6595688972670367,0.34043110273296334,621.1355137417444,432.5964191961614,0.015454883266303749,0.011217643501963573,0.04019024298268269,0.03856393003757325
Bubble,117.98713612703455,0.7602392392392393,0.2397607607607607,0.6603090838618656,0.3396909161381344,619.524948855664,434.27979275808207,0.015420941274716783,0.011257838566098143,0.040174262894794796,0.03857577013636279
Bubble,118.11098396882569,0.7592402402402403,0.24075975975975972,0.6610456435858566,0.33895435641414345,617.9107298034901,435.9514793078086,0.015386881276138985,0.01129772307995848,0.04015828280690691,0.038587552219363726
Bubble,118.12595304767483,0.6603393393393394,0.3396606606606606,0.6568207518121162,0.34317924818788387,435.08655860665357,429.62510328261357,0.011278610862813506,0.011153308232283369,0.038576254106006014,0.038519970428061795
Bubble,118.2327731564037,0.7582412412412413,0.24175875875875874,0.6618213319096807,0.3381786680903193,616.2931711236155,437.67888159343477,0.015352710965223774,0.011338842818547152,0.04014230271901902,0.038599960207360444
Bubble,118.35155450079657,0.7572422422422422,0.24275775775775776,0.6624520846229611,0.3375479153770388,614.6689511476817,439.16932517998185,0.015318347429893917,0.011374482228308398,0.04012632263113113,0.038610049790837354
Bubble,118.46886705684432,0.7562432432432433,0.24375675675675668,0.6631875423324846,0.33681245766751555,613.043448201808,440.82050828739887,0.015283924527467734,0.011413770090672064,0.04011034254324325,0.03862181424590466
Bubble,118.58480661253054,0.7552442442442443,0.2447557557557557,0.6640120815984353,0.3359879184015647,611.4170317088642,442.6094960155804,0.015249451400796574,0.011456178441921762,0.04009436245535535,0.038635003658456735
Bubble,118.69597669806687,0.7092902902902903,0.29070970970970966,0.6990644841511322,0.30093551584886763,520.6000820653047,502.0126622115626,0.013226870589675326,0.012807848644471629,0.039359278412512515,0.039195705394929926
Bubble,118.69756799532345,0.7542452452452453,0.24575475475475472,0.6647117928031289,0.3352882071968712,609.7833347696278,444.1912966093963,0.015214769128621387,0.011493790826384194,0.04007838236746747,0.038646196308858134
Bubble,118.80819360553915,0.7532462462462463,0.24675375375375375,0.6654448419973052,0.3345551580026948,608.1460285718398,445.81987223189856,0.015179969097405354,0.011532432330373816,0.04006240227957958,0.038657922237073095
Bubble,118.91691343828242,0.7522472472472473,0.24775275275275266,0.6661882047519291,0.33381179524807103,606.505940214939,447.4597260063539,0.015145071819693516,0.0115712926866974,0.040046422191691695,0.03866981314203234
Bubble,119.02292705304895,0.7512482482482483,0.24875175175175168,0.6669199088941924,0.33308009110580755,604.8602118100574,449.07291392729894,0.015110005786135994,0.011609495757054932,0.040030442103803805,0.03868151755466239
Bubble,119.12624181989489,0.7502492492492493,0.2497507507507507,0.6675487093227537,0.3324512906772463,603.2088521245195,450.5127241982137,0.015074771013654778,0.011643690224856375,0.04001446201591592,0.0386915759091977
Bubble,119.2274049430134,0.7492502502502503,0.25074974974974973,0.6682312627691925,0.3317687372308075,601.5538246792693,452.0321152206601,0.01503941638989414,0.011679663693633529,0.03999848192802803,0.03870249410238228
Bubble,119.323163902897,0.7482512512512512,0.25174874874874875,0.668399626373761,0.33160037362623895,599.8833222757974,452.7037235198047,0.015003646462001755,0.011696202900107118,0.03998250184014014,0.03870518726343732
Bubble,119.38586643181127,0.7462532532532533,0.2537467467467467,0.6592509092236782,0.34074909077632176,596.082323633118,438.51255492333166,0.014920506676504455,0.011372554658583237,0.03995054166436437,0.03855884346903288
Bubble,119.41924362524746,0.7472522522522523,0.25274774774774766,0.6690414771175942,0.3309585228824058,598.2180933882119,454.13927437499297,0.014967979878171413,0.011730180666613113,0.03996652175225226,0.03871545437212075
Bubble,119.47222299285654,0.7452542542542543,0.2547457457457457,0.6598476409334562,0.34015235906654384,594.3880001132175,439.8015419926908,0.014884049721566059,0.011403160855721019,0.039934561576476485,0.03856838884913566
Bubble,119.55603644051216,0.7442552552552553,0.25574474474474473,0.6604495146383549,0.339550485361645,592.6884421904538,441.0899848222998,0.014847432450972333,0.011433713421692422,0.039918581488588595,0.038578016481106585
Bubble,119.7628198450438,0.7432562562562562,0.25674374374374376,0.6699880450802049,0.3300119549197952,591.449455393711,457.1053884686207,0.014822328235053991,0.011802178081840467,0.039902601400700705,0.03873059576790747
Bubble,119.76513427736565,0.7412582582582583,0.2587417417417417,0.6610354499062985,0.3389645500937015,587.4568453959264,442.8812716160799,0.014734070668235972,0.01147735779108759,0.03987064122492493,0.03858738916024614
Bubble,119.78618341390116,0.7422572572572573,0.25774274274274267,0.6655130218431469,0.3344869781568531,589.5351662744049,450.0241729933872,0.014780273356596088,0.011640860431552902,0.039886621312812814,0.03865901284870516
Bubble,119.83575831139382,0.7402592592592593,0.2597407407407407,0.6615615885848414,0.33843841141515857,585.7245973253677,444.00009429235536,0.014696514300081509,0.011503843242257422,0.03985466113703704,0.03859580532716198
Bubble,119.9027464415124,0.7392602602602603,0.26073973973973974,0.6620558231777731,0.33794417682222694,583.9829023069798,445.05531749145115,0.014658690672678585,0.011528822079462693,0.03983868104914915,0.03860371115313398
Bubble,119.96688228340571,0.7382612612612613,0.26173873873873865,0.6625543869252741,0.33744561307472587,582.2346896003195,446.1068603894925,0.01462067302182004,0.011553674650395234,0.03982270096126126,0.038611686228695374
Bubble,120.02504148538748,0.7192802802802803,0.28071971971971965,0.6612328820283737,0.33876711797162623,545.2457862723902,444.2747698132679,0.013797026551455194,0.011512528348224627,0.039519079291391396,0.038590547304214066
Bubble,120.22152936184916,0.7232762762762763,0.27672372372372367,0.6615433985284914,0.33845660147150847,553.7571807573432,445.58233560108556,0.013989773027625253,0.011544925440744739,0.03958299964294294,0.0385955143572016
Bubble,120.23165273705882,0.7212782782782783,0.2787217217217217,0.6637829182721787,0.3362170817278211,549.9374600038332,449.15474617695224,0.01390450080232044,0.011626694029766392,0.03955103946716716,0.038631337938973595
Bubble,120.25672934548601,0.6383613613613613,0.36163863863863865,0.6349037870863021,0.3650962129136978,413.5554024215927,408.5382210757254,0.010819064298951105,0.010703296025422915,0.03822469217247247,0.0381693844686112
Bubble,120.2884449773668,0.7372622622622623,0.2627377377377377,0.6814737483768329,0.31852625162316706,581.4677734616306,478.27368505447646,0.014607276377054538,0.012290428245718696,0.03980672087337337,0.03891432222641066
Bubble,120.30744773133597,0.7152842842842844,0.28471571571571563,0.6684096217950285,0.33159037820497156,538.7890883364718,456.8174574696218,0.013655732300001697,0.011802437934095949,0.03945515893983985,0.03870534715119545
Bubble,120.31267194897691,0.7222772772772773,0.2777227227227227,0.6636850384277193,0.33631496157228075,552.1940590954154,449.32777977198964,0.013955917461184348,0.01163164454978527,0.03956701955505505,0.038629772243193645
Bubble,120.34563416777851,0.7362632632632633,0.2637367367367367,0.6797733717964697,0.3202266282035304,579.7056150782788,475.65196580883224,0.014568857066610296,0.01223160602177956,0.03979074078548549,0.03888712283259351
Bubble,120.37417980633347,0.7112882882882883,0.2887117117117117,0.6782720449497724,0.32172795505022767,531.5398158401945,473.2518874357327,0.013493858911007451,0.01217740727358181,0.03939123858828829,0.038863107458221066
Bubble,120.39326827502991,0.7352642642642643,0.2647357357357357,0.6782450431676003,0.32175495683239974,577.911322239731,473.2956215170808,0.014529598974422917,0.012178667963575128,0.0397747606975976,0.038862675535013255
Bubble,120.43476371094545,0.7342652652652653,0.26573473473473475,0.6765041310363875,0.3234958689636125,576.0976611740927,470.57390824931923,0.014489822181151118,0.012117316742468527,0.03975878060970971,0.03883482773047116
Bubble,120.49927730663539,0.7062932932932934,0.2937067067067066,0.6828104517343374,0.3171895482656626,522.7970335994304,481.37001223623264,0.013298886738983709,0.012363202908451592,0.03931133814884885,0.038935704266987635
Bubble,120.50868645571846,0.7302692692692693,0.26973073073073073,0.6738737243650262,0.32612627563497376,568.5267010525217,466.5652881990108,0.014322426061083741,0.012027125438929118,0.03969486025815816,0.038792751482315396
Bubble,120.54127379892279,0.7182812812812813,0.2817187187187187,0.6703418794460646,0.3296581205539354,545.4530505184853,460.9198474947929,0.013807854611825224,0.011898926179510112,0.03950309920350351,0.0387362557378072
Bubble,120.70817967034529,0.7272722722722723,0.2727277277277277,0.676234748393236,0.32376525160676395,563.4562904246684,471.2688435055328,0.014211855309388769,0.012136558042061027,0.039646919994494496,0.038830518658773044
Bubble,120.71914821285034,0.7282712712712713,0.27172872872872866,0.6784228128142176,0.32157718718578243,565.444380586414,474.94939321489005,0.014256254066443702,0.012220328031842727,0.03966290008238238,0.03886551915605751
Bubble,120.72529392613038,0.7202792792792793,0.27972072072072074,0.6724188789671331,0.3275811210328668,550.0212149680323,465.0557993535009,0.013912239505989053,0.011995409889264647,0.03953505937927928,0.03876947962984616
Bubble,120.7470328856246,0.7292702702702704,0.27072972972972964,0.6833615494242314,0.3166384505757685,567.5014482160825,483.37625045902917,0.014302355454105974,0.012411919685275288,0.03967888017027028,0.03894451968074495
Bubble,120.89160148817,0.7132862862862863,0.2867137137137137,0.6770322401029015,0.3229677598970985,537.4365553050907,473.3220866234808,0.013632494880019403,0.012185431881205628,0.03942319876406407,0.038843275415910025
Bubble,121.09907688124837,0.7142852852852853,0.28571471471471466,0.6785675303652358,0.32143246963476424,540.1649459063744,476.7299240053707,0.013696150924796454,0.01226541008476137,0.03943917885195195,0.03886783407247535
Bubble,121.33188009076355,0.7102892892892894,0.28971071071071064,0.6853888510082847,0.3146111489917152,533.657656469038,489.22837838505626,0.013553121345568086,0.01255173624314721,0.039375258500400405,0.03897694859961363
Bubble,121.47621542034923,0.7042952952952953,0.29570470470470467,0.6876975296109562,0.3123024703890438,523.2482714110638,493.80534809458936,0.013321195457060512,0.012657171439242814,0.03927937797307308,0.03901387845340982
Bubble,121.72686279016494,0.7122872872872873,0.2877127127127127,0.7037909673202598,0.29620903267974014,538.9842570124773,523.3274817828598,0.01367729758959931,0.013325948957562598,0.03940721867617618,0.0392713106923516
Bubble,121.73680071588461,0.7052942942942944,0.29470570570570565,0.6889856320966359,0.31101436790336406,526.1471320127807,497.10542073217243,0.013389549248960676,0.012735032761828972,0.03929535806096097,0.039034483069581
Bubble,122.56515006023149,0.7162832832832833,0.2837167167167167,0.6991608043954298,0.3008391956045702,549.7881087883829,518.2674885032329,0.013928863527403329,0.013222038267942925,0.03947113902772773,0.039197246143189736
Bubble,123.52004716386813,0.7172822822822823,0.2827177177177177,0.7031683320117789,0.29683166798822114,555.354974206125,529.1820237830146,0.014064205914340905,0.013478446637768421,0.03948711911561562,0.039261350955693615
Bubble,125.10122890794122,0.7072922922922923,0.2927077077077077,0.7033493448781094,0.29665065512189065,543.1370394297057,535.9322367612307,0.013810680813784715,0.013649370232208536,0.039327318236736734,0.03926424645560473
Bubble,127.78372644831958,0.6513483483483484,0.3486516516516516,0.6474219869000513,0.3525780130999488,462.8810912730153,456.8142489413865,0.012044022492121883,0.011905621360116476,0.038432433315015016,0.03836962684465192
Dew,130.24022155496309,0.604033781696978,0.39596621830302203,0.6003993993993995,0.39960060060060054,411.71124857987553,406.7961108343776,0.010927799821402276,0.010814027092672082,0.03767558477540303,0.037617448832732735
Dew,132.44190067254755,0.5823701599124849,0.41762984008751514,0.5784214214214215,0.4215785785785785,395.9500150937929,390.8853350625394,0.01060702056831916,0.010489092507575315,0.037329051314976096,0.0372658868991992
Dew,132.94664538511873,0.5914929554675381,0.4085070445324619,0.5874124124124125,0.4125875875875875,407.49080131559975,402.1189823257753,0.010873676150323159,0.01074905438064199,0.03747498046495429,0.0374097076901902
Dew,134.13557488114913,0.584037690605953,0.415962309394047,0.5804194194194194,0.41958058058058056,403.4899229893983,398.8012142037925,0.010801287345375528,0.010692338713334705,0.037355725302701884,0.03729784707497497
Dew,137.13971446387305,0.5902900386670439,0.4097099613329561,0.5864134134134135,0.41358658658658654,420.5217128161654,415.37289774931156,0.011227163841830512,0.011108090163328282,0.03745573848752191,0.03739372760230231
Dew,137.16924100584808,0.5691870640210988,0.43081293597890125,0.5654344344344344,0.4345655655655656,398.3875704160128,393.6636891096116,0.01073295197814191,0.010622865258683344,0.0371181731947879,0.037058145756656655
Dew,137.3910886655522,0.5945934919202531,0.4054065080797469,0.5904094094094094,0.40959059059059055,426.23190386586276,420.6102616767194,0.011358739749803129,0.011228955491142754,0.03752457695610556,0.03745764795385386
Dew,138.19779046132157,0.5791769489409223,0.4208230510590777,0.5754244244244244,0.42457557557557557,412.0152128525321,407.15725278762494,0.011052511346631324,0.010939809677701908,0.03727797239295389,0.03721794663553554
Dew,138.21203257004058,0.6026427163097076,0.3973572836902924,0.5984014014014014,0.4015985985985986,438.22635419706523,432.3954857474518,0.01163844784738006,0.011504319917027786,0.03765333315436171,0.037585488656956954
Dew,138.6026220044648,0.6081877070095946,0.39181229299040543,0.6033963963963964,0.3966036036036036,446.2025883756451,439.517503153052,0.011822431704377117,0.011669002065217015,0.03774203138009618,0.0376653890963964
Dew,138.63175627581663,0.5673330421980096,0.4326669578019904,0.5634364364364365,0.4365635635635635,401.30728044697514,396.40410162894193,0.010820257128145832,0.01070604750151828,0.03708851607630358,0.03702618558088088
Dew,140.12755638020596,0.5814456934445931,0.418554306555407,0.5774224224224225,0.4225775775775775,420.7526416940244,415.4899808176655,0.011275919788150566,0.011154121349143823,0.03731426345690906,0.03724990681131132
Dew,140.92662961158925,0.605956081176309,0.39404391882369105,0.6013983983983985,0.3986016016016015,451.1355325126683,444.78417608078513,0.011964449571626568,0.011818858627497344,0.037706334070104354,0.037633428920620625
Dew,143.35924667588966,0.6085504761458026,0.3914495238541974,0.6043953953953954,0.39560460460460456,461.9174908867877,456.0633913425647,0.012236926960226572,0.012103153394244878,0.03774783427147587,0.03768136918428429
Dew,144.72158399434952,0.5988964505356914,0.4011035494643086,0.5944054054054054,0.40559459459459457,454.82768409957436,448.6400767986325,0.012098602233633187,0.011956858336702328,0.037593407512413975,0.03752156830540541
Dew,145.20281975784383,0.6109219851476274,0.3890780148523726,0.6063933933933934,0.3936066066066066,470.5953601528578,464.16403399479503,0.012454301461423812,0.012307691786192803,0.037785769166619965,0.037713329360060055
Dew,146.3750379977893,0.616305582915201,0.38369441708479896,0.6123873873873874,0.3876126126126126,480.6449937796814,474.9952657974167,0.012691340408675143,0.012562951387034098,0.037871885734869846,0.03780920988738739
Dew,146.48993559676074,0.6119052735641576,0.3880947264358424,0.6073923923923924,0.3926076076076076,475.71092933426655,469.2768398902514,0.012584446521353269,0.01243799175645328,0.03780149794645962,0.037729309447947945
Dew,148.66279065261887,0.6009316029345685,0.3990683970654315,0.5964034034034035,0.4035965965965965,469.0829589964449,462.7801547323405,0.01246700240715776,0.012323213648598928,0.03762596201370165,0.03755352848118119
