Temperature_[K],Pressure_[bar],Surface_Tension_[mN/m],Interfacial_Thickness_[Å],x_CO2,y_CO2,liquid_density_[kg/m3],vapor_density_[kg/m3],Enrichment_N2_[-]
220.0,6.3386536419378965,15.231585824527187,7.061053364938253,0.9994486339751654,0.9539700396625374,1157.3418210843947,16.259071141062215,4.148578062706185
220.0,6.655460628234148,15.171282292790865,7.085029287427176,0.9988972679503305,0.912230483636347,1156.9800552678366,16.803572733431285,4.127622989749597
220.0,6.972258485559225,15.111213773575754,7.108674715757609,0.998345901925496,0.8742137603986742,1156.6182381706708,17.349112893052393,4.106913654243611
220.0,7.289037409054041,15.051379353051239,7.133298933463394,0.9977945359006611,0.839447593842341,1156.256367618567,17.89566839244909,4.086428193627565
220.0,7.605789157012999,14.991778136034876,7.157531356536829,0.9972431698758265,0.8075359168045221,1155.8944417780042,18.443218749832376,4.0661492775383845
220.0,7.922506754457951,14.932409199742775,7.181388897396943,0.9966918038509919,0.778144172354655,1155.532459091673,18.991745943435664,4.046062898365266
220.0,8.239184262024462,14.873271723235389,7.204887629945802,0.9961404378261571,0.7509878749582586,1155.1704182281076,19.541234138412563,4.026158228634322
220.0,8.555816593968347,14.814364784533153,7.229251142228229,0.9955890718013224,0.7258236217752295,1154.8083180420172,20.09166943543211,4.006426012791451
220.0,8.872399373443052,14.755687485705229,7.253363640400686,0.9950377057764878,0.7024419654005019,1154.4461575427501,20.64303964431118,3.9868588194133796
220.0,9.188928816421479,14.697238919202364,7.2771149004321956,0.994486339751653,0.6806617150230853,1154.083935869005,21.195334082917494,3.9674505125323303
220.0,9.50540163795054,14.639018167560303,7.300520109278247,0.9939349737268184,0.660325343989264,1153.7216522683896,21.748543399996382,3.948454884278628
220.0,9.821814975683763,14.581024264780353,7.324533188149516,0.9933836077019836,0.6412952618529445,1153.359306080775,22.30265941984844,3.929669334345816
220.0,10.138166327275858,14.523256353181326,7.348536597486465,0.9928322416771489,0.6234507674270701,1152.9968967246436,22.857675006541236,3.9110124061587097
220.0,10.454453498587386,14.465713437425297,7.3721920082899155,0.9922808756523143,0.6066855424167901,1152.6344236858156,23.41358394536119,3.8924889208656364
220.0,10.770674560753553,14.408394558051159,7.395513775916953,0.9917295096274795,0.5909055772659907,1152.2718865080813,23.970380839338166,3.874096479230929
220.0,11.086827814275324,14.351298745996237,7.419121069388517,0.9911781436026449,0.5760274449198167,1151.9092847853979,24.528061018896697,3.8558330214673173
220.0,11.402911758835911,14.294425022959983,7.443034098820051,0.9906267775778101,0.561976856439559,1151.5466181552977,25.086620462882976,3.837696762364989
220.0,11.718925067868456,14.237772402230542,7.46661178811418,0.9900754115529755,0.5486874463299928,1151.1838862933635,25.646055729457643,3.8196861388502925
220.0,12.034866566926539,14.181339889421169,7.489867694407046,0.9895240455281408,0.5360997461542203,1150.8210889085108,26.20636389551505,3.801799767622968
220.0,12.350735215247198,14.125126483293194,7.513020826270207,0.988972679503306,0.5241603133157174,1150.4582257389786,26.767542503489626,3.784036410878267
220.0,12.666530090077966,14.06913117662546,7.53685996261197,0.9884213134784714,0.5128209883689336,1150.095296548906,27.3295895145649,3.7663949485146664
220.0,12.982250373032018,14.013352956853597,7.560375827172052,0.9878699474536367,0.5020382593109056,1149.7323011253766,27.892503267426957,3.7488743555842823
220.0,13.29789533844918,13.957790806755352,7.583581220779855,0.987318581428802,0.4917727153307995,1149.3692392758808,28.456282441838443,3.731473684000372
220.0,13.61346434324719,13.902443704953955,7.60648837586168,0.9867672154039673,0.48198857569349324,1149.0061108261007,29.020926026397643,3.714192047656443
220.0,13.928956818152592,13.847310626469861,7.630021942807524,0.9862158493791326,0.47265328199158474,1148.6429156180109,29.586433289954115,3.6970286102330134
220.0,14.244372260008529,13.792390543155724,7.653492433687526,0.9856644833542979,0.46373714405626265,1148.2796535082023,30.15280375620532,3.679982575079175
220.0,14.55971022506237,13.737682424436974,7.676663174693537,0.9851131173294632,0.45521303147870323,1147.9163243664218,30.720037181078673,3.663053176757926
220.0,14.874970323090404,13.683185238000297,7.699545727756351,0.9845617513046285,0.44705610404218554,1147.552928074293,31.288133532553626,3.6462396738779175
220.0,15.190152212204262,13.628897950499628,7.7225380769046055,0.9840103852797938,0.4392435754652804,1147.1894645241919,31.85709297262632,3.6295413428561707
220.0,15.505255594278648,13.574819528109597,7.746033079870586,0.9834590192549592,0.4317545057573824,1146.8259336182537,32.42691584115348,3.612957472617141
220.0,15.820280210893378,13.52094893709793,7.769239668336212,0.9829076532301244,0.4245696182295787,1146.4623352674882,32.99760264135764,3.596487360880654
220.0,16.135225839773938,13.467285144318742,7.792168753421997,0.9823562872052898,0.41767113781608134,1146.0986693910054,33.56915402679421,3.580130311992656
220.0,16.4500922915709,13.413827117800862,7.814830785557099,0.981804921180455,0.4110426478697844,1145.7349359153243,34.141570789617475,3.564072879898505
220.0,16.764879407010525,13.360573827198598,7.838125896329814,0.9812535551556203,0.4046689630181992,1145.3711347737476,34.71485384998454,3.548148383147185
220.0,17.079587054390462,13.307524205547208,7.861334620923429,0.9807021891307857,0.3985360160194978,1145.0072659058198,35.28900424649175,3.532329029475275
220.0,17.39421512725562,13.254677304764563,7.884274659726876,0.9801508231059509,0.39263075685467647,1144.6433292568256,35.864023127500026,3.516614352979378
220.0,17.708763542378694,13.202032061435327,7.906955906532637,0.9795994570811163,0.38694106254106914,1144.279324777356,36.439911743278195,3.5010037665629548
220.0,18.023232237919345,13.149587454272897,7.929643567636504,0.9790480910562815,0.381455656362817,1143.9152524229023,37.01667143886041,3.485496718023556
220.0,18.33762117178537,13.097342465116048,7.952869922331843,0.9784967250314469,0.37616403539193977,1143.5511121535037,37.59430364754654,3.4700926490133837
220.0,18.651930320105105,13.045296079164196,7.975835828891462,0.9779453590066122,0.3710564053249754,1143.1869039334229,38.17280988498083,3.454790994791365
220.0,18.966159675903096,12.993447285654508,7.998550672114335,0.9773939929817774,0.36612362178878677,1142.8226277308543,38.75219174374112,3.4395911841416096
220.0,19.280309247864782,12.941795078263933,8.021023461893058,0.9768426269569428,0.36135713737922287,1142.4582835176604,39.332450888397005,3.424492639515049
220.0,19.5943790592359,12.890338453294941,8.043868294342076,0.976291260932108,0.3567489537904591,1142.0938712691302,39.913589050978764,3.409494776982303
220.0,19.908369146812333,12.839076410262424,8.066874664874142,0.9757398949072734,0.3522915784736658,1141.7293909637701,40.49560802682692,3.39459700602505
220.0,20.222279560008197,12.788007954591977,8.08963718028393,0.9751885288824387,0.347977985333228,1141.364842583095,41.07850967077473,3.379798730076905
220.0,20.536110360014067,12.737132096901169,8.112164400565447,0.9746371628576039,0.34380157902882547,1141.0002261114535,41.66229589363676,3.3650993468977037
220.0,20.849861619079114,12.686447852529508,8.134464554517635,0.9740857968327693,0.33975616250354407,1140.6355415358687,42.24696865897895,3.350498248772701
220.0,21.16353341974765,12.635954241599256,8.157415411425148,0.9735344308079346,0.3358359074032553,1140.2707888458813,42.83252998013149,3.335994822788933
220.0,21.477125854263978,12.585650258375164,8.180239294763759,0.9729830647830999,0.33203532709150607,1139.9059680334158,43.418981917430145,3.3215884543472463
220.0,21.790639023962616,12.5355349922616,8.202834160418092,0.9724316987582652,0.3283492519983174,1139.5410790926512,44.00632657566362,3.307278514096444
220.0,22.10407303873107,12.485607448460598,8.225207854005419,0.9718803327334306,0.32477280707090145,1139.1761220199144,44.59456610171176,3.2930643791397185
220.0,22.41742801651381,12.435866667684882,8.24748370233764,0.9713289667085958,0.3213013911202682,1138.8110968135659,45.18370268234487,3.278945419077195
220.0,22.730704082870485,12.38631169612966,8.270382164430842,0.9707776006837611,0.3179306578805036,1138.4460034739063,45.77373854218232,3.26492100003728
220.0,23.04390137052916,12.336941585588482,8.29305745552189,0.9702262346589264,0.31465649861738004,1138.080842003088,46.36467594179664,3.250990485043115
220.0,23.357020018994287,12.28775539358111,8.315517045960135,0.9696748686340917,0.3114750261405268,1137.7156124050284,46.95651717593245,3.2371532343789498
220.0,23.6700601742281,12.238752183414327,8.33776813292139,0.9691235026092571,0.3083825600888927,1137.3503146853404,47.549264571859986,3.223408605949053
220.0,23.983021988287195,12.189931013923779,8.360097447180003,0.9685721365844223,0.3053756133727708,1136.9849488512605,48.14292048782316,3.2097511861006147
220.0,24.295905618986787,12.14129097951318,8.382863302846019,0.9680207705595876,0.3024508796678222,1136.6195149115765,48.73748731158725,3.196270525062634
220.0,24.608711229674444,12.092831151994718,8.405418536710087,0.9674694045347529,0.2996052218670967,1136.2540128765797,49.33296745908226,3.1829403290538414
220.0,24.921438988913522,12.044550618815677,8.4277700330777,0.9669180385099182,0.2968356614066172,1135.8884427579999,49.929363373121525,3.1696966267882374
220.0,25.234089070252182,11.99644847323165,8.449924432138168,0.9663666724850836,0.29413936838838484,1135.5228045689591,50.52667752220261,3.15653885173002
220.0,25.546661652009487,11.94852381410698,8.472274535203269,0.9658153064602488,0.29151365243225547,1135.157098323921,51.124912399368036,3.143466434674472
220.0,25.859156917047798,11.900775746149174,8.494938970006729,0.9652639404354142,0.2889559541946988,1134.7913240386497,51.72407052113772,3.1304788042477676
220.0,26.17157505252801,11.853203322620368,8.51740400562825,0.9647125744105794,0.2864638374984579,1134.4254817301633,52.324154426495134,3.117575370164399
220.0,26.483916249815525,11.80580577091658,8.539676124219469,0.9641612083857447,0.2840349820223919,1134.0595714167016,52.92516667592881,3.104755591468873
220.0,26.796180704213157,11.758582162126912,8.561761407107248,0.9636098423609101,0.28166717650557943,1133.6935931176843,53.52710985051945,3.092018876553898
220.0,27.108368614850193,11.711531625982595,8.5841027456718,0.9630584763360753,0.2793583124239773,1133.327546853681,54.12998655107588,3.07936464904486
220.0,27.420480184527413,11.664653298444113,8.606692046694754,0.9625071103112407,0.27710637810173616,1132.9614326463861,54.73379939731541,3.0667923319801753
220.0,27.732515619521738,11.617946321678572,8.629092169587409,0.961955744286406,0.2749094532227754,1132.5952505185742,55.33855102706915,3.0543013480739267
220.0,28.044475129517988,11.57140984404826,8.6513090101596,0.9614043782615713,0.2727657037112094,1132.2290004940892,55.944244095539396,3.0418911199665355
220.0,28.35635892742902,11.525043020125459,8.67334826810061,0.9608530122367366,0.2706733769520512,1131.8626825978083,56.55088127457342,3.0295610704644784
220.0,28.668167229300813,11.478845010672005,8.695660026942676,0.9603016462119018,0.26863079732611833,1131.4962968556217,57.15846525198147,3.0173106227689734
220.0,28.979900254191236,11.432814982587777,8.71819797207629,0.9597502801870672,0.2666363620353081,1131.1298432944116,57.766998730869254,3.0051392006954076
220.0,29.29155822407566,11.386952108992062,8.740555901029808,0.9591989141622325,0.2646885371964549,1130.763321942029,58.376484429003305,2.9930462288814064
220.0,29.60314136370063,11.341255569096722,8.762822150549248,0.9586475481373978,0.26278585418383055,1130.396732827273,58.98692507819539,2.981031132987004
220.0,29.91464990054585,11.295724548280411,8.784938621187102,0.9580961821125631,0.2609269062020472,1130.0300759798777,59.59832342371351,2.9690933398832744
220.0,30.226084064706342,11.250358238056888,8.807307040855953,0.9575448160877285,0.25911034507258557,1129.663351430491,60.210682223702335,2.9572322778337172
220.0,30.53744408878185,11.205155836034994,8.829918390984595,0.9569934500628937,0.2573348782185984,1129.296559210653,60.824004248628796,2.9454473766633766
220.0,30.848730207853393,11.160116545894068,8.85235846334048,0.956442084038059,0.25559926583384257,1128.9296993527919,61.43829228074752,2.933738067919636
220.0,31.159942659338935,11.115239577453416,8.87463236337728,0.9558907180132243,0.25390231822280257,1128.5627718901999,62.053549113565566,2.92210378502317
220.0,31.471081682955028,11.070524146606516,8.896745036509259,0.9553393519883896,0.25224289330001964,1128.19577685702,62.669777551340836,2.9105439634079073
220.0,31.782147520645484,11.025969475305539,8.91905674953746,0.954787985963555,0.25061989423760334,1127.828714288242,63.28698040857721,2.8990580406516417
220.0,32.093140416528506,10.981574791544183,8.941659894859825,0.9542366199387202,0.24903226725087207,1127.4615842196808,63.90516050954115,2.887645456596666
220.0,32.40406061675891,10.937339329368827,8.964099199583877,0.9536852539138856,0.24747899951263297,1127.094386687964,64.524320687775,2.8763056534610496
220.0,32.71490836956642,10.893262328756515,8.986379442077443,0.9531338878890508,0.2459591171875769,1126.7271217305286,65.14446378563883,2.8650380759417495
220.0,33.02568392511159,10.849343035626381,9.008505255142197,0.9525825218642161,0.24447168357874452,1126.3597893856017,65.76559265384329,2.8538843414950663
220.0,33.33638753548771,10.80558070176122,9.030750394368425,0.9520311558393815,0.24301579737867446,1125.9923896921964,66.38771015100029,2.842856023238949
220.0,33.64701945463039,10.761974584795345,9.05336266567356,0.9514797898145467,0.24159059101844513,1125.6249226901016,67.01081914317432,2.8318960973593668
220.0,33.957579938271266,10.718523807812426,9.075817826833145,0.9509284237897121,0.2401952291082305,1125.2573884198694,67.63492250344564,2.821004056163443
220.0,34.26806924389564,10.675227916482799,9.09812038275642,0.9503770577648774,0.23882890696354397,1124.8897869228067,68.26002311147086,2.8101794211147144
220.0,34.578487630702035,10.632086050816458,9.120274675412396,0.9498256917400427,0.23749084921170577,1124.5221182409712,68.88612385305707,2.799421689077922
220.0,34.8888353594961,10.589097491547529,9.142446232794036,0.949274325715208,0.2361803084734989,1124.1543824171583,69.51322761973209,2.7887303678162496
220.0,35.19911269273751,10.54626152505953,9.165083293923125,0.9487229596903732,0.23489656411532353,1123.7865794948916,70.14133730832057,2.778104967333137
220.0,35.50931989442147,10.503577443355985,9.187569371858835,0.9481715936655386,0.23363892106746784,1123.418709518429,70.77045582053343,2.76754499994318
220.0,35.81945723005809,10.461044543959654,9.209908686600208,0.9476202276407039,0.23240670870450633,1123.050772532734,71.40058606253528,2.757049980336189
220.0,36.12952496662513,10.4186621298065,9.232105335731461,0.9470688616158692,0.23119927978396115,1122.6827685834844,72.03173094453929,2.7466194256272596
220.0,36.43952337255932,10.376429508801394,9.254198854418682,0.9465174955910345,0.23001600943979172,1122.3146977170647,72.66389338039279,2.736252855383983
220.0,36.74945271764927,10.334345993371558,9.27687485132656,0.9459661295661997,0.22885629422741996,1121.9465599805496,73.297076287157,2.7259497916472823
220.0,37.05931327307209,10.292410905649986,9.299405418824598,0.9454147635413651,0.22771955121719564,1121.578355421706,73.93128258470038,2.7157097592406663
220.0,37.369105311290994,10.250623588221908,9.321794536575672,0.9448633975165304,0.22660521713355478,1121.210084088987,74.56651519528575,2.7055322862381743
220.0,37.678829106057954,10.20898336344842,9.344046070277486,0.9443120314916957,0.22551274753708137,1120.8417460315202,75.20277704315463,2.695416901771285
220.0,37.98848493235201,10.167489555879403,9.366163775740086,0.943760665466861,0.224441616047113,1120.473341299106,75.84007105411644,2.6853631373246585
220.0,38.298073066372794,10.126141509508106,9.388787137818605,0.9432092994420264,0.22339131360247927,1120.104869942211,76.47840015513559,2.6753705276202595
220.0,38.60759378547631,10.084938574267907,9.411408667603077,0.9426579334171916,0.22236134775829774,1119.7363320119641,77.11776727391617,2.6654386106638306
220.0,38.917047368134035,10.043880102887424,9.433983424744893,0.9421065673923569,0.2213512420166802,1119.367727560144,77.75817533848227,2.65556692829429
220.0,39.22643409393922,10.002965450460962,9.456425374560055,0.9415552013675222,0.2203605351895725,1118.9990566391825,78.3996272767688,2.6457550247888117
220.0,39.53575424353592,9.962193977162787,9.478738053301875,0.9410038353426875,0.21938878079182766,1118.630319302155,79.04212601619068,2.636002445804018
220.0,39.845008098582326,9.921565049596534,9.501398590103832,0.9404524693178529,0.218435546462978,1118.2615156027723,79.6856744832276,2.626308739309894
220.0,40.154195941755845,9.881078040251252,9.524178338239395,0.9399011032930181,0.2175004134160154,1117.8926455953806,80.33027560300015,2.61667345635657
220.0,40.4633180566819,9.840732264128215,9.546823059952537,0.9393497372681834,0.21658297591180034,1117.5237093349558,80.97593229884556,2.607093791053327
220.0,40.77237472792156,9.800527238652212,9.569340061729655,0.9387983712433488,0.2156828407576799,1117.1547068770908,81.62264749187378,2.5975737957861043
220.0,41.08136624092169,9.76046228222898,9.591731786073472,0.938247005218514,0.21479962682903556,1116.785638278002,82.27042410055434,2.58811091219866
220.0,41.39029288199596,9.720536785558608,9.614318758407522,0.9376956391936794,0.21393296461255096,1116.4165035945132,82.91926504026472,2.5787047074649383
220.0,41.699154938300474,9.68075015465653,9.637174704733432,0.9371442731688446,0.21308249577006183,1116.047302884061,83.56917322286314,2.569354752443828
220.0,42.00795269778073,9.641101792581278,9.659902516366728,0.93659290714401,0.2122478727218866,1115.6780362046773,84.22015155623517,2.5600606233542473
220.0,42.316686449145,9.601591092304284,9.682505498690261,0.9360415411191753,0.21142875824864854,1115.308703614994,84.87220294384981,2.5508824753028954
220.0,42.6253564818541,9.56221746814267,9.70498687701567,0.9354901750943405,0.21062482511066327,1114.9393051742368,85.52533028431691,2.5417674444356892
220.0,42.93396308604777,9.522980358233038,9.72749327453441,0.9349388090695059,0.20983575568393853,1114.5698409422134,86.17953647091865,2.532705589233043
220.0,43.24250655257523,9.483879165844167,9.75043605453274,0.9343874430446711,0.20906124161199782,1114.2003109793177,86.83482439116412,2.5236965256218316
220.0,43.55098717288882,9.444913320635775,9.773254367059323,0.9338360770198365,0.2083009834726986,1113.830715346515,87.49119692631189,2.5147398695619136
220.0,43.85940523907826,9.40608224708601,9.795951380277089,0.9332847109950018,0.20755469045931013,1113.4610541053464,88.14865695091623,2.5058352405362765
220.0,44.16776104379564,9.367385382997277,9.818530185766,0.9327333449701671,0.20682208007513814,1113.0913273179142,88.8072073323414,2.4969822612915373
220.0,44.476054880241975,9.328822171184672,9.840993790259333,0.9321819789453324,0.2061028778410458,1112.7215350468828,89.46685093029522,2.488180559398367
220.0,44.78428704213076,9.290391935368907,9.863996910263332,0.9316306129204976,0.20539681701519746,1112.3516773554713,90.12759059633822,2.4794297639560043
220.0,45.09245782365955,9.25209437462446,9.886913170313798,0.931079246895663,0.20470363832449467,1111.981754307448,90.78942917339987,2.4707295088846717
220.0,45.40056751948021,9.213928940543482,9.909711412801459,0.9305278808708283,0.20402308970707916,1111.6117659671258,91.45236949528687,2.4620794306494873
220.0,45.70861642465457,9.175894712646377,9.93239451206771,0.9299765148459936,0.20335492606541763,1111.241712399358,92.11641438618416,2.4534791646769434
220.0,46.0166048346442,9.137991533786472,9.95496543418951,0.9294251488211589,0.20269890902943544,1110.8715936695241,92.78156666014964,2.4449283549175767
220.0,46.324533045244664,9.100218730898511,9.978021361858005,0.9288737827963243,0.20205480672923432,1110.501409843537,93.44782912061038,2.436426643464929
220.0,46.632401352578846,9.06257577954863,10.001181575601954,0.9283224167714895,0.20142239357695974,1110.1311609878278,94.11520455984066,2.4279736759616877
220.0,46.94021005307622,9.02506212718277,10.024228155878312,0.9277710507466548,0.20080145005736882,1109.7608471693447,94.78369575845082,2.419569171865374
220.0,47.247959443383216,8.987677331838146,10.047161551513236,0.9272196847218201,0.20019176252669227,1109.3904684555437,95.45330548485612,2.411212696183027
220.0,47.555649820406735,8.950420955470053,10.069985372395259,0.9266683186969854,0.19959312301943663,1109.0200249143836,96.12403649474517,2.4029039130103347
220.0,47.863281481223254,8.913292118752349,10.092973067621486,0.9261169526721508,0.1990053290627439,1108.6495166143245,96.79589153054849,2.3946424487849054
220.0,48.170854723063634,8.876290679048733,10.116244347407296,0.925565586647316,0.19842818349796237,1108.278943624312,97.46887332088758,2.386427994323967
220.0,48.47836984328568,8.839416009214904,10.139403149963428,0.9250142206224814,0.19786149430911898,1107.9083060137807,98.14298458003024,2.378260201538005
220.0,48.785827139324994,8.8026676091872,10.162452180973162,0.9244628545976467,0.19730507445794573,1107.5376038526408,98.81822800733272,2.3701387353607064
220.0,49.09322690867573,8.766044982540912,10.18539407998265,0.9239114885728119,0.19675874172525493,1107.166837211274,99.49460628668093,2.362063263215776
220.0,49.4005694488433,8.72954763681669,10.20831648740409,0.9233601225479773,0.1962223185582563,1106.7960061605295,100.17212208591997,2.3540334550838904
220.0,49.70785505732782,8.693175083440757,10.231703071683974,0.9228087565231425,0.19569563192366296,1106.4251107717123,100.85077805628681,2.346048983523843
220.0,50.01508403156452,8.656926837803402,10.254979639638456,0.9222573904983079,0.1951785131662786,1106.054151116581,101.53057683181653,2.3381095236831575
220.0,50.32225666890077,8.620802419775154,10.278148785196372,0.9217060244734732,0.1946707978728439,1105.6831272673355,102.21152102877079,2.3302147534257784
220.0,50.629373266562226,8.58480135161207,10.301213040125269,0.9211546584486385,0.19417232574091392,1105.3120392966139,102.8936132450339,2.3223643530786595
220.0,50.93643412161104,8.548923152060546,10.324174439727429,0.9206032924238038,0.19368294045253115,1104.940887277484,103.57685605952102,2.314557652287808
220.0,51.24343953090638,8.51316736880308,10.347583992250698,0.920051926398969,0.1932024895525295,1104.569671283438,104.26125203156434,2.306807581742281
220.0,51.55038979107864,8.477533527245113,10.370982120160448,0.9195005603741344,0.19273082433124508,1104.1983913883766,104.94680370030561,2.299141042648957
220.0,51.857285198490395,8.442021164619252,10.394274976652568,0.9189491943492997,0.19226779971143731,1103.8270476666198,105.63351358408615,2.291516672028297
220.0,52.16412604917437,8.406629820518523,10.417464991239747,0.918397828324465,0.19181327413926744,1103.4556401928724,106.32138417979874,2.2839341799686412
220.0,52.47091263883456,8.371359041396827,10.440554539576794,0.9178464622996303,0.19136710947916657,1103.084169042241,107.01041796227712,2.276393279086731
220.0,52.777645262770804,8.33620839069772,10.464032907355062,0.9172950962747956,0.19092917091241451,1102.7126342902088,107.70061738364303,2.2688936845635315
220.0,53.084324215866175,8.30117741097528,10.487707126406512,0.9167437302499609,0.19049932683927337,1102.3410360126386,108.39198487267419,2.2614351135676145
220.0,53.39094979254663,8.26626565263823,10.511277894381308,0.9161923642251262,0.19007744878457491,1101.969374285757,109.08452283414144,2.254017285825702
220.0,53.69752228670597,8.231472590779426,10.53474753358357,0.9156409982002915,0.189663411306539,1101.5976491861495,109.77823364815315,2.2466399213490895
220.0,54.004041991686,8.196797959405721,10.558118370061166,0.9150896321754568,0.189257091908793,1101.2258607907472,110.47311966949256,2.239302749073669
220.0,54.3105092003014,8.16224124089473,10.58157466607868,0.9145382661506221,0.18885837095536356,1100.85400917683,111.16918322694993,2.2320054936135882
220.0,54.61692420466736,8.127802005175917,10.605376230722605,0.9139869001257874,0.18846713158861292,1100.4820944219985,111.86642662263384,2.2247478841712405
220.0,54.92328729625851,8.093479825421959,10.62907611078866,0.9134355341009527,0.1880832596499204,1100.1101166041806,112.56485213129046,2.2175296522618786
220.0,55.229598765849175,8.059274278101533,10.652676567346482,0.912884168076118,0.1877066436030786,1099.738075801616,113.264461999622,2.210350531702311
220.0,55.535858903433756,8.025184976081542,10.676168990092194,0.9123328020512833,0.18733717446020792,1099.3659720928483,113.9652584455741,2.203210238753164
220.0,55.84206799823158,7.991211433472062,10.699614908837802,0.9117814360264487,0.18697474571020362,1098.993805556712,114.6672436576426,2.1961080445303214
220.0,56.148226338598356,7.957353272176364,10.723541191578057,0.9112300700016139,0.18661925324949588,1098.6215762723245,115.37041979415703,2.189044157761786
220.0,56.45433421201825,7.923610020202077,10.74736726923129,0.9106787039767792,0.18627059531512116,1098.2492843190803,116.07478898256471,2.1820183232784753
220.0,56.76039190504365,7.889981393222579,10.771095263548219,0.9101273379519446,0.1859286724199988,1097.8769297766307,116.78035331871219,2.1750302816656055
220.0,57.066399703252245,7.856466925233696,10.794727343380949,0.9095759719271098,0.1855933872902736,1097.5045127248843,117.487114866104,2.168079782343437
220.0,57.37235789119132,7.823066215102984,10.818265601524521,0.9090246059022752,0.18526464480473728,1097.1320332439877,118.19507565517867,2.161166574787541
220.0,57.67826675237052,7.789778864730761,10.842202492305114,0.9084732398774404,0.1849423519361597,1096.7594914143235,118.90423768256179,2.1542904107181333
220.0,57.98412656913593,7.756604479143238,10.866160775330528,0.9079218738526058,0.18462641769452773,1096.3868873164831,119.61460291030652,2.1474510440875956
220.0,58.289937622738556,7.723542666292774,10.89002241789919,0.9073705078277711,0.1843167530720833,1096.0142210312804,120.32617326516669,2.140648231066735
220.0,58.59570019316524,7.690593037224827,10.913879933612192,0.9068191418029363,0.18401327099008388,1095.641492639716,121.03895063780278,2.133881730031939
220.0,58.901414559185206,7.6577552059058345,10.937714079681903,0.9062677757781017,0.18371588624727317,1095.2687022229813,121.75293688204104,2.127151301550802
220.0,59.20708099824719,7.625028789315168,10.961786658914157,0.905716409753267,0.18342451546994454,1094.89584986244,122.46813381409015,2.120456708367119
220.0,59.512699786451684,7.592413407353002,10.986037319286865,0.9051650437284323,0.18313907706355176,1094.5229356396137,123.18454321175501,2.1137977153868093
220.0,59.81827119849585,7.559908682803972,11.010192398717393,0.9046136777035976,0.18285949116583974,1094.149959636179,123.90216681367399,2.107193474597686
220.0,60.12379550762765,7.5275141324051615,11.034253922245853,0.9040623116787629,0.18258567960140049,1093.7769219339452,124.621006318507,2.1006479290321742
220.0,60.429272985609025,7.495229599254256,11.058223821309092,0.9035109456539282,0.18231756583764563,1093.4038226148514,125.34106338416152,2.0941365935846314
220.0,60.734703902611585,7.463054608276194,11.0822798541517,0.9029595796290935,0.18205507494207368,1093.03066176094,126.06233962696555,2.0876592524915365
220.0,61.04008852724008,7.430988793512779,11.106663079103903,0.9024082136042588,0.18179813354089094,1092.6574394543586,126.78483662088954,2.0812156919375973
220.0,61.345427126417384,7.399031847857848,11.130951990353225,0.9018568475794241,0.18154666977883285,1092.2841557773374,127.50855589672128,2.074805840548004
220.0,61.65071996537879,7.367183311339425,11.155148197274123,0.9013054815545894,0.18130061328020847,1091.9108108121807,128.23349894125258,2.068429155931045
220.0,61.955967307578845,7.335442870074904,11.179253964814734,0.9007541155297547,0.18105989511110823,1091.5374046412442,128.95966719645193,2.062085631517764
220.0,62.26116941466719,7.30381016878872,11.203301761925076,0.9002027495049201,0.1808244477427108,1091.1639373469352,129.68706205864777,2.0557750610014516
220.0,62.566326546412405,7.272284854824416,11.227817380554548,0.8996513834800853,0.18059420501571946,1090.790409011687,130.4156848776999,2.0494972398890434
220.0,62.87143896068797,7.240866578078246,11.252239789426106,0.8991000174552506,0.18036910210577978,1090.4168197179536,131.1455369561633,2.043251965491005
220.0,63.17650691334479,7.209554991129786,11.276570883437195,0.898548651430416,0.18014907548993908,1090.0431695481814,131.8766195484327,2.037039036911557
220.0,63.48153065823443,7.178349642617253,11.300812526491562,0.8979972854055812,0.17993406291409675,1089.6694585848095,132.60893385992873,2.0308582526022643
220.0,63.786510447103005,7.147250395599586,11.324974387935583,0.8974459193807466,0.179724003361354,1089.2956869102484,133.34248104622856,2.02470941997896
220.0,64.09144652954511,7.116256810735409,11.349682031513147,0.8968945533559118,0.1795188370212867,1088.9218546068607,134.0772622122193,2.018592341146168
220.0,64.39633915295236,7.085368550543235,11.374405868879386,0.8963431873310772,0.1793185052601177,1088.5479617569565,134.81327841125886,2.012506822272935
220.0,64.70118856245503,7.054585280051395,11.39903902896367,0.8957918213062425,0.17912295059170324,1088.1740084427613,135.55053064428867,2.0064526712658246
220.0,65.0059950008671,7.023906666669429,11.423583315903713,0.8952404552814077,0.1789321166493599,1087.7999947464198,136.2890198590087,2.000429697756913
220.0,65.31075870861038,6.993332380313705,11.448040498053828,0.8946890892565731,0.17874594815847605,1087.4259207499647,137.0287469489891,1.9944377130925142
220.0,65.61547992367781,6.96286209354657,11.472746988352242,0.8941377232317383,0.17856439090988757,1087.0517865353042,137.76971275280002,1.988476530323999
220.0,65.92015888154052,6.9324954819803555,11.497601925641405,0.8935863572069037,0.17838739173399806,1086.6775921842086,138.51191805316603,1.9825459642014625
220.0,66.22479581515543,6.9022322245000485,11.52236705066722,0.893034991182069,0.17821489847561084,1086.3033377782954,139.25536357607714,1.9766458311710882
220.0,66.5293909548071,6.872072002154025,11.547044120494867,0.8924836251572343,0.17804685996946076,1085.929023399001,140.00004998991352,1.9707759493564274
220.0,66.83394452812261,6.842014495710954,11.57163485813642,0.8919322591323996,0.17788322601640708,1085.5546491275732,140.74597790457724,1.9649361385109017
220.0,67.13845675999202,6.812059386208709,11.596347049809225,0.8913808931075649,0.17772394736028038,1085.1802150450567,141.49314787062104,1.9591262199914825
220.0,67.44292787246667,6.782206357766244,11.621331946348413,0.8908295270827302,0.17756897566535007,1084.8057212322626,142.24156037835002,1.9533460167780217
220.0,67.7473580847627,6.752455098589417,11.646227830958779,0.8902781610578955,0.17741826349441187,1084.4311677697613,142.9912158569591,1.947621201459199
220.0,68.05174761314116,6.722805300687079,11.671036416477762,0.8897267950330608,0.17727176428745048,1084.0565547378617,143.7421146736448,1.9419362132683686
220.0,68.35609667088106,6.693256659254995,11.695759382573753,0.8891754290082261,0.1771294323408858,1083.6818822165922,144.49425713273877,1.9362798715617073
220.0,68.66040546819947,6.6638088703989995,11.72048371267735,0.8886240629833914,0.17699122278734555,1083.307150285681,145.2476434748014,1.930652013627492
220.0,68.96467421215735,6.634461547525774,11.745739672677416,0.8880726969585567,0.1768570915759977,1082.9323590245356,146.00227387575563,1.9250524783902834
220.0,69.26890310665816,6.605214550891768,11.770940185546275,0.887521330933722,0.17672699545339288,1082.5575085122307,146.75814844600663,1.9194811062281936
220.0,69.57309235232874,6.576067500819982,11.79605371326496,0.8869699649088874,0.17660089194479886,1082.1825988274804,147.5152672295583,1.9139377383335083
220.0,69.87724214647487,6.547020100597103,11.821081893765294,0.8864185988840526,0.17647873933602595,1081.8076300486246,148.27363020313177,1.908422217712567
220.0,70.18135268301755,6.518072055567628,11.84602633377962,0.8858672328592179,0.17636049665573827,1081.4326022536072,149.0332372752945,1.9029343887557906
220.0,70.48542415241911,6.489223073029176,11.871412589074176,0.8853158668343832,0.17624612365818546,1081.0575155199583,149.7940882855788,1.8974740972289954
220.0,70.78945674160256,6.460472862243781,11.896738663207742,0.8847645008095485,0.1761355808064192,1080.6823699247643,150.556183003597,1.8920411902671221
220.0,71.09345063390248,6.4318211343922025,11.921978394596485,0.8842131347847139,0.1760288292559054,1080.3071655446618,151.3195211281945,1.8866355163635744
220.0,71.39740600900673,6.4032676026629956,11.947133383314494,0.8836617687598791,0.1759258308385598,1079.9319024558074,152.08410228654716,1.8812569253607248
220.0,71.7013230428531,6.374811982094903,11.972205199439138,0.8831104027350445,0.17582654804721837,1079.5565807338614,152.84992603333095,1.8759052684385853
220.0,72.00520190758184,6.346453858175512,11.997607010896735,0.8825590367102097,0.1757309440204397,1079.1812004539595,153.61699184981728,1.8705805001543998
220.0,72.30904277145437,6.318193204863149,12.023056988254098,0.882007670685375,0.175638982527748,1078.8057616906992,154.38529914304877,1.8652823063239414
220.0,72.6128457988131,6.290029619282481,12.048421228718212,0.8814563046605404,0.17555062795520318,1078.4302645181162,155.15484724496764,1.8600106083397334
220.0,72.91661114997409,6.261962824162679,12.073701295266005,0.8809049386357056,0.17546584529133727,1078.054709009661,155.9256354115572,1.8547652625050421
220.0,73.22033898116969,6.233992543825073,12.098898722117191,0.880353572610871,0.17538460011346402,1077.6790952381782,156.69766282201502,1.849546126391983
220.0,73.52402944448382,6.206118504054754,12.124436191494674,0.8798022065860363,0.17530685857428657,1077.303423275882,157.47092857788513,1.844353058819567
220.0,73.82768268777244,6.178340432184014,12.15018959682795,0.8792508405612016,0.17523258738886235,1076.9276931943357,158.24543170225203,1.8391859198387288
220.0,74.13129885458753,6.150658057235205,12.175857375342282,0.8786994745363669,0.17516175382186283,1076.5519050644284,159.021171138873,1.8340445707261217
220.0,74.4348780841244,6.123071110055141,12.201441054760537,0.8781481085115321,0.17509432567517802,1076.1760589563526,159.79814575139906,1.8289288739818563
220.0,74.73842051112577,6.0955793234216005,12.226942134704785,0.8775967424866975,0.17503027127575968,1075.8001549395813,160.57635432251718,1.8238509425235852
220.0,75.04192626581774,6.068182431755229,12.252571579167714,0.8770453764618628,0.17496955946384032,1075.4241930828427,161.35579555316926,1.8188183112645508
220.0,75.3453954738453,6.040880171343057,12.27844160737549,0.8764940104370281,0.17491215958135156,1075.0481734540974,162.13646806173355,1.8138104711975624
220.0,75.6488282561914,6.013672279958618,12.304226537235053,0.8759426444121934,0.174858041460673,1074.6720961205192,162.91837038324348,1.8088272957912215
220.0,75.9522247290875,5.986558497088599,12.32992786439776,0.8753912783873588,0.1748071754136332,1074.2959611484614,163.70150096858563,1.8038686595943512
220.0,76.25558500397585,5.959538563722073,12.355547057570213,0.874839912362524,0.17475953222076396,1073.9197686034424,164.48585818373923,1.798934438224783
220.0,76.55890918739424,5.932612176812317,12.381204549765542,0.8742885463376893,0.17471508312081382,1073.543518550116,165.27144030900033,1.794024500778773
220.0,76.86219738093428,5.905779169684441,12.407188620758276,0.8737371803128546,0.17467379980051476,1073.167211052247,166.05824553822777,1.7891387398432403
220.0,77.16544968115025,5.879039244517428,12.433088100374581,0.8731858142880199,0.17463565438457723,1072.7908461726906,166.84627197810667,1.7842770268991754
220.0,77.46866617949254,5.8523921484650225,12.45890445442138,0.8726344482631853,0.1746006194259236,1072.4144239733616,167.63551764738244,1.7794392417438702
220.0,77.77184696221389,5.825837630175098,12.484697063465198,0.8720830822383505,0.17456866789614986,1072.0379445152123,168.42598047616994,1.7746252651947514
220.0,78.07499211032062,5.799375439818036,12.510574552871624,0.8715317162135159,0.1745397731762046,1071.66140785821,169.21765830522088,1.7698349790806658
220.0,78.37810169947997,5.773005328968885,12.53685782603609,0.8709803501886811,0.17451390904729566,1071.2848140613053,170.010548885233,1.765068266231557
220.0,78.6811757999359,5.746727050664215,12.563056482459224,0.8704289841638464,0.1744910496819741,1070.9081631824076,170.80464987614351,1.7603250104690567
220.0,78.98421447648398,5.720540359330455,12.589171959041082,0.8698776181390118,0.17447116963547862,1070.5314552783698,171.5999588464923,1.7556050965970649
220.0,79.28721778831004,5.694445010798016,12.615205667665464,0.869326252114177,0.1744542438372112,1070.154690404947,172.39647327271743,1.7509084103915498
220.0,79.59018578899793,5.668440762245876,12.641158995722655,0.8687748860893424,0.1744402475824572,1069.777868616778,173.19419053852735,1.746234838590742
220.0,79.89311852639466,5.642527372224329,12.66750448068133,0.8682235200645076,0.1744291565242783,1069.40098996736,173.99310793427668,1.7415842688861396
220.0,80.19601604248285,5.616704602254455,12.693809627189722,0.867672154039673,0.17442094666346672,1069.0240545089923,174.79322265549783,1.7369565899117314
220.0,80.49887837368958,5.590972209234911,12.720032048213142,0.8671207880148383,0.17441559435045867,1068.647062292873,175.5945318061169,1.7323516912357493
220.0,80.80170555013113,5.5653298687148824,12.74617305681064,0.8665694219900035,0.17441307626121166,1068.270013368862,176.39703239133758,1.7277694554389416
220.0,81.10449759600908,5.539777521255523,12.77223416232576,0.8660180559651689,0.1744133694017662,1067.892907785612,177.20072132178734,1.7232221295198886
220.0,81.40725452951781,5.514314844452284,12.798609667452723,0.8654666899403342,0.1744164510996261,1067.5157455905128,178.0055954124243,1.718714002940359
220.0,81.70997636259474,5.488941605468023,12.825018488895651,0.8649153239154994,0.17442229899300704,1067.1385268296272,178.8116513805317,1.7142278297695293
220.0,82.01266310099095,5.4636575709337585,12.851488248971805,0.8643639578906648,0.1744308910281848,1066.761251547708,179.61888584689413,1.7097635090497714
220.0,82.31531474430538,5.438462506198386,12.877927654525045,0.8638125918658301,0.17444220545400807,1066.3839197881887,180.427295335864,1.705320940631286
220.0,82.61793128528528,5.413356186203497,12.904286922274887,0.8632612258409954,0.17445622080078577,1066.0065315929958,181.23687626898558,1.7009000251394402
220.0,82.92051271056168,5.388338379880425,12.930887193888914,0.8627098598161607,0.174472915894312,1065.6290870027387,182.04762497279674,1.6965006640027458
220.0,83.22305900014892,5.363408859292758,12.957588923768242,0.862158493791326,0.17449226983752059,1065.251586056565,182.8595376735706,1.6921227594224464
220.0,83.52557012739979,5.3385673977104044,12.98420827449855,0.8616071277664913,0.17451426200694964,1064.8740287921432,183.67261049791705,1.6877662143675936
220.0,83.82804605899253,5.313813769434677,13.01074658778058,0.8610557617416565,0.17453887204670565,1064.4964152456512,184.48683947241744,1.683430932568027
220.0,84.13048675483398,5.289147749849457,13.03720518341553,0.8605043957168219,0.17456607986256595,1064.11874545174,185.3022205232479,1.679116818503997
220.0,84.43289216796107,5.264569115459315,13.063836477862282,0.8599530296919873,0.17459586561620072,1063.741019443503,186.1187494757844,1.6748237773984387
220.0,84.73526224451788,5.240077643774277,13.090633441462975,0.8594016636671525,0.1746282097195321,1063.3632372524573,186.93642205432081,1.6705517152079477
220.0,85.03759692363441,5.215673016258813,13.11734841195942,0.8588502976423178,0.17466309282921816,1062.9853989085077,187.75523388172687,1.666300530451921
220.0,85.33989613737606,5.191355202348056,13.143982893467545,0.8582989316174832,0.1747004958412493,1062.60750443992,188.57518047915835,1.6620701466599934
220.0,85.64215981066734,5.167123889714231,13.170538097031113,0.8577475655926484,0.1747403998856758,1062.2295538732917,189.3962572658069,1.6578604639610672
220.0,85.94438786121756,5.142978859924798,13.197366433043506,0.8571961995678137,0.17478278632146924,1061.8515472335316,190.21845955866985,1.6536713911588594
220.0,86.24658019945167,5.118919895472978,13.224454922334203,0.856644833542979,0.1748276367314432,1061.473484543822,191.0417825723026,1.6495028377472414
220.0,86.54873672842025,5.094946779849582,13.251461386340594,0.8560934675181443,0.1748749329173444,1061.0953658255885,191.86622141864268,1.6453547139017026
220.0,86.85085734376706,5.071059297428083,13.27838712926961,0.8555421014933097,0.17492465689502856,1060.7171910984848,192.69177110686127,1.6412417320100616
220.0,87.15294193360708,5.047257233525732,13.305233435100092,0.8549907354684749,0.17497679088974633,1060.3389603803512,193.51842654319645,1.6371609161240324
220.0,87.45499037850365,5.023540374339731,13.332127096694654,0.8544393694436403,0.17503131733153565,1059.960673687192,194.3461825308648,1.6330999130981707
220.0,87.75700255135499,4.999908506937663,13.359302448464845,0.8538880034188056,0.1750882188507081,1059.5823310331434,195.175033769947,1.6290586398939586
220.0,88.05897831736527,4.976361419271698,13.386396305661444,0.8533366373939708,0.17514747827345767,1059.2039324304508,196.0049748573415,1.6250370140535588
220.0,88.36091753395662,4.95289890010225,13.413409956416508,0.8527852713691362,0.17520907861755788,1058.8254778894386,196.8360002867608,1.6210349536930313
220.0,88.66282005067393,4.929520739074926,13.440344669348491,0.8522339053443014,0.17527300308812635,1058.4469674184718,197.66810444865104,1.6170523774949523
220.0,88.96468570917547,4.906226726582804,13.467269512512566,0.8516825393194668,0.17533923507356014,1058.0684010239443,198.50128163029748,1.6130892046997864
220.0,89.26651434312895,4.8830165579990386,13.494529267421825,0.8511311732946321,0.175407758141476,1057.6897787102414,199.33552601583065,1.609145344888461
220.0,89.56830577812403,4.859890213963857,13.521809810561201,0.8505798072697974,0.17547855603479862,1057.311100479707,200.17083168630202,1.605220738517539
220.0,89.87005983165882,4.836847394193261,13.549113246547721,0.8500284412449627,0.17555161266792146,1056.9323663326234,201.00719261981038,1.6013152965237891
220.0,90.17177631304338,4.813887892177562,13.576337611849745,0.8494770752201279,0.17562691212296075,1056.5535762671839,201.84460269164148,1.5974289403013981
220.0,90.47345502333053,4.791011502113303,13.603497105126756,0.8489257091952933,0.17570443864609733,1056.1747302794538,202.6830556744176,1.5935615917641723
220.0,90.77509575527482,4.768218018913857,13.631041383214672,0.8483743431704586,0.17578417664397367,1055.7958283633552,203.52254523830425,1.5897131733378003
220.0,91.07669829323754,4.74550723819526,13.65850467462819,0.8478229771456239,0.1758661106802222,1055.4168705106283,204.36306495122673,1.5858836079527425
220.0,91.37826241317175,4.722878956237847,13.685888240740134,0.8472716111207892,0.17595022547206113,1055.0378567108162,205.20460827916543,1.5820728190355873
220.0,91.67978788250312,4.700332970022233,13.713193324885374,0.8467202450959546,0.1760365058869124,1054.6587869512193,206.04716858637372,1.5782807305020334
220.0,91.9812744601225,4.677869077155117,13.740421152778055,0.8461688790711198,0.1761249369392087,1054.2796612168854,206.89073913576817,1.5745189746485528
220.0,92.28272189630606,4.655487075911443,13.768002998301974,0.8456175130462851,0.17621550378717496,1053.9004794905713,207.73531308923492,1.5707889494121896
220.0,92.58412993263237,4.633186765116363,13.795543936739316,0.8450661470214504,0.17630819172974174,1053.5212417527196,208.5808835080254,1.567077078727441
220.0,92.88549830195993,4.6109677792217045,13.823005741281037,0.8445147809966157,0.17640298620349654,1053.1419479814263,209.42744335313898,1.5633832794935087
220.0,93.18682672837362,4.588830218496882,13.850543560675733,0.8439634149717811,0.1764998727797774,1052.7625981524259,210.27498548583816,1.5597070644981856
220.0,93.48811492709376,4.566773776440621,13.878061186817447,0.8434120489469463,0.17659883716173425,1052.3831922390484,211.1235026680222,1.556049360641857
220.0,93.7893626044476,4.54479822646053,13.90586526939636,0.8428606829221117,0.17669986518155617,1052.0037302122018,211.97298756281478,1.5524095328611638
220.0,94.09056945780948,4.522903371015658,13.933691036592236,0.842309316897277,0.17680294279770808,1051.6242120403465,212.82343273506083,1.548787512074864
220.0,94.39173517555818,4.501089012598691,13.961437739275247,0.8417579508724422,0.17690805609228175,1051.2446376894654,213.67483065192346,1.5451832300632966
220.0,94.69285943701409,4.4793548894806845,13.98910643383553,0.8412065848476076,0.17701519126834164,1050.8650071230356,214.5271736834371,1.5415966055464574
220.0,94.99394191238605,4.457700931047103,14.016698646512395,0.8406552188227728,0.1771243346474424,1050.4853203020082,215.38045410319899,1.5380275949548359
220.0,95.29498226271905,4.436126879152284,14.044524098016124,0.8401038527979382,0.17723547266708478,1050.1055771847753,216.23466408896695,1.5344761187132658
220.0,95.59598013989657,4.414632538179707,14.07242109967089,0.8395524867731035,0.17734859187838484,1049.7257777271527,217.08979572344387,1.5309421095256295
220.0,95.89693518650635,4.393217712964122,14.10023981317741,0.8390011207482688,0.17746367894364387,1049.3459218823475,217.94584099491456,1.5274255004341528
220.0,96.19784703587517,4.371882208853258,14.127981454767614,0.8384497547234341,0.17758072063410488,1048.966009600937,218.80279179807445,1.523926224811146
220.0,96.49871531196534,4.350625831571102,14.155738937861244,0.8378983886985993,0.1776997038277065,1048.5860408308365,219.6606399347628,1.520444216355258
220.0,96.79953962939442,4.329448387323084,14.183800167625906,0.8373470226737647,0.17782061550692282,1048.206015517289,220.5193771148475,1.516998527224609
220.0,97.10031959333226,4.308349682731741,14.211980574429539,0.83679565664893,0.17794344275663793,1047.8259336028268,221.37899495701893,1.513574067773331
220.0,97.40105479949199,4.287329524758508,14.240082783915433,0.8362442906240952,0.17806817276210993,1047.4457950272515,222.23948498972607,1.5101663841243325
220.0,97.70174483408913,4.266387720867327,14.268108007053721,0.8356929245992606,0.17819479280695796,1047.0655997276124,223.10083865205604,1.5067754144091292
220.0,98.00238927379728,4.245524078850786,14.296057439808166,0.835141558574426,0.17832329027121804,1046.6853476381793,223.96304729470015,1.503401097013748
220.0,98.30298768572241,4.224738406833824,14.324137659663684,0.8345901925495912,0.17845365262947346,1046.3050386904238,224.8261021809316,1.5000433705745115
220.0,98.60353962736971,4.204030513360414,14.352384214501576,0.8340388265247565,0.17858586744900576,1045.924672812996,225.68999448762594,1.496702173969616
220.0,98.9040446465835,4.18340020730427,14.38055350408085,0.8334874604999218,0.17871992238800044,1045.5442499316919,226.55471530625573,1.493377446316966
220.0,99.204502281548,4.162847297841392,14.408646734302089,0.8329360944750871,0.17885580519384958,1045.1637699694436,227.4202556440145,1.4900691269668682
220.0,99.50491206074476,4.142371464465883,14.43666494092679,0.8323847284502524,0.1789935037014465,1044.7832328462919,228.28660642488882,1.4867771439138013
220.0,99.8052735029149,4.121972772848783,14.464883011698682,0.8318333624254177,0.17913300583155925,1044.4026384793617,229.15375849078674,1.4835014596258838
220.0,100.10558611705258,4.101650907822272,14.49341388479251,0.8312819964005831,0.17927429958925428,1044.021986782846,230.0217026026945,1.480242003021142
220.0,100.40584940235942,4.081405679964247,14.521867705213488,0.8307306303757483,0.17941737306237884,1043.6412776679838,230.89042944189748,1.476998714333368
220.0,100.70606284822173,4.061236900185849,14.550245676339784,0.8301792643509136,0.17956221442003353,1043.2605110430302,231.75992961111788,1.4737715340057862
220.0,101.00622593421116,4.041144379619659,14.578548987571635,0.829627898326079,0.17970881191117943,1042.8796868132542,232.63019363584704,1.4705721888706433
220.0,101.30633813002639,4.02112792981832,14.606885618201275,0.8290765323012442,0.17985715386320955,1042.4988048808978,233.50121196554412,1.4673990298573178
220.0,101.60639889550932,4.001187362655739,14.635479173255362,0.8285251662764095,0.1800072286806416,1042.1178651451733,234.37297497499952,1.46424152613255
220.0,101.90640768059433,3.981322490681473,14.663996779480968,0.8279738002515749,0.18015902484376048,1041.7368675022344,235.24547296559183,1.4610996218252694
220.0,102.20636392533824,3.961533127886206,14.692439633205176,0.8274224342267401,0.1803125309074024,1041.355811845163,236.11869616669594,1.4579732612760261
220.0,102.50626705984861,3.94181909249816,14.720808911057489,0.8268710682019055,0.18046773549971296,1040.9746980639457,236.99263473702456,1.454862389332557
220.0,102.80611650430411,3.922179882171713,14.749175235909355,0.8263197021770707,0.18062462732097403,1040.593526045456,237.86727876603945,1.4517669294785744
220.0,103.10591166893997,3.9026159596416465,14.778055315677072,0.8257683361522361,0.18078319514247376,1040.2122956734408,238.7426182753885,1.448686867924908
220.0,103.40565195404723,3.8831267330431096,14.806859864807507,0.8252169701274014,0.18094342780540187,1039.8310068285045,239.61864322034813,1.4456221261934106
220.0,103.70533674992971,3.863712079984327,14.835590043110699,0.8246656041025666,0.18110531421979809,1039.4496593880813,240.49534349129496,1.4425726548261497
220.0,104.00496543694027,3.8443718008153214,14.864247043952261,0.824114238077732,0.18126884336353002,1039.068253226432,241.37270891521112,1.4395383964209054
220.0,104.30453738544948,3.8251057094499563,14.892843903525609,0.8235628720528972,0.1814340042813258,1038.6867882146196,242.25072925720994,1.436519294250532
220.0,104.60405195584013,3.8059136249483507,14.921785230452002,0.8230115060280626,0.18160078608379165,1038.3052642204946,243.1293942220403,1.4335152940491889
220.0,104.90350849853643,3.786795364829786,14.950652272950116,0.8224601400032279,0.18176917794655156,1037.923681108686,244.00869345570692,1.4305336718705401
220.0,105.20290635395996,3.767750749091862,14.979446227651039,0.8219087739783932,0.18193916910935562,1037.5420387405763,244.88861654701867,1.4275805937783577
220.0,105.50224485257738,3.7487795810684488,15.008168273764369,0.8213574079535585,0.18211074887523765,1037.1603369743016,245.76915302921313,1.4246421952325778
220.0,105.80152331484973,3.72988166043544,15.036819600296049,0.8208060419287238,0.18228390660969368,1036.7785756647163,246.65029238151692,1.4217184254929143
220.0,106.100741051317,3.7110568224447746,15.066000395025767,0.8202546759038891,0.1824586317399797,1036.3967546634108,247.53202403092664,1.41880923237914
220.0,106.39989736251086,3.6923048829958214,15.095158535940847,0.8197033098790544,0.18263491375428056,1036.0148738186635,248.41433735368872,1.415914564409227
220.0,106.69899153902934,3.6736257882125125,15.124243786745318,0.8191519438542197,0.1828127422010796,1035.6329329754542,249.2972216771231,1.4130343607542923
220.0,106.99802286154248,3.6550190868725028,15.153257965742007,0.818600577829385,0.18299210668844362,1035.2509319754458,250.18066628124808,1.4101685903686187
220.0,107.29699060076543,3.6364847216456586,15.182201951006554,0.8180492118045504,0.18317299688338773,1034.8688706569642,251.06466040048107,1.4073171913381781
220.0,107.59589401750893,3.6180225096444714,15.211415777778763,0.8174978457797156,0.18335540251127305,1034.4867488549992,251.94919322541253,1.404480112511939
220.0,107.89473236269683,3.5996322675347745,15.240637115973605,0.8169464797548809,0.18353931335519755,1034.1045664011874,252.8342539045007,1.4016573028369383
220.0,108.19350487734944,3.581313811358009,15.269787390397354,0.8163951137300463,0.18372471925546635,1033.7223231238042,253.71983154584302,1.3988487113427157
220.0,108.49221079263926,3.5630669565596733,15.298867790269762,0.8158437477052115,0.18391161010902807,1033.340018847753,254.60591521892366,1.396056474941222
220.0,108.79084932987958,3.5448915182051945,15.327914125506986,0.8152923816803769,0.18409997586898824,1032.9576533945556,255.49249395638702,1.3932960813111945
220.0,109.08941970058896,3.5267873111530452,15.357379776282302,0.8147410156555421,0.1842898065441565,1032.5752265823492,256.37955675587324,1.3905495068518947
220.0,109.38792110646718,3.5087541503332154,15.386898151622427,0.8141896496307075,0.18448109219855835,1032.1927382258723,257.2670925817631,1.3878167032270423
220.0,109.68635273946181,3.490791850798158,15.416346161510255,0.8136382836058728,0.18467382295100687,1031.8101881364598,258.15509036698165,1.3850976221143463
220.0,109.98471378176667,3.4729002277039736,15.445725000263216,0.813086917581038,0.18486798897473086,1031.4275761220345,259.04353901484853,1.3823922152067498
220.0,110.28300340586968,3.4550790963362354,15.475035851216674,0.8125355515562034,0.18506358049696894,1031.044901987101,259.93242740087055,1.379700434213185
220.0,110.58122077457101,3.4373282720702956,15.50452252655208,0.8119841855313686,0.1852605877986303,1030.6621655327438,260.8217443745971,1.3770222308557358
220.0,110.87936504103459,3.4196475703417053,15.534107175991068,0.8114328195065339,0.18545900121394449,1030.2793665566167,261.71147876144306,1.374357556871733
220.0,111.17743534880213,3.4020368066486535,15.563623176020151,0.8108814534816993,0.1856588111301528,1029.896504852938,262.60161936450373,1.3717063640099665
220.0,111.47543083183959,3.3844957965328293,15.593071721764858,0.8103300874568646,0.18586000798722638,1029.5135802124896,263.4921549664486,1.369068604028753
220.0,111.77335061456971,3.367024355552211,15.622617873143604,0.8097787214320299,0.1860625822775734,1029.1305924226094,264.3830743313343,1.3664442287020842
220.0,112.07119381191633,3.3496222993635554,15.652366269941913,0.8092273554071951,0.18626652454580844,1028.74754126719,265.2743662064748,1.3638462572996164
220.0,112.36895952934347,3.332289307586192,15.682255686315479,0.8086759893823605,0.1864718253884993,1028.3644265266764,266.1660193242771,1.361267345243567
220.0,112.66664686290912,3.315025478415418,15.712077551405024,0.8081246233575258,0.1866784754539686,1027.9812479780614,267.05802240412277,1.3587014522141017
220.0,112.96425489928716,3.2978304835323056,15.7418328420396,0.807573257332691,0.18688646544207937,1027.598005394886,267.9503641541949,1.3561485206136588
220.0,113.26178271579965,3.2807041389195146,15.771522746047687,0.8070218913078564,0.18709578610404393,1027.214698547229,268.84303327331514,1.353608504556681
220.0,113.5592293805498,3.263646255815057,15.801299864479162,0.8064705252830218,0.18730642824230764,1026.8313272017267,269.73601845287834,1.351081357632066
220.0,113.85659395234853,3.246656660344842,15.831261207865275,0.805919159258187,0.18751838271033522,1026.4478911215465,270.6293083785945,1.3485670348557486
220.0,114.15387548086225,3.229735159738689,15.861156707916855,0.8053677932333523,0.1877316404125246,1026.0643900664068,271.5228917324225,1.3460654895179858
220.0,114.4510730066093,3.2128815717068226,15.891118340629959,0.8048164272085176,0.18794619230406193,1025.680823792567,272.4167571943591,1.3435766757679886
220.0,114.74818556104489,3.1960957120756843,15.921124909356003,0.8042650611836829,0.18816202939081994,1025.297192052834,273.31089344429887,1.3411005475896416
220.0,115.04521216659627,3.179377396387727,15.951176438607213,0.8037136951588482,0.1883791427292788,1024.9134945965598,274.20528916387747,1.3386370589363936
220.0,115.34215183672153,3.162726440020366,15.981452758591665,0.8031623291340135,0.18859752342641745,1024.5297311696438,275.0999330382566,1.3362038658998037
220.0,115.63900357599854,3.146142658421929,16.011664290668293,0.8026109631091789,0.18881716263967688,1024.1459015145456,275.9948137580063,1.333783466483748
220.0,115.93576638011024,3.129625867606766,16.041812241780853,0.8020595970843442,0.18903805157688744,1023.7620053702643,276.88992002085075,1.3313753471365237
220.0,116.2324392360042,3.1131758852276175,16.071897807697972,0.8015082310595094,0.18926018149622736,1023.3780424723707,277.78524053352857,1.3289794638089538
220.0,116.52902112185552,3.0967925307031576,16.10198916156684,0.8009568650346748,0.18948354370616974,1022.9940125529843,278.6807640135064,1.326595772482261
220.0,116.82551100720934,3.0804756230442276,16.132345060758382,0.80040549900984,0.1897081295654915,1022.6099153408006,279.5764791908618,1.3242242291786825
220.0,117.12190785300865,3.064224842986346,16.162804494401975,0.7998541329850053,0.18993393048324234,1022.2257505610827,280.47237480999934,1.3218647846760472
220.0,117.41821061165162,3.0480402963910116,16.19327931734538,0.7993027669601707,0.19016093791872177,1021.8415179356666,281.36843963138716,1.3195174063267838
220.0,117.71441822707743,3.031921635593309,16.223692872284573,0.7987514009353359,0.19038914338151014,1021.4572171829727,282.2646624333639,1.3171820437079804
220.0,118.01052963482559,3.015868676882299,16.25407444574214,0.7982000349105013,0.19061853843144308,1021.072848018007,283.1610320138094,1.3148586524880235
220.0,118.30654376212567,2.999881237008682,16.28475722066552,0.7976486688856665,0.1908491146786717,1020.6884101523734,284.05753719193376,1.3125626549131675
220.0,118.60245952793308,2.9839591324176364,16.315378553665653,0.7970973028608319,0.19108086378364939,1020.3039032942751,284.95416680992855,1.3102802768395676
220.0,118.89827584303148,2.968102179037184,16.34593965224375,0.7965459368359972,0.1913137774571821,1019.9193271485249,285.8509097346805,1.3080095259668578
220.0,119.19399161007061,2.95231008961147,16.376441832160523,0.7959945708111624,0.19154784746044012,1019.5346814165492,286.74775485942524,1.3057503530879442
220.0,119.48960572369576,2.9365829187157932,16.40690848802309,0.7954432047863278,0.19178306560504046,1019.1499657964058,287.6446911054469,1.303502730501313
220.0,119.78511707057208,2.920920352117239,16.437920687675657,0.794891838761493,0.1920194237530525,1018.7651799827811,288.54170742368217,1.301266608509768
220.0,120.08052452948577,2.905322188599855,16.468880820786723,0.7943404727366584,0.19225691381707774,1018.3803236670094,289.4387927963654,1.2990419436582774
220.0,120.37582697140485,2.889788249569868,16.4997820509508,0.7937891067118237,0.19249552776028198,1017.9953965370728,290.3359362386096,1.2968286922846664
220.0,120.67102325959154,2.8743183761551196,16.53062552322048,0.793237740686989,0.1927352575964773,1017.6103982776231,291.23312680003687,1.294626813248504
220.0,120.96611224963017,2.8589123816532056,16.561412415094367,0.7926863746621543,0.19297609539015267,1017.225328569977,292.1303535662805,1.2924422755129346
220.0,121.26109278955475,2.8435700774365524,16.59248464764601,0.7921350086373196,0.19321803325655765,1016.8401870921397,293.0276056605708,1.2902796233213323
220.0,121.55596371991619,2.8282911137450513,16.623539839327158,0.7915836426124849,0.1934610633617988,1016.4549735188148,293.9248722453142,1.2881280083331386
220.0,121.85072387383516,2.8130756162421116,16.6545388606335,0.7910322765876502,0.19370517792283734,1016.0696875214069,294.82214252347404,1.2859873979465517
220.0,122.14537207714501,2.7979232532240146,16.68567320658987,0.7904809105628156,0.19395036920762465,1015.6843287680406,295.7194057401632,1.2838577470637533
220.0,122.43990714840028,2.7828338414875864,16.716813919177262,0.7899295445379808,0.19419662953514227,1015.2988969235738,296.6166511840543,1.2817390146738739
220.0,122.73432789904557,2.767807198173598,16.748208929340564,0.7893781785131462,0.19444395127548575,1014.9133916496093,297.5138681888604,1.279631159705255
220.0,123.02863313342564,2.752842804795528,16.77962047330736,0.7888268124883114,0.19469232684992263,1014.5278126045024,298.41104613468144,1.2775333470486072
220.0,123.32282164891649,2.7379411451925417,16.810972476177845,0.7882754464634767,0.19494174873098608,1014.1421594433772,299.30817444946354,1.2754468669168932
220.0,123.61689223599494,2.7231017054481823,16.842270647404696,0.7877240804386421,0.19519220944253698,1013.7564318181471,300.20524261035064,1.2733787661390206
220.0,123.91084367834031,2.7083243035307,16.87351617853166,0.7871727144138073,0.19544370155984606,1013.3706293775211,301.1022401450339,1.2713296916339076
220.0,124.20467475289885,2.6936087573632728,16.90502128011761,0.7866213483889727,0.19569621770963067,1012.9847517670148,301.99915663302875,1.2692911033833656
220.0,124.49838423000716,2.678954884309024,16.936675081714533,0.7860699823641379,0.1959497505701869,1012.5987986289796,302.89598170706256,1.2672629617914055
220.0,124.79197087344448,2.6643625010730965,16.96839437800969,0.7855186163393033,0.19620429287140384,1012.2127696026005,303.7927050542586,1.2652452271837915
220.0,125.0854334405537,2.649831423828302,17.00006130756166,0.7849672503144686,0.19645983739486686,1011.826664323925,304.68931641744814,1.2632378598149787
220.0,125.37877068230375,2.6353616079455375,17.031676821124805,0.7844158842896338,0.19671637697388414,1011.440482425864,305.58580559630775,1.2612408140573432
220.0,125.67198134341265,2.6209525871750547,17.063528208341438,0.7838645182647992,0.1969739044935994,1011.0542235382262,306.4821624486714,1.259254061448665
220.0,125.9650641624251,2.6066043232150387,17.095414639477596,0.7833131522399644,0.19723241289102472,1010.6678872877219,307.3783768916208,1.2572775564234557
220.0,126.25801787178646,2.5923166332404977,17.127250163093407,0.7827617862151297,0.19749189515509022,1010.2814732979771,308.2744389026259,1.2553246833078633
220.0,126.55084119797095,2.5780893345592886,17.15903597982293,0.7822104201902951,0.19775234432673017,1009.89498118956,309.1703385207172,1.2533837995731962
220.0,126.84353286153856,2.563922244669363,17.19095426809578,0.7816590541654604,0.1980137534988939,1009.5084105799896,310.0660658474934,1.2514528582634066
220.0,127.13609157724817,2.549815181317758,17.223169543086662,0.7811076881406257,0.19827611581663443,1009.1217610837546,310.9616110482703,1.2495318209413342
220.0,127.42851605415846,2.5357679630935133,17.25543893755436,0.780556322115791,0.1985394244771323,1008.7350323123339,311.8569643530639,1.2476206490883581
220.0,127.72080499571152,2.521780410691493,17.28765899768098,0.7800049560909563,0.19880367272974925,1008.3482238742134,312.75211605763144,1.2457193040570322
220.0,128.01295709982134,2.507852320781128,17.31983091336935,0.7794535900661216,0.19906885387604253,1007.9613353749002,313.64705652440773,1.2438277479484374
220.0,128.30497105898027,2.4939835127080956,17.351955972459898,0.7789022240412868,0.19933496126982614,1007.5743664169441,314.5417761835158,1.2419459422069183
220.0,128.59684556034654,2.4801738418056285,17.384286835416233,0.7783508580164522,0.19960198831718937,1007.1873165999513,315.43626553365215,1.2400839234185779
220.0,128.88857928584144,2.4664231021138225,17.41670488754402,0.7777994919916176,0.19986992847650623,1006.800185520611,316.3305151430024,1.2382362293065226
220.0,129.1801709122552,2.4527311108400007,17.44932217620373,0.7772481259667828,0.20013877525848525,1006.4129727727056,317.2245156501265,1.23639799113823
220.0,129.47161911131252,2.439097685944069,17.48189295789352,0.7766967599419481,0.20040852222616085,1006.0256779471305,318.11825776477224,1.234569171834619
220.0,129.7629225498006,2.4255226456054264,17.514418428416832,0.7761453939171135,0.20067916299490363,1005.6383006319204,319.0117322687131,1.2327497342940597
220.0,130.0540798896609,2.412005808323696,17.547143945812117,0.7755940278922787,0.2009506912324507,1005.250840412261,319.9049300165589,1.2309396413961031
220.0,130.345089788054,2.3985469927699627,17.579944836204362,0.775042661867444,0.20122310065887272,1004.863296870507,320.79784193646026,1.229138856013091
220.0,130.63595089750092,2.385146015815401,17.612700886961754,0.7744912958426093,0.20149638504658945,1004.4756695862105,321.6904590309034,1.2273473410467486
220.0,130.9266618659296,2.371802694483957,17.645413304662455,0.7739399298177746,0.20177053822034763,1004.0879581361289,322.5827723773675,1.225577370224135
220.0,131.21722133681502,2.3585168792561557,17.678259451298565,0.77338856379294,0.20204555405722002,1003.7001620942532,323.47477312905033,1.2238184656879738
220.0,131.50762794925964,2.3452883451305,17.71139971505439,0.7728371977681052,0.20232142648658263,1003.3122810318276,324.3664525155177,1.2220685496935006
220.0,131.7978803380624,2.332116943454367,17.744615227252098,0.7722858317432706,0.20259814949005286,1002.9243145173579,325.25780184325856,1.2203275854386588
220.0,132.087977133861,2.319002533657917,17.77778762852578,0.7717344657184358,0.2028757171015078,1002.536262116651,326.1488124963895,1.2185955380999314
220.0,132.37791696318902,2.3059448598724317,17.810918107370476,0.7711830996936011,0.2031541234070181,1002.1481233928155,327.0394759371487,1.2168723718802184
220.0,132.66769844859004,2.2929437435390025,17.844007864445665,0.7706317336687665,0.20343336254479633,1001.7598979062931,327.9297837064699,1.2151580510827895
220.0,132.95732020872387,2.279999039444286,17.877309218503704,0.7700803676439317,0.2037134287051835,1001.3715852148822,328.8197274245341,1.2134578391220856
220.0,133.24678085839915,2.267110565031768,17.910800067247692,0.7695290016190971,0.20399431613052638,1000.9831848737379,329.70929879115005,1.2117748795461558
220.0,133.53607900877194,2.254277990283753,17.944402058628732,0.7689776355942624,0.20427601911519497,1000.594696435421,330.59848958637673,1.2101004907136275
220.0,133.82521326734846,2.2415014021771302,17.977963999533394,0.7684262695694277,0.20455853200546661,1000.2061194498964,331.48729167084747,1.208434643858862
220.0,134.11418223812478,2.2287804923806793,18.011486947104416,0.767874903544593,0.20484184919944812,999.8174534645627,332.375696986218,1.2067773018282817
220.0,134.40298452166286,2.2161150834544463,18.045238513431073,0.7673235375197582,0.20512596514703035,999.4286980242717,333.263697555577,1.2051284306423116
220.0,134.69161871519995,2.2035050014447535,18.079043531484253,0.7667721714949236,0.20541087434977742,999.0398526713491,334.1512854837867,1.2034879962067335
220.0,134.98008341271034,2.1909500768177255,18.112810200138263,0.7662208054700889,0.20569657136082906,998.6509169456092,335.03845295779735,1.2018588909790096
220.0,135.26837720507314,2.1784501347533745,18.14665650559529,0.7656694394452542,0.2059830507848367,998.2618903843896,335.9251922470361,1.2002485730199477
220.0,135.55649868004932,2.1660049300942337,18.18062590937339,0.7651180734204195,0.20627030727782442,997.8727725225586,336.81149570362396,1.198646426139427
220.0,135.8444464224684,2.153614356646875,18.214849816534382,0.7645667073955849,0.2065583355470792,997.4835628925348,337.69735576263565,1.197052424703916
220.0,136.13221901429284,2.1412782198152205,18.249103291629694,0.7640153413707501,0.20684713035108485,997.0942610243219,338.58276494242426,1.1954665323484484
220.0,136.41981503469017,2.128996339192326,18.28332023617476,0.7634639753459154,0.20713668649934575,996.7048664455166,339.46771584475647,1.1938887164715712
220.0,136.7072330601523,2.116768536247385,18.317501844834936,0.7629126093210807,0.20742699885229002,996.3153786813358,340.3522011550403,1.192318944451957
220.0,136.99447166455786,2.1045946317060458,18.351649296268654,0.762361243296246,0.20771806232111775,995.9257972546288,341.23621364246793,1.1907616409114625
220.0,137.2815294192953,2.092474331774212,18.38625195232727,0.7618098772714114,0.2080098718676732,995.5361216859101,342.1197461601906,1.189220752303742
220.0,137.5684048933153,2.080407676499232,18.420967712547082,0.7612585112465766,0.20830242250430758,995.1463514933694,343.0027916454418,1.1876876580819495
220.0,137.85509665324588,2.0683944121176365,18.45564873477595,0.760707145221742,0.2085957092937123,994.7564861928979,343.88534311960996,1.1861623235242118
220.0,138.14160326349307,2.0564343479601788,18.490296247437065,0.7601557791969072,0.2088897273488115,994.3665252981149,344.76739368841226,1.18464471774759
220.0,138.4279232862657,2.0445273067880225,18.524923087082676,0.7596044131720725,0.20918447183249986,993.9764683203639,345.6489365417618,1.1831348094811478
220.0,138.71405528173264,2.032673111282973,18.559861343707695,0.7590530471472379,0.20947993795757472,993.5863147687623,346.52996495399464,1.1816325674557229
220.0,138.99999780809603,2.0208715835757505,18.59476687600433,0.7585016811224031,0.2097761209865534,993.1960641502103,347.41047228385,1.1801472080987094
220.0,139.28574942162973,2.00912230548696,18.629905642045287,0.7579503150975685,0.21007301623142544,992.8057159694025,348.2904519743499,1.1786726346602112
220.0,139.5713086768334,1.997425557365481,18.665032877335477,0.7573989490727338,0.21037061905354715,992.415269728861,349.169897552914,1.1772054895038542
220.0,139.8566741264567,1.9857809518746787,18.70019565285814,0.7568475830478991,0.21066892486342467,992.0247249289504,350.048802631252,1.1757457383406984
220.0,140.1418443216215,1.9741883151872777,18.735615768449627,0.7562962170230644,0.21096792912049483,991.634081067892,350.9271609052589,1.1742933512182985
220.0,140.42681781190038,1.962647473634406,18.77100504549336,0.7557448509982296,0.2112676273330025,991.2433376418,351.8049661550613,1.172848298176812
220.0,140.71159314538076,1.9511582536405578,18.80636468103856,0.755193484973395,0.21156801505769438,990.8524941446806,352.68221224474354,1.1714151774681
220.0,140.99616886876206,1.9397203062956387,18.841824098089788,0.7546421189485603,0.21186908789970052,990.4615500684678,353.5588931223745,1.1699968092161754
220.0,141.28054352743797,1.9283337900034057,18.877547415865507,0.7540907529237255,0.21217084151228682,990.0705049030352,354.43500281979857,1.1685855444870485
220.0,141.56471566558588,1.9169983765481582,18.91346336322028,0.7535393868988909,0.21247327159663487,989.6793581362219,355.31053545248983,1.16718135130456
220.0,141.848683826219,1.9057138941397938,18.94935035962375,0.7529880208740563,0.2127763739016318,989.2881092538453,356.18548521939147,1.1657842009384192
220.0,142.1324465512821,1.8944801707421264,18.98520960094917,0.7524366548492215,0.21308014422362515,988.8967577397206,357.0598464026885,1.1643940646642896
220.0,142.41600238174513,1.883297034182138,19.02104227648222,0.7518852888243868,0.2133845784062243,988.5053030756867,357.93361336766264,1.1630139506905905
220.0,142.69934985766838,1.8721643126278893,19.057093228383444,0.7513339227995521,0.2136896723400536,988.1137447416238,358.80678056243966,1.16164952814051
220.0,142.9824875182359,1.861081834676592,19.093519021113647,0.7507825567747174,0.2139954219624595,987.7220822154578,359.67934251766764,1.1602918943277247
220.0,143.26541390194024,1.850049429833381,19.129917747806566,0.7502311907498826,0.21430182325738598,987.3303149732062,360.5512938464488,1.158941021723805
220.0,143.54812754654816,1.839066929255402,19.16629060446213,0.749679824725048,0.2146088722550155,986.9384424889763,361.4226292439069,1.157596882752787
220.0,143.83062698922984,1.8281341665901496,19.202638776284545,0.7491284587002134,0.21491656503156378,986.5464642349853,362.29334348694164,1.1562594497551024
220.0,144.11291076664077,1.8172507986490591,19.23925919916456,0.7485770926753786,0.21522489770906325,986.1543796815932,363.16343143402827,1.1549327576248039
220.0,144.39497741494532,1.806416869864975,19.2759101512953,0.7480257266505439,0.21553386645499836,985.7621882972974,364.03288802470524,1.1536200813575666
220.0,144.67682546994882,1.7956322094549824,19.31282113534361,0.7474743606257093,0.21584346748215608,985.3698895487729,364.90170827944127,1.15231389361801
220.0,144.95845346714844,1.7848966654854261,19.34972158277312,0.7469229946008745,0.21615369704834217,984.9774829008915,365.76988729928036,1.151014165093951
220.0,145.23985994176255,1.77420986187148,19.38664618014137,0.7463716285760398,0.21646455145600907,984.5849678167067,366.63742026528536,1.1497208815279745
220.0,145.5210434288782,1.7635718441092954,19.423852195613286,0.7458202625512051,0.21677602705212862,984.1923437575159,367.5043024384434,1.1484340042275083
220.0,145.80200246345117,1.752982531802225,19.461035531317926,0.7452688965263705,0.2170881202278183,983.7996101828455,368.37052915910385,1.1471608502812183
220.0,146.08273558042225,1.74244072917976,19.498204375918043,0.7447175305015358,0.21740082741811112,983.4067665504875,369.2360958466915,1.1458979671810763
220.0,146.36324131475695,1.7319478529861927,19.53559092105923,0.744166164476701,0.21771414510165205,983.0138123165019,370.1009979992429,1.144640886428692
220.0,146.64351820154292,1.7215030193560328,19.573205784241985,0.7436147984518664,0.2180280698004451,982.6207469352519,370.9652311930711,1.1433899820745006
220.0,146.92356477597826,1.711106060638731,19.61095494267188,0.7430634324270317,0.2183425980794846,982.2275698593915,371.828791082181,1.1421452294754957
220.0,147.20337957356787,1.700756811604461,19.648683068285035,0.7425120664021969,0.21865772654659796,981.8342805399219,372.69167339808763,1.1409094916784388
220.0,147.48296113008232,1.6904551068844371,19.686391363343382,0.7419607003773623,0.21897345185205422,981.440878426177,373.5538739491869,1.1396878051437598
220.0,147.76230798163786,1.680200780781351,19.724081023767635,0.7414093343525276,0.21928977068829072,981.0473629658455,374.4153886203236,1.138472069455153
220.0,148.04141866479546,1.6699936672597224,19.762365480266396,0.7408579683276928,0.21960667978962595,980.6537336049997,375.27621337240066,1.1372622611127912
220.0,148.32029171658584,1.6598336005920244,19.800672666843326,0.7403066023028582,0.21992417593195898,980.2599897880931,376.1363442418368,1.1360583565963092
220.0,148.59892567462822,1.6497204165261365,19.838960766993004,0.7397552362780235,0.22024225593250563,979.8661309580009,376.9957773402029,1.1348603323478303
220.0,148.87731907711014,1.6396539538515973,19.877230986339672,0.7392038702531888,0.22056091664942795,979.4721565560118,377.85450885360143,1.1336781831611726
220.0,149.1554704628965,1.6296340548639678,19.915603064209733,0.738652504228354,0.22088015498156616,979.0780660218518,378.7125350422138,1.13250231569809
220.0,149.4333783715837,1.6196609110387175,19.95425428162887,0.7381011382035194,0.22119996786814602,978.6838587937015,379.5698522398542,1.1313321391855282
220.0,149.71104134356992,1.6097336356974767,19.993133334790315,0.7375497721786848,0.2215203522884636,978.2895343082184,380.42645685343695,1.1301676245870904
220.0,149.98845792006227,1.5998524355295753,20.031995258019677,0.7369984061538499,0.22184130526152973,977.8950920005295,381.28234536236357,1.1290087525654844
220.0,150.2656266432165,1.5900171436462551,20.07084124259,0.7364470401290153,0.22216282384587172,977.5005313042789,382.1375143182116,1.127863766960479
220.0,150.54254605608645,1.5802275953966323,20.10994949334107,0.7358956741041807,0.22248490513907734,977.1058516516043,382.99196034394794,1.1267263301207846
220.0,150.8192147027738,1.5704835300295308,20.149115592725224,0.7353443080793459,0.2228075462775994,976.7110524731835,383.8456801336089,1.125594351129833
220.0,151.09563112841644,1.5607849827636318,20.188455325510034,0.7347929420545112,0.22313074443635494,976.3161331982263,384.69867045158446,1.1244678069538192
220.0,151.37179387930715,1.5511316945512303,20.227904769766962,0.7342415760296765,0.22345449682851654,975.9210932545116,385.550928132296,1.1233466771814786
220.0,151.64770150286262,1.5415235073995228,20.267440395745638,0.7336902100048418,0.22377880070506967,975.5259320683731,386.4024500793762,1.1222391801346132
220.0,151.9233525477632,1.5319602648949753,20.307212964375367,0.7331388439800071,0.22410365335458898,975.1306490647385,387.25323326532447,1.1211387756792794
220.0,152.19874556392867,1.522442147516536,20.34697171266735,0.7325874779551724,0.22442905210289843,974.7352436671252,388.1032747308649,1.120043600797392
220.0,152.47387910260323,1.5129683004010523,20.38675717196555,0.7320361119303378,0.22475499431270857,974.3397152976584,388.95257158433265,1.1189536451189086
220.0,152.74875171641034,1.503538945341467,20.426807834935126,0.731484745905503,0.22508147738335982,973.944063377093,389.8011210012158,1.117868885658715
220.0,153.02336195939876,1.4941538963688608,20.46713557026664,0.7309333798806683,0.22540849875049415,973.5482873248151,390.6489202235301,1.1167990306502225
220.0,153.29770838704619,1.4848129961084973,20.507512364929596,0.7303820138558337,0.22573605588564594,973.1523865588533,391.49596655914223,1.1157342994776258
220.0,153.57178955638648,1.4755160872748012,20.547877191064657,0.7298306478309989,0.22606414629606084,972.756360495904,392.3422573813849,1.114674591085561
220.0,153.84560402597245,1.4662628501529154,20.58823101296374,0.7292792818061642,0.22639276752428858,972.3602085513307,393.1877901283418,1.1136198826282764
220.0,154.1191503559807,1.4570534454694153,20.628966712950447,0.7287279157813296,0.2267219171478738,971.9639301391825,394.0325623022866,1.112573163927537
220.0,154.3924271082354,1.447887565287347,20.66997261049576,0.7281765497564949,0.2270515927790435,971.5675246722068,394.8765714691197,1.111537952118158
220.0,154.66543284625456,1.438765054167814,20.71096733179234,0.7276251837316602,0.22738179206440814,971.1709915618593,395.7198152577829,1.1105075774223698
220.0,154.93816613523896,1.4296857569955725,20.751952111951145,0.7270738177068254,0.22771251268453613,970.7743302182972,396.5622913595103,1.1094820218741959
220.0,155.2106255422316,1.4206495412527824,20.79293896436844,0.7265224516819908,0.22804375235382887,970.377540050434,397.4039975275735,1.1084612666586604
220.0,155.48280963603082,1.4116560966125604,20.834435100876675,0.7259710856571561,0.22837550881998264,969.9806204658993,398.24493157629485,1.1074525300763416
220.0,155.75471698735103,1.4027054915418737,20.876069747959733,0.7254197196323213,0.22870777986386245,969.5835708710981,399.0850913808082,1.106450592985683
220.0,156.0263461687332,1.3937974422804575,20.917696128630688,0.7248683536074867,0.22904056329900652,969.1863906711726,399.92447487612554,1.1054532980858358
220.0,156.29769575471394,1.3849318789826133,20.959314416007885,0.7243169875826521,0.22937385697145837,968.789079270059,400.7630800568405,1.1044606288090675
220.0,156.56876432173996,1.3761086052176246,21.00117478680422,0.7237656215578173,0.22970765875932453,968.391636070457,401.6009049762675,1.1034759254959845
220.0,156.83955044831325,1.3673274685462602,21.043271152108844,0.7232142555329826,0.230041966572563,967.9940604738728,402.4379477460702,1.1025015564753702
220.0,157.11005271495983,1.3585883167984678,21.08554940247742,0.7226628895081479,0.23037677835257755,967.5963518806067,403.2742065354811,1.1015316572393026
220.0,157.38026970427404,1.3498909986139116,21.127820594824737,0.7221115234833132,0.2307120920719544,967.1985096897706,404.10967957079487,1.1005662119121606
220.0,157.6502000009822,1.3412352681355497,21.170235397279523,0.7215601574584785,0.2310479057341266,966.8005332992998,404.9443651347511,1.0996059777263714
220.0,157.91984219196607,1.332621073883669,21.2128526581847,0.7210087914336438,0.2313842173730684,966.4024221059615,405.77826156593943,1.0986583509155705
220.0,158.189194866255,1.3240479511298995,21.25559173457052,0.7204574254088092,0.23172102505294578,966.0041755053513,406.611367258126,1.0977149577697896
220.0,158.4582566151183,1.3155191645902173,21.29852670646151,0.7199060593839745,0.23205832686784864,965.6057928919212,407.4436806597586,1.0967758792300266
220.0,158.72702603208054,1.3070274874455055,21.341529481518936,0.7193546933591397,0.2323961209414862,965.207273658979,408.27520027336004,1.0958409845965946
220.0,158.9955017129041,1.298575109419547,21.384806942781154,0.7188033273343051,0.23273440542678986,964.8086171986891,409.1059246547944,1.0949187069489401
220.0,159.26368225570087,1.2901666106507284,21.4280826250112,0.7182519613094703,0.23307317850571788,964.4098229020962,409.9358524128578,1.0940010474171264
220.0,159.53156626089552,1.281802164590606,21.47152082661976,0.7177005952846356,0.23341243838884948,964.010890159119,410.76498220852466,1.0930875131459266
220.0,159.79915233128494,1.2734557000928073,21.515135908643842,0.717149229259801,0.23375218331512462,963.6118183585645,411.5933127544403,1.0921781315537724
220.0,160.06643907207686,1.2652105276520254,21.5590835287029,0.7165978632349663,0.23409241155156565,963.2126068881428,412.42084281434927,1.0912805299717256
220.0,160.3334250908789,1.2569383863456347,21.603040984422954,0.7160464972101316,0.234433121392881,962.813255134454,413.24757120238155,1.0903877060372726
220.0,160.60010899775568,1.2487311817757962,21.646990090596347,0.7154951311852968,0.23477431116123176,962.4137624830156,414.0734967825723,1.089498912802015
220.0,160.86648940523386,1.2405626386893196,21.69117508997514,0.7149437651604622,0.235115979205903,962.014128318253,414.8986184682057,1.0886140678821712
220.0,161.13256492838417,1.2324346319554342,21.735775112989174,0.7143923991356275,0.23545812390306695,961.6143520235314,415.7229352213761,1.0877413649894914
220.0,161.39833418475334,1.2243479312050443,21.78041643556878,0.7138410331107927,0.23580074365530806,961.2144329811234,416.54644605209313,1.0868726995274258
220.0,161.66379579447616,1.2163003770240768,21.825055747209234,0.7132896670859581,0.23614383689157184,960.8143705722566,417.3691500180893,1.0860078746624218
220.0,161.92894838024762,1.208296360093442,21.869692965182026,0.7127383010611235,0.2364874020666518,960.4141641770915,418.1910462239364,1.0851482286940277
220.0,162.19379056737043,1.2003223440694268,21.914953556703708,0.7121869350362886,0.236831437661037,960.0138131747394,419.0121338206313,1.0842991356085059
220.0,162.4583209837319,1.192392016243502,21.96029550794441,0.711635569011454,0.2371759421804664,959.6133169432555,419.8324120048448,1.0834537888299247
220.0,162.72253825989944,1.1844992587286418,22.005631720251532,0.7110842029866193,0.2375209141558203,959.2126748596661,420.65188001859985,1.0826121177980639
220.0,162.98644102911803,1.1766461479146362,22.050970746726605,0.7105328369617846,0.2378663521427465,958.8118862999654,421.4705371485865,1.0817777122562153
220.0,163.25002792725917,1.1688315879492432,22.09671046376632,0.7099814709369499,0.2382122547212739,958.4109506390981,422.28838272542384,1.0809513945468017
220.0,163.51329759295118,1.161055756436346,22.14275672081443,0.7094301049121152,0.23855862049570312,958.0098672510056,423.1054161234126,1.080128637189646
220.0,163.7762486675111,1.153317448608783,22.18880415830901,0.7088787388872806,0.23890544809418676,957.6086355085891,423.92163675970585,1.079309375977368
220.0,164.03887979504782,1.1456188683159523,22.234853993307386,0.7083273728624457,0.2392527361685266,957.2072547837581,424.7370440939533,1.0785002786289963
220.0,164.301189622343,1.1379593328709146,22.28118222870348,0.7077760068376111,0.239600483393789,956.8057244473771,425.5516376274924,1.0776959470266274
220.0,164.5631767990524,1.130335477634126,22.327889417239298,0.7072246408127765,0.23994868846819445,956.4040438693374,426.3654169031535,1.0768949959574088
220.0,164.82483997755665,1.1227468727386591,22.374659645761135,0.7066732747879417,0.2402973501126291,956.0022124185008,427.1783815043193,1.0760998842320764
220.0,165.08617781309147,1.1152007592947177,22.421421121078446,0.706121908763107,0.24064646707055753,955.6002294627483,427.99053105471233,1.0753135325081635
220.0,165.34718896369435,1.1076898680084948,22.46849970764734,0.7055705427382724,0.24099603810762932,955.1980943689543,428.80186521763653,1.0745304486134328
220.0,165.60787209025975,1.100214841901811,22.51578995318234,0.7050191767134376,0.24134606201144324,954.7958065030058,429.61238369552785,1.0737508223230214
220.0,165.86822585654437,1.0927800729567887,22.56328746304314,0.7044678106886029,0.24169653759133294,954.3933652298035,430.4220862294781,1.0729807749433282
220.0,166.12824892915427,1.0853811974074823,22.610785614621165,0.7039164446637682,0.2420474636779583,953.9907699132572,431.2309725985145,1.0722151936994018
220.0,166.38793997760368,1.0780198956015286,22.658617343823856,0.7033650786389336,0.24239883912317878,953.5880199162962,432.03904261925794,1.0714526481606703
220.0,166.64729767429483,1.0706926695949395,22.7065149777022,0.7028137126140989,0.24275066279971225,953.1851146008726,432.84629614531497,1.0706972109271824
220.0,166.90632069455225,1.063405887852415,22.754745495232005,0.7022623465892641,0.24310293360091165,952.7820533279585,433.6527330667887,1.069948525012878
220.0,167.1650077166089,1.0561514139806365,22.80300785458717,0.7017109805644295,0.24345565044047918,952.3788354575548,434.4583533097452,1.0692029319961385
220.0,167.42335742164673,1.0489404386086398,22.851621913505685,0.7011596145395947,0.24380881225218523,951.9754603486854,435.2631568356529,1.0684621927712732
220.0,167.68136849378988,1.0417597481329863,22.90024261038755,0.70060824851476,0.24416241798969857,951.5719273594127,436.0671436410178,1.0677299350683942
220.0,167.9390396201223,1.0346149178390995,22.949162609924187,0.7000568824899254,0.2445164666262375,951.1682358468222,436.87031375672456,1.0670008051032542
220.0,168.1963694906878,1.027515558512558,22.998216756334234,0.6995055164650907,0.2448709571543561,950.7643851670396,437.672667247606,1.0662752554382886
220.0,168.45335679852494,1.0204371364165887,23.04759532011704,0.698954150440256,0.24522588858569513,950.360374675224,438.4742042119414,1.0655587698761482
220.0,168.71000023963745,1.0134020006245479,23.096963747981448,0.6984027844154213,0.24558125995074565,949.9562037255716,439.27492478097895,1.0648454650792507
220.0,168.96629851304778,1.0064021426685976,23.14652644747111,0.6978514183905866,0.2459370702985763,949.551871671319,440.0748291184235,1.0641349877854709
220.0,169.22225032077299,0.9994380692125222,23.196500544131354,0.6973000523657519,0.2462933186966237,949.1473778647442,440.8739174199823,1.0634343279897298
220.0,169.47785436782289,0.992503423569111,23.24662135891426,0.6967486863409171,0.24665000423037192,948.7427216571562,441.6721899127811,1.0627367836030437
220.0,169.73310936227367,0.9856119895617814,23.29675228414615,0.6961973203160825,0.24700712600323718,948.337902398921,442.4696468550846,1.0620416148514418
220.0,169.9880140151658,0.9787574358976258,23.347181064462262,0.6956459542912479,0.24736468313620813,947.9329194394321,443.2662885356038,1.061355737191487
220.0,170.49676715581504,0.9651434442696016,23.448789597744806,0.6945432222415784,0.24808110005330192,947.1224598095255,444.8571274164257,1.0599939265646252
220.0,170.75061308091446,0.9583874163610065,23.499692916653096,0.6939918562167438,0.24843995816550143,946.7169818331308,445.65132534287693,1.0593226676821803
220.0,171.25723725681718,0.9449936073985736,23.60250919525805,0.6928891241670743,0.24915896964277753,945.9055262853075,447.2372801989222,1.0579906725855017
220.0,171.51001296331103,0.938331875102998,23.654179338776515,0.6923377581422396,0.24951912143548421,945.4995474021733,448.02903802565476,1.0573338728639765
220.0,171.76242939103744,0.9317164723468984,23.70591378936438,0.691786392117405,0.24987970290946918,945.0934002368176,448.819983428796,1.0566815238137226
220.0,172.01448527545332,0.9251320342253265,23.75796353237491,0.6912350260925703,0.25024071331838127,944.6870841309783,449.6101169249518,1.0560307919784944
220.0,172.26617935516666,0.9185838165811768,23.810406626761242,0.6906836600677355,0.25060215193165036,944.2805984254632,450.39943905752096,1.0553893233833043
220.0,172.51751037178886,0.9120683600752877,23.86288064345665,0.6901322940429009,0.25096401803390045,943.8739424600983,451.1879503957253,1.0547503568922751
220.0,172.76847707002736,0.9056456504326053,23.915477436791175,0.6895809280180661,0.25132631092495683,943.4671155737556,451.9756515344897,1.0541152225169927
220.0,173.0190781976961,0.8991400864952319,23.968431399268248,0.6890295619932314,0.25168902991966474,943.0601171043589,452.7625430940968,1.05348755311537
220.0,173.51917874783373,0.8863525774844825,24.07498280893833,0.6879268299435621,0.25241574355249613,942.245602763233,454.3339000800148,1.0522420741480611
220.0,173.768675681286,0.8799932478598681,24.128444064369678,0.6873754639187274,0.2527797368929993,941.8380855625162,455.11836686908214,1.0516285691943335
220.0,174.01780206614902,0.8736877740990218,24.182410300458393,0.6868240978938926,0.25314415374151317,941.430394120774,455.902026803708,1.0510168248930356
220.0,174.26655666562164,0.8674041596530605,24.23648458458068,0.686272731869058,0.25350899348444406,941.0225277710985,456.6848806240796,1.0504115926219864
220.0,174.51493824597716,0.8611636401865587,24.290510072470298,0.6857213658442233,0.2538742555218499,940.6144858456053,457.466929093094,1.0498103769214395
220.0,174.7629455766058,0.8549496773659628,24.344985127630377,0.6851699998193885,0.25423993926737143,940.206267675454,458.24817299616024,1.0492128469733228
220.0,175.01057742996983,0.8487834292973528,24.39941738524179,0.6846186337945539,0.25460604414798355,939.797872590826,459.02861314071214,1.0486189346749557
220.0,175.2578325816163,0.8426087579270684,24.454599356419426,0.6840672677697193,0.254972569603752,939.3892999209266,459.8082503557761,1.0480322188604179
220.0,175.5047098101546,0.8364809165949779,24.509743077401133,0.6835159017448844,0.25533951508767055,938.9805489939757,460.58708549160673,1.0474506540098427
220.0,175.751207897303,0.830358732977351,24.56517196824138,0.6829645357200498,0.25570688006552883,938.5716191372239,461.36511941943354,1.046871532322172
220.0,175.99732562783043,0.8243473955660886,24.62085880056045,0.6824131696952151,0.25607466401562357,938.1625096769307,462.1423530309088,1.046297380061755
220.0,176.24306178963252,0.8183148833957292,24.67657761603123,0.6818618036703804,0.256442866428736,937.7532199383846,462.9187872380104,1.045728102362579
220.0,176.48841517361322,0.8123215286256154,24.732639951327293,0.6813104376455457,0.25681148680769444,937.3437492458627,463.69442297226976,1.0451616442500746
220.0,176.7333845737983,0.8063618303590542,24.789149871619422,0.680759071620711,0.2571805246674599,936.9340969226691,464.4692611848459,1.0446021675331012
220.0,176.97796878726686,0.8004329524589339,24.845533262371575,0.6802077055958764,0.25754997953480796,936.5242622911095,465.243302845939,1.0440440982216106
220.0,177.2221666141701,0.7945492757907977,24.90239303909997,0.6796563395710415,0.2579198509481582,936.1142446724901,466.01654894447233,1.0434930045817095
220.0,177.4659768576903,0.7886857989427984,24.959549425249453,0.6791049735462069,0.25829013845737836,935.7040433871092,466.7890004876884,1.0429458217570722
220.0,177.70939832411264,0.782842890860137,25.01675195371695,0.6785536075213723,0.25866084162370134,935.2936577542706,467.56065850098577,1.042401019763522
220.0,177.9524298227566,0.7770444813278845,25.07426929610119,0.6780022414965375,0.2590319600195252,934.88308709227,468.3315240274875,1.0418624380818873
220.0,178.19507016599965,0.7712651641088148,25.131954304451867,0.6774508754717028,0.25940349322818157,934.4723307183878,469.10159812765875,1.0413262627178559
220.0,178.6791726509705,0.7598196730967246,25.248426399685453,0.6763481434220334,0.260147802471138,933.6502580990102,470.6393763757173,1.040270138010872
220.0,178.9206324326685,0.7541441767422247,25.306616297345464,0.6757967773971987,0.2605205777255416,933.2389404829911,471.4070827286118,1.0397453509506516
220.0,179.16169633886452,0.7485074486858269,25.365362283125435,0.675245411372364,0.2608937662325602,932.827434414016,472.1740020643809,1.0392277458966694
220.0,179.40236319711548,0.7423141563088381,25.424888546814074,0.6746940453475294,0.26126736762794284,932.4157392042517,472.9401355255954,1.0387142099188162
220.0,179.64263183797107,0.7372974580717726,25.484058074224347,0.6741426793226947,0.26164138155739936,932.0038541648165,473.7054842702161,1.038205836588864
220.0,179.88250109507456,0.7317288886491391,25.543656492836956,0.6735913132978599,0.2620158076766385,931.5917786058149,474.4700494716153,1.0376994681950455
220.0,180.36103680731003,0.7207030533511972,25.663320607640422,0.6724885812481906,0.2627658951549531,930.7670531641911,475.9968340112889,1.0366995815023083
220.0,180.8379610625895,0.7098164040206896,25.784127866315394,0.6713858491985212,0.26351762749889346,929.9415573390887,477.5204988224317,1.0357160843550406
220.0,181.31326463749838,0.6989914784147544,25.906770849691583,0.6702831171488518,0.2642710022923991,929.1152855732573,479.04105380676026,1.0347528293327901
220.0,181.55030580055094,0.6936701448314904,25.96799524022032,0.6697317511240171,0.2646483048921114,928.7018569712669,479.8001682672768,1.034274018268115
220.0,181.7869383562606,0.6883786627895915,26.029347777582302,0.6691803850991824,0.26502601726280545,928.288232292353,480.55850908099546,1.0337989926546745
220.0,182.25897309041065,0.6778011833623384,26.15410773330715,0.6680776530495129,0.2657826702761358,927.460391904732,482.0728749677155,1.0328660242976089
220.0,182.49437299850885,0.6725533156880931,26.216443570439104,0.6675262870246783,0.26616161041892145,927.0461747937516,482.8289026708313,1.032404047346364
220.0,182.7293597586062,0.6673659733217178,26.279109481618185,0.6669749209998437,0.26654095933285066,926.6317588013025,483.5841619870247,1.0319449492021295
220.0,182.96393224288386,0.6621680352663344,26.34198946057485,0.6664235549750089,0.26692071678832346,926.2171432235073,484.33865426088164,1.0314909033845838
220.0,183.19808932638918,0.657036930502133,26.405480120947924,0.6658721889501742,0.26730088256352685,925.8023273553503,485.09238084814126,1.0310412479018103
220.0,183.89805696640036,0.6417458858588575,26.59714575133127,0.6642180908756701,0.26844382770507974,924.5566709418312,487.34898021274495,1.0297126893460835
220.0,184.36260456224605,0.6317412175356941,26.72644536317219,0.6631153588260008,0.269207829007924,923.7252189052389,488.84957669874257,1.028847396176033
220.0,184.5942457793685,0.6267697212880023,26.791775837246416,0.6625639928011661,0.2695904404687379,923.309186426661,489.598738240292,1.0284217585872595
220.0,185.0562575279323,0.6168715692887133,26.92266566576307,0.6614612607514967,0.27035688415796266,922.4765049840688,491.09479506095494,1.0275773401899926
220.0,185.5165676965889,0.6070917715329088,27.054296974800707,0.6603585287018272,0.2711249544823161,921.6429967941195,492.5878398278182,1.0267468366689094
220.0,185.746081949368,0.602244933516696,27.120905795688365,0.6598071626769926,0.27150959926193663,921.225930876922,493.33323633562566,1.0263370835040408
220.0,185.97516752587262,0.5974416632044055,27.18875193054503,0.6592557966521579,0.2718946502684895,920.8086561201582,494.0778842208003,1.02593583940931
220.0,186.20382333818074,0.5926788963337624,27.255613904872142,0.6587044306273231,0.27228010737142105,920.3911718037705,494.82178496468185,1.025532585151175
220.0,187.1141272834934,0.5737864031181816,27.527471550716847,0.6564989665279843,0.2738259943503439,918.7191244984292,497.78994643261683,1.0239638865890135
220.0,187.3406180524616,0.5691552289754331,27.59646744413005,0.6559476005031497,0.2742134801902134,918.3005815405776,498.5301339662975,1.0235802323655752
220.0,187.79228981984608,0.5598953486541627,27.734635222393607,0.6548448684534802,0.2749896680998883,917.4628531795593,500.00829629698814,1.0228229508821942
220.0,188.0174686834778,0.5552960216163102,27.805041168880955,0.6542935024286456,0.27537836999671733,917.0436663178272,500.7462741685782,1.0224531422283762
220.0,188.2422081150667,0.5508831169701822,27.874118651441506,0.653742136403811,0.27576747708206345,916.6242633608168,501.48351857192887,1.0220795201491795
220.0,188.46650705388953,0.5462501549881669,27.946254686776044,0.6531907703789762,0.27615698928277393,916.2046435760611,502.2200310604547,1.0217205855549927
220.0,189.35927676113732,0.528473612489047,28.229100917406477,0.6509853062796374,0.2777190879604986,914.5239814656934,505.158793153136,1.0202838904145157
220.0,189.8029912753085,0.5197211432299794,28.375275820311984,0.6498825742299681,0.278502566468782,913.6823303055049,506.6238235448939,1.0195963428894699
220.0,190.02417728816852,0.5154631692322366,28.44813090250741,0.6493312082051333,0.2788949128602942,913.2611721094015,507.3552566310928,1.0192553314236061
220.0,191.7774187940133,0.48166780554174426,29.04504332160512,0.6449202800064557,0.28204825170902864,909.8838254210131,513.1809626162781,1.016648343468963
220.0,192.21117854650623,0.47339536391253584,29.192638031743208,0.6438175479567864,0.28284063252686836,909.0372165146166,514.6302933165954,1.0160129601387538
220.0,192.6431017367481,0.46528167777416385,29.34540150926807,0.642714815907117,0.28363463178792714,908.189686650975,516.0768118272246,1.0154030633172124
220.0,192.8583720921456,0.4613237414906874,29.42344735905875,0.6421634498822824,0.2840322383661949,907.76557446369,516.799020623523,1.0151065703504836
220.0,193.9277712511402,0.44157892993961745,29.816013117637183,0.6394066197581088,0.28602634160019064,905.6415104829429,520.3996261242868,1.0136604612153315
220.0,194.35226770096355,0.4338624344108257,29.98029767792677,0.6383038877084395,0.28682681628495843,904.7902358389713,521.83502801773,1.0131165313081576
220.0,195.6144657839689,0.4112152711068734,30.46739434874378,0.6349956915594313,0.28923795914973993,902.2306778068759,526.1248118873586,1.0115190297118781
220.0,197.06540090647462,0.38594052523250005,31.055484573120122,0.6311361293855884,0.29206939727341863,899.2334786464664,531.0988085964425,1.009798475867607
220.0,199.49760921351827,0.3450952843708068,32.10949232286244,0.624519737087572,0.29696955850590395,894.0669914772117,539.5502167032245,1.0071871897809064
220.0,218.0067219362407,0.10021217827201397,44.750967519751086,0.5649722064054248,0.3437365284966349,845.7180625245041,611.7835821993237,1.0
220.0,218.1477801235025,0.09875434208962515,44.88990191324592,0.5644208403805901,0.34419233383479275,845.2527822535176,612.4237731551134,1.0
220.0,218.56743133028533,0.09456983881118235,45.309525220312544,0.562766742306086,0.3455622993520505,843.8547764768758,614.3415423641118,1.0
220.0,218.98178057506618,0.090529874920951,45.731261956587424,0.5611126442315819,0.34693609345112136,842.4535000942873,616.2551373846507,1.0
220.0,219.3908061159816,0.08661929266223985,46.15474295871411,0.5594585461570779,0.3483137217442502,841.0489230852256,618.1645982989785,1.0
220.0,219.5259611638004,0.08543104141110788,46.29680540271475,0.5589071801322432,0.3487737841975191,840.5799920451259,618.8001734812888,1.0
220.0,219.66052147237752,0.08405393852787452,46.43779753267766,0.5583558141074085,0.34923427351393266,840.1106897725566,619.435295225789,1.0
220.0,219.79448623840574,0.08290970392676567,46.580039199106956,0.5578044480825738,0.3496951899063276,839.641015133604,620.0699650036534,1.0
220.0,219.9278546587455,0.08154939831620382,46.72144410191376,0.557253082057739,0.35015653358777293,839.170966990545,620.704184283072,1.0
220.0,220.0606259305117,0.08031816947056784,46.86348040347538,0.5567017160329044,0.3506183047721738,838.7005442018831,621.3379545300166,1.0
220.0,220.1927992511667,0.07910866304874499,47.00562118755745,0.5561503500080698,0.35108050367485916,838.2297456223702,621.971277208953,1.0
220.0,220.324373818361,0.07789103182135923,47.14781733776521,0.555598983983235,0.3515431305119487,837.7585701029228,622.6041537820461,1.0
220.0,220.45534882977188,0.07669421560871201,47.29009680738196,0.5550476179584003,0.3520061854990806,837.2870164905153,623.2365857076243,1.0
220.0,220.58572348354136,0.07556572949096503,47.43268795139073,0.5544962519335657,0.35246966885460895,836.8150836283932,623.8685744440728,1.0
220.0,220.71549697774327,0.07438739201702836,47.57516752615504,0.5539448859087309,0.35293358079603254,836.3427703557809,624.5001214454733,1.0
220.0,220.97323728125158,0.07204011521113733,47.85992530105612,0.5528421538590615,0.3538626913159261,835.3969979167579,625.7618960545628,1.0
220.0,221.10120248768587,0.07091116682479313,48.00259976361483,0.5522907878342269,0.3543278903352473,834.9235364092441,626.3921265612448,1.0
220.0,221.22856332888597,0.06976295472560903,48.14512671389637,0.5517394218093922,0.35479351882297816,834.4496898090412,627.0219211318422,1.0
220.0,221.35531900372732,0.06851087826350155,48.28721652094901,0.5511880557845574,0.35525957700194005,833.975456935635,627.6512812105984,1.0
220.0,221.48146871117217,0.06751866557458781,48.43014605548427,0.5506366897597228,0.3557260650957283,833.5008366044726,628.280208239434,1.0
220.0,221.60701165025222,0.06647820806623467,48.57285404232512,0.550085323734888,0.35619298332883204,833.0258276269445,628.9087036580868,1.0
220.0,221.73194702010156,0.07042152521075738,48.72732282552198,0.5495339577100533,0.35666033192694113,832.5504288103818,629.5367689044782,1.0
220.0,221.85627401990297,0.06430835258171802,48.857746754941296,0.5489825916852187,0.3571281111166729,832.074638958015,630.1644054143864,1.0
220.0,221.97999184881346,0.06325199038192458,49.00017104439793,0.548431225660384,0.357596321125156,831.5984568689131,630.7916146209348,1.0
220.0,222.1030997061191,0.06220165664956241,49.14250575585815,0.5478798596355492,0.3580649621813277,831.1218813380518,631.4183979561469,1.0
220.0,222.22559679102753,0.06116940979748375,49.28475067105767,0.5473284936107146,0.35853403451428734,830.6449111561897,632.0447568489986,1.0
220.0,222.34748230279385,0.06010529828665564,49.42688595913292,0.5467771275858799,0.3590035383547259,830.1675451099125,632.6706927270822,1.0
220.0,222.46875544059887,0.058162898519253534,49.56671850480892,0.5462257615610452,0.35947347393386536,829.6897819815576,633.2962070153644,1.0
220.0,222.5894154036086,0.058144758977135946,49.71091765418035,0.5456743955362104,0.35994384148398373,829.2116205492208,633.9213011368147,1.0
220.0,222.70946139101855,0.05713761139546998,49.852709747528124,0.5451230295113758,0.36041464123913197,828.733059586774,634.5459765132495,1.0
220.0,222.82889260185922,0.05615779924740412,49.99439653404708,0.5445716634865412,0.36088587343346096,828.2540978637287,635.1702345633286,1.0
220.0,222.94770823509083,0.05521928165912772,50.135880694908714,0.5440202974617063,0.36135753830240364,827.7747341452882,635.7940767039727,1.0
220.0,223.06590748970154,0.05424295138335289,50.27712860240141,0.5434689314368717,0.36182963608326013,827.294967192365,636.417504351056,1.0
220.0,223.1834895644566,0.05327836305520521,50.418318977118574,0.5429175654120371,0.3623021670135559,826.814795761439,637.0405189174412,1.0
220.0,223.30045365803608,0.052350563701992495,50.55925193823194,0.5423661993872023,0.36277513133211214,826.3342186046106,637.6631218142666,1.0
220.0,223.41679896898444,0.05133457416072639,50.69977045333544,0.5418148333623676,0.36324852927891244,825.8532344695573,638.2853144507712,1.0
220.0,223.53252469563867,0.05049979348976001,50.8404159549158,0.5412634673375329,0.3637223610945569,825.3718420994745,638.9070982336464,1.0
220.0,223.64763003633286,0.049557378995766906,50.98068161266479,0.5407121013126982,0.3641966270220102,824.8900402331657,639.5284745691245,1.0
220.0,223.76211418917362,0.04913288382605023,51.12112172591116,0.5401607352878635,0.36467132730512547,824.4078276049121,640.1494448611945,1.0
220.0,223.87597635182192,0.04780380198690498,51.26035012548568,0.5396093692630288,0.3651464621866744,823.9252029443252,640.7700105092872,1.0
220.0,223.98921572218612,0.0469424995314105,51.39988421121318,0.5390580032381942,0.36562203191431936,823.4421649767081,641.3901729153628,1.0
220.0,224.10183149753252,0.04606102100966372,51.5390413980602,0.5385066372133595,0.36609803673361063,822.958712422559,642.0099334755643,1.0
220.0,224.2138228751532,0.045205711330539404,51.677816602762974,0.5379552711885247,0.3665744768934444,822.4748439979065,642.629293586718,1.0
220.0,224.3251890520318,0.04435390458548914,51.81638733935091,0.5374039051636901,0.3670513526430698,821.9905584141147,643.2482546428112,1.0
220.0,224.435929224836,0.04352461170324187,51.95464632221007,0.5368525391388553,0.3675286642329581,821.5058543778596,643.8668180359473,1.0
220.0,224.5460425899763,0.04303410846014982,52.09262443801788,0.5363011731140206,0.36800641191476563,821.0207305911351,644.4849851563524,1.0
220.0,224.65552834361364,0.04188896594276964,52.229947240014084,0.535749807089186,0.36848459594194,820.5351857512528,645.1027573930755,1.0
220.0,224.76438568153915,0.041067918361292644,52.36714435470127,0.5351984410643513,0.3689632165684182,820.049218550737,645.720136132455,1.0
220.0,224.8726137993217,0.040079710061688534,52.503841253849444,0.5346470750395166,0.36944227405052754,819.5628276774029,646.3371227603387,1.0
220.0,224.98021189203328,0.03949521778670701,52.640199833317844,0.5340957090146818,0.36992176864433046,819.0760118141771,646.953718658977,1.0
220.0,225.08717915460937,0.03872737160394401,52.77617497583978,0.5335443429898472,0.3704017006090948,818.5887696392765,647.5699252110969,1.0
220.0,225.19351478148994,0.0379731313389602,52.91171570235086,0.5329929769650125,0.3708820702043333,818.1010998259934,648.1857437964036,1.0
220.0,225.29921796669407,0.03718904080231399,53.046743587275955,0.5324416109401777,0.3713628776907159,817.6130010427144,648.8011757926488,1.0
220.0,225.40428790386886,0.036441068942573415,53.18140464148014,0.5318902449153431,0.37184412333004396,817.1244719529269,649.416222575645,1.0
220.0,225.5087237862674,0.03569920214589553,53.3156207988127,0.5313388788905085,0.3723258073861143,816.6355112151883,650.030885520206,1.0
220.0,225.61252480692787,0.034998289715489295,53.44927107455856,0.5307875128656737,0.3728079301253884,816.1461174832,650.6451660010151,1.0
220.0,225.71569015813566,0.03424086008613459,53.582504449670026,0.530236146840839,0.37329049181345336,815.6562894054944,651.2590653883682,1.0
220.0,225.81821903185133,0.03351829971727295,53.71528628926509,0.5296847808160043,0.37377349271840093,815.1660256256484,651.8725850522042,1.0
220.0,225.92011061957595,0.032814759109843106,53.84746458325577,0.5291334147911696,0.37425693310950414,814.6753247821852,652.4857263605514,1.0
220.0,226.02136411221608,0.03212423474827245,53.97913918347763,0.5285820487663349,0.3747408132568854,814.1841855084806,653.0984906790875,1.0
220.0,226.12197870057037,0.03143759151918744,54.110367146672246,0.5280306827415002,0.37522513343537367,813.6926064330147,653.710879375715,1.0
220.0,226.22195357437437,0.030760223465476574,54.240943568494785,0.5274793167166656,0.375709893916392,813.2005861788092,654.3228938110057,1.0
220.0,226.32128792312372,0.030081619689519296,54.3709750809571,0.5269279506918308,0.376195094975418,812.7081233638792,654.9345353469736,1.0
220.0,226.41998093586028,0.029423155758499762,54.500537582962636,0.5263765846669961,0.3766807368903824,812.2152166010753,655.5458053451579,1.0
220.0,226.51803180091332,0.02877074134356491,54.62941225049563,0.5258252186421615,0.37716681993920204,811.7218644979299,656.1567051637679,1.0
220.0,226.61543970603228,0.028134801724801175,54.75770477963432,0.5252738526173267,0.37765334440143045,811.2280656567028,656.767236159584,1.0
220.0,226.71220383859978,0.02750105599690529,54.88548369844702,0.524722486592492,0.3781403105599251,810.7338186744772,657.3773996899321,1.0
220.0,226.80832338494088,0.0269046073136948,55.01251004742393,0.5241711205676574,0.37862771869523343,810.2391221427564,657.9871971060927,1.0
220.0,226.90379753140465,0.026254718619250775,55.139026836614256,0.5236197545428227,0.3791155690951491,809.7439746480387,658.5966297644766,1.0
220.0,226.99862546307273,0.0256329736270112,55.26492767464813,0.523068388517988,0.3796038620433955,809.2483747710789,659.2056990134012,1.0
220.0,227.09280636494722,0.025029725060643795,55.39004630245374,0.5225170224931532,0.3800925978306087,808.7523210875236,659.8144062058941,1.0
220.0,227.18633942082428,0.024447308854544717,55.51463584129335,0.5219656564683186,0.38058177674384097,808.2558121672613,660.4227526874839,1.0
220.0,227.27922381419918,0.023845046783913675,55.63853996333404,0.5214142904434839,0.38107139907542004,807.758846574905,661.0307398064864,1.0
220.0,227.37145872774315,0.02325219419248562,55.76169311461502,0.5208629244186491,0.38156146511813466,807.2614228694746,661.6383689084033,1.0
220.0,227.4630433435442,0.022697032098409037,55.88424033136721,0.5203115583938145,0.38205197516759143,806.7635396045081,662.2456413386722,1.0
220.0,227.55397684280484,0.022128791107954345,56.00604754135095,0.5197601923689799,0.3825429295197184,806.265195327869,662.8525584397352,1.0
220.0,227.64425840596184,0.021567737305686056,56.127149265771,0.519208826344145,0.3830343284715074,805.7663885817866,663.4591215519529,1.0
220.0,227.73388721290843,0.021029843437195488,56.24755701125734,0.5186574603193104,0.38352617232420055,805.2671179029603,664.0653320172197,1.0
220.0,227.82286244263963,0.02050675732135409,56.36719315182607,0.5181060942944757,0.38401846137936424,804.7673818223333,664.671191174468,1.0
220.0,227.91118327341064,0.019955321879714175,56.486134722436304,0.517554728269641,0.3845111959406767,804.2671788651562,665.276700361717,1.0
220.0,227.99884888249892,0.019423959583720136,56.60433133706801,0.5170033622448063,0.38500437631206186,803.7665075508294,665.8818609139023,1.0
220.0,228.0858584467178,0.018915760937843185,56.721800087716005,0.5164519962199716,0.38549800280251906,803.26536639317,666.4866741684773,1.0
220.0,228.1722111416558,0.0184272398670941,56.83840008429217,0.515900630195137,0.38599207571895167,802.763753899947,667.0911414571068,1.0
220.0,228.25790614243272,0.017897179606763236,56.95439775545172,0.5153492641703021,0.3864865953741166,802.2616685732992,667.695264114836,1.0
220.0,228.34294262306796,0.017401660265901116,57.06949647715159,0.5147978981454675,0.38698156208006546,801.7591089093352,668.2990434725288,1.0
220.0,228.4273197566803,0.01691160974669845,57.183847334168135,0.5142465321206329,0.38747697615044546,801.2560733982332,668.9024808595303,1.0
220.0,228.51103671572696,0.01643057793362888,57.2974186784397,0.5136951660957981,0.38797283790331305,800.7525605243467,669.5055776068779,1.0
220.0,228.59409267149277,0.015954904990612157,57.41009743554041,0.5131438000709634,0.38846914765587015,800.2485687658816,670.1083350412473,1.0
220.0,228.67648679456673,0.015487899010072545,57.52211818001084,0.5125924340461288,0.388965905729299,799.7440965951523,670.7107544905435,1.0
220.0,228.75821825452212,0.015025685782811124,57.63319059147577,0.512041068021294,0.3894631124468052,799.239142478364,671.31283728155,1.0
220.0,228.83928621975377,0.014571942361408548,57.743526470491865,0.5114897019964593,0.38996076812998853,798.7337048754953,671.9145847359179,1.0
220.0,228.91968985810772,0.014124644889345981,57.85297032444021,0.5109383359716246,0.3904588731081059,798.2277822406348,672.5159981806087,1.0
220.0,228.99942833608358,0.013683734580344461,57.96161068337603,0.51038696994679,0.3909574277075928,797.7213730214891,673.1170789360324,1.0
220.0,229.07850081955243,0.013250011046024265,58.06938476403464,0.5098356039219553,0.3914564322618311,797.2144756597763,673.7178283271055,1.0
220.0,229.15690647290916,0.01282338606669011,58.176356153462784,0.5092842378971205,0.3919558871003309,796.7070885907041,674.3182476709867,1.0
220.0,229.23464445985397,0.012401733764286363,58.282380614502856,0.5087328718722859,0.392455792559252,796.1992102433956,674.9183382889868,1.0
220.0,229.3117139428165,0.011981809228769598,58.387669726836805,0.5081815058474511,0.3929561489737159,795.6908390405254,675.5181014978814,1.0
220.0,229.38811408342332,0.011577151195422594,58.49195814331224,0.5076301398226164,0.3934569566844001,795.1819733985695,676.1175386173564,1.0
220.0,229.46384404196408,0.011175044652448632,58.59545923408883,0.5070787737977818,0.39395821603070585,794.6726117274574,676.7166509622764,1.0
220.0,229.53890297795567,0.010778852555832745,58.698054279177065,0.5065274077729471,0.3944599273583627,794.1627524308797,677.3154398512802,1.0
220.0,229.61329004936616,0.01039053272641846,58.799690229923456,0.5059760417481124,0.3949620910099256,793.6523939057977,677.9139065960093,1.0
220.0,231.1368040336403,0.0038405834833056,0.0,0.4932946231769144,0.40663752516978263,781.7725742287902,691.5927419766485,1.0
220.0,231.528259890115,0.002677300566385529,58.845248891364506,0.48943506100307155,0.4102391392771383,778.1012708195567,695.7246011277308,1.0
220.0,231.581394812489,0.00253294917977335,-64.15771676192217,0.4888836949782368,0.4107555091080828,777.5746040290056,696.3137293850629,1.0
220.0,231.63383024809733,0.002393037702521833,-62.56705481604962,0.48833232895340206,0.4112723435813344,777.047383059724,696.9025771893516,1.0
220.0,231.6855653091883,0.002266462446714759,-63.271903125390885,0.48778096292856743,0.411789643123555,776.5196060721772,697.491145833011,1.0
220.0,231.73659910758786,0.0021558511485049166,-61.961136892753444,0.4872295969037327,0.41230740819043515,775.9912712196849,698.0794366367811,1.0
220.0,231.78693075040198,0.002020054479613027,0.0,0.48667823087889805,0.41282563918001486,775.4623766457128,698.6674508547183,1.0
220.0,231.83655934588484,0.0019058942651660252,0.0,0.4861268648540633,0.4133443365495428,774.9329204874778,699.2551898023693,1.0
220.0,231.88548399952808,0.0017966830050235513,58.994343568730365,0.4855754988292287,0.4138635007404676,774.4029008734879,699.8426547744039,1.0
220.0,231.9812178939321,0.0015891720624569279,-62.93062832421404,0.4844727667795592,0.4149032313485662,773.3411637512514,701.016767949073,1.0
220.0,232.07412524198085,0.0014035304318581257,60.40177768035292,0.4833700347298898,0.4159448345809944,772.2771501435458,702.1898007161371,1.0
220.0,232.11951670646783,0.0013158660392995443,64.25427913399938,0.4828186687050552,0.4164663395756636,771.744284892047,702.7759151910526,1.0
220.0,232.16419882355936,0.0012359754042992061,-58.553806408327375,0.48226730268022044,0.4169883140701377,771.2108447827908,703.3617634180695,1.0000000002538196
220.0,232.2081706876021,0.0011459994427586208,61.92283812684614,0.4817159366553857,0.41751075855951164,770.6768278873074,703.9473467259787,1.0000000000043636
220.0,232.2514313888966,0.001075083039031706,0.0,0.48116457063055107,0.4180336734914724,770.1422322672774,704.5326663884679,1.0000000015078108
220.0,232.2939800168883,0.0010040092043796175,0.0,0.4806132046057163,0.41855705934239035,769.6070559765117,705.1177237068937,1.000000000004562
220.0,232.33581565878666,0.0009369875079680786,59.28181908479091,0.4800618385808817,0.41908091658303087,769.0712970600345,705.702519973038,1.0
220.0,232.37693739978178,0.0008614711601054296,63.18205410770588,0.47951047255604695,0.4196052456846941,768.5349535541766,706.2870564757715,1.000000000000307
220.0,232.41734432320283,0.0008133620195055119,0.0,0.4789591065312123,0.42013004712634516,767.998023486643,706.8713345087049,1.0000000000049716
220.0,232.4570355096713,0.0007540849699153477,-68.47331446142164,0.4784077405063776,0.4206553213690106,767.4605048759171,707.4553553425689,1.0000000000145624
220.0,232.49601003961055,0.0006605966801661632,-64.26082474726864,0.47785637448154283,0.42118106892096036,766.9223957328377,708.0391202958026,1.0
220.0,232.53426698990046,0.0006470141441846136,-58.33355794541729,0.4773050084567082,0.42170729025822934,766.3836940584051,708.6226306482919,1.0
220.0,232.57180543616866,0.0006017450104171439,0.0,0.47675364243187346,0.42223398587703015,765.8443978452152,709.2058876983232,1.0
220.0,232.60862445129752,0.0005222655382982703,-63.37593291554502,0.4762022764070388,0.422761156258789,765.3045050764472,709.7888927246568,1.0
220.0,232.64472310736573,0.000691103404599271,-64.58261038245895,0.4756509103822041,0.42328880192372187,764.7640137270814,710.3716470443741,1.000000001702557
220.0,232.68010047292213,0.0004615431602449825,0.0,0.47509954435736945,0.42381692335257515,764.2229217620893,710.954151928491,1.0
220.0,232.71475561469407,0.00042489350953521353,-62.25916037895482,0.4745481783325347,0.42434552103769224,763.6812271374935,711.5364086569984,1.0
220.0,232.7486875986308,0.00038766049626388845,-62.644747410303424,0.47399681230769997,0.42487459551413204,763.1389278010054,712.1184185523517,1.0
220.0,232.78189548749887,0.0003781988430603815,-62.891938015356885,0.47344544628286533,0.42540414729010345,762.5960216904158,712.7001829045121,1.0
220.0,232.81437834112623,0.00037857736383110023,62.88038155133695,0.4728940802580306,0.42593417685141927,762.0525067337078,713.2817029758738,1.0000000000001263
220.0,232.8461352188335,0.00028586918681252423,61.22173960747229,0.47234271423319596,0.42646468473864124,761.5083808505974,713.862980084142,1.0
220.0,232.87716517662062,0.00027514826219521635,0.0,0.4717913482083612,0.4269956714624878,760.9636419506494,714.4440155113452,1.0000000000712164
220.0,232.90746726920054,0.0002469085544297559,76.80828276999269,0.4712399821835266,0.4275271375636633,760.4182879345642,715.0248105682123,1.0
220.0,232.9370405477721,0.00024633985453689094,62.08630235817538,0.47068861615869184,0.42805908354414207,759.8723166926687,715.6053665203746,1.0
220.0,232.9658840629533,0.00015504561216232106,-65.17215318075955,0.4701372501338571,0.42859150997006323,759.3257261068014,716.1856846985655,1.000000000000496
220.0,232.99399686129345,0.00019584931506131398,-71.88517860812514,0.46958588410902247,0.42912441734381795,758.7785140479622,716.7657663617935,1.0
220.0,233.02137798816926,0.00016705693750544015,-59.476975458997394,0.4690345180841877,0.429657806208369,758.2306783781785,717.3456128089753,1.0000000002731577
220.0,233.04802648672194,0.00011824954322946724,-56.95559166951978,0.4684831520593531,0.4301916771206376,757.6822169497559,717.925225350208,1.000000000018776
220.0,233.07394139778978,0.00013164820144691476,63.48730298889921,0.46793178603451835,0.4307260306362319,757.133127605184,718.5046052907064,1.0000000003349543
220.0,233.09912175872446,7.328067199883663e-05,63.282405617023315,0.4673804200096836,0.4312608672709996,756.5834081763069,719.0837538896748,1.0
220.0,233.12356660513535,0.00010504225231201417,-67.5179762922852,0.466829053984849,0.43179618756546817,756.03305648542,719.6626724291449,1.0
220.0,233.1472749727049,9.018078091456117e-05,0.0,0.46627768796001423,0.4323319921739797,755.4820703464487,720.2413623086196,1.000000000130186
220.0,233.17024588985842,7.744072151297587e-05,0.0,0.4657263219351796,0.4328682815366744,754.9304475599977,720.8198246961879,1.0000000000006461
220.0,233.19247838696378,6.845927993461373e-05,-68.61652620605318,0.46517495591034486,0.4334050562996901,754.3781859194434,721.398060975316,1.0
220.0,233.21397149073866,5.4515888878086115e-05,0.0,0.4646235898855102,0.43394231705597225,753.8252832071582,721.9760724693093,1.0000000000017468
220.0,233.23472422238194,5.1033295583365534e-05,0.0,0.4640722238606755,0.4344800642470801,753.2717371931852,722.5538603373428,1.0
220.0,233.2547356050286,4.362838129884039e-05,0.0,0.46352085783584074,0.43501829854074703,752.7175456402024,723.1314259749117,1.0000000000123144
220.0,233.27400465654205,3.8952022952835246e-05,0.0,0.4629694918110061,0.4355570204651081,752.1627062986241,723.7087706259131,1.000000000323308
220.0,233.2925303943812,3.0774218775986815e-05,-55.109223182963916,0.46241812578617136,0.4360962306646441,751.6072169098293,724.285895653868,1.000000000000023
220.0,233.31031183541305,2.3875038039332136e-05,58.72383785307551,0.46186675976133673,0.43663592991888583,751.0510752059913,724.8628025611549,1.0
220.0,233.3273479807467,2.3469831162365152e-05,-52.80459005909617,0.461315393736502,0.4371761182004666,750.494278899743,725.4394919941126,1.0000000012806527
220.0,233.34363785015347,1.7998484427407675e-05,0.0,0.46076402771166736,0.4377167967958552,749.9368257074499,726.015965983353,1.0000000001745204
220.0,233.35918044578037,1.298719390098995e-05,63.378309777774895,0.4602126616868326,0.43825796606399064,749.3787133245658,726.5922255760886,1.0
220.0,233.373974768501,1.243709130143543e-05,58.92148009456417,0.45966129566199787,0.438799626434293,748.8199394366478,727.1682718907755,1.0000000000301141
220.0,233.38801982272432,-5.751130248387199e-05,66.59439349030825,0.45910992963716324,0.4393417787686648,748.2605017225911,727.7441064980892,1.0000000001150389
220.0,233.40131460220994,2.5608732366126788e-05,-40.01068304064626,0.4585585636123285,0.4398844233320308,747.7003978449036,728.3197303364939,1.0000000021155837
220.0,233.41385810702792,1.0323037967791606e-05,0.0,0.45800719758749386,0.4404275610892251,747.1396254612356,728.8951450774417,1.0000000001154383
220.0,233.4256493267112,-5.347529355050937e-05,-51.781626026628004,0.4574558315626591,0.44097119240377064,746.578182212796,729.4703517560104,1.0000000012700272
220.0,233.43668725063563,0.00012301717328697123,0.0,0.4569044655378245,0.4415153177682306,746.0160657313994,730.0453515402818,1.0000000000151323
220.0,233.4469708754011,8.153175645093142e-06,0.0,0.45635309951298975,0.4420599387867731,745.4532736445171,730.6201467599086,1.0000000019237039
220.0,233.45649917539245,1.1499458778926053e-05,0.0,0.455801733488155,0.44260505502523356,744.8898035549277,731.1947376032268,1.0000000000089853
220.0,233.46527113387495,5.4593032929733454e-05,0.0,0.45525036746332037,0.443150667222218,744.3256530620791,731.7691254854882,1.0000000023721225
220.0,233.47328573410962,-1.70788583866306e-05,0.0,0.45469900143848563,0.4436967765498533,743.7608197559354,732.3433122713643,1.0000000012535577
220.0,233.48054195826214,4.8389964395028076e-08,-52.89952549595314,0.454147635413651,0.4442433846720651,743.1953012161815,732.9173003341497,1.0000000020380966
220.0,233.4870387516782,3.5124795658339278e-06,93.19021507757803,0.45359626938881625,0.4447904877133806,742.6290949872762,733.4910862564127,1.000000000032333
220.0,233.49277512058458,3.9301890501519666e-08,-12.041565265881358,0.4530449033639815,0.44533809222095544,742.0621986463851,734.0646775056147,1.0000000003812466
220.0,233.4977500120179,4.6155130621627905e-08,67.58450257534138,0.4524935373391469,0.4458861952755874,741.4946097197461,734.6380716578956,1.0
220.0,233.50196242109098,6.486878224677639e-08,-64.51571268345691,0.45194217131431214,0.44643480564830396,740.9263257574243,735.2112784749496,1.0
220.0,233.50541129738085,2.0097939050174317e-07,19.73437928158677,0.4513908052894775,0.4469839250046554,740.3573442678395,735.7843002927359,1.0000000012621744
220.0,233.50809549644015,-3.3124722627690063e-07,17.08056568660993,0.45083943926464276,0.44753351292944826,739.7876626833264,736.3570956725787,1.0000000001552503
220.0,233.51001420897595,1.606716401875019e-07,0.0,0.45028807323980813,0.4480836888828758,739.2172786619519,736.9297894605021,1.0
220.0,233.51116593392928,2.0570418539136883e-07,0.0,0.4497367072149734,0.4486340591583549,738.6461893645425,737.5019732004373,1.0000000346997733
220.0,233.51155026563137,-1.220405101776123e-11,0.0,0.44918534119013853,0.44918534119013853,738.0743927144296,738.0743927144296,1.0
