Branch,Pressure [bar],x_CO2 [-],x_Ar [-],y_CO2 [-],y_Ar [-],rho_L [kg/m3],rho_V [kg/m3],rho_L_mol_cm3 [mol/cm3],rho_V_mol_cm3 [mol/cm3],M_liq [kg/mol],M_vap [kg/mol]
Dew,19.81242658457978,0.9999498471564007,5.0152843599327035e-05,0.999,0.0010000000000000009,1031.0747651177348,52.0142279715646,0.02342856740971639,0.001181995447484624,0.044009296304225724,0.0440054385
Dew,19.837349552678425,0.9998996465441575,0.00010035345584247235,0.9980010010010011,0.001998998998998913,1031.055768619405,52.068052717586596,0.023428244302559676,0.0011833276923740427,0.044009092414439094,0.044001381065565566
Dew,19.862322626055374,0.9998493475457744,0.00015065245422563045,0.9970020020020021,0.0029979979979979365,1031.0367350225672,52.122009145998575,0.023427920562154127,0.0011846631759464268,0.04400888812505716,0.04399732363113113
Dew,19.887346018542054,0.9997989496964605,0.00020105030353945175,0.996003003003003,0.00399699699699696,1031.01766414121,52.176097741423156,0.023427596185260323,0.0011860019101137091,0.04400868343419218,0.043993266196696704
Dew,19.91241994466625,0.9997484525299682,0.00025154747003175437,0.995004004004004,0.004995995995995983,1030.9985557887335,52.23031899096365,0.0234272711686285,0.0011873439068486116,0.04400847833995047,0.04398920876226226
Dew,19.937544619666586,0.9996978555785735,0.000302144421426509,0.9940050050050051,0.0059949949949948955,1030.9794097779436,52.28467338424304,0.0234269455089984,0.0011886891781855574,0.04400827284043238,0.04398515132782783
Dew,19.962720259485884,0.9996471583730555,0.00035284162694448895,0.9930060060060061,0.006993993993993919,1030.960225921044,52.33916141336939,0.023426619203099176,0.0011900377362199146,0.044008066933732166,0.04398109389339339
Dew,19.987947080792686,0.999596360442677,0.00040363955732303225,0.9920070070070071,0.007992992992992942,1030.9410040296239,52.39378357299985,0.02342629224764915,0.0011913895931094792,0.04400786061793794,0.043977036458958965
Dew,20.013225300978274,0.9995454613151639,0.0004545386848361366,0.991008008008008,0.008991991991991966,1030.9217439146512,52.44854036031863,0.02342596463935569,0.0011927447610740026,0.04400765389113154,0.043972979024524524
Dew,20.03855513817885,0.9994944605166851,0.0005055394833148874,0.990009009009009,0.009990990990990989,1030.9024453864693,52.50343227510355,0.023425636374915168,0.001194103252396734,0.04400744675138852,0.04396892159009009
Dew,20.063936811273145,0.9994433575718329,0.000556642428167109,0.9890100100100101,0.010989989989989901,1030.8831082547786,52.558459819706194,0.023425307451012626,0.0011954650794239986,0.044007239196778,0.043964864155655654
Dew,20.08937053989566,0.999392152003602,0.0006078479963980143,0.9880110110110111,0.011988988988988925,1030.8637323286362,52.61362349908715,0.023424977864321753,0.001196830254566028,0.04400703122536264,0.04396080672122122
Dew,20.114856544440155,0.99934084333337,0.0006591566666299675,0.987012012012012,0.012987987987987948,1030.8443174164431,52.66892382081697,0.02342464761150471,0.001198198790297012,0.04400682283519848,0.043956749286786785
Dew,20.140395046084898,0.9992894310808769,0.0007105689191231335,0.986013013013013,0.013986986986986971,1030.8248633259434,52.72436129515311,0.023424316689212056,0.0011995706991568776,0.044006614024334985,0.04395269185235235
Dew,20.165986266768844,0.9992379147642041,0.0007620852357959063,0.9850140140140141,0.014985985985985883,1030.805369864197,52.77993643494609,0.023423985094082268,0.0012009459937491853,0.04400640479081482,0.04394863441791792
Dew,20.191630429233992,0.9991862938997556,0.000813706100244449,0.9840150150150151,0.015984984984984907,1030.7858368375958,52.83564975577587,0.023423652822742103,0.0012023246867442616,0.044006195132673856,0.04394457698348349
Dew,20.217327757017408,0.9991345680022359,0.0008654319977641212,0.9830160160160161,0.01698398398398393,1030.7662640518386,52.89150177591333,0.02342331987180606,0.001203706790878352,0.04400598504794108,0.043940519549049054
Dew,20.24307847445918,0.9990827365846309,0.0009172634153691295,0.982017017017017,0.017982982982982954,1030.7466513119239,52.947493016337084,0.023422986237876284,0.001205092318954036,0.044005774534638484,0.04393646211461462
Dew,20.268882806713798,0.9990307991581864,0.0009692008418136222,0.981018018018018,0.018981981981981977,1030.7269984221473,53.00362400076212,0.023422651917542565,0.0012064812838409084,0.04400556359078098,0.043932404680180184
Bubble,20.284185345613658,0.999,0.0010000000000000009,0.9804265713187446,0.019573428681255445,1030.7153441368334,53.036921823326,0.02342245366187712,0.0012073052306311818,0.0440054385,0.043930002519411086
Dew,20.294740979765873,0.9989787552323885,0.0010212447676114511,0.9800190190190191,0.01998098098098089,1030.7073051860907,53.05989525568391,0.023422316907382078,0.0012078736984766142,0.044005352214376355,0.04392834724574575
Dew,20.320653220422038,0.9989266043149424,0.0010733956850575987,0.9790200200200201,0.020979979979979912,1030.6875714066084,53.116307310339415,0.02342198120395918,0.0012092695758659936,0.04400514040342514,0.043924289811311315
Dew,20.346619756337677,0.9988743459117515,0.0011256540882484956,0.9780210210210211,0.021978978978978936,1030.667796885827,53.17286069678931,0.023421644803825394,0.0012106689290829833,0.04400492815592058,0.04392023237687688
Dew,20.372640816013604,0.9988219795268977,0.001178020473102337,0.977022022022022,0.02297797797797796,1030.6479814251284,53.22955594989579,0.023421307703519093,0.0012120717712701453,0.0440047154698485,0.043916174942442446
Dew,20.39871662880823,0.9987695046626197,0.0012304953373802885,0.976023023023023,0.023976976976976982,1030.628124825148,53.286393607354405,0.023420969899565505,0.0012134781156394213,0.044004502343187236,0.04391211750800801
Dew,20.42484742495536,0.9987169208192926,0.0012830791807073583,0.9750240240240241,0.024975975975975895,1030.6082268857635,53.343374209745164,0.023420631388476505,0.0012148879754733304,0.04400428877390755,0.04390806007357357
Dew,20.45103343555366,0.9986642274954071,0.0013357725045929358,0.9740250250250251,0.025974974974974918,1030.5882874060812,53.40049830048538,0.02342029216675031,0.0012163013641239258,0.044004074759972596,0.04390400263913914
Dew,20.477274892588756,0.998611424187548,0.0013885758124519976,0.9730260260260261,0.02697397397397394,1030.568306184433,53.45776642589611,0.023419952230871507,0.0012177182950143433,0.044003860299337734,0.04389994520470471
Dew,20.503572028944173,0.9985585103903742,0.0014414896096257568,0.972027027027027,0.027972972972972965,1030.5482830183687,53.515179135229566,0.02341961157731091,0.0012191387816394555,0.0440036453899505,0.04389588777027027
Dew,20.529925078405867,0.9985054855965966,0.0014945144034034241,0.9710280280280281,0.028971971971971877,1030.5282177046408,53.57273698067431,0.023419270202525214,0.0012205628375660247,0.04400343002975057,0.04389183033583583
Dew,20.556334275669563,0.9984523492969577,0.0015476507030423026,0.9700290290290291,0.0299709709709709,1030.5081100392042,53.630440517370644,0.023418928102957082,0.0012219904764330875,0.0440032142166696,0.0438877729014014
Dew,20.582799856346625,0.9983991009802099,0.001600899019790103,0.9690300300300301,0.030969969969969924,1030.487959817194,53.68829030342033,0.023418585275034674,0.0012234217119522085,0.04400299794863113,0.04388371546696697
Dew,20.609322056985636,0.9983457401330943,0.0016542598669057051,0.968031031031031,0.03196896896896895,1030.4677668329311,53.74628689995137,0.02341824171517182,0.0012248565579089901,0.044002781223550565,0.043879658032532534
Dew,20.63590111506921,0.99829226624032,0.0017077337596800302,0.967032032032032,0.03296796796796797,1030.4475308799053,53.80443087109646,0.02341789741976765,0.0012262950281626175,0.044002564039335064,0.04387560059809809
Dew,20.66253726902737,0.9982386787845414,0.0017613212154585778,0.9660330330330331,0.03396696696696688,1030.4272517507675,53.86272278402924,0.023417552385206507,0.0012277371366467159,0.04400234639388342,0.043871543163663665
Dew,20.68923075825305,0.9981849772463381,0.0018150227536618546,0.9650340340340341,0.034965965965965906,1030.4069292373194,53.92116320900779,0.02341720660785773,0.0012291828973703797,0.044002128285086005,0.04386748572922924
Dew,20.71598182309272,0.9981311611041923,0.0018688388958076896,0.9640350350350351,0.03596496496496493,1030.3865631305089,53.979752719332076,0.023416860084075602,0.0012306323244172359,0.044001909710824676,0.0438634282947948
Dew,20.74279070488048,0.9980772298344674,0.0019227701655325502,0.963036036036036,0.03696396396396395,1030.3661532204148,54.038491891451635,0.023416512810199044,0.0012320854319479322,0.04400169066897269,0.043859370860360354
Dew,20.769657645918983,0.9980231829113865,0.001976817088613525,0.9620370370370371,0.037962962962962865,1030.3456992962388,54.09738130488994,0.023416164782551496,0.00123354223419845,0.0440014711573946,0.043855313425925926
Bubble,20.78068452151883,0.9980010010010011,0.001998998998998913,0.9616276481636733,0.0383723518363267,1030.3373045335177,54.12155766731505,0.02341602194254387,0.0012341403010247753,0.044001381065565566,0.04385365069301676
Dew,20.796582889523467,0.9979690198070101,0.002030980192989862,0.9610380380380381,0.03896196196196189,1030.325201146305,54.15642154238603,0.023415815997440925,0.0012350027454833688,0.044001251173946175,0.0438512559914915
Dew,20.823566679990236,0.9979147399912149,0.0020852600087850615,0.9600390390390391,0.03996096096096091,1030.3046585580346,54.215613189776136,0.023415466451159307,0.0012364669801932034,0.04400103071647432,0.043847198557057064
Dew,20.85060926265306,0.9978603429316708,0.0021396570683291927,0.9590400400400401,0.040959959959959935,1030.2840713179567,54.27495683617792,0.023415116139982924,0.0012379349527986395,0.04400080978281699,0.04384314112262262
Dew,20.87771088384634,0.9978058280938197,0.00219417190618032,0.958041041041041,0.04195895895895896,1030.263439211679,54.33445307385405,0.023414765060171757,0.001239406677847459,0.04400058837080305,0.04383908368818819
Dew,20.904871790936667,0.9977511949408527,0.002248805059147263,0.9570420420420421,0.04295795795795787,1030.2427620238884,54.39410249831095,0.023414413207969498,0.0012408821699668305,0.04400036647825228,0.04383502625375375
Dew,20.93209223233998,0.9976964429336882,0.002303557066311801,0.9560430430430431,0.043956956956956894,1030.2220395383442,54.453905708347946,0.023414060579603494,0.001242361443864466,0.044000144102975175,0.043830968819319326
Dew,20.959372457517095,0.9976415715309489,0.0023584284690510993,0.9550440440440441,0.04495595595595592,1030.201271537861,54.51386330603223,0.023413707171284374,0.0012438445143280867,0.04399992124277296,0.043826911384884884
Dew,20.98671271698509,0.9975865801889402,0.0024134198110598026,0.9540450450450451,0.04595495495495494,1030.1804578043054,54.57397589672838,0.02341335297920606,0.0012453313962261332,0.04399969789543739,0.04382285395045045
Dew,21.014113262333062,0.9975314683616272,0.002468531638372795,0.9530460460460461,0.04695395395395385,1030.159598118585,54.63424408914271,0.023412997999545493,0.001246822104508817,0.04399947405875075,0.043818796516016015
Dew,21.04157434622718,0.9974762355006115,0.0025237644993885144,0.9520470470470471,0.047952952952952876,1030.138692260634,54.69466849533112,0.023412642228462413,0.0012483166542083355,0.04399924973048574,0.04381473908158159
Dew,21.069096222419617,0.9974208810551088,0.0025791189448911567,0.9510480480480481,0.0489519519519519,1030.1177400094086,54.75524973072008,0.023412285662099314,0.00124981506043939,0.04399902490840533,0.043810681647147146
Dew,21.09667914576538,0.9973654044719266,0.0026345955280734357,0.9500490490490491,0.04995095095095092,1030.0967411428821,54.815988414154795,0.023411928296581307,0.0012513173384003226,0.04399879959026273,0.04380662421271271
Dew,21.124323372218356,0.99730980519544,0.002690194804560009,0.94905005005005,0.050949949949949946,1030.0756954380197,54.876885167876345,0.023411570128015664,0.0012528235033726339,0.043998573773801286,0.04380256677827828
Dew,21.15202915885544,0.9972540826675695,0.0027459173324304587,0.9480510510510511,0.05194894894894886,1030.0546026707839,54.93794061759448,0.02341121115249197,0.0012543335707226836,0.043998347456754336,0.04379850934384385
Dew,21.179796763876055,0.9971982363277572,0.0028017636722428296,0.9470520520520521,0.05294794794794788,1030.033462616115,54.99915539247696,0.023410851366081706,0.0012558475559014857,0.04399812063684519,0.04379445190940941
Dew,21.20762644662433,0.9971422656129438,0.0028577343870561656,0.9460530530530531,0.053946946946946905,1030.0122750479325,55.060530125215756,0.02341049076483836,0.0012573654744462593,0.043997893311786974,0.04379039447497497
Dew,21.23551846757946,0.9970861699575452,0.0029138300424548236,0.9450540540540541,0.05494594594594593,1029.9910397391081,55.12206545198489,0.023410129344796842,0.0012588873419795065,0.04399766547928258,0.04378633704054054
Dew,21.263473088381694,0.9970299487934279,0.002970051206572122,0.9440550550550552,0.05594494494494484,1029.969756461469,55.183762012519836,0.023409767101973622,0.0012604131742108653,0.04399743713702451,0.04378227960610611
Bubble,21.277369023223653,0.9970020020020021,0.0029979979979979365,0.9435592970762086,0.05644070292379144,1029.9591766544256,55.214439280956256,0.023409587030554256,0.0012611718524885623,0.04399732363113113,0.04378026608507503
Dew,21.291490571840832,0.9969736015498867,0.003026398450113321,0.9430560560560561,0.056943943943943864,1029.9484249857853,55.24562045013728,0.023409404032366486,0.0012619429869376014,0.043997208282694864,0.04377822217167168
Dew,21.3195711819424,0.9969171276536202,0.003082872346379828,0.9420570570570571,0.05794294294294289,1029.9270450817605,55.30764141174693,0.023409040131954356,0.0012634767960449178,0.04399697891396518,0.04377416473723724
Dew,21.34771518385335,0.9968605265287066,0.003139473471293397,0.9410580580580581,0.05894194194194191,1029.9056165180125,55.369825547861765,0.02340867539669694,0.0012650146175062307,0.043996749028496346,0.043770107302802806
Dew,21.375922843945574,0.99680379759658,0.003196202403420001,0.9400590590590591,0.059940940940940934,1029.8841390620782,55.43217351266896,0.023408309822534872,0.0012665564673848301,0.04399651862393851,0.04376604986836838
Dew,21.404194429789335,0.9967469402760057,0.003253059723994256,0.9390600600600602,0.06093993993993985,1029.8626124803875,55.494685963998435,0.023407943405389146,0.001268102361833204,0.043996287697931,0.043761992433933944
Dew,21.432530210177863,0.9966899539830563,0.003310046016943735,0.9380610610610611,0.06193893893893887,1029.8410365382672,55.557363563397374,0.023407576141161297,0.0012696523170947814,0.04399605624810218,0.0437579349994995
Dew,21.460930455132843,0.9966328381310873,0.003367161868912727,0.9370620620620621,0.0629379379379379,1029.8194109999208,55.62020697614006,0.023407208025732977,0.0012712063495041997,0.04399582427206941,0.04375387756506507
Dew,21.489395435909696,0.9965755921307118,0.003424407869288215,0.9360630630630631,0.06393693693693692,1029.7977356284223,55.68321687123641,0.023406839054965843,0.0012727644754875421,0.04399559176743889,0.04374982013063063
Dew,21.517925425010482,0.9965182153897761,0.003481784610223859,0.9350640640640641,0.06493593593593594,1029.776010185702,55.74639392146712,0.023406469224701326,0.0012743267115631841,0.04399535873180558,0.043745762696196205
Dew,21.546520696203032,0.996460707313335,0.0035392926866649743,0.9340650650650651,0.06593493493493485,1029.7542344325414,55.809738803439586,0.023406098530760533,0.001275893074343114,0.04399512516275311,0.043741705261761764
Dew,21.5751815245258,0.9964030673036268,0.0035969326963731785,0.9330660660660661,0.06693393393393388,1029.7324081285606,55.87325219759542,0.023405726968944034,0.0012774635805331478,0.04399489105785368,0.04373764782732733
Dew,21.603908186289324,0.996345294760047,0.0036547052399530378,0.9320670670670671,0.0679329329329329,1029.7105310322042,55.93693478820635,0.023405354535031578,0.0012790382469328794,0.04399465641466794,0.043733590392892895
Dew,21.632700959092396,0.9962873890791247,0.00371261092087527,0.9310680680680681,0.06893193193193192,1029.68860290073,56.0007872634204,0.023404981224781907,0.0012806170904367808,0.043994421230744866,0.04372953295845847
Dew,21.661560121853665,0.9962293496544955,0.0037706503455045004,0.9300690690690692,0.06993093093093083,1029.6666234902095,56.064810315360006,0.023404607033932795,0.0012822001280364899,0.04399418550362173,0.043725475524024025
Dew,21.690485954783213,0.9961711758768765,0.0038288241231234643,0.9290700700700701,0.07092992992992986,1029.6445925554985,56.12900464001684,0.02340423195820047,0.0012837873768184475,0.043993949230823934,0.04372141808958959
Dew,21.719478739432194,0.9961128671340409,0.0038871328659590976,0.9280710710710711,0.07192892892892888,1029.6225098502455,56.19337093741124,0.02340385599327982,0.0012853788539675922,0.0439937124098649,0.043717360655155156
Dew,21.74853875866917,0.9960544228107913,0.003945577189208738,0.9270720720720721,0.0729279279279279,1029.6003751268638,56.2579099115031,0.023403479134843825,0.0012869745767653648,0.043993475038246035,0.043713303220720715
Bubble,21.77410584203845,0.996003003003003,0.00399699699699696,0.9261950629799106,0.07380493702008939,1029.5809002472074,56.31471078817039,0.023403147555443725,0.0012883789558093015,0.043993266196696704,0.04370974124829292
Dew,21.777666296722195,0.9959958422889337,0.004004157711066325,0.9260730730730731,0.07392692692692693,1029.5781881365322,56.32262227032575,0.023403101378543664,0.0012885745625928163,0.043993237113456506,0.04370924578628629
Dew,21.806861639165884,0.9959371249472516,0.0040628750527483826,0.9250740740740742,0.07492592592592584,1029.5559486291752,56.387508725933195,0.023402722720008245,0.0012901788289294482,0.04399299863297327,0.04370518835185186
Dew,21.8361250729488,0.9958782701614795,0.004121729838520549,0.9240750750750751,0.07592492492492486,1029.53365635346,56.45256999448424,0.02340234315484427,0.0012917873933551828,0.043992759594260855,0.043701130917417425
Dew,21.865456886389424,0.9958192773042756,0.004180722695724448,0.9230760760760761,0.07692392392392389,1029.5113110567781,56.517806796220015,0.023401962678635813,0.0012934002735498938,0.043992519994771315,0.04369707348298299
Dew,21.894857369212232,0.9957601457451951,0.004239854254804887,0.9220770770770771,0.07792292292292291,1029.4889124852377,56.58321985557729,0.023401581286944237,0.001295017487296049,0.04399227983194411,0.043693016048548555
Dew,21.924326812520448,0.9957008748506648,0.00429912514933517,0.9210780780780782,0.07892192192192182,1029.4664603836507,56.648809901087546,0.02340119897530794,0.0012966390524764449,0.04399203910320598,0.04368895861411412
Dew,21.953865508855284,0.9956414639839534,0.004358536016046632,0.9200790790790792,0.07992092092092085,1029.443954495523,56.71457766556868,0.023400815739242208,0.0012982649870786438,0.04399179780597083,0.043684901179679686
Dew,21.983473752156204,0.9955819125051464,0.0044180874948536175,0.9190800800800801,0.08091991991991987,1029.4213945630372,56.780523885981964,0.02340043157423884,0.001299895309191747,0.04399155593763966,0.04368084374524525
Dew,22.013151837816864,0.9955222197711167,0.0044777802288833435,0.9180810810810811,0.08191891891891889,1029.3987803270475,56.84664930361233,0.023400046475766142,0.0013015300370105695,0.04399131349560039,0.04367678631081081
Dew,22.04290006267758,0.9954623851354996,0.004537614864500439,0.9170820820820821,0.08291791791791792,1029.3761115270722,56.91295466403439,0.023399660439268766,0.0013031691888349105,0.043991070477227834,0.04367272887637638
Dew,22.072718725028583,0.995402407948661,0.004597592051339028,0.9160830830830832,0.08391691691691683,1029.353387901262,56.97944071711461,0.023399273460167073,0.0013048127830696545,0.04399082687988349,0.04366867144194195
Dew,22.10260812463307,0.9953422875576727,0.0046577124423272664,0.9150840840840841,0.08491591591591585,1029.3306091864079,57.046108217080686,0.023398885533857373,0.001306460838226405,0.043990582700915486,0.04366461400750751
Dew,22.13256856273993,0.9952820233062831,0.004717976693716874,0.9140850850850851,0.08591491491491487,1029.307775117922,57.11295792255585,0.023398496655711528,0.0013081133729243234,0.043990337937658476,0.04366055657307307
Dew,22.162600342097114,0.9952216145348881,0.0047783854651118896,0.9130860860860861,0.0869139139139139,1029.2848854298243,57.179990596595296,0.023398106821076747,0.0013097704058910107,0.04399009258743345,0.043656499138638644
Dew,22.192703766948668,0.995161060580503,0.004838939419496979,0.9120870870870871,0.08791291291291292,1029.2619398547322,57.24720700666754,0.023397716025275347,0.0013114319559621335,0.043989846647547716,0.04365244170420421
Dew,22.22287914306062,0.9951003607767339,0.0048996392232660835,0.9110880880880882,0.08891191191191183,1029.238938123845,57.31460792473338,0.023397324263604517,0.001313098042083281,0.04398960011529471,0.043648384269769774
Dew,22.253126777739695,0.995039514453748,0.004960485546251947,0.9100890890890891,0.08991091091091086,1029.215879966939,57.38219412730021,0.02339693153133624,0.0013147686833112618,0.04398935298795391,0.04364432683533533
Bubble,22.270779286741416,0.995004004004004,0.004995995995995983,0.9095071776015501,0.09049282239844991,1029.2024226013307,57.42164842961878,0.023396702317689092,0.001315743929779582,0.04398920876226226,0.043641963401828694
Dew,22.283446979825378,0.9949785209382452,0.005021479061754763,0.9090900900900901,0.09090990990990988,1029.1927651123444,57.44996639538673,0.023396537823716857,0.0013164438988133456,0.04398910526279068,0.043640269400900905
Dew,22.31384005971457,0.9949173795534271,0.0050826204465729274,0.9080910910910911,0.0919089089089089,1029.1695932869413,57.51792551459764,0.023396143135966965,0.0013181237078690282,0.043988856937056245,0.04363621196646647
Dew,22.344306329371186,0.9948560896189694,0.00514391038103057,0.9070920920920922,0.09290790790790782,1029.1463642161414,57.58607227514728,0.023395747463281158,0.001319808129870624,0.04398860800798744,0.04363215453203204
Dew,22.37484610234537,0.9947946504509904,0.005205349549009641,0.9060930930930932,0.09390690690690684,1029.1230776238795,57.65440747191589,0.02339535080082782,0.0013214971843246092,0.0439883584728067,0.0436280970975976
Dew,22.40545969377954,0.9947330613620216,0.005266938637978447,0.9050940940940941,0.09490590590590586,1029.0997332325996,57.72293190446146,0.023394953143748926,0.0013231908908519453,0.04398810832872186,0.04362403966316316
Dew,22.4361474204137,0.994671321660977,0.005328678339022952,0.9040950950950951,0.09590490490490489,1029.0763307632376,57.79164637702911,0.023394554487159665,0.0013248892691883475,0.04398785757292606,0.04361998222872873
Dew,22.46690960061363,0.994609430653123,0.005390569346876983,0.9030960960960961,0.09690390390390391,1029.0528699352114,57.86055169863743,0.02339415482614831,0.0013265923391863187,0.04398760620259766,0.0436159247942943
Dew,22.49774655438051,0.9945473876400472,0.005452612359952758,0.9020970970970972,0.09790290290290282,1029.029350466413,57.92964868310234,0.023393754155776093,0.0013283001208157506,0.04398735421490005,0.04361186735985986
Dew,22.528658603349854,0.9944851919196277,0.005514808080372302,0.9010980980980982,0.09890190190190185,1029.0057720731838,57.998938149025165,0.02339335247107669,0.0013300126341637035,0.04398710160698157,0.04360780992542543
Dew,22.55964607081566,0.9944228427860018,0.005577157213998207,0.9000990990990991,0.09990090090090087,1028.9821344703087,58.06842091986527,0.023392949767056193,0.001331729899436128,0.04398684837597535,0.043603752490991
Dew,22.59070928175467,0.9943603395295347,0.005639660470465269,0.8991001001001001,0.10089989989989989,1028.9584373710054,58.13809782401317,0.023392546038692896,0.0013334519369595983,0.0439865945189992,0.043599695056556566
Dew,22.62184856281905,0.9942976814367865,0.00570231856321346,0.8981011011011012,0.1018988988988988,1028.934680486901,58.20796969475748,0.023392141280936824,0.0013351787671806064,0.04398634003315551,0.043595637622122124
Dew,22.653064242353512,0.9942348677904828,0.005765132209517243,0.8971021021021022,0.10289789789789783,1028.9108635280254,58.278037370334005,0.023391735488709684,0.0013369104106667475,0.04398608491553105,0.04359158018768769
Dew,22.68435665042034,0.9941718978694803,0.005828102130519652,0.8961031031031031,0.10389689689689685,1028.886986202797,58.34830169400149,0.023391328656904586,0.0013386468881085134,0.0439858291631969,0.043587522753253255
Dew,22.71572611880467,0.9941087709487348,0.005891229051265157,0.8951041041041041,0.10489589589589587,1028.8630482180058,58.41876351405063,0.023390920780385713,0.0013403882203195554,0.04398557277320829,0.04358346531881883
Dew,22.74717298103377,0.9940454862992697,0.005954513700730302,0.8941051051051051,0.1058948948948949,1028.8390492788049,58.48942368386061,0.023390511853988216,0.0013421344282380408,0.04398531574260449,0.043579407884384386
Bubble,22.76728806907096,0.9940050050050051,0.0059949949949948955,0.8934673827320164,0.10653261726798358,1028.8236972713096,58.53463452500909,0.023390250259760045,0.0013432516992701548,0.04398515132782783,0.04357681777496609
Dew,22.778697572377755,0.9939820431881415,0.00601795681185846,0.8931061061061062,0.10689389389389381,1028.8149890886868,58.56028306189311,0.02339010187251775,0.0013438855329265715,0.04398505806840864,0.04357535044994995
Dew,22.810300229877267,0.9939184408784075,0.0060815591215924725,0.8921071071071072,0.10789289289289283,1028.7908673494787,58.63134251177664,0.023389690830750393,0.0013456415555741785,0.04398479974762765,0.043571293015515516
Dew,22.841981292358188,0.993854678629092,0.006145321370907952,0.8911081081081081,0.10889189189189186,1028.7666837613249,58.70260290234748,0.023389278723432362,0.00134740251749732,0.043984540777252064,0.04356723558108109
Dew,22.873741100424766,0.9937907556951531,0.006209244304846928,0.8901091091091091,0.10989089089089088,1028.7424380226662,58.77406510761853,0.023388865545279608,0.0013491684401392273,0.043984281154255865,0.04356317814664665
Dew,22.905579996506297,0.9937266713274479,0.0062733286725521475,0.8891101101101102,0.11088988988988979,1028.718129830236,58.84573000692689,0.023388451290977753,0.0013509393450733482,0.043984020875596434,0.04355912071221222
Dew,22.937498324839556,0.9936624247726986,0.006337575227301384,0.8881111111111112,0.11188888888888882,1028.6937588790363,58.9175984848672,0.023388035955181685,0.0013527152540018818,0.04398375993821432,0.04355506327777778
Dew,22.969496431502595,0.9935980152734586,0.00640198472654141,0.8871121121121122,0.11288788788788784,1028.6693248623264,58.98967143139609,0.023387619532515308,0.0013544961887582327,0.04398349833903315,0.04355100584334334
Dew,23.001574664435882,0.9935334420680769,0.006466557931923078,0.8861131131131131,0.11388688688688686,1028.6448274716158,59.061949741894715,0.023387202017571485,0.0013562821713085118,0.0439832360749595,0.04354694840890891
Dew,23.033733373431296,0.9934687043906627,0.006531295609337295,0.8851141141141141,0.11488588588588589,1028.6202663966328,59.13443431712364,0.02338678340491141,0.0013580732237505582,0.04398297314288268,0.043542890974474474
Dew,23.065972910157143,0.993403801471051,0.006596198528948993,0.8841151151151152,0.1158848848848848,1028.5956413253143,59.20712606329817,0.0233863636890644,0.0013598693683157343,0.043982709539674675,0.043538833540040046
Dew,23.098293628190348,0.9933387325347667,0.006661267465233323,0.8831161161161162,0.11688388388388382,1028.5709519438058,59.28002589218774,0.023385942864528032,0.0013616706273712692,0.04398244526218995,0.04353477610560561
Dew,23.130695883014845,0.993273496802989,0.006726503197010958,0.8821171171171172,0.11788288288288284,1028.5461979364275,59.35313472110212,0.02338552092576738,0.0013634770234200052,0.04398218030726534,0.04353071867117118
Dew,23.163180032031512,0.9932080934925127,0.006791906507487289,0.8811181181181181,0.11888188188188187,1028.5213789856616,59.42645347291643,0.02338509786721486,0.0013652885791010357,0.04398191467171984,0.04352666123673674
Dew,23.195746434590355,0.993142521815715,0.006857478184284949,0.8801191191191192,0.11988088088088078,1028.4964947721435,59.49998307617031,0.023384673683270074,0.0013671053171920476,0.043981648352354526,0.04352260380230231
Dew,23.228395451990327,0.9930767809805172,0.006923219019482785,0.8791201201201202,0.1208798798798798,1028.4715449746445,59.57372446505909,0.02338424836829949,0.0013689272606091831,0.04398138134595238,0.04351854636786787
Dew,23.261127447507445,0.993010870190347,0.00698912980965305,0.8781211211211212,0.12187887887887883,1028.4465292700484,59.64767857951929,0.023383821916636013,0.0013707544324090698,0.04398111364927809,0.04351448893343343
Bubble,23.26354299562446,0.9930060060060061,0.006993993993993919,0.878047497727857,0.12195250227214305,1028.4446830666188,59.653137229949145,0.02338379044321829,0.001370889297274238,0.04398109389339339,0.04351418991202169
Dew,23.293942786399437,0.992944788644102,0.007055211355898039,0.8771221221221221,0.12287787787787785,1028.4214473333438,59.721846365236026,0.02338339432257885,0.0013725868557890532,0.04398084525907802,0.043510431498999004
Dew,23.32684183592785,0.9928785355361108,0.007121464463889171,0.8761231231231231,0.12387687687687687,1028.3962988376013,59.79622877370831,0.023382965580393093,0.0013744245540887683,0.04398057617207991,0.04350637406456457
Dew,23.35982496537212,0.9928121100560969,0.00718788994390307,0.8751241241241242,0.12487587587587579,1028.3710834539645,59.870826762287855,0.023382535684309598,0.0013762675507910935,0.04398030638499285,0.043502316630130135
Dew,23.392892546047776,0.9927455113891371,0.007254488610862864,0.8741251251251252,0.1258748748748748,1028.3458008516225,59.94564129423154,0.023382104628524435,0.0013781158695234262,0.04398003589450698,0.04349825919569569
Dew,23.426044951317003,0.9926787387156266,0.0073212612843733815,0.8731261261261262,0.12687387387387383,1028.3204506978059,60.02067333872825,0.023381672407198847,0.0013799695340583654,0.04397976469729352,0.043494201761261266
Dew,23.459282556609523,0.9926117912112358,0.007388208788764228,0.8721271271271271,0.12787287287287286,1028.2950326577566,60.095923870960355,0.023381239014458693,0.0013818285683151958,0.04397949279000444,0.04349014432682683
Dew,23.49260573943665,0.9925446680468749,0.007455331953125088,0.8711281281281281,0.12887187187187188,1028.2695463947225,60.17139387214227,0.023380804444394374,0.0013836929963608395,0.04397922016927239,0.043486086892392396
Dew,23.526014879410635,0.992477368388652,0.00752263161134803,0.8701291291291292,0.1298708708708708,1028.2439915699354,60.24708432957654,0.02338036869106042,0.0013855628424112182,0.04397894683171052,0.043482029457957955
Dew,23.559510358261917,0.9924098913978316,0.007590108602168355,0.8691301301301302,0.13086986986986981,1028.2183678425906,60.322996236703176,0.023379931748475125,0.0013874381308324533,0.04397867277391229,0.04347797202352353
Dew,23.59309255983871,0.9923422362307969,0.00765776376920313,0.8681311311311312,0.13186886886886884,1028.1926748698281,60.399130593090106,0.02337949361062017,0.0013893188861407212,0.04397839799245139,0.04347391458908909
Dew,23.626761870162785,0.9922744020390085,0.0077255979609914815,0.8671321321321321,0.13286786786786786,1028.1669123067313,60.47548840461033,0.023379054271440717,0.0013912051330063954,0.043978122483881436,0.04346985715465466
Dew,23.660518677403196,0.9922063879689617,0.007793612031038344,0.8661331331331332,0.13386686686686677,1028.1410798062848,60.55207068334657,0.023378613724844496,0.0013930968962519248,0.04397784624473594,0.04346579972022022
Dew,23.69436337191548,0.9921381931621458,0.007861806837854202,0.8651341341341342,0.1348658658658658,1028.1151770193737,60.62887844771318,0.02337817196470192,0.0013949942008547116,0.04397756927152805,0.04346174228578579
Dew,23.728296346258645,0.9920698167550025,0.007930183244997502,0.8641351351351352,0.13586486486486482,1028.0892035947559,60.705912722504756,0.02337772898484547,0.001396897071948301,0.04397729156075045,0.04345768485135136
Bubble,23.759465121231877,0.9920070070070071,0.007992992992992942,0.8632198066674768,0.13678019333252323,1028.0653432445072,60.77669476784421,0.02337732203041778,0.0013986454775345096,0.043977036458958965,0.04345396724477996
Dew,23.762317995213124,0.9920012578788844,0.00799874212111562,0.8631361361361362,0.13686386386386384,1028.0631591790554,60.78317453894719,0.023377284779069724,0.0013988055348236293,0.04397701310887509,0.04345362741691692
Dew,23.796428715789865,0.9919325156600095,0.008067484339990494,0.8621371371371371,0.13786286286286287,1028.0370434167282,60.860664934719985,0.023376839341130586,0.0014007196149296093,0.043976733912353135,0.043449569982482485
Dew,23.830628907253,0.9918635892194217,0.008136410780578252,0.8611381381381382,0.13886186186186178,1028.0108559500552,60.93838495402328,0.02337639266474525,0.0014026393378747505,0.04397645396761469,0.04344551254804805
Dew,23.86491897114047,0.9917944776729453,0.008205522327054737,0.8601391391391392,0.1398608608608608,1027.984596419119,61.01633564763805,0.02337594474359178,0.0014045647294286152,0.04397617327106867,0.04344145511361362
Dew,23.899299311280558,0.991725180131141,0.008274819868859029,0.8591401401401402,0.14085985985985983,1027.9582644617851,61.094518072972896,0.023375495571308722,0.0014064958155229747,0.043975891819102636,0.04343739767917919
Dew,23.933770333808226,0.9916556956992633,0.008344304300736738,0.8581411411411412,0.14185885885885885,1027.9318597136853,61.17293329410998,0.02337504514149487,0.0014084326222529395,0.043975609608082555,0.043433340244744746
Dew,23.968332447179662,0.9915860234772151,0.00841397652278486,0.8571421421421422,0.14285785785785776,1027.9053818081914,61.25158238184541,0.023374593447708713,0.001410375175877968,0.04397532663435271,0.04342928281031031
Dew,24.00298606220161,0.9915161625595018,0.008483837440498188,0.8561431431431432,0.14385685685685679,1027.8788303764018,61.33046641377795,0.02337414048346827,0.0014123235028239832,0.04397504289423542,0.04342522537587588
Dew,24.037731592039297,0.9914461120351874,0.008553887964812601,0.8551441441441442,0.1448558558558558,1027.8522050471227,61.40958647432732,0.023373686242250714,0.001414277629683876,0.043974758384030914,0.04342116794144145
Dew,24.07256945225173,0.9913758709878479,0.008624129012152149,0.8541451451451452,0.14585485485485483,1027.8255054468466,61.488943654843,0.023373230717492005,0.0014162375832200858,0.04397447310001714,0.04341711050700701
Dew,24.107500060782108,0.991305438495525,0.008694561504475007,0.8531461461461461,0.14685385385385386,1027.7987311997235,61.56853905356435,0.023372773902586307,0.0014182033903637618,0.04397418703844958,0.04341305307257257
Dew,24.142523838002425,0.9912348136306799,0.00876518636932011,0.8521471471471472,0.14785285285285277,1027.7718819275547,61.648373775760206,0.02337231579088598,0.0014201750782180588,0.04397390019556101,0.04340899563813814
Dew,24.177641206724402,0.991163995460145,0.008836004539855002,0.8511481481481482,0.1488518518518518,1027.7449572497626,61.728448933756844,0.023371856375700942,0.001422152674058861,0.04397361256756138,0.04340493820370371
Dew,24.212852592222127,0.9910929830450794,0.008907016954920577,0.8501491491491492,0.14985085085085081,1027.7179567833778,61.808765647004776,0.023371395650298506,0.0014241362053364023,0.043973324150637594,0.04340088076926927
Dew,24.248158422238895,0.9910217754409171,0.008978224559082926,0.8491501501501502,0.15084984984984984,1027.6908801430047,61.88932504209336,0.023370933607902693,0.0014261256996756836,0.04397303494095329,0.043396823334834835
Bubble,24.254984255958174,0.991008008008008,0.008991991991991966,0.8489573179371467,0.15104268206285332,1027.68564485818,61.904903092068984,0.023370844269728033,0.0014265104116102485,0.043972979024524524,0.04339604014680172
Dew,24.283559127025683,0.9909503716973208,0.009049628302679191,0.8481511511511511,0.15184884884884886,1027.6637269408172,61.970128252869955,0.023370470241694228,0.0014281211848793012,0.043972744934648665,0.0433927659004004
Dew,24.31905513934401,0.9908787708581316,0.009121229141868414,0.8471521521521522,0.15284784784784777,1027.6364967865206,62.05117642044114,0.02337000554480976,0.0014301226889275578,0.0439724541278403,0.043388708465965965
Dew,24.354646894502096,0.9908069719613233,0.00919302803867672,0.8461531531531532,0.1538468468468468,1027.6091892873478,62.1324706932842,0.023369539510341906,0.0014321302399811155,0.043972162516620915,0.04338465103153153
Dew,24.39033483036811,0.9907349740389477,0.009265025961052276,0.8451541541541542,0.15484584584584582,1027.5818040480256,62.214012227282794,0.023369072131338566,0.0014341438663819015,0.04397187009705919,0.043380593597097096
Dew,24.426119387379988,0.9906627761170871,0.009337223882912915,0.8441551551551552,0.15584484484484484,1027.5543406707488,62.295802185751334,0.02336860340080246,0.0014361635966537562,0.04397157686519955,0.04337653616266266
Dew,24.462001008588878,0.9905903772158029,0.009409622784197103,0.8431561561561562,0.15684384384384376,1027.5267987551738,62.37784173957031,0.023368133311691033,0.0014381894595056372,0.04397128281706199,0.043372478728228234
Dew,24.497980139659102,0.9905177763490853,0.009482223650914667,0.8421571571571572,0.15784284284284278,1027.499177898381,62.460132067178144,0.023367661856915786,0.0014402214838315187,0.043970987948641814,0.0433684212937938
Dew,24.53405722890168,0.9904449725248003,0.009555027475199651,0.8411581581581582,0.1588418418418418,1027.4714776948606,62.54267435467366,0.02336718902934198,0.0014422596987128413,0.04397069225590949,0.043364363859359364
Dew,24.57023272728717,0.9903719647446383,0.009628035255361711,0.8401591591591592,0.15984084084084083,1027.4436977364833,62.62546979585049,0.023366714821788145,0.001444304133419392,0.043970395734810354,0.04336030642492493
Dew,24.60650708847698,0.9902987520040606,0.00970124799593941,0.8391601601601602,0.16083983983983985,1027.4158376124874,62.70851959229227,0.023366239227025833,0.0014463548174115887,0.04397009838126449,0.0433562489904905
Dew,24.64288076884295,0.9902253332922479,0.009774666707752067,0.8381611611611612,0.16183883883883876,1027.3878969094467,62.79182495342903,0.02336576223777903,0.0014484117803418722,0.04396980019116647,0.043352191556056054
Dew,24.679354227473205,0.990151707592044,0.009848292407956039,0.8371621621621622,0.16283783783783778,1027.3598752112457,62.87538709654865,0.02336528384672372,0.0014504750520550553,0.043969501160385095,0.043348134121621626
Dew,24.71592792622439,0.9900778738799035,0.009922126120096464,0.8361631631631632,0.1638368368368368,1027.3317720990638,62.959207246960744,0.023364804046487598,0.0014525446625921995,0.04396920128476323,0.04334407668718719
Bubble,24.75003774540277,0.990009009009009,0.009990990990990989,0.8352339332526358,0.16476606674736416,1027.3055582249642,63.037406171272714,0.02336435648347816,0.0014544754503472374,0.04396892159009009,0.04334030261990558
Dew,24.75260232971445,0.9900038311258383,0.00999616887416166,0.8351641641641642,0.16483583583583583,1027.3035871513484,63.04328663796491,0.0233643228296496,0.0014546206421899707,0.04396890056011759,0.04334001925275276
Dew,24.789377905365146,0.9899295782933576,0.010070421706642407,0.8341651651651653,0.16583483483483474,1027.2753199437861,63.12762651098282,0.023363840188739323,0.0014567030212837798,0.043968598982238476,0.043335961818318315
Dew,24.826255123412096,0.9898551143394166,0.010144885660583358,0.8331661661661662,0.16683383383383377,1027.2469700492811,63.21222811558313,0.023363356116236713,0.0014587918305084507,0.04396829654688954,0.04333190438388389
Dew,24.86323445693425,0.9897804382143586,0.010219561785641429,0.8321671671671672,0.1678328328328328,1027.21853703793,63.29709270957049,0.02336287060457153,0.0014608871007003679,0.04396799324980762,0.04332784694944945
Dew,24.900316381883385,0.9897055488618576,0.010294451138142424,0.8311681681681682,0.1688318318318318,1027.1900204770031,63.3822215590747,0.023362383646123124,0.0014629888628996293,0.043967689086702434,0.04332378951501502
Dew,24.937501377085685,0.9896304452188605,0.010369554781139545,0.8301691691691692,0.16983083083083084,1027.1614199309045,63.46761593854775,0.02336189523321956,0.001465097148350072,0.043967384053256404,0.043319732080580584
Dew,24.97478992430015,0.9895551262155323,0.010444873784467679,0.8291701701701703,0.17082982982982975,1027.1327349611684,63.55327713094805,0.02336140535813771,0.0014672119885036227,0.04396707814512439,0.04331567464614615
Dew,25.012182508198954,0.9894795907751914,0.010520409224808569,0.8281711711711712,0.17182882882882877,1027.1039651264055,63.63920642766776,0.023360914013102148,0.0014693334150187155,0.04396677135793344,0.043311617211711714
Dew,25.04967961643495,0.9894038378142567,0.01059616218574333,0.8271721721721722,0.1728278278278278,1027.0751099823044,63.725405128746736,0.02336042119028527,0.0014714614597653305,0.0439664636872826,0.04330755977727728
Dew,25.08728173962982,0.9893278662421823,0.010672133757817726,0.8261731731731732,0.17382682682682682,1027.0461690815825,63.81187454282571,0.02335992688180634,0.00147359615482401,0.04396615512874263,0.04330350234284284
Dew,25.12498937142653,0.9892516749614029,0.010748325038597129,0.8251741741741743,0.17482582582582573,1027.0171419739795,63.898615987310436,0.02335943107973144,0.0014757375324897487,0.04396584567785574,0.04329944490840841
Dew,25.1628030084953,0.9891752628672665,0.010824737132733464,0.8241751751751752,0.17582482482482475,1026.9880282062124,63.98563078838344,0.02335893377607258,0.001477885625272367,0.04396553533013541,0.04329538747397398
Dew,25.200723150570997,0.9890986288479785,0.0109013711520215,0.8231761761761762,0.17682382382382378,1026.958827321965,64.0729202811189,0.0233584349627876,0.0014800404658992636,0.04396522408106607,0.04329133003953955
Dew,25.238750300465757,0.9890217717845353,0.01097822821546468,0.8221771771771772,0.1778228228228228,1026.9295388618448,64.16048580951609,0.023357934631779285,0.0014822020873162913,0.04396491192610289,0.0432872726051051
Bubble,25.244569464420238,0.9890100100100101,0.010989989989989901,0.8220245521879714,0.17797544781202856,1026.9250564880474,64.17388828207022,0.02335785805802253,0.0014825329345535163,0.043964864155655654,0.043286652718711446
Dew,25.27688496410879,0.9889446905506638,0.011055309449336193,0.8211781781781782,0.17882182182182182,1026.900162363366,64.24832872662203,0.023357432774895125,0.0014843705226906903,0.04396459886067153,0.04328321517067067
Dew,25.315127650563348,0.9888673840127559,0.011132615987244132,0.8201791791791793,0.17982082082082074,1026.8706973609192,64.33645039457929,0.023356929383926774,0.0014865458054123001,0.04396428488016781,0.043279157736236244
Dew,25.3534788720443,0.9887898510298065,0.011210148970193456,0.8191801801801802,0.18081981981981976,1026.8411433857364,64.42485218467556,0.023356424450609353,0.001488727969094809,0.04396396997995756,0.04327510030180181
Dew,25.39193914397122,0.988712090453348,0.011287909546652042,0.8181811811811812,0.18181881881881878,1026.8114999658771,64.51353547751012,0.023355917966621283,0.001490917047579703,0.04396365415537627,0.04327104286736737
Dew,25.43050898496746,0.9886341011273831,0.011365898872616853,0.8171821821821822,0.1828178178178178,1026.7817666261833,64.60250166298258,0.023355409923583387,0.0014931130749361147,0.04396333740172887,0.04326698543293293
Dew,25.46918891689525,0.9885558818883229,0.011444118111677115,0.8161831831831833,0.18381681681681672,1026.7519428882595,64.69175214040024,0.023354900313058598,0.0014953160854634124,0.043963019714289425,0.0432629279984985
Dew,25.50797946489576,0.9884774315649131,0.011522568435086922,0.8151841841841843,0.18481581581581574,1026.7220282704407,64.78128831860136,0.02335438912655133,0.0014975261136941551,0.043962701088300894,0.04325887056406407
Dew,25.546881157398772,0.9883987489781744,0.011601251021825632,0.8141851851851852,0.18581481481481477,1026.6920222877654,64.87111161597893,0.023353876355507015,0.001499743194394755,0.04396238151897486,0.04325481312962963
Dew,25.585894526155858,0.9883198329413285,0.011680167058671476,0.8131861861861862,0.1868138138138138,1026.6619244519375,64.96122346058164,0.02335336199131139,0.0015019673625679168,0.04396206100149121,0.043250755695195195
Dew,25.62502010627288,0.9882406822597326,0.011759317740267394,0.8121871871871872,0.1878128128128128,1026.6317342713096,65.05162529021236,0.02335284602529025,0.0015041986534550305,0.043961739530997905,0.04324669826076077
Dew,25.664258436234036,0.9881612957308069,0.01183870426919309,0.8111881881881883,0.18881181181181173,1026.601451250835,65.1423185524988,0.023352328448708482,0.0015064371025379152,0.04396141710261068,0.04324264082632633
Dew,25.70361005793007,0.9880816721439674,0.01191832785603264,0.8101891891891893,0.18981081081081075,1026.5710748920515,65.23330470497842,0.02335180925276988,0.0015086827455408954,0.04396109371141273,0.04323858339189189
Bubble,25.738528979078122,0.9880110110110111,0.011988988988988925,0.8093051306978796,0.19069486930212043,1026.5441152518922,65.3140678427062,0.023351348435476916,0.0015106760434186223,0.04396080672122122,0.04323499278832944
Dew,25.743075516688265,0.9880018102805519,0.011998189719448105,0.8091901901901902,0.19080980980980977,1026.5406046930405,65.32458521518829,0.023351288428616307,0.0015109356184329935,0.04396076935245447,0.043234525957457456
Dew,25.782655361297785,0.9879217089137491,0.012078291086250914,0.8081911911911912,0.1918088088088088,1026.5100401483987,65.4161615607405,0.023350765967327252,0.0015131957574297896,0.0439604440207532,0.04323046852302302
Dew,25.822350144050816,0.9878413668085299,0.012158633191470147,0.8071921921921922,0.19280780780780782,1026.4793807492122,65.50803522944877,0.023350241859919352,0.0015154631989964657,0.043960117711292844,0.043226411088588594
Dew,25.86216042075611,0.9877607827215659,0.012239217278434134,0.8061931931931933,0.19380680680680673,1026.4486259830087,65.60020771936493,0.023349716097345447,0.0015177379798487676,0.04395979041902365,0.04322235365415416
Dew,25.9020867507737,0.987679955401162,0.012320044598837954,0.8051941941941942,0.19480580580580575,1026.4177753337367,65.69268053888472,0.023349188670494323,0.001520020136955569,0.04395946213886182,0.04321829621971972
Dew,25.942129697060818,0.9875988835871805,0.01240111641281949,0.8041951951951952,0.19580480480480478,1026.3868282817355,65.78545520688992,0.0233486595701901,0.0015223097075422805,0.04395913286568933,0.04321423878528529
Dew,25.9822898261698,0.9875175660109629,0.012482433989037145,0.8031961961961962,0.1968038038038038,1026.355784303684,65.87853325273402,0.023348128787191273,0.001524606729090638,0.04395880259435353,0.043210181350850856
Dew,26.02256770831431,0.9874360013952552,0.012563998604744775,0.8021971971971973,0.1978028028028027,1026.3246428725872,65.97191621645051,0.023347596312190546,0.0015269112393436453,0.043958471319666834,0.04320612391641642
Dew,26.062963917376464,0.9873541884541307,0.012645811545869301,0.8011981981981983,0.19880180180180174,1026.29340345773,66.06560564876872,0.02334706213581394,0.0015292232763060604,0.043958139036406454,0.043202066481981986
Dew,26.103479030946097,0.9872721258929109,0.012727874107089088,0.8001991991991992,0.19980080080080076,1026.2620655246426,66.15960311123408,0.02334652624862018,0.0015315428782473046,0.043957805739314064,0.04319800904754755
Dew,26.14411363035568,0.9871898124080868,0.012810187591913214,0.7992002002002002,0.20079979979979978,1026.230628535072,66.25391017631458,0.023345988641100174,0.0015338700837040514,0.043957471423095446,0.043193951613113124
Dew,26.18486830070733,0.987107246687241,0.012892753312758964,0.7982012012012012,0.2017987987987988,1026.199091946942,66.34852842748116,0.023345449303676304,0.0015362049314822138,0.04395713608242023,0.04318989417867868
Dew,26.225743630898634,0.9870244274089631,0.012975572591036877,0.7972022022022023,0.20279779779779772,1026.1674552143143,66.4434594592844,0.02334490822670168,0.0015385474606588443,0.043956799711921506,0.04318583674424425
Bubble,26.23187084272505,0.987012012012012,0.012987987987987948,0.7970527068365242,0.20294729316347582,1026.1627122763011,66.4576924356749,0.023344827106784292,0.0015388986720511282,0.043956749286786785,0.04318522956881655
Dew,26.266740213684855,0.9869413532427727,0.013058646757227343,0.7962032032032033,0.20379679679679674,1026.1357177873633,66.53870487754968,0.023344365400459734,0.0015408977105867835,0.04395646230619553,0.04318177930980981
Dew,26.307858645661753,0.9868580228490326,0.013141977150967432,0.7952042042042042,0.20479579579579577,1026.1038791123237,66.63426629931374,0.023343820815163223,0.0015432557208933208,0.043956123859801355,0.04317772187537538
Dew,26.349099527350997,0.9867744348788682,0.013225565121131821,0.7942052052052052,0.2057947947947948,1026.0719386314645,66.73014535309535,0.02334327446095379,0.0015456215314865918,0.043955784367260525,0.043173664440940944
Dew,26.390463463201396,0.9866905879740847,0.01330941202591529,0.7932062062062063,0.2067937937937937,1026.0398957830553,66.82634367889199,0.023342726327901346,0.001547995182555633,0.043955443823056745,0.04316960700650651
Dew,26.431951061634336,0.986606480767077,0.013393519232922979,0.7922072072072073,0.20779279279279272,1026.007750001313,66.92286292832014,0.023342176406003074,0.001550376714573766,0.043955102221635484,0.043165549572072075
Dew,26.473562935069964,0.9865221118807481,0.01347788811925188,0.7912082082082083,0.20879179179179175,1025.975500716376,67.01970476469329,0.023341624685182985,0.0015527661683005355,0.04395475955740366,0.04316149213763764
Dew,26.51529969998372,0.9864374799284206,0.013562520071579431,0.7902092092092092,0.20979079079079077,1025.9431473542666,67.11687086319846,0.023341071155291264,0.001555163584785936,0.04395441582472928,0.043157434703203205
Dew,26.557161976904922,0.9863525835137472,0.013647416486252784,0.7892102102102102,0.2107897897897898,1025.9106893368353,67.21436291088409,0.02334051580610317,0.0015575690053702676,0.04395407101794109,0.04315337726876877
Dew,26.599150390483107,0.9862674212306254,0.013732578769374615,0.7882112112112113,0.2117887887887887,1025.878126081742,67.31218260686887,0.023339958627318788,0.0015599824716891115,0.04395372513132819,0.043149319834334336
Dew,26.641265569522403,0.9861819916631043,0.013818008336895726,0.7872122122122123,0.21278778778778773,1025.8454570024078,67.41033166244581,0.023339399608562118,0.0015624040256758804,0.043953378159139696,0.04314526239989991
Dew,26.683508146991638,0.9860962933852947,0.013903706614705302,0.7862132132132132,0.21378678678678675,1025.8126815079652,67.50881180110802,0.02333883873938012,0.0015648337095625596,0.043953030095584385,0.04314120496546546
Bubble,26.724553999968023,0.986013013013013,0.013986986986986971,0.78524540317048,0.21475459682952003,1025.7808272175944,67.60453475303748,0.02333829360584873,0.0015671953316243078,0.04395269185235235,0.04313727420497691
Dew,26.725878760097196,0.9860103249612772,0.013989675038722837,0.7852142142142142,0.21478578578578578,1025.7797990032336,67.60762475877837,0.023338276009242386,0.0015672715658851645,0.043952680934830235,0.04313714753103103
Dew,26.76837805028952,0.9859240849450097,0.014075915054990285,0.7842152152152152,0.2157847847847848,1025.7468088886646,67.70677228382323,0.023337711407540013,0.0015697176374842108,0.04395233067100416,0.0431330900965966
Dew,26.811006663315197,0.9858375718802332,0.014162428119766757,0.7832162162162163,0.2167837837837837,1025.713710560306,67.80625613721459,0.023337144923585042,0.0015721719675086097,0.043951979298191564,0.04312903266216217
Dew,26.853765249260885,0.9857507843003765,0.014249215699623452,0.7822172172172173,0.21778278278278274,1025.680503409763,67.90607809266562,0.023336576546609714,0.00157463459941896,0.04395162681043598,0.04312497522772773
Dew,26.896654462560996,0.9856637207284599,0.014336279271540131,0.7812182182182182,0.21878178178178176,1025.6471868241374,68.0062399366485,0.023336006265765347,0.0015771055769881054,0.04395127320173864,0.0431209177932933
Dew,26.939674962081398,0.9855763796769977,0.014423620323002262,0.7802192192192192,0.21978078078078078,1025.613760186011,68.10674346865906,0.02333543407012209,0.0015795849443074243,0.04395091846605813,0.04311686035885886
Dew,26.98282741112179,0.9854887596479037,0.014511240352096277,0.7792202202202203,0.2207797797797797,1025.5802228733805,68.20759050121757,0.023334859948667686,0.0015820727457869907,0.04395056259730997,0.04311280292442443
Dew,27.026112477480112,0.9854008591323836,0.014599140867616378,0.7782212212212213,0.22177877877877872,1025.546574259623,68.30878286007065,0.023334283890306888,0.0015845690261604157,0.04395020558936618,0.04310874548998999
Dew,27.06953083347161,0.9853126766108453,0.014687323389154683,0.7772222222222223,0.22277777777777774,1025.5128137134495,68.41032238424619,0.023333705883860568,0.0015870738304862668,0.04394984743605495,0.043104688055555555
Dew,27.113083155975005,0.9852242105527872,0.014775789447212806,0.7762232232232232,0.22377677677677676,1025.478940598852,68.51221092619623,0.023333125918064745,0.001589587204151541,0.043949488131160154,0.04310063062112113
Dew,27.156770126490365,0.9851354594167018,0.014864540583298225,0.7752242242242242,0.2247757757757758,1025.4449542750706,68.61445035197774,0.023332543981570097,0.0015921091928760122,0.043949127668420934,0.04309657318668669
Dew,27.20059243115479,0.9850464216499704,0.01495357835002964,0.7742252252252253,0.2257747747747747,1025.4108540965372,68.71704254129668,0.023331960062940773,0.0015946398427134102,0.043948766041531355,0.04309251575225225
Bubble,27.21654127845992,0.9850140140140141,0.014985985985985883,0.7738624127660714,0.22613758723392863,1025.3984414080978,68.75438926341792,0.023331747504537734,0.0015955610672199532,0.04394863441791792,0.043091042189449404
Dew,27.244550760804593,0.9849570956887553,0.015042904311244665,0.7732262262262263,0.22677377377377372,1025.3766394128324,68.81998938770273,0.023331374150653745,0.0015971792000560967,0.043948403244139886,0.04308845831781782
Dew,27.288645810998826,0.9848674799578965,0.015132520042103526,0.7722272272272273,0.22777277277277275,1025.3423095686323,68.92329279865879,0.023330786233097752,0.0015997273116368396,0.043948039269849,0.04308440088338339
Dew,27.332878282088757,0.9847775728708033,0.015222427129196747,0.7712282282282282,0.22877177177177177,1025.3078639036723,69.02695469575947,0.0233301962985727,0.0016022842245340444,0.04394767411221477,0.043080343448948955
Dew,27.377248879221835,0.9846873728293436,0.015312627170656401,0.7702292292292293,0.22977077077077068,1025.2733017526791,69.13097701473724,0.02332960433528836,0.001604849986172058,0.04394730776474638,0.04307628601451451
Dew,27.421758312431415,0.9845968782237383,0.015403121776261686,0.7692302302302303,0.2307697697697697,1025.2386224453476,69.2353617057465,0.023329010331364048,0.0016074246443279294,0.043946940220905714,0.04307222858008008
Dew,27.466407296632838,0.9845060874324457,0.01549391256755428,0.7682312312312313,0.23176876876876873,1025.2038253062606,69.34011073334409,0.023328414274827014,0.0016100082471311216,0.04394657147410688,0.043068171145645644
Dew,27.511196551715827,0.9844149988220483,0.015585001177951696,0.7672322322322322,0.23276776776776775,1025.1689096548648,69.4452260767824,0.023327816153612162,0.0016126008430704841,0.04394620151771575,0.043064113711211216
Dew,27.556126802544007,0.9843236107471446,0.015676389252855416,0.7662332332332332,0.23376676676676678,1025.1338748054,69.55070973000086,0.02332721595556063,0.0016152024809942265,0.04394583034504953,0.043060056276776774
Dew,27.601198779034917,0.9842319215502272,0.015768078449772793,0.7652342342342343,0.2347657657657657,1025.0987200668635,69.65656370187888,0.02332661366841925,0.0016178132101159588,0.04394545794937625,0.04305599884234235
Dew,27.646413216189366,0.9841399295615701,0.015860070438429852,0.7642352352352353,0.2357647647647647,1025.063444742942,69.76279001632425,0.02332600927983921,0.0016204330800169214,0.04394508432391432,0.043051941407907905
Dew,27.69177085414392,0.9840476330991095,0.015952366900890524,0.7632362362362363,0.23676376376376373,1025.028048131972,69.86939071243683,0.0233254027773754,0.0016230621406499567,0.043944709461832036,0.04304788397347348
Bubble,27.707798952685874,0.9840150150150151,0.015984984984984907,0.7628839737647253,0.23711602623527472,1025.0155376669675,69.90706944735088,0.023325188408394926,0.001623991389627706,0.04394457698348349,0.04304645325944543
Dew,27.737272438216053,0.9839550304683244,0.016044969531675557,0.7622372372372372,0.23776276276276276,1024.9925295268788,69.97636784464824,0.02332479414848528,0.0016257004423429328,0.0439443333562471,0.04304382653903904
Dew,27.782918718943126,0.983862119962116,0.016137880037883967,0.7612382382382383,0.23876176176176167,1024.956888215119,70.08372348284185,0.02332418338052779,0.0016283480358017057,0.04394395600022614,0.04303976910460461
Dew,27.828710452148396,0.9837688998606864,0.016231100139313615,0.7602392392392393,0.2397607607607607,1024.921123478637,70.19145971255993,0.023323570460762645,0.0016310049721151127,0.04394357738678418,0.043035711670170174
Dew,27.874648398974877,0.983675368431412,0.01632463156858799,0.7592402402402403,0.24075975975975972,1024.8852345937967,70.29957863510741,0.023322955376349007,0.0016336713027575627,0.04394319750888418,0.043031654235735746
Dew,27.920733325941267,0.9835815239287222,0.016418476071277777,0.7582412412412413,0.24175875875875874,1024.8492208313337,70.40808236772631,0.023322338114344653,0.0016363470795932745,0.043942816359436504,0.043027596801301304
Dew,27.966966004990393,0.9834873645939713,0.016512635406028653,0.7572422422422422,0.24275775775775776,1024.8130814562955,70.51697304374653,0.02332171866170487,0.0016390323548799615,0.043942433931298416,0.04302353936686687
Dew,28.01334721353619,0.9833928886553079,0.01660711134469206,0.7562432432432433,0.24375675675675668,1024.776815727979,70.62625281273189,0.023321097005281313,0.001641727181272415,0.04394205021727354,0.043019481932432435
Dew,28.05987773452355,0.9832980943275497,0.016701905672450335,0.7552442442442443,0.2447557557557557,1024.7404228998826,70.73592384066758,0.023320473131821166,0.001644431611827049,0.04394166521011134,0.043015424497998
Dew,28.10655835646568,0.983202979812048,0.01679702018795204,0.7542452452452453,0.24575475475475472,1024.7039022196343,70.84598831007507,0.023319847027965766,0.0016471457000047597,0.04394127890250664,0.043011367063563566
Dew,28.153389873506466,0.9831075432965587,0.016892456703441305,0.7532462462462463,0.24675375375375375,1024.6672529289408,70.95644842020806,0.023319218680249727,0.0016498694996756737,0.04394089128709897,0.04300730962912913
Bubble,28.198296367364275,0.9830160160160161,0.01698398398398393,0.7522913362176311,0.2477086637823689,1024.6321001369615,71.06240548441272,0.023318615952940783,0.0016524822182533113,0.043940519549049054,0.04300343126204791
Dew,28.200373085480095,0.9830117829551058,0.01698821704489417,0.7522472472472473,0.24775275275275266,1024.6304742635277,71.0673063872394,0.023318588075099834,0.0016526030651236874,0.04394050235647216,0.0430032521946947
Dew,28.24750879794326,0.982915696947845,0.017084303052155025,0.7512482482482483,0.24875175175175168,1024.5935654530688,71.17856444435937,0.023317955198833718,0.0016553464510489484,0.04394011210315368,0.04299919476026026
Dew,28.294797822243257,0.9828192834209272,0.01718071657907283,0.7502492492492493,0.2497507507507507,1024.55652572113,71.29022484199037,0.023317320037658906,0.001658099712573044,0.043939720519614096,0.04299513732582583
Dew,28.342240975577276,0.9827225405063584,0.017277459493641567,0.7492502502502503,0.25074974974974973,1024.5193542851082,71.40228984797275,0.02331668257767162,0.001660862905243524,0.04393932759826658,0.04299107989139139
Dew,28.389839081024654,0.9826254663218615,0.01737453367813846,0.7482512512512512,0.25174874874874875,1024.4820503561632,71.51476174766381,0.023316042804855594,0.001663636085036403,0.04393893333146624,0.04298702245695696
Dew,28.437592967641923,0.9825280589707277,0.017471941029272298,0.7472522522522523,0.25274774774774766,1024.4446131391576,71.62764284423925,0.02331540070508096,0.001666419308363378,0.043938537711509615,0.042982965022522523
Dew,28.485503470474054,0.982430316541677,0.017569683458322993,0.7462532532532533,0.2537467467467467,1024.4070418325837,71.74093545872428,0.02331475626410288,0.0016692126320727563,0.043938140730634026,0.04297890758808809
Dew,28.533571430641686,0.9823322371087118,0.01766776289128824,0.7452542542542543,0.2547457457457457,1024.369335628505,71.85464193027018,0.023314109467560535,0.0016720161134560977,0.04393774238101704,0.04297485015365366
Dew,28.58179769538957,0.9822338187309645,0.017766181269035508,0.7442552552552553,0.25574474474474473,1024.3314937124846,71.96876461630549,0.023313460300975752,0.0016748298102519429,0.04393734265477582,0.04297079271921922
Dew,28.63018311815369,0.9821350594525537,0.01786494054744625,0.7432562562562562,0.25674374374374376,1024.2935152635246,72.0833058927478,0.02331280874975198,0.0016776537806509509,0.043936941543966546,0.042966735284784785
Dew,28.67872855859648,0.9820359573024265,0.017964042697573457,0.7422572572572573,0.25774274274274267,1024.2553994539815,72.1982681541125,0.02331215479917263,0.001680488083298647,0.04393653904058381,0.04296267785035035
Bubble,28.688005610639635,0.982017017017017,0.017982982982982954,0.7420667238759348,0.25793327612406525,1024.248114142839,72.22024230216559,0.023312029800463673,0.001681029832937792,0.04393646211461462,0.042961903999022104
Dew,28.72743488269146,0.981936510294211,0.01806348970578897,0.7412582582582583,0.2587417417417417,1024.2171454495137,72.31365381378104,0.023311498434400228,0.0016833327773018811,0.04393613513655994,0.04295862041591592
Dew,28.776302962779106,0.9818367164260552,0.01816328357394481,0.7402592592592593,0.2597407407407407,1024.1787524090016,72.42946530417653,0.023310839640474867,0.0016861879222331334,0.043935729823764424,0.04295456298148149
Dew,28.82533367761186,0.9817365736804715,0.018263426319528486,0.7392602602602603,0.26073973973973974,1024.1402194844766,72.54570507690447,0.023310178402312972,0.00168905357813401,0.043935323094003234,0.042950505547047046
Dew,28.874527912446016,0.9816360800241803,0.018363919975819654,0.7382612612612613,0.26173873873873865,1024.1015458210545,72.6623756030444,0.023309514704706054,0.001691929805522258,0.04393491493901821,0.04294644811261261
Dew,28.923886559056555,0.9815352334079444,0.018464766592055648,0.7372622622622623,0.2627377377377377,1024.0627305568491,72.77947937319374,0.023308848532319085,0.001694816665393008,0.04393450535048637,0.04294239067817818
Dew,28.9734105158697,0.9814340317664065,0.018565968233593466,0.7362632632632633,0.2637367367367367,1024.0237728229195,72.8970188978907,0.023308179869689652,0.0016977142192288524,0.04393409432001926,0.04293833324374375
Dew,29.023100687950823,0.9813324730179263,0.018667526982073746,0.7352642642642643,0.2647357357357357,1023.9846717431675,73.01499670757123,0.023307508701225936,0.0017006225289990706,0.04393368183916231,0.042934275809309315
Dew,29.072957987134647,0.9812305550644091,0.01876944493559085,0.7342652652652653,0.26573473473473475,1023.9454264342866,73.13341535298466,0.0233068350112059,0.001703541657169542,0.0439332678993941,0.04293021837487487
Dew,29.122983332044917,0.9811282757911394,0.01887172420886063,0.7332662662662663,0.26673373373373366,1023.906036005669,73.25227740525348,0.023306158783775496,0.0017064716667043712,0.04393285249212572,0.04292616094044044
Dew,29.173177648189604,0.9810256330666073,0.018974366933392717,0.7322672672672673,0.2677327327327327,1023.8664995593331,73.37158545617605,0.023305480002947403,0.0017094126210731796,0.043932435608700034,0.04292210350600601
Bubble,29.17690122910625,0.981018018018018,0.018981981981981977,0.7321932929200067,0.2678067070799933,1023.8635660679124,73.38043791768851,0.023305429637222243,0.001709630832993842,0.043932404680180184,0.04292180305919461
Dew,29.22354186801227,0.9809226247423344,0.01907737525766562,0.7312682682682683,0.2687317317317317,1023.826816189843,73.49134211838873,0.023304798652599525,0.0017123645842551196,0.04393201724039099,0.042918046071571576
Dew,29.27407693096233,0.980819248652698,0.019180751347302016,0.7302692692692693,0.26973073073073073,1023.7869849842253,73.61155002558874,0.02330411471647343,0.0017153276207443086,0.04393159737840294,0.042913988637137135
Dew,29.324783783580276,0.9807155026147539,0.01928449738524607,0.7292702702702704,0.27072972972972964,1023.7470050218997,73.73221183280515,0.02330342817817317,0.0017183017955563883,0.04393117601386983,0.04290993120270271
Dew,29.375663379537894,0.9806113844280534,0.0193886155719466,0.7282712712712713,0.27172872872872866,1023.7068753745762,73.85333021652526,0.023302739021163324,0.0017212871742317178,0.04393075313785454,0.042905873768268266
Dew,29.426716679739325,0.9805068918744604,0.019493108125539615,0.7272722722722723,0.2727277277277277,1023.6665951061905,73.97490787501735,0.023302047228767823,0.0017242838228431418,0.04393032874134812,0.04290181633383384
Dew,29.477944652366986,0.9804020227179677,0.019597977282032275,0.7262732732732733,0.2737267267267267,1023.6261632728073,74.09694752847516,0.023301352784168193,0.001727291807999615,0.04392990281526903,0.042897758899399396
Dew,29.52934827298234,0.9802967747045076,0.0197032252954924,0.7252742742742743,0.27472572572572573,1023.5855789225435,74.2194519193397,0.023300655670402175,0.0017303111968539533,0.04392947535046236,0.04289370146496497
Dew,29.580928524566964,0.9801911455617627,0.019808854438237322,0.7242752752752754,0.27572472472472465,1023.5448410954735,74.34242381242903,0.023299955870361936,0.0017333420571061203,0.0439290463376991,0.042889644030530534
Dew,29.63268639761634,0.9800851329989726,0.019914867001027403,0.7232762762762763,0.27672372372372367,1023.5039488235424,74.46586599523745,0.023299253366792474,0.0017363844570104615,0.04392861576767533,0.0428855865960961
Bubble,29.664959984466613,0.9800190190190191,0.01998098098098089,0.7226550890845562,0.2773449109154438,1023.4784432489971,74.54286203845746,0.023298815171065104,0.0017382821026206286,0.04392834724574575,0.042883063644316925
Dew,29.68462289022328,0.9799787347067362,0.020021265293263757,0.7222772772772773,0.2777227227227227,1023.4629011304825,74.58978127820195,0.02329854814229017,0.0017394384653821801,0.04392818363101141,0.04288152916166166
Dew,29.73673900812757,0.9798719483568186,0.020128051643181433,0.7212782782782783,0.2787217217217217,1023.4216970317146,74.71417249485965,0.02329784017930089,0.001742504151601273,0.04392774991825122,0.04287747172722723
Dew,29.789035764809544,0.9797647716019485,0.020235228398051475,0.7202792792792793,0.27972072072072074,1023.3803355342617,74.83904250214714,0.02329712946011842,0.0017455815856197835,0.04392731461986132,0.042873414292792796
Dew,29.841514181583765,0.9796572020756141,0.02034279792438587,0.7192802802802803,0.28071971971971965,1023.3388156366601,74.96439418069984,0.023296415966882904,0.001748670837969052,0.04392687772623011,0.04286935685835836
Dew,29.894175287632436,0.9795492373918573,0.020450762608142714,0.7182812812812813,0.2817187187187187,1023.2971363288484,75.09023043495814,0.02329569968157869,0.0017517719797624667,0.04392643922766703,0.042865299423923926
Dew,29.94702012013608,0.9794408751450684,0.02055912485493161,0.7172822822822823,0.2827177177177177,1023.2552965920925,75.21655419358635,0.02329498058603305,0.0017548850827055148,0.0439259991144017,0.04286124198948949
Dew,30.000049724328385,0.9793321129097712,0.02066788709022882,0.7162832832832833,0.2837167167167167,1023.2132953988777,75.34336840964758,0.023294258661914174,0.0017580102191001425,0.043925557376583046,0.04285718455505506
Dew,30.053265153573903,0.9792229482404121,0.020777051759587883,0.7152842842842844,0.28471571571571563,1023.1711317128099,75.47067606085298,0.02329353389072935,0.0017611474618508532,0.04392511400427843,0.04285312712062063
Dew,30.106667469459033,0.9791133786711386,0.020886621328861432,0.7142852852852853,0.28571471471471466,1023.128804488517,75.59848014985317,0.023292806253823108,0.0017642968844717964,0.043924668987472826,0.04284906968618618
Bubble,30.152160611291137,0.9790200200200201,0.020979979979979912,0.7134370042458789,0.28656299575412114,1023.0927338702621,75.70739476097879,0.02329218612902415,0.001766980778877361,0.043924289811311315,0.04284562439274464
Dew,30.160257741892803,0.9790034017155856,0.02099659828441436,0.7132862862862863,0.2867137137137137,1023.086312671557,75.72678370456191,0.02329207573237565,0.0017674585610946059,0.04392422231606786,0.04284501225175175
Dew,30.21403704915556,0.9788930148666489,0.021106985133351075,0.7122872872872873,0.2877127127127127,1023.0436551982995,75.85558977831208,0.023291342307400553,0.0017706325664723387,0.0439237739798809,0.042840954817317325
Dew,30.26800647801357,0.9787822155962612,0.021217784403738782,0.7112882882882883,0.2887117117117117,1023.0008309958349,75.98490145022387,0.023290605959743166,0.0017738189759883623,0.04392332396864422,0.042836897382882884
Dew,30.32216712380285,0.9786710013551622,0.021328998644837838,0.7102892892892894,0.28971071071071064,1022.9578389818678,76.11472182547442,0.02328986667007865,0.0017770178656629457,0.043922872272004,0.04283283994844845
Dew,30.37652009050053,0.9785593695726645,0.02144063042733546,0.7092902902902903,0.29070970970970966,1022.914678064597,76.24505403552723,0.023289124418909738,0.001780229312158922,0.043922418879519386,0.042828782514014015
Dew,30.431066490843335,0.978447317656427,0.021552682343572993,0.7082912912912913,0.2917087087087087,1022.8713471426324,76.37590123851369,0.023288379186565265,0.0017834533927908987,0.04392196378066158,0.04282472507957958
Dew,30.48580744639452,0.9783348429922074,0.02166515700779259,0.7072922922922923,0.2927077077077077,1022.8278451048633,76.50726661944857,0.023287630953197684,0.0017866901855306005,0.04392150696481285,0.04282066764514515
Dew,30.540744087638405,0.9782219429436264,0.02177805705637359,0.7062932932932934,0.2937067067067066,1022.7841708303537,76.639153390535,0.02328687969878118,0.0017899397690143036,0.04392104842126554,0.04281661021071071
Dew,30.595877554087217,0.9781086148519209,0.02189138514807909,0.7052942942942944,0.29470570570570565,1022.7403231882345,76.77156479150881,0.023286125403109696,0.0017932022225511917,0.04392058813922108,0.042812552776276276
Bubble,30.638483655343435,0.9780210210210211,0.021978978978978936,0.7045247332456261,0.29547526675437386,1022.7064268949308,76.87392561674085,0.023285542255768326,0.0017957242279901253,0.04392023237687688,0.04280942720407711
Dew,30.651208994361383,0.9779948560356977,0.02200514396430231,0.7042952952952953,0.29570470470470467,1022.6963010375841,76.9045040898981,0.02328536804579472,0.0017964776261297404,0.04392012610778899,0.04280849534184185
Dew,30.706739566291162,0.9778806637906784,0.022119336209321605,0.7032962962962963,0.2967037037037037,1022.6521032273124,77.03797458135124,0.023284607606263136,0.0017997660604257024,0.04391966231598585,0.042804437907407414
Dew,30.762470437013963,0.977766035389451,0.02223396461054905,0.7022972972972973,0.2977027027027027,1022.6077285960469,77.17197958995177,0.023283844063755173,0.0018030676068097884,0.04391919675273425,0.04280038047297297
Dew,30.81840278307753,0.9776509680812058,0.022349031918794227,0.7012982982982984,0.2987017017017016,1022.5631759720128,77.3065224685517,0.023283077397322167,0.001806382347355785,0.04391872940686182,0.04279632303853854
Dew,30.8745377905279,0.9775354590914764,0.022464540908523567,0.7002992992992993,0.29970070070070065,1022.5184441729095,77.44160659905695,0.02328230758582431,0.0018097103648475601,0.04391826026710004,0.04279226560410411
Dew,30.930876655010437,0.97741950562187,0.022580494378130034,0.6993003003003003,0.3006996996996997,1022.4735320057829,77.57723539275442,0.02328153460792826,0.0018130517427870434,0.04391778932208323,0.042788208169669675
Dew,30.98742058189172,0.9773031048498073,0.022696895150192686,0.6983013013013013,0.3016986986986987,1022.4284382669183,77.71341229070657,0.02328075844210524,0.0018164065654037876,0.043917316560347495,0.042784150735235234
Dew,31.044170786337617,0.9771862539282428,0.022813746071757235,0.6973023023023024,0.3026976976976976,1022.3831617416972,77.8501407640056,0.02327997906662834,0.0018197749176612555,0.043916841970329565,0.0427800933008008
Dew,31.10112849343528,0.9770689499853819,0.02293105001461815,0.6963033033033034,0.30369669669669663,1022.3377012044731,77.987424314169,0.023279196459570266,0.001823156885266416,0.043916365540365626,0.04277603586636637
Bubble,31.123911282444993,0.977022022022022,0.02297797797797796,0.6959047315065248,0.30409526849347523,1022.3195119814419,78.04235257916228,0.02327888331170275,0.0018245100209523606,0.043916174942442446,0.04277441706701376
Dew,31.158294938289114,0.976951190124416,0.023048809875583998,0.6953043043043043,0.30469569569569566,1022.2920554184476,78.12526647345145,0.023278410598801026,0.0018265525546773886,0.04391588725869031,0.04277197843193194
Dew,31.21567136613144,0.9768329714232256,0.02316702857677444,0.6943053053053053,0.3056946946946947,1022.2462231355311,78.2636708052048,0.0232776214619854,0.0018299620131122176,0.04391540711343544,0.042767920997497495
Dew,31.273259032436982,0.9767142909340951,0.02328570906590488,0.6933063063063063,0.3066936936936937,1022.2002030962157,78.40264090425013,0.0232768290265806,0.00183338534855793,0.04391492509262883,0.04276386356306306
Dew,31.331059203034634,0.9765951456834209,0.023404854316579127,0.6923073073073074,0.3076926926926926,1022.1539940294371,78.54218039724167,0.02327603326983371,0.001836822649779414,0.04391444118419322,0.04275980612862863
Dew,31.389073154210774,0.9764755326714131,0.02352446732858693,0.6913083083083084,0.30869169169169164,1022.1075946524343,78.68229294300383,0.023275234168779094,0.0018402740063276706,0.043913955375944946,0.0427557486941942
Dew,31.447302172808755,0.9763554488717983,0.02364455112820174,0.6903093093093093,0.30969069069069066,1022.061003670609,78.82298223285643,0.023274431700235805,0.0018437395085477931,0.043913467655592814,0.04275169125975976
Dew,31.505747556392908,0.9762348912315061,0.023765108768493914,0.6893103103103103,0.3106896896896897,1022.0142197773936,78.96425199114692,0.0232736258408052,0.001847219247591793,0.043912978010736764,0.04274763382532532
Dew,31.564410613314138,0.9761138566703683,0.02388614332963168,0.6883113113113114,0.3116886886886886,1021.9672416540983,79.10610597546783,0.023272816566868068,0.0018507133154240733,0.04391248642886671,0.042743576390890894
Bubble,31.608427131149742,0.976023023023023,0.023976976976976982,0.6875641738306625,0.3124358261693375,1021.9319794198796,79.21258126756338,0.02327220907152827,0.0018533359138894194,0.04391211750800801,0.04274054189201324
Dew,31.62329266285139,0.9759923420807994,0.024007657919200565,0.6873123123123124,0.3126876876876876,1021.9200679697631,79.24854797711733,0.02327200385458192,0.0018542218048325882,0.043911992897361175,0.04273951895645647
Dew,31.682395035332522,0.9758703443274808,0.024129655672519235,0.6863133133133134,0.31368668668668664,1021.8726973810216,79.39158182149454,0.0232711876798785,0.0018577448094384858,0.043911497403486065,0.04273546152202202
Dew,31.74171907224979,0.975747860247032,0.024252139752968027,0.6853143143143143,0.31468568568568567,1021.8251285319357,79.53521136847806,0.023270368018460684,0.0018612824237053576,0.043910999934393326,0.04273140408758759
Dew,31.80126612638238,0.9756248866476936,0.024375113352306355,0.6843153153153153,0.3156846846846847,1021.7773600538585,79.67944051282691,0.023269544845800034,0.0018648347429490288,0.043910500477119606,0.042727346653153156
Dew,31.86103756193154,0.9755014203089798,0.024498579691020206,0.6833163163163164,0.3166836836836836,1021.7293905652646,79.82427318462301,0.023268718137133576,0.0018684018633483145,0.04390999901858492,0.04272328921871872
Dew,31.92103475463629,0.9753774579813551,0.02462254201864489,0.6823173173173174,0.3176826826826826,1021.6812186716061,79.96971334965117,0.02326788786746123,0.001871983881954327,0.04390949554559127,0.04271923178428429
Dew,31.981259091904818,0.9752529963858795,0.024747003614120522,0.6813183183183184,0.31868168168168165,1021.6328429651411,80.11576500983028,0.023267054011542568,0.0018755808967009851,0.04390899004482125,0.042715174349849845
Dew,32.041711972943894,0.9751280322138713,0.024871967786128657,0.6803193193193193,0.3196806806806807,1021.5842620247792,80.26243220363851,0.023266216543894026,0.001879193006415385,0.04390848250283664,0.04271111691541542
Bubble,32.09201617740264,0.9750240240240241,0.024975975975975895,0.6794909146471865,0.3205090853528135,1021.5438200733348,80.38452423198204,0.02326551932291264,0.0018821998304549977,0.04390806007357357,0.042707752349839555
Dew,32.102394808900904,0.9750025621265487,0.024997437873451323,0.6793203203203203,0.3206796796796797,1021.5354744159212,80.40971900657902,0.023265375438785922,0.001882820310829136,0.04390797290607698,0.04270705948098099
Dew,32.1633090229824,0.9748765827546707,0.025123417245329294,0.6783213213213214,0.3216786786786786,1021.4864786902777,80.55762953157159,0.0232645306702391,0.0018864629105879549,0.0439074612408581,0.04270300204654655
Dew,32.22445605059715,0.9747500906981788,0.02524990930182125,0.6773223223223224,0.32267767767767763,1021.4372733857133,80.70616792942243,0.023263682212022053,0.0018901209072631055,0.04390694749337066,0.042698944612112114
Dew,32.285837339501164,0.9746230825258255,0.025376917474174476,0.6763233233233233,0.32367667667667666,1021.3878570260699,80.85533838930178,0.023262830037647696,0.0018937944033630253,0.04390643164967865,0.04269488717767768
Dew,32.34745434991938,0.974495554774802,0.025504445225198014,0.6753243243243243,0.3246756756756757,1021.3382281209895,81.00514513914618,0.023261974120370038,0.0018974835023431937,0.04390591369571786,0.042690829743243244
Dew,32.4093085547089,0.9743675039503525,0.025632496049647457,0.6743253253253254,0.3256746746746746,1021.2883851657396,81.15559244619537,0.02326111443318102,0.001901188308619159,0.043905393617294355,0.04268677230880881
Dew,32.471401439486705,0.9742389265254006,0.02576107347459944,0.6733263263263264,0.3266736736736736,1021.2383266410349,81.3066846174151,0.023260250948807154,0.0019049089275769004,0.043904871400082916,0.042682714874374375
Dew,32.533734502782075,0.974109818940147,0.025890181059852968,0.6723273273273274,0.32767267267267264,1021.1880510128497,81.45842600000051,0.023259383639706133,0.0019086454655850849,0.0439043470296254,0.04267865743993994
Bubble,32.574664613833114,0.9740250250250251,0.025974974974974918,0.6716734498823602,0.3283265501176398,1021.1550253256069,81.55810032061837,0.02325881386530523,0.0019110998462798434,0.04390400263913914,0.04267600171669721
Dew,32.59630925618736,0.9739801776016785,0.026019822398321457,0.6713283283283283,0.32867167167167166,1021.1375567322367,81.61082098187386,0.023258512478063407,0.0019123980300071969,0.043903820491329223,0.04267460000550551
Dew,32.65912722449322,0.9738499988835635,0.026150001116436505,0.6703293293293293,0.3296706706706707,1021.0868422351323,81.76387399213391,0.023257637435788646,0.001916166729212545,0.0439032917704656,0.04267054257107107
Dew,32.72218994586323,0.9737192791254429,0.02628072087455713,0.6693303303303304,0.3306696696696696,1021.0359059421734,81.9175895016315,0.02325675848451232,0.0019199516725902253,0.043902760852167995,0.04266648513663664
Dew,32.78549897197058,0.9735880146326161,0.026411985367383872,0.6683313313313314,0.3316686686686686,1020.9847462584967,82.07197202342452,0.023255875595582013,0.0019237529705602766,0.04390222772143037,0.0426624277022022
Dew,32.849055868163546,0.9734562016756171,0.026543798324382917,0.6673323323323324,0.33266766766766764,1020.9333615735412,82.22702611332586,0.023254988740058734,0.0019275707345870116,0.04390169236310552,0.042658370267767774
Dew,32.912862213618894,0.9733238364897884,0.026676163510211626,0.6663333333333333,0.33366666666666667,1020.8817502608526,82.38275637041276,0.02325409788871334,0.001931405077191458,0.04390115476190328,0.04265431283333333
Dew,32.97691960150742,0.9731909152748432,0.02680908472515675,0.6653343343343344,0.3346656656656656,1020.8299106778687,82.53916743757652,0.023253203012022553,0.0019352561119647467,0.04390061490238877,0.0426502553988989
Dew,33.041229639156484,0.9730574341944349,0.02694256580556509,0.6643353353353354,0.3356646646646646,1020.7778411657301,82.69626400206255,0.023252304080165452,0.0019391239535812867,0.0439000727689807,0.04264619796446446
Bubble,33.0563597417789,0.9730260260260261,0.02697397397397394,0.6641008805550364,0.33589911944496365,1020.7655870343981,82.7332341180319,0.023252092508876384,0.0019400341751780524,0.04389994520470471,0.042645245726374285
Dew,33.10579394821343,0.9729233893756887,0.027076610624311326,0.6633363363363364,0.3366636636636636,1020.725540049048,82.85405079601465,0.02325140106301919,0.001943008717812044,0.04389952834594937,0.042642140530030036
Dew,33.17061416482143,0.97278877690877,0.02721122309123003,0.6623373373373374,0.33766266266266265,1020.6730056357089,83.01253259705886,0.02325049393015537,0.0019469105215387567,0.04389898161741497,0.042638083095595594
Dew,33.23569193978055,0.9726535928464035,0.027346407153596486,0.6613383383383383,0.3386616616616617,1020.6202362166462,83.17171422884195,0.023249582650835824,0.001950829482767092,0.04389843256734567,0.04263402566116116
Dew,33.3010289387228,0.9725178332034153,0.02748216679658466,0.6603393393393394,0.3396606606606606,1020.5672300656205,83.33160056161451,0.02324866719400853,0.0019547657206408615,0.043897881179555676,0.04262996822672673
Dew,33.36662684229676,0.9723814939562506,0.02761850604374938,0.6593403403403404,0.3406596596596596,1020.5139854390035,83.49219651284565,0.023247747528303653,0.0019587193554569836,0.04389732743770332,0.0426259107922923
Dew,33.43248734634664,0.9722445710424932,0.027755428957506822,0.6583413413413414,0.34165865865865863,1020.4605005755418,83.65350704782126,0.02324682362202914,0.0019626905086800673,0.04389677132528909,0.042621853357857856
Dew,33.498612162074586,0.9721070603603698,0.027892939639630243,0.6573423423423423,0.34265765765765765,1020.4067736961258,83.81553718018871,0.023245895443166433,0.001966679302955748,0.04389621282565364,0.04261779592342343
Bubble,33.53708987453555,0.972027027027027,0.027972972972972965,0.6567628781476992,0.3432371218523008,1020.3754974893691,83.90985544449182,0.02324535507356676,0.001969001156872081,0.04389588777027027,0.04261544242959688
Dew,33.56500301624501,0.9719689577682538,0.02803104223174624,0.6563433433433433,0.3436566566566567,1020.352803003557,83.97829197263748,0.023244962959366167,0.001970685862127227,0.04389565192197577,0.04261373848898899
Dew,33.63166165136177,0.9718302590841588,0.028169740915841235,0.6553443443443444,0.3446556556556556,1020.2985866823092,84.14177653749339,0.023244026137943782,0.001974710311249782,0.04389508859727031,0.04260968105455456
Dew,33.69858982587131,0.9716909600852175,0.028309039914782508,0.6543453453453454,0.3456546546546546,1020.244122898285,84.30599603739722,0.023243084945874973,0.0019787527766072757,0.04389452283438611,0.042605623620120124
Dew,33.765789314329304,0.9715510565071656,0.028448943492834444,0.6533463463463464,0.34665365365365364,1020.1894097985645,84.47095568586707,0.02324213934979102,0.001982813385725938,0.04389395461600386,0.04260156618568568
Dew,33.83326190762179,0.9714105440438027,0.02858945595619733,0.6523473473473473,0.34765265265265266,1020.1344455111589,84.63666074803628,0.02324118931597428,0.001986892267392284,0.04389338392463391,0.042597508751251255
Dew,33.90100941315034,0.9712694183464564,0.028730581653543585,0.6513483483483484,0.3486516516516516,1020.0792281447515,84.80311654127728,0.023240234810353325,0.001990989551668361,0.043892810742614134,0.04259345131681682
Dew,33.969033655042054,0.9711276750234328,0.02887232497656722,0.6503493493493494,0.3496506506506506,1020.0237557884449,84.97032843590564,0.0232392757984983,0.0019951053699088835,0.04389223505210768,0.04258939388238238
Bubble,34.01684425040468,0.9710280280280281,0.028971971971971877,0.6496496517644614,0.35035034823553857,1019.984749374423,85.08789890821063,0.023238601388232572,0.0019979992460307477,0.04389183033583583,0.04258655206064137
Dew,34.03733647433561,0.9709853096394555,0.029014690360544493,0.6493503503503504,0.3506496496496496,1019.9680265114857,85.13830185580868,0.0232383122456158,0.0019992398547766135,0.04389165683510065,0.04258533644794795
Dew,34.10591972922097,0.970842317715101,0.02915768228489901,0.6483513513513514,0.35164864864864864,1019.9120383630072,85.30704227924718,0.023237344116544073,0.002003393140261811,0.043891076073399884,0.042581279013513516
Dew,34.174785295215486,0.9706986947262207,0.029301305273779277,0.6473523523523523,0.35264764764764767,1019.8557893717476,85.47655523945377,0.023236371375747855,0.002007565361696919,0.04389049274863055,0.04257722157907908
Dew,34.243935065412686,0.9705544361033575,0.029445563896642546,0.6463533533533534,0.3536466466466466,1019.7992775457844,85.64684632546624,0.023235393987313405,0.00201175665577678,0.04388990684223379,0.04257316414464465
Dew,34.31337095066519,0.970409537231146,0.02959046276885402,0.6453543543543544,0.3546456456456456,1019.7425008722334,85.81792118274984,0.023234411914942892,0.0020159671605739,0.043889318335464306,0.04256910671021021
Dew,34.38309487982989,0.9702639934477137,0.029736006552286254,0.6443553553553554,0.3556446446446446,1019.6854573169819,85.9897855140214,0.02323342512194951,0.002020197015558469,0.0438887272093879,0.04256504927577578
Dew,34.45310879999091,0.9701178000440588,0.029882199955941213,0.6433563563563564,0.35664364364364365,1019.6281448243834,86.16244508000236,0.023232433571251772,0.0020244463616167193,0.04388813344487895,0.04256099184134134
Bubble,34.49561295450996,0.9700290290290291,0.0299709709709709,0.6427519170582928,0.3572480829417072,1019.5933357337877,86.26730350391757,0.023231831289876877,0.0020270270024567547,0.0438877729014014,0.04255853691113226
Dew,34.52341467667437,0.9699709522634302,0.03002904773656978,0.6423573573573574,0.35764264264264256,1019.5705613169653,86.3359057001477,0.023231437225368072,0.0020287153410687296,0.04388753702261792,0.04255693440690691
Dew,34.5940144940934,0.9698234453006911,0.03017655469930891,0.6413583583583584,0.3586416416416416,1019.5127046951322,86.51017325347223,0.023230436046411212,0.0020330040976885254,0.04388693792308876,0.042552876972472474
Dew,34.6649102553761,0.9696752743016686,0.030324725698331445,0.6403593593593594,0.3596406406406406,1019.4545728368449,86.68525367932436,0.02322942999608241,0.002037312776722959,0.04388633612657623,0.04254881953803804
Dew,34.736103982811734,0.9695264343625025,0.03047356563749748,0.6393603603603604,0.36063963963963963,1019.3961635973247,86.86115297821884,0.023228419035665845,0.0020416415249119835,0.0438857316131633,0.042544762103603605
Dew,34.80759771807754,0.9693769205289733,0.030623079471026715,0.6383613613613613,0.36163863863863865,1019.3374748087216,87.0378772126094,0.023227403126022433,0.00204599049050753,0.04388512436272843,0.04254070466916917
Dew,34.87939352251297,0.9692267277958232,0.030773272204176805,0.6373623623623624,0.36263763763763757,1019.278504279802,87.21543250781444,0.023226382227584115,0.0020503598232959872,0.043884514354942734,0.042536647234734735
Dew,34.9514934773415,0.9690758511060669,0.030924148893933134,0.6363633633633634,0.3636366366366366,1019.2192497956105,87.393825052776,0.02322535630034747,0.0020547496746167794,0.043883901569267296,0.0425325898003003
Bubble,34.97338684829473,0.9690300300300301,0.030969969969969924,0.6360608668893136,0.3639391331106864,1019.2012499414143,87.44801225184622,0.023225044622956048,0.0020560830822761124,0.04388371546696697,0.04253136121087095
Dew,35.02389968395813,0.9689242853502895,0.031075714649710484,0.6353643643643644,0.3646356356356356,1019.1597091171476,87.57306110103121,0.023224325303867834,0.0020591601973859526,0.0438832859849502,0.042528532365865866
Dew,35.09661426413746,0.9687720253659292,0.031227974634070788,0.6343653653653654,0.36563463463463464,1019.0998799810096,87.75314697143047,0.023223289197252472,0.0020635915461138083,0.04388266758102372,0.04252447493143143
Dew,35.169639360361046,0.9686190659365552,0.031380934063444776,0.6333663663663665,0.36663363363363355,1019.0397600990655,87.93408904923916,0.023222247939154724,0.0020680438769315823,0.04388204633630132,0.042520417496997
Dew,35.24297713603531,0.9684654017911215,0.031534598208878495,0.6323673673673674,0.36763263263263257,1018.9793471580842,88.11589378689075,0.023221201487766952,0.002072517347609926,0.04388142222937464,0.04251636006256257
Dew,35.316629775785074,0.9683110276032229,0.03168897239677715,0.6313683683683684,0.3686316316316316,1018.9186388193896,88.2985677049836,0.023220149800814185,0.0020770121175831377,0.04388079523861049,0.04251230262812813
Dew,35.3905994857311,0.9681559379903278,0.03184406200967216,0.6303693693693694,0.3696306306306306,1018.8576327184888,88.48211739322822,0.023219092835547205,0.002081528347972242,0.04388016534214772,0.04250824519369369
Bubble,35.45015750581267,0.968031031031031,0.03196896896896895,0.629568143661129,0.370431856338871,1018.8084856733133,88.62997187217609,0.023218241238752702,0.0020851662300057513,0.043879658032532534,0.04250499101547967
Dew,35.46488849375605,0.9680001275129967,0.03199987248700331,0.6293703703703704,0.37062962962962964,1018.7963264647007,88.66654951135912,0.023218030548735596,0.0020860662016072454,0.04387953251789404,0.04250418775925926
Dew,35.53949904980864,0.9678435906740948,0.032156409325905244,0.6283713713713714,0.37162862862862855,1018.7347176407781,88.8518707901711,0.023216962896660757,0.002090625843052337,0.043878896743522834,0.042500130324824824
Dew,35.61443342618328,0.9676863219179893,0.03231367808201069,0.6273723723723724,0.3726276276276276,1018.6728038025287,89.03808803247854,0.023215889835108836,0.0020952074386292917,0.04387825799646991,0.042496072890390396
Dew,35.68969391781914,0.9675283156297184,0.032471684370281584,0.6263733733733734,0.3736266266266266,1018.6105824784084,89.22520811413887,0.02321481131936313,0.002099811156442392,0.04387761625393011,0.042492015455955955
Dew,35.765282842593905,0.9673695661341718,0.0326304338658282,0.6253743743743744,0.3746256256256256,1018.548051169137,89.4132379850611,0.023213727304197004,0.0021044371664030175,0.04387697149285394,0.04248795802152152
Dew,35.841202541639596,0.967210067695236,0.03278993230476401,0.6243753753753755,0.37562462462462454,1018.4852073472847,89.60218467028719,0.02321263774386609,0.0021090856402559612,0.0438763236899442,0.04248390058708709
Dew,35.91745537964424,0.9670498145149302,0.03295018548506978,0.6233763763763764,0.37662362362362356,1018.4220484568614,89.79205527102937,0.023211542592100738,0.0021137567516047264,0.043875672821652396,0.04247984315265266
Bubble,35.92591715616822,0.967032032032032,0.03296796796796797,0.6232658132720266,0.37673418672797343,1018.4150368825549,89.81313249103638,0.023211420994809148,0.002114275271401732,0.04387560059809809,0.04247939410060434
Dew,35.994043745177294,0.9668888007325249,0.03311119926747508,0.6223773773773774,0.3776226226226226,1018.3585719128874,89.98285696578677,0.023210441802097956,0.0021184506759387,0.04387501886417516,0.042475785718218216
Dew,36.07097005099575,0.9667270204236578,0.03327297957634223,0.6213783783783784,0.3786216216216216,1018.2947751009767,90.17459701140154,0.02320933532651367,0.0021231675906589202,0.04387436179345069,0.04247172828378379
Dew,36.14823673438417,0.9665644675994123,0.03343553240058772,0.6203793793793794,0.37962062062062063,1018.2306553768897,90.36728274422609,0.02320822311745439,0.0021279076751064773,0.04387370158515501,0.04246767084934935
Dew,36.22584625748144,0.9664011362053975,0.03359886379460253,0.6193803803803805,0.38061961961961954,1018.1662100660935,90.56092158125034,0.023207105126469,0.002132671110589984,0.04387303821469823,0.04246361341491492
Dew,36.303801107616756,0.9662370201208011,0.03376297987919885,0.6183813813813814,0.38161861861861857,1018.1014364633041,90.75552102126038,0.02320598130454026,0.0021374580804138068,0.04387237165722063,0.04245955598048048
Dew,36.382103797659944,0.9660721131574332,0.03392788684256676,0.6173823823823824,0.3826176176176176,1018.0363318320319,90.95108864604613,0.023204851602076308,0.002142268769907462,0.04387170188758892,0.04245549854604605
Bubble,36.40065863130059,0.9660330330330331,0.03396696696696688,0.6171463406117038,0.3828536593882962,1018.0208977765728,90.99744737413313,0.02320458375441287,0.002143409106990163,0.043871543163663665,0.04245453986239443
Dew,36.46075686636523,0.965906409058742,0.03409359094125797,0.6163833833833834,0.3836166166166166,1017.9708934041017,91.14763212158988,0.023203715968901705,0.0021471033664545855,0.043871028880392085,0.042451441111611615
Dew,36.5397628787274,0.9657399014988276,0.0342600985011724,0.6153843843843844,0.38461561561561564,1017.9051183791823,91.34515919929753,0.023202574354248683,0.002151962059522914,0.04387035260993749,0.04244738367717718
Dew,36.619124426344804,0.9655725840814164,0.03442741591858356,0.6143853853853855,0.38561461461461455,1017.8390039242898,91.54367771725403,0.02320142670674786,0.002156845040694868,0.04386967305024667,0.04244332624274274
Dew,36.69884412778907,0.9654044503388414,0.03459554966115863,0.6133863863863864,0.38661361361361357,1017.7725471733005,91.74319560150361,0.023200272974419168,0.002161752503698723,0.043868990175051206,0.04243926880830831
Dew,36.77892462898158,0.9652354937309786,0.03476450626902139,0.6123873873873874,0.3876126126126126,1017.7057452264318,91.94372086735348,0.023199113104662175,0.0021666846444403608,0.043868303957788374,0.04243521137387388
Dew,36.85936860355669,0.9650657076441856,0.034934292355814356,0.6113883883883884,0.3886116116116116,1017.6385951497326,92.14526162063903,0.023197947044246547,0.0021716416610341274,0.04386761437159686,0.04243115393943944
Bubble,36.87437531864331,0.9650340340340341,0.034965965965965906,0.6112025665300237,0.3887974334699763,1017.6260627965851,92.18287268512739,0.023197729386130125,0.0021725667062088123,0.04386748572922924,0.04243039922396169
Dew,36.94017875328991,0.9648950853902042,0.03510491460979581,0.6103893893893895,0.38961061061061053,1017.5710939745608,92.34782605919919,0.023196774739302324,0.002176623753838663,0.043866921389312315,0.042427096505005
Dew,37.0213578084473,0.9647236202050541,0.03527637979494591,0.6093903903903904,0.39060960960960955,1017.5032386970371,92.55142247410303,0.023195596135309724,0.0021816311254868864,0.04386622498346283,0.04242303907057057
Dew,37.10290852821375,0.964551305247899,0.035448694752100995,0.6083913913913914,0.3916086086086086,1017.4350262775018,92.75605925113179,0.02319441117708895,0.0021866639809220265,0.04386552512626434,0.04241898163613614
Dew,37.18483370109937,0.9643781335998861,0.03562186640011389,0.6073923923923924,0.3926076076076076,1017.3664536399581,92.96174487219409,0.02319321980878987,0.0021917225274320877,0.04386482178961595,0.042414924201701704
Dew,37.26713614536031,0.964204098262991,0.03579590173700897,0.6063933933933934,0.3936066066066066,1017.2975176715101,93.16848791679105,0.023192021973881496,0.0021968069746855193,0.04386411494509514,0.04241086676726727
Bubble,37.347061118094544,0.9640350350350351,0.03596496496496493,0.6054276862029677,0.3945723137970323,1017.2305265988739,93.36936726597858,0.023190857763381596,0.0022017471020899936,0.0438634282947948,0.042406944547513356
Dew,37.34981870939618,0.9640291921587972,0.03597080784120277,0.6053943943943945,0.39460560560560554,1017.2282152217672,93.37629706340891,0.023190817615140788,0.002201917534765194,0.043863404563952955,0.042406809332832834
Dew,37.43288427222443,0.9638534081272895,0.03614659187271052,0.6043953953953954,0.39560460460460456,1017.1585431022698,93.58518109116278,0.02318960667464205,0.0022070544222083286,0.04386269061710899,0.0424027518983984
Dew,37.51633574388281,0.963676738925611,0.03632326107438899,0.6033963963963964,0.3966036036036036,1017.0884980858789,93.79514888121277,0.023188389093745407,0.002212217854041056,0.043861973075146374,0.042398694463963965
Dew,37.60017606589348,0.963499177226787,0.03650082277321298,0.6023973973973974,0.3976026026026026,1017.0180769061577,94.00620941838164,0.02318716481308531,0.002217408049817778,0.0438612519083066,0.04239463702952953
Dew,37.68440821172681,0.9633207156184443,0.036679284381555655,0.6013983983983985,0.3986016016016015,1016.9472762567567,94.21837179277536,0.023185933772559026,0.0022226252316606006,0.043860527086484316,0.042390579595095096
Dew,37.769035187253486,0.9631413466014863,0.036858653398513685,0.6003993993993995,0.39960060060060054,1016.8760927907667,94.43164520136955,0.023184695911314553,0.0022278696242979913,0.04385979857922194,0.04238652216066066
Bubble,37.81871040283984,0.963036036036036,0.03696396396396395,0.5998152288205841,0.40018477117941587,1016.8342840377386,94.55689243689419,0.02318396876405591,0.002230949386425903,0.043859370860360354,0.04238414955185481
Dew,37.85406003120786,0.9629610625887581,0.03703893741124187,0.5994004004004004,0.40059959959959957,1016.8045231200671,94.64603894963693,0.02318345116773839,0.002233141455104428,0.043859066355704246,0.042382464726226234
Dew,37.939485815704856,0.962779855903672,0.03722014409632801,0.5984014014014014,0.4015985985985986,1016.7325638146659,94.86156245334932,0.023182199479443253,0.0022384409541441855,0.04385833038475277,0.042378407291791785
Dew,38.02531564669053,0.9625977187788162,0.03740228122118383,0.5974024024024024,0.4025975975975976,1016.6602114020134,95.07822524017243,0.023180940783255184,0.0022437683542102585,0.043857590634820164,0.04237434985735736
Dew,38.11155266447232,0.9624146433545314,0.03758535664546858,0.5964034034034035,0.4035965965965965,1016.5874623663229,95.29603695151943,0.023179675015200882,0.0022491238908694177,0.043856847073984434,0.04237029242292293
Dew,38.19820004421005,0.9622306216774628,0.03776937832253724,0.5954044044044045,0.40459559559559555,1016.5143131478513,95.51500734428389,0.0231784021104942,0.0022545078025044394,0.04385609966994302,0.04236623498848849
Dew,38.28526099644287,0.9620456456990777,0.03795435430092231,0.5944054054054054,0.40559459459459457,1016.4407601421894,95.7351462926924,0.023177122003522902,0.0022599203303591874,0.04385534839000681,0.042362177554054053
Bubble,38.28931798369297,0.9620370370370371,0.037962962962962865,0.594359038522578,0.405640961477422,1016.4373301499625,95.74541181389348,0.02317706227015757,0.002260172705366704,0.043855313425925926,0.04236198923495945
Dew,38.372738767623815,0.9618597072741598,0.038140292725840186,0.5934064064064064,0.4065935935935936,1016.3667996995224,95.95646379018599,0.023175834627834787,0.0022653617185844003,0.04385459320109401,0.042358120119619626
Dew,38.46063664063978,0.9616727981592668,0.03832720184073324,0.5924074074074074,0.4075925925925926,1016.2924281238764,96.17896995126013,0.02317453991612359,0.0022708322142825296,0.04385383406972387,0.042354062685185184
Dew,38.54895793538512,0.9614849100111656,0.03851508998883435,0.5914084084084085,0.40859159159159153,1016.2176416723603,96.4026750134817,0.023173237800214803,0.002276332067556774,0.04385307096201035,0.04235000525075076
Dew,38.637706009305596,0.9612960343852307,0.0387039656147693,0.5904094094094094,0.40959059059059055,1016.1424365543821,96.62758933941547,0.02317192821105096,0.002281861531558018,0.04385230384365562,0.042345947816316315
Dew,38.72688425797865,0.9611061627338066,0.03889383726619344,0.5894104104104104,0.4105895895895896,1016.0668089308467,96.85372341867345,0.02317061107867665,0.002287420862534688,0.043851532679943364,0.04234189038188188
Bubble,38.75887907651472,0.9610380380380381,0.03896196196196189,0.5890532565093568,0.4109467434906432,1016.0396601406273,96.93489114210743,0.02317013816748534,0.0022894162554046495,0.0438512559914915,0.04234043980131275
Dew,38.81649611568251,0.9609152864045492,0.03908471359545085,0.5884114114114114,0.4115885885885886,1015.9907549133497,97.08108786993272,0.023169286332223375,0.002293010319881895,0.04385075743573208,0.04233783294744745
Dew,38.90654505600038,0.9607233966387129,0.03927660336128713,0.5874124124124125,0.4125875875875875,1015.9142705633361,97.30969344307223,0.0231679538998938,0.0022986301661934243,0.04384997807544813,0.04233377551301302
Dew,38.99703459242528,0.960530484569427,0.03946951543057298,0.5864134134134135,0.41358658658658654,1015.83735189126,97.53955102131751,0.023166613708946,0.0023042806673139286,0.043849194563078724,0.042329718078578576
Dew,39.08796827896759,0.9603365412199205,0.039663458780079486,0.5854144144144144,0.41458558558558556,1015.7599948557134,97.77067162339958,0.02316526568567712,0.0023099620923914955,0.043848406862164714,0.04232566064414415
Dew,39.17934971080145,0.9601415575017157,0.0398584424982843,0.5844154154154154,0.4155845845845846,1015.6821953625481,98.003066405845,0.02316390975540695,0.002315674713933343,0.04384761493579323,0.042321603209709714
Bubble,39.227353809821835,0.9600390390390391,0.03996096096096091,0.5838923042581171,0.4161076957418829,1015.6412511509404,98.12517368482682,0.023163195929822435,0.0023186763387801203,0.043847198557057064,0.042319478593744346
Dew,39.27118252488424,0.9599455242127759,0.0400544757872241,0.5834164164164164,0.4165835835835836,1015.6039492639563,98.23674666518576,0.023162545842460608,0.002321418807859651,0.04384681874659019,0.04231754577527528
Dew,39.363470400624024,0.9597484320356313,0.040251567964368684,0.5824174174174175,0.4175825825825825,1015.5252523575634,98.47172384032999,0.023161173870151573,0.002327194653561224,0.04384601825671272,0.04231348834084084
Dew,39.45621706055351,0.9595502715354515,0.04044972846454853,0.5814184184184185,0.41858158158158154,1015.4461003854782,98.70800951495967,0.02315979376076388,0.0023330025339578257,0.043845213427841236,0.0423094309064064
Dew,39.54942627098996,0.9593510331580836,0.040648966841916434,0.5804194194194194,0.41958058058058056,1015.3664890333284,98.94561541989067,0.023158405435533984,0.0023388427355556574,0.04384440422117156,0.042305373471971976
Dew,39.64310184274483,0.9591507072280451,0.040849292771954926,0.5794204204204204,0.4205795795795796,1015.2864139292757,99.18455343559947,0.02315700881463227,0.002344715548508813,0.04384359059740671,0.04230131603753754
Bubble,39.69480520671249,0.9590400400400401,0.040959959959959935,0.5788708677776501,0.42112913222234993,1015.2421330976044,99.316463994292,0.02315623623449164,0.002347957793248589,0.04384314112262262,0.042299084029478934
Dew,39.7372476318297,0.9589492839464773,0.04105071605352273,0.5784214214214215,0.4215785785785785,1015.2058706430132,99.42483559474528,0.023155603817144293,0.002350621266680651,0.04384277251674862,0.0422972586031031
Dew,39.831867540182685,0.9587467533890515,0.041253246610948535,0.5774224224224225,0.4225775775775775,1015.1248546847335,99.66647408476538,0.023154190361051336,0.002356560187706944,0.04384194993888963,0.04229320116866867
Dew,39.92696551639651,0.9585431055038397,0.0414568944961603,0.5764234234234235,0.42357657657657655,1015.0433615040796,99.90948125048403,0.023152768363210733,0.002362532613059378,0.04384112282300385,0.04228914373423424
Dew,40.02254555647941,0.9583383301091277,0.04166166989087228,0.5754244244244244,0.42457557557557557,1014.9613864890753,100.15386959683414,0.023151337739335823,0.0023685388481117587,0.04384029112773822,0.0422850862997998
Dew,40.11861170462033,0.9581324168911863,0.041867583108813666,0.5744254254254254,0.4255745745745746,1014.8789249650188,100.39965179160188,0.023149898403975078,0.002374579202206798,0.043839454811203556,0.04228102886536536
Bubble,40.161197556727195,0.958041041041041,0.04195895895895896,0.5739838828354943,0.4260161171645057,1014.8422852314128,100.50862145774259,0.023149258603341827,0.0023772573031110773,0.04383908368818819,0.042279235540136365
Dew,40.21516805397684,0.9579253554019937,0.04207464459800625,0.5734264264264265,0.4265735735735735,1014.795972193368,100.64684066825203,0.023148450270491255,0.002380653988724845,0.0438386138309652,0.042276971430930926
Dew,40.31221874746392,0.9577171350569141,0.04228286494308586,0.5724274274274275,0.42757257257257253,1014.7125233705914,100.89544922876549,0.02314699325103973,0.0023867635251529503,0.04383776814403366,0.0422729139964965
Dew,40.40976797859939,0.9575077451323082,0.042492254867691814,0.5714284284284284,0.42857157157157155,1014.6285736269932,101.14549064666755,0.023145527256546453,0.0023929081331584812,0.04383691770685487,0.042268856562062064
Dew,40.50781999229616,0.9572971747631137,0.04270282523688629,0.5704294294294294,0.4295705705705706,1014.5441180255125,101.39697826989475,0.02314405219668536,0.0023990881386589543,0.043836062475300384,0.04226479912762762
Dew,40.60637908576071,0.9570854129403562,0.042914587059643794,0.5694304304304305,0.4305695695695695,1014.4591515605061,101.6499256240129,0.0231425679798555,0.0024053038719002258,0.04383520240465726,0.042260741693193195
Bubble,40.62657547156494,0.9570420420420421,0.04295795795795787,0.5692265210992393,0.4307734789007607,1014.4417281868672,101.70178922067352,0.023142263502123415,0.0024065782620095746,0.04383502625375375,0.042259913515444565
Dew,40.70544960933514,0.9568724485086112,0.043127551491388805,0.5684314314314315,0.4315685685685685,1014.3736691564819,101.90434641526346,0.023141074513157223,0.002411555667530663,0.043834337449617726,0.04225668425875877
Dew,40.80503596738482,0.956658270163404,0.04334172983659601,0.5674324324324325,0.43256756756756753,1014.2876656668222,102.16025453376672,0.023139571702368123,0.0024178438646790664,0.04383346756426867,0.042252626824324326
Dew,40.90514261922092,0.9564428664485632,0.043557133551436755,0.5664334334334334,0.43356656656656656,1014.2011358724669,102.41766405684803,0.0231380594519183,0.0024241688070355495,0.04383259270208085,0.0422485693898899
Dew,41.005774080020984,0.9562262257535,0.043773774246499975,0.5654344344344344,0.4345655655655656,1014.1140744805763,102.67658925236826,0.023136537664865224,0.0024305308429325725,0.043831712815897844,0.04224451195545545
Bubble,41.09084459358016,0.9560430430430431,0.043956956956956894,0.5645941771306044,0.43540582286939555,1014.0404106879892,102.89561901345824,0.023135249756127494,0.002435912436924686,0.043830968819319326,0.042241099250415956
Dew,41.10693492178442,0.9560083363104337,0.04399166368956631,0.5644354354354355,0.4355645645645645,1014.0264761231489,102.9370445821783,0.023135006242867663,0.002436930325428945,0.04383082785792483,0.04224045452102102
Dew,41.208629774283445,0.9557891861915571,0.04421081380844294,0.5634364364364365,0.4365635635635635,1013.938335355625,103.19904470556978,0.02313346508615946,0.002443367612393806,0.04382993777971701,0.042236397086586594
Dew,41.31086332606452,0.9555687633061278,0.04443123669387217,0.5624374374374375,0.43756256256256254,1013.8496466554334,103.46260448290099,0.02313191409352211,0.002449843066594785,0.04382904253216784,0.04223233965215216
Dew,41.41364032547045,0.9553470553975021,0.04465294460249791,0.5614384384384384,0.43856156156156156,1013.7604044205335,103.72773897930111,0.023130353162257387,0.002456357055788077,0.043828142065496956,0.04222828221771772
Dew,41.51696558165206,0.9551240500400882,0.04487594995991184,0.5604394394394395,0.4395605605605605,1013.6706029678942,103.99446346835406,0.02312878218815862,0.002462909952808081,0.04382723632923782,0.04222422478328329
Bubble,41.554045527861575,0.9550440440440441,0.04495595595595592,0.5600824561822766,0.4399175438177234,1013.6383511775233,104.09024022999209,0.023128217780984426,0.002465262893945534,0.043826911384884884,0.04222277489578432
Dew,41.62086830316399,0.9548997346361784,0.04510026536382161,0.5594404404404405,0.4405595595595595,1013.580210502969,104.26287210129281,0.02312720047156978,0.002469503998878289,0.04382632527222484,0.04222016734884885
Dew,41.72530575334303,0.9546740964130322,0.04532590358696775,0.5584414414414415,0.4415585585585585,1013.4892721176304,104.53282651570092,0.02312560906751671,0.0024761359283842696,0.04382540884258153,0.04221610991441442
Dew,41.83030630634968,0.9544471224192212,0.04555287758077875,0.5574424424424425,0.44255755755755755,1013.397756913745,104.80441817422997,0.02312400729751929,0.002482807918992706,0.04382448698770567,0.04221205247997998
Dew,41.935875027344295,0.9542187995215564,0.045781200478443584,0.5564434434434434,0.44355655655655657,1013.3056588661589,105.07766323012287,0.023122395050985577,0.002489520364962522,0.043823559654256806,0.042207995045545545
Bubble,42.01617561904028,0.9540450450450451,0.04595495495495494,0.5556871627407548,0.4443128372592452,1013.2355457302752,105.28562988581461,0.02312116748206127,0.0024946290947941226,0.04382285395045045,0.04220492341147158
Dew,42.04201704792459,0.9539891144016102,0.04601088559838984,0.5554444444444445,0.4445555555555555,1013.2129718605154,105.35257806555015,0.023120772215660022,0.0024962736661285783,0.04382262678814214,0.04220393761111112
Dew,42.14873756730492,0.9537580535522303,0.04624194644776969,0.5544454454454455,0.4455545545545545,1013.1196896915125,105.6291792959194,0.023119138677590544,0.0025030682280064685,0.04382168833450238,0.04219988017667668
Dew,42.256041853537894,0.953525603273955,0.04647439672604503,0.5534464464464465,0.44655355355355353,1013.0258060611068,105.90748377433718,0.02311749432109468,0.002509904461900993,0.04382074423769717,0.04219582274224224
Dew,42.36393524475118,0.9532917496713519,0.046708250328648115,0.5524474474474474,0.44755255255255255,1012.9313145766899,106.18750859613648,0.02311583902872516,0.0025167827850162486,0.0438197944412902,0.04219176530780781
Dew,42.47242315041735,0.9530564786492702,0.04694352135072977,0.5514484484484484,0.4485515515515516,1012.8362087492035,106.4692711035273,0.02311417268123431,0.002523703620568706,0.04381883888803401,0.04218770787337338
Bubble,42.47723243776521,0.9530460460460461,0.04695395395395385,0.5514042897705856,0.44859571022941436,1012.8319905111508,106.48176620279338,0.023114098766746253,0.002524010529438466,0.043818796516016015,0.042187528522903237
Dew,42.58151105263756,0.9528197759089935,0.04718022409100653,0.5504494494494495,0.4495505505505505,1012.7404819912133,106.7527888903093,0.023112495157537678,0.0025306673979018134,0.04381787751985438,0.042183650438938944
Dew,42.691204507522436,0.9525816269442999,0.04741837305570007,0.5494504504504505,0.4505495495495495,1012.6441276149418,107.0380798069174,0.023110806334676902,0.002537674552608567,0.04381691027783428,0.0421795930045045
Dew,42.801509146485486,0.9523420170374457,0.0476579829625543,0.5484514514514515,0.45154854854854853,1012.5471388302437,107.32516196520184,0.023109106087781457,0.0025447255266478537,0.04381593710219759,0.04217553557007007
Dew,42.912430677684334,0.9521009312550083,0.047899068744991724,0.5474524524524524,0.45254754754754756,1012.4495087425225,107.6140537437064,0.023107394290029285,0.0025518207684726763,0.04381495793229222,0.04217147813563564
Bubble,42.93721376567924,0.9520470470470471,0.047952952952952876,0.5472300086130935,0.45276999138690655,1012.4276817685725,107.67862853090028,0.023107011544299415,0.002553406714232286,0.04381473908158159,0.04217057467998208
Dew,43.023974887436545,0.9518583544436734,0.04814164555632661,0.5464534534534535,0.45354654654654647,1012.3512303506178,107.90477379288374,0.023105670812606883,0.0025589607331569586,0.04381397270657297,0.042167420701201205
Dew,43.13614764167453,0.9516142712258746,0.04838572877412539,0.5454544544544545,0.4545455455455455,1012.2522965446083,108.19734104045773,0.02310393552466776,0.00256614588252591,0.04381298136258389,0.042163363266766764
Dew,43.24895488744147,0.9513686659953609,0.04863133400463915,0.5444554554554555,0.4555445445445445,1012.1527001035855,108.49177469693967,0.023102188293290363,0.002573376685290117,0.043811983836940155,0.042159305832332336
Dew,43.362402654426035,0.9511215229126257,0.04887847708737425,0.5434564564564565,0.45654354354354354,1012.0524336933508,108.78809426129193,0.02310042898343452,0.00258065361718321,0.04381098006530964,0.0421552483978979
Bubble,43.39611758152106,0.9510480480480481,0.0489519519519519,0.5431606594972309,0.4568393405027691,1012.022615828384,108.87619727573399,0.023099905725714374,0.0025828171901935747,0.043810681647147146,0.042154047018548
Dew,43.47649705655152,0.9508728259002288,0.04912717409977119,0.5424574574574574,0.45754254254254256,1011.9514898640635,109.08631952679042,0.023098657457896993,0.002587977161104324,0.04380996998239378,0.04215119096346347
Dew,43.59124429355559,0.9506225586380048,0.04937744136199518,0.5414584584584585,0.4585415415415415,1011.8498610478194,109.38647058687982,0.023096873577265597,0.002595347807260472,0.04380895352190826,0.04214713352902903
Dew,43.70665065265226,0.9503707045581341,0.049629295441865895,0.5404594594594595,0.4595405405405405,1011.7475395561733,109.68856784131975,0.023095077199872405,0.002602766053315903,0.043807930616562865,0.04214307609459459
Dew,43.822722510217204,0.9501172468401087,0.049882753159891324,0.5394604604604605,0.4605395395395395,1011.6445175775865,109.99263200243065,0.023093268181745386,0.0026102324045439123,0.04380690119804111,0.04213901866016016
Bubble,43.853942048289255,0.9500490490490491,0.04995095095095092,0.5391927426228231,0.46080725737717687,1011.6167890882142,110.0744538314889,0.023092781223590434,0.0026122415214144684,0.04380662421271271,0.042137931324162596
Dew,43.93946633353619,0.9498621684055439,0.05013783159445606,0.5384614614614615,0.46153853853853855,1011.540787174822,110.29868410157165,0.023091446376559147,0.002617747373984248,0.04380586519697912,0.042134961225725735
Dew,44.056888682547715,0.9496054519128748,0.05039454808712518,0.5374624624624625,0.46253753753753746,1011.4363402822488,110.60674549562457,0.023089611635583852,0.0026253114826007514,0.043804822542944134,0.042130903791291294
Dew,44.174996211701234,0.9493470797518995,0.05065292024810053,0.5364634634634635,0.4635365365365365,1011.3311687030954,110.91683787388182,0.02308776380763324,0.002632925259448675,0.04380377316441234,0.04212684635685686
Dew,44.29379567178813,0.9490870340381827,0.05091296596181727,0.5354644644644645,0.4645355355355355,1011.2252641066065,111.22898326487424,0.02308590273901076,0.002640589241840675,0.043802716988746083,0.04212278892242243
Bubble,44.31068550139881,0.94905005005005,0.050949949949949946,0.5353229097788139,0.4646770902211861,1011.2101980122709,111.27338051887396,0.023085637952014505,0.0026416792935903427,0.04380256677827828,0.042122213998066656
Dew,44.41329391188093,0.9488252966073177,0.051174703392682264,0.5344654654654655,0.4655345345345345,1011.1186180251473,111.54320404357898,0.023084028273454748,0.002648303975521923,0.04380165394217062,0.04211873148798799
Dew,44.53349788128448,0.9485618490090251,0.05143815099097493,0.5334664664664664,0.46653353353353355,1011.0112218512069,111.85952293869835,0.023082140252081586,0.002656070014846995,0.043800583949750165,0.042114674053553555
Dew,44.65441463154886,0.9482966725010991,0.05170332749890094,0.5324674674674675,0.46753253253253246,1010.9030668343275,112.17796304016959,0.02308023851332756,0.0026638879229623626,0.04379950693536321,0.04211061661911912
Bubble,44.766346437697365,0.9480510510510511,0.05194894894894886,0.5315479564618688,0.4684520435381312,1010.8028391265119,112.47296052752036,0.023078475826451533,0.0026711301126568416,0.04379850934384385,0.04210688202516988
Dew,44.776051318549015,0.9480297480431948,0.05197025195680516,0.5314684684684685,0.4685315315315315,1010.7941440779615,112.49854780692498,0.023078322892889257,0.0026717582719949194,0.04379842282167743,0.042106559184684686
Dew,44.898415204571364,0.9477610562904295,0.052238943709570496,0.5304694694694695,0.4695305305305305,1010.6844445362053,112.82130107470836,0.023076393223661625,0.002679681643241966,0.04379733153012358,0.04210250175025026
Dew,45.02151366053926,0.9474905775868371,0.05250942241316292,0.5294704704704705,0.47052952952952953,1010.5739590104921,113.14624706437876,0.0230744493356753,0.0026876586273728706,0.043796232980868946,0.04209844431581582
Dew,45.14535416820471,0.9472182919586126,0.052781708041387376,0.5284714714714714,0.47152852852852856,1010.4626781461434,113.47341039013983,0.02307249105603117,0.002695689824629085,0.043795127092789904,0.04209438688138138
Bubble,45.22088359057396,0.9470520520520521,0.05294794794794788,0.5278648144625526,0.4721351855374474,1010.3946878041484,113.67303079746193,0.023071294279334527,0.0027005901096240703,0.04379445190940941,0.04209192294393966
Dew,45.26994432246366,0.9469441791071924,0.05305582089280758,0.5274724724724725,0.47252752752752747,1010.3505924288535,113.80281606821052,0.023070518208833646,0.002703775845034762,0.043794013783443865,0.042090329446946954
Dew,45.395291833692326,0.9466682184021352,0.05333178159786478,0.5264734734734735,0.4735265265265265,1010.2376921810613,114.13448952560188,0.02306853061512188,0.0027119173086100133,0.04379289296904028,0.04208627201251252
Dew,45.52140453019727,0.9463903888737983,0.05360961112620166,0.5254744744744745,0.4745255255255255,1010.1239675582258,114.46845660930624,0.023066528092799028,0.0027201148455940904,0.04379176456441093,0.04208221457807808
Dew,45.64829036066111,0.9461106692058203,0.05388933079417968,0.5244754754754755,0.47552452452452454,1010.009408544984,114.8047435955132,0.023064510456559325,0.0027283690966693323,0.043790628482979446,0.042078157143643644
Bubble,45.67437188312921,0.9460530530530531,0.053946946946946905,0.5242705448898947,0.47572945511010534,1009.9857810765458,114.87385592437579,0.023064094150915343,0.0027300655738228554,0.04379039447497497,0.04207732481807031
Dew,45.77595739671647,0.9458290377273726,0.05417096227262741,0.5234764764764765,0.47652352352352345,1009.8940049512012,115.14337719928804,0.023062477517813092,0.002736680713196232,0.04378948463672973,0.04207409970920921
Dew,45.90441383556306,0.9455454724052185,0.05445452759478153,0.5224774774774775,0.4775225225225225,1009.7777464079156,115.48438458443482,0.023060429084609715,0.0027450503574530352,0.0437883329361738,0.04207004227477478
Dew,46.03366800266148,0.9452599508355062,0.05474004916449382,0.5214784784784785,0.4785215215215215,1009.6606223631461,115.82779337365763,0.02305836496155799,0.002753478702882557,0.043787173290318414,0.04206598484034034
Bubble,46.126773720496786,0.9450540540540541,0.05494594594594593,0.5207623316033485,0.4792376683966515,1009.5760962737388,116.0752873954522,0.02305687491828788,0.0027595529822041225,0.04378633704054054,0.042063076209807
Dew,46.16372835450172,0.9449724502353664,0.05502754976463364,0.5204794794794795,0.4795205205205205,1009.5426220775931,116.17363165901413,0.023056284949744495,0.0027619664343460928,0.04378600560663094,0.042061927405905905
Dew,46.29460348145464,0.9446829474342341,0.05531705256576591,0.5194804804804805,0.48051951951951954,1009.4237346202017,116.5219280126896,0.02305418884664921,0.002770514248385101,0.04378482979100414,0.04205786997147148
Dew,46.42630211068904,0.9443914188649354,0.055608581135064616,0.5184814814814815,0.48151851851851846,1009.3039488635928,116.87271149803846,0.023052076446058698,0.0027791228534893944,0.04378364574771994,0.04205381253703704
Dew,46.55883310918553,0.9440978405545064,0.05590215944549359,0.5174824824824825,0.4825175175175175,1009.1832534793601,117.22601168099555,0.023049947537976696,0.0027877929703742804,0.04378245337941213,0.0420497551026026
Bubble,46.578140061171325,0.9440550550550552,0.05594494494494484,0.5173374750297269,0.48266252497027307,1009.1656579283431,117.27750512174967,0.02304963713647289,0.0027890566174347195,0.04378227960610611,0.042049166154833235
Dew,46.692205486845346,0.9438021881147381,0.05619781188526185,0.5164834834834835,0.4835165165165165,1009.0616369332249,117.58185864185523,0.02304780190853198,0.002796525332266606,0.043781252587028016,0.04204569766816817
Dew,46.82642839966191,0.9435044367324499,0.05649556326755012,0.5154844844844845,0.4845155155155155,1008.9390874800393,117.94028298731261,0.02304563933988331,0.002805320685197213,0.04378004326978885,0.04204164023373373
Dew,46.961511152992,0.9432045611594516,0.056795438840548385,0.5144854854854856,0.48551451451451444,1008.8155931586355,118.30131586289338,0.023043459610121445,0.0028141797883027963,0.043778825325149116,0.042037582799299304
Bubble,47.02837084598487,0.9430560560560561,0.056943943943943864,0.5139933863356686,0.4860066136643314,1008.754409748922,118.48012646230796,0.023042379514480918,0.0028185673849957216,0.04377822217167168,0.04203558413860232
Dew,47.097463204946365,0.9429025357022297,0.057097464297770295,0.5134864864864865,0.48651351351351346,1008.6911417865226,118.66498896583543,0.023041262493168253,0.0028231034141386947,0.043777598648754606,0.04203352536486487
Dew,47.2342941698555,0.9425983342112989,0.057401665788701095,0.5124874874874875,0.4875125125125125,1008.5657209544138,119.03133455828461,0.023039047758672514,0.0028320923489993273,0.04377636313439919,0.04202946793043043
Dew,47.37201382183695,0.9422919300702416,0.05770806992975841,0.5114884884884885,0.4885115115115115,1008.4393180205823,119.40038548088927,0.023036815171902515,0.002841147393248312,0.04377511867398029,0.042025410495996
Bubble,47.47751296344226,0.9420570570570571,0.05794294294294289,0.5107275819390729,0.48927241806092714,1008.3423739820854,119.68331576189324,0.023035102555008246,0.0028480891952420736,0.04377416473723724,0.04202232007404555
Dew,47.51063209848115,0.9419832961843989,0.05801670381560109,0.5104894894894895,0.48951051051051053,1008.3119201050379,119.77217516685498,0.023034564493635137,0.0028502693616597238,0.04377386515745294,0.042021353061561566
Dew,47.65015910465456,0.9416724049692212,0.05832759503077878,0.5094904904904906,0.49050950950950944,1008.1835140835253,120.14673765645752,0.023032295480041584,0.002859459083770461,0.043772602472782494,0.042017295627127124
Dew,47.7906051163758,0.9413592283382591,0.058640771661740865,0.5084914914914915,0.49150850850850847,1008.0540865813263,120.5241076118716,0.023030007882569273,0.0028687174042403185,0.04377133050589585,0.042013238192692696
Bubble,47.92556579571804,0.9410580580580581,0.05894194194194191,0.5075376783310701,0.4924623216689299,1007.9295474783188,120.88706099787623,0.023027806180721342,0.0028776217652469933,0.043770107302802806,0.042009364280541646
Dew,47.93198058487234,0.9410437376907556,0.058956262309244445,0.5074924924924925,0.4925075075075075,1007.9236239668601,120.90432033267182,0.02302770144781997,0.0028780451832282916,0.04377004914063101,0.04200918075825826
Dew,48.07429614070781,0.9407259038988754,0.05927409610112455,0.5064934934934935,0.4935065065065065,1007.7921123450836,121.28741177164844,0.023025375917423967,0.002887443296776574,0.043768758258685286,0.04200512332382383
Dew,48.21756259806216,0.940405697294504,0.05959430270549604,0.5054944944944946,0.4945055055055054,1007.659537550669,121.6734185512114,0.02302303102791004,0.0028969126372087955,0.04376745773956164,0.04200106588938939
Dew,48.361790959137856,0.9400830876556415,0.059916912344358475,0.5044954954954955,0.49550450450450445,1007.5258851409652,122.06237798029812,0.02302066651057129,0.0029064541135404793,0.04376614746051339,0.04199700845495496
Bubble,48.37252881929196,0.9400590590590591,0.059940940940940934,0.5044213871936768,0.4955786128063232,1007.5159271198562,122.09135066686395,0.023020490314983433,0.0029071648240821877,0.04376604986836838,0.041996707464087124
Dew,48.50699241871712,0.9397580441923442,0.06024195580765579,0.5034964964964965,0.4965035035035035,1007.3911403887239,122.45432807187154,0.02301828209132639,0.002916068651903799,0.04376482729648721,0.04199295102052052
Dew,48.653178368834816,0.9394305355322142,0.06056946446778577,0.5024974974974975,0.4975025025025025,1007.2552882745767,122.84930756089578,0.02301587749057614,0.0029257571959839515,0.04376349712006409,0.041988893586086096
Dew,48.80036040362227,0.9391005297054187,0.060899470294581315,0.5014984984984985,0.4985015015015015,1007.1183134792753,123.24735592297523,0.023013452423055383,0.00293552070747159,0.04376215680139856,0.04198483615165165
Bubble,48.81840160385802,0.9390600600600602,0.06093993993993985,0.5013765107925298,0.49862348920747024,1007.1015098206294,123.29617377159015,0.02301315488185365,0.002936718112516387,0.043761992433933944,0.041984340698583866
Dew,48.948550324297145,0.9387679941292102,0.06123200587078981,0.5004994994994995,0.49950050050050054,1006.980200375656,123.64851339358084,0.023011006597679705,0.0029453601665294965,0.04376080620815579,0.04198077871721722
Dew,49.09776014433814,0.9384328955919281,0.06156710440807184,0.49950050050050054,0.5004994994994995,1006.8409330203363,124.0528209879944,0.02300853971738695,0.0029552765722766446,0.04375944520544661,0.041976721282782785
Dew,49.24800209474412,0.9380952002364824,0.06190479976351758,0.4985015015015015,0.5014984984984985,1006.7004951451293,124.46032052164635,0.023006051478973263,0.0029652709432819078,0.043758073655760475,0.04197266384834835
Bubble,49.26318380592184,0.9380610610610611,0.06193893893893887,0.49840093762779425,0.5015990623722058,1006.6862925233045,124.50151978847224,0.023005799806019613,0.0029662813822538122,0.0437579349994995,0.041972255408175285
Dew,49.399288629615384,0.9377548735432621,0.0622451264567379,0.49750250250250255,0.5024974974974974,1006.5588701481652,124.8710546316351,0.02300354157292366,0.0029753443180862067,0.04375669141889596,0.041968606413913916
Dew,49.55163243174499,0.9374118803124685,0.06258811968753149,0.49650350350350353,0.5034964964964965,1006.4160410846896,125.28506679840417,0.023001009683236193,0.002985497755728726,0.04375529835188909,0.04196454897947948
Dew,49.70504641855528,0.937066184645853,0.06293381535414695,0.4955045045045045,0.5044954954954954,1006.2719906575641,125.70240136868884,0.022998455487240544,0.0029957323363036855,0.04375389430893914,0.041960491545045046
Bubble,49.706875163861454,0.9370620620620621,0.0629379379379379,0.4954926383270017,0.5045073616729983,1006.2702721970862,125.70737864114312,0.022998425012747545,0.00299585439531468,0.04375387756506507,0.04196044335056511
Dew,49.85954374808528,0.9367177499278156,0.0632822500721844,0.49450550550550554,0.5054944944944945,1006.1267012074012,126.12310357876642,0.022995878655409484,0.0030060491615246775,0.043752479141331825,0.04195643411061062
Dew,50.01513782530675,0.936366538805852,0.06363346119414805,0.4935065065065065,0.5064934934934935,1005.9801547023843,126.54721957893398,0.02299327885116436,0.0030164493553185828,0.04375105269735997,0.04195237667617618
Bubble,50.14947549329904,0.9360630630630631,0.06393693693693692,0.4926496617648458,0.5073503382351542,1005.8534458356406,126.91374067562475,0.022991030427835082,0.003025436923454596,0.04374982013063063,0.04194889660125793
Dew,50.171842308581354,0.936012513170326,0.063987486829674,0.49250750750750755,0.5074924924924924,1005.8323327276976,126.9747964586009,0.022990655730672993,0.003026934064434491,0.04374961482224128,0.04194831924174174
Dew,50.329671116356394,0.9356556341334954,0.06434436586650463,0.4915085085085085,0.5084914914914915,1005.683216474582,127.40588227232453,0.02298800894264049,0.003037504459075461,0.04374816535803319,0.041944261807307315
Dew,50.4886384340941,0.93529586200784,0.06470413799216004,0.49050950950950956,0.5094904904904904,1005.5327867289982,127.84052606677973,0.022985338128092378,0.003048161733552915,0.04374670414354485,0.04194020437287287
Bubble,50.590984682769104,0.9350640640640641,0.06493593593593594,0.4898701313959071,0.5101298686040929,1005.4358104551633,128.12059663713038,0.022983615977567314,0.0030550287476225073,0.043745762696196205,0.04193760753866448
Dew,50.648758721455394,0.9349331562835776,0.06506684371642231,0.48951051051051053,0.5104894894894895,1005.3810238598714,128.27877790874084,0.022982642920149773,0.003058907106965548,0.04374523101424575,0.04193614693843844
Dew,50.81004671969183,0.9345674756053841,0.06543252439461592,0.4885115115115115,0.5114884884884885,1005.2279078069046,128.72068891392797,0.02297992294379621,0.003069741823899253,0.04374374580217127,0.041932089504004004
Dew,50.97251745935985,0.934198777748254,0.06580122225174605,0.48751251251251254,0.5124874874874874,1005.0734180679311,129.16631127710713,0.02297717781563561,0.0030806671551573527,0.04374224833582453,0.04192803206956957
Bubble,51.03140268968349,0.9340650650650651,0.06593493493493485,0.4871522417871121,0.5128477582128879,1005.017363092558,129.3279376483108,0.022976181588675433,0.003084629657452801,0.043741705261761764,0.04192656883001836
Dew,51.13618626825853,0.9338270195925076,0.06617298040749243,0.4865135135135135,0.5134864864864865,1004.9175336858091,129.61569830312376,0.022974407143641414,0.0030916843985135177,0.04374073844007498,0.04192397463513514
Dew,51.30106877968851,0.9334521570978309,0.06654784290216911,0.48551451451451455,0.5144854854854854,1004.7602332348059,130.06890443920383,0.022971610526895933,0.0031027948794953653,0.043739215936052844,0.0419199172007007
Dew,51.46718094097424,0.9330741452763739,0.06692585472362615,0.4845155155155155,0.5154844844844845,1004.6014948064701,130.5259853083402,0.022968787555319774,0.0031139999521943972,0.04373768064104,0.041915859766266265
Bubble,51.47072953654095,0.9330660660660661,0.06693393393393388,0.4844942553377894,0.5155057446622107,1004.5981008037405,130.53575518884782,0.0229687271882981,0.003114239450789234,0.04373764782732733,0.041915773418054435
Dew,51.634539022330294,0.9326929381648312,0.06730706183516871,0.48351651651651656,0.5164834834834835,1004.4412959949611,130.98699774404292,0.02296593780939086,0.003125301000108956,0.04373613236835647,0.04191180233183184
Dew,51.803159626053166,0.9323084887954808,0.06769151120451919,0.48251751751751754,0.5174824824824824,1004.2796138818159,131.45199982640338,0.02296306085985256,0.0031366994370190266,0.043734570927242845,0.041907744897397396
Bubble,51.9089653073637,0.9320670670670671,0.0679329329329329,0.48189449917590627,0.5181055008240938,1004.1780206620243,131.74404107627632,0.022961252703944755,0.0031438579332378467,0.043733590392892895,0.04190521450840295
Dew,51.97305969602468,0.9319207491660775,0.0680792508339225,0.48151851851851857,0.5184814814814814,1004.1164250201132,131.9210509194363,0.022960156267410287,0.0031481967078920248,0.043732996122738024,0.04190368746296296
Dew,52.14425652760393,0.9315296702086343,0.06847032979136565,0.48051951951951954,0.5194804804804805,1003.9517054180193,132.39421170996994,0.022957223582416055,0.003159794289826083,0.04373140775555237,0.041899630028528534
Dew,52.31676777787015,0.9311352017569513,0.06886479824304866,0.4795205205205205,0.5204794794794795,1003.7854305216831,132.87154424797026,0.02295426234454062,0.003171493693028098,0.04372980562193586,0.04189557259409409
Bubble,52.346110144375935,0.9310680680680681,0.06893193193193192,0.47935136221983243,0.5206486377801676,1003.757119756625,132.95278744806046,0.02295375806346158,0.0031734849177494583,0.04372953295845847,0.04189488555765585
Dew,52.49061147627575,0.9307372925128905,0.06926270748710955,0.47852152152152155,0.5214784784784785,1003.6175751974374,133.35311198851204,0.022951272082432125,0.003183296461831662,0.04372818951354111,0.041891515159659665
Dew,52.66580603570742,0.9303358900113148,0.06966410998868527,0.47752252252252253,0.5224774774774774,1003.4481137132992,133.83897983540217,0.02294825231336134,0.003195204175755036,0.043726559217280955,0.04188745772522522
Bubble,52.782111246835285,0.9300690690690692,0.06993093093093083,0.47686329239513126,0.5231367076048687,1003.335365727427,134.16177513865327,0.022946242521162882,0.0032031151721278197,0.043725475524024025,0.041884780262062826
Dew,52.84237026394727,0.9299309405836349,0.07006905941636508,0.47652352352352356,0.5234764764764764,1003.2770197197008,134.32921418644685,0.022945202542851918,0.0032072184505989787,0.04372491451518043,0.04188340029079079
Dew,53.02032337563866,0.929522389319865,0.07047761068013508,0.47552452452452454,0.5244754754754755,1003.1042662294362,134.82388298072476,0.022942122264295692,0.0032193409395931214,0.04372325518422264,0.04187934285635636
Dew,53.1996850046669,0.9291101800291763,0.07088981997082368,0.47452552552552557,0.5254744744744744,1002.9298255967842,135.3230557475862,0.022939010958551935,0.0032315733345842203,0.04372158099618851,0.04187528542192192
Bubble,53.21707061363171,0.9290700700700701,0.07092992992992986,0.47442879399990456,0.5255712060000954,1002.9128121720822,135.37140196106668,0.022938707297119523,0.0032327581929834127,0.04372141808958959,0.041874892546830605
Dew,53.3804752170795,0.9286942551987933,0.07130574480120672,0.47352652652652655,0.5264734734734735,1002.7536694957408,135.82680365781172,0.02293586809352949,0.0032439173672766724,0.0437198917174899,0.041871227987487485
Dew,53.562714524495796,0.9282745559512178,0.07172544404878219,0.4725275275275276,0.5274724724724724,1002.5757688973538,136.33519957678158,0.022932693123751558,0.0032563748105217893,0.04371818710899588,0.04186717055305306
Bubble,53.650939487646795,0.9280710710710711,0.07192892892892888,0.47204642520350276,0.5279535747964972,1002.4894290189687,136.5814660183579,0.022931151697986946,0.0032624091609744893,0.043717360655155156,0.04186521655596403
Dew,53.7464238980846,0.9278510219996704,0.0721489780003296,0.47152852852852856,0.5284714714714714,1002.3960940460869,136.84831811994073,0.022929485489901785,0.003268947479662649,0.04371646692585166,0.04186311311861862
Dew,53.93162478310434,0.9274235916016271,0.07257640839837282,0.47052952952952953,0.5294704704704705,1002.214614435155,137.36623571056154,0.02292624461835038,0.0032816372339346226,0.04371473091729001,0.04185905568418419
Bubble,54.08371819497774,0.9270720720720721,0.0729279279279279,0.4697147956787495,0.5302852043212505,1002.0652133951285,137.79196046721108,0.02292357565236881,0.003292067912290134,0.043713303220720715,0.04185574664264924
Dew,54.11833911404968,0.9269922015104262,0.07300779848957378,0.46953053053053057,0.5304694694694694,1002.0312987808236,137.88903063997537,0.022922969920660362,0.0032944459779257022,0.0437129788264346,0.04185499824974975
Dew,54.306589330427414,0.9265567869247436,0.07344321307525638,0.46853153153153154,0.5314684684684685,1001.8461149955422,138.41678313037278,0.022919660793071173,0.0033073756630990544,0.043711210390094846,0.04185094081531532
Dew,54.49639839321379,0.9261172814359396,0.07388271856406033,0.4675325325325326,0.5324674674674674,1001.6590301599349,138.94957540037478,0.022916316615960254,0.0033204282893826795,0.043709425338552065,0.041846883380880884
Bubble,54.51540710495203,0.9260730730730731,0.07392692692692693,0.467432564354094,0.532567435645906,1001.6401624364336,139.0028787025941,0.022915979089044285,0.0033217342885604765,0.04370924578628629,0.04184647736012415
Dew,54.68778980198749,0.9256736169730373,0.07432638302696272,0.46653353353353355,0.5334664664664664,1001.4700104935015,139.48749173338237,0.02291293675327969,0.003333605906826389,0.043707623395336,0.04184282594644645
Dew,54.880787612839804,0.9252257237453374,0.07477427625466257,0.4655345345345346,0.5344654654654655,1001.2790213240361,140.03061854907466,0.022909520551968092,0.0033469106173350093,0.04370580427699169,0.04183876851201201
Bubble,54.94600662778632,0.9250740740740742,0.07492592592592584,0.4651984372809263,0.5348015627190736,1001.2142732864912,140.21421434493084,0.02290836193694308,0.003351408136558756,0.04370518835185186,0.04183740345301649
Dew,55.07541645702708,0.9247735301824316,0.0752264698175684,0.46453553553553556,0.5354644644644644,1001.0860270556425,140.57904447797034,0.022906067341335296,0.0033603445764758106,0.04370396769283595,0.04183471107757758
Dew,55.27170156047089,0.92431696287152,0.07568303712848,0.46353653653653654,0.5364634634634635,1000.8909911352657,141.13286043943995,0.022902576432418408,0.003373909995369492,0.043702113344702684,0.04183065364314315
Bubble,55.375517212358716,0.9240750750750751,0.07592492492492486,0.4630111656090751,0.5369888343909248,1000.7875430956024,141.4259612279525,0.022900724125121685,0.003381089307919262,0.043701130917417425,0.04182851984912126
Dew,55.46966876410337,0.9238559464918891,0.07614405350811096,0.46253753753753757,0.5374624624624624,1000.6938760177089,141.69215972319458,0.02289904711730858,0.0033876091426653762,0.043700240926676806,0.04182659620870871
Dew,55.669344545153905,0.9233904037463698,0.0766095962536302,0.46153853853853855,0.5384614614614615,1000.4946431289851,142.2570380746159,0.022895478668445504,0.0034014443466095974,0.04369835012481589,0.041822538774274276
Bubble,55.803939344103526,0.9230760760760761,0.07692392392392389,0.46086954366417165,0.5391304563358283,1000.3599690197659,142.63811338713202,0.022893065582740627,0.0034107776588689,0.04369707348298299,0.04181982165159204
Dew,55.870756039373006,0.9229202552896109,0.07707974471038911,0.4605395395395396,0.5394604604604605,1000.2932528279428,142.82759378394957,0.022891870337878602,0.0034154179972068913,0.04369644061685876,0.04181848133983985
Dew,56.0739310642993,0.9224454196530065,0.07755458034699346,0.45954054054054055,0.5404594594594594,1000.0896643660694,143.40392777976598,0.022888221356492846,0.0034295325484856904,0.04369451207192068,0.04181442390540541
Bubble,56.231273543037965,0.9220770770770771,0.07792292292292291,0.45877240712112144,0.5412275928788786,999.9315482197443,143.8506650488056,0.022885386239043144,0.003440473049974864,0.043693016048548555,0.04181130413152243
Dew,56.278898143585316,0.9219658131660309,0.07803418683396911,0.4585415415415416,0.5414584584584584,999.8838358453464,143.98614372678534,0.022884530933196978,0.0034437905208689144,0.043692564150173835,0.04181036647097098
Dew,56.48568653247998,0.9214813498738403,0.07851865012615968,0.45754254254254256,0.5424574574574574,999.6757241740559,144.57434812844633,0.022880798254072025,0.003458194503659625,0.043690596502512606,0.04180630903653653
Bubble,56.65762435882612,0.9210780780780782,0.07892192192192182,0.4567186312701618,0.5432813687298381,999.5023371064514,145.06404589971228,0.022877687379427556,0.0034701857585604174,0.04368895861411412,0.041802962720903766
Dew,56.694326244513356,0.9209919414508767,0.0790080585491233,0.45654354354354354,0.5434564564564565,999.4652850204068,145.1686504344268,0.022877022481477584,0.003472747157646569,0.04368860877020274,0.0418022516021021
Dew,56.90484807944242,0.9204974971102104,0.07950250288978955,0.45554454454454457,0.5444554554554555,999.2524727638516,145.76916315336894,0.02287320275311341,0.0034874512178357775,0.043686600584513124,0.041798194167667675
Bubble,57.082792176491324,0.9200790790790792,0.07992092092092085,0.4547071293592985,0.5452928706407014,999.0722189704503,146.27741511217593,0.022869966326836404,0.003499895671012219,0.043684901179679686,0.04179479300589278
Dew,57.117283652596804,0.9199979235084565,0.0800020764915434,0.45454554554554555,0.5454544544544544,999.0372404439645,146.3760019713419,0.02286933818103379,0.0035023094963210198,0.04368457156632959,0.041794136733233234
Dew,57.33166542560031,0.9194931246458765,0.08050687535412346,0.4535465465465466,0.5464534534534534,998.8195397067035,146.98928587602214,0.022865427850611186,0.0035173248852927437,0.04368252132574923,0.0417900792987988
Bubble,57.50687433643747,0.9190800800800801,0.08091991991991987,0.45273685103506506,0.5472631489649349,998.6412459387636,147.49117015576127,0.022862224268446456,0.0035296122916536545,0.04368084374524525,0.04178679072047892
Dew,57.548026738660184,0.9189830017614685,0.08101699823853145,0.45254754754754756,0.5474524524524524,998.5993207479197,147.60913728731148,0.022861470819446603,0.0035325003602028546,0.043680449461654204,0.041786021864364364
Dew,57.766401844460226,0.9184674532226674,0.08153254677733253,0.4515485485485486,0.5484514514514514,998.3765322539297,148.2356821945924,0.02285746611622301,0.0035478389830901737,0.043678355561263864,0.04178196442992993
Bubble,57.929871510973676,0.9180810810810811,0.08191891891891889,0.4508067808425426,0.5491932191574573,998.2094152035651,148.7053060990187,0.022854461134117137,0.0035593355003986395,0.04367678631081081,0.041778951740391986
Dew,57.986825943774804,0.9179463744093546,0.08205362559064544,0.45054954954954957,0.5494504504504505,998.1511213389581,148.86905030109278,0.022853412739498098,0.0035633439060780104,0.04367623919966359,0.0417779069954955
Dew,58.20933522288912,0.9174196575917799,0.08258034240822007,0.4495505505505506,0.5504494494494494,997.9230334792578,149.5093751757392,0.022849309656432643,0.003579018375053047,0.04367409993930901,0.04177384956106106
Bubble,58.35178440023371,0.9170820820820821,0.08291791791791792,0.4489159368056115,0.5510840631943885,997.7767239589045,149.91981816556208,0.022846676853724743,0.0035890651806820286,0.04367272887637638,0.04177127207733599
Dew,58.43396689302318,0.9168871918020184,0.08311280819798166,0.4485515515515516,0.5514484484484484,997.6922124436777,150.1567944132615,0.022845155801450023,0.003594865733543892,0.0436719373295039,0.041769792126626626
Dew,58.66075923173622,0.9163488626985659,0.08365113730143414,0.44755255255255255,0.5524474474474474,997.4586002204645,150.81144980256715,0.02284095007482261,0.0036108894267999135,0.04366975090585023,0.0417657346921922
Bubble,58.7726137307838,0.9160830830830832,0.08391691691691683,0.44706336907368505,0.552936630926315,997.3431694000448,151.13470172655494,0.022838871357147312,0.0036188012192861483,0.04366867144194195,0.041763747873492775
Dew,58.88975162661409,0.9158045524235532,0.08419544757644683,0.4465535535535536,0.5534464464464464,997.2221369400241,151.47348750452375,0.022836691341179938,0.0036270930060977287,0.043667540189668265,0.04176167725775776
Dew,59.12098462127193,0.9152541394521612,0.08474586054783884,0.44555455455455456,0.5544454454454455,996.9827607933809,152.1430582393741,0.02283237842793325,0.003643480133280874,0.043665304687384957,0.04175761982332332
Bubble,59.19236025435583,0.9150840840840841,0.08491591591591585,0.4452481586328289,0.554751841367171,996.9087487228571,152.3499522938081,0.022831044574250735,0.003648543506181676,0.04366461400750751,0.04175637539628723
Dew,59.35449996386001,0.9146974984336141,0.08530250156638586,0.4445555555555556,0.5554444444444444,996.7404079460314,152.82031748454853,0.02282801012361086,0.0036600545855511426,0.04366304388988812,0.041753562388888894
Dew,59.59034065827411,0.9141345000233153,0.08586549997668465,0.44355655655655657,0.5564434434434434,996.4950124469044,153.50542568369812,0.022823585176098386,0.003676820260531493,0.043660757271844694,0.04174950495445446
Bubble,59.61102474659671,0.9140850850850851,0.08591491491491487,0.4434694160776867,0.5565305839223134,996.4734591232117,153.5655655129885,0.022823196434874817,0.0036782919343709597,0.04366055657307307,0.04174915103339953
Dew,59.828551018206255,0.9135650107053073,0.08643498929469275,0.4425575575575576,0.5574424424424425,996.2465061320137,154.19854846755328,0.022819102290776105,0.0036937811816151614,0.0436584442909796,0.041745447520020025
Bubble,60.02860800591726,0.9130860860860861,0.0869139139139139,0.44172628044103684,0.5582737195589631,996.0372977964166,154.78153715738054,0.022815326868820394,0.00370804639974431,0.043656499138638644,0.04174207128801127
Dew,60.069176724268296,0.9129888926045873,0.08701110739541273,0.4415585585585586,0.5584414414414414,995.9948185225196,154.89985688756565,0.022814560128547698,0.0037109415036241625,0.04365610438731354,0.04174139008558558
Dew,60.31226488439114,0.9124060032883918,0.08759399671160818,0.4405595595595596,0.5594404404404404,995.7398767167075,155.60952766319141,0.022809957303750895,0.0037283055187979195,0.043653736982355806,0.04173733265115115
Bubble,60.44511085238361,0.9120870870870871,0.08791291291291292,0.4400179180778145,0.5599820819221855,995.6002619366797,155.99786312187152,0.022807435805837006,0.003737806800941434,0.04365244170420421,0.04173513277427304
Dew,60.557864097746965,0.9118161955557448,0.08818380444425526,0.4395605605605606,0.5604394394394394,995.4816052755081,156.32774344385055,0.022805292381942736,0.003745877663137058,0.043651341478249665,0.04173327521671672
Dew,60.80602452241922,0.9112193172143455,0.08878068278565458,0.43856156156156156,0.5614384384384384,995.2199261010373,157.05469308653232,0.022800563877549265,0.0037636625231258426,0.04364891725686607,0.04172921778228229
Bubble,60.860534126679305,0.9110880880880882,0.08891191191191183,0.4383435216007611,0.5616564783992388,995.1623487365914,157.21453941732594,0.022799523175611017,0.0037675730392219523,0.043648384269769774,0.04172833221298149
Dew,61.05679794712687,0.9106152108439397,0.08938478915606032,0.4375625625625626,0.5624374374374375,994.9547583076569,157.79057195031422,0.022795770251369866,0.00378166484286388,0.043646463678842666,0.041725160347847845
Bubble,61.27487868910434,0.9100890890890891,0.08991091091091086,0.4367023088649315,0.5632976911350684,994.7235553866321,158.43156216517716,0.0227915889077543,0.0037973450183409105,0.04364432683533533,0.04172166642745492
Dew,61.31023786732169,0.9100037135450311,0.0899962864549689,0.4365635635635636,0.5634364364364364,994.6860180849673,158.53558220912728,0.022790909907924938,0.003799889531639342,0.04364398008256315,0.04172110291341342
Dew,61.566399565905485,0.9093846566719598,0.09061534332804026,0.4355645645645646,0.5644354354354354,994.4136185521509,159.2899331838708,0.022785981192635495,0.003818341671970423,0.04364146578307317,0.04171704547897898
Bubble,61.68814541863291,0.9090900900900901,0.09090990990990988,0.4350935219985562,0.5649064780014438,994.2838790747003,159.64892759237634,0.022783632931793366,0.003827122644432636,0.043640269400900905,0.04171513233959713
Dew,61.82534019903087,0.9087578655490024,0.09124213445099759,0.4345655655655656,0.5654344344344344,994.1374696029283,160.05384169575467,0.022780982388820238,0.003837026528160391,0.043638920070927276,0.04171298804454455
Dew,62.08711888728379,0.9081231591682737,0.09187684083172636,0.4335665665665666,0.5664334334334333,993.8574777404627,160.8275324421982,0.022775911714497332,0.003855949555398434,0.04363634221096195,0.041708930610110106
Bubble,62.10025013043415,0.9080910910910911,0.0919089089089089,0.4335164264762324,0.5664835735237677,993.843266741262,160.86624897646334,0.022775654025720887,0.0038568966419685736,0.04363621196646647,0.04170872696613323
Dew,62.35179681276239,0.9074803498678545,0.09251965013214547,0.4325675675675676,0.5674324324324325,993.5735459013217,161.61123839739753,0.022770767318973477,0.003875116409457328,0.04363373144098829,0.04170487317567567
Bubble,62.51135793294896,0.9070920920920922,0.09290790790790782,0.43197031024095456,0.5680296897590454,993.4018123812592,162.0842596220518,0.02276765433739846,0.0038866845873314847,0.04363215453203204,0.041702447415043635
Dew,62.61943732240578,0.9068292429887017,0.09317075701129834,0.43156856856856857,0.5684314314314314,993.2855732676848,162.40520123914007,0.022765547279204306,0.0038945329570261784,0.043631086970398615,0.041700815741241244
Dew,62.890106038250636,0.9061696365084483,0.09383036349155169,0.4305695695695696,0.5694304304304304,992.9934550667662,163.20967180461554,0.02276024959590632,0.003914205286744612,0.04362840797867906,0.04169675830680681
Bubble,62.921390259986765,0.9060930930930932,0.09390690690690684,0.4304544828518068,0.5695455171481931,992.9594663552547,163.30260013957968,0.02275963272324184,0.0039164778613359685,0.0436280970975976,0.04169629088210262
Dew,63.16387097495705,0.9055013206502494,0.0944986793497506,0.4295705705705706,0.5704294294294294,992.6970823564102,164.02491057683127,0.022754872189399766,0.003934139720977449,0.043625693613820994,0.04169270087237237
Bubble,63.330348034215014,0.9050940940940941,0.09490590590590586,0.42896827468241405,0.571031725317586,992.516225821047,164.52126699463824,0.022751589111980924,0.003946276375263638,0.04362403966316316,0.041690254647622625
Dew,63.440802665479964,0.9048240774645855,0.09517592253541456,0.4285715715715716,0.5714284284284283,992.3963417956894,164.85118820515686,0.02274941289515987,0.003954342828414926,0.043622942990622415,0.04168864343793794
Dew,63.72097429531554,0.904137680381586,0.095862319618414,0.4275725725725726,0.5724274274274275,992.0911153991772,165.68878606200272,0.02274386945905045,0.003974821437547128,0.043620155188869816,0.04168458600350351
Bubble,63.73823219168867,0.9040950950950951,0.09590490490490489,0.4275110361486116,0.5724889638513884,992.0720879308749,165.7402567279693,0.022743523432191638,0.0039760800420679055,0.04361998222872873,0.041684336073317584
Dew,64.004461846279,0.9034418937314354,0.09655810626856469,0.4265735735735736,0.5734264264264264,991.781280273495,166.53799683954063,0.022738239532212618,0.003995582651106966,0.043617329251390224,0.04168052856906907
Bubble,64.14504368110623,0.9030960960960961,0.09690390390390391,0.4260821369709575,0.5739178630290425,991.6270498310058,166.95956595121882,0.022735435612286446,0.0040058887762759844,0.0436159247942943,0.041678532599307545
Dew,64.29134425048716,0.9027364722299465,0.09726352777005348,0.4255745745745746,0.5744254254254254,991.4667083345515,167.3991251894379,0.02273252066557778,0.004016633861553678,0.04361446418196193,0.041676471134634636
Bubble,64.55078346308494,0.9020970970970972,0.09790290290290282,0.4246809654694605,0.5753190345305395,991.1811086613372,168.1791913429538,0.02272732558050507,0.004035702493896979,0.04361186735985986,0.04167284174125422
Dew,64.58170355557084,0.9020211604261781,0.09797883957382193,0.42457557557557557,0.5754244244244244,991.1472660037008,168.2724884098783,0.022726710303970367,0.004037982767700108,0.04361155894307092,0.041672413700200195
Dew,64.87562510205454,0.9012956921085974,0.09870430789140265,0.4235765765765766,0.5764234234234233,990.8228138809017,169.1584171839122,0.02272080577976289,0.004059637392581545,0.04360861245349907,0.04166835626576577
Bubble,64.95545250945446,0.9010980980980982,0.09890190190190185,0.42330692788868135,0.5766930721113186,990.7342615550036,169.3991296446969,0.022719193264905475,0.004065521112330288,0.04360780992542543,0.04166726108761988
Dew,65.17319771408374,0.9005597896659966,0.09944021033400344,0.4225775775775776,0.5774224224224225,990.4932063927382,170.05725637411285,0.0227148043060417,0.004081606102686424,0.043605623585728455,0.04166429883133134
Bubble,65.359196764709,0.9000990990990991,0.09990090090090087,0.4219594477564743,0.5780405522435257,990.2865931937921,170.6200611704942,0.022711040601342644,0.00409536095651762,0.043603752490991,0.04166178829706293
Dew,65.47451390470415,0.899813163398769,0.10018683660123093,0.4215785785785786,0.5784214214214214,990.1582914128769,170.96936587869868,0.022708702969236074,0.004103897628673691,0.0436025911631441,0.04166024139689689
Bubble,65.76173703890925,0.8991001001001001,0.10089989989989989,0.420637965247784,0.5793620347522159,989.8379317340236,171.84066596928713,0.02270286364273942,0.004125190341577152,0.043599695056556566,0.04165642109585387
Dew,65.77967009708875,0.8990555107758127,0.1009444892241873,0.4205795795795796,0.5794204204204204,989.8179098523229,171.89512155505906,0.02270249872115932,0.004126521087720337,0.043599513957015966,0.04165618396246246
Dew,66.08876686331948,0.8982865156317359,0.10171348436826406,0.4195805805805806,0.5804194194194194,989.4718952164995,172.83491621748774,0.02269618837040394,0.004149486007663638,0.04359639068323829,0.041652126528028036
Bubble,66.16321015510997,0.8981011011011012,0.1018988988988988,0.4193419366182713,0.5806580633817287,989.3883560926428,173.0615776919818,0.022694664192515184,0.004155024470195641,0.043595637622122124,0.041651157275575106
Dew,66.40190918231778,0.8975058472983086,0.10249415270169134,0.4185815815815816,0.5814184184184183,989.1200731258185,173.7891607160209,0.02268976857302578,0.004172802353104854,0.043593219998802085,0.041648069093593594
Bubble,66.56361715767451,0.8971021021021022,0.10289789789789783,0.4180708336204136,0.5819291663795865,988.937863396148,174.2827935175212,0.022686442178470753,0.00418486326984607,0.04359158018768769,0.04164599469074931
Dew,66.71920671903733,0.8967131596636129,0.10328684033638717,0.41758258258258263,0.5824174174174174,988.7622607960488,174.7582851052653,0.02268323582244534,0.004196480553689142,0.04359000049797377,0.04164401165915916
Bubble,66.96295910083414,0.8961031031031031,0.10389689689689685,0.41682414296397124,0.5831758570360288,988.486450763797,175.5043106835739,0.022678197528213945,0.004214706669307589,0.043587522753253255,0.041640931256648174
Dew,67.04077412688551,0.8959080901511619,0.10409190984883807,0.4165835835835836,0.5834164164164164,988.3982664742666,175.74273991175704,0.02267658643848405,0.004220531534768248,0.043586730708148946,0.041639954224724725
Bubble,67.36123704820561,0.8951041041041041,0.10489589589589587,0.41560136579502266,0.5843986342049774,988.0341153073329,176.72612648406735,0.022669930169153196,0.00424455459860915,0.04358346531881883,0.04163596494717649
Dew,67.36673137598697,0.8950902586107392,0.10490974138926082,0.4155845845845846,0.5844154154154154,988.0278888257415,176.74299751088824,0.022669816555444963,0.0042449667507127075,0.04358340908534752,0.04163589679029029
Dew,67.69720410992909,0.8942592661113329,0.10574073388866713,0.4145855855855856,0.5854144144144144,987.6509162664622,177.75955362475747,0.022662922109134738,0.0042697982211481154,0.04358003400931118,0.04163183935585586
Bubble,67.75845207233661,0.8941051051051051,0.1058948948948949,0.41440201719647257,0.5855979828035274,987.5808541307184,177.9482382668532,0.022661640028491387,0.004274406988976185,0.043579407884384386,0.04163109379284347
Dew,68.03232403405258,0.8934146936253203,0.10658530637467971,0.4135865865865866,0.5864134134134134,987.2671262353128,178.79292895406738,0.022655898822710338,0.0042950385704327325,0.043576603778159244,0.041627781921421414
Bubble,68.15460523526171,0.8931061061061062,0.10689389389389381,0.41322562570904625,0.5867743742909537,987.126664318168,179.17064333813246,0.022653327032951073,0.004304263770537243,0.04357535044994995,0.041626315878817294
Dew,68.37222933886392,0.8925561005918586,0.10744389940814139,0.4125875875875876,0.5874124124124124,986.8762843991872,179.84367095932046,0.022648742191219484,0.0043207010707450215,0.043573116602553835,0.041623724486986986
Bubble,68.54969766157414,0.8921071071071072,0.10789289289289283,0.41207173287180154,0.5879282671281985,986.6715429791437,180.39333932066165,0.02264499110980698,0.004334124880931543,0.043571293015515516,0.041621629343058825
Dew,68.71709739671752,0.8916830233452052,0.1083169766547948,0.4115885885885886,0.5884114114114114,986.4780576572049,180.91247183914493,0.022641445487936007,0.004346802477076747,0.04356957059931655,0.04161966705255256
Bubble,68.94373043123896,0.8911081081081081,0.10889189189189186,0.4109398927812499,0.58906010721875,986.215487182416,181.61632362901736,0.022636632185372728,0.004363990252706332,0.04356723558108109,0.04161703237453105
Dew,69.06702147541029,0.8907949733936453,0.10920502660635463,0.41058958958958963,0.5894104104104103,986.0723443824602,181.99972529316864,0.02263400734714571,0.004373352378188681,0.04356596378443829,0.04161560961811812
Bubble,69.33670464826713,0.8901091091091091,0.10989089089089088,0.4098296716681842,0.5901703283318158,985.7584939982864,182.83959380524544,0.02262825018596966,0.004393859821381907,0.04356317814664665,0.04161252321148034
Dew,69.4221901509305,0.8898914355278273,0.1101085644721727,0.4095905905905906,0.5904094094094094,985.6587943350675,183.10617205730736,0.022626420749453275,0.004400368706483994,0.04356229406539627,0.04161155218368368
Bubble,69.72862142358905,0.8891101101101102,0.11088988988988979,0.4087406474914498,0.5912593525085502,985.3005604880597,184.06314743523805,0.022619845037685098,0.0044237335234451865,0.04355912071221222,0.04160810013978653
Dew,69.78277280528528,0.8889718657418785,0.11102813425812154,0.40859159159159164,0.5914084084084084,985.2371161156857,184.23248868645828,0.022618680081957675,0.004427867858825663,0.04355855923271064,0.04160749474924925
Bubble,70.11948187468462,0.8881111111111112,0.11188888888888882,0.4076724095478553,0.5923275904521448,984.8416837038127,185.28698214694742,0.022611416666366974,0.004453611296308957,0.04355506327777778,0.04160376149137862
Dew,70.14894814095373,0.8880356889407145,0.11196431105928548,0.4075925925925926,0.5924074074074074,984.8070011873583,185.37939044536478,0.02261077939898944,0.004455867168921447,0.04355475695063272,0.04160343731481481
Bubble,70.50928712524811,0.8871121121121122,0.11288788788788784,0.40662455809745457,0.5933754419025454,984.3818606881765,186.51109560874474,0.02260296499761869,0.0044834930782745195,0.04355100584334334,0.041599505642712815
Dew,70.52090492707661,0.887082296407499,0.11291770359250097,0.4065935935935936,0.5934064064064064,984.3681224582308,186.54763446318483,0.02260271239447609,0.004484384983612862,0.04355088474685905,0.041599379880380385
Bubble,70.89803830487261,0.8861131131131131,0.11388688688688686,0.4055967040035498,0.5944032959964503,983.9210884741353,187.73548552791016,0.02259448995679438,0.004513378808497405,0.04354694840890891,0.04159533101331042
Dew,70.8988428248547,0.8861110429995103,0.11388895700048969,0.4055945945945946,0.5944054054054053,983.920132710953,187.73802322610248,0.022594472371311014,0.0045134407473357676,0.043546940001142516,0.041595322445945944
Dew,71.28297330284683,0.8851212440359887,0.11487875596401133,0.4045955955955956,0.5954044044044045,983.4626628580579,188.9514084537854,0.02258605220732049,0.004543055095859382,0.04354291993265217,0.04159126501151151
Bubble,71.28573654872051,0.8851141141141141,0.11488588588588589,0.4045884683867528,0.5954115316132472,983.4593640847987,188.96014964910043,0.022585991468993597,0.004543268426952457,0.043542890974474474,0.0415912360643528
Bubble,71.67238299723542,0.8841151151151152,0.1158848848848848,0.4035994822923972,0.5964005177076028,982.9966845332192,190.18508575296198,0.022577469459056962,0.004573161874402353,0.043538833540040046,0.04158721929733058
Dew,71.67352065440278,0.8841121718354947,0.11588782816450531,0.40359659659659664,0.5964034034034034,982.9953199992189,190.1886954122724,0.02257744431735695,0.004573249960574526,0.04353882158590987,0.04158720757707708
Bubble,72.05797879585019,0.8831161161161162,0.11688388388388382,0.4026293863708397,0.5973706136291603,982.5330468221827,191.4102916548294,0.02256892385156128,0.004603059092368075,0.04353477610560561,0.04158327925274517
Dew,72.0707231316551,0.8830830518534214,0.11691694814657863,0.4025975975975976,0.5974024024024024,982.5176852522725,191.45084772520534,0.022568640610968017,0.004604048684827187,0.04353464181510267,0.04158315014264265
Bubble,72.44252509471406,0.8821171171171172,0.11788288288288284,0.4016778305699064,0.5983221694300935,982.0684479440241,192.635765203421,0.02256035457081513,0.004632960023099278,0.04353071867117118,0.04157941450885967
Dew,72.47483421279131,0.8820330583615476,0.11796694163845241,0.40159859859859864,0.5984014014014014,982.0293113250159,192.7388927553303,0.02255963244499524,0.004635476154035496,0.04353037726653543,0.041579092708208205
Bubble,72.82602313500638,0.8811181181181181,0.11888188188188187,0.40074447383915,0.59925552616085,981.602884935668,193.86150473797494,0.022551761542123284,0.0046628646205711995,0.04352666123673674,0.04157562368049771
Dew,72.88612190709672,0.8809613096014346,0.11903869039856538,0.4005995995995996,0.5994004004004003,981.529726340702,194.05391986391854,0.022550410720867064,0.004667558754576234,0.04352602435894623,0.04157503527377377
Bubble,73.20847391311065,0.8801191191191192,0.11988088088088078,0.39982898384520915,0.6001710161547908,981.1363546645484,195.0875073141943,0.022543144686868372,0.004692772807816819,0.04352260380230231,0.04157190541788732
Dew,73.30487828118913,0.8798668623314279,0.12013313766857212,0.3996006006006006,0.6003993993993995,981.0184061283422,195.3971163369817,0.022540965258568767,0.0047003252387311885,0.04352157926135909,0.04157097783933935
Bubble,73.58987866884125,0.8791201201201202,0.1208798798798798,0.3989310366979067,0.6010689633020934,980.6688541395525,196.31377127965533,0.022534503929654098,0.00472268453887044,0.04351854636786787,0.04156825840554855
Dew,73.73141001871653,0.8787487056713588,0.1212512943286412,0.39860160160160163,0.6013983983983984,980.4948057679437,196.76973377378306,0.02253128553327034,0.004733805917230379,0.043517037868084224,0.04156692040490491
Bubble,73.9702385687681,0.8781211211211212,0.12187887887887883,0.3980503166866089,0.601949683313391,980.2003803094307,197.5402946062223,0.022525839193674055,0.004752599758662302,0.04351448893343343,0.04156468136122266
Dew,74.16604757054583,0.8776057541315778,0.12239424586842212,0.3976026026026026,0.6023973973973974,979.9583334572498,198.17312287578994,0.02252136008846841,0.004768033497032862,0.0435123957704054,0.04156286297047047
Bubble,74.34955478295979,0.8771221221221221,0.12287787787787785,0.3971865160263249,0.6028134839736752,979.7309301115804,198.76707529388386,0.022517150401832258,0.004782518412732396,0.043510431498999004,0.04156117303484092
Dew,74.60914576968328,0.876436839689756,0.12356316031024396,0.39660360360360364,0.6033963963963964,979.4083513500364,199.60873708182294,0.02251117657057742,0.004803043169966477,0.043507648224399946,0.04155880553603604
Bubble,74.72782848474455,0.8761231231231231,0.12387687687687687,0.39633933461324855,0.6036606653867514,979.2605004718671,199.99411136979754,0.022508437476738915,0.0048124404472088015,0.04350637406456457,0.041557732207531714
Dew,75.06108646431255,0.8752407027515825,0.12475929724841749,0.3956046046046046,0.6043953953953953,978.8441704607834,201.0781438100928,0.02250072162936276,0.0048388728844765356,0.04350279011422555,0.041554748101601605
Bubble,75.10506085052177,0.8751241241241242,0.12487587587587579,0.3955084797892374,0.6044915202107626,978.7890883044689,201.22140088752073,0.02249970034070668,0.0048423658087904725,0.043502316630130135,0.04155435769066399
Bubble,75.48125305954268,0.8741251251251252,0.1258748748748748,0.39469366611491286,0.6053063338850871,978.3166905116962,202.44894192614686,0.022490938915746404,0.0048722944447276775,0.04349825919569569,0.04155104832492572
Dew,75.52228153017877,0.874015981796936,0.12598401820306404,0.39460560560560565,0.6053943943943944,978.2650448256564,202.5830373313847,0.02248998080382288,0.004875563656790505,0.04349781591006825,0.04155069066716718
Bubble,75.85640629372404,0.8731261261261262,0.12687387387387383,0.3938946151509981,0.6061053848490019,977.8433039838477,203.67673258960096,0.022482153123563654,0.004902226302806226,0.043494201761261266,0.04154780297943578
Dew,75.99317633122817,0.8727612014698616,0.12723879853013842,0.3936066066066066,0.6063933933933934,977.670164783362,204.12525357116053,0.02247893839085098,0.004913159928692836,0.043492719619769846,0.04154663323273273
Bubble,76.23052173744827,0.8721271271271271,0.12787287287287286,0.3931110552475099,0.6068889447524901,977.3689255990248,204.90477100584383,0.02247334288555433,0.00493216133132946,0.04349014432682683,0.04154462055088776
Dew,76.47425371298417,0.8714747588164669,0.1285252411835332,0.3926076076076076,0.6073923923923924,977.0586492089385,205.70678720570578,0.022467577293410097,0.004951709980730952,0.043487494732933084,0.0415425757982983
Bubble,76.6036005773872,0.8711281281281281,0.12887187187187188,0.39234272134061005,0.6076572786593899,976.8935522229959,206.13305532630545,0.022464508122801388,0.004962099479105673,0.043486086892392396,0.04154149996272488
Dew,76.96603863231125,0.8701549073059368,0.1298450926940632,0.39160860860860863,0.6083913913913914,976.4295364950224,207.32981150074656,0.022455878844202706,0.004991266411685776,0.04348213415602307,0.04153851836386387
Bubble,76.97564400232523,0.8701291291291292,0.1298708708708708,0.3915893547566099,0.6084106452433902,976.4171807090307,207.3615837252044,0.022455648756070878,0.004992040695432775,0.043482029457957955,0.04153844016434397
Bubble,77.34665320298808,0.8691301301301302,0.13086986986986981,0.39085070302295755,0.6091492969770425,975.9398078977478,208.59035439895914,0.02244676470580828,0.005021984930085132,0.04347797202352353,0.04153544013032774
Dew,77.46910355202253,0.8687997381817849,0.1312002618182151,0.3906096096096096,0.6093903903903903,975.78177402599,208.99670144856663,0.022443822599856417,0.005031886697739252,0.043476630136625324,0.04153446092942943
Bubble,77.7166293718779,0.8681311311311312,0.13186886886886884,0.390126519685951,0.609873480314049,975.4614306169615,209.8193655656763,0.022437855892134886,0.005051932133302157,0.04347391458908909,0.04153249885970449
Dew,77.98407476039038,0.8674071585768132,0.1325928414231868,0.38961061061061064,0.6103893893893894,975.1142058272394,210.71006089699685,0.022431386099414814,0.005073633848088916,0.04347097417455973,0.041530403494995
Bubble,78.08557370311496,0.8671321321321321,0.13286786786786786,0.3894165641347598,0.6105834358652402,974.9820456815335,211.0486154645964,0.022428922234844162,0.005081882255775903,0.04346985715465466,0.04152961537523333
Bubble,78.45348739227765,0.8661331331331332,0.13386686686686677,0.38872060143168974,0.6112793985683103,974.5016498932234,212.27810235566193,0.022419963653398208,0.005111835248641501,0.04346579972022022,0.041526788722714814
Dew,78.51168001142169,0.8659748656769646,0.13402513432303542,0.3886116116116116,0.6113883883883884,974.4254497239818,212.47290675976643,0.022418542088457408,0.005116580843638479,0.043465156916946995,0.04152634606056056
Bubble,78.82037163626434,0.8651341341341342,0.1348658658658658,0.3880384021482105,0.6119615978517895,974.0202400405403,213.5078245190318,0.022410980066924165,0.0051417910634663205,0.04346174228578579,0.04152401797032496
Dew,79.05260930975044,0.8645003160271714,0.13549968397282866,0.38761261261261265,0.6123873873873873,973.7142807737221,214.28814692385876,0.022405267400014462,0.005160798068077276,0.04345916803354436,0.04152228862612613
Bubble,79.18622763314097,0.8641351351351352,0.13586486486486482,0.38736974220677367,0.6126302577932263,973.5378128986029,214.7377802547149,0.02240197139421084,0.0051717496522419165,0.04345768485135136,0.04152130220797281
Bubble,79.55105658200222,0.8631361361361362,0.13686386386386384,0.3867144027279787,0.6132855972720213,973.054365228987,215.9679678821615,0.022392937553705066,0.005201710967374938,0.04345362741691692,0.04151864054667968
Dew,79.60773209346354,0.862980688809088,0.13701931119091204,0.3866136136136136,0.6133863863863864,972.9790495898703,216.15940682422888,0.02239152964449782,0.005206373215328234,0.043452996067598115,0.0415182311916917
Bubble,79.91485968284054,0.8621371371371371,0.13786286286286287,0.3860721698829815,0.6139278301170186,972.5698937795902,217.19838573993758,0.022383878463508387,0.005231674961680008,0.043449569982482485,0.04151603211797973
Dew,80.17798277946173,0.8614128415822506,0.13858715841774932,0.38561461461461466,0.6143853853853853,972.2180028539441,218.09060382566,0.02237729466883886,0.0052534010456497336,0.04344662825608631,0.04151417375725726
Bubble,80.2776381364081,0.8611381381381382,0.13886186186186178,0.38544283475092606,0.614557165249074,972.084395284485,218.42903218539723,0.022374794041373543,0.005261641588372502,0.04344551254804805,0.04151347607334089
Bubble,80.63939314409204,0.8601391391391392,0.1398608608608608,0.384826193181159,0.615173806818841,971.5978664637793,219.65990559437438,0.022365684204701083,0.005291610801061781,0.04344145511361362,0.04151097158360528
Dew,80.76440339807682,0.8597932565024288,0.1402067434975712,0.38461561561561564,0.6153843843843844,971.4291799682629,220.08611641740472,0.022362524283631193,0.00530198746507483,0.04344005031128462,0.041510116322822824
Bubble,81.00012590780251,0.8591401401401402,0.14085985985985983,0.3842220456601128,0.6157779543398871,971.110304023483,220.89100436099244,0.02235654887053615,0.005321582553747204,0.04343739767917919,0.04150851783844855
Bubble,81.35983747574048,0.8581411411411412,0.14185885885885885,0.3836301971826208,0.6163698028173792,970.6217045500682,222.12232594946042,0.02234738795314066,0.0053515567779737925,0.043433340244744746,0.04150611404585722
Dew,81.36816483531734,0.8581179743872613,0.1418820256127386,0.3836166166166166,0.6163833833833834,970.6103686094742,222.15087469595798,0.02234717536863214,0.005352251710848563,0.043433246152973864,0.041506058888388396
Bubble,81.71852934052541,0.8571421421421422,0.14285785785785776,0.3830504571274766,0.6169495428725233,970.1320649187475,223.35387056676197,0.022338201373393013,0.0053815334713168276,0.04342928281031031,0.041503759431623245
Dew,81.99058985804653,0.856382513092234,0.14361748690776593,0.38261761761761764,0.6173823823823823,969.7590597462155,224.29046002122163,0.022331198996375586,0.0054043287591821225,0.043426197576924105,0.041502001453953954
Bubble,82.0762025668792,0.8561431431431432,0.14385685685685679,0.382482639137186,0.617517360862814,969.6413816983576,224.58563581678294,0.022328989045086796,0.005411512568589164,0.04342522537587588,0.04150145323885568
Bubble,82.43285835736614,0.8551441441441442,0.1448558558558558,0.38192656100157735,0.6180734389984226,969.1496515369408,225.81762016275022,0.022319750883807478,0.005441494025257943,0.04342116794144145,0.041499194727507904
Dew,82.63318253184846,0.8545817653760475,0.14541823462395248,0.3816186186186186,0.6183813813813814,968.8723893308721,226.51123211006208,0.022314539288930797,0.00545837239559428,0.04341888384007482,0.04149794401951952
Bubble,82.78849816862136,0.8541451451451452,0.14585485485485483,0.38138204454531666,0.6186179554546833,968.656871243529,227.04982369099085,0.022310486808816983,0.0054714778358558504,0.04341711050700701,0.0414969831739208
Bubble,83.14312272424331,0.8531461461461461,0.14685385385385386,0.38084891551900624,0.6191510844809938,968.1630371058968,228.2822418859909,0.022301196727340083,0.005501463883974336,0.04341305307257257,0.041494817870380445
Dew,83.2976654204997,0.8527098695779597,0.14729013042204028,0.38061961961961965,0.6193803803803803,967.9470644465518,228.82048988729605,0.0222971319696821,0.005514559100606045,0.043411281135290886,0.041493886585085085
Bubble,83.4967334541291,0.8521471471471472,0.14785285285285277,0.3803270034938649,0.6196729965061352,967.6681458844181,229.51487469270424,0.022291880557454024,0.005531452160642473,0.04340899563813814,0.041492698124690336
Bubble,83.8493315602662,0.8511481481481482,0.1488518518518518,0.3798161417597547,0.6201838582402452,967.1721941673586,230.74772064481638,0.02228253821324023,0.005561442622835319,0.04340493820370371,0.04149062325975724
Dew,83.98602723907413,0.8507600436975362,0.14923995630246378,0.37962062062062063,0.6203793793793794,966.9792685441112,231.22667771843467,0.022278902504893994,0.005573093031519715,0.04340336191747755,0.04148982915065065
Bubble,84.20091824418984,0.8501491491491492,0.14985085085085081,0.3793161672265317,0.6206838327734683,966.6751785276542,231.98077829298262,0.02227316960839479,0.005591435227890291,0.04340088076926927,0.04148859261319056
Bubble,84.55149470689655,0.8491501501501502,0.15084984984984984,0.37882692032848675,0.6211730796715133,966.1770955227882,233.21404620480345,0.02226377465622543,0.005621429933506928,0.043396823334834835,0.04148660553691415
Dew,84.70058478666402,0.8487243693570056,0.1512756306429944,0.37862162162162166,0.6213783783783784,965.9645380787686,233.7396536799282,0.022259763684273175,0.005634212502513543,0.043395094026143485,0.04148577171621622
Bubble,84.90106214873859,0.8481511511511511,0.15184884884884886,0.3783482449318679,0.6216517550681321,965.6779416946445,234.44752296476233,0.022254353269647968,0.005651426697745663,0.0433927659004004,0.04148466139679079
Bubble,85.24962176935185,0.8471521521521522,0.15284784784784777,0.37787998824526947,0.6221200117547305,965.1777135693858,235.68120717426646,0.022244905361183304,0.005681425479029116,0.043388708465965965,0.04148275957225816
Dew,85.44406475033865,0.8465935057930386,0.1534064942069614,0.37762262262262264,0.6223773773773773,964.8975992918741,236.3710442272878,0.02223961241998323,0.00569819855133371,0.043386439523778436,0.041481714281781774
Bubble,85.5971747675607,0.8461531531531532,0.1538468468468468,0.3774220007328988,0.6225779992671012,964.67640765732,236.91509745165843,0.02223543084295418,0.0057114262361426,0.04338465103153153,0.04148089945597667
Bubble,85.94372234128734,0.8451541541541542,0.15484584584584582,0.37697413603051055,0.6230258639694894,964.1740204527554,238.14919243220152,0.02222592962668162,0.005741428928234012,0.043380593597097096,0.04147908045348792
Dew,86.21971374307702,0.8443563039999677,0.15564369600003222,0.37662362362362367,0.6233763763763763,963.7721482809084,239.13472172368276,0.02221832543404623,0.005765386473102478,0.043377353128695874,0.04147765684734735
Bubble,86.28926568748429,0.8441551551551552,0.15584484484484484,0.3765362508639612,0.6234637491360389,963.6705484338869,239.38349076819756,0.022216401623682165,0.005771433514816888,0.04337653616266266,0.04147730198288398
Bubble,86.63380600203324,0.8431561561561562,0.15684384384384376,0.3761082049703107,0.6238917950296893,963.1659880626434,240.61799112896838,0.022206846744864117,0.005801439955770126,0.043372478728228234,0.041475563474486915
Bubble,86.97734447968257,0.8421571571571572,0.15784284284284278,0.37568986102132595,0.624310138978674,962.6603357845713,241.8526922010039,0.02219726490072471,0.005831448211341728,0.0433684212937938,0.04147386437053811
Dew,87.03144941058946,0.8419992747817616,0.1580007252182384,0.37562462462462465,0.6243753753753754,962.5805484409142,242.04746084120112,0.02219575332725507,0.005836181673824987,0.04336778005452612,0.04147359941291292
Bubble,87.31988231396758,0.8411581581581582,0.1588418418418418,0.3752810845493276,0.6247189154506724,962.1535880286965,243.0875926880242,0.022187656001346694,0.005861458242150455,0.043364363859359364,0.0414722041248971
Bubble,87.66142069712053,0.8401591591591592,0.15984084084084083,0.3748817438753429,0.6251182561246571,961.6457412073864,244.32269131105625,0.022178019956394974,0.005891470009187776,0.04336030642492493,0.04147058220274971
Dew,87.88423621036009,0.8395058367943705,0.16049416320562945,0.3746256256256256,0.6253743743743744,961.3130318312873,245.130513063397,0.022171703639118346,0.005911097672373927,0.043357652956140344,0.04146954197847848
Bubble,88.00196034497417,0.8391601601601602,0.16083983983983985,0.37449171003939274,0.6255082899606073,961.1367913719728,245.5579834808989,0.022168356667173462,0.005921483393576468,0.0433562489904905,0.041468998080325
Bubble,88.34150334361357,0.8381611611611612,0.16183883883883876,0.3741108567328947,0.6258891432671053,960.6267355497006,246.79347420896144,0.022158666057460398,0.0059514985079044775,0.043352191556056054,0.041467451244620646
Bubble,88.68005045353301,0.8371621621621622,0.16283783783783778,0.37373906023312314,0.6262609397668768,960.1155697933632,248.02915929470254,0.022148948028525798,0.005981515242580692,0.043348134121621626,0.041465941193136825
Dew,88.78386314260078,0.8368552219373598,0.16314477806264013,0.37362662662662666,0.6263733733733734,959.9583064221948,248.40884033343244,0.022145957002766947,0.005990737671703224,0.04334688748389859,0.04146548454404404
Bubble,89.01760357266988,0.8361631631631632,0.1638368368368368,0.37337619933959826,0.6266238006604017,959.6032909679296,249.26504261955142,0.022139202500340606,0.006011533682872217,0.04334407668718719,0.04146446743361778
Bubble,89.35416254051904,0.8351641641641642,0.16483583583583583,0.3730221553124081,0.6269778446875919,959.0898944181931,250.50111340878126,0.022129429357770212,0.006041553560543526,0.04334001925275276,0.04146302948380135
Bubble,89.68972918026353,0.8341651651651653,0.16583483483483474,0.37267681181233214,0.6273231881876679,958.5753769206943,251.73737503860505,0.02211962851867522,0.006071574948584891,0.043335961818318315,0.041461626871175786
Dew,89.73811797531523,0.8340208253062852,0.16597917469371481,0.37262762762762763,0.6273723723723723,958.5009746831432,251.91595747791916,0.022118210856852033,0.006075911396198228,0.04333537558198148,0.04146142710960961
Bubble,90.02430467316879,0.8331661661661662,0.16683383383383377,0.37234005484273164,0.6276599451572684,958.0597347675634,252.97382635618246,0.02210979988970638,0.006101597810718775,0.04333190438388389,0.04146025913274376
Bubble,90.3578901986482,0.8321671671671672,0.1678328328328328,0.3720117726931473,0.6279882273068527,957.5429642332067,254.21046622730935,0.02209994337707043,0.0061316221110727116,0.04332784694944945,0.04145892581479322
Bubble,90.69048693420149,0.8311681681681682,0.1688318318318318,0.3716918558846104,0.6283081441153896,957.0250615741759,255.44729353669348,0.02209005888652684,0.006161647814185851,0.04332378951501502,0.04145762647267534
Dew,90.75710801787349,0.8309676106378214,0.1690323893621786,0.37162862862862867,0.6283713713713713,956.9210203462281,255.69549237161928,0.022088072701315114,0.006167672825725137,0.04332297495060551,0.041457369675175174
Bubble,91.02209605537294,0.8301691691691692,0.16983083083083084,0.37138019711638837,0.6286198028836116,956.5060230290445,256.6843071881855,0.02208014632338477,0.006191674885014539,0.043319732080580584,0.04145636067058821
Bubble,91.35271873565,0.8291701701701703,0.17082982982982975,0.371076691214495,0.6289233087855051,955.9858448182473,257.92150610493013,0.022070205592499125,0.006221703288935809,0.04331567464614615,0.041455127981367676
Bubble,91.68235614643288,0.8281711711711712,0.17182882882882877,0.37078123508148886,0.6292187649185111,955.4645231439641,259.15888922968884,0.022060236598267703,0.006251732991755111,0.043311617211711714,0.041453927986283466
Dew,91.85457649484825,0.8276478118925792,0.17235218810742087,0.37062962962962964,0.6293703703703704,955.1911191401181,259.8068881143803,0.022055006515124743,0.006267457871775066,0.043309491588001715,0.041453312240740746
Bubble,92.01100945696294,0.8271721721721722,0.1728278278278278,0.3704937276478055,0.6295062723521945,954.9420541899757,260.3964555250353,0.02205023924462761,0.006281763959710898,0.04330755977727728,0.041452760274841564
Bubble,92.3386798342574,0.8261731731731732,0.17382682682682682,0.37021406982450744,0.6297859301754926,954.4184341215229,261.6342039736314,0.022040213435051824,0.006311796159481128,0.04330350234284284,0.041451624444592244
Bubble,92.66536844305827,0.8251741741741743,0.17482582582582573,0.3699421644572862,0.6300578355427138,953.8936590851748,262.87213357847423,0.0220301590725459,0.006341829558189119,0.04329944490840841,0.041450520100943265
Bubble,92.99107644576901,0.8241751751751752,0.17582482482482475,0.36967791628186286,0.6303220837181371,953.3677252086806,264.11024336317536,0.022020076059644355,0.00637186412341007,0.04329538747397398,0.04144944685697878
Dew,93.05005042080268,0.823993323552904,0.17600667644709597,0.3696306306306307,0.6303693693693693,953.2722912982858,264.33477824971123,0.022018247425010583,0.006377310749854397,0.04329464888361012,0.041449254806306304
Bubble,93.31580500239872,0.8231761761761762,0.17682382382382378,0.36942123188060116,0.6305787681193988,952.8406286008424,265.3485323722564,0.022009964298407517,0.006401899823178032,0.04329133003953955,0.04144840433328306
Bubble,93.63955527049939,0.8221771771771772,0.1778228228228228,0.3691720196403257,0.6308279803596744,952.3123653513596,266.5869996713689,0.021999823690417683,0.006431936625991027,0.0432872726051051,0.041447392157769186
Bubble,93.96232840511387,0.8211781781781782,0.17882182182182182,0.36893018971137154,0.6310698102886285,951.7829315307008,267.82564434765277,0.021989654136775925,0.006461974500819457,0.04328321517067067,0.04144640996551274
Bubble,94.28412555871559,0.8201791791791793,0.17982082082082074,0.36869565396772597,0.631304346032274,951.252323189951,269.06446550998027,0.021979455538098377,0.006492013417111775,0.043279157736236244,0.04144545739858992
Dew,94.37355988153536,0.8199009972569382,0.18009900274306184,0.36863163163163165,0.6313683683683684,951.1043601223089,269.40946018720325,0.02197661044796401,0.006500378265059167,0.04327802790035906,0.04144519737187188
Bubble,94.60494788115659,0.8191801801801802,0.18081981981981976,0.36846832596826956,0.6315316740317305,950.7205363606774,270.30346228926686,0.021969227794512887,0.006522053344801757,0.04327510030180181,0.041444534105920125
Bubble,94.92479651960338,0.8181811811811812,0.18181881881881878,0.3682481209191926,0.6317518790808074,950.1875670547774,271.54263383879464,0.021958970805655263,0.006552094254315992,0.04327104286736737,0.04144363974311331
Bubble,95.24367261848668,0.8171821821821822,0.1828178178178178,0.3680349556372631,0.6319650443627369,949.6534112643374,272.78197933445887,0.021948684470665777,0.006582136116579635,0.04326698543293293,0.04144277397232075
Bubble,95.56157731945066,0.8161831831831833,0.18381681681681672,0.3678287485142589,0.6321712514857412,949.1180649614915,274.0214979751567,0.021938368688185692,0.006612178903025442,0.0432629279984985,0.04144193646209066
Dew,95.87332302094185,0.8152005637345721,0.1847994362654279,0.3676326326326326,0.6323673673673673,948.590331380678,275.24086164111526,0.021928193228967625,0.006641729982733074,0.04325893708960797,0.04144113993743744
Bubble,95.8785117612844,0.8151841841841843,0.18481581581581574,0.36762941948232336,0.6323705805176767,948.5815240982649,275.2611889830368,0.02192802335635339,0.006642222585599497,0.04325887056406407,0.04144112688722745
Bubble,96.19447707987918,0.8141851851851852,0.18581481481481477,0.36743688998021407,0.6325631100197859,948.0437846064301,276.50105160384015,0.021917648372800812,0.006672267136769143,0.04325481312962963,0.041440344928654636
Bubble,96.50947440816553,0.8131861861861862,0.1868138138138138,0.3672510829205287,0.6327489170794713,947.5048423973618,277.74108510721317,0.021907243634649878,0.006702312529530181,0.043250755695195195,0.04143959027328173
Bubble,96.82350487606165,0.8121871871871872,0.1878128128128128,0.3670719226577741,0.6329280773422259,946.9646933618807,278.9812887870214,0.021896809038508602,0.006732358737414114,0.04324669826076077,0.04143886261387455
Bubble,97.13656961041544,0.8111881881881883,0.18881181181181173,0.3668993349573133,0.6331006650426867,946.4233333701029,280.22166196166364,0.02188634448046743,0.006762405734495351,0.04324264082632633,0.04143816164892913
Bubble,97.4486697349572,0.8101891891891893,0.18981081081081075,0.36673324696512416,0.6332667530348759,945.8807582712931,281.4622039744285,0.021875849856095538,0.006792453495399449,0.04323858339189189,0.04143748708254886
Dew,97.64143655236602,0.8095706176328467,0.19042938236715337,0.36663363363363366,0.6333663663663663,945.5441897144182,282.2304228995743,0.021869336562181367,0.00681105922163127,0.04323607106351581,0.041437082503003
Bubble,97.75980637023156,0.8091901901901902,0.19080980980980977,0.36657358717837435,0.6334264128216256,945.3369638937004,282.70291419374416,0.02186532506043681,0.006822501995308761,0.043234525957457456,0.04143683862432496
Bubble,98.06998063355344,0.8081911911911912,0.1918088088088088,0.36642028541679095,0.633579714583209,944.7919460444112,283.94379201357435,0.021854769988006225,0.006852551209971557,0.04323046852302302,0.0414362159892203
Bubble,98.3791936389444,0.8071921921921922,0.19280780780780782,0.3662732727947246,0.6337267272052753,944.2457005091868,285.18483685365084,0.02184418453278578,0.006882601115707282,0.043226411088588594,0.04143561889745578
Bubble,98.68744649708316,0.8061931931931933,0.19380680680680673,0.36613248169404516,0.6338675183059548,943.69822305231,286.426048159873,0.021833568588220782,0.006912651689415707,0.04322235365415416,0.04143504707440036
Bubble,98.99474031524294,0.8051941941941942,0.19480580580580575,0.36599784573765926,0.6340021542623407,943.1495094164196,287.6674254045553,0.02182292204721568,0.006942702908582499,0.04321829621971972,0.0414345002504635
Bubble,99.30107619724295,0.8041951951951952,0.19580480480480478,0.3658692997637515,0.6341307002362485,942.599555322356,288.9089680867679,0.021812244802130284,0.006972754751286995,0.04321423878528529,0.041433978160990474
Bubble,99.60645540592843,0.8031961961961962,0.1968038038038038,0.3657467798007159,0.6342532201992841,942.0483566013883,290.1506772122384,0.0218015367478396,0.007002807231919234,0.043210181350850856,0.04143348054616061
Dew,99.8990820702182,0.802235955128629,0.197764044871371,0.36563463463463464,0.6343653653653654,941.5173728487094,291.3443510409141,0.021791215161966068,0.007031693933975638,0.04320628133175493,0.041433025068568566
Bubble,99.91087873217404,0.8021971971971973,0.1978028028028027,0.3656302230426927,0.6343697769573073,941.4959086816312,291.3925495628123,0.021790797769848186,0.007032860262872998,0.04320612391641642,0.0414330071508879
Bubble,100.21434741459316,0.8011981981981983,0.19880180180180174,0.36551956782577827,0.6344804321742217,940.9422073356833,292.6345860347968,0.021780027761591363,0.007062913855790527,0.043202066481981986,0.04143255772472441
Bubble,100.51686254283672,0.8001991991991992,0.19980080080080076,0.36541475360480935,0.6345852463951906,940.3872481957437,293.8767862399866,0.021769226613214288,0.007092967991258607,0.04319800904754755,0.04143213202176594
Bubble,100.81842520283026,0.7992002002002002,0.20079979979979978,0.3653157209307681,0.634684279069232,939.8310268714022,295.11914981868307,0.021758394214297393,0.0071230226504974915,0.043193951613113124,0.04143172980056032
Bubble,101.1190364767112,0.7982012012012012,0.2017987987987988,0.36522241142874085,0.6347775885712592,939.2735389494613,296.3616764399549,0.021747530453852037,0.007153077815366654,0.04318989417867868,0.04143135082401783
Bubble,101.4186974427828,0.7972022022022023,0.20279779779779772,0.36513476777645193,0.6348652322235481,938.7147799937742,297.60436580200417,0.02173663522031641,0.007183133468373091,0.04318583674424425,0.04143099485932406
Bubble,101.71740953515666,0.7962032032032033,0.20379679679679674,0.36505273368335434,0.6349472663166457,938.1547458450544,298.8472210858585,0.021725708408498332,0.007213189676031533,0.04318177930980981,0.04143066167785494
Bubble,102.0151731474117,0.7952042042042042,0.20479579579579577,0.36497625387017646,0.6350237461298236,937.5934314573828,300.0902355800792,0.02171474989263156,0.007243246266029022,0.04317772187537538,0.041430351055093725
Bubble,102.31198977714601,0.7942052052052052,0.2057947947947948,0.3649052740491025,0.6350947259508974,937.0308326840442,301.3334132055467,0.02170375956773018,0.007273303322623552,0.043173664440940944,0.041430062770550426
Bubble,102.60786028215156,0.7932062062062063,0.2067937937937937,0.36483974090431165,0.6351602590956884,936.4669448239666,302.57675179543986,0.021692737315927444,0.00730336078307778,0.04316960700650651,0.04142979660768286
Bubble,102.90278581870453,0.7922072072072073,0.20779279279279272,0.3647796020731074,0.6352203979268927,935.9017634057308,303.820252148479,0.02168168302463257,0.00733341865617493,0.043165549572072075,0.041429552353819926
Bubble,103.19676744161305,0.7912082082082083,0.20879179179179175,0.36472480612745617,0.6352751938725438,935.3352838525138,305.0639141531333,0.02167059657877036,0.007363476928668422,0.04316149213763764,0.041429329800086664
Bubble,103.48980620148652,0.7902092092092092,0.20979079079079077,0.3646753025560278,0.6353246974439721,934.7675015633525,306.30773772980666,0.02165947786266297,0.00739353558802269,0.043157434703203205,0.041429128741331304
Dew,103.74990649718741,0.7893196345763632,0.21068036542363675,0.36463563563563567,0.6353643643643643,934.2608944274521,307.4152500271919,0.021649551713230755,0.007420297139480408,0.0431538216958319,0.04142896763413413
Bubble,103.78190314468883,0.7892102102102102,0.2107897897897898,0.3646310417466171,0.6353689582533829,934.1984119129658,307.55172283117054,0.02164832676002556,0.007423594622420586,0.04315337726876877,0.04142894897605389
Bubble,104.07305931327464,0.7882112112112113,0.2117887887887887,0.36459197496905965,0.6354080250309404,933.6280102515782,308.7958694424701,0.02163714315396187,0.007453654020770129,0.043149319834334336,0.04142879030633684
Bubble,104.36327574492299,0.7872122122122123,0.21278778778778773,0.36455805435851274,0.6354419456414873,933.0562919047193,310.04017758174297,0.02162592692695928,0.007483713772709117,0.04314526239989991,0.0414286525377771
Bubble,104.65255347287994,0.7862132132132132,0.21378678678678675,0.3645292328991764,0.6354707671008236,932.4832521730426,311.2846473001316,0.021614677960884395,0.007513773868612011,0.04314120496546546,0.041428535479420006
Bubble,104.91911557294105,0.4845155155155155,0.5154844844844845,0.46106382342745295,0.5389361765725471,414.8175482245872,383.9558834806999,0.009896434202655457,0.00918102047963714,0.041915859766266265,0.041820610718850605
Bubble,104.94089352589809,0.7852142142142142,0.21478578578578578,0.36450546440841153,0.6354945355915884,931.9088863321352,312.52927868215244,0.021603396136978214,0.007543834299595739,0.04313714753103103,0.041428438943694766
Bubble,105.22829714161321,0.7842152152152152,0.2157847847847848,0.3644867035211994,0.6355132964788006,931.333189817799,313.774074095295,0.021592081340151552,0.00757389511181997,0.0431330900965966,0.04142836274635135
Bubble,105.51476493826479,0.7832162162162163,0.2167837837837837,0.3644729056750481,0.6355270943249519,930.756157506877,315.019029481937,0.021580733442311706,0.007603956196290246,0.04312903266216217,0.041428306706399215
Bubble,105.8002981215889,0.7822172172172173,0.21778278278278274,0.36446402709514275,0.6355359729048573,930.1777847638855,316.2641470245418,0.02156935232662618,0.007634017594570282,0.04312497522772773,0.04142827064604693
Bubble,106.08489770203605,0.7812182182182182,0.21878178178178176,0.3644600247800268,0.6355399752199732,929.5980667624983,317.5094269477404,0.02155793787179272,0.0076640793008996505,0.0431209177932933,0.041428254390644084
Bubble,106.29746442071249,0.48151851851851857,0.5184814814814814,0.45799341248569486,0.5420065875143051,420.7231320000704,389.5287524986463,0.01004024126449328,0.009317055248516963,0.04190368746296296,0.04180814024481065
Bubble,106.36856468526487,0.7802192192192192,0.21978078078078078,0.3644608564874475,0.6355391435125525,929.0169986503608,318.75486951106285,0.021546489955859775,0.0076941413102936725,0.04311686035885886,0.041428257768623765
Bubble,106.65130007207173,0.7792202202202203,0.2207797797797797,0.36446648072061144,0.6355335192793885,928.4345755488847,320.000475009116,0.021535008456221354,0.00772420361854696,0.04311280292442443,0.041428280611446766
Bubble,106.8479928195836,0.48051951951951954,0.5194804804804805,0.45655811321074613,0.5434418867892539,423.32011582323275,391.4554887045526,0.010103194599451198,0.009364446161712113,0.041899630028528534,0.04180231077680544
Bubble,106.93310485832704,0.7782212212212213,0.22177877877877872,0.36447685671482427,0.6355231432851758,927.8507925530492,321.2462437718479,0.021523493249612183,0.007754266222239023,0.04310874548998999,0.04142832275354726
Bubble,107.21398003489546,0.7772222222222223,0.22277777777777774,0.3644919444243102,0.6355080555756898,927.2656447311766,322.4921761645819,0.021511944212102143,0.0077843291187343665,0.043104688055555555,0.04142838403227934
Bubble,107.49392658757999,0.7762232232232232,0.22377677677677676,0.3645117045094658,0.6354882954905342,926.6791271247401,323.73827258830016,0.021500361219091497,0.007814392306188533,0.04310063062112113,0.041428464287865195
Bubble,107.77294549702674,0.7752242242242242,0.2247757757757758,0.3645360983243335,0.6354639016756665,926.0912347481242,324.98453347959503,0.02148874414530505,0.00784445578354617,0.04309657318668669,0.04142856336334428
Bubble,107.8829339014412,0.47852152152152155,0.5214784784784785,0.45427887480459717,0.5457211251954027,427.94584353736565,395.52964709712063,0.010215573294648108,0.009464004482882338,0.041891515159659665,0.04179305365001887
Bubble,108.05103773867103,0.7742252252252253,0.2257747747747747,0.364565087904428,0.635434912095572,925.5019625884275,326.2309593109001,0.021477092864787217,0.007874519550545796,0.04309251575225225,0.04142868110452383
Bubble,108.3282042826373,0.7732262262262263,0.22677377377377372,0.36459863595477093,0.6354013640452291,924.9113056052166,327.4775505903857,0.021465407250896,0.007904583607716497,0.04308845831781782,0.04142881735993031
Bubble,108.59963940282826,0.47752252252252253,0.5224774774774774,0.4522104296062773,0.5477895703937228,431.65918262450754,397.6927917000025,0.010305213208596238,0.009517676141464643,0.04188745772522522,0.041784652659845906
Bubble,108.60444661686466,0.7722272272272273,0.22777277277277275,0.36463670583825747,0.6353632941617425,924.3192592044586,328.7243139270593,0.021453687187302773,0.007934648102774682,0.04308440088338339,0.041428971980762085
Bubble,108.8797647158774,0.7712282282282282,0.22877177177177177,0.3646792615642739,0.6353207384357261,923.7258173994383,329.9712385395959,0.02144193252530754,0.007964712763599818,0.043080343448948955,0.041429144820843304
Bubble,109.15416000203345,0.7702292292292293,0.22977077077077068,0.36472626777758327,0.6352737322224167,923.1309754890458,331.2183304347359,0.021430143145999118,0.00799477772322325,0.04307628601451451,0.04142933573657865
Bubble,109.2506503391848,0.47652352352352356,0.5234764764764764,0.4505439275074547,0.5494560724925452,434.8553242083072,399.8813620274374,0.010382521982197373,0.009571603973071942,0.04188340029079079,0.04177788416157152
Bubble,109.42763342421749,0.7692302302302303,0.2307697697697697,0.3647776897474327,0.6352223102525674,922.5347283212491,332.46559027502104,0.021418318919952526,0.008024842985603868,0.04307222858008008,0.0414295445869092
Bubble,109.70018592566345,0.7682312312312313,0.23176876876876873,0.36483349335699733,0.6351665066430027,921.937070715394,333.71301875974194,0.021406459717029463,0.008054908555511395,0.043068171145645644,0.04142977123326945
Bubble,109.90179566158349,0.47552452452452454,0.5244754754754755,0.4489632606981098,0.5510367393018903,438.0126702899177,402.1421664244746,0.010458919372070257,0.009627198215912304,0.04187934285635636,0.04177146428332538
Bubble,109.97181844387471,0.7672322322322322,0.23276776776776775,0.36489364509287725,0.6351063549071227,921.3379974619731,334.96061662479815,0.021394565406372544,0.008084974438522236,0.043064113711211216,0.04143001553954473
Bubble,110.24253191053356,0.7662332332332332,0.23376676676676678,0.36495811203508854,0.6350418879649115,920.737503322383,336.2083846426678,0.021382635856399396,0.0081150406410178,0.043060056276776774,0.04143027737203052
Bubble,110.28003737574608,0.47452552552552557,0.5254744744744744,0.4487968879157007,0.5512031120842993,439.2000994146155,404.38162065355914,0.01048828909437575,0.009680966881199547,0.04187528542192192,0.041770788560269626
Bubble,110.51232725141304,0.7652342342342343,0.2347657657657657,0.36502686184704647,0.6349731381529535,920.1355830286681,337.45632362216145,0.021370670934796287,0.00814510717017776,0.04305599884234235,0.04143055659939178
Bubble,110.781205386275,0.7642352352352353,0.2357647647647647,0.3650998627659241,0.6349001372340759,919.5322312832674,338.70443440821,0.021358670508511958,0.00817517403397401,0.043051941407907905,0.04143085309262381
Bubble,110.95764215708078,0.47352652652652655,0.5264734734734735,0.447269183196115,0.552730816803885,442.47776781189253,406.82793166601294,0.01056758516717302,0.00974097895325556,0.041871227987487485,0.041764583787551025
Bubble,111.04916722876669,0.7632362362362363,0.23676376376376373,0.3651770835931435,0.6348229164068565,918.9274427587426,339.95271788148455,0.021346634443750928,0.008205241241160661,0.04304788397347348,0.041431166725013555
Bubble,111.31621368634326,0.7622372372372372,0.23776276276276276,0.36525849368511143,0.6347415063148886,918.3212120975401,341.20117495821546,0.021334562605967642,0.008235308801268753,0.04304382653903904,0.04143149737210208
Bubble,111.47621881233087,0.4725275275275276,0.5274724724724724,0.4457635759114196,0.5542364240885804,444.6042617733976,408.20427865162856,0.010619400735715013,0.009775365111275379,0.04186717055305306,0.04175846876356423
Bubble,111.5823456601292,0.7612382382382383,0.23876176176176167,0.365344062944153,0.634655937055847,917.7135339116826,342.44980658952494,0.021322454859858925,0.008265376724589265,0.04303976910460461,0.04143184491164768
Bubble,111.8475653215988,0.7602392392392393,0.2397607607607607,0.365433761809663,0.634566238190337,917.1044039902984,343.6986300807465,0.021310311097422405,0.008295445416052238,0.043035711670170174,0.04143220922358995
Bubble,112.11187115266782,0.7592402402402403,0.24075975975975972,0.365527561249392,0.634472438750608,916.4938146124039,344.94761584497064,0.02129813112904452,0.0083255141487173,0.043031654235735746,0.04143259019001441
Bubble,112.3752651807002,0.7582412412412413,0.24175875875875874,0.36562543275100157,0.6343745672489984,915.881761377325,346.1967794672842,0.021285914842207168,0.008355583285828905,0.043027596801301304,0.04143298769511819
Bubble,112.6377482821492,0.7572422422422422,0.24275775775775776,0.36572734831377457,0.6342726516862254,915.2682387744413,347.44612206127266,0.0212736620985512,0.0083856528412611,0.04302353936686687,0.04143340162517639
Bubble,112.89932132671751,0.7562432432432433,0.24375675675675668,0.36583328044043606,0.6341667195595639,914.6532412614398,348.69564477503485,0.021261372758928594,0.0084157228296342,0.043019481932432435,0.04143383186850883
Bubble,113.15998517724412,0.7552442442442443,0.2447557557557557,0.36594320212926457,0.6340567978707354,914.0367632640252,349.94534879052543,0.021249046683395296,0.008445793266297937,0.043015424497998,0.04143427831544801
Bubble,113.17188505500859,0.47152852852852856,0.5284714714714714,0.4392300135037234,0.5607699864962766,454.816307620775,410.6132766141472,0.010864368981161495,0.009839306498634045,0.04186311311861862,0.041731932699845375
Bubble,113.34190988079924,0.46953053053053057,0.5304694694694694,0.44183960053334803,0.558160399466652,452.9383977894468,414.97652928431296,0.010821608331859262,0.009941335946787387,0.04185499824974975,0.04174253153756619
Bubble,113.4197406895714,0.7542452452452453,0.24575475475475472,0.3660570868663194,0.6339429131336807,913.4187991756078,351.19523532268784,0.02123668373120362,0.008475864167309593,0.043011367063563566,0.04143474085830756
Bubble,113.4736255469957,0.47052952952952953,0.5294704704704705,0.44023350142278417,0.5597664985772159,455.3518439715663,413.7937162605383,0.010878215872978093,0.009914549389379293,0.04185905568418419,0.04173600836602864
Bubble,113.67858871241748,0.7532462462462463,0.24675375375375375,0.3661749086177777,0.6338250913822223,912.7993433569864,352.4453056184843,0.0212242837607945,0.008505935549409718,0.04300730962912913,0.041435219391351114
Bubble,113.93653008722222,0.7522472472472473,0.24775275275275266,0.36629664182255467,0.6337033581774454,912.1783901360105,353.69556095575416,0.02121184662978922,0.008536007429993568,0.0430032521946947,0.04143571381076231
Bubble,114.19356689204395,0.7512482482482483,0.24875175175175168,0.36642226138497963,0.6335777386150203,911.5559350232803,354.946019777667,0.021199372223261674,0.008566080240624071,0.04299919476026026,0.041436224014615095
Bubble,114.44969760651097,0.7502492492492493,0.2497507507507507,0.3665517426676079,0.6334482573323921,910.931969990735,356.1966512538292,0.021186860343938633,0.008596153223623785,0.04299513732582583,0.04143674990284449
Bubble,114.70492416756977,0.7492502502502503,0.25074974974974973,0.3666850614843628,0.6333149385156371,910.3064903545607,357.4474720274022,0.02117431087226171,0.008626226766933868,0.04299107989139139,0.04143729137721874
Bubble,114.72740165727488,0.46853153153153154,0.5314684684684685,0.4393468313461574,0.5606531686538425,460.7759850543156,420.4802193064566,0.011009931343901712,0.010075628221961203,0.04185094081531532,0.04173240715551242
Bubble,114.95924738766179,0.7482512512512512,0.25174874874874875,0.3668221940935548,0.6331778059064452,909.6794903091446,358.6984835144203,0.021161723662531162,0.008656300890913297,0.04298702245695696,0.04143784834131097
Bubble,115.21266807130097,0.7472522522522523,0.25274774774774766,0.36696311719129976,0.6330368828087003,909.0509640143131,359.9496871570128,0.021149098568188165,0.008686375616455596,0.042982965022522523,0.04143842070047246
Bubble,115.46518701491274,0.7462532532532533,0.2537467467467467,0.3671078079048632,0.6328921920951368,908.4209055949634,361.20108442156186,0.02113643544180585,0.008716450964943492,0.04297890758808809,0.041439008361805606
Bubble,115.71680693691906,0.7452542542542543,0.2547457457457457,0.3672562437863489,0.6327437562136511,907.7893110697313,362.4527047625343,0.02112373417996787,0.008746527633057116,0.04297485015365366,0.04143961123413825
Bubble,115.96752497257623,0.7442552552552553,0.25574474474474473,0.3674084028061602,0.6325915971938398,907.1561708582982,363.7044971509954,0.021110994548922096,0.008776604375182242,0.04297079271921922,0.04144022922799722
Bubble,116.06840850365202,0.4675325325325326,0.5324674674674674,0.43547869485246804,0.5645213051475321,468.1562737194218,423.6858159638684,0.011187362974163909,0.010156264740142858,0.041846883380880884,0.0417166967191433
Bubble,116.21734363017212,0.7432562562562562,0.25674374374374376,0.3675642633471435,0.6324357366528566,906.5214807083904,364.9564880809102,0.021098216438832026,0.008806681816369058,0.042966735284784785,0.04144086225558443
Bubble,116.4662636741641,0.7422572572572573,0.25774274274274267,0.3677238041983563,0.6322761958016436,905.8852346037362,366.20867913672487,0.02108539969876084,0.00883675998045506,0.04296267785035035,0.04144151023075162
Bubble,116.56209485805502,0.46653353353353355,0.5334664664664664,0.4350251027248234,0.5649748972751765,469.8597640115161,426.06379962232296,0.01122915944092489,0.010213718954355506,0.04184282594644645,0.04171485445471687
Bubble,116.71428586010892,0.7412582582582583,0.2587417417417417,0.3678870045491652,0.6321129954508349,905.2474264912698,367.4610719188027,0.021072544176858176,0.008866838891561014,0.04295862041591592,0.041442173068976434
Bubble,116.79544701377884,0.4655345345345346,0.5344654654654655,0.43691059069024524,0.5630894093097547,469.8499207732926,429.9724227388533,0.011230013154866105,0.010305525683274551,0.04183876851201201,0.04172251236408843
Bubble,116.95967471816955,0.7402592592592593,0.2597407407407407,0.36805383852787693,0.6319461614721231,904.6062825040333,368.6878541638055,0.02105960856577742,0.008896295699889341,0.04295456298148149,0.04144285066518097
Bubble,117.2057947504779,0.7392602602602603,0.26073973973973974,0.3682242962124314,0.6317757037875686,903.9652143725266,369.9388207400318,0.021046672276822047,0.008926331924056025,0.042950505547047046,0.04144354297906679
Bubble,117.45297600348609,0.7382612612612613,0.26173873873873865,0.36839836037705814,0.6316016396229418,903.3245724169892,371.21952779532035,0.021033743466941073,0.00895708158132265,0.04294644811261261,0.04144424994067142
Bubble,117.48530481931469,0.46453553553553556,0.5354644644644644,0.43608124489666417,0.5639187551033358,472.7877183789043,433.04016009363227,0.011301326248009093,0.010379890832400958,0.04183471107757758,0.0417191439761478
Bubble,117.49834327324385,0.46353653653653654,0.5364634634634635,0.43792184655140004,0.5620781534486,471.3506210555424,435.5430754419217,0.01126806731438216,0.010438014865050279,0.04183065364314315,0.04172661957976851
Bubble,117.69556500857874,0.7372622622622623,0.2627377377377377,0.3685759919120759,0.6314240080879241,902.6785509522307,372.44455480573583,0.021020686941189335,0.008986483578204573,0.04294239067817818,0.0414449713911509
Bubble,117.93899336470088,0.7362632632632633,0.2637367367367367,0.36875719024817527,0.6312428097518248,902.0327140837328,373.6959802986245,0.021007632247000686,0.009016518341440443,0.04293833324374375,0.041445707328192964
Bubble,118.18152125314697,0.7352642642642643,0.2647357357357357,0.3689419311688917,0.6310580688311083,901.385269943474,374.9474798905103,0.020994537649754164,0.009046550685360392,0.042934275809309315,0.04144645765344245
Bubble,118.42539035436695,0.7342652652652653,0.26573473473473475,0.3691302063424144,0.6308697936575856,900.7385459605996,376.23404758992,0.020981457352375395,0.009077424889093785,0.04293021837487487,0.04144722233305971
Bubble,118.58684529438946,0.46153853853853855,0.5384614614614615,0.4379374780026521,0.562062521997348,475.25803239318276,442.11039179510254,0.011363682031792907,0.010595387874137725,0.041822538774274276,0.04172668306690777
Bubble,118.61833945322888,0.46253753753753757,0.5374624624624624,0.4372665141145454,0.5627334858854547,476.9715455714737,441.4582020881605,0.011403546757461549,0.010580448831055715,0.04182659620870871,0.04172395794707623
Bubble,118.66625886912126,0.7332662662662663,0.26673373373373366,0.36932197968357716,0.6306780203164228,900.088022694373,377.4881668130389,0.020968286074853862,0.009107511959502471,0.04292616094044044,0.04144800122048486
Bubble,118.90623622471679,0.7322672672672673,0.2677327327327327,0.3695172423223741,0.630482757677626,899.4358815886835,378.7425086921729,0.02095507461471051,0.009137600146736629,0.04292210350600601,0.04144879427969232
Bubble,119.14532329132605,0.7312682682682683,0.2687317317317317,0.3697159771502156,0.6302840228497844,898.7821164283184,379.9970784884073,0.020941822815733015,0.009167689562166424,0.042918046071571576,0.041449601441195597
Bubble,119.38352040518724,0.7302692692692693,0.26973073073073073,0.36991816740084665,0.6300818325991533,898.1267204069346,381.25187292581165,0.02092853050787521,0.009197780111086903,0.042913988637137135,0.041450422636898535
Bubble,119.62082839705865,0.7292702702702704,0.27072972972972964,0.3701237966456687,0.6298762033543313,897.4696872078757,382.50689696468834,0.02091519753243855,0.009227871897387479,0.04290993120270271,0.04145125780007638
Bubble,119.77559711984992,0.4605395395395396,0.5394604604604605,0.43739637375392176,0.5626036262460782,481.19087904036263,448.5134918196303,0.011506655995705401,0.010749407400015459,0.04181848133983985,0.04172448537200155
Bubble,119.85724792721126,0.7282712712712713,0.27172872872872866,0.37033284878912137,0.6296671512108787,896.8110103055527,383.7621529801294,0.02090182372579495,0.009257964962472217,0.042905873768268266,0.041452106865357025
Bubble,120.04191933083284,0.4405595595595596,0.5594404404404404,0.43686287802138835,0.5631371219786117,454.72448551795634,449.58454186941424,0.010894910063339053,0.010775636570082634,0.04173733265115115,0.041722318579083865
Bubble,120.0927796466865,0.7272722722722723,0.2727277277277277,0.3705453080641197,0.6294546919358803,896.150683134443,385.0176433827743,0.020888408923323557,0.009288059348487691,0.04290181633383384,0.04145296976870243
Bubble,120.32742419713875,0.7262732732732733,0.2737267267267267,0.3707611590277021,0.6292388409722979,895.4886990886788,386.27337061767366,0.020874952959400783,0.009318155098294494,0.042897758899399396,0.041453846447391016
Bubble,120.56118221070263,0.7252742742742743,0.27472572572572573,0.3709803865566124,0.6290196134433876,894.8250515216849,387.5293371632281,0.020861455667391324,0.00934825225544071,0.04289370146496497,0.04145473683999968
Bubble,120.57507943655526,0.4355645645645646,0.5644354354354354,0.43061291459427176,0.5693870854057282,451.4430414525373,444.597265908005,0.0108215487522964,0.010662588816437042,0.04171704547897898,0.041696934352624636
Bubble,120.6931383815897,0.45954054054054055,0.5404594594594594,0.4394217390926697,0.5605782609073303,485.33758263267237,456.77354142084266,0.011606941751263302,0.010945216022889502,0.04181442390540541,0.04173271139332488
Bubble,120.79405466533342,0.7242752752752754,0.27572472472472465,0.37120297584301865,0.6287970241569814,894.1597341303955,388.7855517264496,0.020847916888605964,0.0093783510136041,0.042889644030530534,0.04145564088638642
Bubble,121.02604151007486,0.7232762762762763,0.27672372372372367,0.37142891239032705,0.628571087609673,893.4927394693244,390.0420053445139,0.020834336437656645,0.00940845114010491,0.0428855865960961,0.04145655852767331
Bubble,121.22811514780005,0.4345655655655656,0.5654344344344344,0.43047366099351464,0.5695263390064853,453.9374112110438,448.2632068953706,0.01088239976302566,0.010750653356019386,0.04171298804454455,0.041696368774125164
Bubble,121.25714366172946,0.7222772772772773,0.2777227227227227,0.37165818200903245,0.6283418179909676,892.8240611060111,391.2987060187411,0.020820714152708968,0.009438552811361897,0.04288152916166166,0.041457489706229686
Bubble,121.48736171347838,0.7212782782782783,0.2787217217217217,0.37189077081270033,0.6281092291872996,892.1536922278079,392.5556563629878,0.020807049863000426,0.009468656073712745,0.04287747172722723,0.04145843436565578
Bubble,121.51348595373646,0.4585415415415416,0.5414584584584584,0.4394346428070343,0.5605653571929657,488.82005550149034,461.60913731166556,0.011691360223806674,0.011061072770171754,0.04181036647097098,0.041732763801760775
Bubble,121.71669624824924,0.7202792792792793,0.27972072072072074,0.37212666521389065,0.6278733347861094,891.4816259793665,393.8128590186047,0.020793343396707933,0.009498760974036576,0.042873414292792796,0.041459392450766214
Bubble,121.94514783851594,0.7192802802802803,0.28071971971971965,0.37236585192033217,0.6276341480796679,890.807855462182,395.0703166524047,0.02077959458093663,0.009528867559703908,0.04286935685835836,0.04146036390757443
Bubble,122.17271704611929,0.7182812812812813,0.2817187187187187,0.37260831793099514,0.6273916820690049,890.1323737341353,396.32803195457666,0.020765803241708743,0.009558975878525484,0.042865299423923926,0.041461348683276736
Bubble,122.39940442206354,0.7172822822822823,0.2827177177177177,0.37285405053233667,0.6271459494676633,889.4551738090169,397.586007636258,0.02075196920395192,0.009589085978692766,0.04286124198948949,0.04146234672623709
Bubble,122.62521128307145,0.7162832832832833,0.2837167167167167,0.37310303729459676,0.6268969627054033,888.7762495229393,398.8442609674897,0.02073809231171503,0.009619198259398762,0.04285718455505506,0.04146335798597201
Bubble,122.85013670596855,0.7152842842842844,0.28471571571571563,0.373355266068037,0.626644733931963,888.0955921835151,400.1027676620614,0.02072417234998399,0.009649312117459983,0.04285312712062063,0.04146438241313533
Bubble,122.87422297187852,0.4295705705705706,0.5704294294294294,0.4238673599528997,0.5761326400471002,456.99959139302126,449.08611387542595,0.010961141442766343,0.010777324231641563,0.04169270087237237,0.0416695372824487
Bubble,123.07418189595039,0.7142852852852853,0.28571471471471466,0.3736107249794143,0.6263892750205857,887.413195434269,401.36154324783297,0.0207102091581782,0.009679427909805619,0.04284906968618618,0.04146541995950389
Bubble,123.29734736008172,0.7132862862862863,0.2867137137137137,0.3738694024284214,0.6261305975715785,886.7290521095357,402.6205905274911,0.020696202556769745,0.009709545686327594,0.04284501225175175,0.04146647057796304
Bubble,123.36181222674385,0.45754254254254256,0.5424574574574574,0.4391848209561776,0.5608151790438223,498.3423307926353,472.0182106205338,0.011920266157844984,0.011310769863021373,0.04180630903653653,0.04173174915031351
Bubble,123.51960569662596,0.7122872872872873,0.2877127127127127,0.3741312870808541,0.6258687129191459,886.0431233707859,403.8793718841552,0.020682151626849977,0.00973965246443852,0.042840954817317325,0.04146753422247889
Bubble,123.5947987943386,0.4515485485485486,0.5484514514514514,0.44538806822893,0.5546119317710699,490.7654876706668,481.9244344862588,0.011745869165479298,0.01154118075909326,0.04178196442992993,0.041756943639111796
Bubble,123.74100991069001,0.7112882882882883,0.2887117117117117,0.3743963678775721,0.6256036321224279,885.3554613626584,405.1389022097102,0.020668057573106028,0.009769772700932738,0.042836897382882884,0.04146861084813476
Bubble,123.96153548322054,0.7102892892892894,0.28971071071071064,0.37466463401364003,0.62533536598636,884.6660305536358,406.3987042907147,0.02065391955374375,0.009799894869326356,0.04283283994844845,0.041469700411046403
Bubble,124.02732650254151,0.45554454454454457,0.5444554554554555,0.44161903290954774,0.5583809670904523,499.21539551787197,479.19306152832434,0.011943468024368192,0.011479978047518229,0.041798194167667675,0.041741635702162126
Bubble,124.18122781777527,0.7092902902902903,0.29070970970970966,0.3749360749531061,0.6250639250468939,883.9748751438481,407.65967529533026,0.02063973858828704,0.009830040585149677,0.042828782514014015,0.041470802868422044
Bubble,124.2263109890128,0.45054954954954957,0.5494504504504505,0.44512232368385135,0.5548776763161487,492.9636968723435,485.1636803575684,0.01179962646107415,0.011619054910871177,0.0417779069954955,0.041755864317641965
Bubble,124.39996117103135,0.7082912912912913,0.2917087087087087,0.37521068039033395,0.6247893196096661,883.2818430021016,408.9193074771002,0.020625511112114137,0.00986014935981492,0.04282472507957958,0.04147191817840535
Bubble,124.61785424836407,0.7072922922922923,0.2927077077077077,0.37548844030753564,0.6245115596924644,882.5870623179982,410.1799567286369,0.020611240105642366,0.00989027798340389,0.04282066764514515,0.04147304630030906
Bubble,124.64993420210659,0.45454554554554555,0.5454544544544544,0.4418559861899303,0.5581440138100696,501.3188992185954,483.0439460134134,0.011994957628110647,0.011571966483641418,0.041794136733233234,0.04174259808791039
Bubble,124.83492317428679,0.7062932932932934,0.2937067067067066,0.3757693449252831,0.624230655074717,881.8905443241724,411.4419669230597,0.020596925818839453,0.009920434727132513,0.04281661021071071,0.04147418719441404
Bubble,124.86677505786602,0.4495505505505506,0.5504494494494494,0.4449555832172308,0.5550444167827692,495.1813822476916,488.56793202205336,0.01185386042825386,0.011700772189991744,0.04177384956106106,0.04175518710123678
Bubble,125.05106889997339,0.7052942942942944,0.29470570570570565,0.37605338468759153,0.6239466153124085,881.1921662757105,412.7033172792079,0.020582565372369143,0.009950570847659058,0.042812552776276276,0.04147534082190865
Bubble,125.26633906060016,0.7042952952952953,0.29570470470470467,0.37634055030768226,0.6236594496923178,880.4919751981522,413.96496827881674,0.020568159851615767,0.009980709485272443,0.04280849534184185,0.04147650714507465
Bubble,125.48073405124728,0.7032962962962963,0.2967037037037037,0.3766308327310889,0.6233691672689111,879.7899634577085,415.22692308675215,0.020553709065420495,0.010010850697264052,0.042804437907407414,0.04147768612713732
Bubble,125.51415656573064,0.4485515515515516,0.5514484484484484,0.44481013112838785,0.5551898688716123,497.4060070637135,492.0136036347012,0.01190827106718198,0.011783459706783666,0.041769792126626626,0.04175459634757795
Bubble,125.59690381879315,0.45654354354354354,0.5434564564564565,0.4388623733054826,0.5611376266945174,509.76693881162106,484.23974281022385,0.012194724429293338,0.011603993350504178,0.0418022516021021,0.041730439529180215
Bubble,125.59701049937541,0.4535465465465466,0.5464534534534534,0.441839286051841,0.558160713948159,505.23757938174583,488.33729736219817,0.01208989281329907,0.011698794833878232,0.0417900792987988,0.04174253026029955
Bubble,125.61437311081848,0.4335665665665666,0.5664334334334333,0.42752057747930233,0.5724794225206976,477.276260857671,468.73461221617373,0.01144302320572997,0.011244851678336618,0.041708930610110106,0.041684374825432184
Bubble,125.69423756483937,0.7022972972972973,0.2977027027027027,0.3769242231391859,0.6230757768608142,879.0861036836739,416.4888301070571,0.020539212361413182,0.010040985987982408,0.04280038047297297,0.041478877732279804
Bubble,125.78315702285477,0.45254754754754756,0.5474524524524524,0.4425613431631208,0.5574386568368792,504.80030029671167,490.3792059646248,0.012080602023692799,0.011746886295045493,0.041786021864364364,0.04174546289525702
Bubble,125.90687662695117,0.7012982982982984,0.2987017017017016,0.37722071295076615,0.6227792870492339,878.3804194739247,417.7512547572958,0.020524670277933314,0.010071128969949694,0.04279632303853854,0.041480081925649545
Bubble,126.05118347543417,0.4465535535535536,0.5534464464464464,0.44155806193716085,0.5584419380628391,497.5416792439115,490.3529957757877,0.011913833732611564,0.011747405116725194,0.04176167725775776,0.04174138806855778
Bubble,126.11864543782303,0.7002992992992993,0.29970070070070065,0.3775202938147819,0.6224797061852181,877.672895863576,419.0140724928986,0.020510082452362615,0.010101276620886326,0.04279226560410411,0.04148129867332874
Bubble,126.32955087933081,0.6993003003003003,0.3006996996996997,0.37782295761021933,0.6221770423897807,876.963532876018,420.27743138324354,0.020495448872235124,0.010131432490505007,0.042788208169669675,0.041482527942333904
Bubble,126.53957311882407,0.6983013013013013,0.3016986986986987,0.3781286964357637,0.6218713035642363,876.2522986022495,421.5408969044416,0.020480768778719845,0.010161586084077847,0.042784150735235234,0.04148376970057386
Bubble,126.74872199510102,0.6973023023023024,0.3026976976976976,0.37843750261915976,0.6215624973808402,875.5391964190616,422.80467796231994,0.02046604223751593,0.010191742417923607,0.0427800933008008,0.04148502391688772
Bubble,126.95699777518254,0.6963033033033034,0.30369669669669663,0.3787493687064702,0.6212506312935298,874.8242182839238,424.0687767851557,0.02045126904739142,0.010221901525796965,0.04277603586636637,0.041486290561001324
Bubble,127.16440070783847,0.6953043043043043,0.30469569569569566,0.3790642874611506,0.6209357125388494,874.1073560946431,425.3331954703181,0.020436449005643093,0.010252063438157998,0.04277197843193194,0.04148756960352347
Bubble,127.37093102292522,0.6943053053053053,0.3056946946946947,0.3793822518614255,0.6206177481385745,873.3886016881347,426.597935966077,0.020421581908067026,0.010282228181733593,0.042767920997497495,0.041488861015935186
Bubble,127.57658893067237,0.6933063063063063,0.3066936936936937,0.3797032550976499,0.6202967449023501,872.6679468391062,427.86300005158193,0.02040666754892713,0.010312395779034887,0.04276386356306306,0.041490164770579104
Bubble,127.61671769355604,0.4445555555555556,0.5554444444444444,0.44036845168708183,0.5596315483129182,503.3341246083866,497.2922406827784,0.012054878573482622,0.0119150280421819,0.041753562388888894,0.04173655646652708
Bubble,127.6220552268768,0.4325675675675676,0.5674324324324325,0.4258000416466614,0.5741999583533386,486.86607055016947,477.2465773896874,0.011674081071996488,0.011450971695708056,0.04170487317567567,0.04167738686914792
Bubble,127.73046184903892,0.43156856856856857,0.5684314314314314,0.42518648603644177,0.5748135139635583,486.1284723197792,477.0613330900063,0.011657529083753827,0.011447211422739998,0.041700815741241244,0.04167489491303701
Bubble,127.78136409632454,0.6923073073073074,0.3076926926926926,0.3800272905639391,0.619972709436061,871.945370331937,429.1281447147831,0.02039170541861158,0.01034256035264502,0.04275980612862863,0.04149148084062544
Bubble,127.98527652982762,0.6913083083083084,0.30869169169169164,0.38035435187676747,0.6196456481232325,871.2208881235931,430.39383000231834,0.02037669587673239,0.010372732969856099,0.0427557486941942,0.04149280920014749
Bubble,128.18834124314432,0.6903093093093093,0.30969069069069066,0.38068443285858533,0.6193155671414147,870.4945103417145,431.66041479857677,0.020361639146684984,0.010402922258412751,0.04275169125975976,0.041494149824055145
Bubble,128.390512498783,0.6893103103103103,0.3106896896896897,0.38101752749461126,0.6189824725053887,869.7661718424206,432.92682017374057,0.020346533691114808,0.010433102194946513,0.04274763382532532,0.04149550268791937
Bubble,128.59181221521115,0.6883113113113114,0.3116886886886886,0.3813536300094918,0.6186463699905083,869.0358909772325,434.1935585927879,0.020331379925485907,0.010463285109066621,0.042743576390890894,0.04149686776828355
Bubble,128.79224048089307,0.6873123123123124,0.3126876876876876,0.38169273481231536,0.6183072651876846,868.3036591347179,435.4606307114817,0.02031617763455307,0.01049347099536707,0.04273951895645647,0.041498245042440214
Bubble,128.9917973593615,0.6863133133133134,0.31368668668668664,0.382034836506505,0.6179651634934951,867.5694676312556,436.72803685502464,0.020300926601300145,0.010523659840337873,0.04273546152202202,0.041499634488471174
Bubble,129.38811560024126,0.6843153153153153,0.3156846846846847,0.3827087832827023,0.6172912167172977,866.0949401925691,439.2396104660778,0.020270272039666984,0.010583482153610373,0.042727346653153156,0.0415023717233027
Bubble,129.58511385345935,0.6833163163163164,0.3166836836836836,0.3830619789297143,0.6169380210702857,865.3548865324536,440.5114017128676,0.020254875089376505,0.010613759116430291,0.04272328921871872,0.04150380622742304
Bubble,129.78122083343368,0.6823173173173174,0.3176826826826826,0.3834168819981339,0.6165831180018662,864.6128128672857,441.7817781893868,0.020239427928696103,0.01064399812144181,0.04271923178428429,0.041505247666235416
Bubble,129.97645571012643,0.6813183183183184,0.31868168168168165,0.3837746531776721,0.6162253468223279,863.8687345454132,443.0523902227352,0.020223930902636005,0.01067423770561449,0.042715174349849845,0.04150670075388112
Bubble,130.1708187976449,0.6803193193193193,0.3196806806806807,0.38413429672896965,0.6158657032710303,863.122642946408,444.3218745296837,0.020208383795153977,0.010704446042640571,0.04271111691541542,0.041508161446164704
Bubble,130.20290499831253,0.4415585585585586,0.5584414414414414,0.4339050541076527,0.5660949458923472,512.9250182264005,501.8662282536894,0.012288163311636508,0.012032187818200984,0.04174139008558558,0.04171030537725823
Bubble,130.36431061984447,0.6793203203203203,0.3206796796796797,0.3844978461966118,0.6155021538033882,862.3745296860027,445.59304335606595,0.020192786395655492,0.010734688732556051,0.04270705948098099,0.04150963800232754
Bubble,130.5569030270252,0.6783213213213214,0.3216786786786786,0.38486307288260413,0.615136927117396,861.6243490356609,446.8627585564447,0.020177137618954396,0.010764892486712547,0.04270300204654655,0.041511121370512695
Bubble,130.74865326238518,0.6773223223223224,0.32267767767767763,0.38523124312648005,0.61476875687352,860.8721661994763,448.13292057229063,0.020161438977470154,0.010795101736805538,0.042698944612112114,0.04151261669395819
Bubble,130.9395164518602,0.6763233233233233,0.32367667667667666,0.38560317613173023,0.6143968238682697,860.1179135863113,449.40455828482624,0.020145688873866138,0.01082534037241709,0.04269488717767768,0.04151412729985902
Bubble,131.1289559977369,0.6753243243243243,0.3246756756756757,0.38596171188529915,0.6140382881147008,859.3608745927833,450.6525219254158,0.02012987050758356,0.010855020790044575,0.042690829743243244,0.041515583492822146
Bubble,131.3181235216012,0.6743253253253254,0.3256746746746746,0.3863402078688514,0.6136597921311485,858.6025547327224,451.9259843973221,0.020114019128017833,0.010885292047882631,0.04268677230880881,0.04151712075425934
Bubble,131.431889320395,0.4305695695695696,0.5694304304304304,0.42457135791537004,0.57542864208463,504.1796821947641,495.56927107896865,0.012091579841410814,0.011892027141862747,0.04169675830680681,0.04167239657017328
Bubble,131.50641926579877,0.6733263263263264,0.3266736736736736,0.3867216029431654,0.6132783970568346,857.842157654701,453.1997945576706,0.020098116068285238,0.010915566342709893,0.042682714874374375,0.04151866979035367
Bubble,131.69384346585502,0.6723273273273274,0.32767267267267264,0.38710590300991166,0.6128940969900882,857.0796743196927,454.4739688137572,0.02008216110185351,0.010945844037274997,0.04267865743993994,0.041520230625074754
Bubble,131.8804024879096,0.6713283283283283,0.32867167167167166,0.3874934033193306,0.6125065966806693,856.3151038688218,455.748942015351,0.020066154193790858,0.010976135261196143,0.04267460000550551,0.041521804457581454
Bubble,132.06608553962124,0.6703293293293293,0.3296706706706707,0.38788360667914584,0.612116393320854,855.5484224534872,457.0240021211323,0.020050094770379483,0.011006423371791897,0.04267054257107107,0.04152338926852735
Bubble,132.25089730481974,0.6693303303303304,0.3306696696696696,0.3882767274378585,0.6117232725621415,854.7796268560784,458.2994664269087,0.020033982741224227,0.011036715755091566,0.04266648513663664,0.04152498592848886
Bubble,132.43483748646037,0.6683313313313314,0.3316686686686686,0.38866984661411924,0.6113301533858807,854.0087071642298,459.5712645104958,0.020017817858971644,0.011066917524521823,0.0426624277022022,0.04152658258202325
Bubble,132.61790648111537,0.6673323323323324,0.33266766766766764,0.389068195742056,0.6109318042579439,853.2356543636254,460.84670576985263,0.020001599897226302,0.011097199023228026,0.042658370267767774,0.04152820047700636
Bubble,132.80010401639333,0.6663333333333333,0.33366666666666667,0.3894701032790271,0.6105298967209729,852.460458492973,462.12346669257624,0.01998532860730546,0.011127506066441736,0.04265431283333333,0.04152983282446777
Bubble,132.9814298761148,0.6653343343343344,0.3346656656656656,0.3898749258644466,0.6101250741355534,851.6831096217669,463.4006546969312,0.01996900374115356,0.011157817829829393,0.0426502553988989,0.04153147701139845
Bubble,133.1618838781898,0.6643353353353354,0.3356646646646646,0.39028266126133965,0.6097173387386603,850.9035978215456,464.678272504597,0.019952625050668592,0.011188134354886083,0.04264619796446446,0.04153313302871293
Bubble,133.3414658153639,0.6633363363363364,0.3366636636636636,0.39069330701368443,0.6093066929863157,850.1219130849208,465.95632228709826,0.019936192285803202,0.011218455670113337,0.042642140530030036,0.041534800866436086
Bubble,133.5201754577982,0.6623373373373374,0.33766266266266265,0.39110686058301997,0.6088931394169801,849.33804532862,467.2348058635873,0.01991970519463513,0.011248781795636317,0.042638083095595594,0.04153648051425794
Bubble,133.69801224474674,0.6613383383383383,0.3386616616616617,0.3915196519184927,0.6084803480815073,848.5519839617872,468.50856803428945,0.01990316351324062,0.011278992644928008,0.04263402566116116,0.04153815706626696
Bubble,133.8749765432961,0.6603393393393394,0.3396606606606606,0.39193909070259647,0.6080609092974035,847.763719644326,469.7880278098421,0.01988656700693535,0.011309330865179731,0.04262996822672673,0.041539860616888594
Bubble,134.05106762469603,0.6593403403403404,0.3406596596596596,0.39236016539009605,0.6076398346099041,846.9732414602969,471.0661448694031,0.0198699154039765,0.011339632461283044,0.0426259107922923,0.04154157081173189
Bubble,134.22628540602523,0.6583413413413414,0.34165865865865863,0.39278539752348424,0.6072146024765158,846.1805393525964,472.3464739113087,0.019853208452667925,0.011369980186426055,0.042621853357857856,0.041543297892041635
Bubble,134.40062944537343,0.6573423423423423,0.34265765765765765,0.39321352604382104,0.606786473956179,845.3856027130107,473.62724445986146,0.019836445888286147,0.011400332787505803,0.04261779592342343,0.04154503673602698
Bubble,134.57409939605026,0.6563433433433433,0.3436566566566567,0.3936445492566305,0.6063554507433695,844.5884210205959,474.9084581696006,0.019819627448054808,0.01143069027984469,0.04261373848898899,0.04154678733680581
Bubble,134.746694891569,0.6553443443443444,0.3446556556556556,0.3940784657596341,0.6059215342403659,843.7889836797513,476.1901168878704,0.01980275286734535,0.011461052683087466,0.04260968105455456,0.041548549688682754
Bubble,134.91768937301842,0.6543453453453454,0.3456546546546546,0.39449090582932256,0.6055090941706776,842.9862330952856,477.435876974418,0.019785797307217277,0.011490572653008934,0.042605623620120124,0.041550224814025795
Bubble,135.08857586274297,0.6533463463463464,0.34665365365365364,0.3949359679608043,0.6050640320391957,842.1823072827901,478.72609880605813,0.019768810930847116,0.011521123535122324,0.04260156618568568,0.04155203243387281
Bubble,135.25858355319104,0.6523473473473473,0.34765265265265266,0.39537131127956193,0.604628688720438,841.376089530393,479.99891583753305,0.019751767514002296,0.011551263882701428,0.042597508751251255,0.04155380058076194
Bubble,135.42771317159264,0.6513483483483484,0.3486516516516516,0.39581759638173064,0.6041824036182695,840.567570598332,481.2835796802518,0.01973466682345269,0.011581674363411603,0.04259345131681682,0.04155561316770441
Bubble,135.59594144377962,0.6503493493493494,0.3496506506506506,0.3962653473260177,0.6037346526739823,839.7567060153089,482.5666173943512,0.019717507798641964,0.011612041398110349,0.04258939388238238,0.04155743170816462
Bubble,135.76328590486608,0.6493503503503504,0.3506496496496496,0.3967155707158898,0.6032844292841103,838.943510809593,483.8495027765125,0.019700290775794,0.011642399296686971,0.04258533644794795,0.04155926029046259
Bubble,135.9297532070008,0.6483513513513514,0.35164864864864864,0.39716869625848233,0.6028313037415178,838.1279843162246,485.13286599822163,0.01968301572271321,0.011672762710705548,0.042581279013513516,0.041561100659853835
Bubble,136.09534243901447,0.6473523523523523,0.35264764764764767,0.3976247021544697,0.6023752978455303,837.3101147638503,486.4166772919591,0.019665682346338784,0.011703130922327559,0.04257722157907908,0.041562952727800376
Bubble,136.26005300685728,0.6463533533533534,0.3536466466466466,0.39808358777659464,0.6019164122234052,836.4898907963819,487.70093759311385,0.01964829036325235,0.011733503928493486,0.04257316414464465,0.041564816491754634
Bubble,136.42388429047864,0.6453543543543544,0.3546456456456456,0.3985453520731915,0.6014546479268085,835.6673009690303,488.9856470088331,0.01963083948784378,0.011763881706705955,0.04256910671021021,0.041566691947445264
Bubble,136.58683564353925,0.6443553553553554,0.3556446446446446,0.3990099943343453,0.6009900056656546,834.8423337473366,490.27080590748375,0.019613329432287403,0.011794264240366309,0.04256504927577578,0.04156857909198894
Bubble,136.74890639332563,0.6433563563563564,0.35664364364364365,0.39947751369982404,0.600522486300176,834.0149775064839,491.55641421932927,0.019595759906524755,0.011824651502514142,0.04256099184134134,0.041570477921891835
Bubble,136.91009447656793,0.6423573573573574,0.35764264264264256,0.39993769317934735,0.6000623068206528,833.1852184572814,492.82789399088705,0.019578130569528455,0.011854704635562612,0.04255693440690691,0.041572346940847923
Bubble,137.0704018967,0.6413583583583584,0.3586416416416416,0.40041102656077865,0.5995889734392214,832.3530489310203,494.1144797076501,0.01956044122397343,0.011885103142506114,0.042552876972472474,0.041574269384376604
Bubble,137.2298265146589,0.6403593593593594,0.3596406406406406,0.40088710751985257,0.5991128924801473,831.5184549288941,495.40133219319466,0.019542691523686772,0.011915502056448249,0.04254881953803804,0.041576202987191876
Bubble,137.3883682389762,0.6393603603603604,0.36063963963963963,0.4013707302340866,0.5986292697659134,830.6814255165167,496.69530537183226,0.019524881194391653,0.011946060602758069,0.042544762103603605,0.041578167220845744
Bubble,137.5460249145892,0.6383613613613613,0.36163863863863865,0.4018525044050041,0.598147495594996,829.841946533141,497.982978441061,0.019507009885864873,0.011976466907124042,0.04254070466916917,0.04158012394664093
Bubble,137.70279637801892,0.6373623623623624,0.36263763763763757,0.4023371461081864,0.5976628538918137,829.0000068234091,499.2710893750015,0.01948907731840372,0.012006877517027937,0.042536647234734735,0.04158209231891841
Bubble,137.7705975029316,0.5884114114114114,0.4115885885885886,0.559093025288124,0.4409069747118761,771.023554052193,731.5014037985147,0.018211219147877482,0.017326455526444146,0.04233783294744745,0.04221875632220772
Bubble,137.8586803956552,0.6363633633633634,0.3636366366366366,0.40282451097960686,0.5971754890203932,828.1555919654187,500.5594274570418,0.019471083135397776,0.012037287508789171,0.0425325898003003,0.04158407175134367
Bubble,138.01367917001903,0.6353643643643644,0.3646356356356356,0.4033149162940232,0.5966850837059766,827.3086944022668,501.8484543894981,0.01945302714152156,0.012067707586628333,0.042528532365865866,0.041586063532528174
Bubble,138.16778801048832,0.6343653653653654,0.36563463463463464,0.40379584327804147,0.5962041567219585,826.4592957510796,503.1202151283193,0.019434908886792925,0.012097720777032257,0.04252447493143143,0.04158801681747377
Bubble,138.32103665265709,0.6333663663663665,0.36663363363363355,0.40429544272924356,0.5957045572707566,825.6074319469005,504.4151346149017,0.019416729198512905,0.012128265867625563,0.042520417496997,0.041590045940644825
Bubble,138.473353190139,0.6323673673673674,0.36763263263263257,0.40479225464739044,0.5952077453526096,824.7529781726857,505.7022669069236,0.01939848512335173,0.012158624059647637,0.04251636006256257,0.04159206374225038
Bubble,138.6247910442837,0.6313683683683684,0.3686316316316316,0.4052935278429431,0.5947064721570569,823.8960076502792,506.9921484283491,0.01938017836524223,0.012189040092993554,0.04251230262812813,0.041594099663334105
Bubble,138.77533703046214,0.6303693693693694,0.3696306306306306,0.4057976224637099,0.59420237753629,823.0364882696797,508.282393454616,0.019361808150852134,0.01221945852151651,0.04250824519369369,0.04159614704363635
Bubble,138.92499009540506,0.6293703703703704,0.37062962962962964,0.40630453754093143,0.5936954624590687,822.174407062074,509.57299862055976,0.01934337415689043,0.012249879239986203,0.04250418775925926,0.0415982058792225
Bubble,139.0737491373628,0.6283713713713714,0.37162862862862855,0.4068142695869444,0.5931857304130558,821.3097509239711,510.8639566742384,0.019324876056773747,0.012280302052789339,0.042500130324824824,0.04160027615592738
Bubble,139.22161302308024,0.6273723723723724,0.3726276276276276,0.4073268150250792,0.5926731849749208,820.4425066434472,512.1552600096992,0.019306313521242412,0.012310726755986994,0.042496072890390396,0.041602357859224365
Bubble,139.36858058725903,0.6263733733733734,0.3736266266266266,0.4078421701896355,0.5921578298103646,819.5726608985381,513.4469006667028,0.019287686218321318,0.012341153137312003,0.042492015455955955,0.04160445097422521
Bubble,139.51465063208516,0.6253743743743744,0.3746256256256256,0.4083603313355899,0.5916396686644101,818.7002002557094,514.7388703446512,0.01926899381328261,0.012371580976495967,0.04248795802152152,0.041606555485719496
Bubble,139.6598219266706,0.6243753753753755,0.37562462462462454,0.40888129465032125,0.5911187053496788,817.8251111681674,516.0311604192855,0.01925023596860463,0.012402010045660168,0.04248390058708709,0.04160867137822228
Bubble,139.80423882473676,0.6233763763763764,0.37662362362362356,0.4094102530066182,0.5905897469933817,816.9476211490241,517.3316383701609,0.019231418021325955,0.012432623091073125,0.04247984315265266,0.04161081974258638
Bubble,139.94760648231605,0.6223773773773774,0.3776226226226226,0.4099365973368175,0.5900634026631826,816.0672313391265,518.6242342624689,0.01921252820966908,0.012463046741776498,0.042475785718218216,0.04161295749008349
Bubble,140.09012757903827,0.6213783783783784,0.3786216216216216,0.4104722824899708,0.5895277175100292,815.1842654672453,519.9267190898684,0.019193574135255815,0.012493693505660824,0.04247172828378379,0.04161513317533301
Bubble,140.23168786091142,0.6203793793793794,0.37962062062062063,0.411003868873864,0.5889961311261361,814.2985212544238,521.2194087938608,0.01917455101653873,0.012524106713162059,0.04246767084934935,0.0416172922134312
Bubble,140.37234334285742,0.6193803803803805,0.38061961961961954,0.41154158728681367,0.5884584127131864,813.4100801120504,522.5172066916901,0.0191554607509296,0.012554631988244115,0.04246361341491492,0.0416194761567654
Bubble,140.51209116601774,0.6183813813813814,0.38161861861861857,0.4120787158951475,0.5879212841048526,812.5189253879782,523.8104047551969,0.019136302926990326,0.012585044268844754,0.04245955598048048,0.04162165770460815
Bubble,140.65099495816492,0.6173823823823824,0.3826176176176176,0.4126292863707018,0.5873707136292983,811.6251535286929,525.1194334672364,0.01911707979705919,0.012615817141052943,0.04245549854604605,0.04162389384659461
Bubble,140.7889226214701,0.6163833833833834,0.3836166166166166,0.41316626255836264,0.5868337374416372,810.7285281695,526.4048922277292,0.019097785774526838,0.01264603725112858,0.042451441111611615,0.041626074775380786
Bubble,140.92593992127132,0.6153843843843844,0.38461561561561564,0.41371168070730013,0.5862883192926999,809.8291487814216,527.6987806987647,0.01907842318245977,0.01267644625350717,0.04244738367717718,0.0416282899911927
Bubble,141.06211544115374,0.6143853853853855,0.38561461461461455,0.41427370553155946,0.5857262944684405,808.9271217750648,529.0130938301144,0.019058994508315212,0.01270732204944505,0.04244332624274274,0.04163057265501642
Bubble,141.19729882174596,0.6133863863863864,0.38661361361361357,0.41482129176851146,0.5851787082314884,808.0221759704912,530.3025487075962,0.019039493343304376,0.012737615318711062,0.04243926880830831,0.04163279667651781
Bubble,141.33157081226275,0.6123873873873874,0.3876126126126126,0.41537449938857335,0.5846255006114265,807.1144380826134,531.5963566184743,0.019019922652713125,0.01276800290228584,0.04243521137387388,0.04163504352926668
Bubble,141.46505883870097,0.6113883883883884,0.3886116116116116,0.4159788619853947,0.5840211380146053,806.2041191557352,532.9607493671707,0.019000287390401948,0.012800018566758282,0.04243115393943944,0.04163749814795368
Bubble,141.59747769964363,0.6103893893893895,0.38961061061061053,0.4165247103553995,0.5834752896446005,805.2907085401026,534.236281582402,0.018980575501910787,0.012829969661340954,0.042427096505005,0.041639715111108457
Bubble,141.7289754344189,0.6093903903903904,0.39060960960960955,0.41708317493568303,0.582916825064317,804.3744518999682,535.5262584251898,0.01896079275607517,0.012860248619144652,0.04242303907057057,0.041641983315001276
Bubble,141.85984635138163,0.6083913913913914,0.3916086086086086,0.41780525703105964,0.5821947429689404,803.4558595052335,537.0501541062059,0.018940951161844508,0.012895935567331837,0.04241898163613614,0.04164491605143165
Bubble,141.9894520691357,0.6073923923923924,0.3926076076076076,0.4184009630565363,0.5815990369434637,802.5337874560605,538.3863597006929,0.018921023733053436,0.01292727021042252,0.042414924201701704,0.04164733551145412
Bubble,142.11817798290681,0.6063933933933934,0.3936066066066066,0.41897440702941907,0.5810255929705809,801.6089055755041,539.6866191305418,0.018901026238732438,0.012957766284741115,0.04241086676726727,0.041649664554149986
Bubble,142.24603897265482,0.6053943943943945,0.39460560560560554,0.41953928092251325,0.5804607190774869,800.681229340911,540.9707888144628,0.018880959023743284,0.012987883512245935,0.042406809332832834,0.041651958789466786
Bubble,142.3728641083989,0.6043953953953954,0.39560460460460456,0.4201924657652921,0.5798075342347079,799.7504385160763,542.3788157765355,0.018860814515821174,0.01302085876316948,0.0424027518983984,0.04165461169970574
Bubble,142.49880746594962,0.6033963963963964,0.3966036036036036,0.42077492579740433,0.5792250742025957,798.8167979120517,543.6806303967163,0.018840598938511942,0.013051370138633082,0.042398694463963965,0.04165697736112616
Bubble,142.622458810506,0.6023973973973974,0.3976026026026026,0.4209222285415085,0.5790777714584914,797.8777199738109,544.3439788772055,0.01882025123644903,0.013067106537741792,0.04239463702952953,0.041657575631221334
Bubble,142.74662375982595,0.6013983983983985,0.3986016016016015,0.42152299170146595,0.5784770082985341,796.9383062227482,545.6647330585104,0.0187998917173324,0.01309804436691448,0.042390579595095096,0.041660015630795515
Bubble,142.87001326841596,0.6003993993993995,0.39960060060060054,0.4221592272500884,0.5778407727499116,795.9962044261002,547.0335010693643,0.01877946488294036,0.013130085616092297,0.04238652216066066,0.04166259970147624
Bubble,142.99205443744677,0.5994004004004004,0.40059959959959957,0.42247102157781463,0.5775289784221853,795.0503444715055,547.9267356452117,0.01875894546499862,0.0131511256044562,0.042382464726226234,0.0416638660541383
Bubble,143.11332201392526,0.5984014014014014,0.4015985985985986,0.4233417399160838,0.5766582600839162,794.1017728016309,549.6271648482452,0.018738358129741214,0.013190819013880166,0.042378407291791785,0.041667402476669176
Bubble,143.2338884920472,0.5974024024024024,0.4025975975975976,0.42392764826892504,0.5760723517310748,793.1506165974837,550.9112765810261,0.018717705859026195,0.013220882093517234,0.04237434985735736,0.04166978214344424
Bubble,143.353251872819,0.5964034034034035,0.4035965965965965,0.42452934424648825,0.5754706557535118,792.1959257832267,552.2136760619717,0.018696966211038883,0.013251360197739566,0.04237029242292293,0.04167222593165711
Bubble,143.47209743702638,0.5954044044044045,0.40459559559559555,0.4251956113152777,0.5748043886847224,791.2389747792154,553.6070268783145,0.01867616924171351,0.013283933545606514,0.04236623498848849,0.04167493197535701
Bubble,143.5895980212299,0.5944054054054054,0.40559459459459457,0.4257989120593023,0.5742010879406977,790.2781923906732,554.9040067976047,0.018655277845013512,0.013314272068526657,0.042362177554054053,0.04167738228132886
Bubble,143.7061580182729,0.5934064064064064,0.4065935935935936,0.42667550309273705,0.5733244969072628,789.3143259341679,556.5937096754661,0.018634309636620765,0.013353673778614345,0.042358120119619626,0.04168094255581115
Bubble,143.82201018830466,0.5924074074074074,0.4075925925925926,0.42741952662480914,0.5725804733751908,788.3478085890216,558.0877809579827,0.018613274822034342,0.013388548543599802,0.042354062685185184,0.04168396440738666
Bubble,143.9364908276507,0.5914084084084085,0.40859159159159153,0.42827873790048315,0.5717212620995168,787.3773560736856,559.7439779766501,0.01859214305669366,0.013427156686391262,0.04235000525075076,0.041687454093982806
Bubble,144.0502513707153,0.5904094094094094,0.40959059059059055,0.4289981591332935,0.5710018408667066,786.4042039583802,561.1939545813303,0.018570943490733977,0.013460995273043872,0.042345947816316315,0.04169037602331987
Bubble,144.17976415377646,0.5864134134134135,0.41358658658658654,0.4576179605538237,0.5423820394461764,781.8549478407095,603.4898190018257,0.018470591899273147,0.014435270925326706,0.042329718078578576,0.04180661534678936
Bubble,144.28009309487345,0.4795205205205205,0.5204794794794795,0.4338523636141784,0.5661476363858217,633.905006279958,567.6803064494945,0.015130596553042884,0.013610142959125994,0.04189557259409409,0.041710091374818986
Bubble,144.38363499830754,0.5874124124124125,0.4125875875875875,0.4299720359511303,0.5700279640488698,783.4614617069545,563.7947601140171,0.018506770355649606,0.013522096190497419,0.04233377551301302,0.04169433142401552
Bubble,144.60197358604466,0.5854144144144144,0.41458558558558556,0.4311781111073955,0.5688218888926044,781.4852751330627,566.3194068926913,0.01846362852321321,0.01358105193487724,0.04232566064414415,0.041699229898262684
Bubble,144.71322254437175,0.5844154154154154,0.4155845845845846,0.43319896543369096,0.566801034566309,780.4993327604674,569.6434904788704,0.018442102225971438,0.013658079308729787,0.042321603209709714,0.04170743759810894
Bubble,144.81682429359137,0.5834164164164164,0.4165835835835836,0.43243435316479273,0.5675656468352073,779.4968163182175,568.9018776872501,0.018420180141298537,0.013641313712372097,0.04231754577527528,0.04170433212537881
Bubble,144.91491828129753,0.48251751751751754,0.5174824824824824,0.43484792711209697,0.5651520728879031,640.687158439735,571.6902761380202,0.015288037092149135,0.01370495344352705,0.041907744897397396,0.04171413485596579
Bubble,144.92258082064888,0.5824174174174175,0.4175825825825825,0.4330484165138821,0.566951583486118,778.4972323871048,570.1660821091301,0.01839832315681952,0.013670809669022269,0.04231348834084084,0.04170682614367114
Bubble,145.02735988766656,0.5814184184184185,0.41858158158158154,0.43368493297612054,0.5663150670238793,777.4943283211048,571.458822825854,0.018376383507521448,0.01370095631314822,0.0423094309064064,0.041709411355282514
Bubble,145.0810782896857,0.48351651651651656,0.5164834834834835,0.4348942798351649,0.565105720164835,642.7643549785589,572.4277708621081,0.015336118210559083,0.013722571243671213,0.04191180233183184,0.04171432311755052
Bubble,145.13114143050143,0.5804194194194194,0.41958058058058056,0.4343244601270347,0.5656755398729653,776.4880497320182,572.7518225835045,0.018354359884009883,0.013731101405378119,0.042305373471971976,0.04171200879480595
Bubble,145.23359544970776,0.5794204204204204,0.4205795795795796,0.43485334013038046,0.5651466598696195,775.4777088361697,573.879247338931,0.018332236002965546,0.013757421719614108,0.04230131603753754,0.041714156840939536
Bubble,145.33536284912338,0.5784214214214215,0.4215785785785785,0.4354929605619134,0.5645070394380867,774.4645961686512,575.1641139315435,0.01831004234661755,0.013787364780136719,0.0422972586031031,0.04171675465932222
Bubble,145.4361213202022,0.5774224224224225,0.4225775775775775,0.4361354766297284,0.5638645233702716,773.4480425868936,576.449032136272,0.018287763073367772,0.013817301453664823,0.04229320116866867,0.04171936423833164
Bubble,145.53460727627032,0.5764234234234235,0.42357657657657655,0.43673978698794413,0.5632602130120559,772.4254161233256,577.6708501689199,0.018265335921143887,0.01384577348092673,0.04228914373423424,0.04172181864485154
Bubble,145.63420955891337,0.5754244244244244,0.42457557557557557,0.4372846988405522,0.5627153011594478,771.4037183200512,578.8083197504754,0.01824292642684528,0.01387230079932633,0.0422850862997998,0.0417240318043409
Bubble,145.710611031437,0.48551451451451455,0.5144854854854854,0.43689722671759584,0.5631027732824041,647.9587449615408,577.7743164600915,0.01545706166019598,0.013848041150040067,0.0419199172007007,0.041722458086313516
Bubble,145.73006233547054,0.5744254254254254,0.4255745745745746,0.4379716227211677,0.5620283772788323,770.3728206623801,580.1399322016595,0.01822029504332695,0.013903285894562373,0.04228102886536536,0.04172682174568203
Bubble,145.8267369066368,0.5734264264264265,0.4265735735735735,0.4386120309220735,0.5613879690779265,769.3422346456116,581.4050484231308,0.018197666687229656,0.013932736422379214,0.042276971430930926,0.041729422763590006
Bubble,145.88190268322452,0.4865135135135135,0.5134864864864865,0.43731205414447677,0.5626879458555233,650.0250666989168,579.0457352798082,0.01550485306691679,0.013877953983569169,0.04192397463513514,0.041724142907907796
Bubble,145.92281585974166,0.5724274274274275,0.42757257257257253,0.43925992824768634,0.5607400717523136,768.3090081598464,582.6780234604427,0.01817497152487577,0.01396236141858307,0.0422729139964965,0.04173205419857797
Bubble,146.01602402872226,0.5714284284284284,0.42857157157157155,0.43977986170346817,0.5602201382965318,767.2683090105586,583.7561290018109,0.018152095216581083,0.013987487620678526,0.042268856562062064,0.04173416590830864
Bubble,146.02588848444165,0.48751251251251254,0.5124874874874874,0.4373878562633149,0.562612143736685,651.988323403626,579.7203123996511,0.015550177082525764,0.013894019012524756,0.04192803206956957,0.041724450778213455
Bubble,146.10971102289085,0.5704294294294294,0.4295705705705706,0.44044337717853305,0.5595566228214669,766.2272120445389,585.0423885831569,0.01812920510353667,0.014017402787365813,0.04226479912762762,0.04173686077641061
Bubble,146.20236424818427,0.5694304304304305,0.4305695695695695,0.44108904800230925,0.5589109519976908,765.1825064965698,586.2985506542615,0.018106225206639362,0.014046617402710735,0.042260741693193195,0.041739483168461385
Bubble,146.29569472979833,0.5684314314314315,0.4315685685685685,0.4416124658027062,0.5583875341972939,764.1378652538184,587.3782061595055,0.01808324241851587,0.014071767232052671,0.04225668425875877,0.0417416090298577
Bubble,146.34299058157157,0.4885115115115115,0.5114884884884885,0.4386299223648599,0.56137007763514,654.5461848293336,582.7156767576007,0.015609672510281948,0.013964119881092009,0.041932089504004004,0.041729495429684876
Bubble,146.3823297346929,0.5674324324324325,0.43256756756756753,0.4415863049546326,0.5584136950453674,763.0773595147721,587.6417029277931,0.018059879748718432,0.014078115636112637,0.042252626824324326,0.04174150277757325
Bubble,146.4715105947369,0.5664334334334334,0.43356656656656656,0.4422048100001558,0.5577951899998442,762.020908013795,588.8450030921231,0.018036608553096873,0.0141060941408756,0.0422485693898899,0.041744014835815635
Bubble,146.47637200179338,0.48951051051051053,0.5104894894894895,0.43876509796072477,0.5612349020392752,656.4561438373905,583.4268767169871,0.015653706688911053,0.013980979039713298,0.04193614693843844,0.04173004444536748
Bubble,146.55962843472673,0.5654344344344344,0.4345655655655656,0.44282612022084117,0.5571738797791589,760.9607171531226,590.0480708656727,0.018013244370192145,0.01413405985438321,0.04224451195545545,0.041746538287276945
Bubble,146.60357620810643,0.49050950950950956,0.5094904904904904,0.43888187409430807,0.5611181259056921,658.3392322217097,584.0858505401417,0.015697091658607335,0.0139966113121276,0.04194020437287287,0.04173051873163403
Bubble,146.6484027038842,0.5644354354354355,0.4355645645645645,0.4433087342177996,0.5566912657822004,759.9005521073376,591.0509568322176,0.017989876309905048,0.01415741832985488,0.04224045452102102,0.0417484984240256
Bubble,146.73427320392312,0.5634364364364365,0.4365635635635635,0.4439160195518877,0.5560839804481122,758.8325871581616,592.2248449824141,0.017966319087362476,0.01418469839465189,0.042236397086586594,0.04175096491340999
Bubble,146.7531362900361,0.4915085085085085,0.5084914914914915,0.4394199739481091,0.5605800260518908,660.2924689003659,585.4321931240182,0.015742140651652452,0.014028139417446956,0.041944261807307315,0.041732704224190245
Bubble,146.81863131865083,0.5624374374374375,0.43756256256256254,0.4444208286608759,0.5555791713391242,757.7598361715482,593.2448996092195,0.017942644011978925,0.014208432536667415,0.04223233965215216,0.041753015195606154
Bubble,146.9018547192965,0.5614384384384384,0.43856156156156156,0.4449260999882119,0.5550739000117881,756.6831118439766,594.2612017909494,0.017918870295095618,0.01423207383997515,0.04222828221771772,0.04175506735510213
Bubble,146.9820788537869,0.5604394394394395,0.4395605605605605,0.4450465480597867,0.5549534519402134,755.5982136644626,594.7112002887111,0.017894898427208223,0.01424268407262514,0.04222422478328329,0.04175555655494483
Bubble,147.02279812458045,0.49250750750750755,0.5074924924924924,0.4406383319621413,0.5593616680378587,662.6419565108572,588.1877403976648,0.015796627099459053,0.01409249691740758,0.04194831924174174,0.04173765258526424
Bubble,147.06280005103417,0.5594404404404405,0.4405595595595595,0.44552914542704264,0.5544708545729573,754.512943896917,595.6853406174463,0.017870913150643614,0.01426534403324432,0.04222016734884885,0.04175751662415193
Bubble,147.13716784355225,0.4935065065065065,0.5064934934934935,0.44081537466691334,0.5591846253330867,664.4611599936296,588.875397717829,0.015838462862843294,0.014108729557961164,0.04195237667617618,0.04173837164420966
Bubble,147.14235714694416,0.5584414414414415,0.4415585585585585,0.44601279429439117,0.5539872057056087,753.4235761568478,596.656523388144,0.017846826192282488,0.014287929581838636,0.04221610991441442,0.041759480964026666
Bubble,147.22074734952744,0.5574424424424425,0.44255755755755755,0.44649822763456803,0.5535017723654319,752.3300856832163,597.6258031103225,0.017822636936216878,0.014310464952644852,0.04221205247997998,0.04176145255153779
Bubble,147.27574170657294,0.49450550550550554,0.5054944944944945,0.4413164842388198,0.5586835157611802,666.3550504736452,590.1143596585465,0.015882070643013165,0.014137724173650583,0.04195643411061062,0.04174040690073597
Bubble,147.30033660735702,0.5564434434434434,0.44355655655655657,0.44755792448297765,0.5524420755170223,751.2378702207434,599.4271480912423,0.017798473237359468,0.014352119970425849,0.042207995045545545,0.04176575651028762
Bubble,147.3765163350434,0.5554444444444445,0.4445555555555555,0.4480526406026789,0.5519473593973211,750.136390444354,600.4010415333037,0.017774085379342993,0.01437474641116827,0.04220393761111112,0.041767765799807774
Bubble,147.39709605581302,0.4955045045045045,0.5044954954954954,0.4416920131171175,0.5583079868828825,668.1859398416169,591.1072552223733,0.015924168550892976,0.014160994120890382,0.041960491545045046,0.04174193211127518
Bubble,147.45150346549696,0.5544454454454455,0.4455545545545545,0.44854758927043153,0.5514524107295684,749.0306766744822,601.3707173392688,0.017749592499754573,0.014397269376123215,0.04219988017667668,0.04176977603382186
Bubble,147.4807048112641,0.49650350350350353,0.5034964964964965,0.44169372623849074,0.5583062737615094,669.8881676375099,591.4245811686179,0.01596319235946234,0.014168593849684804,0.04196454897947948,0.041741939069117634
Bubble,147.52529359743113,0.5534464464464465,0.44655355355355353,0.44904338464552424,0.5509566153544757,747.9206997387051,602.3370534875153,0.017724993876940376,0.014419709036080834,0.04219582274224224,0.04177178970673779
Bubble,147.59079116795246,0.49750250250250255,0.5024974974974974,0.44199135055734645,0.5580086494426537,671.6718752172941,592.2597904665973,0.016004150068576344,0.014188191851437907,0.041968606413913916,0.04174314787028867
Bubble,147.5958224554139,0.5524474474474474,0.44755255255255255,0.4493122269974268,0.5506877730025732,746.8016180732027,602.9652941335206,0.017700174729001043,0.014434371556256199,0.04219176530780781,0.04177288160995005
Bubble,147.66730742173917,0.5514484484484484,0.4485515515515516,0.4498357202982872,0.5501642797017127,745.6832419451183,603.9628221476887,0.017675367530828896,0.01445751549245377,0.04218770787337338,0.041775007777991494
Bubble,147.70701484626673,0.4985015015015015,0.5014984984984985,0.44253515327059256,0.5574648467294073,673.469848486559,593.4689039758867,0.016045439739538012,0.014216405209531643,0.04197266384834835,0.041745356525008506
Bubble,147.73731454137538,0.5504494494494495,0.4495505505505505,0.45032472406835977,0.5496752759316401,744.5598852357957,604.9052123300352,0.01765043749150041,0.014479385813604414,0.042183650438938944,0.041776993866803634
Bubble,147.7969924360948,0.49950050050050054,0.5004994994994995,0.44278503927529345,0.5572149607247066,675.1784020779072,594.1596779606417,0.01608459120781401,0.014232606511851206,0.041976721282782785,0.04174637143701661
Bubble,147.80609136810705,0.5494504504504505,0.4505495495495495,0.45081529821777794,0.5491847017822221,743.4321064934045,605.8452309411215,0.017625397817707982,0.01450119507691991,0.0421795930045045,0.04177898633371151
Bubble,147.8623295482903,0.5004994994994995,0.49950050050050054,0.44273633794437195,0.5572636620556279,676.8042857584708,594.3323732814943,0.016121765875698222,0.014236810742361817,0.04198077871721722,0.041746173636561065
Bubble,147.8743937470004,0.5484514514514515,0.45154854854854853,0.45105175549140375,0.5489482445085964,742.301688372374,606.4164151647498,0.017600290745309454,0.01451453299946927,0.04217553557007007,0.04177994670492834
Bubble,147.9405118775435,0.5474524524524524,0.45254754754754756,0.4515247423344829,0.548475257665517,741.1645412179463,607.3213495634611,0.017575019278056776,0.01453552419744099,0.04217147813563564,0.041781867740991505
Bubble,147.99796724179708,0.5464534534534535,0.45354654654654647,0.451530451936863,0.548469548063137,740.005002037158,607.5265310517151,0.017549211920758475,0.014540426905562278,0.042167420701201205,0.04178189093054156
Bubble,148.0103150709442,0.5014984984984985,0.4985015015015015,0.4439144984985465,0.5560855015014534,678.6862261644328,596.5567460651765,0.016165032149059223,0.014288456220665581,0.04198483615165165,0.04175095873565184
Bubble,148.06127902011332,0.5454544544544545,0.4545455455455455,0.4520010531841981,0.547998946815802,738.8579353140628,608.4179523946947,0.017523695409195024,0.01456109590874185,0.042163363266766764,0.04178380227750762
Bubble,148.06448247277973,0.5024974974974975,0.4975025025025025,0.4438596980628596,0.5561403019371404,680.2680838835057,596.6781855529796,0.016201143344937455,0.014291441070972343,0.041988893586086096,0.04175073616368231
Bubble,148.11617076342847,0.5034964964964965,0.4965035035035035,0.4438170954832275,0.5561829045167725,681.8388535548224,596.8074887391015,0.01623698351710579,0.01429459734072468,0.04199295102052052,0.041750563133305135
Bubble,148.12405243738905,0.5444554554554555,0.4555445445445445,0.4521762033746867,0.5478237966253133,737.7080202903529,608.8811835472048,0.017498106425760888,0.014571934201443391,0.042159305832332336,0.04178451365000629
Bubble,148.1851782261188,0.5434564564564565,0.45654354354354354,0.452693785825238,0.5473062141747621,736.5525499302163,609.8320040129587,0.017472380733663164,0.014593955317399487,0.0421552483978979,0.04178661581112921
Bubble,148.21623076485616,0.5044954954954955,0.49550450450450445,0.4443441167424684,0.5556558832575317,683.5552147889206,597.9201010962494,0.016276283476764457,0.014320512185095783,0.04199700845495496,0.04175270363014954
Bubble,148.24433503072802,0.5424574574574574,0.45754254254254256,0.4531463646126608,0.5468536353873392,735.3906995089887,610.6824360038023,0.017446498727554896,0.014613664257361268,0.04215119096346347,0.04178845395987432
Bubble,148.29429263251927,0.5054944944944946,0.4945055055055054,0.44495403751499024,0.5550459624850098,685.198855368558,599.0755266867809,0.01631384444321109,0.014347334028344687,0.04200106588938939,0.04175518082336714
Bubble,148.30214606713074,0.5414584584584585,0.4585415415415415,0.45360001143069223,0.5463999885693078,734.2239632563638,611.5294933721154,0.017420495814992106,0.014633289193248075,0.04214713352902903,0.041790296446425755
Bubble,148.34922211017775,0.5404594594594595,0.4595405405405405,0.45322659310305885,0.5467734068969412,733.0289816949563,611.1535784016064,0.01739381767124913,0.014624824682874437,0.04214307609459459,0.041788779807888074
Bubble,148.3570523735921,0.5064934934934935,0.4935065065065065,0.445071781967242,0.5549282180327579,686.7914466012705,599.467572198235,0.016350182840952323,0.014356558750244035,0.04200512332382383,0.04175565904245995
Bubble,148.39566646478417,0.5074924924924925,0.4925075075075075,0.44505910588372705,0.5549408941162729,688.3071681850747,599.5896000724655,0.016384684389489448,0.014359498882437847,0.04200918075825826,0.04175560755854676
Bubble,148.4025150763427,0.5394604604604605,0.4605395395395395,0.45355751326418403,0.546442486735816,731.8477204245294,611.8090823595685,0.017367459985878745,0.014640039945805894,0.04213901866016016,0.04179012384012249
Bubble,148.43192655353513,0.5084914914914915,0.49150850850850847,0.4450594672220327,0.5549405327779672,689.8126874508773,599.7214195504051,0.016418936438249966,0.01436265530638578,0.042013238192692696,0.041755609026122284
Bubble,148.45209483465655,0.5384614614614615,0.46153853853853855,0.4537158170874003,0.5462841829125998,730.6555105882575,612.2043697275443,0.017340837379058786,0.014649273433717318,0.042134961225725735,0.041790766791100484
Bubble,148.48803638955619,0.5374624624624625,0.46253753753753746,0.4530295519931415,0.5469704480068585,729.4271682587963,611.3431280238444,0.017313352019986173,0.014629640747573279,0.042130903791291294,0.04178797952542014
Bubble,148.5340053009013,0.5364634634634635,0.4635365365365365,0.4532141397053894,0.5467858602946105,728.2222624895879,611.7640916046237,0.017286417699554607,0.014639451902468154,0.04212684635685686,0.04178872922841344
Bubble,148.57839300802362,0.5354644644644645,0.4645355355355355,0.4534069369799879,0.546593063020012,727.0115975336605,612.1913814311127,0.01725934146650637,0.014649402400516284,0.04212278892242243,0.041789512274544215
Bubble,148.58033286451118,0.5094904904904906,0.49050950950950944,0.4472252585670722,0.5527747414329279,691.6489752556497,603.3419042467032,0.01646105407148357,0.014446318549163971,0.042017295627127124,0.041764405387670164
Bubble,148.61823805670628,0.5104894894894895,0.48951051051051053,0.44743429685971153,0.5525657031402885,693.1509800689257,603.7756330732182,0.01649520849681958,0.014456409802713571,0.042021353061561566,0.04176525439669573
Bubble,148.62121690562287,0.5344654654654655,0.4655345345345345,0.4536091000561958,0.5463908999438043,725.7951859927548,612.6267052556991,0.01723212357902439,0.014659531427520635,0.04211873148798799,0.041790333359878244
Bubble,148.64235347375282,0.5334664664664664,0.46653353353353355,0.4526953202412412,0.5473046797587588,724.5210628967409,611.3909145082492,0.01720353010391178,0.014631259590133101,0.042114674053553555,0.04178662204315981
Bubble,148.6540068616151,0.5114884884884885,0.4885115115115115,0.44767140372773107,0.5523285962722688,694.6434151974445,604.24142503991,0.01652912861526069,0.014467228841020974,0.042025410495996,0.041766217406240175
Bubble,148.68280218745315,0.5324674674674675,0.46753253253253246,0.4529925473339831,0.5470074526660169,723.2947390792721,611.9544777792661,0.017176066207277546,0.01464432321661103,0.04211061661911912,0.04178782923099698
Bubble,148.72024164823182,0.5314684684684685,0.4685315315315315,0.4532209523178546,0.5467790476821455,722.0588238599094,612.4092072595822,0.017148369228957138,0.01465487975047307,0.042106559184684686,0.04178875689783897
Bubble,148.74680583666813,0.5124874874874875,0.4875125125125125,0.44923125805796676,0.5507687419420332,696.2989132647882,606.7951395370881,0.01656692191339043,0.01452616848919372,0.04202946793043043,0.04177255275460243
Bubble,148.7543572689203,0.5304694694694695,0.4695305305305305,0.4534657887843325,0.5465342112156675,720.812400829902,612.8767518785132,0.017120417335428708,0.014665719053027325,0.04210250175025026,0.041789751301147565
Bubble,148.7551990643106,0.5134864864864865,0.48651351351351346,0.4490459376601855,0.5509540623398144,697.7043795678146,606.560728200504,0.016598759526152286,0.014520818521100997,0.04203352536486487,0.04177180007580684
Bubble,148.75992250773268,0.5154844844844845,0.4845155155155155,0.4485569681394749,0.5514430318605251,700.4734491939364,605.8804214628992,0.016661420565410874,0.014505221872278692,0.04204164023373373,0.04176981412609848
Bubble,148.76146077882237,0.5144854854854856,0.48551451451451444,0.4488660823264378,0.5511339176735622,699.1012872528038,606.3265279917754,0.016630387398593637,0.014515465701362596,0.042037582799299304,0.041771069593368834
Bubble,148.7887296523559,0.5294704704704705,0.47052952952952953,0.45371817328553854,0.5462818267144616,719.5648081151026,613.3551765111654,0.017092432269397943,0.01467680741835913,0.04209844431581582,0.04179077636079922
Bubble,148.80772919848093,0.5174824824824825,0.4825175175175175,0.4493694340543074,0.5506305659456925,703.3552095980782,607.207743309815,0.016726737358680722,0.014535850593839137,0.0420497551026026,0.04177311395641156
Bubble,148.8130947676832,0.5164834834834835,0.4835165165165165,0.44964582284844573,0.5503541771515542,701.9992035758246,607.6207263258083,0.016696100731069377,0.01454534605767463,0.04204569766816817,0.04177423650949896
Bubble,148.82142808516008,0.5284714714714714,0.47152852852852856,0.453974625188241,0.546025374811759,718.3109737055469,613.8336272695705,0.017064293529911477,0.014687890058955473,0.04209438688138138,0.041791817940202036
Bubble,148.8269324980705,0.5274724724724725,0.47252752752752747,0.4530324447117282,0.5469675552882717,716.9828095497677,612.505162437842,0.01703438340755906,0.014657444489705653,0.042090329446946954,0.04178799127419668
Bubble,148.85346866039075,0.5264734734734735,0.4735265265265265,0.4533078382288279,0.5466921617711721,715.7084716550115,612.990633430043,0.0170057464686401,0.014668669339555209,0.04208627201251252,0.04178910978496639
Bubble,148.85465005202994,0.5204794794794795,0.4795205205205205,0.4506700402185,0.5493299597814999,707.5852230190904,609.2277624376936,0.016822463131343304,0.014582363503527457,0.042061927405905905,0.04177839636834743
Bubble,148.8650106862733,0.5194804804804805,0.48051951951951954,0.4508719233552869,0.5491280766447132,706.2508341537532,609.5519040073648,0.016792358591455402,0.014589835754377353,0.04205786997147148,0.0417792163167075
Bubble,148.86771360121617,0.5184814814814815,0.48151851851851846,0.4509178878197385,0.5490821121802615,704.8928191111507,609.626854783278,0.016761686434264372,0.014591564526739254,0.04205381253703704,0.04177940300137987
Bubble,148.88024027450052,0.5254744744744745,0.4745255255255255,0.4535727868489893,0.5464272131510106,714.4328538634883,613.4610758902646,0.01697707359335738,0.014679548871665995,0.04208221457807808,0.04179018587378717
Bubble,148.8935922680442,0.5234764764764765,0.47652352352352345,0.4528277657203619,0.547172234279638,711.7664544036302,612.4430393031457,0.016916974084363788,0.014656249425323405,0.04207409970920921,0.04178715997047325
Bubble,148.90293516705677,0.5224774774774775,0.4775225225225225,0.45271130959913763,0.5472886904008624,710.4369556541039,612.3090126870419,0.016887003607317087,0.014653207920561346,0.04207004227477478,0.0417866869839369
Bubble,148.90902134179282,0.5244754754754755,0.47552452452452454,0.45398790256471094,0.5460120974352891,713.1608160456404,614.1528292766732,0.01694848026759107,0.014695509003328541,0.042078157143643644,0.041791871866266574
Bubble,148.91040262310153,0.5214784784784785,0.4785215215215215,0.4526190345133794,0.5473809654866205,709.1000103889475,612.2030867216585,0.016856850328841853,0.014650804398923403,0.04206598484034034,0.041786312208676096
