Branch,Pressure [bar],x_CO2 [-],x_Ar [-],y_CO2 [-],y_Ar [-],rho_L [kg/m3],rho_V [kg/m3],rho_L_mol_cm3 [mol/cm3],rho_V_mol_cm3 [mol/cm3],M_liq [kg/mol],M_vap [kg/mol]
Dew,5.997767917238969,0.9999882787987937,1.172120120629394e-05,0.999,0.0010000000000000009,1166.1070443602694,15.832180221367281,0.0264967406072566,0.00035977780840355176,0.0440094523943413,0.0440054385
Dew,6.004367287378058,0.9999765468595263,2.3453140473694845e-05,0.9980010010010011,0.001998998998998913,1166.1039069751769,15.847200896626976,0.0264966980064825,0.0003601523523321548,0.044009404745069966,0.044001381065565566
Dew,6.010979671459108,0.9999647923804774,3.5207619522581446e-05,0.9970020020020021,0.0029979979979979365,1166.1007636246054,15.862253459721877,0.02649665532518248,0.00036052769010927384,0.04400935700425331,0.04399732363113113
Dew,6.017605113997812,0.9999530152813392,4.698471866082521e-05,0.996003003003003,0.00399699699699696,1166.0976142868606,15.877338015314791,0.026496612563059442,0.0003609038243336196,0.04400930917156516,0.043993266196696704
Dew,6.024243659683465,0.999941215481505,5.878451849494759e-05,0.995004004004004,0.004995995995995983,1166.094458940162,15.892454668532833,0.026496569719815052,0.00036128075761541665,0.04400926124667814,0.04398920876226226
Dew,6.030895353366695,0.9999293929000681,7.06070999318964e-05,0.9940050050050051,0.0059949949949948955,1166.091297562655,15.907603524930769,0.026496526795150032,0.0003616584925755751,0.04400921322926363,0.04398515132782783
Dew,6.037560240075259,0.9999175474558188,8.245254418115522e-05,0.9930060060060061,0.006993993993993919,1166.0881301323993,15.922784690536488,0.02649648378876388,0.00036203703184673,0.04400916511899181,0.04398109389339339
Dew,6.044238365005475,0.9999056790672428,9.43209327571859e-05,0.9920070070070071,0.007992992992992942,1166.0849566273735,15.937998271825204,0.026496440700355,0.00036241637807265956,0.04400911691553161,0.043977036458958965
Dew,6.050929773535353,0.9998937876525185,0.00010621234748153796,0.991008008008008,0.008991991991991966,1166.0817770254769,15.953244375757087,0.026496397529620748,0.00036279653390914625,0.04400906861855071,0.043972979024524524
Dew,6.057634511202755,0.9998818731295154,0.000118126870484625,0.990009009009009,0.009990990990990989,1166.0785913045197,15.968523109712718,0.026496354276257194,0.0003631775020225144,0.04400902022771553,0.04396892159009009
Dew,6.0643526237329635,0.9998699354157915,0.0001300645842085002,0.9890100100100101,0.010989989989989901,1166.0753994422348,15.983834581572895,0.02649631093995942,0.0003635592850914502,0.044008971742691236,0.043964864155655654
Dew,6.071084157021857,0.9998579744285916,0.00014202557140841066,0.9880110110110111,0.011988988988988925,1166.072201416264,15.999178899668744,0.0264962675204212,0.00036394188580587294,0.04400892316314172,0.04396080672122122
Dew,6.077829157147474,0.9998459900848444,0.00015400991515557294,0.987012012012012,0.012987987987987948,1166.0689972041723,16.01455617281477,0.02649622401733531,0.00036432530686769145,0.044008874488729595,0.043956749286786785
Dew,6.084587670365218,0.9998339823011609,0.00016601769883906048,0.986013013013013,0.013986986986986971,1166.065786783433,16.029966510294102,0.026496180430393246,0.0003647095509904743,0.04400882571911617,0.04395269185235235
Dew,6.09135974310841,0.9998219509938321,0.00017804900616791297,0.9850140140140141,0.014985985985985883,1166.0625701314352,16.045410021859396,0.02649613675928537,0.00036509462089947577,0.04400877685396145,0.04394863441791792
Dew,6.09814542199516,0.9998098960788261,0.00019010392117391195,0.9840150150150151,0.015984984984984907,1166.0593472254807,16.06088681775214,0.026496093003700816,0.00036548051933208065,0.044008727892924156,0.04394457698348349
Dew,6.104944753826288,0.9997978174717871,0.00020218252821291305,0.9830160160160161,0.01698398398398393,1166.0561180427867,16.07639700869587,0.026496049163327606,0.00036586724903765484,0.04400867883566167,0.043940519549049054
Dew,6.11175778558245,0.999785715088032,0.00021428491196795463,0.982017017017017,0.017982982982982954,1166.0528825604779,16.091940705887055,0.026496005237852456,0.00036625481277734423,0.044008629681830044,0.04393646211461462
Dew,6.118584564437661,0.9997735888425487,0.00022641115745125617,0.981018018018018,0.018981981981981977,1166.0496407555947,16.107518021033787,0.026495961226960955,0.0003666432133249603,0.044008580431084014,0.043932404680180184
Dew,6.125425137744552,0.999761438649994,0.00023856135000599465,0.9800190190190191,0.01998098098098089,1166.0463926050859,16.12312906631208,0.026495917130337433,0.00036703245346599126,0.04400853108307695,0.04392834724574575
Dew,6.132279553040819,0.9997492644246906,0.00025073557530941315,0.9790200200200201,0.020979979979979912,1166.043138085811,16.138773954384,0.02649587294766498,0.0003674225359980201,0.044008481637460885,0.043924289811311315
Dew,6.139147858064025,0.9997370660806258,0.0002629339193741531,0.9780210210210211,0.021978978978978936,1166.03987717454,16.15445279843996,0.026495828678625506,0.00036781346373169354,0.04400843209388646,0.04392023237687688
Dew,6.14603010073143,0.9997248435314485,0.000275156468551474,0.977022022022022,0.02297797797797796,1166.0366098479492,16.170165712139312,0.026495784322899573,0.0003682052394893751,0.044008382452002975,0.043916174942442446
Dew,6.1529263291558856,0.999712596690467,0.00028740330953302973,0.976023023023023,0.023976976976976982,1166.033336082626,16.185912809655925,0.026495739880166583,0.0003685978661061878,0.04400833271145833,0.04391211750800801
Dew,6.159836591646762,0.9997003254706467,0.00029967452935331096,0.9750240240240241,0.024975975975975895,1166.0300558550662,16.201694205680106,0.026495695350104667,0.00036899134643006534,0.044008282871899035,0.04390806007357357
Dew,6.166760936694463,0.9996880297846082,0.00031197021539175473,0.9740250250250251,0.025974974974974918,1166.0267691416675,16.21751001537284,0.0264956507323906,0.00036938568332071394,0.04400823293297019,0.04390400263913914
Dew,6.173699412996543,0.9996757095446245,0.0003242904553755199,0.9730260260260261,0.02697397397397394,1166.023475918739,16.233360354441093,0.026495606026699942,0.0003697808796513345,0.044008182894315497,0.04389994520470471
Dew,6.180652069444159,0.9996633646626185,0.00033663533738148566,0.972027027027027,0.027972972972972965,1166.0201761624944,16.249245339097623,0.026495561232706983,0.00037017693830771283,0.04400813275557723,0.04389588777027027
Dew,6.1876189551195555,0.9996509950501613,0.0003490049498386938,0.9710280280280281,0.028971971971971877,1166.0168698490506,16.265165086053,0.026495516350084642,0.00037057386218804315,0.044008082516396235,0.04389183033583583
Dew,6.194600119313542,0.9996386006184691,0.00036139938153090245,0.9700290290290291,0.0299709709709709,1166.0135569544316,16.281119712565637,0.026495471378504606,0.0003709716542040746,0.044008032176411915,0.0438877729014014
Dew,6.201595611514077,0.9996261812784015,0.0003738187215984734,0.9690300300300301,0.030969969969969924,1166.0102374545631,16.29710933640797,0.026495426317637176,0.00037137031728034646,0.044007981735262235,0.04388371546696697
Dew,6.208605481393712,0.9996137369404585,0.00038626305954148066,0.968031031031031,0.03196896896896895,1166.0069113252732,16.313134075829215,0.026495381167151333,0.0003717698543533452,0.04400793119258368,0.043879658032532534
Dew,6.215629778852078,0.9996012675147786,0.00039873248522137583,0.967032032032032,0.03296796796796797,1166.0035785422945,16.32919404967809,0.02649533592671475,0.0003721702683743074,0.04400788054801128,0.04387560059809809
Dew,6.222668553984309,0.9995887729111359,0.00041122708886409676,0.9660330330330331,0.03396696696696688,1166.0002390812633,16.345289377310387,0.026495290595993818,0.0003725715623071192,0.04400782980117858,0.043871543163663665
Dew,6.229721857088537,0.999576253038938,0.00042374696106195486,0.9650340340340341,0.034965965965965906,1165.9968929177119,16.361420178609986,0.026495245174653428,0.0003729737391288019,0.044007778951717653,0.04386748572922924
Dew,6.23678973866384,0.9995637078072237,0.0004362921927762997,0.9640350350350351,0.03596496496496493,1165.9935400270751,16.37758657398226,0.02649519966235719,0.00037337680182936725,0.04400772799925904,0.0438634282947948
Dew,6.243872249427969,0.99955113712466,0.0004488628753399615,0.963036036036036,0.03696396396396395,1165.9901803846894,16.39378868440473,0.026495154058767345,0.00037378075341297853,0.044007676943431814,0.043859370860360354
Dew,6.250969440298453,0.9995385408995404,0.0004614591004595825,0.9620370370370371,0.037962962962962865,1165.9868139657883,16.410026631371608,0.026495108363544736,0.00037418559689669214,0.04400762578386348,0.043855313425925926
Dew,6.258081362407584,0.9995259190397814,0.0004740809602186147,0.9610380380380381,0.03896196196196189,1165.9834407455046,16.4263005369365,0.02649506257634881,0.0003745913353114381,0.04400757452018008,0.0438512559914915
Dew,6.265208067103441,0.9995132714529211,0.00048672854707887403,0.9600390390390391,0.03996096096096091,1165.9800606988667,16.442610523714652,0.026495016696837584,0.0003749979717020773,0.044007523152006046,0.043847198557057064
Dew,6.272349605941927,0.999500598046116,0.0004994019538839822,0.9590400400400401,0.040959959959959935,1165.9766738008057,16.458956714859212,0.026494970724667784,0.00037540550912686674,0.0440074716789643,0.04384314112262262
Dew,6.279506030690786,0.9994878987261386,0.0005121012738613651,0.958041041041041,0.04195895895895896,1165.9732800261409,16.475339234072095,0.026494924659494514,0.0003758139506577127,0.044007420100676216,0.04383908368818819
Dew,6.2866773933366265,0.9994751733993752,0.0005248266006248059,0.9570420420420421,0.04295795795795787,1165.9698793495932,16.49175820562368,0.02649487850097161,0.00037622329938062784,0.04400736841676157,0.04383502625375375
Dew,6.293863746088509,0.9994624219718228,0.0005375780281772213,0.9560430430430431,0.043956956956956894,1165.9664717457783,16.508213754362494,0.026494832248751456,0.0003766335583959574,0.04400731662683856,0.043830968819319326
Dew,6.301065141364415,0.999449644349087,0.0005503556509129925,0.9550440440440441,0.04495595595595592,1165.9630571892014,16.52470600567523,0.026494785902484854,0.00037704473081747456,0.04400726473052382,0.043826911384884884
Dew,6.308281631809298,0.9994368404363796,0.0005631595636204079,0.9540450450450451,0.04595495495495494,1165.9596356542675,16.54123508553843,0.02649473946182132,0.0003774568197735648,0.044007212727432354,0.04382285395045045
Dew,6.315513270289387,0.999424010138515,0.0005759898614849934,0.9530460460460461,0.04695395395395385,1165.9562071152698,16.55780112050119,0.026494692926408773,0.0003778698284068395,0.04400716061717758,0.043818796516016015
Dew,6.322760109883376,0.999411153359909,0.0005888466400909564,0.9520470470470471,0.047952952952952876,1165.9527715463942,16.57440423765898,0.026494646295893685,0.0003782837598735438,0.044007108399371275,0.04381473908158159
Dew,6.33002220391102,0.999398270004575,0.00060172999542496,0.9510480480480481,0.0489519519519519,1165.949328921721,16.591044564735725,0.026494599569921097,0.0003786986173454367,0.04400705607362358,0.043810681647147146
Dew,6.337299605903986,0.9993853599761222,0.0006146400238777883,0.9500490490490491,0.04995095095095092,1165.9458792152182,16.607722229998682,0.026494552748134465,0.00037911440400785576,0.044007003639543026,0.04380662421271271
Dew,6.344592369623397,0.9993724231777525,0.0006275768222474554,0.94905005005005,0.050949949949949946,1165.942422400744,16.624437362308566,0.026494505830175777,0.0003795311230608667,0.04400695109673644,0.04380256677827828
Dew,6.351900549064945,0.9993594595122577,0.0006405404877423138,0.9480510510510511,0.05194894894894886,1165.9389584520463,16.641190091133556,0.02649445881568548,0.000379948777719591,0.04400689844480903,0.04379850934384385
Dew,6.359224198449024,0.9993464688820177,0.0006535311179822756,0.9470520520520521,0.05294794794794788,1165.9354873427633,16.657980546520097,0.026494411704302542,0.0003803673712135455,0.04400684568336431,0.04379445190940941
Dew,6.3665633722231,0.9993334511889969,0.0006665488110031426,0.9460530530530531,0.053946946946946905,1165.932009046417,16.67480885909905,0.026494364495664308,0.00038078690678678974,0.04400679281200411,0.04379039447497497
Dew,6.373918125084637,0.9993204063347415,0.0006795936652584933,0.9450540540540541,0.05494594594594593,1165.928523536421,16.691675160151213,0.026494317189406664,0.0003812073876994292,0.04400673983032856,0.04378633704054054
Dew,6.38128851192909,0.9993073342203778,0.0006926657796222369,0.9440550550550552,0.05594494494494484,1165.92503078607,16.70857958145634,0.026494269785163848,0.0003816288172241738,0.04400668673793606,0.04378227960610611
Dew,6.388674587933383,0.9992942347466083,0.0007057652533917214,0.9430560560560561,0.056943943943943864,1165.9215307685488,16.725522255533658,0.026494222282568574,0.0003820511986518385,0.044006633534423356,0.04377822217167168
Dew,6.396076408479688,0.9992811078137095,0.0007188921862905095,0.9420570570570571,0.05794294294294289,1165.918023456924,16.74250331542088,0.02649417468125197,0.00038247453528630286,0.04400658021938538,0.04377416473723724
Dew,6.403494029198097,0.9992679533215292,0.0007320466784708213,0.9410580580580581,0.05894194194194191,1165.9145088241478,16.75952289479684,0.026494126980843562,0.00038289883044731883,0.044006526792415394,0.043770107302802806
Dew,6.410927505965897,0.9992547711694835,0.0007452288305165311,0.9400590590590591,0.059940940940940934,1165.9109868430558,16.77658112797865,0.026494079180971297,0.00038332408747045296,0.04400647325310486,0.04376604986836838
Dew,6.418376894884914,0.9992415612565544,0.0007584387434456108,0.9390600600600602,0.06093993993993985,1165.9074574863644,16.793678149855545,0.026494031281261474,0.0003837503097055833,0.0440064196010435,0.043761992433933944
Dew,6.4258422523236955,0.9992283234812861,0.0007716765187139041,0.9380610610610611,0.06193893893893887,1165.9039207266746,16.81081409600999,0.026493983281338812,0.00038417750051967196,0.044006365835819246,0.0437579349994995
Dew,6.433323634866576,0.9992150577417834,0.0007849422582165699,0.9370620620620621,0.0629379379379379,1165.9003765364628,16.827989102569948,0.026493935180826295,0.00038460566329339736,0.044006311957018256,0.04375387756506507
Dew,6.440821099357089,0.9992017639357081,0.0007982360642918573,0.9360630630630631,0.06393693693693692,1165.8968248880908,16.845203306333445,0.026493886979345363,0.00038503480142400824,0.04400625796422488,0.04374982013063063
Dew,6.448334702902429,0.999188441960276,0.0008115580397239919,0.9350640640640641,0.06493593593593594,1165.8932657537982,16.862456844780723,0.02649383867651577,0.00038546491832560856,0.04400620385702167,0.043745762696196205
Dew,6.455864502837633,0.9991750917122545,0.0008249082877455072,0.9340650650650651,0.06593493493493485,1165.8896991057022,16.879749855970164,0.02649379027195559,0.0003858960174267862,0.044006149634989326,0.043741705261761764
Dew,6.4634105567555835,0.9991617130879595,0.0008382869120404646,0.9330660660660661,0.06693393393393388,1165.8861249157987,16.8970824786242,0.026493741765281218,0.0003863281021725838,0.04400609529770675,0.04373764782732733
Dew,6.470972922502305,0.9991483059832528,0.0008516940167472287,0.9320670670670671,0.0679329329329329,1165.8825431559621,16.914454852114947,0.026493693156107403,0.00038676117602417793,0.04400604084475099,0.043733590392892895
Dew,6.478551658175507,0.9991348702935383,0.000865129706461687,0.9310680680680681,0.06893193193193192,1165.8789537979383,16.931867116459355,0.026493644444047098,0.00038719524245877583,0.04400598627569721,0.04372953295845847
Dew,6.486146822128077,0.9991214059137601,0.0008785940862399144,0.9300690690690692,0.06993093093093083,1165.8753568133516,16.949319412328514,0.0264935956287116,0.00038763030496983555,0.044005931590118744,0.043725475524024025
Dew,6.493758472975547,0.999107912738399,0.000892087261600949,0.9290700700700701,0.07092992992992986,1165.8717521737033,16.96681188106849,0.02649354670971054,0.00038806636706754987,0.04400587678758701,0.04372141808958959
Dew,6.501386669584041,0.9990943906614697,0.0009056093385303443,0.9280710710710711,0.07192892892892888,1165.8681398503618,16.98434466466486,0.026493497686651667,0.00038850343227804317,0.04400582186767156,0.043717360655155156
Dew,6.509031471084113,0.9990808395765174,0.0009191604234826123,0.9270720720720721,0.0729279279279279,1165.8645198145762,17.001917905781873,0.026493448559141153,0.0003889415041442745,0.04400576682994003,0.043713303220720715
Dew,6.5166929368710145,0.9990672593766152,0.0009327406233847757,0.9260730730730731,0.07392692692692693,1165.8608920374597,17.019531747762507,0.026493399326783244,0.0003893805862260465,0.04400571167395812,0.04370924578628629
Dew,6.524371126596239,0.9990536499543614,0.0009463500456385887,0.9250740740740742,0.07492592592592584,1165.8572564900044,17.03718633460337,0.026493349989180577,0.00038982068209943946,0.04400565639928964,0.04370518835185186
Dew,6.532066100182721,0.9990400112018755,0.0009599887981245336,0.9240750750750751,0.07592492492492486,1165.8536131430667,17.054881810997777,0.026493300545933882,0.0003902617953578044,0.044005601005496414,0.043701130917417425
Dew,6.539777917813873,0.9990263430107956,0.0009736569892043745,0.9230760760760761,0.07692392392392389,1165.8499619673755,17.07261832230348,0.026493250996642147,0.00039070392961103204,0.044005545492138344,0.04369707348298299
Dew,6.547506639951028,0.999012645272276,0.0009873547277240435,0.9220770770770771,0.07792292292292291,1165.8463029335278,17.0903960145921,0.02649320134090255,0.00039114708848669253,0.04400548985877335,0.043693016048548555
Bubble,6.5546417304832785,0.999,0.0010000000000000009,0.9211567501445295,0.07884324985547053,1165.8429250721138,17.106810267750912,0.02649315550104367,0.00039155625809733554,0.0440054385,0.04368927814071201
Dew,6.555252327317053,0.9989989178769828,0.001001082123017194,0.9210780780780782,0.07892192192192182,1165.8426360119893,17.108215034601276,0.02649315157831048,0.00039159127562894827,0.04400543410495737,0.04368895861411412
Dew,6.563015040908253,0.9989851607150917,0.0010148392849083088,0.9200790790790792,0.07992092092092085,1165.8389611730893,17.12607552976824,0.026493101708459414,0.00039203649469932974,0.04400537823024435,0.043684901179679686
Dew,6.570794842002226,0.9989713736762845,0.0010286263237154758,0.9190800800800801,0.08091991991991987,1165.8352783870287,17.143977648251603,0.026493051730941103,0.00039248274937724297,0.04400532223418623,0.04368084374524525
Dew,6.5785917921326655,0.9989575566497462,0.00104244335025383,0.9180810810810811,0.08191891891891889,1165.831587623868,17.161921538858238,0.026493001645345335,0.0003929300433583032,0.044005266116332944,0.04367678631081081
Dew,6.586405953132207,0.9989437095241614,0.0010562904758385505,0.9170820820820821,0.08291791791791792,1165.827888853536,17.179907351165713,0.026492951451260103,0.0003933783803571463,0.04400520987623238,0.04367272887637638
Dew,6.5942373870980955,0.9989298321877114,0.001070167812288636,0.9160830830830832,0.08391691691691683,1165.8241820458225,17.197935235422886,0.02649290114827147,0.0003938277641051608,0.044005153513430394,0.04366867144194195
Dew,6.602086156420869,0.9989159245280709,0.0010840754719291246,0.9150840840840841,0.08491591591591585,1165.8204671703834,17.21600534263159,0.026492850735963712,0.000394278198352367,0.04400509702747076,0.04366461400750751
Dew,6.609952323753834,0.9989019864324047,0.0010980135675953129,0.9140850850850851,0.08591491491491487,1165.8167441967314,17.234117824458256,0.026492800213919063,0.00039472968686540095,0.044005040417895214,0.04366055657307307
Dew,6.61783595204724,0.9988880177873647,0.0011119822126353096,0.9130860860860861,0.0869139139139139,1165.8130130942423,17.252272833331308,0.02649274958171791,0.000395182233429753,0.04400498368424338,0.043656499138638644
Dew,6.625737104539658,0.9988740184790859,0.0011259815209141433,0.9120870870870871,0.08791291291291292,1165.8092738321536,17.27047052241569,0.026492698838938743,0.0003956358418491938,0.04400492682605281,0.04365244170420421
Dew,6.633655844745356,0.9988599883931844,0.0011400116068156496,0.9110880880880882,0.08891191191191183,1165.8055263795595,17.288711045575887,0.02649264798515807,0.00039609051594493487,0.044004869842858924,0.043648384269769774
Dew,6.64159223647969,0.9988459274147523,0.0011540725852476896,0.9100890890890891,0.08991091091091086,1165.8017707054119,17.30699455744809,0.026492597019950433,0.00039654625955729017,0.04400481273419502,0.04364432683533533
Dew,6.649546343848196,0.9988318354283561,0.001168164571643926,0.9090900900900901,0.09090990990990988,1165.7980067785227,17.32532121340815,0.02649254594288848,0.0003970030765449511,0.04400475549959227,0.043640269400900905
Dew,6.657518231224192,0.9988177123180318,0.0011822876819681527,0.9080910910910911,0.0919089089089089,1165.7942345675551,17.343691169506585,0.026492494753542758,0.00039746097078350554,0.04400469813857969,0.04363621196646647
Dew,6.665507963317947,0.9988035579672828,0.001196442032717182,0.9070920920920922,0.09290790790790782,1165.7904540410332,17.362104582666294,0.026492443451481953,0.0003979199461699767,0.04400464065068412,0.04363215453203204
Dew,6.673515605106428,0.9987893722590759,0.001210627740924064,0.9060930930930932,0.09390690690690684,1165.7866651673316,17.38056161048028,0.026492392036272672,0.0003983800066181972,0.04400458303543024,0.0436280970975976
Dew,6.681541221867269,0.9987751550758376,0.001224844924162416,0.9050940940940941,0.09490590590590586,1165.782867914679,17.399062411308375,0.026492340507479503,0.00039884115606103355,0.044004525292340516,0.04362403966316316
Dew,6.689584879195085,0.998760906299451,0.0012390937005489766,0.9040950950950951,0.09590490490490489,1165.779062251159,17.41760714432326,0.026492288864665068,0.0003993033984514505,0.04400446742093523,0.04361998222872873
Dew,6.69764664296805,0.9987466258112522,0.0012533741887478245,0.9030960960960961,0.09690390390390391,1165.7752481447023,17.43619596941388,0.026492237107389845,0.00039976673776030605,0.0440044094207324,0.0436159247942943
Dew,6.705726579381228,0.9987323134920267,0.0012676865079732647,0.9020970970970972,0.09790290290290282,1165.7714255630947,17.454829047280317,0.026492185235212358,0.0004002311779785346,0.04400435129124787,0.04361186735985986
Dew,6.713824754915838,0.9987179692220064,0.0012820307779936035,0.9010980980980982,0.09890190190190185,1165.7675944739656,17.473506539344914,0.026492133247688922,0.00040069672311511865,0.044004293031995184,0.04360780992542543
Dew,6.7219412363894335,0.9987035928808653,0.0012964071191347015,0.9000990990990991,0.09990090090090087,1165.7637548448001,17.492228607895335,0.026492081144373937,0.0004011633772003778,0.04400423464248564,0.043603752490991
Dew,6.730076090906021,0.9986891843477164,0.0013108156522836367,0.8991001001001001,0.10089989989989989,1165.759906642926,17.510995415940908,0.026492028924819576,0.00040163114428268433,0.044004176122228254,0.043599695056556566
Dew,6.738229385902223,0.9986747435011075,0.0013252564988924798,0.8981011011011012,0.1018988988988988,1165.7560498355206,17.5298071273441,0.026491976588575994,0.00040210002843148673,0.044004117470729756,0.043595637622122124
Dew,6.746401189099762,0.9986602702190188,0.0013397297809811803,0.8971021021021022,0.10289789789789783,1165.7521843896025,17.548663906683736,0.0264919241351911,0.00040257003373418205,0.044004058687494546,0.04359158018768769
Dew,6.754591568556963,0.9986457643788579,0.0013542356211421192,0.8961031031031031,0.10389689689689685,1165.748310272039,17.567565919401684,0.026491871564210765,0.0004030411642994895,0.04400399977202473,0.043587522753253255
Dew,6.762800592649928,0.9986312258574567,0.0013687741425433275,0.8951041041041041,0.10489589589589587,1165.7444274495401,17.586513331748208,0.026491818875178683,0.0004035134242562066,0.04400394072382006,0.04358346531881883
Dew,6.7710283300605765,0.9986166545310682,0.001383345468931818,0.8941051051051051,0.1058948948948949,1165.7405358886572,17.605506310747018,0.026491766067636344,0.0004039868177524165,0.04400388154237794,0.043579407884384386
Dew,6.77927484980666,0.9986020502753614,0.0013979497246385808,0.8931061061061062,0.10689389389389381,1165.736635555782,17.624545024280376,0.02649171314112306,0.00040446134895744985,0.04400382222719338,0.04357535044994995
Dew,6.787540221223197,0.9985874129654195,0.0014125870345804703,0.8921071071071072,0.10789289289289283,1165.732726417153,17.64362964103526,0.02649166009517605,0.0004049370220606594,0.04400376277775905,0.043571293015515516
Dew,6.795824513966986,0.9985727424757342,0.001427257524265757,0.8911081081081081,0.10889189189189186,1165.7288084388401,17.662760330515496,0.02649160692933017,0.0004054138412717075,0.044003703193565204,0.04356723558108109
Dew,6.804127798029896,0.998558038680203,0.0014419613197970138,0.8901091091091091,0.10989089089089088,1165.7248815867558,17.681937263079025,0.026491553643118133,0.0004058918108214316,0.044003643474099643,0.04356317814664665
Dew,6.812450143727309,0.9985433014521251,0.0014566985478748906,0.8891101101101102,0.11088988988988979,1165.7209458266493,17.701160609904093,0.026491500236070376,0.000406370934961077,0.04400358361884781,0.04355912071221222
Dew,6.820791621711082,0.9985285306641977,0.0014714693358023334,0.8881111111111112,0.11188888888888882,1165.7170011241062,17.720430543025547,0.026491446707715124,0.0004068512179631406,0.04400352362729264,0.04355506327777778
Dew,6.829152302959038,0.9985137261885115,0.00148627381148847,0.8871121121121122,0.11288788788788784,1165.713047444547,17.739747235304062,0.026491393057578295,0.0004073326641206735,0.04400346349891464,0.04355100584334334
Dew,6.837532258798071,0.9984988878965482,0.0015011121034518293,0.8861131131131131,0.11388688688688686,1165.709084753228,17.759110860491372,0.026491339285183556,0.00040781527774878904,0.04400340323319183,0.04354694840890891
Dew,6.845931560878981,0.9984840156591748,0.0015159843408252272,0.8851141141141141,0.11488588588588589,1165.7051130152345,17.778521593157624,0.026491285390052216,0.0004082990631830044,0.04400334282959974,0.043542890974474474
Dew,6.854350281203169,0.9984691093466403,0.0015308906533596511,0.8841151151151152,0.1158848848848848,1165.7011321954872,17.797979608766873,0.02649123137170331,0.0004087840247809841,0.04400328228761138,0.043538833540040046
Dew,6.862788492106628,0.998454168828573,0.0015458311714270367,0.8831161161161162,0.11688388388388382,1165.6971422587383,17.817485083630586,0.02649117722965357,0.0004092701669214827,0.04400322160669725,0.04353477610560561
Dew,6.871246266283329,0.9984391939739743,0.0015608060260257073,0.8821171171171172,0.11788288288288284,1165.6931431695677,17.83703819497365,0.026491122963417348,0.00040975749400587035,0.044003160786325296,0.04353071867117118
Dew,6.879723676748647,0.9984241846512161,0.0015758153487839266,0.8811181181181181,0.11888188188188187,1165.6891348923823,17.85663912082921,0.026491068572506566,0.0004102460104557275,0.044003099825960915,0.04352666123673674
Dew,6.888220796888342,0.9984091407280364,0.0015908592719635628,0.8801191191191192,0.11988088088088078,1165.6851173914201,17.876288040177702,0.026491014056430878,0.00041073572071604925,0.044003038725066924,0.04352260380230231
Dew,6.896737700432909,0.9983940620715351,0.0016059379284648623,0.8791201201201202,0.1208798798798798,1165.681090630744,17.895985132872838,0.0264909594146975,0.00041122662925355486,0.04400297748310354,0.04351854636786787
Dew,6.905274461475537,0.99837894854817,0.0016210514518300023,0.8781211211211212,0.12187887887887883,1165.6770545742443,17.915730579692113,0.026490904646811295,0.00041171874055785917,0.044002916099528395,0.04351448893343343
Dew,6.913831154442203,0.9983638000237522,0.0016361999762477542,0.8771221221221221,0.12287787787787785,1165.6730091856307,17.935524562250727,0.02649084975227458,0.0004122120591395043,0.04400285457379648,0.043510431498999004
Dew,6.922407854131526,0.9983486163634427,0.0016513836365572576,0.8761231231231231,0.12387687687687687,1165.6689544284384,17.955367263114443,0.026490794730587297,0.00041270658953256414,0.04400279290536013,0.04350637406456457
Dew,6.931004635704029,0.9983333974317476,0.001666602568252351,0.8751241241241242,0.12487587587587579,1165.6648902660258,17.975258865768215,0.02649073958124698,0.00041320233629393366,0.04400273109366905,0.043502316630130135
Dew,6.939621574680657,0.9983181430925138,0.0016818569074862344,0.8741251251251252,0.1258748748748748,1165.6608166615697,17.99519955461114,0.026490684303748603,0.00041369930400322386,0.04400266913817025,0.04349825919569569
Dew,6.94825874693917,0.998302853208925,0.0016971467910750215,0.8731261261261262,0.12687387387387383,1165.656733578068,18.015189514945465,0.02649062889758472,0.0004141974972625191,0.04400260703830805,0.043494201761261266
Dew,6.9569162287351,0.9982875276434977,0.0017124723565022926,0.8721271271271271,0.12787287287287286,1165.6526409783364,18.035228933035448,0.02649057336224535,0.00041469692069774167,0.044002544793524064,0.04349014432682683
Dew,6.965594096674059,0.9982721662580757,0.0017278337419243117,0.8711281281281281,0.12887187187187188,1165.648538825004,18.05531799602775,0.026490517697217907,0.000415197578956832,0.04400248240325718,0.043486086892392396
Dew,6.974292427772424,0.9982567689138273,0.0017432310861726918,0.8701291291291292,0.1298708708708708,1165.644427080524,18.075456892123423,0.02649046190198748,0.0004156994767137141,0.04400241986694351,0.043482029457957955
Dew,6.983011299379499,0.9982413354712393,0.0017586645287607228,0.8691301301301302,0.13086986986986981,1165.6403057071561,18.095645810355503,0.026490405976036375,0.00041620261866319225,0.04400235718401644,0.04347797202352353
Dew,6.991750789237781,0.9982258657901141,0.0017741342098859247,0.8681311311311312,0.13186886886886884,1165.6361746669775,18.115884940759795,0.02649034991884444,0.0004167070095248898,0.04400229435390655,0.04347391458908909
Dew,7.000510975465872,0.9982103597295641,0.0017896402704359327,0.8671321321321321,0.13286786786786786,1165.6320339218769,18.13617447432548,0.026490293729888915,0.00041721265404212393,0.04400223137604163,0.04346985715465466
Dew,7.00929193656725,0.9981948171480075,0.0018051828519924928,0.8661331331331332,0.13386686686686677,1165.6278834335526,18.156514603019215,0.02649023740864441,0.00041771955698247126,0.04400216824984663,0.04346579972022022
Dew,7.018093751428365,0.9981792379031642,0.001820762096835793,0.8651341341341342,0.1348658658658658,1165.6237231635168,18.176905519778938,0.026490180954582984,0.00041822772313763676,0.0440021049747437,0.04346174228578579
Dew,7.02691649931515,0.9981636218520503,0.00183637814794968,0.8641351351351352,0.13586486486486482,1165.6195530730824,18.197347418503178,0.026490124367173892,0.0004187371573232188,0.04400204155015211,0.04345768485135136
Dew,7.035760259896307,0.998147968850975,0.0018520311490249908,0.8631361361361362,0.13686386386386384,1165.6153731233787,18.21784049411644,0.02649006764588394,0.0004192478643802257,0.044001977975488236,0.04345362741691692
Dew,7.04462511320086,0.998132278755534,0.0018677212444659919,0.8621371371371371,0.13786286286286287,1165.611183275331,18.238384942447755,0.026490010790177026,0.00041975984917229115,0.04400191425016561,0.043449569982482485
Dew,7.053511139701926,0.9981165514206068,0.0018834485793931544,0.8611381381381382,0.13886186186186178,1165.6069834896819,18.258980960467976,0.026489953799514635,0.00042027311659114785,0.044001850373594796,0.04344551254804805
Dew,7.062418420215214,0.9981007867003504,0.0018992132996495936,0.8601391391391392,0.1398608608608608,1165.6027737269633,18.279628746000487,0.026489896673355228,0.0004207876715499809,0.04400178634518347,0.04344145511361362
Dew,7.0713470359916695,0.9980849844481956,0.0019150155518043999,0.8591401401401402,0.14085985985985983,1165.5985539475187,18.300328497983696,0.026489839411154754,0.0004213035189894807,0.04400172216433635,0.04343739767917919
Dew,7.080297068666511,0.9980691445168423,0.0019308554831577451,0.8581411411411412,0.14185885885885885,1165.5943241114894,18.32108041632538,0.026489782012366344,0.0004218206638745026,0.04400165783045515,0.043433340244744746
Dew,7.089268600273498,0.9980532667582531,0.0019467332417468786,0.8571421421421422,0.14285785785785776,1165.5900841788136,18.341884701942472,0.026489724476440282,0.0004223391111949936,0.04400159334293865,0.04342928281031031
Dew,7.0982617132784185,0.9980373510236511,0.001962648976348902,0.8561431431431432,0.14385685685685679,1165.5858341092346,18.36274155685532,0.026489666802824264,0.00042285886596817566,0.044001528701182555,0.04342522537587588
Dew,7.107276490523909,0.9980213971635123,0.001978602836487653,0.8551441441441442,0.1448558558558558,1165.5815738622825,18.38365118403012,0.026489608990962924,0.000423379933234929,0.04400146390457961,0.04342116794144145
Dew,7.116313015287839,0.9980054050275631,0.001994594972436925,0.8541451451451452,0.14585485485485483,1165.5773033972916,18.404613787543976,0.026489551040298293,0.0004239023180636051,0.04400139895251945,0.04341711050700701
Bubble,7.11880157513376,0.9980010010010011,0.001998998998998913,0.8538704541599413,0.14612954584005866,1165.5761273665837,18.410387102322144,0.02648953508140534,0.00042404618772669283,0.044001381065565566,0.0434159948495706
Dew,7.125371371253255,0.9979893744647724,0.0020106255352275726,0.8531461461461461,0.14685385385385386,1165.5730226733826,18.425629572498664,0.026489492950269367,0.0004244260255480529,0.044001333844388674,0.04341305307257257
Dew,7.134451642515468,0.9979733053233512,0.0020266946766488436,0.8521471471471472,0.14785285285285277,1165.568731649477,18.44669874503996,0.02648943472031248,0.0004249510608080763,0.04400126857957079,0.04340899563813814
Dew,7.143553913604579,0.9979571974507423,0.002042802549257705,0.8511481481481482,0.1488518518518518,1165.564430284282,18.467821512420755,0.026489376349860948,0.0004254774289909002,0.04400120315744619,0.04340493820370371
Dew,7.152678269450315,0.9979410506936187,0.002058949306381286,0.8501491491491492,0.14985085085085081,1165.5601185362948,18.488998082900412,0.0264893178383452,0.00042600513526886444,0.04400113757739214,0.04340088076926927
Dew,7.16182479542616,0.9979248648978778,0.0020751351021222053,0.8491501501501502,0.15084984984984984,1165.555796363802,18.510228665869167,0.02648925918519276,0.000426534184842302,0.044001071838782733,0.043396823334834835
Dew,7.170993577323797,0.9979086399086354,0.002091360091364569,0.8481511511511511,0.15184884884884886,1165.5514637248775,18.531513471774783,0.026489200389828216,0.00042706458293786216,0.04400100594098893,0.0433927659004004
Dew,7.180184701370224,0.9978923755702218,0.0021076244297781876,0.8471521521521522,0.15284784784784777,1165.54712057738,18.552852712170264,0.02648914145167318,0.000427596334809622,0.044000939883378457,0.043388708465965965
Dew,7.18939825422594,0.9978760717261752,0.0021239282738247933,0.8461531531531532,0.1538468468468468,1165.5427668789528,18.574246599707852,0.02648908237014629,0.00042812944573896133,0.04400087366531587,0.04338465103153153
Dew,7.198634322981902,0.997859728219238,0.0021402717807620375,0.8451541541541542,0.15484584584584582,1165.538402587023,18.59569534812958,0.02648902314466322,0.0004286639210343574,0.044000807286162444,0.043380593597097096
Dew,7.207892995173378,0.9978433448913493,0.002156655108650707,0.8441551551551552,0.15584484484484484,1165.5340276587954,18.6171991723057,0.02648896377463653,0.00042919976603228357,0.04400074074527622,0.04337653616266266
Dew,7.217174358776504,0.9978269215836426,0.002173078416357388,0.8431561561561562,0.15684384384384376,1165.529642051258,18.638758288224054,0.02648890425947582,0.00042973698609697714,0.04400067404201197,0.043372478728228234
Dew,7.226478502207581,0.9978104581364378,0.002189541863562239,0.8421571571571572,0.15784284284284278,1165.5252457211768,18.660372912987246,0.026488844598587625,0.0004302755866203878,0.04400060717572114,0.0433684212937938
Dew,7.235805514338933,0.9977939543892367,0.0022060456107633186,0.8411581581581582,0.1588418418418418,1165.5208386250927,18.682043264856727,0.026488784791375338,0.0004308155730232064,0.04400054014575189,0.043364363859359364
Dew,7.245155484483714,0.9977774101807181,0.002222589819281917,0.8401591591591592,0.15984084084084083,1165.5164207193227,18.703769563208894,0.0264887248372393,0.0004313569507538663,0.04400047295144898,0.04336030642492493
Dew,7.254528502418315,0.997760825348731,0.0022391746512689936,0.8391601601601602,0.16083983983983985,1165.5119919599572,18.725552028597694,0.026488664735576685,0.00043189972529000017,0.04400040559215387,0.0433562489904905
Dew,7.263924658368749,0.9977441997302909,0.002255800269709063,0.8381611611611612,0.16183883883883876,1165.5075523028602,18.74739088271521,0.026488604485781553,0.000432443902137545,0.04400033806720458,0.043352191556056054
Dew,7.273344043020717,0.9977275331615724,0.0022724668384276336,0.8371621621621622,0.16283783783783778,1165.5031017036652,18.769286348419303,0.026488544087244804,0.0004329894868313921,0.04400027037593573,0.043348134121621626
Dew,7.282786747525751,0.9977108254779042,0.0022891745220957604,0.8361631631631632,0.1638368368368368,1165.4986401177744,18.79123864975014,0.02648848353935411,0.00043353648493578276,0.044000202517678506,0.04334407668718719
Dew,7.2922528634975645,0.9976940765137644,0.002305923486235595,0.8351641641641642,0.16483583583583583,1165.494167500358,18.813248011918983,0.02648842284149393,0.000434084902044063,0.044000134491760656,0.04334001925275276
Dew,7.301742483021983,0.9976772861027732,0.0023227138972268246,0.8341651651651653,0.16583483483483474,1165.4896838063514,18.835314661335435,0.026488361993045505,0.000434634743779326,0.04400006629750641,0.043335961818318315
Dew,7.311255698654481,0.9976604540776882,0.002339545922311781,0.8331661661661662,0.16683383383383377,1165.4851889904592,18.857438825599576,0.0264883009933869,0.0004351860157942443,0.043999997934236534,0.04333190438388389
Dew,7.320792603421333,0.9976435802703983,0.0023564197296016554,0.8321671671671672,0.1678328328328328,1165.4806830071402,18.87962073350438,0.026488239841892726,0.00043573872377113994,0.04399992940126823,0.04332784694944945
Dew,7.330353290834943,0.9976266645119181,0.00237333548808194,0.8311681681681682,0.1688318318318318,1165.476165810622,18.901860615078164,0.026488178537934455,0.00043629287342297746,0.04399986069791516,0.04332378951501502
Dew,7.339937854880507,0.9976097066323808,0.0023902933676192006,0.8301691691691692,0.16983083083083084,1165.4716373548854,18.924158701545988,0.026488117080880096,0.0004368484704924879,0.043999791823487414,0.043319732080580584
Dew,7.349546390037211,0.9975927064610345,0.002407293538965516,0.8291701701701703,0.17082982982982975,1165.4670975936779,18.94651522538872,0.026488055470094515,0.00043740552075354584,0.043999722777291486,0.04331567464614615
Dew,7.359178991256089,0.9975756638262342,0.0024243361737658065,0.8281711711711712,0.17182882882882877,1165.4625464804922,18.968930420279573,0.026487993704938935,0.00043796403000971904,0.04399965355863025,0.043311617211711714
Dew,7.368835753994205,0.9975585785554362,0.0024414214445638294,0.8271721721721722,0.1728278278278278,1165.4579839685823,18.99140452117978,0.026487931784771376,0.00043852400409649124,0.04399958416680291,0.04330755977727728
Dew,7.37851677419202,0.9975414504751935,0.002458549524806508,0.8261731731731732,0.17382682682682682,1165.4534100109554,19.013937764273788,0.026487869708946437,0.0004390854488797808,0.043999514601104996,0.04330350234284284
Dew,7.3882221483036545,0.9975242794111473,0.0024757205888527034,0.8251741741741743,0.17482582582582573,1165.4488245603695,19.036530387053833,0.026487807476815232,0.0004396483702579081,0.04399944486082838,0.04329944490840841
Dew,7.397951973255788,0.9975070651880227,0.002492934811977321,0.8241751751751752,0.17582482482482475,1165.4442275693284,19.059182628202944,0.026487745087725383,0.00044021277415890847,0.043999374945261155,0.04329538747397398
Dew,7.407706346500438,0.9974898076296215,0.002510192370378528,0.8231761761761762,0.17682382382382378,1165.4396189900856,19.081894727743148,0.026487682541021025,0.0004407786665439698,0.04399930485368771,0.04329133003953955
Dew,7.41748536599323,0.9974725065588164,0.002527493441183637,0.8221771771771772,0.1778228228228228,1165.4349987746432,19.10466692697314,0.026487619836042864,0.000441346053406008,0.04399923458538863,0.0432872726051051
Dew,7.427289130204027,0.9974551617975438,0.002544838202456212,0.8211781781781782,0.17882182182182182,1165.430366874747,19.127499468497454,0.026487556972128047,0.00044191494077035486,0.04399916413964072,0.04328321517067067
Dew,7.4371177380943045,0.9974377731668004,0.002562226833199621,0.8201791791791793,0.17982082082082074,1165.4257232418809,19.15039259616162,0.026487493948610056,0.0004424853346932769,0.04399909351571696,0.043279157736236244
Dew,7.446971289164338,0.9974203404866314,0.002579659513368582,0.8191801801801802,0.18081981981981976,1165.4210678272732,19.17334655518449,0.026487430764818878,0.0004430572412650465,0.04399902271288646,0.04327510030180181
Dew,7.4568498834386,0.9974028635761291,0.0025971364238709382,0.8181811811811812,0.18181881881881878,1165.4164005818923,19.196361592116077,0.026487367420080912,0.00044363066660898327,0.043998951730414446,0.04327104286736737
Dew,7.466753621450707,0.9973853422534242,0.002614657746575766,0.8171821821821822,0.1828178178178178,1165.4117214564412,19.219437954794188,0.02648730391371886,0.0004442056168804678,0.043998880567562286,0.04326698543293293
Dew,7.476682604275602,0.9973677763356789,0.0026322236643211427,0.8161831831831833,0.18381681681681672,1165.4070304013599,19.24257589243425,0.026487240245051807,0.0004447820982690328,0.043998809223587364,0.0432629279984985
Dew,7.48663693349545,0.9973501656390812,0.0026498343609188124,0.8151841841841843,0.18481581581581574,1165.402327366818,19.265775655532263,0.026487176413395062,0.0004453601169961356,0.04399873769774313,0.04325887056406407
Dew,7.496616711252907,0.9973325099788379,0.0026674900211620667,0.8141851851851852,0.18581481481481477,1165.397612302722,19.289037496014043,0.026487112418060333,0.000445939679318624,0.043998665989279054,0.04325481312962963
Dew,7.506622040235941,0.9973148091691676,0.002685190830832407,0.8131861861861862,0.1868138138138138,1165.39288515871,19.31236166719147,0.02648704825835564,0.00044652079152774005,0.04399859409744057,0.043250755695195195
Dew,7.5166530236349605,0.997297063023294,0.002702936976705983,0.8121871871871872,0.1878128128128128,1165.3881458841358,19.335748423640762,0.026486983933584944,0.00044710345994632285,0.043998522021469116,0.04324669826076077
Dew,7.526709765227891,0.9972792713534392,0.0027207286465608105,0.8111881881881883,0.18881181181181173,1165.3833944280939,19.359198021441287,0.02648691944304878,0.0004476876909343454,0.04399844976060199,0.04324264082632633
Dew,7.536792369319272,0.9972614339708176,0.002738566029182432,0.8101891891891893,0.18981081081081075,1165.3786307393962,19.382710718002986,0.02648685478604368,0.00044827349088494045,0.043998377314072475,0.04323858339189189
Dew,7.546900940767088,0.9972435506856265,0.002756449314373466,0.8091901901901902,0.19080980980980977,1165.3738547665744,19.406286772141087,0.02648678996186229,0.0004488608662261446,0.04399830468110968,0.043234525957457456
Dew,7.5570355849998165,0.9972256213070421,0.002774378692957935,0.8081911911911912,0.1918088088088088,1165.3690664578858,19.429926444123108,0.026486724969793516,0.0004494498234220019,0.043998231860938555,0.04323046852302302
Dew,7.567196407990405,0.9972076456432103,0.0027923543567897058,0.8071921921921922,0.19280780780780782,1165.3642657613007,19.453629995594696,0.026486659809122227,0.0004500403689708649,0.0439981588527799,0.043226411088588594
Dew,7.577383516289762,0.9971896235012405,0.0028103764987594815,0.8061931931931933,0.19380680680680673,1165.359452624511,19.47739768967289,0.026486594479129495,0.0004506325094075688,0.04399808565585029,0.04322235365415416
Dew,7.587597017007431,0.9971715546871981,0.0028284453128019083,0.8051941941941942,0.19480580580580575,1165.3546269949175,19.50122979089084,0.026486528979092316,0.0004512262513021692,0.043998012269362057,0.04321829621971972
Dew,7.597837017833916,0.9971534390060978,0.0028465609939022363,0.8041951951951952,0.19580480480480478,1165.3497888196396,19.52512656525966,0.026486463308283845,0.0004518216012613899,0.04399793869252327,0.04321423878528529
Dew,7.608103627030345,0.9971352762618951,0.0028647237381048685,0.8031961961961962,0.1968038038038038,1165.3449380455013,19.549088280238344,0.026486397465973085,0.0004524185659279442,0.043997864924537694,0.043210181350850856
Dew,7.618396953435108,0.9971170662574809,0.0028829337425191337,0.8021971971971973,0.1978028028028027,1165.3400746190393,19.57311520475154,0.02648633145142513,0.0004530171519809631,0.04399779096460476,0.04320612391641642
Dew,7.628717106481222,0.9970988087946713,0.0029011912053287237,0.8011981981981983,0.19880180180180174,1165.3351984864926,19.5972076092374,0.026486265263900875,0.0004536173661371195,0.04399771681191956,0.043202066481981986
Dew,7.639064196171146,0.9970805036742032,0.0029194963257968,0.8001991991991992,0.19980080080080076,1165.3303095938063,19.621365765575778,0.0264861989026572,0.00045421921514898447,0.04399764246567278,0.04319800904754755
Dew,7.649438333121705,0.9970621506957243,0.0029378493042756526,0.7992002002002002,0.20079979979979978,1165.3254078866291,19.64558994721362,0.026486132366946885,0.0004548227058079463,0.04399756792505069,0.043193951613113124
Dew,7.659839628530016,0.9970437496577871,0.0029562503422129183,0.7982012012012012,0.2017987987987988,1165.3204933103057,19.66988042906812,0.026486065656018454,0.0004554278449419874,0.0439974931892351,0.04318989417867868
Dew,7.670268194198876,0.9970253003578398,0.002974699642160239,0.7972022022022023,0.20279779779779772,1165.3155658098826,19.694237487597174,0.026485998769116347,0.00045603463941733155,0.043997418257403366,0.04318583674424425
Dew,7.680724142535381,0.9970068025922202,0.002993197407779813,0.7962032032032033,0.20379679679679674,1165.3106253301005,19.718661400794492,0.02648593170548074,0.0004566430961383499,0.043997343128728314,0.04318177930980981
Bubble,7.683437695950984,0.9970020020020021,0.0029979979979979365,0.7959443685738058,0.2040556314261942,1165.3093431575674,19.725000428312665,0.026485914300774217,0.0004568010155854559,0.04399732363113113,0.04318072805296252
Dew,7.691207586551464,0.9969882561561468,0.003011743843853165,0.7952042042042042,0.20479579579579577,1165.305671815391,19.74315244819012,0.02648586446434754,0.00045725322204759046,0.0439972678023782,0.04317772187537538
Dew,7.701718639883141,0.9969696608437109,0.0030303391562891413,0.7942052052052052,0.2057947947947948,1165.3007052098842,19.767710910903546,0.026485797044948516,0.0004578650241270259,0.04399719227751673,0.043173664440940944
Dew,7.712257416763002,0.996951016447869,0.0030489835521310127,0.7932062062062063,0.2067937937937937,1165.2957254573903,19.79233707156539,0.026485729446510908,0.00045847850939625875,0.04399711655330302,0.04316960700650651
Dew,7.722824032065624,0.9969323227604355,0.0030676772395644702,0.7922072072072073,0.20779279279279272,1165.290732501414,19.817031214444025,0.026485661668257825,0.00045909368491547155,0.04399704062889151,0.043165549572072075
Dew,7.733418601283254,0.996913579572073,0.0030864204279269503,0.7912082082082083,0.20879179179179175,1165.28572628514,19.841793625376216,0.02648559370940789,0.00045971055778383984,0.043996964503431976,0.04316149213763764
Dew,7.744041240527685,0.9968947866722859,0.0031052133277140737,0.7902092092092092,0.20979079079079077,1165.280706751438,19.86662459177145,0.02648552556917537,0.00046032913513965006,0.04399688817606949,0.043157434703203205
Dew,7.754692066562008,0.9968759438494103,0.003124056150589749,0.7892102102102102,0.2107897897897898,1165.2756738428557,19.891524402700046,0.026485457246770074,0.0004609494241623601,0.043996811645944385,0.04315337726876877
Dew,7.765371196770808,0.9968570508906085,0.003142949109391502,0.7882112112112113,0.2117887887887887,1165.2706275016214,19.916493348808473,0.026485388741397404,0.00046157143207065625,0.0439967349121922,0.043149319834334336
Dew,7.776078749193043,0.9968381075818579,0.0031618924181421315,0.7872122122122123,0.21278778778778773,1165.2655676696365,19.941531722410648,0.02648532005225819,0.0004621951661245873,0.04399665797394371,0.04314526239989991
Dew,7.786814842518216,0.9968191137079432,0.003180886292056817,0.7862132132132132,0.21378678678678675,1165.2604942884775,19.96663981747614,0.026485251178548795,0.00046282063362531104,0.04399658083032481,0.04314120496546546
Dew,7.797579596077347,0.99680006905245,0.0031999309475500004,0.7852142142142142,0.21478578578578578,1165.255407299391,19.991817929603855,0.026485182119461,0.0004634478419145028,0.043996503480456535,0.04313714753103103
Dew,7.808373129859508,0.9967809733977535,0.0032190266022464886,0.7842152152152152,0.2157847847847848,1165.250306643292,20.017066356067364,0.026485112874182,0.00046407679837542643,0.04399642592345498,0.0431330900965966
Dew,7.8191955645253834,0.9967618265250122,0.003238173474987782,0.7832162162162163,0.2167837837837837,1165.2451922607634,20.04238539585196,0.02648504344189437,0.0004647075104338123,0.043996348158431335,0.04312903266216217
Dew,7.8300470213870055,0.9967426282141564,0.0032573717858436213,0.7822172172172173,0.21778278278278274,1165.2400640920487,20.067775349596733,0.026484973821775983,0.0004653399855565346,0.0439962701844918,0.04312497522772773
Dew,7.840927622435849,0.9967233782438828,0.003276621756117204,0.7812182182182182,0.21878178178178176,1165.234922077055,20.093236519672363,0.026484904013000066,0.00046597423125343385,0.04399619200073754,0.0431209177932933
Dew,7.851837490336121,0.9967040763916435,0.00329592360835651,0.7802192192192192,0.21978078078078078,1165.2297661553487,20.118769210161243,0.02648483401473511,0.0004666102550768776,0.04399611360626467,0.04311686035885886
Dew,7.8627767484278,0.996684722433637,0.003315277566362962,0.7792202202202203,0.2207797797797797,1165.2245962661505,20.144373726865,0.026484763826144817,0.00046724806462195316,0.04399603500016422,0.04311280292442443
Dew,7.8737455207412115,0.9966653161448009,0.003334683855199083,0.7782212212212213,0.22177877877877872,1165.2194123483362,20.170050377344253,0.026484693446388086,0.00046788766752741193,0.04399595618152211,0.04310874548998999
Dew,7.884743931997714,0.9966458572988008,0.0033541427011991587,0.7772222222222223,0.22277777777777774,1165.214214340434,20.19579947091949,0.026484622874619043,0.0004685290714757081,0.043995877149419084,0.043104688055555555
Dew,7.895772107605911,0.996626345668023,0.003373654331977005,0.7762232232232232,0.22377677677677676,1165.2090021806207,20.221621318659434,0.026484552109986917,0.00046917228419275116,0.04399579790293068,0.04310063062112113
Dew,7.906830173675211,0.996606781023563,0.0033932189764369625,0.7752242242242242,0.2247757757757758,1165.2037758067156,20.24751623341795,0.02648448115163595,0.0004698173134487819,0.0439957184411272,0.04309657318668669
Dew,7.917918257022042,0.9965871631352192,0.003412836864780777,0.7742252252252253,0.2257747747747747,1165.1985351561875,20.273484529850407,0.026484409998705577,0.00047046416705877293,0.04399563876307369,0.04309251575225225
Dew,7.929036485171239,0.9965674917714814,0.0034325082285185937,0.7732262262262263,0.22677377377377372,1165.1932801661435,20.299526524416475,0.026484338650330185,0.00047111285288251476,0.04399555886782987,0.04308845831781782
Dew,7.940184986361181,0.9965477666995215,0.003452233300478502,0.7722272272272273,0.22777277277277275,1165.1880107733293,20.325642535393477,0.026484267105639156,0.000471763378824947,0.04399547875445011,0.04308440088338339
Dew,7.951363889546475,0.9965279876851847,0.0034720123148153093,0.7712282282282282,0.22877177177177177,1165.182726914127,20.351832882882825,0.026484195363756832,0.00047241575283632877,0.043995398421983384,0.043080343448948955
Dew,7.962573324412599,0.9965081544929792,0.003491845507020752,0.7702292292292293,0.22977077077077068,1165.1774285245506,20.378097888849883,0.026484123423802443,0.00047306998291318575,0.04399531786947324,0.04307628601451451
Dew,7.973813421367567,0.9964882668860675,0.0035117331139324914,0.7692302302302303,0.2307697697697697,1165.1721155402474,20.404437877099674,0.026484051284890155,0.00047372607709776735,0.04399523709595777,0.04307222858008008
Dew,7.985084311560682,0.9964683246262551,0.0035316753737448803,0.7682312312312313,0.23176876876876873,1165.1667878964884,20.430853173328135,0.02648397894612887,0.0004743840434792591,0.043995156100469536,0.043068171145645644
Dew,7.996386126866475,0.996448327473982,0.003551672526017957,0.7672322322322322,0.23276776776776775,1165.1614455281729,20.457344105076228,0.026483906406622373,0.00047504389019273856,0.04399507488203557,0.043064113711211216
Dew,8.007718999928574,0.9964282751883118,0.003571724811688215,0.7662332332332332,0.23376676676676678,1165.156088369822,20.483911001851485,0.026483833665469178,0.00047570562542202026,0.04399499343967733,0.043060056276776774
Dew,8.019083064122068,0.9964081675269234,0.003591832473076595,0.7652342342342343,0.2347657657657657,1165.150716355577,20.510554195021662,0.026483760721762555,0.0004763692573972078,0.043994911772410605,0.04305599884234235
Dew,8.030478453587245,0.9963880042460969,0.003611995753903141,0.7642352352352353,0.2357647647647647,1165.1453294191926,20.53727401790803,0.026483687574590388,0.0004770347943968836,0.04399482987924552,0.043051941407907905
Dew,8.041905303211044,0.9963677851007084,0.0036322148992915526,0.7632362362362363,0.23676376376376373,1165.139927494039,20.56407080573238,0.02648361422303521,0.00047770224474690003,0.043994747759186534,0.04304788397347348
Dew,8.05336374867117,0.9963475098442165,0.0036524901557835054,0.7622372372372372,0.23776276276276276,1165.1345105131,20.59094489573929,0.026483540666174248,0.0004783716168232423,0.04399466541123229,0.04304382653903904
Dew,8.064853926399874,0.9963271782286526,0.003672821771347423,0.7612382382382383,0.23876176176176167,1165.1290784089654,20.617896627093696,0.026483466903079216,0.00047904291904967236,0.04399458283437568,0.04303976910460461
Dew,8.076375973608004,0.9963067900046104,0.003693209995389579,0.7602392392392393,0.2397607607607607,1165.1236311138268,20.644926340947087,0.02648339293281629,0.00047971615989928976,0.04399450002760373,0.043035711670170174
Dew,8.087930028307424,0.9962863449212361,0.0037136550787638667,0.7592402402402403,0.24075975975975972,1165.1181685594875,20.672034380499007,0.02648331875444633,0.0004803913478959836,0.0439944169898976,0.043031654235735746
Dew,8.099516229273156,0.9962658427262164,0.003734157273783567,0.7582412412412413,0.24175875875875874,1165.112690677341,20.69922109089011,0.02648324436702443,0.00048106849161197153,0.04399433372023253,0.043027596801301304
Dew,8.11113471608375,0.9962452831657687,0.003754716834231342,0.7572422422422422,0.24275775775775776,1165.1071973983778,20.72648681931391,0.02648316976960009,0.00048174759967041937,0.043994250217577774,0.04302353936686687
Dew,8.122785629132514,0.9962246659846299,0.003775334015370113,0.7562432432432433,0.24375675675675668,1165.1016886531875,20.753831915046963,0.026483094961217302,0.00048242868074616736,0.04399416648089658,0.043019481932432435
Dew,8.134469109598882,0.9962039909260451,0.0037960090739549424,0.7552442442442443,0.2447557557557557,1165.0961643719438,20.78125672936778,0.02648301994091425,0.00048311174356386905,0.04399408250914613,0.043015424497998
Dew,8.146185299499276,0.9961832577317578,0.003816742268242246,0.7542452452452453,0.24575475475475472,1165.090624484414,20.80876161569775,0.026482944707723485,0.00048379679690129125,0.043993998301277544,0.043011367063563566
Dew,8.157934341638793,0.9961624661419968,0.003837533858003228,0.7532462462462463,0.24675375375375375,1165.0850689199417,20.83634692946504,0.02648286926067165,0.0004844838495861747,0.043993913856235724,0.04300730962912913
Dew,8.169716379665807,0.996141615895467,0.003858384104532986,0.7522472472472473,0.24775275275275266,1165.079497607459,20.864013028255982,0.02648279359877972,0.0004851729104997778,0.043993829172959444,0.0430032521946947
Dew,8.181531558052656,0.9961207067293365,0.0038792932706634975,0.7512482482482483,0.24875175175175168,1165.0739104754693,20.891760271759928,0.02648271772106267,0.00048586398857561943,0.0439937442503812,0.04299919476026026
Dew,8.193380022123334,0.9960997383792259,0.0039002616207740592,0.7502492492492493,0.2497507507507507,1165.0683074520562,20.919589021845475,0.026482641626529687,0.00048655709280127674,0.04399365908742722,0.04299513732582583
Dew,8.20526191799517,0.996078710579196,0.003921289420804053,0.7492502502502503,0.25074974974974973,1165.06268846487,20.947499642396448,0.026482565314183887,0.0004872522322145951,0.04399357368301741,0.04299107989139139
Dew,8.217177392699552,0.9960576230617382,0.003942376938261827,0.7482512512512512,0.25174874874874875,1165.057053441133,20.975492499647736,0.026482488783022503,0.0004879494159115245,0.04399348803606526,0.04298702245695696
Dew,8.229126594090292,0.9960364755577591,0.003963524442240907,0.7472522522522523,0.25274774774774766,1165.0514023076296,21.00356796192835,0.02648241203203665,0.0004886486530401695,0.043993402145477846,0.042982965022522523
Dew,8.241109670872499,0.9960152677965723,0.0039847322034276544,0.7462532532532533,0.2537467467467467,1165.0457349907063,21.031726399740833,0.02648233506021136,0.0004893499528026609,0.043993316010155784,0.04297890758808809
Bubble,8.24802353026046,0.996003003003003,0.00399699699699696,0.7456768123224004,0.25432318767759965,1165.0424538000987,21.047968321320358,0.026482290462161173,0.0004897545359608475,0.043993266196696704,0.04297656637324743
Dew,8.253126772634682,0.9959939995058849,0.004006000494115147,0.7452542542542543,0.2547457457457457,1165.0400514162695,21.05996818584969,0.02648225786652557,0.0004900533244572397,0.04399322962899315,0.04297485015365366
Dew,8.265178049826437,0.9959726704117844,0.004027329588215611,0.7442552552552553,0.25574474474474473,1165.0343515097773,21.088293695217903,0.026482180449951938,0.0004907587773168053,0.04399314300087747,0.04297079271921922
Dew,8.277263653804171,0.9959512802387284,0.004048719761271635,0.7432562562562562,0.25674374374374376,1165.0286351962454,21.116703305133306,0.026482102809457078,0.0004914663207518835,0.0439930561246896,0.042966735284784785
Dew,8.289383736770459,0.9959298287095312,0.004070171290468827,0.7422572572572573,0.25774274274274267,1165.0229024002292,21.14519739503832,0.026482024944001096,0.0004921759641866897,0.043992968999303765,0.04296267785035035
Dew,8.301538451860338,0.9959083155453515,0.00409168445464847,0.7412582582582583,0.2587417417417417,1165.0171530458367,21.17377634676928,0.02648194685253796,0.0004928877171047262,0.04399288162358745,0.04295862041591592
Dew,8.313727953080898,0.9958867404656795,0.0041132595343205125,0.7402592592592593,0.2597407407407407,1165.0113870567093,21.20244054438693,0.026481868534015095,0.0004936015890448635,0.04399279399640136,0.04295456298148149
Dew,8.325952395356836,0.995865103188326,0.004134896811674005,0.7392602602602603,0.26073973973973974,1165.0056043560344,21.231190374302145,0.026481789987373675,0.0004943175896042938,0.04399270611659939,0.042950505547047046
Dew,8.338211934526855,0.9958434034294072,0.004156596570592752,0.7382612612612613,0.26173873873873865,1164.9998048665254,21.260026225264713,0.02648171121154824,0.0004950357284382971,0.04399261798302854,0.04294644811261261
Dew,8.350506727355663,0.9958216409033336,0.0041783590966664175,0.7372622622622623,0.2627377377377377,1164.9939885104343,21.288948488395548,0.02648163220546695,0.0004957560152610192,0.043992529594528894,0.04294239067817818
Dew,8.36283693151627,0.9957998153227958,0.004200184677204177,0.7362632632632633,0.2637367367367367,1164.988155209531,21.317957557136182,0.026481552968051235,0.0004964784598443228,0.043992440949933535,0.04293833324374375
Dew,8.375202705635306,0.9957779263987536,0.004222073601246379,0.7352642642642643,0.2647357357357357,1164.9823048851176,21.34705382737378,0.02648147349821605,0.0004972030720207272,0.04399235204806854,0.042934275809309315
Dew,8.387604209260877,0.9957559738404193,0.004244026159580749,0.7342652652652653,0.26573473473473475,1164.9764374580066,21.376237697350383,0.0264813937948695,0.0004979298616813218,0.04399226288775287,0.04293021837487487
Dew,8.400041602913365,0.995733957355247,0.004266042644753054,0.7332662662662663,0.26673373373373366,1164.9705528485354,21.405509567803215,0.026481313856913154,0.0004986588387790634,0.04399217346779834,0.04292616094044044
Dew,8.412515048041897,0.9957118766489188,0.004288123351081197,0.7322672672672673,0.2677327327327327,1164.9646509765473,21.43486984184218,0.026481233683241654,0.0004993900133259507,0.043992083787009584,0.04292210350600601
Dew,8.42502470708396,0.9956897314253302,0.004310268574669762,0.7312682682682683,0.2687317317317317,1164.9587317613966,21.464318925114608,0.026481153272742867,0.0005001233953968918,0.04399199384418398,0.042918046071571576
Dew,8.437570743420288,0.9956675213865778,0.00433247861342223,0.7302692692692693,0.26973073073073073,1164.9527951219402,21.493857225678525,0.02648107262429772,0.0005008589951267791,0.0439919036381116,0.042913988637137135
Dew,8.450153321429173,0.9956452462329429,0.0043547537670570735,0.7292702702702704,0.27072972972972964,1164.946840976536,21.52348515415249,0.02648099173678023,0.0005015968227140113,0.0439918131675751,0.04290993120270271
Dew,8.462772606466524,0.9956229056628817,0.0043770943371183035,0.7282712712712713,0.27172872872872866,1164.9408692430427,21.553203123658893,0.026480910609057474,0.0005023368884192009,0.0439917224313498,0.042905873768268266
Dew,8.475428764870319,0.9956004993730072,0.004399500626992792,0.7272722722722723,0.2727277277277277,1164.9348798388062,21.583011549835142,0.026480829239989376,0.0005030792025654643,0.043991631428203476,0.04290181633383384
Dew,8.488121963997884,0.9955780270580767,0.004421972941923258,0.7262732732732733,0.2737267267267267,1164.9288726806647,21.612910850936057,0.026480747628428815,0.0005038237755408396,0.04399154015689638,0.042897758899399396
Dew,8.500852372190629,0.9955554884109775,0.004444511589022482,0.7252742742742743,0.27472572572572573,1164.9228476849385,21.642901447734584,0.026480665773221432,0.0005045706177960005,0.043991448616181185,0.04289370146496497
Dew,8.513620158817607,0.995532883122712,0.004467116877287958,0.7242752752752754,0.27572472472472465,1164.916804767431,21.672983763641657,0.02648058367320572,0.0005053197398470823,0.0439913568048029,0.042889644030530534
Dew,8.526425494269724,0.9955102108823833,0.0044897891176166604,0.7232762762762763,0.27672372372372367,1164.910743843422,21.703158224688874,0.02648050132721288,0.0005060711522753084,0.0439912647214988,0.0428855865960961
Dew,8.539268549961502,0.9954874713771812,0.004512528622818812,0.7222772772772773,0.2777227227227227,1164.9046648276628,21.733425259532115,0.026480418734066726,0.0005068248657271051,0.04399117236499843,0.04288152916166166
Dew,8.552149498353952,0.9954646642923647,0.004535335707635313,0.7212782782782783,0.2787217217217217,1164.898567634374,21.763785299513863,0.026480335892583747,0.0005075808909155863,0.043991079734023435,0.04287747172722723
Dew,8.565068512947384,0.9954417893112507,0.004558210688749287,0.7202792792792793,0.27972072072072074,1164.8924521772421,21.794238778641958,0.026480252801572943,0.0005083392386200896,0.043990986827287644,0.042873414292792796
Dew,8.578025768284597,0.9954188461151952,0.004581153884804845,0.7192802802802803,0.28071971971971965,1164.8863183694082,21.824786133597193,0.026480169459835744,0.0005090999196863844,0.04399089364349687,0.04286935685835836
Dew,8.591021439998407,0.9953958343835805,0.00460416561641952,0.7182812812812813,0.2817187187187187,1164.880166123475,21.855427803864156,0.026480085866166108,0.000509862945029756,0.04399080018134892,0.042865299423923926
Dew,8.60405570476796,0.9953727537937989,0.004627246206201141,0.7172822822822823,0.2827177177177177,1164.873995351494,21.886164231608458,0.02648000201935031,0.0005106283256321742,0.04399070643953351,0.04286124198948949
Dew,8.617128740356888,0.9953496040212371,0.004650395978762933,0.7162832832832833,0.2837167167167167,1164.8678059649646,21.916995861781565,0.026479917918166923,0.0005113960725447708,0.04399061241673225,0.04285718455505506
Dew,8.63024072562118,0.9953263847392594,0.004673615260740616,0.7152842842842844,0.28471571571571563,1164.861597874829,21.947923142141335,0.026479833561386786,0.0005121661968883513,0.043990518111618505,0.04285312712062063
Dew,8.643391840500579,0.9953030956191938,0.004696904380806166,0.7142852852852853,0.28571471471471466,1164.8553709914652,21.978946523226806,0.02647974894777287,0.0005129387098528407,0.04399042352285736,0.04284906968618618
Dew,8.65658226604791,0.9952797363303149,0.004720263669685143,0.7132862862862863,0.2867137137137137,1164.8491252246877,22.01006645843843,0.026479664076080316,0.0005137136226991867,0.04399032864910558,0.04284501225175175
Dew,8.66981218442294,0.9952563065398266,0.004743693460173448,0.7122872872872873,0.2877127127127127,1164.8428604837395,22.04128340401961,0.026479578945056294,0.0005144909467589645,0.04399023348901151,0.042840954817317325
Dew,8.68308177890364,0.9952328059128485,0.004767194087151538,0.7112882882882883,0.2887117117117117,1164.83657667729,22.072597819086777,0.026479493553440012,0.0005152706934351115,0.043990138041215036,0.042836897382882884
Dew,8.696391233905219,0.9952092341123954,0.004790765887604631,0.7102892892892894,0.28971071071071064,1164.8302737134227,22.104010165680883,0.026479407899962476,0.000516052874203163,0.0439900423043475,0.04283283994844845
Dew,8.709740734970977,0.9951855907993652,0.004814409200634806,0.7092902902902903,0.29070970970970966,1164.8239514996446,22.135520908740677,0.026479321983346717,0.0005168375006106632,0.04398994627703163,0.042828782514014015
Dew,8.723130468798225,0.9951618756325181,0.0048381243674818775,0.7082912912912913,0.2917087087087087,1164.8176099428676,22.16713051617337,0.02647923580230744,0.0005176245842788488,0.04398984995788147,0.04282472507957958
Dew,8.73656062323603,0.9951380882684622,0.004861911731537827,0.7072922922922923,0.2927077077077077,1164.8112489494106,22.198839458847075,0.026479149355551096,0.000518414136902508,0.04398975334550236,0.04282066764514515
Dew,8.750031387299892,0.9951142283616357,0.004885771638364345,0.7062932932932934,0.2937067067067066,1164.8048684249964,22.230648210630132,0.026479062641775863,0.0005192061702509337,0.04398965643849079,0.04281661021071071
Dew,8.763542951169537,0.9950902955642874,0.004909704435712592,0.7052942942942944,0.29470570570570565,1164.7984682747403,22.26255724838377,0.026478975659671417,0.0005200006961677867,0.04398955923543436,0.042812552776276276
Dew,8.777095506235051,0.995066289526463,0.0049337104735369675,0.7042952952952953,0.29570470470470467,1164.7920484031533,22.294567052088702,0.026478888407919062,0.0005207977265740888,0.04398946173491173,0.04280849534184185
Dew,8.790689245047718,0.9950422098959846,0.004957790104015425,0.7032962962962963,0.2967037037037037,1164.7856087141288,22.326678104707405,0.026478800885191445,0.0005215972734650422,0.04398936393549255,0.042804437907407414
Dew,8.804324361368492,0.9950180563184337,0.004981943681566348,0.7022972972972973,0.2977027027027027,1164.779149110942,22.358890892317312,0.026478713090152636,0.0005223993489131765,0.04398926583573732,0.04280038047297297
Bubble,8.812256967030086,0.995004004004004,0.004995995995995983,0.7017174979454988,0.29828250205450124,1164.7753909130925,22.377633408435297,0.026478662010223225,0.0005228660220968942,0.04398920876226226,0.04279802561790565
Dew,8.818001050181838,0.9949938284371332,0.005006171562866757,0.7012982982982984,0.2987017017017016,1164.7726694962475,22.391205904147753,0.026478625021458053,0.0005232039650692476,0.04398916743419742,0.04279632303853854
Dew,8.831719507685502,0.9949695258931301,0.005030474106869853,0.7002992992992993,0.29970070070070065,1164.766169772071,22.423623632550335,0.026478536677754357,0.000524011134161584,0.04398906872941495,0.04279226560410411
Dew,8.845479931300964,0.994945148325176,0.005054851674824001,0.6993003003003003,0.3006996996996997,1164.7596498398018,22.45614457302651,0.026478448057679318,0.0005248208684967673,0.04398896971992271,0.042788208169669675
Dew,8.859282519700235,0.9949206953697076,0.0050793046302923806,0.6983013013013013,0.3016986986986987,1164.7531096001935,22.488769224300572,0.02647835915986189,0.000525633180461375,0.04398887040424407,0.042784150735235234
Dew,8.87312747279923,0.9948961666608305,0.005103833339169528,0.6973023023023024,0.3026976976976976,1164.7465489533522,22.52149808829991,0.026478269982921944,0.0005264480825215576,0.043988770780892965,0.0427800933008008
Dew,8.887014991773293,0.9948715618302987,0.0051284381697013215,0.6963033033033034,0.30369669669669663,1164.739967798736,22.55433167019667,0.02647818052547036,0.0005272655872240496,0.04398867084837377,0.04277603586636637
Dew,8.900945279073571,0.9948468805074959,0.005153119492504077,0.6953043043043043,0.30469569569569566,1164.73336603515,22.587270478451817,0.02647809078610892,0.0005280857071972387,0.0439885706051812,0.04277197843193194
Dew,8.9149185384203,0.994822122319416,0.0051778776805839755,0.6943053053053053,0.3056946946946947,1164.7267435607362,22.620315024795094,0.026478000763430133,0.0005289084551507354,0.04398847004980031,0.042767920997497495
Dew,8.928934974824852,0.9947972868906443,0.005202713109355717,0.6933063063063063,0.3066936936936937,1164.7201002729716,22.653465824284858,0.026477910456017245,0.0005297338438768101,0.04398836918070636,0.04276386356306306
Dew,8.942994794623058,0.9947723738433369,0.005227626156663057,0.6923073073073074,0.3076926926926926,1164.7134360686673,22.686723395398914,0.026477819862444272,0.0005305618862525585,0.04398826799636472,0.04275980612862863
Dew,8.957098205422595,0.994747382797201,0.005252617202799015,0.6913083083083084,0.30869169169169164,1164.706750843948,22.720088259887472,0.026477728981275556,0.0005313925952365005,0.04398816649523084,0.0427557486941942
Dew,8.971245416187054,0.9947223133694761,0.005277686630523859,0.6903093093093093,0.30969069069069066,1164.7000444942664,22.753560943004587,0.026477637811066185,0.0005322259838740342,0.04398806467575013,0.04275169125975976
Dew,8.985436731141167,0.9946971651749212,0.005302834825078762,0.6893103103103103,0.3106896896896897,1164.6933196330342,22.787142233434675,0.026477546412165938,0.0005330620713779649,0.04398796253635795,0.04274763382532532
Dew,8.99967208005595,0.9946719378257509,0.005328062174249082,0.6883113113113114,0.3116886886886886,1164.686567998356,22.820831883129088,0.0264774545976971,0.0005339008527136828,0.04398786007547929,0.042743576390890894
Dew,9.013951957766045,0.9946466309317026,0.00535336906829742,0.6873123123123124,0.3126876876876876,1164.6797976395626,22.854631207871478,0.026477362551599087,0.0005347423594345096,0.043987757291529116,0.04273951895645647
Dew,9.02827648465142,0.9946212440999275,0.005378755900072529,0.6863133133133134,0.31368668668668664,1164.6730057306593,22.88854048670699,0.02647727021058346,0.0005355865988463069,0.04398765418291186,0.04273546152202202
Dew,9.042645876435389,0.9945957769350142,0.00540422306498578,0.6853143143143143,0.31468568568568567,1164.6661921635987,22.922560262333228,0.02647717757315647,0.0005364335844277034,0.04398755074802156,0.04273140408758759
Dew,9.057060350220805,0.9945702290389584,0.00542977096104158,0.6843153153153153,0.3156846846846847,1164.6593568296148,22.956691081008692,0.0264770846378143,0.0005372833297457883,0.043987446985241735,0.042727346653153156
Dew,9.071520124509489,0.9945446000111391,0.0054553999888609095,0.6833163163163164,0.3166836836836836,1164.6524996192165,22.99093349260522,0.02647699140304301,0.0005381358484573797,0.04398734289294525,0.04272328921871872
Dew,9.086025419209987,0.9945188894483032,0.005481110551696755,0.6823173173173174,0.3176826826826826,1164.645620422186,23.02528805062804,0.026476897867318556,0.0005389911543095367,0.04398723846949429,0.04271923178428429
Dew,9.10057645565037,0.9944930969445358,0.005506903055464196,0.6813183183183184,0.31868168168168165,1164.6387191275724,23.05975531224978,0.026476804029106658,0.0005398492611403995,0.043987133713240235,0.042715174349849845
Dew,9.11517345659712,0.9944672220912436,0.005532777908756392,0.6803193193193193,0.3196806806806807,1164.6317956236778,23.09433583836133,0.026476709886862588,0.0005407101828804214,0.043987028622523586,0.04271111691541542
Dew,9.129816646252035,0.9944412644771303,0.005558735522869673,0.6793203203203203,0.3206796796796797,1164.6248497980603,23.129030193561878,0.026476615439031244,0.0005415739335521819,0.04398692319567387,0.04270705948098099
Dew,9.14450625028002,0.9944152236881734,0.005584776311826634,0.6783213213213214,0.3216786786786786,1164.6178815375226,23.163838946234343,0.026476520684047003,0.0005424405272721952,0.04398681743100952,0.04270300204654655
Dew,9.159242495815496,0.9943890993076041,0.005610900692395893,0.6773223223223224,0.32267767767767763,1164.6108907281082,23.198762668561727,0.02647642562033362,0.0005433099782513382,0.04398671132683783,0.042698944612112114
Dew,9.174025611454882,0.9943628909158814,0.00563710908411863,0.6763233233233233,0.32367667667667666,1164.6038772550912,23.233801936504932,0.026476330246304112,0.0005441823007943758,0.04398660488145485,0.04269488717767768
Dew,9.188855926024724,0.9943365980906789,0.005663401909321131,0.6753243243243243,0.3246756756756757,1164.5968437982103,23.268957602733614,0.026476234623908308,0.000545057515693202,0.043986498093145296,0.042690829743243244
Dew,9.203733374977022,0.9943102204068193,0.005689779593180733,0.6743253253253254,0.3256746746746746,1164.5897818554845,23.304229432615724,0.026476138560894973,0.0005459356182759848,0.043986390960182295,0.04268677230880881
Dew,9.218658487584584,0.9942837574363335,0.00571624256366654,0.6733263263263264,0.3266736736736736,1164.582699695554,23.33961883219552,0.026476042246287107,0.0005468166423080093,0.04398628348082767,0.042682714874374375
Dew,9.233631399778746,0.9942572087483535,0.005742791251646451,0.6723273273273274,0.32767267267267264,1164.575594405325,23.3751261203042,0.02647594561490644,0.0005477005960930033,0.04398617565333145,0.04267865743993994
Dew,9.248652347750486,0.9942305739091299,0.005769426090870056,0.6713283283283283,0.32867167167167166,1164.5684658661403,23.410751892557595,0.026475848665111126,0.000548587494423787,0.04398606747593193,0.04267460000550551
Dew,9.263721569247993,0.9942038524820003,0.005796147517999728,0.6703293293293293,0.3296706706706707,1164.5613139585382,23.44649674860416,0.02647575139524808,0.0005494773521933126,0.04398595894685565,0.04267054257107107
Dew,9.278839303583483,0.9941770440273615,0.005822955972638488,0.6693303303303304,0.3306696696696696,1164.5541385622369,23.482361292142347,0.026475653803652736,0.0005503701843951198,0.04398585006431713,0.04266648513663664
Dew,9.294005791647944,0.9941501481026481,0.0058498518973518765,0.6683313313313314,0.3316686686686686,1164.5469395561374,23.51834613095994,0.026475555888649138,0.0005512660061243055,0.043985740826518904,0.0426624277022022
Dew,9.30922127593261,0.9941231642623051,0.00587683573769493,0.6673323323323324,0.33266766766766764,1164.5397168183147,23.55445187699195,0.026475457648549798,0.0005521648325789289,0.043985631231651355,0.042658370267767774
Dew,9.324486102175445,0.9940960920577713,0.0059039079422287255,0.6663333333333333,0.33366666666666667,1164.5324730636237,23.590679426916005,0.026475359146168033,0.0005530666856384203,0.043985521277892646,0.04265431283333333
Dew,9.33980021114423,0.9940689310374117,0.005931068962588326,0.6653343343343344,0.3346656656656656,1164.5251996556028,23.627028559209645,0.02647526018625525,0.0005539715609726366,0.043985410963408446,0.0426502553988989
Dew,9.355164155136901,0.9940416807465758,0.00595831925342416,0.6643353353353354,0.3356646646646646,1164.5179049826565,23.663500740215174,0.02647516096062629,0.0005548794938281043,0.04398530028635222,0.04264619796446446
Dew,9.370578081493857,0.9940143407274865,0.005985659272513488,0.6633363363363364,0.3366636636636636,1164.5105860818517,23.700096318106905,0.026475061403033736,0.0005557904932426293,0.04398518924486469,0.042642140530030036
Bubble,9.375833675480042,0.9940050050050051,0.0059949949949948955,0.662995962690231,0.337004037309769,1164.5080851314522,23.712572269889808,0.026475027366672028,0.0005561010949408579,0.04398515132782783,0.04264075810246637
Dew,9.386042240869322,0.993986910519255,0.006013089480744971,0.6623373373373374,0.33766266266266265,1164.5032428270094,23.736815925981332,0.026474961511730646,0.000556704574939798,0.04398507783707395,0.042638083095595594
Dew,9.401556885610013,0.9939593896578506,0.006040610342149422,0.6613383383383383,0.3386616616616617,1164.4958750910967,23.77366020132832,0.02647486128495826,0.0005576217547522307,0.043984966061095365,0.04263402566116116
Dew,9.417122269720231,0.9939317776760641,0.00606822232393589,0.6603393393393394,0.3396606606606606,1164.4884827461706,23.81062978593339,0.026474760720944887,0.0005585420486193416,0.04398485391503134,0.04262996822672673
Dew,9.432738648929025,0.993904074103489,0.006095925896510979,0.6593403403403404,0.3406596596596596,1164.481065663421,23.847725326061585,0.026474659817906858,0.0005594654725917031,0.043984741396971325,0.0426259107922923
Dew,9.448406280678341,0.9938762784664905,0.006123721533509485,0.6583413413413414,0.34165865865865863,1164.4736237131394,23.884947472423388,0.026474558574047923,0.0005603920428302987,0.04398462850499166,0.042621853357857856
Dew,9.464125424144113,0.9938483902881777,0.00615160971182227,0.6573423423423423,0.34265765765765765,1164.4661567647122,23.92229688023146,0.026474456987559163,0.000561321775607907,0.043984515237155436,0.04261779592342343
Dew,9.4798963402442,0.9938204090883753,0.006179590911624677,0.6563433433433433,0.3436566566566567,1164.4586646866169,23.95977420922116,0.026474355056618968,0.0005622546873096373,0.04398440159151244,0.04261373848898899
Dew,9.495719291669694,0.9937923343835945,0.006207665616405511,0.6553443443443444,0.3446556556556556,1164.4511473464102,23.99738012373544,0.026474252779392853,0.000563190794434974,0.04398428756609897,0.04260968105455456
Dew,9.51159454287508,0.9937641656870058,0.006235834312994237,0.6543453453453454,0.3456546546546546,1164.4436046107232,24.03511529269634,0.026474150154033375,0.0005641301135971631,0.04398417315893778,0.042605623620120124
Dew,9.527522465775608,0.9937359025084165,0.00626409749158352,0.6533463463463464,0.34665365365365364,1164.4360392338644,24.072980680966683,0.026474047244354093,0.0005650726683624912,0.04398405836803794,0.04260156618568568
Dew,9.543503011460432,0.9937075443542007,0.0062924556457992775,0.6523473473473473,0.34765265265265266,1164.4284424147477,24.11097609308436,0.026473943851459108,0.0005660184550669556,0.04398394319139459,0.042597508751251255
Dew,9.559536766781314,0.9936790907273529,0.006320909272647057,0.6513483483483484,0.3486516516516516,1164.4208226830124,24.149103085830962,0.02647384017048362,0.0005669675111839639,0.043983827626989144,0.04259345131681682
Dew,9.575623897810411,0.9936505411273728,0.006349458872627167,0.6503493493493494,0.3496506506506506,1164.4131770128854,24.18736205578843,0.026473736133853086,0.000567919846959687,0.043983711672788826,0.04258939388238238
Dew,9.591764784947935,0.993621895050287,0.006378104949713026,0.6493503503503504,0.3506496496496496,1164.4055081679817,24.225753989937115,0.02647363180562682,0.0005688754865080906,0.04398359532674674,0.04258533644794795
Dew,9.607959383165468,0.9935931519885677,0.00640684801143232,0.6483513513513514,0.35164864864864864,1164.3978073039632,24.264278702739187,0.026473526985957226,0.0005698344264163301,0.04398347858680157,0.042581279013513516
Dew,9.62420829027109,0.9935643114311853,0.0064356885688147125,0.6473523523523523,0.35264764764764767,1164.3900829859704,24.302937779645077,0.02647342187082277,0.0005707967048649944,0.043983361450877764,0.04257722157907908
Dew,9.640511678686362,0.9935353728634915,0.006464627136508527,0.6463533533533534,0.3536466466466466,1164.3823321711739,24.34173163370029,0.026473316392294794,0.0005717623325106382,0.04398324391688507,0.04257316414464465
Dew,9.656869937528038,0.9935063357672401,0.006493664232759877,0.6453543543543544,0.3546456456456456,1164.3745576311042,24.380661274617925,0.026473210614647923,0.0005727313340303243,0.04398312598271865,0.04256910671021021
Dew,9.67328313423073,0.9934771996205136,0.006522800379486382,0.6443553553553554,0.3556446446446446,1164.36675339818,24.419726825792544,0.02647310440347349,0.0005737037132878423,0.04398300764625872,0.04256504927577578
Dew,9.6897515530101,0.9934479638977299,0.006552036102270065,0.6433563563563564,0.35664364364364365,1164.3589193199637,24.45892900752025,0.02647299775658408,0.00057467948817307,0.04398288890537063,0.04256099184134134
Dew,9.70627569765282,0.9934186280696107,0.006581371930389324,0.6423573573573574,0.35764264264264256,1164.3510610868593,24.49826914437409,0.026472890804645113,0.0005756586907819673,0.04398276975790473,0.04255693440690691
Dew,9.722855748913739,0.9933891916031081,0.006610808396891876,0.6413583583583584,0.3586416416416416,1164.3431756362745,24.537747671040737,0.026472783479322394,0.0005766413323102512,0.04398265020169603,0.042552876972472474
Dew,9.73949199780051,0.9933596539614031,0.006640346038596867,0.6403593593593594,0.3596406406406406,1164.335262820961,24.57736532554401,0.02647267577857431,0.0005776274310870645,0.043982530234564235,0.04254881953803804
Dew,9.75618473734411,0.9933300146038635,0.006669985396136502,0.6393603603603604,0.36063963963963963,1164.3273224926122,24.617122851182042,0.02647256770034442,0.0005786170055725128,0.04398240985431359,0.042544762103603605
Dew,9.7729342626127,0.9933002729860095,0.006699727013990464,0.6383613613613613,0.36163863863863865,1164.3193545018519,24.657020996564068,0.026472459242561332,0.0005796100743585926,0.04398228905873267,0.04254070466916917
Dew,9.789740870735288,0.9932704285594804,0.006729571440519555,0.6373623623623624,0.36263763763763757,1164.3113586982254,24.697060515674174,0.026472350403138525,0.0005806066561707514,0.04398216784559433,0.042536647234734735
Dew,9.806604860909257,0.9932404807719991,0.0067595192280008876,0.6363633633633634,0.3636366366366366,1164.3033349301893,24.737242167890702,0.02647224117997426,0.0005816067698684092,0.04398204621265547,0.0425325898003003
Dew,9.823526534438512,0.9932104290673351,0.006789570932664857,0.6353643643643644,0.3646356356356356,1164.2952830451015,24.777566718089822,0.026472131570951404,0.0005826104344474564,0.04398192415765698,0.042528532365865866
Dew,9.840506194718639,0.9931802728852717,0.006819727114728336,0.6343653653653654,0.36563463463463464,1164.2872028892093,24.818034936603393,0.02647202157393723,0.0005836176690393291,0.04398180167832354,0.04252447493143143
Dew,9.85754414730063,0.993150011661568,0.006849988338431978,0.6333663663663665,0.36663363363363355,1164.2790943076463,24.8586475993929,0.026471911186783492,0.0005846284929151635,0.04398167877236346,0.042520417496997
Dew,9.874640811320432,0.9931196448279299,0.006880355172070085,0.6323673673673674,0.36763263263263257,1164.2709600877035,24.899405794553807,0.026471800474247006,0.0005856429326949551,0.04398155543746864,0.04251636006256257
Dew,9.891796162287532,0.9930891718119375,0.0069108281880625455,0.6313683683683684,0.3686316316316316,1164.262791242368,24.94030938961069,0.02647168923338459,0.0005866609862978585,0.04398143167131419,0.04251230262812813
Dew,9.909010846598617,0.9930585920370805,0.0069414079629195324,0.6303693693693694,0.3696306306306306,1164.2545964432288,24.98136009717283,0.02647157766276315,0.00058768269504757,0.04398130747155861,0.04250824519369369
Dew,9.926285179253835,0.9930279049226544,0.006972095077345641,0.6293703703703704,0.37062962962962964,1164.2463755356766,25.022558717893688,0.02647146576028079,0.0005887080788278959,0.04398118283584336,0.04250418775925926
Bubble,9.93860237242534,0.9930060060060061,0.006993993993993919,0.6286596034076696,0.3713403965923304,1164.2405015673216,25.05193465115952,0.026471385736547306,0.0005894392424221585,0.04398109389339339,0.04250130097924026
Dew,9.943619252589441,0.9929971098837294,0.007002890116270644,0.6283713713713714,0.37162862862862855,1164.2381224642684,25.063905439885165,0.026471353389678258,0.0005897371431175364,0.04398105776179277,0.042500130324824824
Dew,9.961013497289697,0.9929662063311496,0.007033793668850374,0.6273723723723724,0.3726276276276276,1164.2298400138077,25.105401381426134,0.02647124061570686,0.0005907699152855886,0.043980932247013965,0.042496072890390396
Dew,9.978468234343111,0.9929351936714645,0.007064806328535456,0.6263733733733734,0.3736266266266266,1164.2215280212959,25.14704735881006,0.02647112743610432,0.0005918064156047295,0.043980806289096654,0.042492015455955955
Dew,9.995983673887741,0.992904071306889,0.007095928693111042,0.6253743743743744,0.3746256256256256,1164.21318336915,25.18884388331626,0.026471013781439748,0.0005928466571765417,0.04398067988561294,0.04248795802152152
Dew,10.013560367591644,0.9928728386352927,0.007127161364707257,0.6243753753753755,0.37562462462462454,1164.2048117976308,25.2307924047529,0.026470899783695684,0.0005938906751990131,0.04398055303411725,0.04248390058708709
Dew,10.0311986440805,0.9928414950501239,0.007158504949876132,0.6233763763763764,0.37662362362362356,1164.196413143384,25.27289375939839,0.02647078544063415,0.0005949384904407356,0.04398042573214608,0.04247984315265266
Dew,10.04889849277005,0.9928100399403612,0.007189960059638789,0.6223773773773774,0.3776226226226226,1164.1879783720549,25.31514785105555,0.026470670548324058,0.0005959901017251265,0.04398029797721778,0.042475785718218216
Dew,10.066660587163526,0.9927784726905378,0.007221527309462239,0.6213783783783784,0.3786216216216216,1164.179516180989,25.357556463303425,0.026470555306017662,0.0005970455521346241,0.043980169766832625,0.04247172828378379
Dew,10.084485262975793,0.9927467926806346,0.007253207319365407,0.6203793793793794,0.37962062062062063,1164.1710264022904,25.40012045097557,0.026470439711406422,0.0005981048628986614,0.0439800410984724,0.04246767084934935
Dew,10.1023726292914,0.9927149992860458,0.007285000713954215,0.6193803803803805,0.38061961961961954,1164.1625029489726,25.442840045974748,0.026470323627606693,0.0005991680405850296,0.04397991196960028,0.04246361341491492
Dew,10.120323025340237,0.9926830918775638,0.007316908122436239,0.6183813813813814,0.38161861861861857,1164.1539456461182,25.485716112343205,0.026470207052171395,0.0006002351066520693,0.04397978237766073,0.04245955598048048
Dew,10.138337022723828,0.9926510698213379,0.007348930178662116,0.6173823823823824,0.3826176176176176,1164.145360237422,25.528750152091142,0.026470090117240865,0.0006013060975930684,0.04397965232007937,0.04245549854604605
Dew,10.156414851760594,0.9926189324787943,0.007381067521205709,0.6163833833833834,0.3836166166166166,1164.136743588683,25.57194272933697,0.026469972753104174,0.0006023810278219826,0.04397952179426263,0.042451441111611615
Dew,10.174556975153092,0.9925866792066264,0.007413320793373646,0.6153843843843844,0.38461561561561564,1164.1280984833886,25.615295046199485,0.026469855024617045,0.0006034599267886596,0.04397939079759772,0.04244738367717718
Dew,10.192763512235024,0.9925543093567173,0.00744569064328271,0.6143853853853855,0.38561461461461455,1164.11941882279,25.658807361458578,0.02646973679468346,0.0006045428017283612,0.04397925932745231,0.04244332624274274
Dew,10.211034814786204,0.9925218222761276,0.007478177723872381,0.6133863863863864,0.38661361361361357,1164.1107044267003,25.7024805720617,0.026469618060794092,0.0006056296749163109,0.043979127381174495,0.04243926880830831
Dew,10.229371585156176,0.9924892173070589,0.0075107826929411425,0.6123873873873874,0.3876126126126126,1164.1019639962785,25.746316537160546,0.0264694990223966,0.0006067205913109178,0.04397899495609262,0.04243521137387388
Dew,10.247773833572364,0.9924564937867437,0.007543506213256279,0.6113883883883884,0.3886116116116116,1164.0931884671434,25.790315215145775,0.02646937947499678,0.0006078155510914321,0.04397886204951486,0.04243115393943944
Dew,10.26624203602748,0.9924236510474688,0.007576348952531231,0.6103893893893895,0.38961061061061053,1164.0843806163052,25.83447784300093,0.026469259483362692,0.0006089145845734061,0.0439787286587293,0.042427096505005
Dew,10.284776555368856,0.9923906884164929,0.0076093115835070835,0.6093903903903904,0.39060960960960955,1164.0755402586774,25.878805346714515,0.026469139044922284,0.0006100177147531844,0.043978594781003584,0.04242303907057057
Dew,10.303377757121499,0.992357605216007,0.0076423947839929784,0.6083913913913914,0.3916086086086086,1164.0666672077602,25.923298659308518,0.02646901815708363,0.0006111249648017204,0.043978460413584816,0.04241898163613614
Dew,10.322046009510647,0.9923244007630844,0.007675599236915631,0.6073923923923924,0.3926076076076076,1164.0577612756315,25.96795872089923,0.026468896817234917,0.0006122363580660928,0.043978325553699266,0.042414924201701704
Dew,10.340781566331428,0.9922910743696282,0.007708925630371843,0.6063933933933934,0.3936066066066066,1164.0488193139777,26.012786157271055,0.02646877495546185,0.0006133519104907268,0.04397819019855225,0.04241086676726727
Dew,10.359585152670373,0.9922576253423515,0.0077423746576484875,0.6053943943943945,0.39460560560560554,1164.0398500088093,26.05778288719275,0.026468652770958064,0.0006144716685161669,0.04397805434532796,0.042406809332832834
Dew,10.378456793577016,0.9922240529826648,0.007775947017335194,0.6043953953953954,0.39560460460460456,1164.0308442910036,26.102948908096142,0.02646853005920415,0.0006155956332891234,0.0439779179911891,0.0424027518983984
Dew,10.397396985440505,0.9921903565866884,0.007809643413311584,0.6033963963963964,0.3966036036036036,1164.0218049257294,26.148285510527685,0.026468406884788114,0.0006167238364556711,0.043977781133276835,0.042398694463963965
Dew,10.416406110336997,0.9921565354451712,0.00784346455482876,0.6023973973973974,0.3976026026026026,1164.0127317177178,26.19379367101906,0.026468283244994936,0.0006178563022670546,0.043977643768710564,0.04239463702952953
Dew,10.43548443518156,0.9921225888434378,0.007877411156562153,0.6013983983983985,0.3986016016016015,1164.0036215152656,26.239474049893392,0.026468159069896715,0.0006189930475243961,0.04397750589458762,0.042390579595095096
Dew,10.454632701800517,0.9920885160613668,0.007911483938633168,0.6003993993993995,0.39960060060060054,1163.99448298481,26.285328609848143,0.026468034558310233,0.0006201341197613945,0.04397736750798324,0.04238652216066066
Dew,10.47385094687854,0.9920543163732788,0.007945683626721212,0.5994004004004004,0.40059959959959957,1163.9853070617514,26.331357379038238,0.026467909505881536,0.0006212795208850706,0.043977228605950075,0.042382464726226234
Dew,10.49313968205035,0.9920199890479405,0.007980010952059469,0.5984014014014014,0.4015985985985986,1163.9760964995921,26.377561688097376,0.026467783977000756,0.0006224292835376664,0.04397708918551821,0.042378407291791785
Bubble,10.500433928595879,0.9920070070070071,0.007992992992992942,0.5980245653502858,0.4019754346497142,1163.9726101596264,26.395036062969087,0.02646773643435227,0.000622864120092571,0.043977036458958965,0.04237687677217018
Dew,10.512499303925281,0.991985533348483,0.00801446665151695,0.5974024024024024,0.4025975975975976,1163.9668510953506,26.42394255181911,0.0264676579688445,0.0006235834329203563,0.04397694924369487,0.04237434985735736
Dew,10.531930212076674,0.9919509485323525,0.00804905146764745,0.5964034034034035,0.4035965965965965,1163.957570644455,26.470500992803853,0.02646753147856703,0.000624741994428222,0.04397680877746415,0.04237029242292293
Dew,10.551432809107038,0.9919162338512548,0.008083766148745175,0.5954044044044045,0.40459559559559555,1163.9482549407305,26.517238041636745,0.02646740450330004,0.0006259049936545425,0.04397666778378687,0.04236623498848849
Dew,10.571007500665477,0.9918813885510983,0.008118611448901691,0.5944054054054054,0.40559459459459457,1163.938903776383,26.564154736934537,0.02646727704015252,0.0006270724563919956,0.04397652625960029,0.042362177554054053
Dew,10.590654695463327,0.9918464118719383,0.008153588128061662,0.5934064064064064,0.4065935935935936,1163.9295169419815,26.611252125387562,0.026467149086210395,0.0006282444086337449,0.04397638420181788,0.042358120119619626
Dew,10.610374805318845,0.9918113030479205,0.008188696952079466,0.5924074074074074,0.4075925925925926,1163.920094226445,26.65853126188147,0.026467020638536436,0.0006294208765764099,0.04397624160732913,0.042354062685185184
Dew,10.630168125683927,0.9917760613072141,0.008223938692785926,0.5914084084084085,0.40859159159159153,1163.9106324772436,26.705992882037332,0.02646689162732045,0.0006306018788879348,0.043976098472999256,0.04235000525075076
Dew,10.650035433188805,0.9917406858719865,0.008259314128013506,0.5904094094094094,0.40959059059059055,1163.9011402992742,26.75363903999504,0.026466762250126282,0.0006317874653802552,0.04397595479566908,0.042345947816316315
Dew,10.669976790623263,0.9917051759582807,0.008294824041719329,0.5894104104104104,0.4105895895895896,1163.8916086570673,26.801469833037665,0.02646663230339732,0.0006329776396687766,0.043975810572154564,0.04234189038188188
Dew,10.68999262212884,0.9916695307760122,0.008330469223987835,0.5884114114114114,0.4115885885885886,1163.8820373391718,26.849486348612654,0.026466501784246026,0.0006341724287575141,0.04397566579924678,0.04233783294744745
Dew,10.710083715179508,0.9916337495289044,0.008366250471095626,0.5874124124124125,0.4125875875875875,1163.8724349261095,26.89769066938744,0.02646637088972868,0.0006353718831697242,0.04397552047371165,0.04233377551301302
Dew,10.730250141159816,0.9915978314143774,0.008402168585622594,0.5864134134134135,0.41358658658658654,1163.8627923964193,26.946082915453275,0.026466239416650408,0.0006365760070840075,0.0439753745922895,0.042329718078578576
Dew,10.750492454369944,0.9915617756235422,0.008438224376457804,0.5854144144144144,0.41458558558558556,1163.8531124603576,26.9946645298804,0.026466107428609144,0.0006377848359377038,0.04397522815169502,0.04232566064414415
Dew,10.770811092538217,0.9915255813411098,0.008474418658890204,0.5844154154154154,0.4155845845845846,1163.8433948930146,27.04343663598066,0.02646597492247309,0.0006389983976263019,0.043975081148616924,0.042321603209709714
Dew,10.791206496799685,0.9914892477453301,0.008510752254669907,0.5834164164164164,0.4165835835835836,1163.833639467675,27.0924003660765,0.026465841895085072,0.0006402167202689169,0.043974933579717664,0.04231754577527528
Dew,10.811679111693842,0.9914527740079327,0.008547225992067253,0.5824174174174175,0.4175825825825825,1163.823845955803,27.141556861494053,0.02646570834326233,0.000641439832208235,0.04397478544163322,0.04231348834084084
Dew,10.832229264549502,0.9914161592940501,0.008583840705949863,0.5814184184184185,0.41858158158158154,1163.8140112119745,27.190906942217154,0.026465574197506943,0.0006426677542027625,0.04397463673097279,0.0423094309064064
Dew,10.852857768836015,0.9913794027621832,0.00862059723781683,0.5804194194194194,0.41958058058058056,1163.8041437490529,27.240452759369333,0.026465439653451005,0.0006439005384839964,0.0439744874443186,0.042305373471971976
Dew,10.873564717551087,0.9913425035640772,0.00865749643592284,0.5794204204204204,0.4205795795795796,1163.7942345877973,27.290194490495473,0.026465304508965837,0.0006451381906482194,0.043974337578225504,0.04230131603753754
Dew,10.89435056897242,0.9913054608447032,0.008694539155296832,0.5784214214214215,0.4215785785785785,1163.7842835014962,27.340133313331002,0.02646516876097441,0.00064638073994056,0.043974187129220764,0.0422972586031031
Dew,10.91521614805324,0.9912682737421922,0.008731726257807826,0.5774224224224225,0.4225775775775775,1163.774298969356,27.390271409276462,0.026465032604394836,0.0006476282393484917,0.04397403609380392,0.04229320116866867
Dew,10.93616143661424,0.9912309413877067,0.008769058612293268,0.5764234234234235,0.42357657657657655,1163.7642691353044,27.440608650735374,0.02646489577172499,0.0006488806872795923,0.043973884468446175,0.04228914373423424
Dew,10.957187388350498,0.9911934629054552,0.00880653709454482,0.5754244244244244,0.42457557557557557,1163.7542053602708,27.49114757085903,0.026464758523450285,0.000650138145064852,0.0439737322495905,0.0422850862997998
Dew,10.978294113034895,0.9911558374125387,0.008844162587461346,0.5744254254254254,0.4255745745745746,1163.7440987033585,27.541888391865598,0.026464620658394642,0.0006514006194023018,0.043973579433651024,0.04228102886536536
Dew,10.999482208624677,0.9911180640189377,0.00888193598106235,0.5734264264264265,0.4265735735735735,1163.7339518177541,27.592832672248452,0.026464482239057657,0.0006526681486001814,0.043973426017012915,0.042276971430930926
Dew,11.020752155733993,0.9910801418274126,0.008919858172587447,0.5724274274274275,0.42757257257257253,1163.7237644556008,27.64398164890739,0.026464343261984463,0.0006539407633738822,0.04397327199603204,0.0422729139964965
Dew,11.04210443877697,0.9910420699334351,0.008957930066564868,0.5714284284284284,0.42857157157157155,1163.7135363669981,27.695336568825113,0.02646420372369142,0.0006552184946891313,0.043973117367034645,0.042268856562062064
Bubble,11.061206257387084,0.991008008008008,0.008991991991991966,0.5705379807497857,0.4294620192502143,1163.7043822527612,27.74128553785051,0.02646407880629926,0.000656361717857618,0.043972979024524524,0.04226524000881526
Dew,11.063539546024991,0.9910038474251133,0.008996152574886729,0.5704294294294294,0.4295705705705706,1163.7032672999821,27.74689868922383,0.02646406362066577,0.0006565013737658168,0.0439729621263171,0.04226479912762762
Dew,11.085057969616702,0.9909654733831172,0.009034526616882754,0.5694304304304305,0.4305695695695695,1163.6929570005018,27.798669277592566,0.02646392294936537,0.0006577894320787562,0.043972806270145534,0.042260741693193195
Dew,11.106660205630403,0.990926946880599,0.009073053119400987,0.5684314314314315,0.4315685685685685,1163.6826052123995,27.850649611885245,0.02646378170621838,0.0006590827013625068,0.043972649794755556,0.04225668425875877
Dew,11.128346754095285,0.9908882669831187,0.009111733016881285,0.5674324324324325,0.43256756756756753,1163.6722116773876,27.902840980551463,0.02646363988762294,0.0006603812136122182,0.04397249269635194,0.042252626824324326
Dew,11.150118119043594,0.990849432748564,0.009150567251436037,0.5664334334334334,0.43356656656656656,1163.6617761350276,27.955244682679258,0.026463497489946877,0.0006616850010871364,0.04397233497110829,0.0422485693898899
Dew,11.171974808551383,0.9908104432270695,0.00918955677293054,0.5654344344344344,0.4345655655655656,1163.6512983227017,28.007862028106707,0.02646335450952725,0.0006629940963133739,0.043972176615166746,0.04224451195545545
Dew,11.19391733478725,0.9907712974609398,0.009228702539060163,0.5644354354354355,0.4355645645645645,1163.640777975601,28.060694337555468,0.026463210942670293,0.0006643085320871966,0.04397201762463761,0.04224045452102102
Dew,11.215946214017942,0.9907319944845637,0.009268005515436273,0.5634364364364365,0.4365635635635635,1163.6302148266893,28.11374294264627,0.02646306678565076,0.0006656283414755235,0.04397185799559906,0.042236397086586594
Dew,11.23806196670601,0.9906925333243332,0.009307466675666842,0.5624374374374375,0.43756256256256254,1163.619608606689,28.167009186166318,0.026462922034711834,0.0006669535578223862,0.04397169772409679,0.04223233965215216
Dew,11.260265117518893,0.9906529129985622,0.009347087001437826,0.5614384384384384,0.43856156156156156,1163.6089590440577,28.220494422094507,0.026462776686064768,0.0006682842147496598,0.04397153680614367,0.04222828221771772
Dew,11.282556195365803,0.9906131325173965,0.009386867482603534,0.5604394394394395,0.4395605605605605,1163.5982658649527,28.27420001570258,0.026462630735888327,0.000669620346159592,0.043971375237719414,0.04222422478328329
Dew,11.304935733453206,0.990573190882733,0.00942680911726701,0.5594404404404405,0.4405595595595595,1163.5875287932195,28.328127343707354,0.026462484180328677,0.0006709619862385443,0.04397121301477022,0.04222016734884885
Dew,11.327404269330223,0.9905330870881304,0.00946691291186963,0.5584414414414415,0.4415585585585585,1163.5767475503635,28.3822777943954,0.02646233701549899,0.0006723091694600798,0.04397105013320844,0.04221610991441442
Dew,11.349962344935271,0.9904928201187206,0.00950717988127936,0.5574424424424425,0.44255755755755755,1163.5659218555172,28.436652767751028,0.026462189237478898,0.0006736619305881359,0.043970886588912184,0.04221205247997998
Dew,11.372610506628948,0.9904523889511214,0.00954761104887858,0.5564434434434434,0.44355655655655657,1163.5550514254248,28.491253675546886,0.02646204084231437,0.0006750203046793082,0.04397072237772498,0.042207995045545545
Dew,11.395349305255667,0.9904117925533443,0.009588207446655672,0.5554444444444445,0.4445555555555555,1163.5441359744132,28.54608194151317,0.02646189182601725,0.0006763843270870011,0.04397055749545541,0.04220393761111112
Dew,11.418179296175172,0.990371029884706,0.009628970115293956,0.5544454454454455,0.4455545545545545,1163.5331752143654,28.601139001424453,0.026461742184564905,0.0006777540334636288,0.04397039193787674,0.04219988017667668
Dew,11.4411010393194,0.9903300998957302,0.009669900104269824,0.5534464464464465,0.44655355355355353,1163.5221688546897,28.65642630325598,0.026461591913899705,0.0006791294597644622,0.04397022570072651,0.04219582274224224
Dew,11.464115099239788,0.9902890015280612,0.009710998471938792,0.5524474474474474,0.44755255255255255,1163.5111166023034,28.711945307313844,0.02646144100992892,0.0006805106422508599,0.04397005877970622,0.04219176530780781
Dew,11.487222045146279,0.9902477337143618,0.00975226628563819,0.5514484484484484,0.4485515515515516,1163.5000181615953,28.767697486342573,0.026461289468524073,0.0006818976174929666,0.04396989117048088,0.04218770787337338
Dew,11.510422450964395,0.9902062953782205,0.009793704621779531,0.5504494494494495,0.4495505505505505,1163.4888732344014,28.82368432568211,0.026461137285520624,0.0006832904223735816,0.043969722868678646,0.042183650438938944
Dew,11.533716895383277,0.9901646854340553,0.009835314565944664,0.5494504504504505,0.4505495495495495,1163.4776815199828,28.8799073234002,0.026460984456717716,0.0006846890940914489,0.04396955386989042,0.0421795930045045
Dew,11.557105961910905,0.990122902787012,0.009877097212988017,0.5484514514514515,0.45154854854854853,1163.4664427149894,28.936367990444506,0.026460830977877575,0.0006860936701650149,0.04396938416966945,0.04217553557007007
Dew,11.58059023890756,0.9900809463328639,0.00991905366713608,0.5474524524524524,0.45254754754754756,1163.4551565134343,28.993067850735244,0.02646067684472517,0.0006875041884347798,0.04396921376353093,0.04217147813563564
Dew,11.604170319650976,0.9900388149579147,0.009961185042085319,0.5464534534534535,0.45354654654654647,1163.4438226066668,29.050008441344517,0.026460522052947858,0.0006889206870677053,0.04396904264695157,0.042167420701201205
Bubble,11.620850709656985,0.990009009009009,0.009990990990990989,0.5457492159787811,0.4542507840212189,1163.4358012632142,29.09029348954263,0.026460412472918932,0.000689922844813159,0.04396892159009009,0.04216456044069783
Dew,11.627846802397046,0.9899965075388893,0.010003492461110652,0.5454544544544545,0.4545455455455455,1163.4324406833423,29.10719131266368,0.026460366598194913,0.0006903432045613406,0.0439688708153692,0.042163363266766764
Dew,11.651620290407765,0.9899540229428342,0.010045977057165811,0.5444554554554555,0.4555445445445445,1163.421010429386,29.16461802848109,0.026460210476077006,0.0006917717797458253,0.04396869826418232,0.042159305832332336
Dew,11.675491392016253,0.9899113600270125,0.010088639972987479,0.5434564564564565,0.45654354354354354,1163.4095315279762,29.222290166161343,0.026460053682166036,0.0006932064517883029,0.043968524988749716,0.0421552483978979
Dew,11.699460720698143,0.9898685176387944,0.010131482361205646,0.5424574574574574,0.45754254254254256,1163.3980036595021,29.28020931684199,0.026459896211994443,0.0006946472601977484,0.04396835098438996,0.04215119096346347
Dew,11.723528895086769,0.9898254946155484,0.010174505384451638,0.5414584584584585,0.4585415415415415,1163.3864265015352,29.338377085476743,0.026459738061054817,0.0006960942448261589,0.04396817624638106,0.04214713352902903
Dew,11.747696539086787,0.9897822897845361,0.010217710215463915,0.5404594594594595,0.4595405405405405,1163.3747997288071,29.396795091147695,0.02645957922479968,0.0006975474458761264,0.043968000769959895,0.04214307609459459
Dew,11.771964281855249,0.9897389019627945,0.01026109803720554,0.5394604604604605,0.4605395395395395,1163.3631230131593,29.455464967015555,0.026459419698640563,0.0006990069038998261,0.043967824550321895,0.04213901866016016
Dew,11.796332757920748,0.9896953299570294,0.010304670042970643,0.5384614614614615,0.46153853853853855,1163.3513960235273,29.51438836064712,0.026459259477947975,0.0007004726598069574,0.04396764758262048,0.042134961225725735
Dew,11.820802607218218,0.9896515725634971,0.010348427436502883,0.5374624624624625,0.46253753753753746,1163.3396184259034,29.573566934112414,0.02645909855805079,0.0007019447548672203,0.043967469861966646,0.042130903791291294
Dew,11.845374475143185,0.9896076285678916,0.01039237143210836,0.5364634634634635,0.4635365365365365,1163.3277898833016,29.633002364135116,0.026458936934235757,0.0007034232307140609,0.04396729138342849,0.04212684635685686
Dew,11.870049012622626,0.9895634967452247,0.010436503254775298,0.5354644644644645,0.4645355355355355,1163.3159100557252,29.6926963422884,0.02645877460174701,0.0007049081293494944,0.04396711214203073,0.04212278892242243
Dew,11.89482687615143,0.9895191758597083,0.010480824140291722,0.5344654654654655,0.4655345345345345,1163.3039786001311,29.752650575096904,0.026458611555785584,0.0007063994931467056,0.04396693213275421,0.04211873148798799
Dew,11.91970872788543,0.9894746646646346,0.010525335335365371,0.5334664664664664,0.46653353353353355,1163.2919951703982,29.812866784293387,0.026458447791508976,0.0007078973648563199,0.04396675135053542,0.042114674053553555
Dew,11.944695235682698,0.9894299619022551,0.010570038097744927,0.5324674674674675,0.46753253253253246,1163.2799594172932,29.873346706934086,0.02645828330403064,0.0007094017876093258,0.043966569790266016,0.04211061661911912
Dew,11.969787073166682,0.9893850663036509,0.010614933696349138,0.5314684684684685,0.4685315315315315,1163.267870988429,29.93409209557388,0.02645811808841937,0.0007109128049214179,0.04396638744679228,0.042106559184684686
Dew,11.994984919795506,0.989339976588614,0.010660023411386055,0.5304694694694695,0.4695305305305305,1163.2557295282343,29.99510471845847,0.026457952139698874,0.0007124304606977466,0.04396620431491466,0.04210250175025026
Dew,12.020289460918061,0.9892946914655181,0.010705308534481928,0.5294704704704705,0.47052952952952953,1163.2435346779166,30.056386359680403,0.0264577854528473,0.0007139547992368123,0.043966020389387205,0.04209844431581582
Dew,12.045701387848826,0.9892492096311892,0.01075079036881077,0.5284714714714714,0.47152852852852856,1163.2312860754266,30.11793881938659,0.02645761802279667,0.0007154858652355843,0.043965835664917075,0.04209438688138138
Dew,12.071221397928742,0.9892035297707733,0.010796470229226696,0.5274724724724725,0.47252752752752747,1163.218983355413,30.17976391394768,0.026457449844432206,0.0007170237037937175,0.043965650136164,0.042090329446946954
Dew,12.096850194575197,0.9891576505576081,0.01084234944239193,0.5264734734734735,0.4735265265265265,1163.2066261491932,30.241863476097908,0.02645728091259198,0.0007185683604170693,0.04396546379773973,0.04208627201251252
Dew,12.122588487390153,0.9891115706530843,0.010888429346915696,0.5254744744744745,0.4745255255255255,1163.1942140847118,30.30423935523378,0.0264571112220663,0.0007201198810249922,0.043965276644207504,0.04208221457807808
Dew,12.148436992188113,0.9890652887065129,0.01093471129348711,0.5244754754754755,0.47552452452452454,1163.1817467865035,30.366893417494104,0.026456940767597165,0.0007216783119524367,0.043965088670081504,0.042078157143643644
Dew,12.174396431085551,0.9890188033549844,0.010981196645015623,0.5234764764764765,0.47652352352352345,1163.1692238756473,30.429827546007814,0.026456769543877587,0.00072324369995604,0.04396489986982627,0.04207409970920921
Bubble,12.179306595955028,0.9890100100100101,0.010989989989989901,0.5232879946293254,0.4767120053706746,1163.1668523240714,30.44173260555206,0.02645673709364666,0.0007235398190203844,0.043964864155655654,0.042073334190187
Dew,12.200467532558772,0.9889721132232316,0.011027886776768359,0.5224774774774775,0.4775225225225225,1163.1566449697325,30.4930436410559,0.026456597545551148,0.0007248160922181802,0.043964710237856156,0.04207004227477478
Dew,12.226651031537912,0.9889252169234853,0.01107478307651466,0.5214784784784785,0.4785215215215215,1163.144009682817,30.556543620331983,0.026456424767211384,0.0007263955363533756,0.04396451976853474,0.04206598484034034
Dew,12.252947669437951,0.9888781130553332,0.011121886944666759,0.5204794794794795,0.4795205205205205,1163.1313176253827,30.62032941903119,0.026456251203401136,0.0007279820804106042,0.04396432845617424,0.042061927405905905
Dew,12.279358194293836,0.9888308002055708,0.011169199794429208,0.5194804804804805,0.48051951951951954,1163.1185684043005,30.684402990223465,0.026456076848612103,0.0007295757728823924,0.04396413629503493,0.04205786997147148
Dew,12.305883360758143,0.9887832769480543,0.011216723051945654,0.5184814814814815,0.48151851851851846,1163.1057616227763,30.74876630485143,0.026455901697283932,0.0007311766627049761,0.04396394327932453,0.04205381253703704
Dew,12.332523930246458,0.9887355418435549,0.011264458156445056,0.5174824824824825,0.4825175175175175,1163.0928968803223,30.8134213521321,0.026455725743804,0.0007327847992680688,0.0439637494031976,0.0420497551026026
Dew,12.35928067097105,0.9886875934395992,0.011312406560400778,0.5164834834834835,0.4835165165165165,1163.0799737727002,30.878370139653498,0.026455548982506415,0.0007344002324173777,0.04396355466075493,0.04204569766816817
Dew,12.386154358025674,0.9886394302703223,0.011360569729677694,0.5154844844844845,0.4845155155155155,1163.066991891887,30.943614693611103,0.026455371407671655,0.0007360230124604486,0.04396335904604292,0.04204164023373373
Dew,12.413145773483079,0.9885910508563042,0.011408949143695835,0.5144854854854856,0.48551451451451444,1163.0539508260215,31.009157059079218,0.026455193013525752,0.0007376531901733439,0.043963162553052874,0.042037582799299304
Dew,12.440255706438958,0.9885424537044214,0.011457546295578602,0.5134864864864865,0.48651351351351346,1163.0408501593706,31.074999300136117,0.026455013794239812,0.0007392908168038457,0.043962965175720514,0.04203352536486487
Dew,12.467484953134125,0.988493637307672,0.011506362692327965,0.5124874874874875,0.4875125125125125,1163.0276894722645,31.141143500203096,0.026454833743929047,0.0007409359440797512,0.04396276690792511,0.04202946793043043
Dew,12.494834316984548,0.9884446001450259,0.011555399854974113,0.5114884884884885,0.4885115115115115,1163.0144683410667,31.207591762132182,0.026454652856652397,0.0007425886242111902,0.043962567743489035,0.042025410495996
Dew,12.522304608740757,0.9883953406812506,0.011604659318749433,0.5104894894894895,0.48951051051051053,1163.0011863381246,31.27434620864689,0.02645447112641188,0.0007442489099013485,0.043962367676176894,0.042021353061561566
Dew,12.549896646464891,0.9883458573667471,0.011654142633252929,0.5094904904904906,0.49050950950950944,1162.987843031706,31.34140898228578,0.026454288547151462,0.0007459168543453616,0.04396216669969504,0.042017295627127124
Dew,12.577611255731698,0.9882961486373797,0.01170385136262031,0.5084914914914915,0.49150850850850847,1162.974437985973,31.40878224595727,0.02645410511275697,0.0007475925112437573,0.04396196480769072,0.042013238192692696
Dew,12.605449269625206,0.9882462129142995,0.011753787085700518,0.5074924924924925,0.4925075075075075,1162.9609707609116,31.476468182936916,0.02645392081705485,0.0007492759348026372,0.04396176199375143,0.04200918075825826
Dew,12.633411528872463,0.9881960486037756,0.011803951396224366,0.5064934934934935,0.4935065065065065,1162.947440912294,31.544468997239147,0.026453735653811743,0.000750967179742768,0.043961558251404236,0.04200512332382383
Dew,12.661498881905548,0.98814565409701,0.011854345902989949,0.5054944944944946,0.4945055055055054,1162.9338479916214,31.612786913793364,0.026453549616733626,0.0007526663013040251,0.04396135357411501,0.04200106588938939
Dew,12.68971218498541,0.9880950277699644,0.011904972230035615,0.5044954954954955,0.49550450450450445,1162.9201915460785,31.681424178788927,0.026453362699465188,0.000754373355253856,0.043961147955287716,0.04199700845495496
Dew,12.71805230225636,0.9880441679831697,0.011955832016830259,0.5034964964964965,0.4965035035035035,1162.9064711184694,31.750383059831265,0.02645317489558887,0.000756088397891254,0.04396094138826364,0.04199295102052052
Bubble,12.736526154588255,0.9880110110110111,0.011988988988988925,0.5028476915906853,0.4971523084093147,1162.8975234451177,31.795341781989524,0.026453052393229894,0.000757206539197463,0.04396080672122122,0.041990315899395565
Dew,12.746520105856245,0.9879930730815472,0.012006926918452843,0.5024974974974975,0.4975025025025025,1162.892686247177,31.819665846249986,0.02645298619862428,0.0007578114860543529,0.04396073386632071,0.041988893586086096
Dew,12.775116476014707,0.9879417413942175,0.012058258605782468,0.5014984984984985,0.4985015015015015,1162.8788364661011,31.889274849374875,0.02645279660202739,0.0007595426771272604,0.04396052538267262,0.04198483615165165
Dew,12.803842301137694,0.9878901712343061,0.012109828765693886,0.5004994994994995,0.49950050050050054,1162.8649213046028,31.95921240277449,0.02645260609918959,0.0007612820290460055,0.04396031593046814,0.04198077871721722
Dew,12.832698477910679,0.9878383608987549,0.012161639101245108,0.49950050050050054,0.5004994994994995,1162.8509402874533,32.02948086254607,0.02645241468343708,0.0007630296003057132,0.0439601055027903,0.041976721282782785
Dew,12.861685911384466,0.9877863086681228,0.012213691331877196,0.4985015015015015,0.5014984984984985,1162.8368929347728,32.100082607558264,0.026452222348029922,0.0007647854499666554,0.04395989409265559,0.04197266384834835
Dew,12.89080551510435,0.9877340128063853,0.012265987193614767,0.49750250250250255,0.5024974974974974,1162.8227787619794,32.17102003981226,0.026452029086161375,0.0007665496376631309,0.04395968169301314,0.041968606413913916
Dew,12.920058211166003,0.9876814715607308,0.012318528439269132,0.49650350350350353,0.5034964964964965,1162.8085972797173,32.2422955846034,0.026451834890956743,0.0007683222236075924,0.04395946829674391,0.04196454897947948
Dew,12.949444930353717,0.9876286831613619,0.01237131683863813,0.4955045045045045,0.5044954954954954,1162.794347993814,32.31391169090767,0.026451639755472867,0.0007701032686001387,0.043959253896659875,0.041960491545045046
Dew,12.978966612237004,0.9875756458212755,0.012424354178724489,0.49450550550550554,0.5054944944944945,1162.780030405211,32.385870831654906,0.02645144367269713,0.0007718928340353082,0.043959038485503116,0.04195643411061062
Dew,13.0086242052592,0.9875223577360601,0.01247764226393986,0.4935065065065065,0.5064934934934935,1162.7656440098983,32.45817550398041,0.026451246635546398,0.0007736909819083666,0.043958822055945014,0.04195237667617618
Dew,13.038418666863897,0.9874688170836768,0.012531182916323108,0.49250750750750755,0.5074924924924924,1162.751188298864,32.53082822958013,0.02645104863686644,0.0007754977748240626,0.04395860460058536,0.04194831924174174
Dew,13.068350963589124,0.9874150220242409,0.012584977975759075,0.4915085085085085,0.5084914914914915,1162.7366627580216,32.60383155497809,0.026450849669430773,0.0007773132760032987,0.043958386111951464,0.041944261807307315
Dew,13.098422071181039,0.9873609706998012,0.012639029300198786,0.49050950950950956,0.5094904904904904,1162.7220668681498,32.6771880518474,0.026450649725939867,0.0007791375492910846,0.043958166582497245,0.04194020437287287
Dew,13.12863297471663,0.9873066612341145,0.012693338765885529,0.48951051051051053,0.5104894894894895,1162.7074001048286,32.750900317356106,0.02645044879902018,0.0007809706591650845,0.043957946004602365,0.04193614693843844
Dew,13.158984668701823,0.9872520917324185,0.012747908267581503,0.4885115115115115,0.5114884884884885,1162.6926619383714,32.82497097444636,0.026450246881223223,0.0007828126707425818,0.04395772437057122,0.041932089504004004
Dew,13.189478157182355,0.9871972602811989,0.012802739718801076,0.48751251251251254,0.5124874874874874,1162.677851833758,32.8994026721486,0.02645004396502453,0.0007846636497882821,0.04395750167263209,0.04192803206956957
Dew,13.22011445387735,0.9871421649479519,0.012857835052048102,0.4865135135135135,0.5134864864864865,1162.6629692505633,32.97419808595822,0.026449840042822668,0.0007865236627236102,0.043957277902936104,0.04192397463513514
Dew,13.250894582301546,0.9870868037809505,0.012913196219049542,0.48551451451451455,0.5144854854854854,1162.648013642901,33.049359918181345,0.026449635106938485,0.0007883927766352773,0.043957053053556336,0.0419199172007007
Dew,13.281819575845734,0.9870311748089967,0.01296882519100327,0.4845155155155155,0.5154844844844845,1162.6329844593345,33.12489089816724,0.026449429149613703,0.0007902710592811467,0.04395682711648674,0.041915859766266265
Bubble,13.292471419965388,0.987012012012012,0.012987987987987948,0.48417250079725316,0.5158274992027468,1162.6278048153254,33.150910426426435,0.026449358145890157,0.0007909181031292157,0.043956749286786785,0.04191446661198805
Dew,13.312890477937438,0.9869752760411783,0.013024723958821672,0.48351651651651656,0.5164834834834835,1162.61788114282,33.2007937827598,0.026449222163010197,0.000792158579101332,0.043956600083641245,0.04191180233183184
Dew,13.344108342164642,0.9869191054666179,0.013080894533382091,0.48251751751751754,0.5174824824824824,1162.6027031306314,33.27707135664871,0.026449014139208894,0.0007940554052269065,0.04395637194685267,0.041907744897397396
Dew,13.375474232370033,0.9868626610542179,0.013137338945782097,0.48151851851851857,0.5184814814814814,1162.5874498542812,33.35372643264046,0.02644880507020858,0.0007959616074867044,0.04395614269787171,0.04190368746296296
Dew,13.406989222805784,0.9868059407524044,0.013194059247595652,0.48051951951951954,0.5194804804804805,1162.5721207394504,33.43076185209504,0.026448594947924953,0.0007978772564180822,0.0439559123283659,0.041899630028528534
Dew,13.438654398249332,0.9867489424888628,0.013251057511137188,0.4795205205205205,0.5204794794794795,1162.5567152059107,33.50818048525645,0.02644838376418946,0.0007998024232751509,0.04395568082991851,0.04189557259409409
Dew,13.470470854143368,0.9866916641702755,0.013308335829724485,0.47852152152152155,0.5214784784784785,1162.541232667452,33.585985231649985,0.026448171510748276,0.0008017371800386044,0.04395544819402758,0.041891515159659665
Dew,13.502439696724842,0.9866341036820473,0.013365896317952724,0.47752252252252253,0.5224774774774774,1162.525672531799,33.6641790204495,0.026447958179261117,0.000803681599424843,0.04395521441210464,0.04188745772522522
Dew,13.534562043153166,0.9865762588880335,0.013423741111966578,0.47652352352352356,0.5234764764764764,1162.5100342005296,33.742764810843504,0.02644774376129998,0.000805635754895067,0.04395497947547375,0.04188340029079079
Dew,13.566839021654353,0.9865181276302633,0.013481872369736797,0.47552452452452454,0.5244754754754755,1162.4943170690035,33.82174559244466,0.026447528248348222,0.0008075997206654177,0.04395474337537032,0.04187934285635636
Dew,13.59927177166939,0.9864597077286497,0.01354029227135032,0.47452552552552557,0.5254744744744744,1162.478520526269,33.90112438571162,0.026447311631799142,0.0008095735717174172,0.04395450610293991,0.04187528542192192
Dew,13.631861443973104,0.9864009969807116,0.01359900301928845,0.47352652652652655,0.5264734734734735,1162.462643954991,33.980904242290734,0.02644709390295497,0.0008115573838064973,0.04395426764923716,0.041871227987487485
Dew,13.66460920084069,0.9863419931612708,0.013658006838729198,0.4725275275275276,0.5274724724724724,1162.4466867313533,34.06108824548826,0.026446875053025436,0.0008135512334736563,0.04395402800522451,0.04186717055305306
Dew,13.69751621617279,0.9862826940221672,0.013717305977832802,0.47152852852852856,0.5284714714714714,1162.4306482249847,34.14167951062994,0.026446655073126733,0.0008155551980544281,0.043953787161771035,0.04186311311861862
Dew,13.730583675660009,0.9862230972919439,0.01377690270805604,0.47052952952952953,0.5294704704704705,1162.4145277988616,34.222681185528884,0.026446433954280084,0.000817569355690444,0.04395354510965123,0.04185905568418419
Dew,13.763812776932253,0.9861632006755552,0.013836799324444841,0.46953053053053057,0.5304694694694694,1162.3983248092288,34.30409645091231,0.026446211687410615,0.00081959378534002,0.04395330183954377,0.04185499824974975
Dew,13.797204729692217,0.9861030018540415,0.013896998145958414,0.46853153153153154,0.5314684684684685,1162.3820386054988,34.38592852080572,0.026445988263345876,0.000821628566787732,0.04395305734203019,0.04185094081531532
Dew,13.830760755896614,0.9860424984842258,0.013957501515774214,0.4675325325325326,0.5324674674674674,1162.3656685301696,34.46818064304793,0.02644576367281471,0.0008236737806571239,0.04395281160759368,0.041846883380880884
Bubble,13.847111945760279,0.986013013013013,0.013986986986986971,0.46704750936648615,0.5329524906335139,1162.357688295619,34.508266974712065,0.026445654163805433,0.000824670530344931,0.04395269185235235,0.04184491345929199
Dew,13.864482089895722,0.9859816881983807,0.01401831180161932,0.46653353353353355,0.5334664664664664,1162.3492139187229,34.550856099692815,0.026445537906445684,0.0008257295084207162,0.04395256462661773,0.04184282594644645
Dew,13.898369978601401,0.9859205686039109,0.01407943139608918,0.4655345345345346,0.5344654654654655,1162.3326740995358,34.63395820748932,0.026445310954765933,0.0008277958324118893,0.043952316389384787,0.04183876851201201
Dew,13.932425681641655,0.9858591372830158,0.014140862716984197,0.46453553553553556,0.5354644644644644,1162.316048393778,34.717490318325545,0.026445082808199547,0.0008298728358359167,0.043952066886074975,0.04183471107757758
Dew,13.966650471542332,0.9857973917923567,0.014202608207643293,0.46353653653653654,0.5364634634634635,1162.2993361153228,34.801455819747254,0.02644485345706642,0.0008319606027827845,0.04395181610676466,0.04183065364314315
Dew,14.001045633867202,0.9857353296627088,0.01426467033729115,0.46253753753753757,0.5374624624624624,1162.2825365706367,34.88585813536351,0.02644462289158051,0.000834059218237317,0.04395156404142509,0.04182659620870871
Dew,14.035612467422167,0.9856729483986162,0.014327051601383834,0.46153853853853855,0.5384614614614615,1162.2656490586855,34.970700725428145,0.026444391101848593,0.000836168768093514,0.04395131067992099,0.041822538774274276
Dew,14.070352284396805,0.9856102454780392,0.014389754521960762,0.4605395395395396,0.5394604604604605,1162.2486728708286,35.055987087250514,0.026444158077868686,0.0008382893391648155,0.04395105601200906,0.04181848133983985
Dew,14.10526641056024,0.9855472183519922,0.014452781648007748,0.45954054054054055,0.5404594594594594,1162.2316072907165,35.14172075575552,0.02644392380952859,0.00084042101919794,0.04395080002733661,0.04181442390540541
Dew,14.14035618543733,0.9854838644441765,0.014516135555823555,0.4585415415415416,0.5414584584584584,1162.2144515941814,35.227905303990546,0.026443688286604258,0.0008425638968854615,0.04395054271544002,0.04181036647097098
Dew,14.175622962479231,0.9854201811506115,0.014579818849388512,0.45754254254254256,0.5424574574574574,1162.1972050491286,35.314544343617534,0.026443451498758264,0.0008447180618780402,0.04395028406574321,0.04180630903653653
Dew,14.211068109246359,0.9853561658392544,0.014643834160745509,0.45654354354354354,0.5434564564564565,1162.1798669154275,35.40164152543997,0.026443213435538192,0.0008468836047974921,0.04395002406755614,0.0418022516021021
Dew,14.246693007633784,0.9852918158496182,0.01470818415038179,0.45554454454454457,0.5444554554554555,1162.1624364448028,35.48920054004614,0.02644297408637514,0.0008490606172526526,0.043949762710073226,0.041798194167667675
Dew,14.282499053999153,0.9852271284923769,0.01477287150762303,0.45454554554554555,0.5454544544544544,1162.144912880714,35.57722511818732,0.02644273344058185,0.0008512491918489025,0.04394949998237179,0.041794136733233234
Dew,14.318487659407623,0.9851621010489737,0.014837898951026314,0.4535465465465466,0.5464534534534534,1162.1272954582475,35.6657190314761,0.026442491487351266,0.0008534494222053621,0.04394923587341041,0.0417900792987988
Dew,14.354660249803914,0.9850967307712116,0.014903269228788336,0.45254754754754756,0.5474524524524524,1162.1095834039882,35.75468609288641,0.02644224821575456,0.0008556614029673508,0.043948970372027274,0.041786021864364364
Dew,14.391018266221465,0.9850310148808478,0.014968985119152253,0.4515485485485486,0.5484514514514514,1162.0917759359143,35.84413015735602,0.026442003614739733,0.0008578852298213047,0.04394870346693857,0.04178196442992993
Bubble,14.400423129759076,0.9850140140140141,0.014985985985985883,0.4512909621834174,0.5487090378165826,1162.0871670456233,35.86727037798961,0.02644194028863474,0.000858460557747025,0.04394863441791792,0.04178091824290795
Dew,14.427563164976442,0.9849649505691698,0.015035049430830272,0.45054954954954957,0.5494504504504505,1162.0738722632577,35.93405512234815,0.026441757673129472,0.000860120999508725,0.043948435146736686,0.0417779069954955
Dew,14.46429641788853,0.984898534996576,0.015101465003423967,0.4495505505505506,0.5504494494494494,1162.0558715863967,36.02446492848735,0.026441510379619684,0.000862368809841913,0.043948165399888585,0.04177384956106106
Dew,14.501219512469692,0.9848317652921403,0.015168234707859664,0.4485515515515516,0.5514484484484484,1162.0377730967189,36.11536356010878,0.026441261722777432,0.000864628759717639,0.04394789421473404,0.041769792126626626
Dew,14.538333952173945,0.9847646385531759,0.015235361446824086,0.44755255255255255,0.5524474474474474,1162.0195759764986,36.20675504597493,0.026441011691039264,0.0008669009491348304,0.043947621579483724,0.0417657346921922
Dew,14.575641256556954,0.9846971518447839,0.015302848155216079,0.4465535535535536,0.5534464464464464,1162.0012793987603,36.2986434597471,0.026440760272709078,0.0008691854792063977,0.0439473474822176,0.04176167725775776
Dew,14.61314296155341,0.9846293021994014,0.015370697800598656,0.44555455455455456,0.5544454454454455,1161.982882527153,36.39103292077955,0.026440507455956455,0.0008714824521787922,0.043947071910882866,0.04175761982332332
Dew,14.650840619677288,0.9845610866163401,0.015438913383659913,0.4445555555555556,0.5554444444444444,1161.96438451581,36.483927594703935,0.026440253228814513,0.0008737919714465544,0.043946794853292274,0.041753562388888894
Dew,14.688735800241968,0.9844925020613128,0.015507497938687269,0.44355655655655657,0.5564434434434434,1161.9457845092143,36.577331694069116,0.02643999757917803,0.0008761141415681985,0.043946516297122026,0.04174950495445446
Dew,14.726830089606581,0.9844235454659562,0.015576454534043783,0.4425575575575576,0.5574424424424425,1161.927081642056,36.67124947905362,0.02643974049480132,0.0008784490682838421,0.043946236229909987,0.041745447520020025
Dew,14.76512509139135,0.9843542137273451,0.015645786272654907,0.4415585585585586,0.5584414414414414,1161.9082750390883,36.76568525809447,0.02643948196329614,0.0008807968585308482,0.04394595463905361,0.04174139008558558
Dew,14.803622426765495,0.9842845037074943,0.015715496292505668,0.4405595595595596,0.5594404404404404,1161.889363814995,36.86064338871542,0.02643922197212986,0.0008831576204642481,0.04394567151180799,0.04173733265115115
Dew,14.842323734617644,0.9842144122328567,0.015785587767143304,0.4395605605605606,0.5604394394394394,1161.8703470742205,36.95612827803529,0.026438960508622825,0.0008855314634695172,0.04394538683528375,0.04173327521671672
Dew,14.88123067186536,0.9841439360938107,0.015856063906189332,0.43856156156156156,0.5614384384384384,1161.8512239108416,37.052144383657556,0.026438697559946663,0.0008879184981844888,0.04394510059644502,0.04172921778228229
Dew,14.920344913679537,0.9840730720441335,0.01592692795586648,0.4375625625625626,0.5624374374374375,1161.8319934083997,37.14869621432867,0.02643843311312174,0.0008903188365157422,0.043944812782107254,0.041725160347847845
Bubble,14.952384962585501,0.9840150150150151,0.015984984984984907,0.4367481873703929,0.5632518126296071,1161.816235244807,37.22780370138447,0.026438216385186144,0.0008922854867652161,0.04394457698348349,0.04172185276300486
Dew,14.959668153749625,0.9840018168004773,0.015998183199522686,0.4365635635635636,0.5634364364364364,1161.8126546397564,37.245788330709,0.026438167155015103,0.0008927325916576957,0.04394452337893514,0.04172110291341342
Dew,14.999202104533612,0.9839301670418212,0.016069832958178713,0.4355645645645646,0.5644354354354354,1161.7932066669223,37.343425346103466,0.026437899672337967,0.0008951598781107505,0.043944232373440355,0.04171704547897898
Dew,15.038948497550741,0.9838581194089262,0.01614188059107377,0.4345655655655656,0.5654344344344344,1161.7736485409107,37.44161192731039,0.02643763065164364,0.0008976008117022728,0.043943939751979355,0.04171298804454455
Dew,15.078909083608696,0.9837856705037721,0.016214329496227944,0.4335665665665666,0.5664334334334333,1161.7539793015594,37.540352795292414,0.02643736007932485,0.000900055509603326,0.043943645500751076,0.041708930610110106
Dew,15.119085633108128,0.9837128168889891,0.016287183111010847,0.4325675675675676,0.5674324324324325,1161.7341979773717,37.63965272606031,0.0264370879416115,0.0009025240903505157,0.04394334960579463,0.04170487317567567
Dew,15.15947993632296,0.9836395550872751,0.016360444912724932,0.43156856856856857,0.5684314314314314,1161.7143035853433,37.73951655149191,0.02643681422456812,0.0009050066738662935,0.04394305205298697,0.041700815741241244
Dew,15.200093803668187,0.9835658815808063,0.01643411841919373,0.4305695695695696,0.5694304304304304,1161.6942951307872,37.83994916011839,0.02643653891409131,0.0009075033814784873,0.04394275282804044,0.04169675830680681
Dew,15.240929066011654,0.9834917928106401,0.016508207189359813,0.4295705705705706,0.5704294294294294,1161.67417160717,37.94095549803227,0.026436261995907435,0.0009100143359427647,0.04394245191650042,0.04169270087237237
Dew,15.281987574938867,0.9834172851760902,0.01658271482390986,0.4285715715715716,0.5714284284284283,1161.6539319959056,38.0425405696685,0.02643598345556947,0.0009125396614620621,0.0439421493037427,0.04168864343793794
Dew,15.323271203077283,0.9833423550341167,0.01665764496588325,0.4275725725725726,0.5724274274274275,1161.6335752662008,38.14470943874983,0.026435703278454924,0.0009150794837099698,0.04394184497497107,0.04168458600350351
Dew,15.364781844395326,0.9832669986986828,0.016733001301317194,0.4265735735735736,0.5734264264264264,1161.6131003748458,38.24746722916457,0.026435421449762627,0.0009176339298525077,0.0439415389152147,0.04168052856906907
Dew,15.406521414507605,0.9831912124401101,0.016808787559889946,0.4255745745745746,0.5744254254254254,1161.592506266043,38.3508191258632,0.02643513795451038,0.0009202031285703624,0.04394123110932551,0.041676471134634636
Dew,15.448491850983523,0.9831149924844215,0.01688500751557855,0.42457557557557557,0.5754244244244244,1161.5717918711962,38.45477037576567,0.02643485277753177,0.0009227872100814005,0.04394092154197548,0.041672413700200195
Dew,15.490695113689252,0.9830383350126687,0.016961664987331367,0.4235765765765766,0.5764234234234233,1161.5509561087267,38.55932628876206,0.026434565903473577,0.0009253863061654282,0.04394061019765396,0.04166835626576577
Bubble,15.502981081476408,0.9830160160160161,0.01698398398398393,0.4232867897830718,0.5767132102169281,1161.5448878815816,38.589769252514266,0.026434482336627704,0.0009261430676102156,0.043940519549049054,0.04166717929670395
Dew,15.533133185125704,0.9829612361602494,0.017038763839750594,0.4225775775775776,0.5774224224224225,1161.5299978838693,38.66449223870379,0.026434277316792782,0.0009280005501887455,0.04394029706066485,0.04166429883133134
Dew,15.575808070683607,0.9828836920162123,0.0171163079837877,0.4215785785785786,0.5784214214214214,1161.5089160884563,38.77027366417018,0.026433987001753298,0.0009306300771233176,0.04393998211512385,0.04166024139689689
Dew,15.618721799088217,0.982805698622546,0.017194301377454032,0.4205795795795796,0.5794204204204204,1161.4877096007244,38.87667606975562,0.026433694942423362,0.0009332750235784551,0.04393966534495547,0.04165618396246246
Dew,15.661876422685486,0.9827272519734594,0.01727274802654058,0.4195805805805806,0.5804194194194194,1161.4663772850956,38.98370502692484,0.026433401122672177,0.0009359355278221487,0.04393934673389021,0.041652126528028036
Dew,15.705274017793718,0.9826483480146456,0.017351651985354367,0.4185815815815816,0.5814184184184183,1161.4449179919575,39.09136617504961,0.026433105526166786,0.0009386117298067663,0.043939026265461485,0.041648069093593594
Dew,15.748916685073564,0.9825689826425301,0.017431017357469866,0.41758258258258263,0.5824174174174174,1161.4233305574462,39.199665222497586,0.026432808136368856,0.000941303771196021,0.043938703923002635,0.04164401165915916
Dew,15.792806549903906,0.9824891517035105,0.017510848296489495,0.4165835835835836,0.5834164164164164,1161.4016138032216,39.30860794773937,0.026432508936531447,0.0009440117953923912,0.04393837968964381,0.041639954224724725
Dew,15.836945762725104,0.9824088509931744,0.017591149006825603,0.4155845845845846,0.5844154154154154,1161.3797665362333,39.41820020036856,0.026432207909695533,0.0009467359475624672,0.04393805354830878,0.04163589679029029
Dew,15.881336499442074,0.9823280762555102,0.017671923744489813,0.4145855855855856,0.5854144144144144,1161.3577875484934,39.528447902287716,0.026431905038686778,0.0009494763746662976,0.04393772548171176,0.04163183935585586
Dew,15.925980961791355,0.9822468231820971,0.017753176817902915,0.4135865865865866,0.5864134134134134,1161.3356756168318,39.63935704879821,0.02643160030611185,0.0009522332254844457,0.04393739547235409,0.041627781921421414
Dew,15.970881377747567,0.9821650874112802,0.01783491258871988,0.4125875875875876,0.5874124124124124,1161.3134295026582,39.75093370980025,0.02643129369435504,0.0009550066506477038,0.04393706350252092,0.041623724486986986
Dew,16.016040001915485,0.9820828645273346,0.017917135472665362,0.4115885885885886,0.5884114114114114,1161.2910479517095,39.86318403095589,0.026430985185574508,0.000957796802665942,0.04393672955427778,0.04161966705255256
Bubble,16.052198046483245,0.982017017017017,0.017982982982982954,0.41079281963054304,0.589207180369457,1161.2731205919404,39.953084832828296,0.026430738040823392,0.0009600314106043648,0.04393646211461462,0.04161643503692945
Dew,16.06145911593908,0.9820001500596036,0.017999849940396346,0.41058958958958963,0.5894104104104103,1161.2685296938,39.976114234901225,0.02643067476169866,0.0009606038359581519,0.043936393609467085,0.04161560961811812
Dew,16.107141028916228,0.9819169394816334,0.018083060518366573,0.4095905905905906,0.5904094094094094,1161.245873442565,40.089730622476615,0.026430362404422418,0.0009634279068829403,0.043936055649704646,0.04161155218368368
Dew,16.153088077821984,0.9818332282102779,0.01816677178972211,0.40859159159159164,0.5914084084084084,1161.2230778951928,40.20403957398297,0.02643004809520324,0.0009662691737696704,0.043935715656376044,0.04160749474924925
Dew,16.199302627928983,0.9817490116047957,0.018250988395204375,0.4075925925925926,0.5924074074074074,1161.2001417321617,40.319047550433126,0.026429731815257342,0.0009691277969495006,0.04393537361063288,0.04160343731481481
Dew,16.245787073267117,0.9816642849659246,0.01833571503407535,0.4065935935935936,0.5934064064064064,1161.1770636169645,40.43476109491344,0.026429413545555634,0.000972003938789092,0.04393502949338911,0.041599379880380385
Dew,16.292543837049493,0.9815790435349376,0.01842095646506239,0.4055945945945946,0.5944054054054053,1161.153842195829,40.55118683385609,0.026429093266819643,0.0009748977637221894,0.04393468328531715,0.041595322445945944
Dew,16.339575372141027,0.9814932824926832,0.018506717507316753,0.4045955955955956,0.5954044044044045,1161.1304760974338,40.66833147843113,0.026428770959517314,0.0009778094382840979,0.043934334966844034,0.04159126501151151
Dew,16.386884161524353,0.9814069969586054,0.018593003041394537,0.40359659659659664,0.5964034034034034,1161.1069639326226,40.78620182593426,0.026428446603858926,0.0009807391311460803,0.043933984518147375,0.04158720757707708
Dew,16.43447271875621,0.9813201819897417,0.018679818010258354,0.4025975975975976,0.5974024024024024,1161.0833042940985,40.904804761151794,0.02642812017979248,0.0009836870131492222,0.04393363191915134,0.04158315014264265
Dew,16.482343588470176,0.9812328325797051,0.01876716742029491,0.40159859859859864,0.5984014014014014,1161.0594957561302,41.02414725785576,0.026427791666999517,0.0009866532573414501,0.04393327714952247,0.041579092708208205
Dew,16.5304993468435,0.9811449436576439,0.01885505634235608,0.4005995995995996,0.5994004004004003,1161.0355368742398,41.144236380204184,0.026427461044890462,0.0009896380390122881,0.04393292018866553,0.04157503527377377
Dew,16.57894260213411,0.9810565100871796,0.018943489912820355,0.3996006006006006,0.6003993993993995,1161.0114261848903,41.26507928433704,0.02642712829260011,0.0009926415357323437,0.04393256101571908,0.04157097783933935
Bubble,16.60002476828233,0.981018018018018,0.018981981981981977,0.39916769650242734,0.6008323034975727,1161.0009295317411,41.31768078855231,0.026426983407432717,0.0009939489166932481,0.043932404680180184,0.041569219599344606
Dew,16.62767599516413,0.9809675266653267,0.019032473334673325,0.39860160160160163,0.6013983983983984,1160.987162205167,41.38668321982912,0.026426793388982933,0.0009956639273893738,0.04393219960955123,0.04156692040490491
Dew,16.67670219984582,0.980877988121382,0.019122011878617975,0.3976026026026026,0.6023973973973974,1160.9627434324377,41.50905553126317,0.026426456312608048,0.0009987053962272638,0.043931835948755,0.04156286297047047
Dew,16.726023923707963,0.9807878891158079,0.019212110884192078,0.39660360360360364,0.6033963963963964,1160.9381683440347,41.63220365980778,0.026426117041754644,0.001001766126885146,0.04393147001164385,0.04155880553603604
Dew,16.775643908478063,0.9806972242390714,0.019302775760928665,0.3956046046046046,0.6043953953953953,1160.9134353969043,41.75613514495218,0.026425775554406786,0.001004846306440318,0.04393110177624699,0.041554748101601605
Dew,16.825564930547564,0.9806059880104786,0.019394011989521377,0.39460560560560565,0.6053943943943944,1160.8885430272533,41.88085762592462,0.026425431828248205,0.0010079461244435664,0.04393073122030456,0.04155069066716718
Dew,16.87578980164639,0.9805141748769703,0.019485825123029647,0.3936066066066066,0.6063933933933934,1160.8634896502087,42.006378843688545,0.026425085840657413,0.0010110657729684245,0.043930358321262825,0.04154663323273273
Dew,16.92632136932158,0.9804217792119093,0.019578220788090735,0.3926076076076076,0.6073923923923924,1160.8382736594385,42.132706642406085,0.026424737568702002,0.0010142054466476284,0.043929983056269176,0.0415425757982983
Dew,16.97716251758653,0.980328795313822,0.019671204686178032,0.39160860860860863,0.6083913913913914,1160.8128934267904,42.259848971373685,0.026424386989133446,0.0010173653427209702,0.04392960540216709,0.04153851836386387
Dew,17.02831616748255,0.9802352174051288,0.01976478259487125,0.3906096096096096,0.6093903903903903,1160.7873473019072,42.387813886721815,0.02642403407838138,0.0010205456610774919,0.043929225335490936,0.04153446092942943
Dew,17.079785277714127,0.9801410396308481,0.0198589603691519,0.38961061061061064,0.6103893893893894,1160.7616336118465,42.51660955332166,0.026423678812548087,0.0010237466043026891,0.04392884283246069,0.041530403494995
Dew,17.131572845254496,0.9800462560572598,0.019953743942740142,0.3886116116116116,0.6113883883883884,1160.7357506606788,42.646244246614984,0.02642332116740253,0.001026968377723896,0.04392845786897657,0.04152634606056056
Bubble,17.14645211997583,0.9800190190190191,0.01998098098098089,0.388325722873111,0.611674277126889,1160.7283112906332,42.68349785867242,0.026423218355956794,0.0010278942270181002,0.04392834724574575,0.04152518492344914
Dew,17.18368190597542,0.9799508606705579,0.02004913932944205,0.38761261261261265,0.6123873873873873,1160.7096967290843,42.776726354515496,0.02642296111837444,0.001030211189457415,0.043928070420613474,0.04152228862612613
Dew,17.236115535337944,0.9798548473754592,0.02014515262454079,0.3866136136136136,0.6133863863863864,1160.683470073948,42.908064379482795,0.02642259864054842,0.001033475250459832,0.043927680462615436,0.0415182311916917
Dew,17.28887684898027,0.9797582099937963,0.020241790006203755,0.38561461461461466,0.6143853853853853,1160.6570689279279,43.04026694031882,0.026422233708657508,0.001036760774572679,0.04392728796988981,0.04151417375725726
Dew,17.3419690034862,0.9796609422630675,0.02033905773693241,0.38461561561561564,0.6153843843843844,1160.630491499035,43.17334277446603,0.026421866297077094,0.0010400679785792057,0.04392689291700145,0.041510116322822824
Dew,17.395395196976754,0.9795630378349668,0.02043696216503326,0.3836166166166166,0.6163833833833834,1160.6037359701832,43.30730073982511,0.026421496379818197,0.001043397082249614,0.04392649527816672,0.041506058888388396
Dew,17.449158669894068,0.9794644902738752,0.02053550972612481,0.38261761761761764,0.6173823823823823,1160.576800498752,43.442149817106774,0.026421123930521175,0.001046748308399184,0.04392609502724734,0.041502001453953954
Dew,17.503262705666195,0.9793652930553186,0.020634706944681423,0.3816186186186186,0.6183813813813814,1160.5496832161098,43.577899111862436,0.026420748922448514,0.001050121882938696,0.04392569213774418,0.04149794401951952
Dew,17.557710631477534,0.9792654395644044,0.020734560435595635,0.38061961961961965,0.6193803803803803,1160.5223822271669,43.714557856811055,0.026420371328478468,0.0010535180349320226,0.04392528658279083,0.041493886585085085
Dew,17.612505818977965,0.979164923094204,0.02083507690579596,0.37962062062062063,0.6203793793793794,1160.4948956098722,43.85213541400393,0.02641999112109745,0.001056936996649846,0.043924878335147105,0.04148982915065065
Dew,17.6676516850994,0.979063736844118,0.020936263155882023,0.37862162162162166,0.6213783783783784,1160.467221414743,43.99064127729126,0.02641960827239324,0.0010603790036306814,0.04392446736719239,0.04148577171621622
Bubble,17.69147252255417,0.9790200200200201,0.020979979979979912,0.37819206089423185,0.6218079391057681,1160.4552627988928,44.05048517005732,0.026419442813621862,0.0010618661758973601,0.043924289811311315,0.04148402705532193
Dew,17.723151692789088,0.9789618739181982,0.021038126081801754,0.37762262262262264,0.6223773773773773,1160.4393576643508,44.1300850745666,0.026419222754047376,0.0010638442947365837,0.04392405365091877,0.041481714281781774
Dew,17.77900935183097,0.9788593273234286,0.02114067267657137,0.37662362362362367,0.6233763763763763,1160.4113023528118,44.27047657026029,0.02641883453732761,0.0010673331122148853,0.043923637157924106,0.04147765684734735
Dew,17.83522821965275,0.9787560899679797,0.021243910032020325,0.37562462462462465,0.6243753753753754,1160.3830534452673,44.41182566780076,0.026418443593080303,0.0010708457017592021,0.04392321785940496,0.04147359941291292
Dew,17.89181190215155,0.9786521546594057,0.021347845340594262,0.3746256256256256,0.6253743743743744,1160.354608877334,44.554142412134304,0.026418049891722254,0.0010743823125718786,0.043922795726149176,0.04146954197847848
Dew,17.948764054573537,0.9785475141028293,0.021452485897170737,0.37362662662662666,0.6263733733733734,1160.3259665545788,44.69743699240105,0.026417653403233057,0.0010779431974302404,0.04392237072852865,0.04146548454404404
Dew,18.006088382342988,0.9784421608990534,0.02155783910094651,0.37262762762762763,0.6273723723723723,1160.297124351934,44.84171974447944,0.026417254097146372,0.0010815286127497134,0.04392194283649151,0.04146142710960961
Dew,18.063788641968788,0.9783360875426521,0.02166391245734793,0.37162862862862867,0.6283713713713713,1160.268080113136,44.987001153752146,0.026416851942541685,0.001085138818652321,0.043921512019554486,0.041457369675175174
Dew,18.121868641958184,0.9782292864200192,0.02177071357998079,0.37062962962962964,0.6293703703703704,1160.2388316501392,45.13329185790011,0.026416446908035695,0.0010887740790359,0.04392107824679491,0.041453312240740746
Dew,18.180332243722987,0.9781217498073546,0.02187825019264544,0.3696306306306307,0.6303693693693693,1160.2093767425101,45.28060264968452,0.026416038961773303,0.0010924346616430676,0.04392064148684257,0.041449254806306304
Bubble,18.235079730868605,0.9780210210210211,0.021978978978978936,0.36870107582807665,0.6312989241719233,1160.181781280278,45.41859895735655,0.02641565671430943,0.001095863761103311,0.04392023237687688,0.04144547941947573
Dew,18.2391833625439,0.9780134698686259,0.02198653013137408,0.36863163163163165,0.6313683683683684,1160.1797131368191,45.42894447989771,0.02641562807141868,0.0010961208381343006,0.04392020170787143,0.04144519737187188
Dew,18.298425968535774,0.9779044386534642,0.022095561346535803,0.3676326326326326,0.6323673673673673,1160.1498385460013,45.578328460325764,0.026415214204145793,0.0010998328841613462,0.04391975887759105,0.04144113993743744
Dew,18.358064087629877,0.9777946480950295,0.02220535190497053,0.36663363363363366,0.6333663663663663,1160.1197506487265,45.72876586676763,0.026414797326629134,0.0011035710794420337,0.043919312963237964,0.041437082503003
Dew,18.418101802577993,0.9776840900078125,0.022315909992187494,0.36563463463463464,0.6343653653653654,1160.0894470887315,45.880268142123874,0.02641437740503383,0.001107335707836815,0.043918863931566736,0.041433025068568566
Dew,18.478543254008603,0.9775727560853951,0.022427243914604978,0.36463563563563567,0.6353643643643643,1160.058925474148,46.032846899639274,0.026413954405005685,0.0011111270574290612,0.04391841174884084,0.04142896763413413
Dew,18.539392641472094,0.9774606378981496,0.022539362101850355,0.36363663663663665,0.6363633633633634,1160.0281833768122,46.1865139261257,0.02641352829166103,0.0011149454206049313,0.04391795638082333,0.041424910199699704
Dew,18.60065422451624,0.9773477268908944,0.022652273109105562,0.3626376376376377,0.6373623623623623,1159.997218331563,46.34128118527889,0.026413099029576295,0.0011187910941355557,0.04391749779276737,0.04142085276526527
Dew,18.662332323808837,0.9772340143804805,0.02276598561951946,0.36163863863863865,0.6383613613613613,1159.9660278355095,46.49716082113676,0.026412666582777203,0.0011226643792626825,0.043917035949406324,0.041416795330830834
Dew,18.724431322235656,0.9771194915533473,0.022880508446652674,0.36063963963963963,0.6393603603603604,1159.9346093472973,46.65416516148093,0.02641223091472786,0.0011265655817830056,0.04391657081494393,0.0414127378963964
Bubble,18.77726854845725,0.977022022022022,0.02297797797797796,0.3597949715805892,0.6402050284194107,1159.9078641876768,46.78780121722503,0.026411859997093983,0.0011298861124182137,0.043916174942442446,0.041409307277074564
Dew,18.786955666105857,0.9770041494629811,0.022995850537018935,0.35964064064064066,0.6403593593593593,1159.9029602863475,46.81230672154655,0.026411791988319576,0.0011304950121399872,0.043916102353043905,0.041408680461961965
Dew,18.849909866287337,0.976887979027349,0.02311202097265098,0.35864164164164164,0.6413583583583584,1159.8710780320762,46.971598207551295,0.026411349765859217,0.0011344529855113667,0.04391563052681958,0.04140462302752754
Dew,18.913298499449972,0.9767709710262518,0.023229028973748195,0.35764264264264267,0.6423573573573573,1159.8389599231054,47.132052520534494,0.026410904209057593,0.0011384398219042107,0.04391515529882312,0.04140056559309309
Dew,18.97712620929632,0.9766531160986225,0.023346883901377517,0.35664364364364365,0.6433563563563564,1159.8066032564416,47.29368276017511,0.02641045527901724,0.0011424558462495096,0.04391467663103456,0.04139650815865866
Dew,19.041397707816486,0.9765344047397496,0.023465595260250362,0.3556446446446447,0.6443553553553554,1159.7740052866413,47.456502228689764,0.026410002936220086,0.0011465013884987645,0.04391419448485049,0.041392450724224226
Dew,19.10611777660213,0.9764148272984444,0.023585172701555527,0.35464564564564566,0.6453543543543543,1159.741163224953,47.620524434908084,0.02640954714051468,0.0011505767837249122,0.04391370882107263,0.04138839328978979
Dew,19.171291268168652,0.9762943739741282,0.023705626025871836,0.3536466466466467,0.6463533533533533,1159.708074238443,47.78576309838535,0.026409087851103304,0.0011546823722242147,0.04391321959989593,0.04138433585535536
Dew,19.236923107311544,0.9761730348138632,0.023826965186136834,0.35264764764764767,0.6473523523523523,1159.674735449094,47.95223215362427,0.026408625026528548,0.0011588184996208415,0.043912726780896506,0.04138027842092092
Dew,19.303018292498656,0.9760507997092862,0.02394920029071383,0.35164864864864864,0.6483513513513514,1159.6411439328792,48.11994575441161,0.02640815862465958,0.0011629855169742937,0.04391223032301927,0.04137622098648649
Bubble,19.3180347310058,0.976023023023023,0.023976976976976982,0.3514226604445392,0.6485773395554608,1159.6335091824515,48.158058990502276,0.026408052605775056,0.001163932475199301,0.04391211750800801,0.041375303135395496
Dew,19.369581897321872,0.9759276583934949,0.02407234160650502,0.3506496496496497,0.6493503503503504,1159.6072967188284,48.288918278335146,0.026407688602678336,0.0011671837808912464,0.043911730184565186,0.04137216355205206
Dew,19.436619071891354,0.9758036004378329,0.024196399562167136,0.34965065065065065,0.6503493493493493,1159.5731907880383,48.459164331158334,0.026407214917064728,0.0011714136536340209,0.04391122632317826,0.04136810611761761
Dew,19.504135044402222,0.9756786152486107,0.02432138475138931,0.3486516516516517,0.6513483483483483,1159.5388230727,48.63069875168892,0.026406737523582306,0.0011756755032410558,0.043910718695832233,0.041364048683183184
Dew,19.57213512262183,0.9755526920637333,0.024447307936266708,0.34765265265265266,0.6523473473473473,1159.5041904550637,48.80353661644575,0.026406256377262793,0.0011799697036425796,0.04391020725881686,0.04135999124874875
Dew,19.6406246954847,0.9754258199492502,0.02457418005074988,0.3466536536536537,0.6533463463463463,1159.4692897664047,48.97769324464186,0.026405771432390833,0.00118429663478399,0.04390969196772389,0.041355933814314315
Dew,19.709609234671483,0.975297987795816,0.024702012204183967,0.34565465465465467,0.6543453453453454,1159.4341177859405,49.153184203142324,0.02640528264248777,0.0011886566827486998,0.04390917277743271,0.04135187637987988
Dew,19.77909429626483,0.9751691843150515,0.02483081568494853,0.3446556556556557,0.6553443443443443,1159.3986712397327,49.33002531165457,0.02640478996029538,0.001193050239886677,0.04390864964209558,0.041347818945445446
Dew,19.849085522449524,0.9750393980358341,0.02496060196416598,0.3436566566566567,0.6563433433433433,1159.3629467995638,49.508232648061814,0.026404293337759177,0.001197477704946522,0.04390812251512254,0.04134376151101101
Bubble,19.857374790860483,0.9750240240240241,0.024975975975975895,0.3435388217942833,0.6564611782057167,1159.358714090229,49.529343450270645,0.0264042344878725,0.0011980021891454353,0.04390806007357357,0.041343282924717485
Dew,19.91958864323368,0.9749086173004669,0.0250913826995332,0.34265765765765765,0.6573423423423423,1159.3269410817732,49.687822553835815,0.026403792726011094,0.0012019394832095411,0.04390759134916586,0.04133970407657658
Dew,19.99060947818921,0.9747768302607658,0.02522316973923422,0.3416586586586587,0.6583413413413413,1159.2906506460643,49.868811639524836,0.02640328807535171,0.0012064359866257191,0.043907056096104104,0.041335646642142135
Dew,20.062153938354594,0.9746440248740336,0.02535597512596649,0.34065965965965966,0.6593403403403404,1159.254071994291,50.0512167907141,0.02640277933523221,0.0012109676339612007,0.04390651670702589,0.041331589207707714
Dew,20.134228027979105,0.9745101888989472,0.025489811101052716,0.3396606606606607,0.6603393393393393,1159.2172015692008,50.23505517357014,0.026402266454235646,0.0012155348509357968,0.043905973132213075,0.04132753177327327
Dew,20.206837846514745,0.9743753098913098,0.02562469010869021,0.3386616616616617,0.6613383383383383,1159.1800357531438,50.4203442410962,0.026401749380057706,0.0012201380703777721,0.043905425321123556,0.04132347433883884
Dew,20.27998959055831,0.9742393751997186,0.025760624800281386,0.3376626626626627,0.6623373373373374,1159.1425708667603,50.607101739274555,0.026401228059487213,0.0012247777323759895,0.04390487322237366,0.0413194169044044
Dew,20.35368955583381,0.9741023719610913,0.02589762803890868,0.3366636636636637,0.6633363363363363,1159.1048031676107,50.79534571334668,0.026400702438385625,0.0012294542844354828,0.04390431678371997,0.04131535946996997
Bubble,20.395285811537857,0.9740250250250251,0.025974974974974918,0.33610311411906046,0.6638968858809395,1159.0834768585864,50.90162908035054,0.026400405593664418,0.0012320946691206842,0.04390400263913914,0.04131308279799457
Dew,20.427944139292485,0.9739642870960991,0.026035712903900905,0.33566466466466466,0.6643353353353354,1159.0667288487969,50.98509451444709,0.026400172461666552,0.001234168181641679,0.04390375595204081,0.04131130203553554
Dew,20.502759841181742,0.9738251073044568,0.026174892695543177,0.3346656656656657,0.6653343343343343,1159.0283440375133,51.176366806178585,0.026399638073274098,0.001238919886823301,0.04390319067331706,0.041307244601101106
Dew,20.578143267242766,0.9736848190600951,0.02631518093990494,0.33366666666666667,0.6663333333333333,1158.9896447935866,51.369181571573975,0.026399099216161095,0.0012437098707247215,0.043902620892612584,0.041303187166666665
Dew,20.654101130922975,0.9735434086062059,0.026456591393794072,0.3326676676676677,0.6673323323323324,1158.9506271079615,51.56355812012903,0.026398555832266524,0.0012485386121801458,0.04390204655405411,0.04129912973223224
Dew,20.730640255676583,0.9734008619501379,0.026599138049862175,0.3316686686686687,0.6683313313313313,1158.9112869011428,51.75951609511162,0.02639800786249222,0.0012534065982945832,0.04390146760081049,0.041295072297797795
Dew,20.807767577260464,0.9732571648581724,0.02674283514182759,0.3306696696696697,0.6693303303303303,1158.871620021597,51.95707548089006,0.026397455246679018,0.001258314324625391,0.04390088397507146,0.04129101486336337
Dew,20.88549014620563,0.9731123028501406,0.026887697149859342,0.3296706706706707,0.6703293293293293,1158.8316222441204,52.156256610783025,0.026396897923582407,0.0012632622953765587,0.043900295618025845,0.041286957428928926
Bubble,20.93176566515026,0.9730260260260261,0.02697397397397394,0.3290795121948937,0.6709204878051063,1158.8077956096174,52.274894038450164,0.026396565877385862,0.0012662094145535524,0.04389994520470471,0.04128455643877956
Dew,20.96381513023931,0.9729662611938892,0.027033738806110763,0.32867167167167166,0.6713283283283283,1158.7912892681331,52.357080174807514,0.026396335830846995,0.0012682510235906361,0.043899702469838986,0.0412828999944945
Dew,21.04274981682768,0.9728190248996111,0.02718097510038883,0.3276726726726727,0.6723273273273274,1158.750616715954,52.55956722779808,0.02639576890498073,0.0012732810313497705,0.04389910446962977,0.041278842560060064
Dew,21.1223016158102,0.972670578714002,0.027329421285998072,0.32667367367367367,0.6733263263263263,1158.7096001310208,52.763739197818744,0.02639519708132836,0.0012783528499839517,0.04389850155544692,0.04127478512562563
Dew,21.20247806203266,0.972520907114248,0.027479092885751972,0.3256746746746747,0.6743253253253253,1158.6682349760317,52.969617894610366,0.02639462029404349,0.0012834670202802403,0.04389789366424452,0.041270727691191195
Dew,21.283286818123894,0.9723699943018569,0.027630005698143105,0.3246756756756757,0.6753243243243243,1158.6265166310723,53.177225518478245,0.026394038476060717,0.0012886240927027868,0.043897280731856995,0.04126667025675675
Dew,21.364735677300533,0.9722178241963063,0.027782175803693653,0.3236766766766767,0.6763233233233232,1158.5844403916606,53.386584669300234,0.02639345155906623,0.0012938246276158998,0.0438966626929733,0.041262612822322325
Dew,21.44683256630519,0.9720643804285171,0.02793561957148295,0.3226776776776777,0.6773223223223224,1158.5420014667575,53.597718355949794,0.026392859473468155,0.0012990691955173073,0.04389603948111043,0.04125855538788789
Bubble,21.46681247297274,0.972027027027027,0.027972972972972965,0.3224357469317047,0.6775642530682953,1158.531668513638,53.649118433528976,0.02639271529435352,0.0013003459682805606,0.04389588777027027,0.04125757278616311
Dew,21.529585548331585,0.9719096463341229,0.028090353665877036,0.3216786786786787,0.6783213213213213,1158.4991949766886,53.810650005728526,0.026392262148365313,0.0013043583772717805,0.04389541102858604,0.04125449795345345
Dew,21.61300282614146,0.9717536049465625,0.028246395053437554,0.3206796796796797,0.6793203203203203,1158.4560159510356,54.02540347438025,0.02639165951151569,0.0013096927643589933,0.043894777266490465,0.04125044051901902
Dew,21.697092745189952,0.9715962389899602,0.028403761010039864,0.3196806806806807,0.6803193193193193,1158.412459326447,54.24200305617758,0.02639105148930362,0.0013150729591232928,0.04389413812465773,0.04124638308458459
Dew,21.78186379687523,0.9714375308718067,0.028562469128193307,0.3186816816816817,0.6813183183183182,1158.368519944391,54.46047349440639,0.0263904380067061,0.001320499575033255,0.043893493531635845,0.04124232565015015
Dew,21.867324621874626,0.9712774626754087,0.02872253732459127,0.3176826826826827,0.6823173173173174,1158.324192548832,54.68083999214445,0.026389818987257913,0.0013259732369485348,0.04389284341465617,0.04123826821571572
Dew,21.95348401355286,0.9711160161521366,0.028883983847863427,0.3166836836836837,0.6833163163163163,1158.2794717838494,54.90312822329625,0.026389194353015923,0.0013314945813930827,0.0438921876996019,0.041234210781281276
Bubble,22.000424837535967,0.9710280280280281,0.028971971971971877,0.31614282989779835,0.6838571701022016,1158.255093844764,55.024284804304514,0.02638885380223247,0.001334503928573802,0.04389183033583583,0.04123201410362991
Dew,22.04035092151368,0.9709531727134127,0.02904682728658722,0.3156846846846847,0.6843153153153153,1158.234352191175,55.127364344085905,0.026388564024522127,0.0013370642568396333,0.04389152631097552,0.04123015334684685
Dew,22.127934455218323,0.9707889134225033,0.02921108657749671,0.3146856856856857,0.6853143143143143,1158.1888282076627,55.35357500479613,0.026387927920765653,0.001342682924000334,0.04389085917186549,0.04122609591241242
Dew,22.216243887721163,0.9706232189860063,0.029376781013993707,0.3136866866866867,0.6863133133133132,1158.1428941626684,55.581787361896616,0.026387285959143414,0.0013483512561269877,0.04389018620391167,0.04122203847797797
Dew,22.305288659504477,0.9704560697451245,0.029543930254875464,0.31268768768768773,0.6873123123123123,1158.096544275359,55.812029090514336,0.026386638055419683,0.0013540699393197676,0.043889507327269824,0.041217981043543545
Dew,22.39507838245753,0.9702874456666585,0.029712554333341502,0.3116886886886887,0.6883113113113113,1158.0497726519388,56.044328397374194,0.0263859841236844,0.001359839672847534,0.043888822460575135,0.04121392360910911
Dew,22.48562284392279,0.9701173263337155,0.029882673666284516,0.3106896896896897,0.6893103103103103,1158.0025732827794,56.27871403399785,0.026385324076310026,0.001365661169474597,0.043888131520904386,0.041209866174674675
Bubble,22.532601714020263,0.9700290290290291,0.0299709709709709,0.3101746480215256,0.6898253519784744,1157.9780699512728,56.40037761237033,0.026384981360361916,0.0013686829372700842,0.0438877729014014,0.04120777433293943
Dew,22.57693201091905,0.9699456909361427,0.030054309063857348,0.3096906906906907,0.6903093093093093,1157.9549400394692,56.51521531047008,0.02638465782390717,0.0013715351558014482,0.043887434423737146,0.04120580874024024
Dew,22.669016034436034,0.9697725182606558,0.030227481739344246,0.3086916916916917,0.6913083083083083,1157.9068666717621,56.753862109481396,0.02638398527527869,0.0013774623726124024,0.04388673108291565,0.0412017513058058
Dew,22.76188525392152,0.9695977866806594,0.030402213319340614,0.3076926926926927,0.6923073073073073,1157.8583468044358,56.994684900988744,0.026383306337372386,0.0013834435752384392,0.04388602141060351,0.04119769387137137
Dew,22.85555020181961,0.9694214741457485,0.030578525854251446,0.3066936936936937,0.6933063063063063,1157.8093739340384,57.23771475710191,0.02638262091523205,0.0013894795339257496,0.04388530531724296,0.04119363643693694
Dew,22.950021608359567,0.9692435581708777,0.030756441829122343,0.30569469469469474,0.6943053053053052,1157.7599414255467,57.48298336775808,0.0263819289119471,0.0013955710342236241,0.04388458271151103,0.041189579002502495
Dew,23.04531040639002,0.9690640158251843,0.030935984174815728,0.3046956956956957,0.6953043043043043,1157.7100425088997,57.7305230566131,0.0263812302286004,0.001401718877377838,0.04388385350027399,0.04118552156806807
Bubble,23.063342458666565,0.9690300300300301,0.030969969969969924,0.3045076167258999,0.6954923832741001,1157.7005952678362,57.777383259085,0.02638109793003475,0.0014028826805423246,0.04388371546696697,0.041184757685332245
Dew,23.141427736379963,0.9688828237204432,0.031117176279556846,0.3036966966966967,0.6963033033033033,1157.6596702754196,57.980366797493886,0.02638052476421423,0.0014079238807378947,0.04388311758854058,0.04118146413363363
Dew,23.238384951673915,0.9686999579991736,0.0313000420008264,0.3026976976976977,0.6973023023023023,1157.6088176741375,58.23254823166133,0.026379812415694977,0.0014141868781841914,0.04388237487941365,0.041177406699199205
Dew,23.336193623772633,0.9685153943223255,0.031484605677674554,0.3016986986986987,0.6983013013013013,1157.5574775079626,58.48710168524672,0.026379093077775327,0.0014205087205596528,0.043881625274040124,0.041173349264764764
Dew,23.434865547869236,0.9683291078565837,0.0316708921434163,0.30069969969969973,0.6993003003003002,1157.5056424297472,58.744062187511226,0.02637836664295483,0.001426890276121611,0.04388086867155952,0.04116929183033033
Dew,23.534412748532773,0.9681410732612616,0.03185892673873834,0.2997007007007007,0.7002992992992993,1157.4533049382208,59.00346548963025,0.02637763300143863,0.0014333324310067037,0.043880104969050614,0.0411652343958959
Bubble,23.59264603863135,0.968031031031031,0.03196896896896895,0.29912038193551077,0.7008796180644892,1157.422668127622,59.15528772621398,0.02637720347021631,0.0014371028319155287,0.043879658032532534,0.04116287743123107
Dew,23.634847485591777,0.9679512646747349,0.032048735325265094,0.29870170170170174,0.7012982982982983,1157.4004573737716,59.26534808415549,0.02637689204107369,0.001439836089712514,0.04387933406147644,0.04116117696146147
Dew,23.736182260171255,0.9677596557004323,0.03224034429956772,0.2977027027027027,0.7022972972972973,1157.3470919140887,59.529747225028935,0.026376143647282958,0.0014464021755929005,0.04387855584162731,0.041157119527027025
Dew,23.838429820955064,0.9675662193923691,0.03243378060763088,0.2967037037037037,0.7032962962962963,1157.2932005696673,59.79670094835694,0.026375387702997476,0.0014530316313720953,0.04387777020006211,0.04115306209259259
Dew,23.941603170682754,0.9673709282401689,0.032629071759831145,0.2957047047047047,0.7042952952952952,1157.2387751791484,60.066248093975695,0.02637462408858594,0.0014597254196783353,0.043876977025047455,0.041149004658158156
Dew,24.045715572756748,0.9671737541535931,0.03282624584640687,0.2947057057057057,0.7052942942942944,1157.1838074044927,60.33842832746502,0.026373852681781662,0.0014664845235887079,0.043876176202494815,0.04114494722372373
Bubble,24.120513026269105,0.967032032032032,0.03296796796796797,0.2939935631343151,0.7060064368656849,1157.1442872385312,60.534082183945856,0.026373297948397562,0.0014713431887355517,0.04387560059809809,0.04114205485667002
Dew,24.150780558201056,0.9669746684465229,0.033025331553477116,0.29370670670670673,0.7062932932932933,1157.1282887259983,60.61328216329596,0.026373073357607236,0.001473309947201875,0.043875367615895555,0.04114088978928929
Dew,24.256811932740984,0.9667736418203956,0.03322635817960439,0.2927077077077077,0.7072922922922923,1157.0722104371282,60.89085098846995,0.026372285988296225,0.0014802027162230875,0.043874551146253535,0.04113683235485486
Dew,24.363823784189904,0.9665706443470673,0.03342935565293271,0.29170870870870874,0.7082912912912913,1157.0155636391664,61.171177087180695,0.026371490443212256,0.001487163878574411,0.04387372667201561,0.041132774920420424
Dew,24.471830490080485,0.9663656454510666,0.03363435454893337,0.2907097097097097,0.7092902902902902,1156.9583392356828,61.454303666330276,0.026370686588765225,0.001494194505026079,0.04387289406899952,0.04112871748598599
Dew,24.580846725486825,0.9661586138912232,0.03384138610877686,0.28971071071071075,0.7102892892892892,1156.90052792678,61.74027488175612,0.026369874288324026,0.0015012956898455088,0.0438720532103192,0.04112466005155155
Bubble,24.646943036563435,0.9660330330330331,0.03396696696696688,0.2891095310462533,0.7108904689537467,1156.865451072414,61.91375559909119,0.026369381326676943,0.0015056034928990322,0.043871543163663665,0.04112221836034436
Dew,24.69088747122282,0.9659495177416507,0.03405048225834927,0.2887117117117117,0.7112882882882883,1156.8421202031636,62.02913586570032,0.026369053402126762,0.0015084685514769108,0.04387120396630772,0.041120602617117114
Dew,24.801968022232334,0.9657383243720272,0.03426167562797274,0.2877127127127127,0.7122872872872873,1156.7831063399626,62.320932755009515,0.026368223787186958,0.0015157142332390713,0.04387034620443699,0.041116545182682686
Dew,24.91410399633881,0.9655250004271969,0.03447499957280309,0.28671371371371374,0.7132862862862863,1156.723476390354,62.61571272054816,0.026367385297196923,0.0015230339040530607,0.043869479789235055,0.04111248774824825
Dew,25.027311343242424,0.9653095118059901,0.034690488194009855,0.2857147147147147,0.7142852852852852,1156.6632201789205,62.913523997518965,0.026366537782426844,0.0015304287591924404,0.04386860458220003,0.04110843031381381
Dew,25.141606353887525,0.9650918236392956,0.03490817636070447,0.28471571571571574,0.7152842842842843,1156.6023272947823,63.21441591704755,0.026365681089620587,0.001537900021064669,0.04386772044171101,0.04110437287937938
Bubble,25.17193621272929,0.9650340340340341,0.034965965965965906,0.284452214631286,0.715547785368714,1156.586158219664,63.294298910388704,0.026365453569841178,0.0015398835324492968,0.04386748572922924,0.04110330266972497
Dew,25.25700567013469,0.9648719002673142,0.035128099732685804,0.2837167167167167,0.7162832832832833,1156.5407870844626,63.518438938856896,0.026364815061887297,0.0015454489400194913,0.043866827222935695,0.04110031544494495
Dew,25.37352629478036,0.9646497052159526,0.035350294784047435,0.28271771771771775,0.7172822822822822,1156.4785886444788,63.825644685164676,0.026363939538588788,0.001553076795187558,0.0438659247777346,0.04109625801051051
Dew,25.491185601988686,0.9644252011723665,0.03557479882763353,0.28171871871871873,0.7182812812812813,1156.4157208136683,64.13608597599875,0.02636305435522301,0.0015607848953540554,0.04386501295456157,0.04109220057607608
Dew,25.61000134799547,0.9641983499595315,0.03580165004046857,0.28071971971971976,0.7192802802802802,1156.3521721651864,64.44981686554637,0.0263621593433022,0.0015685745798580113,0.04386409159836064,0.04108814314164164
Bubble,25.69549285638885,0.9640350350350351,0.03596496496496493,0.2800069329968356,0.7199930670031645,1156.3064073013625,64.6757039177848,0.0263615146433636,0.0015741831147882252,0.0438634282947948,0.04108524815836665
Dew,25.729991682329718,0.9639691125098792,0.036030887490120796,0.27972072072072074,0.7202792792792793,1156.287930998224,64.76689268024737,0.02636125433022695,0.0015764472195345844,0.04386316055045888,0.04108408570720721
Dew,25.85117515938009,0.963737448837918,0.036262551162081984,0.2787217217217217,0.7212782782782783,1156.222985329394,65.08737005815539,0.026360339139155156,0.001584404217688777,0.04386221964845521,0.041080028272772774
Dew,25.973570750398704,0.9635033180117757,0.03649668198822431,0.27772272272272275,0.7222772772772772,1156.1573228837644,65.41130698984487,0.0263594135888654,0.001592447011107358,0.043861268726104824,0.04107597083833833
Dew,26.097197855985755,0.9632666781236406,0.036733321876359346,0.2767237237237237,0.7232762762762763,1156.0909310855484,65.73876286100355,0.026358477493615175,0.0016005770711124223,0.043860307613199166,0.041071913403903905
Bubble,26.217613409466132,0.963036036036036,0.03696396396396395,0.27576024856054154,0.7242397514394585,1156.0261969652108,66.05796318227785,0.02635756451331169,0.0016085020644031973,0.043859370860360354,0.04106800024952864
Dew,26.2220763190223,0.9630274862590616,0.0369725137409384,0.27572472472472476,0.7242752752752752,1156.023797048427,66.06979849663456,0.02635753066299343,0.001608795904654773,0.04385933613544119,0.04106785596946947
Dew,26.348226438106103,0.9627856984649729,0.03721430153502711,0.27472572572572573,0.7252742742742743,1155.9559075654527,66.40447620704232,0.026356572901766632,0.0016171050554513848,0.04385835411431549,0.041063798535035036
Dew,26.475668981536895,0.962541269716515,0.037458730283485016,0.27372672672672677,0.7262732732732733,1155.8872490985843,66.74285983575349,0.026355604009719136,0.0016255061051706733,0.04385736136695363,0.0410597411006006
Dew,26.604425201761835,0.9622941538824578,0.03770584611754226,0.27272772772772774,0.7272722722722722,1155.817807767753,67.08501480913864,0.026354623781486394,0.0016340006746598927,0.0438563577059936,0.04105568366616616
Dew,26.734516850510843,0.9620443036892338,0.03795569631076628,0.2717287287287287,0.7282712712712713,1155.747569339495,67.43100818841128,0.026353632006381373,0.0016425904252311701,0.043855342939433835,0.04105162623173173
Bubble,26.73829843849784,0.9620370370370371,0.037962962962962865,0.27169983840232653,0.7283001615976734,1155.7455258820107,67.44106993922739,0.02635360314626709,0.0016428402209017182,0.043855313425925926,0.04105150889367105
Dew,26.86596619443413,0.9617916706835142,0.0382083293164858,0.27072972972972975,0.7292702702702702,1155.6765192151106,67.78090872349132,0.026352628468213835,0.0016512770599937266,0.0438543168704811,0.041047568797297304
Dew,26.99879603139303,0.9615362051932106,0.03846379480678944,0.26973073073073073,0.7302692692692693,1155.6046424183128,68.13478690918852,0.0263516129451015,0.0016600623252434118,0.04385327929739223,0.04104351136286286
Dew,27.133029707451367,0.9612778562868629,0.038722143713137105,0.26873173173173176,0.7312682682682683,1155.5319235823679,68.49271504386644,0.026350585209273632,0.0016689480119135033,0.043852230013309096,0.04103945392842843
Bubble,27.257548620992715,0.9610380380380381,0.03896196196196189,0.2678143812358948,0.7321856187641052,1155.4643927425975,68.82501802269974,0.02634963050925596,0.0016771974372973668,0.0438512559914915,0.04103572810938959
Dew,27.26869113448074,0.9610165717313071,0.038983428268692916,0.26773273273273274,0.7322672672672672,1155.458346936665,68.85476729036684,0.026349545026865578,0.0016779359570814562,0.043851168806086714,0.04103539649399399
Dew,27.405804808568888,0.9607522979475727,0.039247702052427315,0.26673373373373377,0.7332662662662662,1155.3838962927266,69.22101973976358,0.02634849215770483,0.001687028045545502,0.043850095458114066,0.04103133905955956
Dew,27.544395829124998,0.9604849799648303,0.0395150200351697,0.26573473473473475,0.7342652652652653,1155.3085550295857,69.59155047767422,0.02634742635508719,0.0016962262114645276,0.04384900974612716,0.041027281625125124
Dew,27.68448991882036,0.9602145613724152,0.039785438627584754,0.2647357357357357,0.7352642642642643,1155.232306078538,69.96643965355736,0.026346347365543324,0.0017055324400717068,0.04384791144101407,0.04102322419069069
Bubble,27.775364733582858,0.9600390390390391,0.03996096096096091,0.2640934578358806,0.7359065421641193,1155.1827962551724,70.20980179955286,0.026345646569688307,0.0017115735785178021,0.043847198557057064,0.04102061557900043
Dew,27.826113444393176,0.959940984269711,0.040059015730289006,0.26373673673673675,0.7362632632632633,1155.1551319072125,70.34576955311356,0.026345254928594807,0.0017149487694648113,0.043846800307611435,0.041019166756256255
Dew,27.969293438255256,0.9596641892138419,0.04033581078615816,0.26273773773773773,0.7372622622622622,1155.0770145029173,70.72962467364853,0.02634414877649883,0.001724477292469809,0.04384567610449202,0.04101510932182183
Dew,28.114057621142997,0.9593841151650319,0.040615884834968134,0.26173873873873876,0.7382612612612612,1154.9979353552465,71.11809180313293,0.026343028633981587,0.0017341201585957056,0.04384453858374278,0.041011051887387386
Dew,28.260434425673875,0.9591006994295226,0.040899300570477366,0.26073973973973974,0.7392602602602603,1154.917875437886,71.51126010260346,0.026341894217959235,0.0017438795760720248,0.04384338749073301,0.04100699445295295
Bubble,28.291747641632764,0.9590400400400401,0.040959959959959935,0.26052746309187985,0.7394725369081201,1154.900735142966,71.59541611163152,0.026341651295304858,0.0017459685200971323,0.04384314112262262,0.04100613229134767
Dew,28.40845302095382,0.9588138775998812,0.041186122400118784,0.25974074074074077,0.7402592592592592,1154.8368151895781,71.90922119236701,0.026340745237245767,0.0017537578139802524,0.04384222256387192,0.04100293701851852
Dew,28.558143338276373,0.9585235834926052,0.041476416507394726,0.25874174174174175,0.7412582582582583,1154.7547344942047,72.3120692421736,0.026339581392247263,0.0017637572044833492,0.043841043534355216,0.04099887958408409
Dew,28.70953609797486,0.9582297490828188,0.041770250917181194,0.2577427427427428,0.7422572572572572,1154.671612659929,72.7199010655859,0.02633840237464151,0.001773880145158951,0.043839850125899874,0.04099482214964965
Bubble,28.806698290208246,0.958041041041041,0.04195895895895896,0.257107528138489,0.742892471861511,1154.618208142193,72.98185622507056,0.026337644654130583,0.0017803821470299918,0.04383908368818819,0.04099224222553448
Dew,28.862662837529708,0.9579323044359365,0.0420676955640635,0.25674374374374376,0.7432562562562562,1154.5874283973592,73.13281621889361,0.026337207867042554,0.0017841291014448362,0.04383864205446656,0.04099076471521521
Dew,29.017555940846627,0.9576311776360996,0.042368822363900355,0.25574474474474473,0.7442552552552553,1154.5021597966472,73.55091710438883,0.026335997542648558,0.0017945066091922407,0.04383741902796902,0.04098670728078078
Dew,29.174248669026646,0.9573262947112049,0.04267370528879507,0.25474574574574577,0.7452542542542542,1154.4157843034968,73.9743090789903,0.026334771064872878,0.001805015277351208,0.04383618074596956,0.04098264984634635
Bubble,29.32021769603841,0.9570420420420421,0.04295795795795787,0.25382545124230316,0.7461745487576968,1154.3352140002457,74.36911778546083,0.026333626614433607,0.0018148143527584005,0.04383502625375375,0.04097891207022061
Dew,29.33277519244937,0.9570175795543343,0.042982420445665644,0.25374674674674674,0.7462532532532533,1154.3282786939842,74.40310056776784,0.026333528086956597,0.001815657790777115,0.04383492689935994,0.040978592411911915
Dew,29.49317062445372,0.9567049538413501,0.043295046158649826,0.2527477477477478,0.7472522522522522,1154.2396190481459,74.8374031832605,0.026332268251562,0.001826436913180259,0.04383365717002665,0.040974534977477474
Dew,29.655471056572228,0.9563883369444671,0.04361166305553291,0.25174874874874875,0.7482512512512512,1154.14978072224,75.27733185053752,0.02633099119034532,0.001837355490217368,0.043832371230499954,0.040970477543043046
Dew,29.819713595474973,0.9560676458415134,0.04393235415848664,0.25074974974974973,0.7492502502502503,1154.058738319614,75.72300493853653,0.026329696523507896,0.0018484164527381838,0.04383106874358531,0.04096642010860861
Bubble,29.83230694052393,0.9560430430430431,0.043956956956956894,0.2506736363198528,0.7493263636801473,1154.051751474102,75.75719677841563,0.026329597144688986,0.0018492650382814532,0.043830968819319326,0.04096611097391308
Dew,29.98593640172193,0.9557427950206486,0.04425720497935138,0.24975075075075076,0.7502492492492492,1153.9664656600803,76.1745443980535,0.026328383859324123,0.0018596228201963507,0.04382974936197637,0.04096236267417417
Dew,30.154178730398705,0.9554136963802675,0.044586303619732516,0.24875175175175177,0.7512482482482482,1153.8729357477282,76.63207590669656,0.026327052793644983,0.0018709777042323615,0.04382841272784846,0.040958305239739735
Dew,30.324480973794856,0.9550802591237393,0.04491974087626074,0.24775275275275277,0.7522472472472472,1153.7781207370394,77.09572902136809,0.026325702909375286,0.0018824843124424552,0.04382705847243107,0.04095424780530531
Bubble,30.342967163520317,0.9550440440440441,0.04495595595595592,0.24764503812283664,0.7523549618771633,1153.7678193289253,77.14608949453067,0.026325556213546892,0.0018837341113643775,0.043826911384884884,0.040953810322335894
Dew,30.49688470620999,0.9547423896487182,0.045257610351281854,0.24675375375375377,0.7532462462462463,1153.6819918972349,77.5656373386314,0.026324333775923258,0.001894145952342293,0.04382568621555827,0.04095019037087087
Dew,30.671432731051787,0.9543999914306579,0.04560000856934215,0.24575475475475478,0.7542452452452453,1153.584519574722,78.041938663558,0.026322944948620596,0.0019059660355401078,0.04382429556519562,0.04094613293643644
Dew,30.848169130356005,0.9540529649001189,0.04594703509988109,0.24475575575575576,0.7552442442442442,1153.4856731535108,78.52477518756072,0.026321535968110862,0.0019179480821318157,0.04382288611694184,0.040942075502002
Bubble,30.852192526718273,0.9540450450450451,0.04595495495495494,0.2447331132633086,0.7552668867366914,1153.483414613969,78.5357714312956,0.026321503750490274,0.0019182209712797515,0.04382285395045045,0.04094198353951893
Dew,31.0271393168744,0.9537012073135305,0.046298792686469525,0.24375675675675676,0.7562432432432432,1153.3854210134787,79.01429367577482,0.02632010635970428,0.0019300957253319628,0.0438214574535039,0.04093801806756757
Dew,31.20839008891344,0.9533446126169444,0.046655387383055615,0.24275775775775776,0.7572422422422422,1153.28373048635,79.51064566466776,0.02631865563269695,0.0019424127163573204,0.04382000914414372,0.04093396063313314
Bubble,31.35999796784377,0.9530460460460461,0.04695395395395385,0.24193177636666263,0.7580682236333374,1153.1985394599174,79.9262803589229,0.026317439800940604,0.001952726537575044,0.043818796516016015,0.0409306059097132
Dew,31.391969688097937,0.9529830713022738,0.04701692869772624,0.24175875875875877,0.7582412412412413,1153.1805678091905,80.0139876705458,0.026317183279651202,0.0019549029295796065,0.043818540744094185,0.0409299031986987
Dew,31.577927860259667,0.9526164702556087,0.04738352974439126,0.24075975975975977,0.7592402402402403,1153.0758980753214,80.52448140971404,0.026315688775635778,0.0019675703679660206,0.04381705179394316,0.040925845764264265
Dew,31.766315919612033,0.9522446925969414,0.04775530740305854,0.23976076076076078,0.7602392392392392,1152.9696851823892,81.04229403094732,0.026314171577421438,0.001980419168823855,0.04381554181898248,0.04092178832982983
Bubble,31.86637809468897,0.9520470470470471,0.047952952952952876,0.23923536073750185,0.7607646392624982,1152.9131910164958,81.3175933742068,0.026313364296653916,0.0019872502476257696,0.04381473908158159,0.040919654417635364
Dew,31.957186816519766,0.9518676175108153,0.0481323824891847,0.23876176176176178,0.7612382382382382,1152.8618917774668,81.56759836137772,0.026312631122630326,0.0019934536098764164,0.043814010328520184,0.040917730895395396
Dew,32.15059520906841,0.9514851200672317,0.048514879932768276,0.23776276276276279,0.7622372372372372,1152.752479198941,82.10057316661822,0.026311066828835033,0.002006678115690516,0.04381245681515306,0.04091367346096096
Dew,32.34659753863745,0.9510970710320478,0.04890292896795222,0.2367637637637638,0.7632362362362362,1152.6414074149377,82.64140342595667,0.026309478092603453,0.0020200972644761686,0.04381088075399667,0.04090961602652653
Bubble,32.37133423140215,0.9510480480480481,0.0489519519519519,0.23663858300634324,0.7633614169936568,1152.6273680702889,82.70970770673527,0.026309277206723065,0.00202179202992119,0.043810681647147146,0.040909107604880264
Dew,32.54525210986798,0.9507033366662373,0.049296663333762716,0.23576476476476477,0.7642352352352353,1152.528634958078,83.19028062402538,0.026307864288486398,0.0020337157952931076,0.04380928160186993,0.04090555859209209
Dew,32.7466191752714,0.9503037785131131,0.04969622148688689,0.23476576576576577,0.7652342342342342,1152.41411885627,83.74740305995024,0.026306224767943018,0.002047538615688947,0.043807658796431004,0.040901501157657665
Bubble,32.87486773846447,0.9500490490490491,0.04995095095095092,0.2341365112955132,0.7658634887044868,1152.3410694110069,84.10262076513894,0.0263051785003008,0.002056351816875848,0.04380662421271271,0.04089894544062673
Dew,32.95076102482084,0.9498982531726474,0.05010174682735252,0.23376676676676678,0.7662332332332332,1152.297814559228,84.3129761752888,0.02630455885819935,0.0020615708098013098,0.043806011755260714,0.04089744372322322
Dew,33.15774208090965,0.9494866120619384,0.050513387938061594,0.23276776776776778,0.7672322322322322,1152.179675860431,84.88721290222072,0.026302865861035554,0.002075817646960021,0.04380433987488956,0.04089338628878879
Dew,33.36762899909972,0.9490687011607487,0.05093129883925126,0.23176876876876878,0.7682312312312312,1152.0596548141416,85.4703340335977,0.026301145051495566,0.002090284590829029,0.04380264252976438,0.040889328854354354
Bubble,33.376980009562224,0.94905005005005,0.050949949949949946,0.23172453650264502,0.768275463497355,1152.054293830768,85.49633011913387,0.02630106814658342,0.0020909295444246547,0.04380256677827828,0.0408891492050055
Dew,33.580490774973356,0.9486443607409902,0.0513556392590098,0.2307697697697698,0.7692302302302302,1151.9377016471058,86.0625686161726,0.026299395676513453,0.0021049773091207026,0.04380091907114954,0.04088527141991992
Dew,33.7963988577511,0.9482134250789088,0.05178657492109113,0.2297707707707708,0.7702292292292292,1151.813764664544,86.66415436939506,0.02629761695345028,0.002119901683941294,0.04379916882595799,0.040881213985485484
Bubble,33.877672468811554,0.9480510510510511,0.05194894894894886,0.2293983463515918,0.7706016536484082,1151.7670401234539,86.89083348331646,0.026296946114796067,0.002125525151657484,0.04379850934384385,0.04087970138370699
Dew,34.01542727103657,0.9477757221485636,0.052224277851436324,0.22877177177177177,0.7712282282282282,1151.6877901499292,87.27533813131238,0.026295808068533384,0.0021350638228056574,0.04379739109550639,0.04087715655105105
Dew,34.237652741315394,0.9473310732951545,0.05266892670484546,0.22777277277277277,0.7722272272272273,1151.5597222580961,87.89637633394759,0.026293968175191054,0.002150470070379715,0.04379558515418827,0.040873099116616615
Bubble,34.376946568237074,0.9470520520520521,0.05294794794794788,0.2271539019049549,0.7728460980950451,1151.4793070841265,88.2861287025276,0.02629281237417945,0.002160138580489131,0.04379445190940941,0.04087058557258698
Dew,34.46315483485663,0.9468792928865007,0.053120707113499234,0.22677377377377378,0.7732262262262262,1151.4295029010989,88.52753551064158,0.026292096392273333,0.002166127021012025,0.043793750248058524,0.04086904168218219
Dew,34.69201610363021,0.9464201879409297,0.05357981205907031,0.22577477477477478,0.7742252252252252,1151.2970716262357,89.16909283780035,0.026290191802149736,0.0021820415321147433,0.043791885593322095,0.040864984247747746
Bubble,34.87480378547513,0.9460530530530531,0.053946946946946905,0.22498741627023128,0.7750125837297688,1151.1910935084882,89.6822137384805,0.026288666893977464,0.00219476977535752,0.04379039447497497,0.04086178639118155
Dew,34.92432224103918,0.9459535577295324,0.05404644227046758,0.2247757757757758,0.7752242242242242,1151.162365485562,89.82133671410219,0.026288253448673252,0.002198220738469314,0.0437899903747185,0.04086092681331331
Dew,35.160162248228495,0.9454791933506755,0.05452080664932445,0.2237767767767768,0.7762232232232232,1151.025318896176,90.48456738017947,0.026286280334999163,0.0022146720675313373,0.04378806374379377,0.040856869378878884
Bubble,35.37124562175401,0.9450540540540541,0.05494594594594593,0.22289533526442012,0.7771046647355799,1150.9023981924074,91.07908665774916,0.026284509643426424,0.002229418682952813,0.04378633704054054,0.04085328940417644
Dew,35.39962861201638,0.9449968772742834,0.055003122725716634,0.2227777777777778,0.7772222222222223,1150.8858634904548,91.15909758271921,0.02628427142124597,0.0022314032558318395,0.043786104817049504,0.04085281194444445
Dew,35.64281749521299,0.94450638285332,0.05549361714667994,0.2217787787787788,0.7782212212212212,1150.743927955361,91.84525328617241,0.026282225621984175,0.002248422366553812,0.04378411267395876,0.04084875451001001
Bubble,35.866273600006274,0.9440550550550552,0.05594494494494484,0.22087431983038217,0.7791256801696178,1150.6132199314748,92.47674562072552,0.02628034059174489,0.0022640852519680748,0.04378227960610611,0.04084508104999109
Dew,35.88982894064513,0.944007473799505,0.05599252620049498,0.2207797797797798,0.7792202202202202,1150.5994378598389,92.54337443701813,0.026280141803537646,0.002265737808405916,0.04378208635483669,0.04084469707557557
Dew,36.14076708997819,0.9434999036200034,0.05650009637999664,0.21978078078078078,0.7802192192192192,1150.4523154691976,93.25381578495991,0.026278018781080045,0.002283358355901457,0.043780024858552646,0.040840639641141145
Bubble,36.3598892632158,0.9430560560560561,0.056943943943943864,0.2189212300225589,0.7810787699774411,1150.3235575206077,93.87518887158926,0.026276159708124625,0.0022987694328728226,0.04377822217167168,0.04083714857573662
Dew,36.39574041875258,0.9429834150115223,0.05701658498847771,0.2187817817817818,0.7812182182182182,1150.302479545285,93.97694776653287,0.02627585531550739,0.002301293171177748,0.0437779271400693,0.04083658220670671
Dew,36.65486198902024,0.9424577392077882,0.05754226079221186,0.2177827827827828,0.7822172172172173,1150.1498451310908,94.71315745664626,0.02627365011006517,0.0023195518274922384,0.043775792107792436,0.040832524772272276
Bubble,36.8520941728337,0.9420570570570571,0.05794294294294289,0.21703311040136608,0.7829668895986339,1150.0334097536727,95.27441472906479,0.02627196696172199,0.0023334711777040955,0.04377416473723724,0.04082947997789515
Dew,36.91824972144184,0.9419225952760076,0.05807740472399237,0.2167837837837838,0.7832162162162162,1149.9943233183076,95.46284959517314,0.026271401806706805,0.0023381443345707673,0.04377361862071351,0.040828467337837834
Dew,37.18602668843684,0.9413776893572385,0.05862231064276142,0.2157847847847848,0.7842152152152152,1149.8358209961345,96.22644769507059,0.026269108982156147,0.0023570811659680228,0.04377140548532442,0.04082440990340341
Bubble,37.34288990742303,0.9410580580580581,0.05894194194194191,0.21520717669369357,0.7847928233063064,1149.7427754231585,96.67442157806757,0.0262677623216504,0.002368190439877771,0.043770107302802806,0.04082206394814143
Dew,37.458321430725434,0.9408227138453391,0.05917728615466088,0.2147857857857858,0.7852142142142142,1149.6742405795246,97.00439524096802,0.02626677014364558,0.002376373288660585,0.04376915145228285,0.04082035246896897
Dew,37.735268299356676,0.940257346498023,0.059742653501977085,0.2137867867867868,0.7862132132132131,1149.5094797147087,97.79715698665582,0.026264383724295536,0.002396032195080665,0.04376685521280172,0.04081629503453453
Bubble,37.832293334623124,0.9400590590590591,0.059940940940940934,0.2134408035934397,0.7865591964065604,1149.4516571619029,98.07525611226497,0.026263545844759033,0.0024029283561874983,0.04376604986836838,0.040814889823794755
Dew,38.01700782589517,0.9396812494733773,0.06031875052662273,0.21278778778778779,0.7872122122122123,1149.3414309597188,98.60522036191337,0.02626194807809887,0.0024160699378480417,0.04376451539473612,0.0408122376001001
Dew,38.303687123711605,0.9390940682837358,0.06090593171626422,0.2117887887887888,0.7882112112112112,1149.1699814372214,99.42909700024467,0.02625946147446801,0.0024364991674855484,0.043762130558334396,0.04080818016566567
Bubble,38.32027614860546,0.9390600600600602,0.06093993993993985,0.21173151359021442,0.7882684864097855,1149.1600462411427,99.47682252269534,0.026259317328295603,0.002437682571984878,0.043761992433933944,0.040807947542446654
Dew,38.59546032353414,0.9384954306583999,0.06150456934160009,0.2107897897897898,0.7892102102102102,1148.995012456739,100.26932440007447,0.026256922092298008,0.0024573331734278146,0.0437596991916191,0.040804122731231234
Bubble,38.80685463154501,0.9380610610610611,0.06193893893893887,0.21007696672642015,0.7899230332735798,1148.8679451281566,100.87916547714427,0.02625507682529574,0.002472454173811569,0.0437579349994995,0.040801227600359355
Dew,38.892489047091644,0.9378849453050601,0.06211505469493992,0.2097907907907908,0.7902092092092092,1148.8163991028687,101.12646773439494,0.026254328013492076,0.0024785859286929708,0.0437572197053565,0.0408000652967968
Dew,39.19494292283079,0.9372622005588799,0.06273779944112012,0.2087917917917918,0.7912082082082081,1148.6340097857255,102.00112182476646,0.02625167721588929,0.00250027213860969,0.04375469042756989,0.04079600786236236
Bubble,39.29203041921125,0.9370620620620621,0.0629379379379379,0.20847495119401757,0.7915250488059824,1148.5753526071971,102.28228355598787,0.026250824304638726,0.0025072431190348928,0.04375387756506507,0.0407947210142745
Dew,39.503000148561746,0.9366267629063968,0.06337323709360322,0.2077927927927928,0.7922072072072072,1148.4477057493077,102.8939132987512,0.026248967565526634,0.0025224072940700963,0.04375210959754433,0.04079195042792793
Bubble,39.77580515910823,0.9360630630630631,0.06393693693693692,0.20692337469189798,0.7930766253081021,1148.2822674598144,103.6861753726689,0.026246559735130563,0.0025420493656508683,0.04374982013063063,0.04078841928631115
Dew,39.816848106322105,0.9359781753698936,0.06402182463010646,0.2067937937937938,0.7932062062062062,1148.2573405328762,103.80550295178675,0.02624619680815692,0.002545007729826737,0.04374947535926483,0.040787892993493495
Dew,40.13668403552551,0.9353159557357025,0.06468404426429754,0.20579479479479482,0.7942052052052052,1148.0627593797867,104.73658833757572,0.026243362559934477,0.0025680906884274464,0.04374678575422056,0.04078383555905905
Bubble,40.25818050966709,0.9350640640640641,0.06493593593593594,0.20542025647293125,0.7945797435270687,1147.9886884646455,105.09083956843071,0.02624228308549906,0.0025768728721645793,0.043745762696196205,0.04078231437166481
Dew,40.46271577141896,0.9346395946076888,0.06536040539231125,0.20479579579579582,0.7952042042042042,1147.8637985873927,105.68790661480381,0.02624046229716712,0.002591674390474057,0.04374403871349913,0.040779778124624626
Bubble,40.73915813947509,0.9340650650650651,0.06593493493493485,0.20396372001749472,0.7960362799825053,1147.6946143972132,106.49627480745137,0.026237994324389263,0.002611713597479558,0.043741705261761764,0.040776398648851055
Dew,40.795162556642914,0.9339485532643537,0.06605144673564638,0.2037967967967968,0.7962032032032031,1147.6602847907025,106.66023768130023,0.026237493345017873,0.002615778111972415,0.04374123204908318,0.04077572069019019
Dew,41.13425593528941,0.9332422612947259,0.06675773870527414,0.2027977977977978,0.7972022022022022,1147.4520341713903,107.6544076327723,0.026234452865023163,0.0026404222696893454,0.043738363444248536,0.040771663255755757
Bubble,41.21873972657096,0.9330660660660661,0.06693393393393388,0.2025519862766075,0.7974480137233925,1147.4000440297482,107.90247977228891,0.026233693420359274,0.0026465715007941144,0.04373764782732733,0.040770664892262436
Dew,41.480240739617074,0.9325201139846804,0.06747988601531961,0.2017987987987988,0.7982012012012012,1147.2388515824919,108.67129258687903,0.026231337841273145,0.002665628515522104,0.04373543044294878,0.04076760582132132
Bubble,41.69692695783081,0.9320670670670671,0.0679329329329329,0.20118336743370652,0.7988166325662935,1147.1049761310205,109.30945315972464,0.026229380341876427,0.002681446541506793,0.043733590392892895,0.040765106246832
Dew,41.83337618185312,0.931781469420485,0.06821853057951498,0.2007997997997998,0.7992002002002002,1147.0205295775336,109.71182292192636,0.02622814506507552,0.0026914198410955617,0.0437324304380513,0.04076354838688689
Bubble,42.17372152831839,0.9310680680680681,0.06893193193193192,0.199856261139241,0.8001437388607591,1146.8094094661658,110.71719367664446,0.026225055057313207,0.002716338679122183,0.04372953295845847,0.04075971620461703
Dew,42.19393706498152,0.931025645271493,0.06897435472850702,0.19980080080080082,0.8001991991991992,1146.7968473311348,110.77698798579192,0.026224871117896176,0.0027178206939585583,0.043729360658270176,0.04075949095245246
Dew,42.56221512891529,0.9302519152072676,0.0697480847927324,0.19880180180180182,0.8011981981981982,1146.5675694358913,111.8678413405335,0.026221512352334966,0.002744857106993515,0.04372621815361432,0.040755433518018025
Bubble,42.649125140771964,0.9300690690690692,0.06993093093093083,0.19856914517682106,0.801430854823179,1146.5133427965475,112.12570003647042,0.02622071753494414,0.0027512478731696903,0.043725475524024025,0.04075448858313566
Dew,42.93852055108999,0.9294595048972484,0.07054049510275161,0.19780280280280282,0.8021971971971972,1146.332444557855,112.98550661883974,0.02621806487085452,0.0027725568429173898,0.04372299977914018,0.04075137608358358
Bubble,43.123139505059235,0.9290700700700701,0.07092992992992986,0.1973205725236531,0.8026794274763469,1146.2167748796023,113.53497095549712,0.02621636774294211,0.0027861740831195184,0.04372141808958959,0.04074941750530482
Dew,43.323183623883416,0.9286475875317598,0.07135241246824019,0.1968038038038038,0.8031961961961962,1146.0912039298173,114.13118408195055,0.026214524501931225,0.0028009495560840725,0.043719702176760245,0.04074731864914915
Bubble,43.59576633772464,0.9280710710710711,0.07192892892892888,0.196109166771842,0.803890833228158,1145.9197044687166,114.94500514981482,0.02621200564937558,0.00282111726831257,0.043717360655155156,0.04074449738084384
Dew,43.71655663503443,0.9278152787926535,0.07218472120734655,0.1958048048048048,0.8041951951951952,1145.8435596579363,115.30615798401406,0.026210886773238077,0.0028300669741765892,0.043716321754816365,0.04074326121471472
Bubble,44.06700736151865,0.9270720720720721,0.0729279279279279,0.1949336178799591,0.8050663821200409,1145.6221303130858,116.35580133200803,0.026207631222205256,0.002856077387884475,0.043713303220720715,0.040739722889019454
Dew,44.11901598217334,0.9269616311883774,0.07303836881162266,0.1948058058058058,0.8051941941941942,1145.5892028127162,116.51180486760293,0.026207146881397563,0.0028599431028644745,0.043712854665071604,0.040739203780280286
Dew,44.53096455829079,0.9260856276526818,0.07391437234731826,0.19380680680680681,0.8061931931931932,1145.3278012699711,117.74960293824849,0.026203299657756335,0.0028906144570720695,0.04370929677671137,0.040735146345845845
Bubble,44.53686430501311,0.9260730730730731,0.07392692692692693,0.1937926782276228,0.8062073217723772,1145.3240511576048,117.76735820838171,0.026203244429281562,0.0028910544007021803,0.04370924578628629,0.0407350889626215
Dew,44.952834451794814,0.9251861742863593,0.07481382571364066,0.19280780780780782,0.8071921921921922,1145.0589972606717,119.02114269362362,0.026199339529526217,0.0029221203231882685,0.04370564364686405,0.04073108891141141
Bubble,45.005338902185144,0.9250740740740742,0.07492592592592584,0.19268515894809018,0.8073148410519098,1145.0254657427436,119.17967447610107,0.026198845238341754,0.0029260482652980913,0.04370518835185186,0.04073059077306766
Dew,45.38509001391647,0.9242620920974837,0.07573790790251635,0.19180880880880882,0.8081911911911912,1144.7824045804082,120.3281390194617,0.026195260475505827,0.0029545030574468284,0.04370189048705394,0.04072703147697698
Bubble,45.4724328920853,0.9240750750750751,0.07592492492492486,0.19160992651628794,0.8083900734837121,1144.726372804446,120.59274882066502,0.026194433617007528,0.0029610589398120805,0.043701130917417425,0.040726223716545905
Dew,45.828231356353335,0.9233121075659549,0.076687892434045,0.19080980980980983,0.8091901901901901,1144.497605399069,121.67244500580885,0.026191055975435067,0.0029878084267298327,0.043698032124879126,0.04072297404254254
Bubble,45.938148018447016,0.9230760760760761,0.07692392392392389,0.190565899571786,0.809434100428214,1144.4267710740082,122.00657991324655,0.026190009532782187,0.0029960863819299744,0.04369707348298299,0.04072198340111081
Dew,46.28279835592722,0.9223348418209859,0.0776651581790141,0.18981081081081083,0.8101891891891891,1144.204146598676,123.0560677929602,0.026186718951832885,0.0030220859994211343,0.043694062960055936,0.040718916608108106
Bubble,46.402486029463674,0.9220770770770771,0.07792292292292291,0.18955204595804856,0.8104479540419515,1144.126659278005,123.42116640864455,0.02618557295304891,0.003031130548836768,0.043693016048548555,0.040717865634658616
Dew,46.74937525890989,0.92132879817385,0.07867120182614991,0.18881181181181184,0.8111881881881882,1143.9015355515426,124.48118682147998,0.02618224170291723,0.003057389595540338,0.04368997691378309,0.04071485917367367
Bubble,46.865448043866365,0.9210780780780782,0.07892192192192182,0.1885673799609976,0.8114326200390024,1143.8260359728522,124.83650475149133,0.026181123841283977,0.00306619134333675,0.04368895861411412,0.040713866413711594
Dew,47.22859599914629,0.9202923476897196,0.07970765231028047,0.1878128128128128,0.8121871871871872,1143.589235230976,125.95017494741691,0.026177615824887455,0.0030937778075252054,0.0436857673701418,0.040710801739239244
Bubble,47.32703705723275,0.9200790790790792,0.07992092092092085,0.1876109597313795,0.8123890402686205,1143.5249001984537,126.25259783257245,0.026176662172017723,0.0031012688264647477,0.043684901179679686,0.040709981912949
Dew,47.72115037012479,0.9192237124075971,0.08077628759240281,0.18681381381381382,0.8131861861861862,1143.2666585213574,127.4656229900183,0.026172832121445378,0.0031313146056481094,0.043681427107943455,0.04070674430480481
Bubble,47.78725422219591,0.9190800800800801,0.08091991991991987,0.1866818848768996,0.8133181151231004,1143.2232505085087,127.66944215441974,0.02617218790864018,0.003136362902270496,0.04368084374524525,0.04070620847542753
Dew,48.22779122516217,0.9181209457222602,0.08187905427773975,0.18581481481481482,0.8141851851851851,1142.9331615620933,129.03036841753865,0.026167880497915245,0.0031700700454609715,0.04367694822105096,0.04070268687037036
Bubble,48.24610130168285,0.9180810810810811,0.08191891891891889,0.18577929421111342,0.8142207057888866,1142.9210856096909,129.0870362838149,0.026167701018030183,0.003171473525413373,0.04367678631081081,0.04070254260343844
Bubble,48.70358006172734,0.9170820820820821,0.08291791791791792,0.18490236364739357,0.8150976363526065,1142.6184042034945,130.5053787607982,0.02616320146693567,0.003206600649811751,0.04367272887637638,0.04069898094995389
Dew,48.7493429230124,0.9169819093181452,0.0830180906818548,0.18481581581581583,0.8151841841841841,1142.5880359179666,130.64752905287403,0.026162749836655366,0.0032101210990047573,0.04367232202469565,0.04069862943593593
Bubble,49.15969227122127,0.9160830830830832,0.08391691691691683,0.18405030422716018,0.8159496957728398,1142.315204986144,131.92446809682488,0.026158689221971555,0.0032417442286000716,0.04366867144194195,0.04069552031061861
Dew,49.28671129278016,0.9158042458841457,0.08419575411585431,0.18381681681681683,0.8161831831831832,1142.230499313959,132.32054291152699,0.026157427849587567,0.003251552637207851,0.04366753894465846,0.0406945720015015
Bubble,49.61443970174127,0.9150840840840841,0.08491591591591585,0.18322236027244593,0.8167776397275541,1142.0114866485278,133.34430277312327,0.026154164249618125,0.0032769042140907497,0.04366461400750751,0.04069215761624654
Dew,49.84089546576967,0.9145853466255252,0.08541465337447489,0.18281781781781783,0.8171821821821822,1141.8596846009318,134.05321558595236,0.02615190090253222,0.0032944585983301507,0.04366258838531957,0.04069051456706707
Bubble,50.06782412731003,0.9140850850850851,0.08591491491491487,0.1824178076538304,0.8175821923461696,1141.7072478761104,134.7648812389391,0.026149626516218976,0.0033120805577331242,0.04366055657307307,0.04068888992578603
Dew,50.413084268075735,0.9133223123059184,0.08667768769408161,0.18181881881881884,0.8181811811811812,1141.4745993171819,135.85004852119906,0.02614615318135272,0.003338950060909588,0.04365745857143049,0.04068645713263263
Bubble,50.5198473242552,0.9130860860860861,0.0869139139139139,0.18163595216535797,0.818364047834642,1141.4024873488656,136.18620191010174,0.026145075987979424,0.0033472732100802154,0.043656499138638644,0.040685714419719604
Bubble,50.97051107101856,0.9120870870870871,0.08791291291291292,0.18087612799884212,0.8191238720011579,1141.0972037412077,137.60826316746218,0.02614051263096487,0.0033824821207522064,0.04365244170420421,0.0406826283938673
Dew,51.00437230801888,0.912011906172593,0.087988093827407,0.18081981981981982,0.8191801801801801,1141.0742082888262,137.71531544073005,0.02614016869549929,0.003385132550251931,0.04365213635691999,0.040682399698198195
Bubble,51.419817147986265,0.9110880880880882,0.08891191191191183,0.18013769631053134,0.8198623036894687,1140.7913957219141,139.03106335542006,0.02613593641109894,0.0034177072384020107,0.043648384269769774,0.040679629253565226
Dew,51.61620051352678,0.910650496591368,0.08934950340863199,0.17982082082082082,0.8201791791791792,1140.657277402536,139.65452835106996,0.026133927835766665,0.0034331420746089277,0.04364660699190584,0.04067834226376377
Bubble,51.86776733735718,0.9100890890890891,0.08991091091091086,0.17942004387366908,0.820579956126331,1140.4850619540678,140.45460078060182,0.02613134729416213,0.003452948510684464,0.04364432683533533,0.04067671450819291
Dew,52.250119903419105,0.9092339865067278,0.09076601349327214,0.17882182182182182,0.8211781781781782,1140.2224343414084,141.6736791366845,0.02612740893249143,0.0034831264945690385,0.043640853836197084,0.04067428482932933
Bubble,52.31436342294909,0.9090900900900901,0.09090990990990988,0.17872258181105102,0.821277418188949,1140.1782010949744,141.87887371039113,0.026126745245789815,0.003488205884221774,0.043640269400900905,0.04067388176602558
Bubble,52.75960719012544,0.9080910910910911,0.0919089089089089,0.1780447444019968,0.8219552555980032,1139.870811796119,143.3038803718215,0.026122130231471193,0.003523479304577819,0.04363621196646647,0.04067112872938871
Dew,52.90788521278959,0.9077577258220298,0.09224227417797018,0.17782282282282283,0.8221771771771772,1139.7681186730515,143.77957116510157,0.026120587319971522,0.0035352536824800104,0.043634858003426175,0.04067022739489489
Bubble,53.20350042559048,0.9070920920920922,0.09290790790790782,0.1773859879588213,0.8226140120411787,1139.5628927030818,144.72961895013876,0.026117502216547316,0.0035587687162242313,0.04363215453203204,0.04066845319009475
Dew,53.591494928159534,0.9062164013561543,0.09378359864384568,0.17682382382382383,0.8231761761761762,1139.292544130824,145.9799809439701,0.026113434733194003,0.003589715507654294,0.043628597914108024,0.040666169960460456
Bubble,53.646044917336496,0.9060930930930932,0.09390690690690684,0.17674578976799105,0.823254210232009,1139.254442455491,146.15608758778524,0.026112861166209894,0.0035940740625167882,0.0436280970975976,0.040665853025142695
Bubble,54.08724245447148,0.9050940940940941,0.09490590590590586,0.1761236470917674,0.8238763529082326,1138.9454596869537,147.58328438310033,0.026108207045499675,0.003629395285664763,0.04362403966316316,0.040663326192663204
Dew,54.30324211724961,0.9046038969338225,0.09539610306617755,0.17582482482482484,0.8241751751751751,1138.7936506138005,148.28386367143793,0.026105918539735706,0.0036467329034252207,0.04362204872739672,0.04066211252602603
Bubble,54.52709482710397,0.9040950950950951,0.09590490490490489,0.17551907622632654,0.8244809237736734,1138.6359430249931,149.01120738923473,0.026103539819304914,0.0036647323267054526,0.04361998222872873,0.040660870728093226
Bubble,54.96560382629538,0.9030960960960961,0.09690390390390391,0.17493161161254397,0.825068388387456,1138.3258910909992,150.43985461314034,0.026098859452360196,0.003700085125480557,0.0436159247942943,0.04065848474056435
Dew,55.04577985207728,0.9029131130579381,0.0970868869420619,0.17482582582582584,0.8251741741741742,1138.2690422632072,150.70161819099258,0.02609800074835756,0.003706562398312035,0.043615181608684814,0.040658055091591594
Bubble,55.40277124388075,0.9020970970970972,0.09790290290290282,0.1743608049963101,0.8256391950036899,1138.0153025001594,151.86922401447163,0.026094165909244755,0.0037354536206102495,0.04361186735985986,0.04065616640949252
Dew,55.822206714626304,0.9011357309005802,0.09886426909941982,0.17382682682682685,0.8261731731731732,1137.7159063438048,153.24543378505714,0.026089636709629306,0.0037695046641514768,0.04360796277105271,0.040653997657157166
Bubble,55.83859887241931,0.9010980980980982,0.09890190190190185,0.17380622463483567,0.8261937753651644,1137.7041758614073,153.29931350457358,0.026089459154381236,0.0037708377494694145,0.04360780992542543,0.04065391398135439
Bubble,56.27308850508961,0.9000990990990991,0.09990090090090087,0.17326745454634743,0.8267325454536526,1137.3925097773656,154.73012094555102,0.02608473915203429,0.003806237448165783,0.043603752490991,0.040651725766639994
Dew,56.63618050099817,0.8992618980288763,0.10073810197112364,0.17282782782782785,0.8271721721721721,1137.1309051260305,155.92975200472404,0.02608077338320612,0.0038359158992701693,0.04360035219884428,0.04064994022272272
Bubble,56.70624193558172,0.8991001001001001,0.10089989989989989,0.17274409380026481,0.8272559061997352,1137.0803028442829,156.16164414928022,0.026080005866309094,0.0038416526515166172,0.043599695056556566,0.040649600136969784
Bubble,57.1380609580802,0.8981011011011012,0.1018988988988988,0.1722357558453028,0.8277642441546972,1136.7675536519957,157.59388087661958,0.02607525926115038,0.0038770832930302974,0.043595637622122124,0.0406475355223657
Dew,57.4920724310703,0.897279801583696,0.10272019841630392,0.17182882882882883,0.8281711711711712,1136.5100289161608,158.77189392126678,0.02607134698128239,0.0039062232883035164,0.04359230191413219,0.04064588278828829
Bubble,57.56854736706339,0.8971021021021022,0.10289789789789783,0.171742067873398,0.828257932126602,1136.454260783844,159.02682883632005,0.026070499300340392,0.003912529304880396,0.04359158018768769,0.04064553040866781
Bubble,57.997702957355266,0.8961031031031031,0.10389689689689685,0.17126267021686348,0.8287373297831365,1136.1404228166507,160.46048568443535,0.02606572594749841,0.003947990617892123,0.043587522753253255,0.040643583335085796
Dew,58.395181082456006,0.8951750753260321,0.10482492467396791,0.17082982982982983,0.8291701701701701,1135.8483916988766,161.7929315503678,0.026061279690271034,0.0039809464791921755,0.04358375356843668,0.040641825353853855
Bubble,58.42552952396235,0.8951041041041041,0.10489589589589587,0.1707972157771615,0.8292027842228384,1135.8260383206402,161.89484902331856,0.026060939166078743,0.003983467161518474,0.04358346531881883,0.04064169289187894
Bubble,58.85202886206967,0.8941051051051051,0.1058948948948949,0.17034536948307596,0.829654630516924,1135.5111058594073,163.32991640100155,0.026056138919369986,0.004018958863825827,0.043579407884384386,0.04063985771815551
Bubble,59.27720276689615,0.8931061061061062,0.10689389389389381,0.1699068077767265,0.8300931922232735,1135.1956239898398,164.76568531019802,0.026051325170493116,0.004054465651470217,0.04357535044994995,0.040638076499785174
Dew,59.3520370848763,0.8929299539148079,0.10707004608519209,0.16983083083083084,0.8301691691691692,1135.1399394126863,165.01893073649117,0.026050474988691043,0.004060728213806108,0.043574635007825,0.040637767919419414
Bubble,59.70105303371572,0.8921071071071072,0.10789289289289283,0.1694812181256488,0.8305187818743511,1134.8795912620903,166.20215318784318,0.026046497882400814,0.004089987449686815,0.043571293015515516,0.04063634796741732
Bubble,60.12358145774548,0.8911081081081081,0.10889189189189186,0.16906829855950323,0.8309317014404968,1134.5630062195107,167.63931741424597,0.02604165701787585,0.00412552418226983,0.04356723558108109,0.04063467089459943
Dew,60.37085070252088,0.8905220287050036,0.10947797129499637,0.16883183183183184,0.8311681681681682,1134.3770204249893,168.4827794807641,0.026038810750253782,0.004146379384748091,0.04356485521958538,0.040633710484984986
Bubble,60.54478983409885,0.8901091091091091,0.10989089089089088,0.16866775722988842,0.8313322427701115,1134.2458673986023,169.07717531241164,0.026036802539529887,0.004161075771556603,0.04356317814664665,0.04063304409598918
Bubble,60.964679957733026,0.8891101101101102,0.11088988988988979,0.16827931199200888,0.8317206880079911,1133.9281733289647,170.51572414742742,0.026031934409802195,0.004196642138413205,0.04355912071221222,0.040631466425655544
Bubble,61.38325362340279,0.8881111111111112,0.11188888888888882,0.16790269000688574,0.8320973099931143,1133.6099225332482,171.9549611258649,0.026027052590958517,0.0042322232022204654,0.04355506327777778,0.04062993677546296
Dew,61.46219400585718,0.8879223482585266,0.1120776517414734,0.16783283283283285,0.8321671671671671,1133.5497293297972,172.22697850422438,0.026026128702893322,0.0042389478022355565,0.043554296617452005,0.040629653050550545
Bubble,61.80051262559626,0.8871121121121122,0.11288788788788784,0.16753762736293332,0.8324623726370667,1133.2911135270936,173.39488339506383,0.02602215704508956,0.004267818880857039,0.04355100584334334,0.040628454073534555
Bubble,62.21645875851748,0.8861131131131131,0.11388688688688686,0.16718386871588956,0.8328161312841105,1132.9717448190995,174.8354880427359,0.02601724773411021,0.00430342909069034,0.04354694840890891,0.040627017282789585
Bubble,62.631093816005986,0.8851141141141141,0.11488588588588589,0.16684116694598655,0.8331588330540134,1132.6518149107517,176.2767720962511,0.02601232461975779,0.004339053746559648,0.043542890974474474,0.04062562539955113
Dew,62.640088162555074,0.8850923846941906,0.11490761530580941,0.16683383383383385,0.8331661661661661,1132.644858453263,176.30809545210985,0.02601221758106286,0.004339827952754215,0.04354280272043545,0.04062559561611612
Bubble,63.04441959149928,0.8841151151151152,0.1158848848848848,0.1665092828314535,0.8334907171685465,1132.3313222963836,177.71873252214593,0.02600738766359109,0.00437469276176466,0.043538833540040046,0.04062427745221995
Bubble,63.45643787802796,0.8831161161161162,0.11688388388388382,0.1661879847374037,0.8338120152625963,1132.0102654631266,179.1613662257098,0.026002436826989148,0.004410346048055972,0.04353477610560561,0.04062297250001096
Bubble,63.8671504681401,0.8821171171171172,0.11788288288288284,0.16587704831935432,0.8341229516806457,1131.68864289086,180.60467005041818,0.025997472071149986,0.004446013515621742,0.04353071867117118,0.040621709631749055
Dew,63.92383520431117,0.881978908613017,0.11802109138698307,0.16583483483483485,0.8341651651651651,1131.6441266340862,180.80428015877212,0.025996784662746443,0.004450946179096339,0.043530157337331774,0.040621538181681675
Bubble,64.27655915387204,0.8811181181181181,0.11888188188188187,0.16557625624047104,0.834423743759529,1131.366453052155,182.04864077745094,0.025992493357089277,0.004481695073076475,0.04352666123673674,0.040620487964720675
Bubble,64.68466572673346,0.8801191191191192,0.11988088088088078,0.1652853979019021,0.8347146020980979,1131.0436944122378,183.4932751253574,0.025987500645639372,0.004517390627453399,0.04352260380230231,0.04061930664357857
Bubble,65.09147197764182,0.8791201201201202,0.1208798798798798,0.1650042691854304,0.8349957308145696,1130.7203654289256,184.938569749503,0.02598249389744779,0.004553100084191433,0.04351854636786787,0.040618164839296624
Dew,65.34144408161531,0.878504682712645,0.12149531728735492,0.16483583583583583,0.8351641641641642,1130.5208938354292,185.8292942307047,0.0259794024912441,0.004575106353519939,0.043516046768837406,0.04061748074724725
Bubble,65.49697969692035,0.8781211211211212,0.12187887887887883,0.1647326722078549,0.8352673277921451,1130.3964645525894,186.3845212418233,0.025977473072976234,0.00458882334712975,0.04351448893343343,0.04061706174817221
Bubble,65.90119067425601,0.8771221221221221,0.12287787787787785,0.1644704150863925,0.8355295849136075,1130.071990226098,187.8311261303482,0.025972438132499248,0.004624560318496647,0.043510431498999004,0.040615996590873386
Bubble,66.30410669867426,0.8761231231231231,0.12387687687687687,0.1642173117146245,0.8357826882853755,1129.7469408847737,189.2783808788833,0.025967389036103086,0.004660310898902302,0.04350637406456457,0.040614968611528954
Bubble,66.7057295585102,0.8751241241241242,0.12487587587587579,0.1639731815484087,0.8360268184515913,1129.4213149563393,190.72628188670683,0.02596232574368444,0.00469607498733187,0.043502316630130135,0.04061397707685886
Dew,66.9360224837697,0.874549849794652,0.12545015020534805,0.16383683683683684,0.8361631631631632,1129.233868743772,191.5589204261294,0.025959408701484377,0.004716640578429053,0.04349998421494098,0.04061342331281281
Bubble,67.10606104139087,0.8741251251251252,0.1258748748748748,0.16373784940116506,0.8362621505988349,1129.0951108608701,192.17482548819393,0.02595724821494921,0.0047318524811368326,0.04349825919569569,0.04061302127534283
Bubble,67.50510293419862,0.8731261261261262,0.12687387387387383,0.16351114524823313,0.8364888547517668,1128.7683270107477,193.6240079525959,0.025952156409411366,0.004767643276030109,0.043494201761261266,0.0406121005164257
Bubble,67.90285702306403,0.8721271271271271,0.12787287287287286,0.1632929040396413,0.8367070959603586,1128.4409618106085,195.0738254837619,0.0259470502863917,0.004803447266079783,0.04349014432682683,0.040611214129757
Bubble,68.29932509333868,0.8711281281281281,0.12887187187187188,0.16308296552097643,0.8369170344790235,1128.1130136572965,196.52427421983566,0.02594192980501661,0.004839264343702196,0.043486086892392396,0.040610361464463444
Bubble,68.69450892956974,0.8701291291291292,0.1298708708708708,0.16288117406197947,0.8371188259380206,1127.7844809398114,197.9753502330668,0.025936794924216848,0.00487509439965785,0.043482029457957955,0.040609541888452734
Dew,68.78132401320488,0.8699092456754614,0.13009075432453865,0.16283783783783784,0.8371621621621621,1127.712092832994,198.29484941352075,0.02593566282225768,0.004882983152393886,0.04348113640131089,0.04060936587837837
Bubble,69.0884103154959,0.8691301301301302,0.13086986986986981,0.1626873784923864,0.8373126215076137,1127.4553620392649,199.42704952963862,0.02593164560272639,0.0049109373230477186,0.04347797202352353,0.04060875478774682
Bubble,69.48103103401341,0.8681311311311312,0.13186886886886884,0.16250143194471386,0.8374985680552861,1127.1256553288258,200.87936804938784,0.02592648179908113,0.004946793001306896,0.04347391458908909,0.04060799956584345
Bubble,69.87237286717553,0.8671321321321321,0.13286786786786786,0.16232319170364995,0.83767680829635,1126.7953591736768,202.33230166570337,0.025921303471617734,0.004982661320202649,0.04346985715465466,0.04060727564310438
Bubble,70.26243759616396,0.8661331331331332,0.13386686686686677,0.16215251906172348,0.8378474809382765,1126.4644719309615,203.78584618532872,0.025916110578472387,0.0050185421638301,0.04346579972022022,0.040606582456169195
Bubble,70.65122700129292,0.8651341341341342,0.1348658658658658,0.16198927918094022,0.8380107208190598,1126.1329919497375,205.23999734828172,0.02591090307757958,0.0050544354146107705,0.04346174228578579,0.04060591945739339
Dew,71.02479451101198,0.8641711602643867,0.13582883973561335,0.16183883883883884,0.8381611611611611,1125.8129082972603,206.64230389460167,0.02590586962244526,0.005089046526512009,0.04345783116741381,0.04060530844394394
Bubble,71.03874286197063,0.8641351351351352,0.13586486486486482,0.16183334096011132,0.8381666590398886,1125.800917570924,206.69475082764873,0.02590568092667081,0.0050903409532880636,0.04345768485135136,0.04060528611430949
Bubble,71.42498695670665,0.8631361361361362,0.13686386386386384,0.1616845769075883,0.8383154230924117,1125.468247127256,208.1501022295387,0.02590044408327348,0.00512625865892666,0.04345362741691692,0.04060468190911017
Bubble,71.80996106309851,0.8621371371371371,0.13786286286286287,0.1615428630191893,0.8384571369808107,1125.1349789432368,209.6060470930312,0.025895192504709626,0.005162188408911764,0.043449569982482485,0.04060410633815244
Bubble,72.19366695779972,0.8611381381381382,0.13886186186186178,0.16140807866097884,0.8385919213390212,1124.801111335074,211.06258088993022,0.025889926148094433,0.0051981300789435865,0.04344551254804805,0.04060355891148156
Bubble,72.57610641655035,0.8601391391391392,0.1398608608608608,0.16128010645684018,0.8387198935431598,1124.4666426106555,212.5196990250004,0.02588464497033553,0.0052340835430436565,0.04344145511361362,0.040603039152374454
Bubble,72.95728121411159,0.8591401401401402,0.14085985985985983,0.1611588321804251,0.8388411678195749,1124.13157106947,213.9773968356158,0.025879348928131093,0.005270048673546717,0.04343739767917919,0.040602546596900796
Bubble,73.3371931243098,0.8581411411411412,0.14185885885885885,0.16104414465140057,0.8389558553485994,1123.79589500258,215.4356695919432,0.025874037977969118,0.005306025341105757,0.043433340244744746,0.040602080793501666
Bubble,73.71584391999833,0.8571421421421422,0.14285785785785776,0.16093593563578976,0.8390640643642102,1123.45961269256,216.89451249684245,0.02586871207612587,0.005342013414690075,0.04342928281031031,0.040601641302584764
Dew,74.07137115652374,0.8562011444107698,0.1437988555892302,0.16083983983983985,0.8391601601601602,1123.1423024543615,218.26923883279295,0.02586368176491306,0.005375923977851583,0.043425460948024346,0.04060125100950951
Bubble,74.09323537304827,0.8561431431431432,0.14385685685685679,0.16083409975018328,0.8391659002498167,1123.1227224134464,218.35392068585918,0.025863371178664683,0.005378012761585611,0.04342522537587588,0.040601227696135375
Bubble,74.46936925434987,0.8551441441441442,0.1448558558558558,0.16073853436965033,0.8392614656303496,1122.7852224306869,219.81388922724355,0.025858015241434655,0.005414023247395927,0.04342116794144145,0.04060083955734233
Bubble,74.84424733379548,0.8541451451451452,0.14585485485485483,0.160649139539213,0.839350860460787,1122.447111001091,221.27441312195984,0.02585264422006944,0.005450044736042958,0.04341711050700701,0.04060047648023851
Bubble,75.21787138028161,0.8531461461461461,0.14685385385385386,0.16056581788870952,0.8394341821112905,1122.1083863727765,222.73548730376274,0.025847258069985873,0.005486077089769397,0.04341305307257257,0.040600138069354995
Bubble,75.59024316168839,0.8521471471471472,0.14785285285285277,0.1604884745508703,0.8395115254491297,1121.7690467851164,224.19710663915086,0.02584185674638268,0.005522120169138064,0.04340899563813814,0.04059982393938836
Bubble,75.96136444487615,0.8511481481481482,0.1488518518518518,0.16041701708251282,0.8395829829174872,1121.4290904686882,225.65926592745367,0.025836440204239194,0.005558173833034554,0.04340493820370371,0.04059953371488063
Bubble,76.33123699566367,0.8501491491491492,0.14985085085085081,0.16035135538870793,0.8396486446112921,1121.088515645214,227.12195990085348,0.025831008398313888,0.005594237938668274,0.04340088076926927,0.04059926702991124
Bubble,76.69986257884949,0.8491501501501502,0.15084984984984984,0.16029140164972716,0.8397085983502728,1120.7473205275185,228.58518322451351,0.02582556128314326,0.005630312341576116,0.043396823334834835,0.04059902352780037
Bubble,77.06724295817016,0.8481511511511511,0.15184884884884886,0.160237070250738,0.839762929749262,1120.4055033194634,230.0489304965148,0.025820098813040288,0.005666396895621401,0.0433927659004004,0.040598802860823374
Bubble,77.43337989630764,0.8471521521521522,0.15284784784784777,0.16018827771411015,0.8398117222858899,1120.0630622159003,231.51319624803833,0.025814620942093174,0.005702491452998852,0.043388708465965965,0.040598604689935855
Bubble,77.79827515485462,0.8461531531531532,0.1538468468468468,0.16014494263414566,0.8398550573658543,1119.719995402605,232.97797494326375,0.025809127624163757,0.005738595864232616,0.04338465103153153,0.04059842868450858
Bubble,78.16193049433481,0.8451541541541542,0.15484584584584582,0.16010698561425177,0.8398930143857483,1119.3763010562338,234.44326097962343,0.025803618812886397,0.005774709978182998,0.043380593597097096,0.040598274522072285
Bubble,78.52434767416703,0.8441551551551552,0.15584484484484484,0.16007432920631617,0.8399256707936839,1119.031977344257,235.90904868769005,0.025798094461666334,0.005810833642044214,0.04337653616266266,0.040598141888071454
Bubble,78.88552845264967,0.8431561561561562,0.15684384384384376,0.16004689785235465,0.8399531021476454,1118.6870224249049,237.3753323313006,0.02579255452367832,0.005846966701347907,0.043372478728228234,0.040598030475627336
Bubble,79.24550318348145,0.8421571571571572,0.15784284284284278,0.16002461782838706,0.8399753821716129,1118.341443255029,238.84227497854812,0.025786999154960438,0.005883113159558616,0.0433684212937938,0.04059793998530999
Bubble,79.6042182619818,0.8411581581581582,0.1588418418418418,0.16000741718930075,0.8399925828106992,1117.9952209438338,240.30954531639603,0.025781427915551818,0.0059192648426381715,0.043364363859359364,0.040597870124914344
Bubble,79.96170233622561,0.8401591591591592,0.15984084084084083,0.15999522571768862,0.8400047742823114,1117.648361886471,241.77729494729593,0.02577584094848578,0.0059554254715878515,0.04336030642492493,0.04059782060925239
Bubble,80.31795716933637,0.8391601601601602,0.16083983983983985,0.15998797487251223,0.8400120251274877,1117.3008642068298,243.24551794695935,0.025770238206074787,0.005991594887235008,0.0433562489904905,0.04059779115994471
Bubble,80.67298452392868,0.8381611611611612,0.16183883883883876,0.15998559774053445,0.8400144022594656,1116.9527260194993,244.7142083309205,0.025764619640398948,0.006027772928908354,0.043352191556056054,0.04059778150522318
Bubble,81.0267861621148,0.8371621621621622,0.16283783783783778,0.15998802898924616,0.8400119710107539,1116.6039454297231,246.18336005493447,0.025758985203304795,0.006063959434448233,0.043348134121621626,0.040597791379739824
Bubble,81.37936384553186,0.8361631631631632,0.1638368368368368,0.15999520482140384,0.8400047951785962,1116.254520533349,247.65296701546924,0.02575333484640409,0.006100154240219238,0.04334407668718719,0.04059782052438213
Bubble,81.73071933537551,0.8351641641641642,0.16483583583583583,0.16000706293117634,0.8399929370688237,1115.9044494167886,249.12302305030212,0.02574766852107274,0.006136357181125331,0.04334001925275276,0.040597868686094975
Bubble,82.08085439240705,0.8341651651651653,0.16583483483483474,0.16002354246171685,0.8399764575382831,1115.5537301569639,250.59352193888745,0.02574198617844947,0.006172568090619415,0.043335961818318315,0.04059793561770826
Bubble,82.4297707769921,0.8331661661661662,0.16683383383383377,0.16004458396428575,0.8399554160357142,1115.2023608212648,252.06445740306432,0.0257362877694347,0.006208786800721175,0.04333190438388389,0.04059802107777095
Bubble,82.7774702491318,0.8321671671671672,0.1678328328328328,0.16007012935865392,0.839929870641346,1114.8503394675054,253.53582310756013,0.025730573244689494,0.006245013142029975,0.04332784694944945,0.04059812483039018
Bubble,83.12395456847469,0.8311681681681682,0.1688318318318318,0.1601001218949132,0.8398998781050868,1114.497664143871,255.00761266054676,0.025724842554634145,0.006281246943738996,0.04332378951501502,0.04059824664507619
Bubble,83.46922549434426,0.8301691691691692,0.16983083083083084,0.1601345061164973,0.8398654938835027,1114.1443328888718,256.4798196141585,0.02571909564944705,0.006317488033648459,0.043319732080580584,0.040598386296592154
Bubble,83.81328478578816,0.8291701701701703,0.17082982982982975,0.16017322782450943,0.8398267721754906,1113.7903437313034,257.95243746525756,0.025713332479063645,0.006353736238184916,0.04331567464614615,0.04059854356480925
Bubble,84.15613420158236,0.8281711711711712,0.17182882882882877,0.16021623404316723,0.8397837659568328,1113.4356946901912,259.4254596558858,0.025707552993175044,0.006389991382412838,0.043311617211711714,0.04059871823456633
Bubble,84.49777550026607,0.8271721721721722,0.1728278278278278,0.16026347298644608,0.839736527013554,1113.0803837747462,260.8988795739691,0.025701757141226876,0.006426253290052382,0.04330755977727728,0.04059891009553445
Bubble,84.83821044018008,0.8261731731731732,0.17382682682682682,0.16031489402574015,0.8396851059742598,1112.724408984318,262.3726905539163,0.02569594487241811,0.006462521783494605,0.04330350234284284,0.040599118942085545
Bubble,85.17744162482583,0.8251741741741743,0.17482582582582573,0.1603704476586594,0.8396295523413406,1112.3677685790183,263.84689175566973,0.025690116141950936,0.0064987968286084295,0.04329944490840841,0.04059934457316564
Bubble,85.51546920489275,0.8241751751751752,0.17582482482482475,0.16043008547877383,0.8395699145212262,1112.010460024371,265.32146528259426,0.025684270886658082,0.006535077971132223,0.04329538747397398,0.04059958679217204
Bubble,85.8522957086075,0.8231761761761762,0.17682382382382378,0.16049376014636862,0.8395062398536314,1111.6524815359567,266.7964096285622,0.025678409060674368,0.006571365160509954,0.04329133003953955,0.04059984540683448
Bubble,86.1879228946306,0.8221771771771772,0.1778228228228228,0.16056142536015724,0.8394385746398427,1111.2938310734933,268.271717928003,0.02567253061220661,0.006607658214167512,0.0432872726051051,0.04060012022910028
Bubble,86.52235252162544,0.8211781781781782,0.17882182182182182,0.16063303582981583,0.8393669641701842,1110.9345065866225,269.7473832657695,0.0256666354892094,0.006643956948300874,0.04328321517067067,0.0406004110750228
Bubble,86.8555863483075,0.8201791791791793,0.17982082082082074,0.16070854724950506,0.8392914527504949,1110.57450601486,271.2233986780512,0.025660723639383855,0.006680261177898994,0.043279157736236244,0.040600717764653856
Bubble,87.18762613351969,0.8191801801801802,0.18081981981981976,0.16078791627211775,0.8392120837278823,1110.2138272875698,272.69975715324125,0.025654795010176895,0.006716570716765579,0.04327510030180181,0.04060104012193921
Bubble,87.51847363621833,0.8181811811811812,0.18181881881881878,0.16087110048442765,0.8391288995155723,1109.8524683238938,274.17645163252837,0.025648849548779495,0.006752885377534069,0.04327104286736737,0.040601377974617506
Bubble,87.84813061553893,0.8171821821821822,0.1828178178178178,0.16095805838296218,0.8390419416170378,1109.4904270327206,275.653475010794,0.02564288720212583,0.006789204971690135,0.04326698543293293,0.0406017311541224
Bubble,88.17659883084116,0.8161831831831833,0.18381681681681672,0.1610487493506358,0.8389512506493642,1109.1277013126369,277.13082013743895,0.025636907916892052,0.006825529309592437,0.0432629279984985,0.040602099495487605
Bubble,88.50388004172346,0.8151841841841843,0.18481581581581574,0.16114313363412866,0.8388568663658713,1108.764289051874,278.6084798170924,0.025630911639494918,0.006861858200490484,0.04325887056406407,0.04060248283725501
Bubble,88.82997600810776,0.8141851851851852,0.18581481481481477,0.16124117232192808,0.838758827678072,1108.4001881282754,280.0864468106287,0.02562489831609096,0.006898191452550062,0.04325481312962963,0.04060288102138551
Bubble,89.15488849020976,0.8131861861861862,0.1868138138138138,0.1613428273230874,0.8386571726769125,1108.0353964092292,281.5647138356846,0.025618867892574716,0.00693452887286636,0.043250755695195195,0.04060329389317272
Bubble,89.47861924866481,0.8121871871871872,0.1878128128128128,0.16144806134656461,0.8385519386534354,1107.6699117516457,283.04327356785166,0.02561282031457817,0.006970870267493731,0.04324669826076077,0.04060372130115907
Bubble,89.80117004450622,0.8111881881881883,0.18881181181181173,0.16155683788131112,0.8384431621186889,1107.3037320018946,284.5221186413432,0.02560675552746914,0.007007215441462448,0.04324264082632633,0.04060416309705495
Bubble,90.12254263921858,0.8101891891891893,0.18981081081081075,0.16166912117679982,0.8383308788232002,1106.9368549957583,286.00124164975875,0.02560067347635009,0.00704356419879797,0.04323858339189189,0.040604619135659575
Bubble,90.44273879481122,0.8091901901901902,0.19080980980980977,0.16178487622427817,0.8382151237757218,1106.5692785583956,287.4806351472009,0.025594574106057134,0.007079916342548759,0.043234525957457456,0.0406050892747849
Bubble,90.76176027383167,0.8081911911911912,0.1918088088088088,0.16190406873850685,0.8380959312614932,1106.2010005042866,288.9602916489635,0.02558845736115867,0.0071162716748036136,0.04323046852302302,0.04060557337518145
Bubble,91.07960883940392,0.8071921921921922,0.19280780780780782,0.1620266651400668,0.8379733348599332,1105.8320186371834,290.44020363238343,0.0255823231859541,0.007152629996713018,0.043226411088588594,0.04060607130046638
Bubble,91.39628625529608,0.8061931931931933,0.19380680680680673,0.16215263253819862,0.8378473674618014,1105.462330750069,291.9203635378724,0.025576171524472766,0.007188991108514872,0.04322235365415416,0.0406065829170539
Bubble,91.71179428596102,0.8051941941941942,0.19480580580580575,0.16228193871410834,0.8377180612858917,1105.0919346251128,293.4007637697402,0.025570002320472775,0.007225354809555157,0.04321829621971972,0.04060710809408735
Bubble,92.02613469654393,0.8041951951951952,0.19580480480480478,0.16241455210482675,0.8375854478951732,1104.720828033607,294.8813966969519,0.025563815517439383,0.0072617208983068865,0.04321423878528529,0.04060764670337375
Bubble,92.33930925297598,0.8031961961961962,0.1968038038038038,0.16255044178750916,0.8374495582124908,1104.3490087359385,296.3622546542859,0.02555761105858429,0.007298089172398971,0.043210181350850856,0.04060819861931997
Bubble,92.65131972199015,0.8021971971971973,0.1978028028028027,0.16268957746412516,0.8373104225358748,1103.9764744815297,297.84332994297625,0.025551388886844054,0.007334459428632423,0.04320612391641642,0.04060876371887054
Bubble,92.96216787116926,0.8011981981981983,0.19880180180180174,0.16283192944673733,0.8371680705532627,1103.6032230087926,299.32461483177855,0.025545148944878953,0.00737083146300686,0.043202066481981986,0.04060934188144792
Bubble,93.27185546898292,0.8001991991991992,0.19980080080080076,0.16297746864305837,0.8370225313569416,1103.2292520450778,300.8061015577227,0.02553889117507166,0.007407205070739435,0.04319800904754755,0.04060993298889378
Bubble,93.58038428485919,0.7992002002002002,0.20079979979979978,0.16312616654252668,0.8368738334574733,1102.8545593066344,302.28778232721857,0.025532615519526167,0.007443580046292339,0.043193951613113124,0.04061053692541248
Bubble,93.88775608920193,0.7982012012012012,0.2017987987987988,0.16327799520271513,0.8367220047972849,1102.479142498555,303.7696493167877,0.025526321920066423,0.007479956183391163,0.04318989417867868,0.04061115357751583
Bubble,94.19397265343392,0.7972022022022023,0.20279779779779772,0.16343292723614555,0.8365670727638544,1102.1029993147229,305.2516946739508,0.02552001031823494,0.007516333275047061,0.04318583674424425,0.04061178283396961
Bubble,94.49903575007319,0.7962032032032033,0.20379679679679674,0.1635909357974867,0.8364090642025133,1101.7261274377756,306.733910518311,0.02551368065529183,0.007552711113583735,0.04318177930980981,0.040612424585741484
Bubble,94.80294715273395,0.7952042042042042,0.20479579579579577,0.1637519945710975,0.8362480054289025,1101.348524539042,308.2162889422071,0.02550733287221322,0.007589089490653814,0.04317772187537538,0.04061307872595052
Bubble,95.10563981100269,0.7942052052052052,0.2057947947947948,0.16391607775643463,0.8360839222435654,1100.9701645513712,309.6982179552789,0.025500966360115996,0.007625453324063732,0.043173664440940944,0.04061374514980776
Bubble,95.40732211235827,0.7932062062062063,0.2067937937937937,0.16408316006873355,0.8359168399312664,1100.5911163516912,311.1815029926097,0.025494582709215084,0.007661847053959947,0.04316960700650651,0.04061442375461916
Bubble,95.70778910433334,0.7922072072072073,0.20779279279279272,0.16425321670265955,0.8357467832973404,1100.2113063080485,312.6643216213779,0.025488180208873803,0.00769822579439138,0.043165549572072075,0.04061511443963785
Bubble,96.0071115111403,0.7912082082082083,0.20879179179179175,0.16442622334609647,0.8355737766539035,1099.8307558147349,314.14727096879346,0.025481759349456356,0.007734604234305958,0.04316149213763764,0.040615817106120174
Bubble,96.30529111293896,0.7902092092092092,0.20979079079079077,0.16460215615686222,0.8353978438431378,1099.4494624859256,315.63034300793856,0.025475320070502773,0.007770982162425626,0.043157434703203205,0.04061653165723109
Bubble,96.60232969128033,0.7892102102102102,0.2107897897897898,0.1647809917546799,0.8352190082453201,1099.0674239241946,317.1135296903045,0.025468862311261522,0.007807359366942702,0.04315337726876877,0.040617257998011636
Bubble,96.89822902920112,0.7882112112112113,0.2117887887887887,0.1649627072109201,0.8350372927890799,1098.684637720484,318.5968229469279,0.02546238601068863,0.00784373563554816,0.043149319834334336,0.04061799603533715
Bubble,97.19299091122927,0.7872122122122123,0.21278778778778773,0.16514728003867007,0.8348527199613299,1098.3011014540386,320.0802146891194,0.025455891107446053,0.007880110755449808,0.04314526239989991,0.04061874567787706
Bubble,97.48661712344514,0.7862132132132132,0.21378678678678675,0.16533468818298097,0.8346653118170191,1097.9168126923596,321.5636968093553,0.025449377539900477,0.00791648451339456,0.04314120496546546,0.04061950683605518
Bubble,97.77910945353892,0.7852142142142142,0.21478578578578578,0.16552491001147113,0.8344750899885289,1097.5317689911599,323.0472611822852,0.025442845246122083,0.007952856695693485,0.04313714753103103,0.040620279422011595
Bubble,98.07046969082495,0.7842152152152152,0.2157847847847848,0.16571792430513466,0.8342820756948653,1097.1459678943006,324.5308996654349,0.025436294163883023,0.007989227088239377,0.0431330900965966,0.040621063349565306
Bubble,98.36069962633178,0.7832162162162163,0.2167837837837837,0.16591371024936163,0.8340862897506384,1096.7594069337556,326.0146041002632,0.025429724230656373,0.008025595476533063,0.04312903266216217,0.04062185853417778
Bubble,98.64980105279668,0.7822172172172173,0.21778278278278274,0.16611224742528682,0.8338877525747131,1096.372083629542,327.4983663128445,0.025423135383614463,0.008061961645700427,0.04312497522772773,0.0406226648929178
Bubble,98.93777576476691,0.7812182182182182,0.21878178178178176,0.1663135158012197,0.8336864841987803,1095.9839954896875,328.98217811489417,0.02541652755962788,0.008098325380517973,0.0431209177932933,0.040623482344426656
Bubble,99.22462555858964,0.7802192192192192,0.21978078078078078,0.16651749572446012,0.8334825042755398,1095.5951400101599,330.4660313044292,0.025409900695263797,0.0081346864654293,0.04311686035885886,0.04062431080888489
Bubble,99.51035223251877,0.7792202202202203,0.2207797797797797,0.16672416791318892,0.8332758320868111,1095.2055146748378,331.9499176668643,0.02540325472678506,0.00817104468457237,0.04311280292442443,0.04062515020797942
Bubble,99.79495758667866,0.7782212212212213,0.22177877877877872,0.1669335134486708,0.8330664865513292,1094.815116955424,333.43382897544507,0.025396589590148108,0.008207399821790392,0.04310874548998999,0.04062600046487178
Bubble,100.078443423191,0.7772222222222223,0.22277777777777774,0.1671455137675873,0.8328544862324128,1094.4239443114275,334.91775699249314,0.025389905221002346,0.00824375166066276,0.043104688055555555,0.04062686150416706
Bubble,100.3608115461698,0.7762232232232232,0.22377677677677676,0.16736015065455268,0.8326398493454473,1094.0319941900893,336.4016934698938,0.02538320155468833,0.008280099984517314,0.04310063062112113,0.040627733251883465
Bubble,100.6420637617752,0.7752242242242242,0.2247757757757758,0.1675774062349379,0.8324225937650621,1093.639264026335,337.88563015005457,0.02537647852623651,0.008316444576454125,0.04309657318668669,0.0406286156354232
Bubble,100.9222018782696,0.7742252252252253,0.2257747747747747,0.16779726296767708,0.832202737032323,1093.2457512427213,339.36955876659727,0.025369736070365825,0.008352785219362883,0.04309251575225225,0.04062950858354322
Bubble,101.20122770603957,0.7732262262262263,0.22677377377377372,0.16801970363845642,0.8319802963615436,1092.8514532493778,340.8534710451386,0.0253629741214822,0.00838912169594227,0.04308845831781782,0.04063041202632759
Bubble,101.47914305766194,0.7722272272272273,0.22777277277277275,0.16824471135293437,0.8317552886470656,1092.4563674439596,342.33735870410436,0.025356192613677348,0.008425453788720293,0.04308440088338339,0.04063132589515995
Bubble,101.755949747921,0.7712282282282282,0.22877177177177177,0.16847226953017602,0.831527730469824,1092.060491211582,343.82121345532425,0.02534939148072705,0.008461781280069174,0.043080343448948955,0.04063225012269681
Bubble,102.03164959387777,0.7702292292292293,0.22977077077077068,0.16870236189625643,0.8312976381037436,1091.6638219247777,345.30502700493764,0.025342570656090052,0.008498103952227875,0.04307628601451451,0.04063318464284165
Bubble,102.30624441489479,0.7692302302302303,0.2307697697697697,0.16893497247799175,0.8310650275220083,1091.2663569434308,346.7887910539656,0.025335730072906338,0.008534421587316461,0.04307222858008008,0.040634129390719365
Bubble,102.57973603266367,0.7682312312312313,0.23176876876876873,0.16917008559685814,0.8308299144031419,1090.8680936147177,348.2724972989507,0.02532886966399567,0.008570733967352055,0.043068171145645644,0.04063508430265164
Bubble,102.85212627128888,0.7672322322322322,0.23276776776776775,0.16940768586298743,0.8305923141370126,1090.4690292730677,349.7561374328324,0.025321989361856468,0.008607040874270696,0.043064113711211216,0.04063604931613253
Bubble,103.12341695727662,0.7662332332332332,0.23376676676676678,0.16964775816943575,0.8303522418305642,1090.069161240087,351.23970314539923,0.025315089098663927,0.008643342089938642,0.043060056276776774,0.04063702436980516
Bubble,103.39360991960606,0.7652342342342343,0.2347657657657657,0.16989028768639253,0.8301097123136074,1089.6684868245081,352.7231861239594,0.02530816880626866,0.008679637396169221,0.04305599884234235,0.040638009403438285
Bubble,103.66270698976192,0.7642352352352353,0.2357647647647647,0.17013525985574576,0.8298647401442543,1089.2670033221366,354.2065780540794,0.025301228416195348,0.008715926574741186,0.043051941407907905,0.040639004357904115
Bubble,103.9307100017703,0.7632362362362363,0.23676376376376373,0.1703826603855552,0.8296173396144448,1088.8647080157866,355.68987062001133,0.025294267859641038,0.008752209407409579,0.04304788397347348,0.04064000917515593
Bubble,104.19762079223142,0.7622372372372372,0.23776276276276276,0.17063247524488417,0.8293675247551158,1088.4615981752231,357.1730555054022,0.0252872870674737,0.00878848567592333,0.04304382653903904,0.040641023798207096
Bubble,104.46344120036264,0.7612382382382383,0.23876176176176167,0.17088469065849402,0.829115309341506,1088.057671057102,358.65612439371324,0.02528028597023064,0.008824755162035977,0.04303976910460461,0.04064204817110948
Bubble,104.7281730680298,0.7602392392392393,0.2397607607607607,0.1711392931018917,0.8288607068981083,1087.6529239049103,360.1390689688473,0.025273264498116975,0.008861017647521289,0.043035711670170174,0.040643082238933335
Bubble,104.9918182397826,0.7592402402402403,0.24075975975975972,0.17139626929633983,0.8286037307036602,1087.2473539489051,361.62188091559847,0.025266222581004052,0.008897272914184622,0.043031654235735746,0.040644125947747085
Bubble,105.25437856290155,0.7582412412412413,0.24175875875875874,0.17165560620402084,0.8283443937959791,1086.8409584060576,363.1045519202151,0.025259160148427988,0.00893352074387708,0.043027596801301304,0.04064517924459764
Bubble,105.5158558874034,0.7572422422422422,0.24275775775775776,0.17191729102333447,0.8280827089766656,1086.4337344799796,364.5870736706816,0.025252077129587807,0.008969760918502708,0.04302353936686687,0.040646242077491276
Bubble,105.77625206609514,0.7562432432432433,0.24375675675675668,0.17218131118427485,0.8278186888157252,1086.0256793608698,366.06943785731613,0.02524497345334403,0.009005993220033487,0.043019481932432435,0.04064731439537493
Bubble,106.03556895461386,0.7552442442442443,0.2447557557557557,0.17244765434387785,0.8275523456561221,1085.616790225455,367.55163617315924,0.025237849048217135,0.009042217430519205,0.043015424497998,0.04064839614811766
Bubble,106.29380841142152,0.7542452452452453,0.24575475475475472,0.17271630838184032,0.8272836916181596,1085.20706423691,369.0336603141842,0.02523070384238558,0.009078433332092925,0.043011367063563566,0.04064948728649284
Bubble,106.55097229786527,0.7532462462462463,0.24675375375375375,0.17298726139614976,0.8270127386038503,1084.7964985448082,370.515501979789,0.025223537763684443,0.0091146407069834,0.04300730962912913,0.04065058776216047
Bubble,106.80706257910342,0.7522472472472473,0.24775275275275266,0.1732605016988677,0.8267394983011322,1084.3850903237728,371.99715414265495,0.02521635074050407,0.00915083936875292,0.0430032521946947,0.04065169752764995
Bubble,107.06200906342607,0.7512482482482483,0.24875175175175168,0.17353601780728733,0.8264639821927127,1083.9728089695166,373.47771361459945,0.025209142055174515,0.009187007086726401,0.04299919476026026,0.04065281653632429
Bubble,107.31595309946164,0.7502492492492493,0.2497507507507507,0.17381379845796252,0.8261862015420375,1083.5597051803904,374.95889608988296,0.0252019128807278,0.009223186051573453,0.04299513732582583,0.04065394474243701
Bubble,107.56882877196014,0.7492502502502503,0.25074974974974973,0.17409383257647904,0.825906167423521,1083.1457500357099,376.4398585365114,0.02519466253864911,0.009259355511845474,0.04299107989139139,0.04065508210100937
Bubble,107.82063794046817,0.7482512512512512,0.25174874874874875,0.17437610929048944,0.8256238907095106,1082.7309406086927,377.9205923626723,0.025187390954859334,0.009295515242680758,0.04298702245695696,0.040656228567883326
Bubble,108.07138246656612,0.7472522522522523,0.25274774774774766,0.1746606179217912,0.8253393820782088,1082.315273958086,379.4010889594711,0.0251800980549147,0.009331665018811918,0.042982965022522523,0.04065738409968936
Bubble,108.32106421379407,0.7462532532532533,0.2537467467467467,0.1749473479826055,0.8250526520173945,1081.8987471280495,380.881339699325,0.02517278376400394,0.009367804614526831,0.04297890758808809,0.04065854865383135
Bubble,108.56968504766377,0.7452542542542543,0.2547457457457457,0.1752362891718136,0.8247637108281864,1081.4813571480734,382.3613359346843,0.02516544800694616,0.009403933803637726,0.04297485015365366,0.04065972218847132
Bubble,108.81724683556038,0.7442552552552553,0.25574474474474473,0.17552743137147805,0.8244725686285219,1081.063101032861,383.8410689961794,0.025158090708187985,0.009440052359436001,0.04297079271921922,0.040660904662515256
Bubble,109.0637514467057,0.7432562562562562,0.25674374374374376,0.17582076464321952,0.8241792353567805,1080.6439757822232,385.32053019081064,0.02515071179180087,0.009476160054648294,0.042966735284784785,0.040662096035598436
Bubble,109.30920075212057,0.7422572572572573,0.25774274274274267,0.1761162792247712,0.8238837207752288,1080.2239783809737,386.7997108000776,0.02514331118147852,0.009512256661390989,0.04296267785035035,0.04066329626807141
Bubble,109.5535966245574,0.7412582582582583,0.2587417417417417,0.1764139655265589,0.8235860344734411,1079.8031057988171,388.27860207783175,0.025135888800534113,0.009548341951117971,0.04295862041591592,0.04066450532098612
Bubble,109.79694093839264,0.7402592592592593,0.2597407407407407,0.17671381412843193,0.8232861858715681,1079.3813549902193,389.75719524774223,0.025128444571897068,0.009584415694558817,0.04295456298148149,0.04066572315608263
Bubble,110.03923556960979,0.7392602602602603,0.26073973973973974,0.177015815776288,0.822984184223712,1078.9587228943042,391.2354815010649,0.0251209784181105,0.009620477661664616,0.042950505547047046,0.04066694973577539
Bubble,110.28048239567701,0.7382612612612613,0.26173873873873865,0.1773199613789123,0.8226800386210877,1078.5352064347192,392.7134519937143,0.02511349026132786,0.009656527621536537,0.04294644811261261,0.04066818502314045
Bubble,110.52068329547964,0.7372622622622623,0.2627377377377377,0.1776262420047933,0.8223737579952067,1078.1108025195117,394.191097843472,0.025105980023309927,0.009692565342357856,0.04294239067817818,0.04066942898190247
Bubble,110.75984014920978,0.7362632632632633,0.2637367367367367,0.17793464887904695,0.822065351120953,1077.6855080409935,395.66841012675235,0.02509844762542141,0.009728590591315063,0.04293833324374375,0.04067068157642224
Bubble,110.99814092252248,0.7352642642642643,0.2647357357357357,0.1782451734206012,0.8217548265793988,1077.2593946427073,397.1480324223309,0.0250908947300592,0.00976466835258305,0.042934275809309315,0.040671942771847776
Bubble,111.23522681586196,0.7342652652652653,0.26573473473473475,0.17855780708393085,0.8214421929160691,1076.832314484609,398.6248388047412,0.025083317887682362,0.009800672579691095,0.04293021837487487,0.040673212533471385
Bubble,111.47127502748957,0.7332662662662663,0.26673373373373366,0.178872541581142,0.821127458418858,1076.404334660526,400.10129803986376,0.025075718654505925,0.009836663960598593,0.04292616094044044,0.040674490827631804
Bubble,111.70628748627665,0.7322672672672673,0.2677327327327327,0.17918936873384336,0.8208106312661566,1075.9754520190606,401.5774019642913,0.025068096950758748,0.009872642281234596,0.04292210350600601,0.04067577762111251
Bubble,111.94026612450891,0.7312682682682683,0.2687317317317317,0.17950828050553397,0.8204917194944661,1075.545663393675,403.0531424212938,0.025060452696286758,0.009908607327712855,0.042918046071571576,0.04067707288127323
Bubble,112.17321277087366,0.7302692692692693,0.26973073073073073,0.17982926899875085,0.8201707310012492,1075.1149655590102,404.52850963539044,0.025052785809534878,0.009944558846374359,0.042913988637137135,0.04067837657603843
Bubble,112.40512956548045,0.7292702702702704,0.27072972972972964,0.18015232645236634,0.8198476735476337,1074.683355399739,406.00349849761216,0.025045096211481443,0.009980496698300445,0.04290993120270271,0.04067968867388629
Bubble,112.6360183554908,0.7282712712712713,0.27172872872872866,0.1804774452387972,0.8195225547612028,1074.2508296646433,407.47809943249115,0.02503738381990773,0.010016420634791912,0.042905873768268266,0.04068100914383738
Bubble,112.86588108682734,0.7272722722722723,0.2727277277277277,0.18080461786141244,0.8191953821385876,1073.817385125766,408.952304304726,0.025029648553106056,0.010052330442577228,0.04290181633383384,0.040682337955444126
Bubble,113.0947197088713,0.7262732732732733,0.2737267267267267,0.18113383695183105,0.818866163048169,1073.383018539597,410.42610498419316,0.025021890328975328,0.01008822590853565,0.042897758899399396,0.04068367507877986
Bubble,113.32253617448492,0.7252742742742743,0.27472572572572573,0.181465095267402,0.818534904732598,1072.9477266470058,411.89949334582843,0.02501410906501916,0.010124106819694865,0.04289370146496497,0.040685020484428555
Bubble,113.54933243997657,0.7242752752752754,0.27572472472472465,0.18179838568859724,0.8182016143114028,1072.511506173136,413.3724612688977,0.025006304678343336,0.010159972963213762,0.042889644030530534,0.04068637414347424
Bubble,113.7751104651403,0.7232762762762763,0.27672372372372367,0.1821337012165443,0.8178662987834557,1072.074353827336,414.8450006369212,0.024998477085653937,0.010195824126381176,0.0428855865960961,0.04068773602749099
Bubble,113.99987221324729,0.7222772772772773,0.2777227227227227,0.18247103497048853,0.8175289650295114,1071.6362663030652,416.3171033371065,0.024990626203255,0.010231660096602698,0.04288152916166166,0.040689106108532644
Bubble,114.22361965102895,0.7212782782782783,0.2787217217217217,0.18281038018545673,0.8171896198145433,1071.197240277806,417.7887612598652,0.024982751947046234,0.01026748066138939,0.04287747172722723,0.04069048435912323
Bubble,114.44635474870333,0.7202792792792793,0.27972072072072074,0.1831517302097525,0.8168482697902475,1070.7572724129777,419.25996629841006,0.024974854232520886,0.010303285608348678,0.042873414292792796,0.040691870752246916
Bubble,114.66807947995252,0.7192802802802803,0.28071971971971965,0.1834950785026289,0.8165049214973711,1070.3163593538452,420.73071034813404,0.02496693297476336,0.010339074725169794,0.04286935685835836,0.04069326526133842
Bubble,114.88879582192355,0.7182812812812813,0.2817187187187187,0.18384041863203437,0.8161595813679656,1069.8744977294264,422.2009853061496,0.024958988088446883,0.010374847799613097,0.042865299423923926,0.04069466786027401
Bubble,115.1085057552175,0.7172822822822823,0.2827177177177177,0.1841877442721143,0.8158122557278857,1069.4316841523953,423.67078307046603,0.02495101948783106,0.010410604619490841,0.04286124198948949,0.04069607852336119
Bubble,115.32721126389653,0.7162832832832833,0.2837167167167167,0.1845370492011872,0.8154629507988128,1068.9879152189994,425.1400955396786,0.024943027086759738,0.010446344972660043,0.04285718455505506,0.04069749722533062
Bubble,115.54491433546963,0.7152842842842844,0.28471571571571563,0.18488832729931218,0.8151116727006879,1068.54318750896,426.6089146121073,0.02493501079865848,0.010482068647002329,0.04285312712062063,0.040698923941326154
Bubble,115.76161696084363,0.7142852852852853,0.28571471471471466,0.18524157254620122,0.8147584274537988,1068.097497585359,428.0772321848433,0.024926970536531756,0.010517775430401183,0.04284906968618618,0.0407003586468964
Bubble,115.97732113438114,0.7132862862862863,0.2867137137137137,0.18559677901897287,0.8144032209810271,1067.6508419945708,429.5450401534986,0.02491890621296109,0.010553465110736725,0.04284501225175175,0.04070180131798556
Bubble,116.1920288538152,0.7122872872872873,0.2877127127127127,0.1859539408900943,0.8140460591099057,1067.2032172661352,431.0123304109234,0.024910817740101968,0.010589137475854923,0.042840954817317325,0.04070325193092512
Bubble,116.40574212028872,0.7112882882882883,0.2887117117117117,0.18631305242515833,0.8136869475748416,1066.7546199126791,432.47909484668844,0.02490270502968176,0.010624792313555882,0.042836897382882884,0.04070471046242478
Bubble,116.61846293828022,0.7102892892892894,0.28971071071071064,0.18667410798087744,0.8133258920191225,1066.3050464297896,433.9453253458003,0.02489456799299657,0.010660429411563064,0.04283283994844845,0.040706176889564336
Bubble,116.83019331561887,0.7092902902902903,0.29070970970970966,0.18703710200301224,0.8129628979969877,1065.8544932959244,435.4110137880425,0.024886406540908932,0.010696048557508032,0.042828782514014015,0.040707651189785234
Bubble,117.04093526344438,0.7082912912912913,0.2917087087087087,0.18740202902432232,0.8125979709756777,1065.4029569723054,436.8761520467609,0.02487822058384513,0.010731649538901546,0.04282472507957958,0.04070913334088229
Bubble,117.25069240357013,0.7072922922922923,0.2927077077077077,0.1877688836625757,0.8122311163374243,1064.9504346018,438.34076192184403,0.024870010048116103,0.010767232878396633,0.04282066764514515,0.04071062332099555
Bubble,117.45946373255475,0.7062932932932934,0.2937067067067066,0.1881376606185835,0.8118623393814165,1064.4969212993199,439.80477931182264,0.024861774812641114,0.01080279698860723,0.04281661021071071,0.040712121108602374
Bubble,117.667252707909,0.7052942942942944,0.29470570570570565,0.1885083546742121,0.8114916453257879,1064.0424140967173,441.26822259083,0.0248535148010687,0.010838342308139305,0.042812552776276276,0.040713626682509316
Bubble,117.8740613563415,0.7042952952952953,0.29570470470470467,0.188880960690546,0.8111190393094541,1063.5869093863917,442.7310836579528,0.02484522992208094,0.01087386862529312,0.04280849534184185,0.040715140021844655
Bubble,118.07989170799394,0.7032962962962963,0.2967037037037037,0.1892554736058886,0.8107445263941114,1063.1304035430785,444.19335440722966,0.024836920083912636,0.010909375728286926,0.042804437907407414,0.040716661106050316
Bubble,118.28474579643483,0.7022972972972973,0.2977027027027027,0.18963188843398984,0.8103681115660102,1062.6728929237506,445.65502672718384,0.024828585194348763,0.010944863405246382,0.04280038047297297,0.04071818991487465
Bubble,118.48862565861779,0.7012982982982984,0.2987017017017016,0.1900102002621453,0.8099897997378547,1062.2143738675013,447.1160924999072,0.024820225160721545,0.010980331444183117,0.04279632303853854,0.0407197264283647
Bubble,118.69153333489237,0.7002992992992993,0.29970070070070065,0.19039040424939924,0.8096095957506008,1061.7548426954502,448.5765436006608,0.024811839889908042,0.01101577963298593,0.04279226560410411,0.04072127062685894
Bubble,118.8934708689718,0.6993003003003003,0.3006996996996997,0.1907724956247579,0.8092275043752422,1061.2942957106245,450.03637189710616,0.024803429288327166,0.011051207759402938,0.042788208169669675,0.04072282249097996
Bubble,119.09444030791852,0.6983013013013013,0.3016986986986987,0.19115646968539202,0.808843530314608,1060.8327291978574,451.49556924866033,0.024794993261937067,0.011086615611026827,0.042784150735235234,0.04072438200162722
Bubble,119.29444370213457,0.6973023023023024,0.3026976976976976,0.19154232179496156,0.8084576782050384,1060.370139423679,452.95412750596523,0.02478653171623237,0.011122002975282805,0.0427800933008008,0.04072594913997024
Bubble,119.4934831053126,0.6963033033033034,0.30369669669669663,0.19193004738185726,0.8080699526181427,1059.90652263619,454.4120385099373,0.02477804455624102,0.011157369639406391,0.04277603586636637,0.04072752388744141
Bubble,119.69156053868306,0.6953043043043043,0.30469569569569566,0.19231964193749682,0.8076803580625032,1059.4418750488564,455.8692933472867,0.024769531686145183,0.011192715372165664,0.04277197843193194,0.04072910622572914
Bubble,119.88867812956448,0.6943053053053053,0.3056946946946947,0.19271110101471245,0.8072888989852876,1058.9761929027654,457.3258852255958,0.024760993010736483,0.01122803999445339,0.042767920997497495,0.04073069613677126
Bubble,120.08483790959674,0.6933063063063063,0.3066936936936937,0.19310442022608487,0.8068955797739151,1058.5094723757759,458.78180529608096,0.02475242843329186,0.011263343276724456,0.04276386356306306,0.04073229360274824
Bubble,120.28004194541924,0.6923073073073074,0.3076926926926926,0.1934995952423047,0.8065004047576954,1058.0417096411418,460.2370453529046,0.02474383785694387,0.011298625005273793,0.04275980612862863,0.040733898606076624
Bubble,120.47429230685066,0.6913083083083084,0.30869169169169164,0.19389662179066935,0.8061033782093306,1057.572900853118,461.6915971770498,0.024735221184343938,0.011333884966127302,0.0427557486941942,0.0407355111294028
Bubble,120.66759106684711,0.6903093093093093,0.30969069069069066,0.19429549565338747,0.8057045043466126,1057.103042146832,463.14545253535044,0.024726578317659106,0.011369122945019315,0.04275169125975976,0.04073713115559624
Bubble,120.8599403014982,0.6893103103103103,0.3106896896896897,0.1946962126662445,0.8053037873337555,1056.6321296381755,464.59860318013307,0.0247179091585693,0.011404338727384741,0.04274763382532532,0.04073875866774395
Bubble,121.05134208997617,0.6883113113113114,0.3116886886886886,0.19509876871683735,0.8049012312831627,1056.1601594236715,466.0510408480878,0.024709213608263964,0.011439532098332744,0.042743576390890894,0.04074039364914343
Bubble,121.2417985144984,0.6873123123123124,0.3126876876876876,0.1955031597433658,0.8044968402566341,1055.6871275803467,467.5027572596372,0.024700491567438868,0.011474702842632143,0.04273951895645647,0.04074203608329768
Bubble,121.43131166030787,0.6863133133133134,0.31368668668668664,0.1959093817329387,0.8040906182670613,1055.2130301656146,468.95374411811804,0.024691742936293143,0.011509850744692716,0.04273546152202202,0.040743685953908336
Bubble,121.61988361562818,0.6853143143143143,0.31468568568568567,0.1963174307202995,0.8036825692797005,1054.737863217144,470.4039931089854,0.024682967614525896,0.011544975588546684,0.04273140408758759,0.040745343244870495
Bubble,121.80751647160784,0.6843153153153153,0.3156846846846847,0.1967273027863504,0.8032726972136496,1054.2616227527158,471.85349589874613,0.024674165501332723,0.011580077157823753,0.042727346653153156,0.040747007940266755
Bubble,121.99421232230247,0.6833163163163164,0.3166836836836836,0.19713899405687063,0.8028610059431294,1053.7843047701087,473.3022441343759,0.02466533649540273,0.011615155235737886,0.04272328921871872,0.04074868002436198
Bubble,122.17997326463552,0.6823173173173174,0.3176826826826826,0.19755250070099342,0.8024474992990066,1053.3059052469619,474.75022944226674,0.02465648049491508,0.011650209605062859,0.04271923178428429,0.04075035948159709
Bubble,122.36480139831001,0.6813183183183184,0.31868168168168165,0.1979678189300632,0.8020321810699368,1052.8264201406198,476.1974434270452,0.02464759739753516,0.011685240048104202,0.042715174349849845,0.04075204629658445
Bubble,122.54869882581372,0.6803193193193193,0.3196806806806807,0.19838494499626652,0.8016150550037335,1052.3458453880219,477.64387767094763,0.024638687100411703,0.011720246346685148,0.04271111691541542,0.040753740454102336
Bubble,122.73166765233398,0.6793203203203203,0.3206796796796797,0.198803875191383,0.801196124808617,1051.8641769055403,479.0895237324971,0.02462974950017277,0.011755228282115315,0.04270705948098099,0.04075544193908981
Bubble,122.91370998570133,0.6783213213213214,0.3216786786786786,0.1992246058455435,0.8007753941544565,1051.3814105888396,480.5343731452909,0.02462078449292223,0.011790185635162145,0.04270300204654655,0.04075715073664168
Bubble,123.0948279363443,0.6773223223223224,0.32267767767767763,0.19964713332604692,0.8003528666739531,1050.8975423127351,481.9784174169554,0.024611791974236158,0.011825118186026393,0.042698944612112114,0.04075886683200374
Bubble,123.27502361724576,0.6763233233233233,0.32367667667667666,0.20007145403616314,0.7999285459638369,1050.4125679310494,483.42164802797726,0.02460277183915924,0.011860025714314654,0.04269488717767768,0.04076059021056788
Bubble,123.45429914383713,0.6753243243243243,0.3246756756756757,0.20049756441400982,0.7995024355859902,1049.9264832764434,484.86405642996266,0.024593723982200583,0.011894907998997789,0.042690829743243244,0.04076232085786751
Bubble,123.63265663395573,0.6743253253253254,0.3256746746746746,0.20092546093145797,0.7990745390685421,1049.4392841602746,486.30563404437333,0.02458464829733011,0.011929764818381053,0.04268677230880881,0.04076405875957312
Bubble,123.81009820776596,0.6733263263263264,0.3266736736736736,0.201355140092994,0.798644859907006,1048.9509663724305,487.7463722608326,0.024575544677974414,0.011964595950063748,0.042682714874374375,0.04076580390148769
Bubble,123.98662598768851,0.6723273273273274,0.32767267267267264,0.20178659843475746,0.7982134015652426,1048.4615256811749,489.1862624354791,0.024566413017012897,0.0119994011708999,0.04267865743993994,0.040767556269542767
Bubble,124.16224209830212,0.6713283283283283,0.32867167167167166,0.20221983252341907,0.797780167476581,1047.9709578329682,490.6252958888398,0.0245572532067733,0.012034180256947344,0.04267460000550551,0.04076931584979387
Bubble,124.33694866626497,0.6703293293293293,0.3296706706706707,0.20265483895533723,0.7973451610446628,1047.4792585523087,492.06346390393105,0.024548065139027735,0.012068932983422103,0.04267054257107107,0.0407710826284171
Bubble,124.51075125989706,0.6693303303303304,0.3306696696696696,0.2030916143555637,0.7969083856444363,1046.986425219431,493.50084863398456,0.024538848744313606,0.012103661354313422,0.04266648513663664,0.04077285659170512
Bubble,124.68364556730442,0.6683313313313314,0.3316686686686686,0.20353015537676064,0.7964698446232393,1046.4924503777097,494.9372719527146,0.024529603839766732,0.012138360989933603,0.0426624277022022,0.04077463772606271
Bubble,124.85563677708383,0.6673323323323324,0.33266766766766764,0.2039704586986287,0.7960295413013713,1045.997331171121,496.3728050964273,0.02452033035030093,0.012173033626764107,0.042658370267767774,0.04077642601800448
Bubble,125.02672702945867,0.6663333333333333,0.33366666666666667,0.20441252102682783,0.7955874789731722,1045.5010632378376,497.8074393852074,0.02451102816549897,0.012207679041248127,0.04265431283333333,0.040778221454150464
Bubble,125.19691846686526,0.6653343343343344,0.3346656656656656,0.20485633909234705,0.795143660907653,1045.003642193517,499.2411661133192,0.024501697174373678,0.012242297009278218,0.0426502553988989,0.04078002402122357
Bubble,125.36621323388863,0.6643353353353354,0.3356646646646646,0.20530190965064488,0.7946980903493551,1044.5050636311355,500.67397654836174,0.024492337265363814,0.012276887306176586,0.04264619796446446,0.04078183370604609
Bubble,125.5346134772287,0.6633363363363364,0.3366636636636636,0.20574922948089347,0.7942507705191065,1044.0053231208383,502.10586193069054,0.024482948326330252,0.012311449706681868,0.042642140530030036,0.04078365049553665
Bubble,125.70212134558636,0.6623373373373374,0.33766266266266265,0.20619829538546683,0.7938017046145331,1043.5044162097518,503.53681347214683,0.024473530244551334,0.012345983984918625,0.042638083095595594,0.04078547437670808
Bubble,125.86873898960734,0.6613383383383383,0.3386616616616617,0.2066491041891077,0.7933508958108924,1043.0023384218152,504.9668223550292,0.024464082906718608,0.012380489914373191,0.04263402566116116,0.04078730533666406
Bubble,126.0344685618024,0.6603393393393394,0.3396606606606606,0.20710165273843725,0.7928983472615627,1042.4990852576088,506.3958797309339,0.024454606198932544,0.012414967267865914,0.04262996822672673,0.04078914336259716
Bubble,126.19931221646777,0.6593403403403404,0.3406596596596596,0.20755593790142882,0.7924440620985712,1041.9946521941697,507.8239767194476,0.024445100006697928,0.012449415817519838,0.0426259107922923,0.04079098844178665
Bubble,126.36327210958143,0.6583413413413414,0.34165865865865863,0.20801195656678764,0.7919880434332124,1041.4890346848083,509.2511044064091,0.024435564214919277,0.012483835334718961,0.042621853357857856,0.04079284056159601
Bubble,126.52635039872152,0.6573423423423423,0.34265765765765765,0.20846970564365247,0.7915302943563476,1040.982228158918,510.6772538423734,0.024425998707896045,0.012518225590071068,0.04261779592342343,0.0407946997094717
Bubble,126.6885492429594,0.6563433433433433,0.3436566566566567,0.20892918206098235,0.7910708179390177,1040.474228021781,512.1024160404762,0.02441640336931786,0.012552586353356291,0.04261373848898899,0.040796565872940685
Bubble,126.84987062185118,0.6553443443443444,0.3446556556556556,0.20939038276740551,0.7906096172325945,1039.9650295620936,513.5265765291592,0.024406778080093876,0.0125869172600107,0.04260968105455456,0.04079843903960982
Bubble,127.0103170459066,0.6543453453453454,0.3456546546546546,0.20985330473077948,0.7901466952692205,1039.4546283139027,514.9497366854022,0.02439712272684655,0.012621218334027033,0.042605623620120124,0.040800319197164064
Bubble,127.1698905097702,0.6533463463463464,0.34665365365365364,0.21031794493797706,0.7896820550620229,1038.9430195233974,516.3718823778053,0.024387437189398144,0.012655489219354965,0.04260156618568568,0.0408022063333656
Bubble,127.32859317741953,0.6523473473473473,0.34765265265265266,0.21078430039465995,0.7892156996053401,1038.4301984974052,517.7930044478351,0.02437772134894866,0.012689729681930037,0.042597508751251255,0.04080410043605292
Bubble,127.48642721372872,0.6513483483483484,0.3486516516516516,0.211252368125049,0.788747631874951,1037.9161605175937,519.2130936861538,0.024367975086062157,0.01272393948653463,0.04259345131681682,0.04080600149313989
Bubble,127.64339478433999,0.6503493493493494,0.3496506506506506,0.21172214517207397,0.788277854827926,1037.4009008402509,520.6321408291335,0.024358198280661242,0.012758118396712642,0.04258939388238238,0.04080790949261638
Bubble,127.79949805546904,0.6493503503503504,0.3506496496496496,0.21219362859706106,0.787806371402939,1036.8844146960303,522.0501365539304,0.024348390812020795,0.012792266174649446,0.04258533644794795,0.040809824422546964
Bubble,127.95473919374655,0.6483513513513514,0.35164864864864864,0.21266681547985078,0.7873331845201492,1036.3666972897033,523.4670714737529,0.02433855255876189,0.012826382581056133,0.042581279013513516,0.04081174627107141
Bubble,128.10912036603216,0.6473523523523523,0.35264764764764767,0.2131417029190694,0.7868582970809306,1035.8477437999093,524.8829361324932,0.024328683398845537,0.012860467375037958,0.04257722157907908,0.0408136750264058
Bubble,128.2626437392367,0.6463533533533534,0.3536466466466466,0.21361828803199656,0.7863817119680034,1035.32754937889,526.2977209986209,0.024318783209566198,0.01289452031394529,0.04257316414464465,0.04081561067684196
Bubble,128.41529428223632,0.6453543543543544,0.3546456456456456,0.2140965679496559,0.7859034320503441,1034.8061000875255,527.710850533466,0.024308851654604415,0.012928527288469974,0.04256910671021021,0.040817553210727525
Bubble,128.5671065837043,0.6443553553553554,0.3556446446446446,0.21457653983670452,0.7854234601632955,1034.2834080800917,529.1233763054673,0.02429888901053648,0.01296251405304923,0.04256504927577578,0.04081950261654677
Bubble,128.718067372128,0.6433563563563564,0.35664364364364365,0.2150582008642188,0.7849417991357812,1033.759460316932,530.5347848404898,0.024288894962095235,0.012996468018537643,0.04256099184134134,0.040821458882810024
Bubble,128.8681787912172,0.6423573573573574,0.35764264264264256,0.21554154822731794,0.784458451772682,1033.2342518293767,531.9450653161946,0.024278869383544805,0.013030388911067359,0.04255693440690691,0.040823421998125255
Bubble,129.01748282535405,0.6413583583583584,0.3586416416416416,0.2160265791589532,0.7839734208410468,1032.7077989018412,533.3555664751357,0.024268812648552567,0.013064309758788533,0.042552876972472474,0.04082539195125409
Bubble,129.16590646688473,0.6403593593593594,0.3596406406406406,0.21651329086629637,0.7834867091337037,1032.180056448564,534.7637259950086,0.02425872368858106,0.013098167788385656,0.04254881953803804,0.040827368730853464
Bubble,129.31337651041142,0.6393603603603604,0.36063963963963963,0.21700168051009608,0.782998319489904,1031.6509787111963,536.166893252825,0.024248601418876286,0.013131898076163778,0.042544762103603605,0.040829352325391755
Bubble,129.46010487231476,0.6383613613613613,0.36163863863863865,0.21749174556521395,0.7825082544347861,1031.1206731901798,537.572288162446,0.024238448356909123,0.013165677449994742,0.04254070466916917,0.040831342724613126
Bubble,129.6059938097698,0.6373623623623624,0.36263763763763757,0.21798348324685954,0.7820165167531404,1030.589081241238,538.9764678722852,0.024228263115191547,0.013199421574750028,0.042536647234734735,0.04083333991720712
Bubble,129.7510453747548,0.6363633633633634,0.3636366366366366,0.2184768908822091,0.7815231091177909,1030.0561976740908,540.3794169680366,0.024218045562483432,0.013233130064803795,0.0425325898003003,0.04083534389231809
Bubble,129.89526160791397,0.6353643643643644,0.3646356356356356,0.218971965823229,0.781028034176771,1029.522017263038,541.7811194157408,0.02420779556666174,0.013266802519470763,0.042528532365865866,0.04083735463919105
Bubble,130.03883170858947,0.6343653653653654,0.36563463463463464,0.21946870580498365,0.7805312941950163,1028.9866371055507,543.1883271669392,0.024197515401771324,0.01330060425978419,0.04252447493143143,0.040839372148626936
Bubble,130.18140368254643,0.6333663663663665,0.36663363363363355,0.21996710760911953,0.7800328923908805,1028.4498586892737,544.5882844839374,0.024187200390539627,0.013334222930320883,0.042520417496997,0.040841396407554444
Bubble,130.32314823779004,0.6323673673673674,0.36763263263263257,0.2204671689564895,0.7795328310435106,1027.9117686382117,545.9870242072302,0.02417685256041782,0.01336780625118257,0.04251636006256257,0.04084342740671679
Bubble,130.46406782985235,0.6313683683683684,0.3686316316316316,0.22096888731424766,0.7790311126857523,1027.372361847421,547.3845465763086,0.024166471781927507,0.013401354220255427,0.04251230262812813,0.04084546513582681
Bubble,130.60415887381603,0.6303693693693694,0.3696306306306306,0.22147226017657218,0.7785277398234278,1026.8316298362076,548.7806242269844,0.02415605784612683,0.013434861263425513,0.04250824519369369,0.04084750958470715
Bubble,130.7434337331483,0.6293703703703704,0.37062962962962964,0.2219772850825633,0.7780227149174367,1026.2895729225258,550.1756291919937,0.024145610751000773,0.013468336480983712,0.04250418775925926,0.04084956074336283
Bubble,130.88189016511973,0.6283713713713714,0.37162862862862855,0.22248395959588083,0.7775160404041191,1025.7461833192933,551.569386099922,0.0241351303038274,0.013501775571611906,0.042500130324824824,0.04085161860189867
Bubble,131.01953003146966,0.6273723723723724,0.3726276276276276,0.22299228131934531,0.7770077186806547,1025.2014554750028,552.9618726697321,0.024124616364417775,0.013535177982157082,0.042496072890390396,0.04085368315057852
Bubble,131.15635546841187,0.6263733733733734,0.3736266266266266,0.22350224789449072,0.7764977521055093,1024.6553839601017,554.3530768787782,0.024114068795399523,0.01356854341068156,0.042492015455955955,0.04085575437982348
Bubble,131.2923686059778,0.6253743743743744,0.3746256256256256,0.22401385700308754,0.7759861429969125,1024.1079633111472,555.7429863694476,0.0241034874585501,0.013601871547123643,0.04248795802152152,0.04085783228021804
Bubble,131.42757156738665,0.6243753753753755,0.37562462462462454,0.2245271063693451,0.775472893630655,1023.5591880301937,557.1315884160549,0.024092872214782055,0.01363516207248616,0.04248390058708709,0.0408599168425191
Bubble,131.5619664683464,0.6233763763763764,0.37662362362362356,0.2250419937620248,0.7749580062379752,1023.0090525841316,558.5188698884414,0.02408222292412701,0.013668414657944846,0.04247984315265266,0.04086200805766446
Bubble,131.6955554163714,0.6223773773773774,0.3776226226226226,0.22555851699675147,0.7744414830032486,1022.457551404028,559.9048172134036,0.024071539445719718,0.01370162896390347,0.042475785718218216,0.04086410591678231
Bubble,131.82834051005068,0.6213783783783784,0.3786216216216216,0.2260766739382963,0.7739233260617037,1021.904678884422,561.289416332893,0.02406082163778104,0.013734804638970336,0.04247172828378379,0.04086621041120039
Bubble,131.96032428247594,0.6203793793793794,0.37962062062062063,0.22659646250433513,0.7734035374956649,1021.3504296375157,562.6726709127494,0.024050069363603068,0.013767941765502242,0.04246767084934935,0.04086832153246136
Bubble,132.09150793862602,0.6193803803803805,0.38061961961961954,0.22711788066298902,0.772882119337011,1020.7947974822335,564.0545300602533,0.024039282467744245,0.013801039090919835,0.04246361341491492,0.040870439272312736
Bubble,132.22189397243108,0.6183813813813814,0.38161861861861857,0.2276409264427595,0.7723590735572405,1020.2377769431123,565.4349953784272,0.024028460811322105,0.013834096647261422,0.04245955598048048,0.04087256362274727
Bubble,132.35148443781787,0.6173823823823824,0.3826176176176176,0.2281655979305768,0.7718344020694232,1019.679362260372,566.8140503579343,0.024017604248704236,0.013867114023423525,0.04245549854604605,0.04087469457599504
Bubble,132.48039031252972,0.6163833833833834,0.3836166166166166,0.2286918937022214,0.7713081062977786,1019.1196110378447,568.1963132787173,0.024006714126816486,0.013900204192035153,0.042451441111611615,0.04087683212627157
Bubble,132.60840700532182,0.6153843843843844,0.38461561561561564,0.2292198112268708,0.7707801887731291,1018.5583974244073,569.5730158253831,0.02399578747116183,0.013933152634665134,0.04244738367717718,0.040878976263297936
Bubble,132.73563526142334,0.6143853853853855,0.38561461461461455,0.22974934913226294,0.770250650867737,1017.9957728060374,570.9483072388987,0.02398482548195905,0.013966060854860025,0.04244332624274274,0.04088112698150068
Bubble,132.86207716084826,0.6133863863863864,0.38661361361361357,0.23028050577830472,0.7697194942216953,1017.431731311883,572.3221724589192,0.02397382801073851,0.01399892847698225,0.04243926880830831,0.04088328427421859
Bubble,132.9877347714576,0.6123873873873874,0.3876126126126126,0.23081327960060757,0.7691867203993924,1016.8662670304384,573.6945957562957,0.023962794908015787,0.014031755109070482,0.04243521137387388,0.04088544813509787
Bubble,133.11261014798052,0.6113883883883884,0.3886116116116116,0.23134766911361426,0.7686523308863857,1016.2993740086179,575.0655606705922,0.023951726023269313,0.014064540341310727,0.04243115393943944,0.040887618558104945
Bubble,133.23673253124343,0.6103893893893895,0.38961061061061053,0.23188367306207153,0.7681163269379285,1015.7310624233162,576.4362705364564,0.023940621586101076,0.014097313594996145,0.042427096505005,0.04088979553814161
Bubble,133.36005217642312,0.6093903903903904,0.39060960960960955,0.2324212898694111,0.7675787101305889,1015.1612955178613,577.8043948053371,0.02392948071987827,0.014130017865682819,0.04242303907057057,0.04089197906880462
Bubble,133.48256557215643,0.6083913913913914,0.3916086086086086,0.23296051821632485,0.7670394817836752,1014.5900637453369,579.1696361490106,0.02391830318908509,0.014162645879885012,0.04241898163613614,0.040894169144735606
Bubble,133.60433245644998,0.6073923923923924,0.3926076076076076,0.23350135734122535,0.7664986426587747,1014.0173954877675,580.5345957500557,0.0239070896523513,0.014195261239509255,0.042414924201701704,0.04089636576284139
Bubble,133.72505783579325,0.6063933933933934,0.3936066066066066,0.23404380248046092,0.765956197519539,1013.4431056222263,581.8856005237709,0.023895835734354817,0.014227529620726428,0.04241086676726727,0.04089856890377439
Bubble,133.84591748378858,0.6053943943943945,0.39460560560560554,0.2345878653461782,0.7654121346538219,1012.8678967545579,583.2770716177812,0.02388455799173649,0.014260781612660875,0.042406809332832834,0.0409007786151035
Bubble,133.965013262556,0.6043953953953954,0.39560460460460456,0.23513352855107647,0.7648664714489235,1012.2906141442988,584.6203197707312,0.02387322918497972,0.014292848781725705,0.0424027518983984,0.040902994826210196
Bubble,134.0837035287231,0.6033963963963964,0.3966036036036036,0.23568080075847253,0.7643191992415275,1011.7120720205049,585.9789508799528,0.02386186850353121,0.014325286250941299,0.042398694463963965,0.040905217572280536
Bubble,134.2016293268458,0.6023973973973974,0.3976026026026026,0.23622967942116116,0.7637703205788389,1011.1320455654677,587.3359329664371,0.023850470635263948,0.014357677594034085,0.04239463702952953,0.04090744684296905
Bubble,134.3187925176459,0.6013983983983985,0.3986016016016015,0.2367801640363756,0.7632198359636244,1010.5505283504268,588.6912379770441,0.023839035417844465,0.014390022118031288,0.042390579595095096,0.04090968263623374
Bubble,134.43519493455318,0.6003993993993995,0.39960060060060054,0.23733225421837018,0.7626677457816298,1009.9675138915526,590.0448361320886,0.023827562687577918,0.014422319087793577,0.04238652216066066,0.04091192495050791
Bubble,134.55087751508117,0.5994004004004004,0.40059959959959957,0.23788595052985653,0.7621140494701435,1009.383019862032,591.3986053325273,0.023816052850683476,0.014454614393432269,0.042382464726226234,0.04091417378807702
Bubble,134.66645606476823,0.5984014014014014,0.4015985985985986,0.23844125945790157,0.7615587405420985,1008.7974212620472,592.7832379255685,0.023804514745353344,0.014487658133266027,0.042378407291791785,0.040916429175288274
Bubble,134.7806619456367,0.5974024024024024,0.4025975975975976,0.2389981674238927,0.7610018325761073,1008.2099240701281,594.1355731339632,0.02379292962520993,0.014519906619359904,0.04237434985735736,0.04091869105699215
Bubble,134.89412106599548,0.5964034034034035,0.4035965965965965,0.23955668113787057,0.7604433188621295,1007.6209078424903,595.4864743649877,0.023781306434820664,0.014552114178570224,0.04237029242292293,0.04092095946044147
Bubble,135.00683566672546,0.5954044044044045,0.40459559559559555,0.24011680094531643,0.7598831990546836,1007.0303662042916,596.8359382572537,0.023769645012777656,0.014584280719665565,0.04236623498848849,0.04092323438703941
Bubble,135.11880798912625,0.5944054054054054,0.40559459459459457,0.24067852734306386,0.7593214726569362,1006.4382927452183,598.1839616908244,0.023757945196773822,0.0146164061571498,0.042362177554054053,0.040925515838803855
Bubble,135.23004027486817,0.5934064064064064,0.4065935935935936,0.24124186098421174,0.7587581390157883,1005.8446810192386,599.5305417890564,0.023746206823596662,0.014648490411296124,0.042358120119619626,0.04092780381838738
Bubble,135.3405347658832,0.5924074074074074,0.4075925925925926,0.24180680268237764,0.7581931973176224,1005.249524544326,600.8756759182667,0.023734429729121292,0.01468053340812876,0.042354062685185184,0.04093009832909448
Bubble,135.450293704257,0.5914084084084085,0.40859159159159153,0.24237335341618416,0.7576266465838158,1004.652816802173,602.2193616865482,0.02372261374830321,0.014712535079383481,0.04235000525075076,0.04093239937489983
Bubble,135.55931933210792,0.5904094094094094,0.40959059059059055,0.24294151433366878,0.7570584856663312,1004.0545512378978,603.5615969410808,0.023710758715170983,0.014744495362431366,0.042345947816316315,0.040934706960466194
Bubble,135.66761389145915,0.5894104104104104,0.4105895895895896,0.24351128675696812,0.7564887132430319,1003.4547212597419,604.9023797642168,0.023698864462818617,0.014776414200172215,0.04234189038188188,0.04093702109116343
Bubble,135.77517962405682,0.5884114114114114,0.4115885885885886,0.2440826721861133,0.7559173278138867,1002.8533202387359,606.2417084666721,0.023686930823397234,0.01480829154085847,0.04233783294744745,0.0409393417730839
Bubble,135.88201877118414,0.5874124124124125,0.4125875875875875,0.2446556723036295,0.7553443276963705,1002.2503415083461,607.5795815793031,0.023674957628106272,0.014840127337883403,0.04233377551301302,0.040941669013061184
Bubble,135.98813357345966,0.5864134134134135,0.41358658658658654,0.2452302889785517,0.7547697110214483,1001.645778364124,608.9159978424242,0.02366294470718476,0.014871921549510099,0.042329718078578576,0.04094400281868638
Bubble,136.09352627058283,0.5854144144144144,0.41458558558558556,0.24580652427034336,0.7541934757296567,1001.0396240633039,610.2509561919065,0.023650891889901313,0.014903674138521974,0.04232566064414415,0.040946343198324
Bubble,136.19820125708537,0.5844154154154154,0.4155845845845846,0.24638438043317645,0.7536156195668235,1000.4318732352714,611.5845823164966,0.023638799037881093,0.01493538816284397,0.042321603209709714,0.04094869016112935
Bubble,136.30215687800813,0.5834164164164164,0.4165835835835836,0.24696385991876751,0.7530361400812324,999.8225165189201,612.916648395351,0.02362666591839744,0.014967058046923769,0.04231754577527528,0.04095104371706007
Bubble,136.40539718024823,0.5824174174174175,0.4175825825825825,0.24754496538103538,0.7524550346189647,999.2115482356163,614.2472593584777,0.02361449238566277,0.014998686341308519,0.04231348834084084,0.040953403876895084
Bubble,136.50792440912548,0.5814184184184185,0.41858158158158154,0.2481276996790255,0.7518723003209745,998.598961493691,615.5764156023547,0.02360227826516299,0.015030273043307786,0.0423094309064064,0.040955770652246364
Bubble,136.6097408090388,0.5804194194194194,0.41958058058058056,0.2487120658801077,0.7512879341198924,997.9847493620738,616.9041177358305,0.023590023381385713,0.01506181815511011,0.042305373471971976,0.04095814405557206
Bubble,136.71084862319168,0.5794204204204204,0.4205795795795796,0.24929806726323148,0.7507019327367686,997.3689048698675,618.2303665608329,0.02357772755780973,0.015093321683302652,0.04230131603753754,0.04096052410018962
Bubble,136.81125009325936,0.5784214214214215,0.4215785785785785,0.24988570732165558,0.7501142926783444,996.7514210058831,619.5551630489919,0.02356539061689349,0.015124783638291946,0.0422972586031031,0.040962910800286904
Bubble,136.91094745900318,0.5774224224224225,0.4225775775775775,0.25047498976554017,0.7495250102344598,996.1322907181303,620.8785083136476,0.023553012380062577,0.015156204033612349,0.04229320116866867,0.04096530417093274
Bubble,137.00994295789417,0.5764234234234235,0.42357657657657655,0.2510659185245669,0.7489340814754331,995.5115069133113,622.2004035784254,0.023540592667697292,0.015187582885150878,0.04228914373423424,0.04096770422808753
Bubble,137.10823882461415,0.5754244244244244,0.42457557557557557,0.25165849774980464,0.7483415022501954,994.8890624562198,623.520850138886,0.023528131299117863,0.01521892021020438,0.0422850862997998,0.040970110988610836
Bubble,137.20583729049096,0.5744254254254254,0.4255745745745746,0.2522527318154776,0.7477472681845224,994.2649501690872,624.8398493185708,0.023515628092568547,0.015250216026400363,0.04228102886536536,0.04097252447026857
Bubble,137.30274058297658,0.5734264264264265,0.4265735735735735,0.2528486253213039,0.7471513746786961,993.6391628309512,626.1574024204938,0.0235030828652021,0.015281470350506192,0.042276971430930926,0.04097494469174248
Bubble,137.39895092494547,0.5724274274274275,0.42757257257257253,0.2534461830926551,0.7465538169073449,993.0116931768874,627.4735106690347,0.023490495433061143,0.015312683197007735,0.0422729139964965,0.04097737167263082
Bubble,137.49447825499436,0.5714284284284284,0.42857157157157155,0.25404541018716625,0.7459545898128337,992.3825392095343,628.7886868738832,0.0234778657367381,0.015343867063854934,0.042268856562062064,0.040979805433475174
Bubble,137.5893107358853,0.5704294294294294,0.4295705705705706,0.2546463118784845,0.7453536881215155,991.7516839322444,630.1020062656006,0.023465193361914192,0.01537499936757488,0.04226479912762762,0.040982245995694465
Bubble,137.68345712934916,0.5694304304304305,0.4305695695695695,0.25524889367900705,0.744751106320993,991.1191244390914,631.4139005230656,0.023452478227534938,0.015406090626149395,0.042260741693193195,0.04098469338167729
Bubble,137.77691966549813,0.5684314314314315,0.4315685685685685,0.25585316132645053,0.7441468386735495,990.4848533059964,632.7243725472811,0.02343972014559314,0.015437140893403681,0.04225668425875877,0.040987147614727375
Bubble,137.86970056955613,0.5674324324324325,0.43256756756756753,0.25645912078640326,0.7435408792135967,989.8488630635032,634.0334251196826,0.023426918926935433,0.01546815021985422,0.042252626824324326,0.04098960871907398
Bubble,137.96180206105137,0.5664334334334334,0.43356656656656656,0.2570667782518682,0.7429332217481318,989.2111461959095,635.3410608285345,0.023414074381241136,0.015499118650911569,0.0422485693898899,0.040992076719869965
Bubble,138.05322635297497,0.5654344344344344,0.4345655655655656,0.2576761401418639,0.7423238598581361,988.5716951403525,636.6472819866827,0.023401186317000132,0.015530046224874413,0.04224451195545545,0.04099455164318618
Bubble,138.14397565076428,0.5644354354354355,0.4355645645645645,0.2582872131002657,0.7417127868997343,987.9305022857626,637.9520905373395,0.023388254541487418,0.015560932970632126,0.04224045452102102,0.04099703351600673
Bubble,138.2340521512732,0.5634364364364365,0.4365635635635635,0.25890000399386437,0.7410999960061356,987.2875599717779,639.255487950567,0.02337527886073692,0.015591778905142578,0.042236397086586594,0.04099952236622108
Bubble,138.32345804157706,0.5624374374374375,0.43756256256256254,0.2595145199099745,0.7404854800900256,986.6428604875327,640.5574751062685,0.02336225907951215,0.015622584030582516,0.04223233965215216,0.041002018222614366
Bubble,138.41219549768587,0.5614384384384384,0.43856156156156156,0.2601307681536184,0.7398692318463815,985.9963960703476,641.858052164601,0.023349195001274598,0.015653348331193074,0.04222828221771772,0.04100452111485592
Bubble,138.50026668310812,0.5604394394394395,0.4395605605605605,0.2607487562448974,0.7392512437551026,985.3481589042949,643.157218421811,0.02333608642814912,0.015684071769770644,0.04222422478328329,0.04100703107348865
Bubble,138.58767374731747,0.5594404404404405,0.4405595595595595,0.26136849191494277,0.7386315080850572,984.6981411186565,644.4549721517068,0.02332293316088679,0.01571475428381125,0.04222016734884885,0.04100954812991254
Bubble,138.67441882410765,0.5584414414414415,0.4415585585585585,0.2619899831019271,0.7380100168980729,984.0463347862776,645.7513104313089,0.023309734998825205,0.0157453957812705,0.04221610991441442,0.04101207231636848
Bubble,138.76052273535197,0.5574424424424425,0.44255755755755755,0.2626132380280454,0.7373867619719545,983.3927455294875,647.0476377190564,0.023296492062210992,0.0157760304837831,0.04221205247997998,0.041014603666250905
Bubble,138.84595315122468,0.5564434434434434,0.44355655655655657,0.26323826490154756,0.7367617350984524,982.7373403224406,648.3413693066193,0.023283203555676937,0.015806595348389522,0.042207995045545545,0.041017142212897637
Bubble,138.93072829239293,0.5554444444444445,0.4445555555555555,0.26386507231385103,0.736134927686149,982.0801227590778,649.6337038293933,0.023269869551236458,0.01583711957947406,0.04220393761111112,0.04101968799120271
Bubble,139.01485026195735,0.5544454454454455,0.4455545545545545,0.2644936689858082,0.7355063310141918,981.421084708998,650.9246362758288,0.02325648984310189,0.01586760303259149,0.04219988017667668,0.04102224103658586
Bubble,139.09832114175617,0.5534464464464465,0.44655355355355353,0.2651240638188342,0.7348759361811659,980.7602179792028,652.2141598066216,0.0232430642239229,0.01589804551843387,0.04219582274224224,0.0410248013852002
Bubble,139.18114299007246,0.5524474474474474,0.44755255255255255,0.26575626588797446,0.7342437341120256,980.0975143118027,653.5022655035143,0.023229592484731384,0.015928446796730694,0.04219176530780781,0.04102736907390401
Bubble,139.263317839255,0.5514484484484484,0.4485515515515516,0.2663902844345533,0.7336097155654466,979.4329653816117,654.7889420990339,0.023216074414883707,0.015958806569687626,0.04218770787337338,0.04102994414023094
Bubble,139.34484769309086,0.5504494494494495,0.4495505505505505,0.2670261288580184,0.7329738711419815,978.7665627935194,656.0741756832871,0.023202509801997555,0.015989124474870157,0.042183650438938944,0.04103252662235684
Bubble,139.42577498033393,0.5494504504504505,0.4505495495495495,0.2676638092145556,0.7323361907854444,978.0983284884326,657.3612195020702,0.02318889915281966,0.016019479767356837,0.0421795930045045,0.04103511656112492
Bubble,139.50602671035892,0.5484514514514515,0.45154854854854853,0.26830333436520076,0.7316966656347992,977.4281977474454,658.6440269448191,0.023175240919550498,0.0160497250666741,0.04217553557007007,0.04103771399252426
Bubble,139.58564003243725,0.5474524524524524,0.45254754754754756,0.2689447145128208,0.7310552854871792,976.7561883410573,659.9254017754768,0.023161535509842165,0.016079928678208694,0.04217147813563564,0.04104031895799382
Bubble,139.6646168907053,0.5464534534534535,0.45354654654654647,0.2695879596142217,0.7304120403857783,976.0822916361335,661.2053244568427,0.023147782705341718,0.01611009010137337,0.042167420701201205,0.04104293149797317
Bubble,139.74295919207154,0.5454544544544545,0.4545455455455455,0.27023307973794297,0.729766920262057,975.4064989200881,662.4837717515093,0.02313398228572779,0.016140208745308658,0.042163363266766764,0.04104555165335566
Bubble,139.82066880294286,0.5444554554554555,0.4555445445445445,0.27088008505204636,0.7291199149479537,974.7288013974761,663.7607163332999,0.023120134028628815,0.016170283919464998,0.042159305832332336,0.04104817946543889
Bubble,139.89774754571175,0.5434564564564565,0.45654354354354354,0.27152898581126506,0.7284710141887349,974.0491901863329,665.0361263750204,0.023106237709535227,0.016200314823612984,0.0421552483978979,0.04105081497587246
Bubble,139.97419719520315,0.5424574574574574,0.45754254254254256,0.2721797923422213,0.7278202076577787,973.3676563143944,666.3099651177608,0.02309229310170872,0.016230300537411688,0.04215119096346347,0.041053458226597936
Bubble,140.0500194748585,0.5414584584584585,0.4585415415415415,0.27283251502757644,0.7271674849724236,972.6841907150392,667.5821904175706,0.023078299976084935,0.016260240009432266,0.04214713352902903,0.04105610925978451
Bubble,140.1253112326979,0.5404594594594595,0.4595405405405405,0.27348716820197816,0.7265128317980218,971.9988585010735,668.8610424626354,0.023064259863691948,0.016290333901041412,0.04214307609459459,0.041058768133652335
Bubble,140.19989645633223,0.5394604604604605,0.4605395395395395,0.27414375579380806,0.725856244206192,971.3115121456437,670.1310662066978,0.02305016925000104,0.016320205770297382,0.04213901866016016,0.04106143486415655
Bubble,140.27386059164675,0.5384614614614615,0.46153853853853855,0.27480229124979827,0.7251977087502017,970.6222074887273,671.399456187617,0.023036029445687695,0.0163500308241427,0.042134961225725735,0.04106410950591106
Bubble,140.34720524947946,0.5374624624624625,0.46253753753753746,0.27546278509652455,0.7245372149034754,969.9309351628792,672.6661577504769,0.023021840214198532,0.01637980770655642,0.042130903791291294,0.04106679210166953
Bubble,140.41993197663396,0.5364634634634635,0.4635365365365365,0.276125247833736,0.7238747521662641,969.2376856916453,673.9311092246404,0.023007601316301366,0.01640953489102113,0.04212684635685686,0.041069482694076724
Bubble,140.49204225148867,0.5354644644644645,0.4645355355355355,0.27678968990899305,0.723210310091007,968.5424494846063,675.1942413901518,0.02299331250996632,0.01643921066763204,0.04212278892242243,0.04107218132556538
Bubble,140.5635374795479,0.5344654654654655,0.4655345345345345,0.27745612168740397,0.722543878312596,967.8452168322557,676.4554769358641,0.022978973550242827,0.016468833130018633,0.04211873148798799,0.04107488803823339
Bubble,140.6344189889222,0.5334664664664664,0.46653353353353355,0.27812455341817666,0.7218754465818233,967.1459779007162,677.7147299120542,0.02296458418913277,0.01649840016214362,0.042114674053553555,0.04107760287370792
Bubble,140.70468802571466,0.5324674674674675,0.46753253253253246,0.2787949951954233,0.7212050048045767,966.4447227262509,678.9719051811907,0.022950144175458695,0.016527909425072797,0.04211061661911912,0.04108032587298621
Bubble,140.7751350463983,0.5314684684684685,0.4685315315315315,0.27946751511208306,0.7205324848879169,965.7420812646852,680.3017878078123,0.022935668455568135,0.016559181139586408,0.042106559184684686,0.04108305731262772
Bubble,140.84362726148214,0.5304694694694695,0.4695305305305305,0.2801419823763717,0.7198580176236282,965.0363137133592,681.5015036691534,0.02292111569611473,0.016587277332973403,0.04210250175025026,0.041085796661421634
Bubble,140.91285029922,0.5294704704704705,0.47052952952952953,0.2808185795172442,0.7191814204827558,964.3295914269775,682.8278814946465,0.022906537452850526,0.016618448940772464,0.04209844431581582,0.04108854466070929
Bubble,140.9808153651776,0.5284714714714714,0.47152852852852856,0.2814971889267443,0.7185028110732556,963.620283586381,684.0893452132137,0.022891894976443915,0.016648033314796543,0.04209438688138138,0.04109130083282597
Bubble,141.04818838606684,0.5274724724724725,0.47252752752752747,0.2821778636930019,0.7178221363069981,962.9089213902015,685.3497759962877,0.022877200868762663,0.01667758518013506,0.042090329446946954,0.04109406539338913
Bubble,141.1149714965978,0.5264734734734735,0.4735265265265265,0.28286061411182317,0.7171393858881768,962.1954953762228,686.6091799738006,0.022862454890044806,0.016707104657411296,0.04208627201251252,0.04109683838421517
Bubble,141.18116681938682,0.5254744744744745,0.4745255255255255,0.28354545036966017,0.7164545496303398,961.4799960192437,687.8675624036422,0.022847656798939193,0.01673659184609875,0.04208221457807808,0.04109961984667638
Bubble,141.246776463689,0.5244754754754755,0.47552452452452454,0.2842323825323527,0.7157676174676473,960.762413729582,689.1249275278548,0.02283280635246916,0.016766046821049978,0.042078157143643644,0.04110240982165515
Bubble,141.31180252400685,0.5234764764764765,0.47652352352352345,0.28492142053290237,0.7150785794670976,960.0427388514371,690.3812784065957,0.022817903305992836,0.016795469628487793,0.04207409970920921,0.04110520834949438
Bubble,141.37624707840234,0.5224774774774775,0.4775225225225225,0.28561257416077623,0.7143874258392238,959.3209616609751,691.6366167221729,0.022802947413156853,0.01682486028126784,0.04207004227477478,0.041108015469954
Bubble,141.44011218671253,0.5214784784784785,0.4785215215215215,0.28630585305011746,0.7136941469498825,958.5970723642885,692.8909425555744,0.022787938425846987,0.01685421875347617,0.04206598484034034,0.04111083122216306
Bubble,141.50340308442605,0.5204794794794795,0.4795205205205205,0.28700126667484777,0.7129987333251522,957.8710638142765,694.1446103285338,0.022772876158779688,0.016883553637967653,0.042061927405905905,0.04111365564459989
Bubble,141.5661161753729,0.5194804804804805,0.48051951951951954,0.2876988243186927,0.7123011756813074,957.1429213088762,695.3969946741216,0.02275776024696737,0.016912849695897278,0.04205786997147148,0.04111648877497038
Bubble,141.6282560382895,0.5184814814814815,0.48151851851851846,0.2883985350904353,0.7116014649095648,956.412637022308,696.6483753006385,0.02274259048879313,0.016942113703790736,0.04205381253703704,0.041119330650269806
Bubble,141.68982466895852,0.5174824824824825,0.4825175175175175,0.2891004078990902,0.7108995921009098,955.6802008840745,697.8987470921486,0.022727366629179825,0.016971345510281663,0.0420497551026026,0.04112218130668215
Bubble,141.75082403680554,0.5164834834834835,0.4835165165165165,0.28980445144766753,0.7101955485523325,954.945602743861,699.1481023077622,0.022712088411053488,0.01700054490050119,0.04204569766816817,0.0411250407795547
Bubble,141.81125608194753,0.5154844844844845,0.4845155155155155,0.29051067422398175,0.7094893257760182,954.2088323682303,700.3964301736308,0.022696755575263787,0.017029711586198752,0.04204164023373373,0.0411279091033607
Bubble,141.87112271179464,0.5144854854854856,0.48551451451451444,0.29121908449204564,0.7087809155079543,953.4698794368483,701.6437164162758,0.02268136786049318,0.017058845194440005,0.042037582799299304,0.04113078631166445
Bubble,141.93042579735862,0.5134864864864865,0.48651351351351346,0.29192969028321064,0.7080703097167893,952.7287335383608,702.889942737743,0.02266592500315786,0.017087945254896136,0.04203352536486487,0.04113367243708526
Bubble,141.98916716914493,0.5124874874874875,0.4875125125125125,0.29264249938811804,0.707357500611882,951.9853841658139,704.1350862250056,0.022650426737297613,0.017117011185539124,0.04202946793043043,0.04113656751126484
Bubble,142.0473560965557,0.5114884884884885,0.4885115115115115,0.29335751944558836,0.7066424805544116,951.2398273409339,705.3800255839234,0.022634872952200288,0.01714606432086799,0.042025410495996,0.04113947156522826
Bubble,142.10498091448065,0.5104894894894895,0.48951051051051053,0.29407475759945917,0.7059252424005409,950.492040515896,706.6231119939466,0.022619263095203495,0.017175064556496637,0.042021353061561566,0.041142384627990206
Bubble,142.16204950620437,0.5094904904904906,0.49050950950950944,0.2947942209406513,0.7052057790593487,949.7420183381655,707.8650505201678,0.02260359702267451,0.01720402900854852,0.042017295627127124,0.041145306728350456
Bubble,142.2185635344193,0.5084914914914915,0.49150850850850847,0.29551591622706463,0.7044840837729354,948.9897499055625,709.105798638739,0.02258787445883233,0.017232956620636668,0.042013238192692696,0.041148237893756226
Bubble,142.27459465557035,0.5074924924924925,0.4925075075075075,0.29623985101440514,0.7037601489855949,948.235287391159,710.3541731673822,0.022572096629252945,0.017262061622964352,0.04200918075825826,0.04115117815489501
Bubble,142.32994985694947,0.5064934934934935,0.4935065065065065,0.2969660287872218,0.7030339712127782,947.4784442145375,711.5854897659513,0.0225562590760723,0.01729074414997104,0.04200512332382383,0.0411541275259193
Bubble,142.38481251574694,0.5054944944944946,0.4945055055055054,0.2976944578725187,0.7023055421274813,946.7193731561938,712.8227250622115,0.02254036541952048,0.01731956252583539,0.04200106588938939,0.04115708604064924
Bubble,142.4391270667026,0.5044954954954955,0.49550450450450445,0.29842514315439095,0.701574856845609,945.9580114278958,714.0585793393933,0.022524414148272227,0.017348339344152402,0.04199700845495496,0.04116005371892156
Bubble,142.48950834477836,0.5034964964964965,0.4965035035035035,0.2967801088095898,0.7032198911904102,945.1912359088526,711.683424509663,0.02250833087312606,0.017293441164091563,0.04199295102052052,0.04115337241193015
Bubble,142.54264751972764,0.5024974974974975,0.4975025025025025,0.29742681136341553,0.7025731886365845,944.4251669870972,712.7938984506036,0.022492261317884604,0.017319319561369756,0.041988893586086096,0.041155998994352516
Bubble,142.5944369850542,0.35864164164164164,0.6413583583583584,0.29781892260007287,0.702181077399927,797.258236367601,712.9473745228005,0.01925529513546229,0.017322378390022253,0.04140462302752754,0.04115759155414019
Bubble,142.59524818871566,0.5014984984984985,0.4985015015015015,0.29807568663572104,0.7019243133642791,943.6567769614759,713.9039369828746,0.022476133372366473,0.017345180358093442,0.04198483615165165,0.04115863440127099
Bubble,142.64712521472654,0.5004994994994995,0.49950050050050054,0.29862689839829154,0.7013731016017085,942.8858804129668,714.8616214936745,0.02245994260288147,0.017367503816694604,0.04198077871721722,0.04116087314784466
Bubble,142.69864896840687,0.49950050050050054,0.5004994994994995,0.2992796934907457,0.7007203065092544,942.1128085900839,715.9704505575013,0.022443696882455223,0.01739332235728198,0.041976721282782785,0.04116352447511267
Bubble,142.71152560798777,0.35964064064064066,0.6403593593593593,0.2992338300221743,0.7007661699778256,798.7733860918726,715.4081397016794,0.01928999855056058,0.017379740588936064,0.041408680461961965,0.04116333820063505
Bubble,142.74974794536553,0.4985015015015015,0.5014984984984985,0.299842657266535,0.700157342733465,941.3374835483733,716.9399222738875,0.022427394338122655,0.01741590668774512,0.04197266384834835,0.04116581095248803
Bubble,142.7701344098775,0.36063963963963963,0.6393603603603604,0.2994387383095658,0.7005612616904342,800.1579343203058,715.8799004627148,0.0193215415102978,0.01739084968521144,0.0414127378963964,0.041164170435644305
Bubble,142.80021183863784,0.49750250250250255,0.5024974974974974,0.3004946813850435,0.6995053186149566,940.5596948718819,718.0404365547694,0.022411029939751744,0.017441518371276832,0.041968606413913916,0.04116845914844536
Bubble,142.83348969681785,0.36163863863863865,0.6383613613613613,0.2997710361708324,0.7002289638291677,801.5469591382055,716.5550920875993,0.019353186376096333,0.017406681392191307,0.041416795330830834,0.04116552006340784
Bubble,142.8358375202703,0.49650350350350353,0.5034964964964965,0.29702985105865903,0.7029701489413409,939.765944274214,712.873827911463,0.022394282010126124,0.017321940244520537,0.04196454897947948,0.04115438674007474
Bubble,142.88564202646037,0.4955045045045045,0.5044954954954954,0.29778544531177026,0.7022145546882297,938.9837034305157,714.1390948710118,0.022377805141355563,0.0173513907674995,0.041960491545045046,0.04115745558613375
Bubble,142.8965245341987,0.3626376376376377,0.6373623623623623,0.30012224708653773,0.6998777529134623,802.9297376294637,717.2563731237154,0.019384674240767567,0.017423113298182896,0.04142085276526527,0.04116694650654198
Bubble,142.9299569160239,0.49450550550550554,0.5054944944944945,0.2975130617577104,0.7024869382422897,938.194307281106,713.8287974407854,0.022361154544443047,0.017344317695230566,0.04195643411061062,0.041156349300328944
Bubble,142.95582828780684,0.36363663663663665,0.6363633633633634,0.3004160246664221,0.699583975333578,804.2992752556131,717.860038021933,0.01941583630183569,0.01743727172344744,0.041424910199699704,0.041168139684182675
Bubble,142.97873572480535,0.4935065065065065,0.5064934934934935,0.29826863897497496,0.701731361025025,937.4072594932913,715.0891764967744,0.022344556703640203,0.0173736464192857,0.04195237667617618,0.04115941807719686
Bubble,143.02700673726872,0.49250750750750755,0.5074924924924924,0.29903047753127926,0.7009695224687207,936.617804334108,716.3546437661322,0.022327898263015566,0.01740308363141374,0.04194831924174174,0.04116251228449329
Bubble,143.05741717805523,0.36463563563563567,0.6353643643643643,0.30170437641524867,0.6982956235847513,805.7498801629454,720.0624044395997,0.019448949036786338,0.017488545722199676,0.04142896763413413,0.04117337232481053
Bubble,143.0747727105209,0.4915085085085085,0.5084914914914915,0.29979891808128994,0.7002010819187101,935.8259311431007,717.6256585662935,0.0223111789508253,0.017432639824477274,0.041944261807307315,0.041165633305787167
Bubble,143.11672208417724,0.36563463463463464,0.6343653653653654,0.3020609052676336,0.6979390947323665,807.1079718117448,720.7550537039921,0.019479822447818894,0.017504752838852004,0.041433025068568566,0.0411748203667445
Bubble,143.1220363322893,0.49050950950950956,0.5094904904904904,0.3005743118945088,0.6994256881054913,935.0316291481431,718.9026904856729,0.0222943984925578,0.017462325714937856,0.04194020437287287,0.04116878256775955
Bubble,143.1688002220816,0.48951051051051053,0.5104894894894895,0.3013570227759891,0.6986429772240109,934.2348874652129,720.1862219867726,0.02227755661092694,0.017492152302412585,0.04193614693843844,0.04117196154800468
Bubble,143.17582118634115,0.36663363363363366,0.6333663663663663,0.30243953233432214,0.6975604676656778,808.4602752845498,721.4786162637479,0.019510550126832883,0.017521671378760373,0.041437082503003,0.04117635816057585
Bubble,143.21506693166134,0.4885115115115115,0.5114884884884885,0.3021474290963299,0.69785257090367,933.4356950975024,721.476751117846,0.022260653025849585,0.01752213093160447,0.041932089504004004,0.04117517178327474
Bubble,143.23472574699056,0.3676326326326326,0.6323673673673673,0.3028410847519375,0.6971589152480625,809.8068420731662,722.234218361061,0.019541133359162164,0.0175393270712753,0.04144113993743744,0.04117798906572
Bubble,143.26083894515978,0.48751251251251254,0.5124874874874874,0.30294592613248406,0.6970540738675158,932.6340409341587,722.7747946300958,0.02224368745441415,0.017552273363463544,0.04192803206956957,0.04117841487898708
Bubble,143.29344626637803,0.36863163163163165,0.6313683683683684,0.3032664369248236,0.6967335630751765,811.1477216979698,723.0230403147812,0.019571573382070113,0.017557746857475087,0.04144519737187188,0.041179716633570174
Bubble,143.30564798838583,0.4865135135135135,0.5134864864864865,0.30365860776197606,0.6963413922380239,931.829445088715,723.939440911622,0.02222664843203532,0.01757932059073551,0.04192397463513514,0.04118130943542527
Bubble,143.34976055262504,0.48551451451451455,0.5144854854854854,0.3043366753611613,0.6956633246388387,931.0221536938778,725.0482794932873,0.022209541808883047,0.017605069036738495,0.0419199172007007,0.04118406340697936
Bubble,143.3790412393213,0.3696306306306307,0.6303693693693693,0.3043881113495715,0.6956118886504286,812.5362735353087,724.91092230111,0.019603157579848342,0.01760164454940125,0.041449254806306304,0.04118427231424628
Bubble,143.39340417453937,0.4845155155155155,0.5154844844844845,0.3050250505471192,0.6949749494528807,930.2123786939833,726.1687570206584,0.022192372621749605,0.017631078707407214,0.041915859766266265,0.04118685924279713
Bubble,143.4269545160407,0.37062962962962964,0.6293703703703704,0.30460917017556854,0.6953908298244315,813.8450551375003,725.3646677624004,0.019632811255493474,0.017612278041209153,0.041453312240740746,0.041185170144668076
Bubble,143.4365853233017,0.48351651651651656,0.5164834834834835,0.30572476952033434,0.6942752304796657,929.4001130089787,727.3023233039428,0.022175140683537323,0.017657382864480962,0.04191180233183184,0.041189701151406834
Bubble,143.46974750172353,0.37162862862862867,0.6283713713713713,0.3047241370136366,0.6952758629863632,815.1389394719796,725.647785094662,0.01966209978729277,0.017618952540212875,0.041457369675175174,0.04118563708248088
Bubble,143.47931050911222,0.48251751751751754,0.5174824824824824,0.3064369203262855,0.6935630796737143,928.5853496349627,728.4504889064485,0.02215784580889321,0.017684016132379625,0.041907744897397396,0.0411925935519052
Bubble,143.51950486816065,0.37262762762762763,0.6273723723723723,0.3050404449614135,0.6949595550385864,816.4414680133904,726.2454152867828,0.019691591074639154,0.017632913170630593,0.04146142710960961,0.041186921767210775
Bubble,143.52158645103395,0.48151851851851857,0.5184814814814814,0.3071626918904975,0.6928373081095025,927.7680818181972,729.6148962589743,0.022140487818362413,0.01771101613696155,0.04190368746296296,0.041195541273113256
Bubble,143.55963447404503,0.37362662662662666,0.6263733733733734,0.3051327975710104,0.6948672024289895,817.7205871530595,726.4872141123648,0.019720512038982407,0.017638623302441647,0.04146548454404404,0.04118729685733466
Bubble,143.56341993197933,0.48051951951951954,0.5194804804804805,0.30790335786594863,0.6920966421340514,926.9483029135147,730.7972932377484,0.02212306653501179,0.017738422889162546,0.041899630028528534,0.04119854948797256
Bubble,143.59704796507458,0.4795205205205205,0.5204794794794795,0.307094179843445,0.6929058201565549,926.1180019495719,729.6842940409301,0.02210539072761412,0.017712820375449457,0.04189557259409409,0.04119526301143415
Bubble,143.63815165814606,0.47852152152152155,0.5214784784784785,0.30788148258019993,0.6921185174198,925.293281268669,730.9332430456495,0.02208784470416339,0.017741761018841947,0.041891515159659665,0.04119846064149948
Bubble,143.65265620903605,0.3746256256256256,0.6253743743743744,0.3066493639928633,0.6933506360071368,819.0956142054666,728.957429352999,0.01975174007541617,0.01769595205652849,0.04146954197847848,0.04119345639185702
Bubble,143.6789761833198,0.47752252252252253,0.5224774774774774,0.3087132820744878,0.6912867179255122,924.4661796583756,732.2433461964906,0.022070238440411456,0.017772103480205453,0.04188745772522522,0.04120183899514553
Bubble,143.68976917895301,0.37562462462462465,0.6243753753753754,0.30671731160129717,0.6932826883987027,820.3589815354193,729.15362513745,0.019780269693206284,0.017700596264167555,0.04147359941291292,0.041193732361068665
Bubble,143.71884784337408,0.47652352352352356,0.5234764764764764,0.30981110597962713,0.690188894020373,923.6359814156208,733.9363212604623,0.02205255483086237,0.017811265760859462,0.04188340029079079,0.041206297806936264
Bubble,143.71981214295621,0.37662362362362367,0.6233763763763763,0.3066146630877086,0.6933853369122914,821.6045161929183,729.0814793688647,0.019808363794915355,0.017699024012298937,0.04147765684734735,0.041193315454130734
Bubble,143.7536842391093,0.47552452452452454,0.5244754754754755,0.3094199784617126,0.6905800215382873,922.7983750711999,733.4432162380454,0.02203469090325374,0.017799985237637598,0.04187934285635636,0.041204709242522244
Bubble,143.75600310394702,0.37762262262262264,0.6223773773773773,0.3066999106322756,0.6933000893677245,822.8571239763392,729.3001990027078,0.019836622912610128,0.01770418479773742,0.041481714281781774,0.041193661687032986
Bubble,143.79315723841853,0.47452552552552557,0.5254744744744744,0.31027359286251116,0.6897264071374887,921.9634878972154,734.7749992476204,0.02201688844882626,0.017830806093616508,0.04187528542192192,0.04120817619741109
Bubble,143.82598687318034,0.47352652652652655,0.5264734734734735,0.31010570243844193,0.689894297561558,921.1194143411595,734.6041593607317,0.021998863148136486,0.01782695530638886,0.041871227987487485,0.04120749431045372
Bubble,143.8418939290246,0.37862162162162166,0.6213783783783784,0.3081990670644848,0.6918009329355151,824.1971239722792,731.7105601471542,0.0198669830613302,0.017760072599320276,0.04148577171621622,0.041199750510882406
Bubble,143.86454848967227,0.4725275275275276,0.5274724724724724,0.3109651614756913,0.6890348385243088,920.2792409814738,735.939043299327,0.0219809275101435,0.01785783676948749,0.04186717055305306,0.041210985003333526
Bubble,143.87515758271635,0.37962062062062063,0.6203793793793794,0.3082586703332179,0.6917413296667821,825.4347063207106,731.8826644349883,0.01989486877189915,0.01776414553580466,0.04148982915065065,0.04119999258955837
Bubble,143.89579925266898,0.47152852852852856,0.5284714714714714,0.3107590692813062,0.6892409307186939,919.4290703721531,735.7097399948336,0.0219627495873745,0.01785263524680799,0.04186311311861862,0.04121014795988603
Bubble,143.90788356462906,0.38061961961961965,0.6193803803803803,0.3083250955862117,0.6916749044137884,826.6668958011612,732.0630990701192,0.019922619061148766,0.01776840866677285,0.041493886585085085,0.041200262375723405
Bubble,143.9334586128911,0.47052952952952953,0.5294704704704705,0.31162408243594253,0.6883759175640576,918.5835581020835,737.0474484932806,0.021944679426897738,0.017883571292615353,0.04185905568418419,0.04121366121081358
Bubble,143.94007054397196,0.3816186186186186,0.6183813813813814,0.3083983121484725,0.6916016878515275,827.8937245703333,732.2518127870444,0.019950234743699936,0.01777286078933971,0.04149794401951952,0.041200559744791025
Bubble,143.96330384869856,0.46953053053053057,0.5304694694694694,0.3114091783770777,0.6885908216229223,917.7273996766545,736.8028864623623,0.021926351404927883,0.01787801591352802,0.04185499824974975,0.041212788377978496
Bubble,143.97171722462753,0.38261761761761764,0.6173823823823823,0.3084782976899972,0.6915217023100029,829.1152247980643,732.4487662219939,0.019977716634171465,0.01777750097419319,0.041502001453953954,0.04120088460606793
Bubble,144.00008041724848,0.46853153153153154,0.5314684684684685,0.31228144979145306,0.687718550208547,916.8765073628288,738.1459281100773,0.021908145659351546,0.017909064399012718,0.04185094081531532,0.041216331108327994
Bubble,144.02808401555677,0.4675325325325326,0.5324674674674674,0.3119986146973916,0.6880013853026082,916.0138091533659,737.7998059319827,0.021889654262087214,0.017901165624944336,0.041846883380880884,0.04121518237359345
Bubble,144.0470595658344,0.3836166166166166,0.6163833833833834,0.30988930450258295,0.690110695497417,830.4104802332678,734.687138637069,0.020006970126127316,0.01782934927614913,0.041506058888388396,0.04120661541023724
Bubble,144.06874897094573,0.46653353353353355,0.5334664664664664,0.31363442002679587,0.6863655799732041,915.1627173304261,740.2473752167732,0.021871436659218934,0.017957656016504786,0.04184282594644645,0.041221826196938836
Bubble,144.07595938784507,0.38461561561561564,0.6153843843843844,0.30994428735418805,0.690055712645812,831.6179440415827,734.8395108895174,0.020034102953943013,0.017832950395143314,0.041510116322822824,0.041206838723089036
Bubble,144.09080714177807,0.4655345345345346,0.5344654654654655,0.3126197980193935,0.6873802019806067,914.2888828875592,738.835830346726,0.0218526719452812,0.01792520531640669,0.04183876851201201,0.04121770530965578
Bubble,144.12123007198002,0.38561461461461466,0.6143853853853853,0.3105293111319315,0.6894706888680686,832.850035325837,735.7990887861561,0.020061823708589242,0.01785520768614167,0.04151417375725726,0.041209214797162344
Bubble,144.13111107682406,0.46453553553553556,0.5354644644644644,0.31429697882136015,0.6857030211786398,913.432916970381,741.3363236918319,0.021834330713472037,0.01798289887700099,0.04183471107757758,0.04122451717948295
Bubble,144.14009686919252,0.38761261261261265,0.6123873873873873,0.3094431567855312,0.6905568432144689,835.175762622658,734.2738224237738,0.02011391448440439,0.017820102564966665,0.04152228862612613,0.04120480338128443
Bubble,144.14853385904857,0.3866136136136136,0.6133863863863864,0.31058547317861035,0.6894145268213895,834.0460706721497,735.9484893971497,0.02008867060885417,0.017858734251643676,0.0415182311916917,0.04120944289931492
Bubble,144.16520435018964,0.46353653653653654,0.5364634634634635,0.3151312416221195,0.6848687583778805,912.567817851915,742.605889313277,0.021815767586063108,0.018012214776022183,0.04183065364314315,0.04122790553784825
Bubble,144.19030698698816,0.46253753753753757,0.5374624624624624,0.3148402914690315,0.6851597085309684,911.6903524765112,742.2451905555248,0.021796905201831564,0.018003981916383176,0.04182659620870871,0.041226723843801466
Bubble,144.19548274419688,0.44555455455455456,0.5544454454454455,0.29600412117385594,0.7039958788261439,895.882274104507,714.5552950090537,0.02145434241450995,0.017364555576894813,0.04175761982332332,0.04115022073814761
Bubble,144.20572204174462,0.44355655655655657,0.5564434434434434,0.29573118271529025,0.7042688172847099,893.9807324057149,714.168242160972,0.021412966055070117,0.017355617266155785,0.04174950495445446,0.04114911219859816
Bubble,144.2158944685848,0.3886116116116116,0.6113883883883884,0.3111778896127086,0.6888221103872912,836.4477069541197,736.9709041395863,0.020142579020419323,0.01788250034992395,0.04152634606056056,0.04121184899866201
Bubble,144.22425521567376,0.46153853853853855,0.5384614614614615,0.3157754221005035,0.6842245778994964,910.8204755435665,743.6557648790427,0.021778220601562977,0.018036535339039372,0.041822538774274276,0.04123052187686119
Bubble,144.23573793709855,0.38961061061061064,0.6103893893893894,0.3110674717754337,0.6889325282245662,837.6183524009887,736.8609563159655,0.02016879880548075,0.017880027048856828,0.041530403494995,0.04121140053661592
Bubble,144.23577337392828,0.4445555555555556,0.5554444444444444,0.2973040859408925,0.7026959140591074,894.9765046821803,716.6129300520386,0.02143473403170849,0.017412324490322553,0.041753562388888894,0.04115550054504893
Bubble,144.24493192127625,0.4425575575575576,0.5574424424424425,0.2970022663449083,0.7029977336550918,893.0684141925351,716.1812680499934,0.021393192964675796,0.01740235426788267,0.041745447520020025,0.04115427470475985
Bubble,144.24769453244915,0.4605395395395396,0.5394604604604605,0.31544510448361657,0.6845548955163835,909.9363888614718,743.236130808376,0.02175919257963557,0.0180269441581673,0.04181848133983985,0.04122918029186022
Bubble,144.25579904396676,0.3906096096096096,0.6093903903903903,0.3109852918082393,0.6890147081917607,838.7854189851422,736.7921635683626,0.02019492730170038,0.017878502583087787,0.04153446092942943,0.04121106676267917
Bubble,144.25880152813974,0.4465535535535536,0.5534464464464464,0.2991959148606036,0.7008040851393964,896.9126567097372,719.506744533623,0.021476930899443806,0.017479375280938087,0.04176167725775776,0.041163184208206346
Bubble,144.28001441322203,0.45954054054054055,0.5404594594594594,0.3162888102979268,0.6837111897020731,909.0599976534886,744.509913348899,0.021740344903710924,0.01805633859858238,0.04181442390540541,0.04123260700302503
Bubble,144.28626295091127,0.4415585585585586,0.5584414414414414,0.2983413116789927,0.7016586883210074,892.156373287716,718.2928663463471,0.021373422673716887,0.01745135740386892,0.04174139008558558,0.04115971323738424
Bubble,144.30031888290466,0.4395605605605606,0.5604394394394394,0.29837027745224143,0.7016297225477587,890.2378172283983,718.370596905683,0.021331606795907638,0.01745319602909422,0.04173327521671672,0.04115983088187228
Bubble,144.30288356891222,0.4585415415415416,0.5414584584584584,0.31605621506182785,0.6839437849381722,908.1704496327534,744.229108163012,0.02172117889144306,0.018049941873132153,0.04181036647097098,0.04123166231747361
Bubble,144.3058352004417,0.4405595595595596,0.5594404404404404,0.2992126541024737,0.7007873458975262,891.2144079265722,719.6485549395667,0.021352931567896728,0.017482791484423176,0.04173733265115115,0.04116325219463719
Bubble,144.31614686192086,0.39160860860860863,0.6083913913913914,0.3122656453545934,0.6877343546454066,840.0167930109048,738.7831972140821,0.020222598833512347,0.017924553882402865,0.04153851836386387,0.04121626691860768
Bubble,144.32020071732393,0.43856156156156156,0.5614384384384384,0.2992913164583607,0.7007086835416393,889.2907130236381,719.8010782584709,0.021310984492051033,0.017486361091858294,0.04172921778228229,0.04116357168179563
Bubble,144.33436557948258,0.45754254254254256,0.5424574574574574,0.3169097932788714,0.6830902067211286,907.2883704199169,745.5122689841367,0.021702187811581123,0.01807954248710907,0.04180630903653653,0.04123512912540214
Bubble,144.33471912754644,0.3936066066066066,0.6063933933933934,0.3113974723549024,0.6886025276450977,842.2943614592042,737.5796740050735,0.020273468532116777,0.017896884775911975,0.04154663323273273,0.04121274083396944
Bubble,144.33597789916172,0.3926076076076076,0.6073923923923924,0.3122292185382089,0.687770781461791,841.1751642590723,738.7795316546203,0.020248507659785725,0.017924529288474874,0.0415425757982983,0.04121611897109294
Bubble,144.35276875436296,0.39460560560560565,0.6053943943943944,0.31133835686554295,0.6886616431344571,843.4421976765123,737.5388561389068,0.020299113784478906,0.017895998615956935,0.04155069066716718,0.041212500736409405
Bubble,144.35494683644438,0.45654354354354354,0.5434564564564565,0.3165681913717721,0.6834318086282278,906.3913159705558,745.0722194033503,0.021682834805122703,0.018069478745269707,0.0418022516021021,0.04123374170925645
Bubble,144.3737908974791,0.45554454454454457,0.5444554554554555,0.3161499658694672,0.6838500341305329,905.4897434564501,744.5190155139281,0.021663369949050985,0.018056806303636277,0.041798194167667675,0.041232043086378845
Bubble,144.40709710449798,0.45454554554554555,0.5454544544544544,0.3173358006446927,0.6826641993553073,904.6025652216592,746.2765345317329,0.021644245722686525,0.01809731745377406,0.041794136733233234,0.041236859354318416
Bubble,144.420752297979,0.3956046046046046,0.6043953953953953,0.3131482437480516,0.6868517562519485,844.6686177491039,740.3039729510571,0.020326645120886885,0.017959889333882186,0.041554748101601605,0.041219851591982715
Bubble,144.42471807318748,0.4535465465465466,0.5464534534534534,0.31692294120144493,0.6830770587985551,903.6945811438412,745.729792362462,0.021624619917144226,0.018084794262711694,0.0417900792987988,0.04123518252568967
Bubble,144.43817364492458,0.39660360360360364,0.6033963963963964,0.31312878940567457,0.6868712105943254,845.8072267659259,740.3183743173555,0.020352058146438264,0.01796027314108491,0.04155880553603604,0.041219772578171145
Bubble,144.43999125647863,0.3976026026026026,0.6023973973973974,0.3124717985385158,0.6875282014614843,846.9166090479853,739.380490831503,0.020376763016775375,0.01793868116179657,0.04156286297047047,0.04121710420976419
Bubble,144.44241111564875,0.45254754754754756,0.5474524524524524,0.31662030270735897,0.6833796972926409,902.7841216274894,745.3392349793114,0.0216049310594315,0.018075861620204504,0.041786021864364364,0.041233953359445935
Bubble,144.46655703077784,0.39860160160160163,0.6013983983983984,0.31282666702355855,0.6871733329764416,848.062600372086,739.9535659927326,0.02040234378951043,0.017951957228743824,0.04156692040490491,0.04121854550811618
Bubble,144.47150785629492,0.4515485485485486,0.5484514514514514,0.31749555036983984,0.68250444963016,901.8846496645779,746.6446265529848,0.02158550135135641,0.0181059588599111,0.04178196442992993,0.0412375081778271
Bubble,144.4810610533776,0.3996006006006006,0.6003993993993995,0.31276969156781265,0.6872303084321872,849.1852223602483,739.9069710178173,0.02042735741367742,0.017950927570239517,0.04157097783933935,0.04121831410230267
Bubble,144.49538575718188,0.4005995995995996,0.5994004004004003,0.31272985009355697,0.687270149906443,850.3038568758824,739.8844402906426,0.020452270245270684,0.017950451421355124,0.04157503527377377,0.04121815228615498
Bubble,144.49671393786628,0.45054954954954957,0.5494504504504505,0.31795323478968945,0.6820467652103106,900.9780936651861,747.3474104068534,0.021565898305109674,0.018122184301795272,0.0417779069954955,0.04123936706309833
Bubble,144.51000496968788,0.40159859859859864,0.5984014014014014,0.31273098705645136,0.6872690129435488,851.4192753128207,739.9213366492639,0.020477100866242336,0.017951344558512248,0.041579092708208205,0.041218156903929784
Bubble,144.51964231542505,0.4495505505505506,0.5504494494494494,0.31832941326193814,0.6816705867380619,900.0663092624137,747.9293671560582,0.021546166291109514,0.01813562408751453,0.04177384956106106,0.041240894911963366
Bubble,144.55083073085805,0.4025975975975976,0.5974024024024024,0.3137529142939107,0.6862470857060894,852.572394416902,741.4812947019041,0.02050283327483184,0.017987379658359295,0.04158315014264265,0.04122230746140473
Bubble,144.55407830084522,0.4485515515515516,0.5514484484484484,0.319926122602623,0.680073877397377,899.1658942205135,750.2537765226165,0.021526702634637483,0.018189125648405777,0.041769792126626626,0.04124737994695055
Bubble,144.5573495471891,0.44755255255255255,0.5524474474474474,0.3186280970612405,0.6813719029387596,898.2252457920894,748.4344080549822,0.021506271885599226,0.018147336400960327,0.0417657346921922,0.04124210801621423
Bubble,144.56291177026125,0.40359659659659664,0.5964034034034034,0.31371058348959924,0.6862894165104008,853.6762333829452,741.4496961935895,0.02052737567918584,0.01798668813669004,0.04158720757707708,0.041222135534843
Bubble,144.57248601725274,0.4045955955955956,0.5954044044044045,0.3135949061918369,0.6864050938081632,854.7725651837711,741.307279254009,0.020551732796470358,0.017983438234695906,0.04159126501151151,0.04122166571149815
Bubble,144.61155379295087,0.4055945945945946,0.5944054054054053,0.3146851215250685,0.6853148784749313,855.9110562388666,742.9553274382306,0.020577098719480835,0.018021482565557575,0.041595322445945944,0.041226093621074066
Bubble,144.62132833643432,0.4065935935935936,0.5934064064064064,0.31463655669247176,0.6853634433075283,857.000354021878,742.9093052600999,0.02060127714610638,0.01802045244819697,0.041599379880380385,0.041225896375006475
Bubble,144.6309064717707,0.4075925925925926,0.5924074074074074,0.3146060260725123,0.6853939739274877,858.0858372206792,742.8884675898466,0.02062535916750125,0.018020001198140453,0.04160343731481481,0.041225772374893506
Bubble,144.66491728419192,0.40859159159159164,0.5914084084084084,0.31563540380595245,0.6843645961940474,859.2049762813026,744.4323628151354,0.020650245381495982,0.018055619887279127,0.04160749474924925,0.04122995319255787
Bubble,144.66565979391507,0.4095905905905906,0.5904094094094094,0.31529015446553815,0.6847098455344617,860.2698978596178,743.9436848042086,0.0206738237992703,0.018044381076680743,0.04161155218368368,0.04122855096236178
Bubble,144.67345760484358,0.41058958958958963,0.5894104104104103,0.3152731016249062,0.6847268983750938,861.3421087960431,743.937744082077,0.020697572778581672,0.018044267296932388,0.04161560961811812,0.041228481702249554
Bubble,144.9942753030006,0.4375625625625626,0.5624374374374375,0.36318038827683274,0.6368196117231673,889.1804937414801,807.8878980752035,0.021310415258532216,0.0195033383269728,0.041725160347847845,0.04142305714698635
