Branch,Pressure [bar],x_CO2 [-],x_Ar [-],y_CO2 [-],y_Ar [-],rho_L [kg/m3],rho_V [kg/m3],rho_L_mol_cm3 [mol/cm3],rho_V_mol_cm3 [mol/cm3],M_liq [kg/mol],M_vap [kg/mol]
Dew,17.87263878235689,0.999956094121621,4.39058783789914e-05,0.999,0.0010000000000000009,1046.0387450943854,46.70014112086268,0.02376857232176554,0.001061235672514948,0.044009321676274964,0.0440054385
Dew,17.8947341536339,0.9999121470174794,8.785298252056428e-05,0.9980010010010011,0.001998998998998913,1046.022777263935,46.747858758879744,0.023768305891894975,0.00106241798840863,0.04400914318511149,0.044001381065565566
Dew,17.916873732564802,0.9998681143911378,0.00013188560886223666,0.9970020020020021,0.0029979979979979365,1046.006778538075,46.795690748253456,0.02376803894543125,0.0010636031214212832,0.044008964346599615,0.04399732363113113
Dew,17.93905769327121,0.9998239958522479,0.00017600414775209572,0.996003003003003,0.00399699699699696,1045.9907487642317,46.8436374713724,0.0237677714797511,0.0010647910810243437,0.04400878515915391,0.043993266196696704
Dew,17.961286219694163,0.9997797910092294,0.0002202089907705762,0.995004004004004,0.004995995995995983,1045.9746877929197,46.89169934396544,0.023767503492303995,0.0010659818774506622,0.044008605621183985,0.04398920876226226
Dew,17.983559496383833,0.9997354994692534,0.00026450053074655866,0.9940050050050051,0.0059949949949948955,1045.9585954741785,46.93987678383437,0.023767234980531265,0.0010671755209839917,0.044008425731094376,0.04398515132782783
Dew,18.005877708519343,0.9996911208382271,0.0003088791617729125,0.9930060060060061,0.006993993993993919,1045.9424716575666,46.98817021091238,0.023766965941865968,0.0010683720219603426,0.044008245487284464,0.04398109389339339
Dew,18.028241041881035,0.9996466547207771,0.00035334527922292747,0.9920070070070071,0.007992992992992942,1045.926316192146,47.036580047161586,0.023766696373732594,0.0010695713907656762,0.044008064888148436,0.043977036458958965
Dew,18.050649682886693,0.9996021007202339,0.00039789927976607853,0.991008008008008,0.008991991991991966,1045.9101289264809,47.085106716686866,0.023766426273547022,0.0010707736378385156,0.04400788393207524,0.043972979024524524
Dew,18.073103818603446,0.999557458438616,0.00044254156138401335,0.990009009009009,0.009990990990990989,1045.8939097086413,47.13375064576762,0.023766155638716733,0.0010719787736706927,0.044007702617448435,0.04396892159009009
Dew,18.095603636722796,0.9995127274766132,0.0004872725233867614,0.9890100100100101,0.010989989989989901,1045.8776583861793,47.18251226276471,0.02376588446664018,0.0010731868088052568,0.04400752094264627,0.043964864155655654
Dew,18.118149325596505,0.9994679074335713,0.0005320925664287213,0.9880110110110111,0.011988988988988925,1045.8613748061325,47.231391998233335,0.023765612754707007,0.0010743977538390645,0.04400733890604145,0.04396080672122122
Dew,18.140741074227677,0.9994229979074752,0.0005770020925247588,0.987012012012012,0.012987987987987948,1045.8450588150151,47.28039028488438,0.02376534050029781,0.0010756116194219274,0.04400715650600122,0.043956749286786785
Dew,18.16337907229017,0.9993779984949338,0.0006220015050661942,0.986013013013013,0.013986986986986971,1045.8287102588154,47.32950755764156,0.02376506770078418,0.0010768284162579337,0.044006973740887176,0.04395269185235235
Dew,18.1860635101177,0.9993329087911625,0.0006670912088374559,0.9850140140140141,0.014985985985985883,1045.8123289829832,47.37874425359624,0.02376479435352838,0.0010780481551044474,0.04400679060905531,0.04394863441791792
Dew,18.20879457873277,0.9992877283899682,0.0007122716100318449,0.9840150150150151,0.015984984984984907,1045.7959148324248,47.4281008120967,0.023764520455883308,0.001079270846774165,0.04400660710885586,0.04394457698348349
Dew,18.231572469839897,0.999242456883732,0.0007575431162679669,0.9830160160160161,0.01698398398398393,1045.7794676515027,47.477577674717004,0.02376424600519253,0.001080496502134429,0.04400642323863328,0.043940519549049054
Dew,18.254397375827022,0.9991970938633944,0.0008029061366056078,0.982017017017017,0.017982982982982954,1045.7629872840191,47.527175285253485,0.023763970998789925,0.0010817251321071772,0.04400623899672618,0.04393646211461462
Dew,18.277269489789674,0.9991516389184371,0.0008483610815629428,0.981018018018018,0.018981981981981977,1045.7464735732176,47.57689408979786,0.02376369543399975,0.0010829567476706293,0.044006054381467236,0.043932404680180184
Dew,18.300189005533852,0.999106091636868,0.0008939083631319678,0.9800190190190191,0.01998098098098089,1045.7299263617742,47.626734536738766,0.023763419308136493,0.0010841913598593489,0.044005869391183144,0.04392834724574575
Dew,18.32315611756877,0.9990604516052044,0.0009395483947955974,0.9790200200200201,0.020979979979979912,1045.7133454917869,47.67669707672925,0.023763142618504658,0.0010854289797635297,0.04400568402419454,0.043924289811311315
Dew,18.34617102112177,0.9990147184084565,0.0009852815915435409,0.9780210210210211,0.021978978978978936,1045.696730804776,47.726782162728625,0.023762865362398813,0.0010866696185299744,0.04400549827881595,0.04392023237687688
Bubble,18.3535781519162,0.999,0.0010000000000000009,0.977699944768343,0.022300055231657012,1045.691383658185,47.74290552853674,0.02376277613182255,0.001087069000739357,0.0440054385,0.043918928325676634
Dew,18.36923391215673,0.9989688916301108,0.0010311083698891776,0.977022022022022,0.02297797797797796,1045.680082141668,47.776990250056606,0.023762587537103246,0.0010879132873633517,0.044005312153355694,0.043916174942442446
Dew,18.392344987364933,0.998922970852114,0.0010770291478859884,0.976023023023023,0.023976976976976982,1045.6633993428,47.827321796354255,0.023762309139892118,0.0010891599975253357,0.04400512564611586,0.04391211750800801
Dew,18.415504444185732,0.9988769556548559,0.0011230443451440975,0.9750240240240241,0.024975975975975895,1045.6466822479074,47.87777726164556,0.02376203016802922,0.0010904097603360345,0.044004938755392194,0.04390806007357357
Dew,18.43871248079716,0.998830845617153,0.0011691543828470374,0.9740250250250251,0.025974974974974918,1045.6299306961143,47.92835710829789,0.023761750618767754,0.0010916625871731146,0.04400475147947407,0.04390400263913914
Dew,18.46196929614752,0.9987846403162319,0.0012153596837680691,0.9730260260260261,0.02697397397397394,1045.6131445259343,47.97906180111999,0.023761470489350456,0.0010929184894740626,0.04400456381664438,0.04389994520470471
Dew,18.48527508993062,0.9987383393277128,0.0012616606722871682,0.972027027027027,0.027972972972972965,1045.596323575256,48.02989180727116,0.02376118977700923,0.0010941774787341415,0.04400437576517951,0.04389588777027027
Dew,18.50863006262665,0.9986919422255919,0.0013080577744081223,0.9710280280280281,0.028971971971971877,1045.5794676813425,48.08084759639032,0.023760908478965212,0.0010954395665093587,0.04400418732334924,0.04389183033583583
Dew,18.532034415482386,0.9986454485822251,0.0013545514177748519,0.9700290290290291,0.0299709709709709,1045.5625766808182,48.13192964052176,0.0237606265924285,0.0010967047644148023,0.04400399848941671,0.0438877729014014
Dew,18.55548835053673,0.9985988579683115,0.001401142031688507,0.9690300300300301,0.030969969969969924,1045.5456504096715,48.18313841419309,0.023760344114598247,0.0010979730841264447,0.0440038092616383,0.04388371546696697
Dew,18.578992070619716,0.9985521699528758,0.0014478300471242322,0.968031031031031,0.03196896896896895,1045.5286887032394,48.23447439440394,0.02376006104266236,0.0010992445373809142,0.04400361963826361,0.043879658032532534
Dew,18.602545779353168,0.9985053841032514,0.0014946158967485967,0.967032032032032,0.03296796796796797,1045.5116913961992,48.28593806062052,0.023759777373797315,0.0011005191359753968,0.04400342961753536,0.04387560059809809
Dew,18.626149681173793,0.9984584999850638,0.0015415000149362479,0.9660330330330331,0.03396696696696688,1045.494658322574,48.337529894845105,0.02375949310516836,0.0011017968917692497,0.04400323919768934,0.043871543163663665
Dew,18.64980398133598,0.9984115171622127,0.0015884828377873417,0.9650340340340341,0.034965965965965906,1045.4775893157155,48.38925038161774,0.02375920823392914,0.001103077816684069,0.044003048376954325,0.04386748572922924
Dew,18.673508885906653,0.9983644351968555,0.0016355648031445291,0.9640350350350351,0.03596496496496493,1045.460484208296,48.441100007991324,0.023758922757221537,0.0011043619227031497,0.04400285715355204,0.0438634282947948
Dew,18.69726460178907,0.9983172536493898,0.0016827463506101648,0.963036036036036,0.03696396396396395,1045.4433428323086,48.493079263603605,0.023758636672175756,0.0011056492218731561,0.044002665525697,0.043859370860360354
Dew,18.721071336715596,0.998269972078436,0.0017300279215639591,0.9620370370370371,0.037962962962962865,1045.4261650190526,48.545188640645314,0.023758349975909972,0.0011069397263034238,0.044002473491596576,0.043855313425925926
Dew,18.744929299273497,0.9982225900408199,0.0017774099591800763,0.9610380380380381,0.03896196196196189,1045.4089505991353,48.597428633938875,0.02375806266553046,0.0011082334481677851,0.04400228104945079,0.0438512559914915
Dew,18.76883869889105,0.9981751070915558,0.0018248929084442311,0.9600390390390391,0.03996096096096091,1045.3916994024576,48.64979974088427,0.023757774738131267,0.0011095303997033636,0.04400208819745236,0.043847198557057064
Dew,18.79279974586393,0.9981275227838277,0.0018724772161723413,0.9590400400400401,0.040959959959959935,1045.3744112582094,48.702302461539844,0.02375748619079417,0.0011108305932124455,0.04400189493378653,0.04384314112262262
Dew,18.816812651353697,0.998079836668973,0.0019201633310269584,0.958041041041041,0.04195895895895896,1045.3570859948625,48.754937298609406,0.023757197020588556,0.001112134041062216,0.04400170125663103,0.04383908368818819
Dew,18.840877627393084,0.9980320482964645,0.0019679517035354754,0.9570420420420421,0.04295795795795787,1045.3397234401668,48.807704757452825,0.023756907224571324,0.0011134407556850326,0.044001507164156094,0.04383502625375375
Bubble,18.85651264330775,0.9980010010010011,0.001998998998998913,0.9563941565104748,0.04360584348952523,1045.3284431787215,48.841997763731236,0.023756718945278078,0.0011142899654993192,0.044001381065565566,0.04383239486666729
Dew,18.86499488689902,0.997984157213892,0.002015842786108002,0.9560430430430431,0.043956956956956894,1045.322323421136,48.86060534612158,0.02375661679978667,0.0011147507495792642,0.04400131265452423,0.043830968819319326
Dew,18.88916464367931,0.9979361629669452,0.002063837033054794,0.9550440440440441,0.04495595595595592,1045.304885764044,48.91363957537383,0.023756325743265985,0.0011160640353096675,0.04400111772589026,0.043826911384884884
Dew,18.913387112439334,0.9978880650993959,0.002111934900604129,0.9540450450450451,0.04595495495495494,1045.2874102944245,48.96680795868929,0.02375603405202793,0.0011173806255077544,0.0440009223764012,0.04382285395045045
Dew,18.937662508785806,0.9978398631530792,0.002160136846920846,0.9530460460460461,0.04695395395395385,1045.2698968370494,49.02011101227434,0.023755741723077924,0.0011187005328719426,0.04400072660419624,0.043818796516016015
Dew,18.961991049246265,0.997791556667876,0.0022084433321239993,0.9520470470470471,0.047952952952952876,1045.2523452159344,49.07354925511959,0.023755448753408383,0.0011200237701688984,0.044000530407406584,0.04381473908158159
Dew,18.986372951264425,0.9977431451816954,0.002256854818304621,0.9510480480480481,0.0489519519519519,1045.2347552543251,49.12712320897703,0.023755155139998384,0.0011213503502330482,0.04400033378415546,0.043810681647147146
Dew,19.010808433216237,0.9976946282304551,0.0023053717695449283,0.9500490490490491,0.04995095095095092,1045.2171267746953,49.18083339840619,0.023754860879813693,0.0011226802859676615,0.044000136732557996,0.04380662421271271
Dew,19.035297714409737,0.997646005348064,0.0023539946519359756,0.94905005005005,0.050949949949949946,1045.1994595987271,49.23468035076635,0.023754565969806338,0.0011240135903447066,0.04399993925072116,0.04380256677827828
Dew,19.05984101510474,0.9975972760664045,0.0024027239335955297,0.9480510510510511,0.05194894894894886,1045.1817535473222,49.288664596274735,0.023754270406914923,0.0011253502764062122,0.043999741336743704,0.04379850934384385
Dew,19.08443855650708,0.9975484399153121,0.0024515600846879426,0.9470520520520521,0.05294794794794788,1045.1640084405765,49.34278666798011,0.023753974188064075,0.0011266903572636929,0.04399954298871604,0.04379445190940941
Dew,19.109090560789696,0.9974994964225589,0.0025005035774411377,0.9460530530530531,0.053946946946946905,1045.1462240977862,49.39704710182563,0.023753677310164624,0.0011280338460996212,0.04399934420472022,0.04379039447497497
Dew,19.133797251087167,0.9974504451138332,0.002549554886166816,0.9450540540540541,0.05494594594594593,1045.12840033743,49.451446436623584,0.023753379770113246,0.001129380756166881,0.04399914498282984,0.04378633704054054
Dew,19.15855885151743,0.9974012855127219,0.0025987144872781087,0.9440550550550552,0.05594494494494484,1045.110536977168,49.50598521412011,0.02375308156479247,0.001130731100790278,0.04399894532110993,0.04378227960610611
Dew,19.183375587188213,0.9973520171406915,0.002647982859308451,0.9430560560560561,0.056943943943943864,1045.0926338338363,49.56066397900952,0.023752782691070597,0.0011320848933669028,0.04399874521761692,0.04377822217167168
Dew,19.208247684187405,0.9973026395170684,0.0026973604829315656,0.9420570570570571,0.05794294294294289,1045.0746907234275,49.615483278895226,0.023752483145801296,0.0011334421473652692,0.04399854467039857,0.04377416473723724
Dew,19.233175369613832,0.9972531521590207,0.0027468478409793384,0.9410580580580581,0.05894194194194191,1045.0567074610967,49.670443664384614,0.02375218292582379,0.0011348028763275154,0.04399834367749386,0.043770107302802806
Dew,19.25815887157266,0.9972035545815388,0.0027964454184612464,0.9400590590590591,0.059940940940940934,1045.0386838611446,49.7255456890668,0.023751882027962492,0.0011361670938689309,0.04399814223693292,0.04376604986836838
Dew,19.283198419194864,0.9971538462974158,0.002846153702584231,0.9390600600600602,0.06093993993993985,1045.0206197370171,49.78078990956994,0.023751580449027077,0.0011375348136792988,0.04399794034673695,0.043761992433933944
Dew,19.308294242623525,0.9971040268172287,0.0028959731827713497,0.9380610610610611,0.06193893893893887,1045.0025149012874,49.83617688550885,0.02375127818581206,0.0011389060495217353,0.04399773800491818,0.0437579349994995
Dew,19.333446573052562,0.9970540956493187,0.0029459043506813165,0.9370620620620621,0.0629379379379379,1044.9843691656608,49.89170717960628,0.023750975235096998,0.0011402808152354916,0.043997535209479716,0.04375387756506507
Dew,19.358655642704758,0.9970040522997716,0.002995947700228374,0.9360630630630631,0.06393693693693692,1044.9661823409533,49.94738135761306,0.023750671593646005,0.0011416591247341683,0.04399733195841553,0.04374982013063063
Bubble,19.3596889491167,0.9970020020020021,0.0029979979979979365,0.936022181480533,0.06397781851946704,1044.965437183256,49.94966425836065,0.023750659152455153,0.001141715638608508,0.04399732363113113,0.04374965409008318
Dew,19.383921684868227,0.9969538962723982,0.0030461037276018343,0.9350640640640641,0.06493593593593594,1044.9479542370968,50.00319998842179,0.02375036725820795,0.0011430409920083458,0.04399712824971035,0.043745762696196205
Dew,19.40924493388423,0.9969036270687143,0.003096372931285729,0.9340650650650651,0.06593493493493485,1044.92968466312,50.05916364401955,0.023750062225516035,0.0011444264311245404,0.04399692408133959,0.043741705261761764
Dew,19.434625625162717,0.9968532441879215,0.003146755812078461,0.9330660660660661,0.06693393393393388,1044.9113734271511,50.11527289953236,0.023749756492287902,0.0011458154562262555,0.04399671945126924,0.04373764782732733
Dew,19.460063995193813,0.9968027471268862,0.0031972528731137873,0.9320670670670671,0.0679329329329329,1044.8930203363957,50.17152833325613,0.023749450055225187,0.0011472080815347248,0.04399651435745585,0.043733590392892895
Dew,19.485560281553134,0.9967521353801209,0.003247864619879137,0.9310680680680681,0.06893193193193192,1044.8746251971459,50.22793052666735,0.02374914291101377,0.0011486043213491928,0.04399630879784637,0.04372953295845847
Dew,19.51111472291187,0.9967014084397618,0.003298591560238151,0.9300690690690692,0.06993093093093083,1044.8561878147552,50.28448006444947,0.023748835056323234,0.0011500041900475556,0.043996102770378104,0.043725475524024025
Dew,19.536727559043115,0.9966505657955507,0.003349434204449331,0.9290700700700701,0.07092992992992986,1044.8377079936406,50.34117753450687,0.02374852648780696,0.0011514077020867146,0.04399589627297863,0.04372141808958959
Dew,19.562399030835614,0.9965996069348131,0.003400393065186913,0.9280710710710711,0.07192892892892888,1044.8191855372738,50.398023528003336,0.023748217202101973,0.0011528148720034953,0.043995689303565746,0.043717360655155156
Dew,19.5881293802961,0.9965485313424385,0.0034514686575615183,0.9270720720720721,0.0729279279279279,1044.8006202481702,50.455018639363,0.02374790719582873,0.0011542257144147052,0.04399548186004732,0.043713303220720715
Dew,19.61391885057196,0.9964973385008592,0.0035026614991408023,0.9260730730730731,0.07392692692692693,1044.7820119278817,50.5121634663381,0.023747596465591027,0.0011556402440187203,0.04399527394032124,0.04370924578628629
Dew,19.639767685929275,0.9964460278900293,0.00355397210997066,0.9250740740740742,0.07492592592592584,1044.763360376983,50.56945860992985,0.02374728500797568,0.0011570584755937138,0.043995065542275356,0.04370518835185186
Dew,19.66567613180511,0.9963945989874043,0.003605401012595655,0.9240750750750751,0.07592492492492486,1044.7446653950751,50.62690467455393,0.0237469728195527,0.0011584804240014801,0.04399485666378734,0.043701130917417425
Dew,19.691644434784582,0.9963430512679192,0.003656948732080778,0.9230760760760761,0.07692392392392389,1044.7259267807653,50.68450226795804,0.023746659896874862,0.0011599061041855853,0.043994647302724656,0.04369707348298299
Dew,19.717672842605147,0.9962913842039688,0.0037086157960312116,0.9220770770770771,0.07792292292292291,1044.7071443316618,50.7422520012295,0.02374634623647761,0.00116133553117158,0.043994437456944424,0.043693016048548555
Dew,19.743761604212825,0.9962395972653838,0.0037604027346161972,0.9210780780780782,0.07892192192192182,1044.6883178443702,50.80015448897314,0.02374603183487907,0.0011627687200711093,0.04399422712429336,0.04368895861411412
Dew,19.769910969709745,0.996187689919412,0.0038123100805880217,0.9200790790790792,0.07992092092092085,1044.6694471144751,50.85821034913234,0.023745716688579614,0.0011642056860778564,0.04399401630260769,0.043684901179679686
Dew,19.796121190404975,0.9961356616306954,0.003864338369304554,0.9190800800800801,0.08091991991991987,1044.6505319365451,50.916420203149194,0.023745400794062076,0.001165646444471246,0.04399380498971308,0.04368084374524525
Dew,19.82239251881056,0.9960835118612481,0.003916488138751895,0.9180810810810811,0.08191891891891889,1044.6315721041076,50.974784675944896,0.02374508414779121,0.0011670910106160374,0.04399359318342446,0.04367678631081081
Dew,19.848725208651835,0.9960312400704351,0.003968759929564913,0.9170820820820821,0.08291791791791792,1044.6125674096543,51.0333043959469,0.023744766746213827,0.001168539399962983,0.04399338088154607,0.04367272887637638
Bubble,19.862951389720845,0.996003003003003,0.00399699699699696,0.9165433971875566,0.08345660281244338,1044.6023009126873,51.0649286901924,0.023744595280609623,0.0011693220993350005,0.043993266196696704,0.04367054100767726
Dew,19.875119514870583,0.9959788457149501,0.004021154285049899,0.9160830830830832,0.08391691691691683,1044.5935176446196,51.09197999509253,0.023744448585758398,0.0011699916280489542,0.043993168081871266,0.04366867144194195
Dew,19.9015756936502,0.9959263282487927,0.0040736717512073195,0.9150840840840841,0.08491591591591585,1044.5744225993844,51.15081210890506,0.02374412966283515,0.0011714477104987208,0.04399295478218247,0.04366461400750751
Dew,19.92809400241032,0.9958736871232472,0.004126312876752802,0.9140850850850851,0.08591491491491487,1044.5552820632586,51.209801376469265,0.02374380997383576,0.001172907663024435,0.04399274098025107,0.04366055657307307
Dew,19.954674699824217,0.9958209217868592,0.0041790782131407855,0.9130860860860861,0.0869139139139139,1044.5360958244728,51.26894844048197,0.023743489515133165,0.0011743715014268252,0.04399252667383733,0.043656499138638644
Dew,19.9813180458259,0.9957680316854131,0.0042319683145869424,0.9120870870870871,0.08791291291291292,1044.5168636701717,51.32825394726851,0.023743168283081487,0.0011758392415956204,0.04399231186069031,0.04365244170420421
Dew,20.008024301617063,0.9957150162619096,0.004284983738090387,0.9110880880880882,0.08891191191191183,1044.497585386402,51.38771854679916,0.023742846274015808,0.0011773108995099626,0.04399209653854775,0.043648384269769774
Dew,20.03479372968656,0.995661874956543,0.004338125043456986,0.9100890890890891,0.08991091091091086,1044.4782607581074,51.44734289274609,0.02374252348425208,0.0011787864912397568,0.043991880705135995,0.04364432683533533
Dew,20.06162659380937,0.9956086072066769,0.004391392793323123,0.9090900900900901,0.09090990990990988,1044.4588895691143,51.50712764247346,0.023742199910086886,0.0011802660329454828,0.04399166435816992,0.043640269400900905
Dew,20.088523159062625,0.9955552124468223,0.004444787553177676,0.9080910910910911,0.0919089089089089,1044.439471602125,51.567073457083424,0.023741875547797303,0.0011817495408792968,0.043991447495352776,0.04363621196646647
Dew,20.115483691839707,0.9955016901086138,0.004498309891386221,0.9070920920920922,0.09290790790790782,1044.420006638711,51.62718100145545,0.023741550393640825,0.0011832370313859689,0.04399123011437614,0.04363215453203204
Dew,20.142508459841423,0.9954480396207854,0.00455196037921457,0.9060930930930932,0.09390690690690684,1044.4004944592918,51.68745094421107,0.02374122444385491,0.0011847285209021245,0.04399101221291982,0.0436280970975976
Dew,20.16959773210771,0.9953942604091472,0.004605739590852753,0.9050940940940941,0.09490590590590586,1044.3809348431398,51.74788395781105,0.023740897694657134,0.0011862240259585082,0.043990793788651755,0.04362403966316316
Dew,20.196751779024545,0.9953403518965626,0.0046596481034374415,0.9040950950950951,0.09590490490490489,1044.361327568367,51.80848071857126,0.023740570142244982,0.0011877235631803965,0.043990574839227886,0.04361998222872873
Dew,20.223970872325534,0.9952863135029215,0.004713686497078484,0.9030960960960961,0.09690390390390391,1044.3416724119065,51.86924190666152,0.02374024178279544,0.001189227149287613,0.043990355362292115,0.0436159247942943
Dew,20.251255285101706,0.9952321446451186,0.004767855354881445,0.9020970970970972,0.09790290290290282,1044.32196914951,51.93016820613093,0.023739912612464983,0.001190734801095153,0.04399013535547615,0.04361186735985986
Dew,20.278605291823368,0.9951778447370284,0.004822155262971584,0.9010980980980982,0.09890190190190185,1044.3022175557392,51.99126030497278,0.02373958262738948,0.0011922465355147175,0.04398991481639944,0.04360780992542543
Dew,20.30602116833957,0.9951234131894792,0.004876586810520833,0.9000990990990991,0.09990090090090087,1044.2824174039506,52.05251889511648,0.023739251823683843,0.0011937623695545717,0.043989693742669075,0.043603752490991
Dew,20.333503191896305,0.9950688494102301,0.004931150589769895,0.8991001001001001,0.10089989989989989,1044.2625684662887,52.113944672480066,0.023738920197441973,0.001195282320320796,0.043989472131879655,0.043599695056556566
Dew,20.36105164114111,0.9950141528039453,0.00498584719605466,0.8981011011011012,0.1018988988988988,1044.2426705136763,52.17553833697913,0.02373858774473655,0.001196806405017534,0.04398924998161323,0.043595637622122124
Bubble,20.366166387400245,0.995004004004004,0.004995995995995983,0.8979160069325741,0.10208399306742588,1044.2389784883724,52.18697908892251,0.023738526058332075,0.0011970894763650335,0.04398920876226226,0.04359488586215666
Dew,20.38866679613949,0.9949593227721694,0.005040677227830637,0.8971021021021022,0.10289789789789783,1044.2227233158014,52.237300592573696,0.02373825446161882,0.001198334640948115,0.04398902728943917,0.04359158018768769
Dew,20.416348938371918,0.9949043587133001,0.005095641286699926,0.8961031031031031,0.10389689689689685,1044.2027266411078,52.29923214725212,0.02373792034411842,0.0011998670455147314,0.04398880405291407,0.043587522753253255
Dew,20.444098350777967,0.9948492600225659,0.005150739977434093,0.8951041041041041,0.10489589589589587,1044.1826802567894,52.361333713168165,0.023737585388243308,0.001201403636221628,0.043988580269581655,0.04358346531881883
Dew,20.4719153177242,0.9947940260919979,0.005205973908002148,0.8941051051051051,0.1058948948948949,1044.1625839287708,52.423606006530306,0.023737249589979376,0.0012029444306726118,0.043988355936972645,0.043579407884384386
Dew,20.499800125045518,0.9947386563104049,0.005261343689595077,0.8931061061061062,0.10689389389389381,1044.1424374217036,52.486049747729744,0.0237369129452904,0.0012044894465740325,0.04398813105260471,0.04357535044994995
Dew,20.527753060044276,0.9946831500633471,0.005316849936652934,0.8921071071071072,0.10789289289289283,1044.1222404989546,52.54866566133114,0.023736575450117887,0.0012060387017346222,0.04398790561398228,0.043571293015515516
Dew,20.55577441150366,0.9946275067331098,0.005372493266890155,0.8911081081081081,0.10889189189189186,1044.101992922594,52.61145447610973,0.02373623710038077,0.0012075922140663902,0.04398767961859653,0.04356723558108109
Dew,20.583864469702448,0.9945717256986771,0.005428274301322866,0.8901091091091091,0.10989089089089088,1044.081694453384,52.67441692509291,0.023735897891975295,0.001209150001585631,0.04398745306392518,0.04356317814664665
Dew,20.612023526420362,0.9945158063357051,0.005484193664294867,0.8891101101101102,0.11088988988988979,1044.0613448507693,52.73755374557128,0.023735557820774807,0.00121071208241322,0.04398722594743247,0.04355912071221222
Dew,20.640251874951772,0.9944597480164951,0.00554025198350494,0.8881111111111112,0.11188888888888882,1044.0409438728657,52.80086567913679,0.023735216882629556,0.001212278474775545,0.043986998266569,0.04355506327777778
Dew,20.668549810122357,0.9944035501099661,0.005596449890033939,0.8871121121121122,0.11288788788788784,1044.0204912764507,52.86435347173045,0.02373487507336657,0.0012138491970056446,0.04398677001877163,0.04355100584334334
Dew,20.69691762828855,0.9943472119816275,0.005652788018372545,0.8861131131131131,0.11388688688688686,1043.9999868169457,52.92801787363418,0.023734532388789257,0.0012154242675430748,0.043986541201463385,0.04354694840890891
Dew,20.7253556273702,0.9942907329935524,0.0057092670064475826,0.8851141141141141,0.11488588588588589,1043.979430248416,52.99185963957055,0.02373418882467751,0.001217003704936248,0.043986311812053314,0.043542890974474474
Dew,20.75386410683239,0.994234112504349,0.00576588749565099,0.8841151151151152,0.1158848848848848,1043.9588213235465,53.055879528637256,0.023733844376787182,0.001218587527840978,0.04398608184793642,0.043538833540040046
Dew,20.782443367728213,0.9941773498691336,0.005822650130866358,0.8831161161161162,0.11688388388388382,1043.938159793644,53.120078304439694,0.023733499040850224,0.0012201757550235769,0.0439858513064935,0.04353477610560561
Dew,20.811093712689434,0.9941204444395004,0.005879555560499572,0.8821171171171172,0.11788288288288284,1043.9174454086112,53.18445673505426,0.023733152812574144,0.0012217684053600615,0.043985620185091036,0.04353071867117118
Dew,20.839815445947192,0.9940633955634957,0.005936604436504345,0.8811181181181181,0.11888188188188187,1043.8966779169473,53.249015593089226,0.023732805687642036,0.0012233654978376048,0.04398538848108115,0.04352666123673674
Dew,20.8686088733441,0.9940062025855875,0.005993797414412527,0.8801191191191192,0.11988088088088078,1043.8758570657303,53.31375565571747,0.023732457661712343,0.0012249670515553396,0.043985156191801364,0.04352260380230231
Bubble,20.869218415644255,0.9940050050050051,0.0059949949949948955,0.8800982277371334,0.11990177226286658,1043.8754212760107,53.315132146653546,0.023732450378443692,0.0012250010668157672,0.04398515132782783,0.043522518951954366
Dew,20.897474302343845,0.9939488648466368,0.006051135153363196,0.8791201201201202,0.1208798798798798,1043.8549826006051,53.37867770470139,0.023732108730418512,0.0012265730857249817,0.04398492331457462,0.04351854636786787
Dew,20.926412042047204,0.9938913816838709,0.0061086183161290775,0.8781211211211212,0.12187887887887883,1043.8340542657763,53.443782526438405,0.023731758889369015,0.0012281836196719298,0.04398468984670904,0.04351448893343343
Dew,20.955422403197907,0.9938337524308487,0.006166247569151295,0.8771221221221221,0.12287787787787785,1043.8130718039863,53.50907091197368,0.02373140813414683,0.0012297986728356095,0.043984455785497895,0.043510431498999004
Dew,20.98450569820681,0.9937759764174376,0.006224023582562355,0.8761231231231231,0.12387687687687687,1043.792034956518,53.57454365707192,0.023731056460309603,0.001231418264771179,0.04398422112821943,0.04350637406456457
Dew,21.013662241148513,0.9937180529697791,0.006281947030220891,0.8751241241241242,0.12487587587587579,1043.7709434631658,53.6402015622003,0.023730703863389067,0.0012330424151491871,0.043983985872136755,0.043502316630130135
Dew,21.042892347786978,0.9936599814102602,0.00634001858973976,0.8741251251251252,0.1258748748748748,1043.7497970622364,53.70604543260494,0.02373035033889105,0.0012346711437573883,0.04398375001449777,0.04349825919569569
Dew,21.07219633558483,0.9936017610574843,0.006398238942515677,0.8731261261261262,0.12687387387387383,1043.7285954905326,53.77207607833474,0.023729995882295254,0.0012363044705013442,0.04398351355253498,0.043494201761261266
Dew,21.10157452371874,0.993543391226238,0.006456608773761974,0.8721271271271271,0.12787287287287286,1043.7073384833368,53.8382943142847,0.023729640489054918,0.0012379424154054745,0.043983276483465374,0.04349014432682683
Dew,21.13102723308095,0.9934848712274637,0.006515128772536349,0.8711281281281281,0.12887187187187188,1043.6860257744029,53.90470096019479,0.02372928415459666,0.0012395849986130865,0.043983038804490344,0.043486086892392396
Dew,21.160554786307255,0.9934262003682245,0.006573799631775512,0.8701291291291292,0.1298708708708708,1043.6646570959388,53.971296840733864,0.023728926874320204,0.001241232240388361,0.04398280051279555,0.043482029457957955
Dew,21.19015750778236,0.9933673779516772,0.006632622048322823,0.8691301301301302,0.13086986986986981,1043.643232178604,54.03808278551078,0.023728568643598347,0.0012428841611166629,0.043982561605550745,0.04347797202352353
Dew,21.21983572365684,0.9933084032770377,0.0066915967229622675,0.8681311311311312,0.13186886886886884,1043.6217507514855,54.10505962912289,0.0237282094577765,0.0012445407813057156,0.043982322079909694,0.04347391458908909
Dew,21.249618356406046,0.9932492756395395,0.006750724360460536,0.8671321321321321,0.13286786786786786,1043.6002206620203,54.17232051451798,0.023727849496791648,0.0012462042449734004,0.043982081933009995,0.04346985715465466
Dew,21.279449407089167,0.9931899943304433,0.006810005669556696,0.8661331331331332,0.13386686686686677,1043.5786256219494,54.23968442925143,0.02372748839182822,0.0012478703895563944,0.0439818411619731,0.04346579972022022
Dew,21.30935696266883,0.9931305586369433,0.006869441363056672,0.8651341341341342,0.1348658658658658,1043.5569732546867,54.307241844168104,0.023727126317745775,0.0012495412974258364,0.04398159976390394,0.04346174228578579
Dew,21.339341356922276,0.993070967842175,0.0069290321578250325,0.8641351351351352,0.13586486486486482,1043.535263282992,54.374993615523,0.02372676326977998,0.0012512169896190905,0.04398135773589099,0.04345768485135136
Dew,21.36940292546848,0.9930112212251713,0.00698877877482873,0.8631361361361362,0.13686386386386384,1043.5134954279904,54.442940604771685,0.023726399243138043,0.0012528974873010606,0.04398111507500604,0.04345362741691692
Bubble,21.37200686903014,0.9930060060060061,0.006993993993993919,0.8630490584158638,0.13695094158413623,1043.5115866227932,54.44880642395272,0.02372636726935853,0.001253042676053962,0.04398109389339339,0.043453273750756034
Dew,21.399542005769646,0.9929513180608311,0.007048681939168855,0.8621371371371371,0.13786286286286287,1043.4916694091544,54.51108367856919,0.02372603423299837,0.0012545828117642216,0.04398087177830407,0.043449569982482485
Dew,21.429758937172597,0.9928912576198841,0.00710874238011594,0.8611381381381382,0.13886186186186178,1043.4697849443012,54.57942370889678,0.023725668234510583,0.0012562729844315984,0.04398062784282316,0.04344551254804805
Dew,21.460054060894254,0.9928310391688583,0.007168960831141713,0.8601391391391392,0.1398608608608608,1043.4478417495698,54.64796157300919,0.02372530124279504,0.0012579680268556125,0.04398038326558432,0.04344145511361362
Dew,21.490427720052505,0.9927706619700445,0.007229338029955512,0.8591401401401402,0.14085985985985983,1043.4258395394068,54.71669815352755,0.023724933252942615,0.0012596679607202819,0.04398013804359134,0.04343739767917919
Dew,21.52088025967121,0.9927101252814643,0.007289874718535705,0.8581411411411412,0.14185885885885885,1043.4037780265594,54.78563433844944,0.02372456426001461,0.0012613728078415124,0.04397989217383067,0.043433340244744746
Dew,21.551412026716257,0.992649428356832,0.007350571643167991,0.8571421421421422,0.14285785785785776,1043.3816569220558,54.85477102125855,0.02372419425904236,0.0012630825901696855,0.043979645653271275,0.04342928281031031
Dew,21.582023370079753,0.9925885704455235,0.00741142955447649,0.8561431431431432,0.14385685685685679,1043.3594759351904,54.92410910086764,0.023723823245026993,0.0012647973297884084,0.0439793984788645,0.04342522537587588
Dew,21.612714640623118,0.9925275507925375,0.007472449207462484,0.8551441441441442,0.1448558558558558,1043.3372347735149,54.99364948175077,0.023723451212939287,0.0012665170489176195,0.043979150647543895,0.04342116794144145
Dew,21.643486191166048,0.9924663686384633,0.00753363136153673,0.8541451451451452,0.14585485485485483,1043.3149331428142,55.06339307390174,0.023723078157719207,0.0012682417699126974,0.043978902156225116,0.04341711050700701
Dew,21.674338376518385,0.9924050232194412,0.00759497678055876,0.8531461461461461,0.14685385385385386,1043.2925707470984,55.13334079293025,0.02372270407427578,0.0012699715152667366,0.04397865300180576,0.04341305307257257
Dew,21.705271553501184,0.9923435137671298,0.0076564862328701855,0.8521471471471472,0.14785285285285277,1043.2701472885879,55.20349356012324,0.023722328957486865,0.001271706307612027,0.04397840318116521,0.04340899563813814
Dew,21.736286080942484,0.9922818395086677,0.007718160491332338,0.8511481481481482,0.1488518518518518,1043.247662467697,55.27385230242525,0.023721952802198836,0.001273446169719665,0.04397815269116445,0.04340493820370371
Dew,21.767382319710606,0.9922199996666359,0.007780000333364123,0.8501491491491492,0.14985085085085081,1043.2251159830175,55.34441795253893,0.023721575603226273,0.0012751911245019363,0.04397790152864605,0.04340088076926927
Dew,21.798560632721667,0.9921579934590228,0.00784200654097722,0.8491501501501502,0.15084984984984984,1043.202507531306,55.415191448943226,0.023721197355351786,0.001276941195012797,0.04397764969043382,0.043396823334834835
Dew,21.82982138495052,0.992095820099185,0.007904179900815045,0.8481511511511511,0.15184884884884886,1043.179836807463,55.486173735921945,0.02372081805332558,0.001278696404448603,0.04397739717333284,0.0433927659004004
Dew,21.861164943459812,0.9920334787958098,0.007966521204190169,0.8471521521521522,0.15284784784784777,1043.1571035045263,55.557365763651006,0.023720437691865423,0.0012804567761501846,0.04397714397412918,0.043388708465965965
Bubble,21.87447375904911,0.9920070070070071,0.007992992992992942,0.8467287654834673,0.15327123451653268,1043.1474499267044,55.58760123587789,0.02372027616959158,0.0012812044041204838,0.043977036458958965,0.043386988881011106
Dew,21.892591677408898,0.9919709687528768,0.008029031247123175,0.8461531531531532,0.1538468468468468,1043.1343073136447,55.62876848822078,0.023720056265656105,0.0012822223336034291,0.04397689008958981,0.04338465103153153
Dew,21.92410195806896,0.9919082891696213,0.00809171083037874,0.8451541541541542,0.15484584584584582,1043.111447924074,55.70038287167819,0.02371967376934942,0.0012839931004403197,0.04397663551646242,0.043380593597097096
Dew,21.955696158835238,0.9918454392404916,0.008154560759508378,0.8441551551551552,0.15584484484484484,1043.0885250231452,55.77220988205996,0.023719290197563574,0.0012857691004397708,0.04397638025147525,0.04337653616266266
Dew,21.98737465526387,0.9917824181551134,0.008217581844886634,0.8431561561561562,0.15684384384384376,1043.0655382962673,55.84425049350443,0.023718905544883234,0.0012875503575302733,0.043976124291336995,0.043372478728228234
Dew,22.01913782506503,0.9917192250982492,0.008280774901750831,0.8421571571571572,0.15784284284284278,1043.0424874268983,55.91650568622316,0.023718519805859064,0.0012893368957893113,0.043975867632736546,0.0433684212937938
Dew,22.050986048122002,0.9916558592497567,0.008344140750243256,0.8411581581581582,0.1588418418418418,1043.019372096525,55.98897644655602,0.023718132975007286,0.0012911287394447015,0.04397561027234289,0.043364363859359364
Dew,22.082919706534206,0.9915923197845496,0.008407680215450353,0.8401591591591592,0.15984084084084083,1042.9961919846598,56.06166376710279,0.023717745046809693,0.0012929259128776982,0.04397535220680495,0.04336030642492493
Dew,22.114939184597596,0.9915286058725589,0.008471394127441134,0.8391601601601602,0.16083983983983985,1042.972946768817,56.134568646654145,0.023717356015713217,0.0012947284406214744,0.0439750934327514,0.0433562489904905
Dew,22.14704486884807,0.9914647166786883,0.008535283321311704,0.8381611611611612,0.16183883883883876,1042.9496361244915,56.20769209032438,0.023716965876129502,0.0012965363473642542,0.0439748339467905,0.043352191556056054
Dew,22.17923714807242,0.9914006513627742,0.008599348637225779,0.8371621621621622,0.16283783783783778,1042.9262597251488,56.28103510958028,0.02371657462243482,0.001298349657950049,0.043974573745509914,0.043348134121621626
Dew,22.21151641331975,0.9913364090795453,0.008663590920454656,0.8361631631631632,0.1638368368368368,1042.9028172422031,56.35459872227149,0.023716182248969583,0.0013001683973794347,0.04397431282547658,0.04334407668718719
Dew,22.24388305792662,0.9912719889785775,0.00872801102142251,0.8351641641641642,0.16483583583583583,1042.8793083450016,56.42838395270473,0.023715788750038148,0.0013019925908113357,0.04397405118323649,0.04334001925275276
Dew,22.2763374775316,0.9912073902042557,0.008792609795744255,0.8341651651651653,0.16583483483483474,1042.8557327008102,56.50239183168408,0.023715394119908514,0.001303822263564028,0.043973788815314586,0.043335961818318315
Dew,22.308880070094336,0.9911426118957246,0.008857388104275388,0.8331661661661662,0.16683383383383377,1042.8320899747878,56.5766233965659,0.02371499835281189,0.0013056574411164819,0.04397352571821449,0.04333190438388389
Dew,22.34151123591274,0.9910776531868505,0.008922346813149518,0.8321671671671672,0.1678328328328328,1042.808379829972,56.65107969130742,0.02371460144294242,0.0013074981491095594,0.0439732618884184,0.04332784694944945
Dew,22.37423137764737,0.9910125132061756,0.00898748679382444,0.8311681681681682,0.1688318318318318,1042.784601927268,56.725761766538504,0.023714203384457053,0.0013093444133477443,0.04397299732238689,0.04332378951501502
Bubble,22.376494284009468,0.991008008008008,0.008991991991991966,0.831099178564706,0.16890082143529395,1042.7829573456086,56.73092757766367,0.02371417585249409,0.0013094721197867228,0.043972979024524524,0.04332350931374056
Dew,22.407040900324343,0.990947191076874,0.009052808923125988,0.8301691691691692,0.16983083083083084,1042.7607559254163,56.80067067956489,0.02371380417147486,0.0013111962597992972,0.04397273201655872,0.043319732080580584
Dew,22.439940211378268,0.9908816859167048,0.00911831408329522,0.8291701701701703,0.17082982982982975,1042.7368414809857,56.87580749449888,0.023713403798077,0.0013130537145993454,0.0439724659673507,0.04331567464614615
Dew,22.47292972064769,0.9908159968379726,0.009184003162027388,0.8281711711711712,0.17182882882882877,1042.712858248352,56.95117328223892,0.02371300225830633,0.0013149168040494914,0.043972199171157425,0.043311617211711714
Dew,22.506009840406158,0.9907501229474756,0.009249877052524447,0.8271721721721722,0.1728278278278278,1042.6888058796737,57.02676912056234,0.023712599546166946,0.001316785554620034,0.04397193162435118,0.04330755977727728
Dew,22.53918098538389,0.9906840633464636,0.00931593665353636,0.8261731731731732,0.17382682682682682,1042.6646840248784,57.10259609418858,0.023712195655623953,0.0013186599929515042,0.04397166332328166,0.04330350234284284
Dew,22.57244357278112,0.9906178171305895,0.009382182869410505,0.8251741741741743,0.17482582582582573,1042.6404923316459,57.178655294815286,0.023711790580603177,0.0013205401458555798,0.0439713942642759,0.04329944490840841
Dew,22.60579802228638,0.9905513833898647,0.009448616610135296,0.8241751751751752,0.17582482482482475,1042.6162304453776,57.25494782117072,0.02371138431499063,0.0013224260403163779,0.04397112444363794,0.04329538747397398
Dew,22.639244756105846,0.99048476120861,0.009515238791390046,0.8231761761761762,0.17682382382382378,1042.5918980091908,57.33147477910107,0.02371097685263237,0.0013243177034925502,0.043970853857648776,0.04329133003953955
Dew,22.672784198973083,0.9904179496654082,0.009582050334591807,0.8221771771771772,0.1778228228228228,1042.5674946638892,57.40823728159544,0.023710568187334035,0.0013262151627179434,0.04397058250256605,0.0432872726051051
Dew,22.706416778172045,0.990350947833057,0.009649052166943006,0.8211781781781782,0.17882182182182182,1042.5430200479461,57.48523644885297,0.023710158312860483,0.0013281184455032305,0.04397031037462397,0.04328321517067067
Dew,22.74014292356682,0.990283754778519,0.009716245221480957,0.8201791791791793,0.17982082082082074,1042.5184737974869,57.56247340837137,0.023709747222935573,0.0013300275795380407,0.043970037470032954,0.043279157736236244
Dew,22.77396306760151,0.9902163695628711,0.009783630437128932,0.8191801801801802,0.18081981981981976,1042.4938555462575,57.639949294940514,0.023709334911241466,0.0013319425926908968,0.0439697637849796,0.04327510030180181
Dew,22.807877645346814,0.9901487912412609,0.009851208758739127,0.8181811811811812,0.18181881881881878,1042.4691649256235,57.71766525078466,0.02370892137141877,0.0013338635130125819,0.04396948931562638,0.04327104286736737
Dew,22.84188709450199,0.990081018862848,0.00991898113715195,0.8171821821821822,0.1828178178178178,1042.444401564527,57.79562242556255,0.023708506597065644,0.0013357903687362294,0.04396921405811146,0.04326698543293293
Dew,22.875991855422143,0.9900130514707612,0.00998694852923876,0.8161831831831833,0.18381681681681672,1042.4195650894835,57.87382197644811,0.023708090581737836,0.0013377231882792746,0.0439689380085485,0.0432629279984985
Bubble,22.878020206261574,0.990009009009009,0.009990990990990989,0.8161238567016401,0.18387614329835988,1042.4180878444306,57.87847357955334,0.02370806583710653,0.001337838158797138,0.04396892159009009,0.043262687043993706
Dew,22.910192371135846,0.989944888102042,0.010055111897958047,0.8151841841841843,0.18481581581581574,1042.394655124547,57.95226506818045,0.02370767331894799,0.0013396620002446955,0.043968661163026446,0.04325887056406407
Dew,22.944489087382994,0.9898765277875973,0.010123472212402729,0.8141851851851852,0.18581481481481477,1042.3696712913056,58.030952873178144,0.023707254802165668,0.001341606833423743,0.04396838351760933,0.04325481312962963
Dew,22.97888245260806,0.9898079695521419,0.010192030447858103,0.8131861861861862,0.1868138138138138,1042.3446132088347,58.10988657151172,0.02370683502481637,0.0013435577167953913,0.04396810506833603,0.043250755695195195
Dew,23.013372918009388,0.9897392124141521,0.01026078758584792,0.8121871871871872,0.1878128128128128,1042.3194804936998,58.18906735105426,0.023706413980281733,0.0013455146795299106,0.04396782581122008,0.04324669826076077
Dew,23.047960937552855,0.9896702553858076,0.010329744614192449,0.8111881881881883,0.18881181181181173,1042.294272759923,58.26849640751886,0.023705991661898875,0.001347477750989822,0.04396754574224945,0.04324264082632633
Dew,23.082646967971918,0.9896010974729402,0.010398902527059772,0.8101891891891893,0.18981081081081075,1042.2689896189538,58.348174944452445,0.023705568062959828,0.0013494469607298444,0.04396726485738635,0.04323858339189189
Dew,23.11743146883703,0.9895317376749794,0.010468262325020627,0.8091901901901902,0.19080980980980977,1042.2436306796646,58.428104173450585,0.02370514317671157,0.0013514223385019538,0.04396698315256693,0.043234525957457456
Dew,23.1523149025259,0.9894621749848972,0.010537825015102809,0.8081911911911912,0.1918088088088088,1042.2181955483084,58.508285314056636,0.023704716996355173,0.0013534039142531428,0.04396670062370116,0.04323046852302302
Dew,23.187297734288673,0.9893924083891528,0.010607591610847233,0.8071921921921922,0.19280780780780782,1042.1926838285115,58.58871959396291,0.023704289515045725,0.001355391718130165,0.043966417266672546,0.043226411088588594
Dew,23.222380432253185,0.9893224368676373,0.010677563132362677,0.8061931931931933,0.19380680680680673,1042.1670951212416,58.66940824902131,0.023703860725891777,0.001357385780479877,0.04396613307733792,0.04322235365415416
Dew,23.257563467441923,0.9892522593936156,0.010747740606384393,0.8051941941941942,0.19480580580580575,1042.1414290247828,58.75035252329084,0.023703430621954843,0.0013593861318504299,0.04396584805152717,0.04321829621971972
Dew,23.292847313810412,0.9891818749336727,0.010818125066327289,0.8041951951951952,0.19580480480480478,1042.1156851347187,58.8315536691538,0.023702999196249144,0.0013613928029940516,0.04396556218504311,0.04321423878528529
Dew,23.328232448261392,0.989111282447652,0.010888717552347993,0.8031961961961962,0.1968038038038038,1042.0898630439021,58.91301294735434,0.02370256644174107,0.0013634058248680383,0.043965275473661136,0.043210181350850856
Dew,23.36371935067291,0.9890404808886017,0.010959519111398253,0.8021971971971973,0.1978028028028027,1042.0639623424377,58.99473162708194,0.023702132351348854,0.00136542522863678,0.04396498791312906,0.04320612391641642
Bubble,23.37899091617032,0.9890100100100101,0.010989989989989901,0.8017681670195416,0.19823183298045843,1042.0528147936502,59.02990647874718,0.02370194551504375,0.0013662944486599272,0.043964864155655654,0.043204381410349865
Dew,23.39930850392292,0.9889694692027104,0.01103053079728955,0.8011981981981983,0.19880180180180174,1042.0379826176475,59.076710986043096,0.02370169691794198,0.0013674510456735177,0.043964699499166815,0.043202066481981986
Dew,23.43500039390993,0.9888982463292532,0.011101753670746839,0.8001991991991992,0.19980080080080076,1042.011923454052,59.15895231052094,0.02370126013434082,0.001369483307561822,0.043964410227466263,0.04319800904754755
Dew,23.470795509591124,0.9888268112005298,0.011173188799470157,0.7992002002002002,0.20079979979979978,1041.985784433353,59.241456895490145,0.023700821993316374,0.0013715220460983526,0.04396412009369096,0.043193951613113124
Dew,23.506694342981916,0.9887551627418023,0.011244837258197693,0.7982012012012012,0.2017987987987988,1041.9595651343889,59.32422604460928,0.02370038248758942,0.0013735672932927803,0.043963829093475834,0.04318989417867868
Dew,23.542697389203646,0.9886832998712359,0.011316700128764068,0.7972022022022023,0.20279779779779772,1041.9332651331233,59.407261070366275,0.02369994160983034,0.0013756190813712552,0.043963537222427025,0.04318583674424425
Dew,23.578805146509815,0.9886112214998358,0.011388778500164176,0.7962032032032033,0.20379679679679674,1041.9068840026198,59.49056329415545,0.023699499352658703,0.0013776774427782946,0.043963244476121585,0.04318177930980981
Dew,23.615018116291274,0.9885389265313873,0.011461073468612692,0.7952042042042042,0.20479579579579577,1041.8804213130086,59.57413404628785,0.02369905570864262,0.0013797424101771216,0.04396295085010723,0.04317772187537538
Dew,23.651336803128853,0.9884664138623886,0.011533586137611351,0.7942052052052052,0.2057947947947948,1041.8538766314646,59.65797466615222,0.02369861067029838,0.001381814016453499,0.043962656339902095,0.043173664440940944
Dew,23.687761714800292,0.988393682381991,0.01160631761800901,0.7932062062062063,0.2067937937937937,1041.8272495221781,59.74208650223083,0.023698164230089944,0.0013838922947161999,0.043962360940994455,0.04316960700650651
Dew,23.724293362313837,0.9883207309719324,0.011679269028067596,0.7922072072072073,0.20779279279279272,1041.8005395463313,59.826470912199866,0.023697716380428488,0.0013859772782994367,0.04396206464884251,0.043165549572072075
Dew,23.76093225992808,0.988247558506472,0.011752441493528054,0.7912082082082083,0.20879179179179175,1041.7737462620644,59.91112926298658,0.023697267113671837,0.0013880690007642932,0.043961767458874035,0.04316149213763764
Dew,23.797678925202334,0.9881741638523254,0.011825836147674629,0.7902092092092092,0.20979079079079077,1041.7468692244574,59.99606293092248,0.023696816422124126,0.00139016749590238,0.04396146936648622,0.043157434703203205
Dew,23.834533878992346,0.9881005458685979,0.011899454131402143,0.7892102102102102,0.2107897897897898,1041.7199079854938,60.08127330172393,0.02369636429803516,0.0013922727977354933,0.04396117036704531,0.04315337726876877
Dew,23.871497645505002,0.9880267034067179,0.011973296593282057,0.7882112112112113,0.2117887887887887,1041.6928620940391,60.166761770659555,0.02369591073360004,0.0013943849405196017,0.04396087045588639,0.043149319834334336
Bubble,23.879352421836337,0.9880110110110111,0.011988988988988925,0.7879993040175542,0.21200069598244575,1041.687114206833,60.18493143212386,0.02369581433781967,0.0013948338500442104,0.04396080672122122,0.043148459173267296
Dew,23.908570752300328,0.9879526353103658,0.012047364689634188,0.7872122122122123,0.21278778778778773,1041.6657310958005,60.252529742550365,0.023695455720958398,0.0013965039587449616,0.04396056962831305,0.04314526239989991
Dew,23.945753730352276,0.9878783404154124,0.012121659584587552,0.7862132132132132,0.21378678678678675,1041.63851453332,60.3385786319563,0.02369499925219437,0.0013986298871405502,0.043960267879597205,0.04314120496546546
Dew,23.983047114041483,0.9878038175498416,0.01219618245015841,0.7852142142142142,0.21478578578578578,1041.6112119459187,60.42490986314749,0.02369454131933551,0.0014007627606735095,0.043959965204978683,0.04313714753103103
Dew,24.020451441224377,0.9877290655336854,0.012270934466314554,0.7842152152152152,0.2157847847847848,1041.5838228696912,60.51152487031681,0.023694081914352752,0.0014029026145541902,0.043959661599665065,0.0431330900965966
Dew,24.057967253210432,0.987654083178951,0.012345916821049019,0.7832162162162163,0.2167837837837837,1041.5563468374535,60.598425097502144,0.023693621029159426,0.00140504948423446,0.04395935705883131,0.04312903266216217
Dew,24.095595094843652,0.9875788692895506,0.012421130710449368,0.7822172172172173,0.21778278278278274,1041.5287833787338,60.68561199883812,0.023693158655611172,0.0014072034054136585,0.043959051577619514,0.04312497522772773
Dew,24.133335514509128,0.9875034226612281,0.012496577338771853,0.7812182182182182,0.21878178178178176,1041.50113201973,60.77308703857103,0.02369269478550513,0.0014093644140390539,0.04395874515113858,0.0431209177932933
Dew,24.171189064159144,0.9874277420814868,0.012572257918513241,0.7802192192192192,0.21978078078078078,1041.4733922832822,60.86085169113551,0.02369222941057946,0.0014115325463077448,0.04395843777446396,0.04311686035885886
Dew,24.20915629934248,0.9873518263295136,0.012648173670486429,0.7792202202202203,0.2207797797797797,1041.445563688836,60.94890744124131,0.02369176252251268,0.0014137078386687845,0.04395812944263732,0.04311280292442443
Dew,24.247237779255528,0.9872756741761073,0.012724325823892713,0.7782212212212213,0.22177877877877872,1041.4176457524236,61.037255784028936,0.023691294112923363,0.0014158903278269142,0.043957820150666266,0.04310874548998999
Dew,24.28543406674558,0.9871992843836015,0.012800715616398506,0.7772222222222223,0.22277777777777774,1041.3896379866171,61.12589822507437,0.02369082417336927,0.0014180800507427906,0.043957509893524,0.043104688055555555
Dew,24.323745728361267,0.9871226557057877,0.012877344294212278,0.7762232232232232,0.22377677677677676,1041.3615399005082,61.2148362805426,0.023690352695347007,0.0014202770446366682,0.04395719866614906,0.04310063062112113
Dew,24.362173334382543,0.9870457868878386,0.012954213112161383,0.7752242242242242,0.2247757757757758,1041.3333509996703,61.30407147727635,0.023689879670291365,0.0014224813469905834,0.04395688646344496,0.04309657318668669
Bubble,24.379056476388932,0.987012012012012,0.012987987987987948,0.7747862689328527,0.22521373106714726,1041.320964390791,61.34328574939414,0.02368967180891622,0.0014234500142987514,0.043956749286786785,0.04309479443127078
Dew,24.40071745884701,0.9869686766662316,0.013031323333768441,0.7742252252252253,0.2257747747747747,1041.305070786125,61.39360535287382,0.023689405089574678,0.0014246929955502785,0.0439565732802799,0.04309251575225225
Dew,24.439378679578752,0.9868913237686687,0.013108676231331273,0.7732262262262263,0.22677377377377372,1041.276698758312,61.48343945577371,0.02368892894450634,0.0014269120283272993,0.043956259111486456,0.04308845831781782
Dew,24.478157578234967,0.9868137269139965,0.013186273086003508,0.7722272272272273,0.22777277277277275,1041.2482344110533,61.57357534539685,0.023688451226332143,0.0014291384836024094,0.04395594395186119,0.04308440088338339
Dew,24.517054740321022,0.9867358848121265,0.013264115187873515,0.7712282282282282,0.22877177177177177,1041.2196772355178,61.664014592187954,0.02368797192623362,0.0014313723999266862,0.04395562779616446,0.043080343448948955
Dew,24.556070755248008,0.9866577961639517,0.013342203836048339,0.7702292292292293,0.22977077077077068,1041.1910267191906,61.75475877779175,0.02368749103532756,0.0014336138161257343,0.04395531063911989,0.04307628601451451
Dew,24.595206216336663,0.9865794596612704,0.013420540338729636,0.7692302302302303,0.2307697697697697,1041.1622823458379,61.84580949505959,0.023687008544665336,0.001435862771299971,0.04395499247541425,0.04307222858008008
Dew,24.634461720874828,0.9865008739866935,0.013499126013306495,0.7682312312312313,0.23176876876876873,1041.1334435954652,61.937168348225,0.023686524445232157,0.0014381193048288302,0.04395467329969696,0.043068171145645644
Dew,24.673837870142968,0.9864220378135682,0.013577962186431813,0.7672322322322322,0.23276776776776775,1041.1045099442904,62.02883695297881,0.023686038727946623,0.00144038345637264,0.04395435310657981,0.043064113711211216
Dew,24.713335269449654,0.9863429498058893,0.013657050194110676,0.7662332332332332,0.23376676676676678,1041.0754808647043,62.12081693657533,0.023685551383660013,0.00144265526587522,0.04395403189063662,0.043060056276776774
Dew,24.752954528163507,0.9862636086182149,0.013736391381785062,0.7652342342342343,0.2347657657657657,1041.0463558252316,62.21310993792756,0.02368506240315553,0.0014449347735662245,0.04395370964640288,0.04305599884234235
Dew,24.792696259753125,0.9861840128955773,0.013815987104422667,0.7642352352352353,0.2357647647647647,1041.0171342904966,62.30571760772761,0.023684571777147802,0.0014472220199640779,0.04395338636837539,0.043051941407907905
Dew,24.832561081836147,0.9861041612733974,0.013895838726602605,0.7632362362362363,0.23676376376376373,1040.9878157211938,62.398641608595796,0.02368407949628228,0.0014495170458795708,0.043953062051011904,0.04304788397347348
Dew,24.872549616174634,0.9860240523773947,0.013975947622605345,0.7622372372372372,0.23776276276276276,1040.9583995740277,62.49188361506064,0.02368358555113413,0.0014518198924155356,0.043952736688730794,0.04304382653903904
Bubble,24.878059846349853,0.986013013013013,0.013986986986986971,0.7620998226738442,0.23790017732615576,1040.9543456524934,62.50473424765102,0.023683517477139038,0.0014521372685628146,0.04395269185235235,0.043043268429789824
Dew,24.91266248877301,0.985943684823496,0.014056315176503964,0.7612382382382383,0.23876176176176167,1040.9288853017042,62.58544531386213,0.023683089932208218,0.0014541306009740287,0.04395241027591063,0.04303976910460461
Dew,24.95290032984189,0.9858630572177473,0.014136942782252748,0.7602392392392393,0.2397607607607607,1040.8992723528645,62.6793284038323,0.02368259262993776,0.001456449213253697,0.043952082806889885,0.043035711670170174
Dew,24.993263773908335,0.9857821681562215,0.01421783184377845,0.7592402402402403,0.24075975975975972,1040.8695601720708,62.77353459623706,0.02368209363468421,0.001458775771257862,0.0439517542759665,0.043031654235735746
Dew,25.033753459801225,0.9857010162249225,0.014298983775077545,0.7582412412412413,0.24175875875875874,1040.8397481997445,62.868065614725154,0.023681592936736065,0.0014611103172934771,0.04395142467739752,0.043027596801301304
Dew,25.074370030714906,0.9856195999996917,0.014380400000308269,0.7572422422422422,0.24275775775775776,1040.809835872142,62.96292319552286,0.02368109052630848,0.001463452893975795,0.043951094005398754,0.04302353936686687
Dew,25.115114134244266,0.9855379180461185,0.014462081953881545,0.7562432432432433,0.24375675675675668,1040.77982262131,63.05810908753948,0.023680586393542473,0.0014658035442309662,0.043950762254144314,0.043019481932432435
Dew,25.155986422412177,0.9854559689194367,0.014544031080563347,0.7552442442442443,0.2447557557557557,1040.7497078750384,63.15362505244834,0.023680080528504035,0.0014681623112980694,0.04395042941776629,0.043015424497998
Dew,25.196987551729503,0.9853737511644308,0.014626248835569178,0.7542452452452453,0.24575475475475472,1040.7194910568303,63.24947286487058,0.023679572921183646,0.0014705292387335305,0.04395009549035434,0.043011367063563566
Dew,25.238118183214286,0.9852912633153377,0.014708736684662327,0.7532462462462463,0.24675375375375375,1040.689171585849,63.34565431243028,0.023679063561495333,0.0014729043704125554,0.043949760465955244,0.04300730962912913
Dew,25.279378982444776,0.9852085038957475,0.014791496104252455,0.7522472472472473,0.24775275275275266,1040.6587488768846,63.44217119591639,0.023678552439276024,0.0014752877505330455,0.043949424338572574,0.0430032521946947
Dew,25.32077061959829,0.9851254714185004,0.014874528581499624,0.7512482482482483,0.24875175175175168,1040.6282223403045,63.539025329399685,0.02367803954428469,0.0014776794236184693,0.04394908710216624,0.04299919476026026
Dew,25.362293769497562,0.9850421643855873,0.014957835614412662,0.7502492492492493,0.2497507507507507,1040.5975913820182,63.636218540373704,0.02367752486620177,0.0014800794345212948,0.043948748750652064,0.04299513732582583
Bubble,25.376323693386826,0.9850140140140141,0.014985985985985883,0.7499124217507173,0.25008757824928274,1040.5872400515448,63.669065466411745,0.023677350931006307,0.001480890522083601,0.04394863441791792,0.042993769300940544
Dew,25.403949111629935,0.9849585812880469,0.01504141871195308,0.7492502502502503,0.25074974974974973,1040.5668554034196,63.73375266981013,0.02367700839462802,0.0014824878284244328,0.043948409277901404,0.04299107989139139
Dew,25.44573733022043,0.9848747206058591,0.015125279394140878,0.7482512512512512,0.25174874874874875,1040.5360138013573,63.831629572383534,0.023676490119084105,0.001484904650846621,0.0439480686777407,0.04298702245695696
Dew,25.487659114261692,0.9847905808078427,0.015209419192157347,0.7472522522522523,0.25274774774774766,1040.5050659680865,63.92985111656074,0.023675970029009678,0.0014873299476446614,0.04394772694395106,0.042982965022522523
Dew,25.529715157535605,0.9847061603515456,0.015293839648454433,0.7462532532532533,0.2537467467467467,1040.4740112912095,64.02841918466392,0.023675448113762303,0.0014897637650150477,0.04394738407026781,0.04297890758808809
Dew,25.57190615870917,0.9846214576831409,0.01537854231685909,0.7452542542542543,0.2547457457457457,1040.4428491536557,64.12733567316711,0.02367492436261717,0.0014922061495010262,0.043947040050380075,0.04297485015365366
Dew,25.614232821321163,0.984536471237314,0.015463528762685974,0.7442552552552553,0.25574474474474473,1040.4115789336117,64.22660249264955,0.023674398764765753,0.001494657147991673,0.043946694877930355,0.04297079271921922
Dew,25.656695853860285,0.984451199437154,0.015548800562846021,0.7432562562562562,0.25674374374374376,1040.3802000044827,64.3262215680367,0.023673871309315177,0.0014971168077276668,0.043946348546514004,0.042966735284784785
Dew,25.699295969799692,0.9843656406940423,0.01563435930595769,0.7422572572572573,0.25774274274274267,1040.3487117348473,64.42619483870398,0.023673341985287415,0.0014995851763038694,0.04394600104967886,0.04296267785035035
Dew,25.742033887655754,0.9842797934075391,0.015720206592460872,0.7412582582582583,0.2587417417417417,1040.3171134884094,64.5265242586567,0.023672810781618404,0.0015020623016736823,0.043945652380924724,0.04295862041591592
Dew,25.78491033101395,0.9841936559652681,0.015806344034731912,0.7402592592592593,0.2597407407407407,1040.2854046239436,64.62721179660706,0.023672277687157083,0.0015045482321510068,0.043945302533702935,0.04295456298148149
Dew,25.82792602858656,0.9841072267428052,0.015892773257194848,0.7392602602602603,0.26073973973973974,1040.253584495252,64.72825943615076,0.023671742690664594,0.0015070430164145295,0.043944951501415905,0.042950505547047046
Dew,25.87108171426625,0.9840205041035531,0.01597949589644687,0.7382612612612613,0.26173873873873865,1040.2216524511084,64.82966917593097,0.023671205780813324,0.001509546703511708,0.04394459927741658,0.04294644811261261
Bubble,25.873813048281686,0.9840150150150151,0.015984984984984907,0.7381981438202084,0.26180185617979157,1040.2196311896555,64.83608855041867,0.023671171793976323,0.0015097051890199794,0.04394457698348349,0.042946191761125775
Dew,25.914378127153995,0.983933486398632,0.016066513601368015,0.7372622622622623,0.2627377377377377,1040.189607835214,64.93144302972146,0.023670666946186088,0.0015120593428608845,0.04394424585500805,0.04294239067817818
Dew,25.957816011630538,0.9838461719667548,0.016153828033245166,0.7362632632632633,0.2637367367367367,1040.1574499861426,65.03358302664687,0.023670126175275166,0.00151458098425659,0.04394389122744297,0.04293833324374375
Dew,26.001396117391216,0.9837585591341045,0.016241440865895518,0.7352642642642643,0.2647357357357357,1040.1251782372856,65.1360912112876,0.023669583456481277,0.0015171116778721662,0.043943535387923165,0.042934275809309315
Dew,26.04511919949925,0.9836706462142176,0.016329353785782375,0.7342652652652653,0.26573473473473475,1040.0927919168093,65.23896964384319,0.023669038778112876,0.0015196514742637467,0.04394317832959905,0.04293021837487487
Dew,26.088986018433683,0.9835824315078543,0.016417568492145707,0.7332662662662663,0.26673373373373366,1040.0602903475913,65.3422204002784,0.023668492128384976,0.001522200424373845,0.04394282004556916,0.04292616094044044
Dew,26.1329973401465,0.9834939133028738,0.016506086697126165,0.7322672672672673,0.2677327327327327,1040.0276728471724,65.44584557249858,0.02366794349541831,0.0015247585795356202,0.04394246052887962,0.04292210350600601
Dew,26.17715393609789,0.9834050898741088,0.016594910125891205,0.7312682682682683,0.2687317317317317,1039.9949387276986,65.54984726845632,0.023667392867238242,0.0015273259914755483,0.043942099772523696,0.042918046071571576
Dew,26.221456583334387,0.9833159594832358,0.016684040516764198,0.7302692692692693,0.26973073073073073,1039.9620872958712,65.65422761239273,0.023666840231773952,0.0015299027123192302,0.043941737769441165,0.042913988637137135
Dew,26.265906064513942,0.9832265203786468,0.016773479621353227,0.7292702702702704,0.27072972972972964,1039.9291178528877,65.75898874491227,0.02366628557685732,0.0015324887945933226,0.043941374512517874,0.04290993120270271
Dew,26.31050316797718,0.9831367707953125,0.016863229204687524,0.7282712712712713,0.27172872872872866,1039.8960296943826,65.86413282320248,0.023665728890221886,0.0015350842912308516,0.04394100999458516,0.042905873768268266
Dew,26.355248687785803,0.9830467089546537,0.016953291045346264,0.7272722722722723,0.2727277277277277,1039.8628221103731,65.96966202115097,0.023665170159501852,0.001537689255574129,0.04394064420841933,0.04290181633383384
Bubble,26.370496360491757,0.9830160160160161,0.01698398398398393,0.726932607496893,0.27306739250310696,1039.8515040304358,66.00563065622508,0.023664979720362453,0.001538577124202319,0.043940519549049054,0.042900436785348633
Dew,26.400143423798003,0.9829563330644063,0.01704366693559367,0.7262732732732733,0.2737267267267267,1039.8294943852065,66.07557852957808,0.02366460937223122,0.001540303741380373,0.04394027714674109,0.042897758899399396
Dew,26.44518818170925,0.9828656413184801,0.017134358681519912,0.7252742742742743,0.27472572572572573,1039.7960457974905,66.18188455636135,0.02366404651584244,0.0015429278028248011,0.04393990880221501,0.04289370146496497
Dew,26.490383773095438,0.9827746318968231,0.017225368103176875,0.7242752752752754,0.27572472472472465,1039.7624756200396,66.28858232656754,0.023663481577665495,0.0015455614945039115,0.04393953916744895,0.042889644030530534
Dew,26.535731015495006,0.982683302965285,0.017316697034714945,0.7232762762762763,0.27672372372372367,1039.7287831198173,66.39567408270663,0.023662914544926885,0.0015482048714416017,0.04393916823499351,0.0428855865960961
Dew,26.581230732457065,0.9825916526754681,0.017408347324531892,0.7222772772772773,0.2777227227227227,1039.6949675578724,66.50316208487943,0.02366234540474848,0.0015508579890928134,0.043938795997341414,0.04288152916166166
Dew,26.62688375358393,0.9824996791645887,0.01750032083541131,0.7212782782782783,0.2787217217217217,1039.661028189274,66.61104861090789,0.023661774144146296,0.001553520903346776,0.04393842244692698,0.04287747172722723
Dew,26.67269091460296,0.9824073805553322,0.017592619444667834,0.7202792792792793,0.27972072072072074,1039.6269642630552,66.71933595655712,0.023661200750029573,0.0015561936705323915,0.04393804757612548,0.042873414292792796
Dew,26.71865305743806,0.9823147549557019,0.017685245044298137,0.7192802802802803,0.28071971971971965,1039.5927750221501,66.8280264357564,0.023660625209199596,0.0015588763474235969,0.04393767137725259,0.04286935685835836
Dew,26.764771030227827,0.9822218004588738,0.01777819954112625,0.7182812812812813,0.2817187187187187,1039.5584597033169,66.93712238065343,0.023660047508348304,0.0015615689912408398,0.043937293842563716,0.042865299423923926
Dew,26.81104568743454,0.9821285151430436,0.017871484856956443,0.7172822822822823,0.2827177177177177,1039.5240175370914,67.0466261419529,0.02365946763405749,0.0015642716596591902,0.043936914964253476,0.04286124198948949
Dew,26.85747788987563,0.982034897071277,0.017965102928722998,0.7162832832832833,0.2837167167167167,1039.4894477477117,67.15654008901252,0.02365888557279746,0.0015669844108107966,0.043936534734454996,0.04285718455505506
Bubble,26.86634511040608,0.982017017017017,0.017982982982982954,0.7160928896961597,0.2839071103038403,1039.4828447442897,67.17753477469887,0.02365877439181717,0.00156750256919835,0.04393646211461462,0.04285641127150095
Dew,26.90406850478786,0.9819409442913506,0.018059055708649407,0.7152842842842844,0.28471571571571563,1039.4547495530487,67.2668666100415,0.02365830131092572,0.0015697073032897324,0.043936153145239326,0.04285312712062063
Dew,26.950818405903014,0.9818466548355974,0.01815334516440259,0.7142852852852853,0.28571471471471466,1039.4199221645445,67.37760811233512,0.023657714834685945,0.0015724403961576913,0.04393577018861478,0.04284906968618618
Dew,26.997728473491634,0.9817520267207515,0.01824797327924854,0.7132862862862863,0.2867137137137137,1039.3849647871407,67.48876702240973,0.023657126130206645,0.0015751837489473561,0.043935385856526336,0.04284501225175175
Dew,27.044799594447394,0.9816570579477812,0.018342942052218758,0.7122872872872873,0.2877127127127127,1039.3498766192122,67.60034578626436,0.023656535183500006,0.0015779374216687322,0.04393500014085492,0.042840954817317325
Dew,27.09203266233466,0.981561746501732,0.018438253498267998,0.7112882882882883,0.2887117117117117,1039.3146568524928,67.7123468695278,0.023655941980460535,0.0015807014748128062,0.04393461303341679,0.042836897382882884
Dew,27.13942857747127,0.9814660903515592,0.018533909648440816,0.7102892892892894,0.28971071071071064,1039.2793046720096,67.82477275771602,0.023655346506863895,0.0015834759693577791,0.043934224525962864,0.04283283994844845
Dew,27.186988246968564,0.981370087449961,0.018629912550038985,0.7092902902902903,0.29070970970970966,1039.2438192560026,67.93762595635533,0.023654748748365435,0.0015862609667721807,0.04393383461017802,0.042828782514014015
Dew,27.234712584831588,0.9812737357332124,0.018726264266787584,0.7082912912912913,0.2917087087087087,1039.208199775864,68.05090899129463,0.023654148690499158,0.0015890565290223855,0.043933443277680444,0.04282472507957958
Dew,27.282602511999446,0.9811770331209904,0.01882296687900964,0.7072922922922923,0.2927077077077077,1039.172445396052,68.16462440883012,0.02365354631867611,0.0015918627185757665,0.043933050520020896,0.04282066764514515
Dew,27.33065895643321,0.9810799775162033,0.01892002248379665,0.7062932932932934,0.2937067067067066,1039.1365552740256,68.27877477597896,0.023652941618183248,0.001594679598407321,0.04393265632868206,0.04281661021071071
Bubble,27.361333473842038,0.981018018018018,0.018981981981981977,0.7056574427861726,0.2943425572138274,1039.1136405742195,68.35165788684101,0.02365255551429009,0.00159647810665225,0.043932404680180184,0.042814027703876045
Dew,27.378882853160068,0.980982566804816,0.019017433195184008,0.7052942942942944,0.29470570570570565,1039.1005285601564,68.39336268061629,0.023652334574181807,0.0015975072320031126,0.04393226069507777,0.042812552776276276
Dew,27.42727514437771,0.9808847988556678,0.019115201144332183,0.7042952952952953,0.29570470470470467,1039.064364397668,68.50839073180076,0.023651725171706304,0.0016003456833681173,0.0439318636105523,0.04280849534184185
Dew,27.475836779509773,0.9807866715202986,0.019213328479701364,0.7032962962962963,0.2967037037037037,1039.028061922548,68.62386155994682,0.023651113395662865,0.0016031950170304957,0.043931465066379696,0.042804437907407414
Dew,27.524568715260056,0.9806881826327635,0.019311817367236528,0.7022972972972973,0.2977027027027027,1038.9916202634693,68.73977781699396,0.023650499230827845,0.0016060552980457935,0.04393106505376297,0.04280038047297297
Dew,27.573471915718017,0.9805893300094468,0.019410669990553187,0.7012982982982984,0.2987017017017016,1038.9550385417122,68.85614217673573,0.023649882661846446,0.0016089265920048797,0.04393066356383337,0.04279632303853854
Dew,27.62254735240613,0.9804901114488771,0.0195098885511229,0.7002992992992993,0.29970070070070065,1038.9183158710819,68.97295733496753,0.023649263673231183,0.001611808965037656,0.04393026058764962,0.04279226560410411
Dew,27.67179600437498,0.9803905247315371,0.019609475268462906,0.6993003003003003,0.3006996996996997,1038.8814513578293,69.09022600978373,0.02364864224936054,0.0016147024838202547,0.043929856116197145,0.042788208169669675
Dew,27.721218858257654,0.9802905676196723,0.01970943238032774,0.6983013013013013,0.3016986986986987,1038.8444441005634,69.20795094174768,0.023648018374477303,0.0016176072155792709,0.0439294501403873,0.042784150735235234
Dew,27.770816908371984,0.9801902378570948,0.019809762142905196,0.6973023023023024,0.3026976976976976,1038.807293190171,69.32613489421138,0.023647392032687183,0.0016205232280994972,0.04392904265105659,0.0427800933008008
Dew,27.820591156777823,0.9800895331689875,0.019910466831012497,0.6963033033033034,0.30369669669669663,1038.7699977097298,69.4447806534948,0.02364676320795723,0.0016234505897283797,0.04392863363896584,0.04277603586636637
Bubble,27.855438030513145,0.9800190190190191,0.01998098098098089,0.6956060131179117,0.3043939868820883,1038.74387971923,69.5278693900203,0.023646322815384944,0.0016255006213447762,0.04392834724574575,0.0427732038222784
Dew,27.8705426133569,0.9799884512617054,0.020011548738294582,0.6953043043043043,0.30469569569569566,1038.7325567344183,69.56389102913616,0.0236461318841142,0.001626389369382137,0.04392822309479942,0.04277197843193194
Dew,27.920672295917477,0.9798869898225706,0.02011301017742939,0.6943053053053053,0.3056946946946947,1038.6949693314343,69.68346885421938,0.02364549804484312,0.0016293396365536874,0.043927811009164375,0.042767920997497495
Dew,27.970981230232397,0.97978514651967,0.02021485348033003,0.6933063063063063,0.3066936936936937,1038.6572345599018,69.80351698549413,0.023644861673685586,0.0016323014613157253,0.04392739737258964,0.04276386356306306
Dew,28.021470450156812,0.9796829190016466,0.020317080998353387,0.6923073073073074,0.3076926926926926,1038.619351470777,69.92403830374471,0.023644222754038064,0.0016352749143296284,0.04392698217552519,0.04275980612862863
Dew,28.07214099769691,0.9795803048974876,0.020419695102512403,0.6913083083083084,0.30869169169169164,1038.5813191067678,70.04503571400589,0.02364358126915047,0.0016382600668507837,0.04392656540834115,0.0427557486941942
Dew,28.12299392310048,0.9794773018163143,0.020522698183685684,0.6903093093093093,0.30969069069069066,1038.5431365022303,70.1665121458477,0.023642937202124303,0.0016412569907355288,0.043926147061326956,0.04275169125975976
Dew,28.17403028492307,0.9793739073471626,0.020626092652837436,0.6893103103103103,0.3106896896896897,1038.5048026830782,70.28847055358351,0.02364229053591097,0.0016442657584463062,0.043925727124690506,0.04274763382532532
Dew,28.225251150136952,0.979270119058766,0.020729880941233958,0.6883113113113114,0.3116886886886886,1038.4663166666876,70.41091391661253,0.02364164125331013,0.0016472864430599643,0.04392530558855718,0.042743576390890894
Dew,28.276657594211507,0.9791659344993336,0.020834065500666354,0.6873123123123124,0.3126876876876876,1038.4276774618063,70.53384523967298,0.02364098933696805,0.0016503191182739728,0.04392488244296905,0.04273951895645647
Dew,28.328250701195753,0.9790613511963249,0.02093864880367513,0.6863133133133134,0.31368668668668664,1038.3888840684447,70.6572675531022,0.023640334769375587,0.001653363858412803,0.04392445767788388,0.04273546152202202
Bubble,28.34863750965415,0.9790200200200201,0.020979979979979912,0.6859195619917999,0.31408043800820007,1038.3735512325718,70.70604974541413,0.023640076042052965,0.0016545672667576884,0.043924289811311315,0.0427338623010297
Dew,28.380031563802824,0.9789563666562188,0.021043633343781232,0.6853143143143143,0.31468568568568567,1038.349935477778,70.7811839131034,0.02363967753286647,0.0016564207384344664,0.043924031283174236,0.04273140408758759
Dew,28.43200128352016,0.9788509783642914,0.021149021635708642,0.6843153153153153,0.3156846846846847,1038.3108306720615,70.90559740209223,0.023639017609615804,0.00165948983393893,0.043923603248626576,0.042727346653153156
Dew,28.484160970680847,0.9787451837843677,0.0212548162156323,0.6833163163163164,0.3166836836836836,1038.271568624502,71.03051112892304,0.023638354981637664,0.001662571221173716,0.04392317356394021,0.04272328921871872
Dew,28.536511744571893,0.9786389803585976,0.021361019641402357,0.6823173173173174,0.3176826826826826,1038.232148299179,71.15592822923023,0.02363768963078378,0.001665664977042198,0.04392274221872645,0.04271923178428429
Dew,28.589054733510494,0.9785323655072076,0.02146763449279243,0.6813183183183184,0.31868168168168165,1038.1925686509203,71.2818518656699,0.02363702153874118,0.0016687711791095728,0.043922309202507524,0.042715174349849845
Dew,28.64179107496742,0.9784253366282595,0.02157466337174052,0.6803193193193193,0.3196806806806807,1038.1528286252108,71.40828522830927,0.023636350687030662,0.0016718899056122878,0.04392187450471567,0.04271111691541542
Dew,28.694721915627753,0.9783178910974001,0.021682108902599917,0.6793203203203203,0.3206796796796797,1038.1129271580708,71.53523153482027,0.023635677057004492,0.0016750212354628984,0.043921438114692096,0.04270705948098099
Dew,28.74784841152158,0.9782100262676169,0.021789973732383117,0.6783213213213214,0.3216786786786786,1038.0728631759616,71.66269403089203,0.02363500062984483,0.0016781652482600457,0.043921000021685926,0.04270300204654655
Dew,28.801171728099124,0.9781017394689753,0.021898260531024727,0.6773223223223224,0.32267767767767763,1038.0326355956552,71.79067599047035,0.023634321386561206,0.0016813220242943895,0.043920560214853244,0.042698944612112114
Bubble,28.84091256728844,0.9780210210210211,0.021978978978978936,0.6765801897503808,0.3234198102496192,1038.0026449326454,71.88608930833944,0.023633814958573234,0.0016836754361924475,0.04392023237687688,0.04269593044067117
Dew,28.85469304034693,0.9779930280083671,0.02200697199163293,0.6763233233233233,0.32367667667667666,1037.992243324138,71.91918071612521,0.023633639307988934,0.0016844916445575473,0.04392011868325599,0.04269488717767768
Dew,28.90841353288158,0.9778838891692468,0.022116110830753155,0.6753243243243243,0.3246756756756757,1037.9516852584884,72.04821153934881,0.023632954374786855,0.0016876741907494084,0.04391967541586089,0.042690829743243244
Dew,28.962334400060143,0.9777743202113675,0.022225679788632546,0.6743253253253254,0.3256746746746746,1037.9109602857666,72.17777182090592,0.02363226656743532,0.0016908697452866768,0.04391923040153847,0.04268677230880881
Dew,29.016456846066355,0.9776643183705089,0.022335681629491067,0.6733263263263264,0.3266736736736736,1037.8700672828836,72.3078649511088,0.02363157586623385,0.0016940783913096543,0.04391878362906182,0.042682714874374375
Dew,29.070782085040385,0.9775538808582113,0.022446119141788734,0.6723273273273274,0.32767267267267264,1037.8290051164993,72.43849435022851,0.023630882251299293,0.0016973002126922214,0.043918335087105624,0.04267865743993994
Dew,29.12531134118133,0.9774430048614924,0.02255699513850762,0.6713283283283283,0.32867167167167166,1037.7877726428892,72.56966346882162,0.023630185702563426,0.0017005352940498398,0.04391788476424495,0.04267460000550551
Dew,29.180045848830325,0.9773316875425719,0.022668312457428064,0.6703293293293293,0.3296706706706707,1037.7463687078246,72.70137578799618,0.02362948619977077,0.0017037837207461435,0.04391743264895416,0.04267054257107107
Dew,29.23498685261727,0.9772199260385852,0.022780073961414793,0.6693303303303304,0.3306696696696696,1037.7047921464516,72.83363481987733,0.02362878372247644,0.0017070455789042,0.04391697872960572,0.04266648513663664
Dew,29.290135607554674,0.9771077174612944,0.022892282538705566,0.6683313313313314,0.3316686686686686,1037.6630417831577,72.96644410790755,0.02362807825004369,0.001710320955413915,0.04391652299446905,0.0426624277022022
Bubble,29.33224559055632,0.977022022022022,0.02297797797797796,0.6675710634197638,0.3324289365802362,1037.6311513247126,73.06788731104042,0.023627539344778,0.0017128227376869904,0.043916174942442446,0.04265933987407937
Dew,29.34549337914836,0.9769950588967973,0.023004941103202725,0.6673323323323324,0.33266766766766764,1037.6211164314489,73.09980722720032,0.02362736976164173,0.0017136099379406852,0.04391606543170934,0.042658370267767774
Dew,29.40106144350718,0.9768819474052328,0.02311805259476718,0.6663333333333333,0.33366666666666667,1037.579014893816,73.23372778489086,0.023626658236243273,0.0017169126149339919,0.04391560602938636,0.04265431283333333
Dew,29.456841087485664,0.976768380020472,0.02323161997952805,0.6653343343343344,0.3346656656656656,1037.5367359616014,73.36820942058996,0.023625943652622182,0.0017202290756384102,0.04391514477545314,0.0426502553988989
Dew,29.512833608772656,0.9766543537498287,0.023345646250171326,0.6643353353353354,0.3356646646646646,1037.4942784148752,73.50325580666988,0.023625225989351177,0.0017235594101006964,0.04391468165775493,0.04264619796446446
Dew,29.56904031602855,0.9765398655737292,0.023460134426270818,0.6633363363363364,0.3366636636636636,1037.4516410222811,73.63887064870215,0.023624505224799076,0.0017269037091804332,0.04391421666402771,0.042642140530030036
Dew,29.62546252899831,0.9764249124454208,0.023575087554579155,0.6623373373373374,0.33766266266266265,1037.408822540917,73.77505768582004,0.023623781337128634,0.0017302620645589207,0.043913749781897084,0.042638083095595594
Dew,29.682101578636363,0.9763094912906319,0.023690508709368063,0.6613383383383383,0.3386616616616617,1037.3658217161776,73.91182069111898,0.0236230543042937,0.0017336345687489544,0.0439132809988769,0.04263402566116116
Dew,29.73895880723729,0.976193599007266,0.02380640099273401,0.6603393393393394,0.3396606606606606,1037.3226372816284,74.04916347207484,0.023622324104036915,0.0017370213151050378,0.043912810302368016,0.04262996822672673
Dew,29.796035568548064,0.9760772324650628,0.02392276753493716,0.6593403403403404,0.3406596596596596,1037.2792679588445,74.18708987090571,0.023621590713886812,0.001740422397832268,0.04391233767965686,0.0426259107922923
Bubble,29.822620525267574,0.976023023023023,0.023976976976976982,0.6588763481298211,0.3411236518701789,1037.2590615318804,74.25135097340764,0.023621248994488166,0.001742006972120204,0.04391211750800801,0.042624026287929266
Dew,29.853333227905793,0.9759603885052727,0.02403961149472733,0.6583413413413414,0.34165865865865863,1037.2357124572768,74.32560376501337,0.02362085411115542,0.0017438379119970988,0.04391186311791417,0.042621853357857856
Dew,29.910853162373357,0.9758430639403132,0.02415693605968683,0.6573423423423423,0.34265765765765765,1037.191969474099,74.46470906741848,0.023620114272935443,0.0017472679535379604,0.04391138660419358,0.04261779592342343
Dew,29.96859676086119,0.9757252555534334,0.024274744446566632,0.6563433433433433,0.3436566566566567,1037.148037694056,74.6044097271535,0.02361937117609756,0.001750712619274899,0.043910908125430276,0.04261373848898899
Dew,30.026565424269172,0.9756069600983585,0.024393039901641544,0.6553443443443444,0.3446556556556556,1037.1039157893097,74.74470972971841,0.023618624797287633,0.0017541720069206884,0.04391042766843948,0.04260968105455456
Dew,30.08476056559802,0.9754881742989461,0.024511825701053924,0.6543453453453454,0.3456546546546546,1037.0596024192819,74.88561309744222,0.0236178751129238,0.0017576462150897412,0.043909945219915175,0.042605623620120124
Dew,30.143183610126613,0.9753688948488198,0.024631105151180166,0.6533463463463464,0.34665365365365364,1037.0150962305006,75.02712389004975,0.023617122099193786,0.001761135343311843,0.04390946076642849,0.04260156618568568
Dew,30.20183599551651,0.9752491184110119,0.024750881588988083,0.6523473473473473,0.34765265265265266,1036.970395856435,75.16924620500332,0.02361636573205184,0.001764639492040607,0.04390897429442633,0.042597508751251255
Dew,30.260719171985624,0.9751288416175917,0.024871158382408276,0.6513483483483484,0.3486516516516516,1036.9254999173388,75.31198417805906,0.02361560598721596,0.0017681587626669796,0.043908485790229844,0.04259345131681682
Bubble,30.31202272352462,0.9750240240240241,0.024975975975975895,0.6504811424052712,0.3495188575947288,1036.886367234114,75.43639472220575,0.02361494371413081,0.0017712261140192056,0.04390806007357357,0.04258992915987901
Dew,30.319834602404224,0.9750080610692944,0.024991938930705615,0.6503493493493494,0.3496506506506506,1036.8804070200724,75.4553419835829,0.02361484284016458,0.0017716932575271027,0.04390799524003294,0.04258939388238238
Dew,30.379183762495177,0.9748867733351378,0.025113226664862154,0.6493503503503504,0.3506496496496496,1036.8351157579496,75.59932383519116,0.02361407626613391,0.0017752430799178069,0.04390750262990067,0.04258533644794795
Dew,30.438768140944514,0.9747649749520403,0.025235025047959714,0.6483513513513514,0.35164864864864864,1036.789624710558,75.7439339861128,0.0236133062401146,0.001778808334105578,0.04390700794576771,0.042581279013513516
Dew,30.498589239560125,0.9746426624244253,0.02535733757557468,0.6473523523523523,0.35264764764764767,1036.7439324435825,75.88917672970197,0.023612532736848536,0.0017823891253390565,0.0439065111734368,0.04257722157907908
Dew,30.558648573418218,0.9745198322238309,0.025480167776169127,0.6463533533533534,0.3536466466466466,1036.6980375086378,76.03505639991333,0.023611755730825846,0.0017859855598606688,0.04390601229857709,0.04257316414464465
Dew,30.618947671047962,0.974396480788498,0.025603519211501946,0.6453543543543544,0.3546456456456456,1036.651938443087,76.18157737189642,0.02361097519628162,0.0017895977449210662,0.04390551130672249,0.04256910671021021
Dew,30.67948807453972,0.9742726045229695,0.025727395477030512,0.6443553553553554,0.3556446446446446,1036.6056337698549,76.32874406235332,0.02361019110719247,0.001793225788788005,0.04390500818327004,0.04256504927577578
Dew,30.74027133974399,0.9741481997976691,0.02585180020233091,0.6433563563563564,0.35664364364364365,1036.5591219972512,76.4765609301792,0.023609403437273354,0.0017968698007618843,0.04390450291347824,0.04256099184134134
Bubble,30.80043880870012,0.9740250250250251,0.025974974974974918,0.6423714173213332,0.3576285826786668,1036.5130606141681,76.62293950250016,0.023608623321513447,0.001800478294662432,0.04390400263913914,0.0425569915114506
Dew,30.80129903639909,0.9740232629484814,0.025976737051518595,0.6423573573573574,0.35764264264264256,1036.5124016187726,76.62503247688151,0.023608612159973997,0.0018005298911860864,0.043903995482465256,0.04255693440690691
Dew,30.862572748324336,0.9738977902763213,0.026102209723678715,0.6413583583583584,0.3586416416416416,1036.465471112921,76.7741632472041,0.02360781724847555,0.0018042061714621418,0.04390348587520728,0.042552876972472474
Dew,30.92409407356918,0.9737717780467031,0.026228221953296882,0.6403593593593594,0.3596406406406406,1036.4183289430123,76.92395782961478,0.023607018675687194,0.0018078987540616927,0.043902974076536684,0.04254881953803804
Dew,30.98586462458695,0.973645222489296,0.02635477751070403,0.6393603603603604,0.36063963963963963,1036.3709735569703,77.07442085687026,0.023606216414242327,0.0018116077525402814,0.043902460071140285,0.042544762103603605
Dew,31.04788602839549,0.973518119797475,0.026481880202524954,0.6383613613613613,0.36163863863863865,1036.3234033871306,77.22555700654118,0.023605410436495052,0.0018153332815502093,0.043901943843557445,0.04254070466916917
Dew,31.110159926760726,0.9733904661278644,0.026609533872135605,0.6373623623623624,0.36263763763763757,1036.2756168500423,77.37737100160895,0.023604600714516533,0.0018190754568550916,0.04390142537817832,0.042536647234734735
Dew,31.17268797637058,0.9732622575998814,0.026737742400118614,0.6363633633633634,0.3636366366366366,1036.227612346256,77.52986761103395,0.02360378722009118,0.0018228343953437453,0.04390090465924192,0.0425325898003003
Dew,31.235471849010228,0.9731334902952575,0.02686650970474247,0.6353643643643644,0.3646356356356356,1036.179388260119,77.68305165032812,0.023602969924712943,0.0018266102150441919,0.043900381670834196,0.042528532365865866
Bubble,31.287856555507116,0.9730260260260261,0.02697397397397394,0.6345339594494209,0.3654660405505791,1036.139134309553,77.81091216832073,0.02360228764473517,0.0018297617871539484,0.04389994520470471,0.04252515967630383
Dew,31.29851323174,0.9730041602575661,0.026995839742433914,0.6343653653653654,0.36563463463463464,1036.1309429595544,77.83692798213714,0.02360214879958124,0.0018304030351378882,0.04389985639688611,0.04252447493143143
Dew,31.361813827094778,0.9728742634917377,0.027125736508262333,0.6333663663663665,0.36663363363363355,1036.0822747958598,77.99150151688993,0.023601323815597375,0.0018342129759755551,0.0438993288211717,0.042520417496997
Dew,31.425375353246725,0.9727437959635641,0.027256204036435916,0.6323673673673674,0.36763263263263257,1036.0333821034685,78.14677721333534,0.023600494943360122,0.0018380401590903555,0.04389879892730602,0.04251636006256257
Dew,31.489199544210752,0.9726127535992006,0.02738724640079937,0.6313683683683684,0.3686316316316316,1035.9842631997396,78.30276007921255,0.023599662153161977,0.0018418847072142308,0.04389826669874316,0.04251230262812813
Dew,31.553288150032813,0.9724811322846595,0.02751886771534051,0.6303693693693694,0.3696306306306306,1035.9349163847266,78.45945517186912,0.023598825414984904,0.00184574674429301,0.04389773211877415,0.04250824519369369
Dew,31.617642936986595,0.9723489278652878,0.027651072134712185,0.6293703703703704,0.37062962962962964,1035.8853399409459,78.61686759890578,0.023597984698496173,0.0018496263955021612,0.043897195170524865,0.04250418775925926
Dew,31.682265687763767,0.9722161361452482,0.027783863854751845,0.6283713713713714,0.37162862862862855,1035.8355321331437,78.7750025188028,0.02359713997304407,0.0018535237872621155,0.04389665583695393,0.042500130324824824
Dew,31.747158201684446,0.972082752886982,0.027917247113018018,0.6273723723723724,0.3726276276276276,1035.7854912080527,78.93386514160962,0.023596291207653497,0.0018574390472550905,0.043896114100850474,0.042496072890390396
Bubble,31.774264783253336,0.972027027027027,0.027972972972972965,0.6269563174710616,0.3730436825289384,1035.7645813697727,79.00024494150179,0.02359593652121722,0.0018590749931923643,0.04389588777027027,0.04249438308340872
Dew,31.812322294895647,0.9719487738106704,0.028051226189329648,0.6263733733733734,0.3736266266266266,1035.7352153941588,79.09346072959868,0.023595438371021744,0.0018613723044410787,0.04389556994483204,0.042492015455955955
Dew,31.877759800582155,0.9718141945936808,0.02818580540631921,0.6253743743743744,0.3746256256256256,1035.6847029014439,79.25379459795863,0.023594581431513793,0.0018653236890747735,0.04389502335134223,0.04248795802152152
Dew,31.94347256917733,0.9716790108700096,0.02832098912999037,0.6243753753753755,0.37562462462462454,1035.6339519211433,79.4148721154888,0.0235937203571579,0.001869293332722533,0.04389447430264855,0.04248390058708709
Dew,32.009462468567406,0.9715432182297143,0.028456781770285655,0.6233763763763764,0.37662362362362356,1035.5829606254867,79.57669870527396,0.023592855115640885,0.0018732813682788936,0.043893922780839985,0.04247984315265266
Dew,32.0757313843217,0.9714068122183307,0.028593187781669305,0.6223773773773774,0.3776226226226226,1035.5317271674369,79.73927984544169,0.02359198567430338,0.0018772879299850326,0.04389336876782474,0.042475785718218216
Dew,32.14228121990384,0.9712697883362932,0.028730211663706817,0.6213783783783784,0.3786216216216216,1035.480249680436,79.90262106986118,0.023591112000135212,0.0018813131534458644,0.04389281224532786,0.04247172828378379
Dew,32.2091138969057,0.9711321420383293,0.028867857961670684,0.6203793793793794,0.37962062062062063,1035.428526278122,80.0667279689142,0.023590234059770242,0.001885357175648848,0.043892253194888674,0.04246767084934935
Bubble,32.259653260576414,0.9710280280280281,0.028971971971971877,0.6196267523081431,0.3803732476918569,1035.3893952181356,80.19087492964368,0.023589569796837198,0.0018884164313073912,0.04389183033583583,0.04246461405449952
Dew,32.27623135525816,0.9709938687328602,0.0290061312671398,0.6193803803803805,0.38061961961961954,1035.37655505407,80.23160619019546,0.023589351819481623,0.0018894201349811393,0.04389169159785851,0.04246361341491492
Dew,32.34363555347626,0.9708549637813789,0.02914503621862108,0.6183813813813814,0.38161861861861857,1035.3243340815072,80.39726143932063,0.023588465245176663,0.0018935021712492917,0.04389112743539807,0.04245955598048048
Dew,32.4113284688968,0.9707154224978255,0.029284577502174503,0.6173823823823824,0.3826176176176176,1035.271861413034,80.56369948071307,0.02358757430239169,0.0018976034256984625,0.04389056068847492,0.04245549854604605
Dew,32.4793120979017,0.9705752401479455,0.029424759852054505,0.6163833833833834,0.3836166166166166,1035.2191350803353,80.73092613834683,0.023586678956286848,0.0019017240410306058,0.04388999133786088,0.042451441111611615
Dew,32.54758845616942,0.9704344119486494,0.029565588051350566,0.6153843843843844,0.38461561561561564,1035.1661530938898,80.89894729657881,0.023585779171640734,0.0019058641614247713,0.04388941936412945,0.04244738367717718
Dew,32.61615957892175,0.9702929330673475,0.02970706693265246,0.6143853853853855,0.38561461461461455,1035.1129134426724,81.06776890096778,0.023584874912845024,0.0019100239325571076,0.04388884474765304,0.04244332624274274
Dew,32.68502752117272,0.9701507986212773,0.02984920137872271,0.6133863863863864,0.38661361361361357,1035.059414093853,81.23739695910162,0.023583966143898977,0.0019142035016210697,0.04388826746860033,0.04243926880830831
Bubble,32.74401262028216,0.9700290290290291,0.0299709709709709,0.6125341905981271,0.3874658094018729,1035.0135696176144,81.38274369548085,0.023583187325155085,0.001917784726370917,0.0438877729014014,0.0424358076151143
Dew,32.754194357981554,0.9700080036768284,0.02999199632317162,0.6123873873873874,0.3876126126126126,1035.0056529924866,81.40783754143847,0.02358305282840375,0.0019184030173479683,0.04388768750693344,0.04243521137387388
Dew,32.823662184714124,0.9698645432488439,0.030135456751156142,0.6113883883883884,0.3886116116116116,1034.9516280612058,81.5790967821762,0.02358213492955683,0.0019226226300281934,0.04388710484240518,0.04243115393943944
Dew,32.89343311729617,0.9697204122999202,0.03027958770007977,0.6103893893893895,0.38961061061061053,1034.8973371998954,81.75118088009724,0.023581212410146064,0.0019268624915318748,0.04388651945455612,0.042427096505005
Dew,32.96350929250049,0.9695756057396858,0.03042439426031418,0.6093903903903904,0.39060960960960955,1034.842778285381,81.9240960995218,0.023580285232544025,0.0019311227553321054,0.04388593132271174,0.04242303907057057
Dew,33.03389286818699,0.9694301184240725,0.03056988157592755,0.6083913913913914,0.3916086086086086,1034.7879491710776,82.09784877111478,0.02357935335870155,0.0019354035765247312,0.04388534042597937,0.04241898163613614
Dew,33.104586023604654,0.9692839451545747,0.030716054845425278,0.6073923923923924,0.3926076076076076,1034.7328476866771,82.27244529288834,0.02357841675014206,0.0019397051118527646,0.0438847467432453,0.042414924201701704
Dew,33.17559095967067,0.9691370806774965,0.030862919322503513,0.6063933933933934,0.3936066066066066,1034.6774716378004,82.4478921311344,0.02357747536795522,0.0019440275197291587,0.043884150253171654,0.04241086676726727
Bubble,33.22733436271885,0.9690300300300301,0.030969969969969924,0.6056681813330477,0.3943318186669523,1034.6370986767108,82.57579713474966,0.02357678896755047,0.0019471786064354367,0.04388371546696697,0.04240792131848418
Dew,33.246909899233216,0.9689895196831785,0.03101048031682152,0.6053943943943945,0.39460560560560554,1034.6218188056373,82.62419582130822,0.023576529172790336,0.0019483709602584431,0.04388355093419323,0.042406809332832834
Dew,33.318545087373586,0.9688412568052213,0.031158743194778737,0.6043953953953954,0.39560460460460456,1034.5658869466076,82.80136296903659,0.023575578124850192,0.001952735595261309,0.04388294876451441,0.0424027518983984
Dew,33.39049879172376,0.968692286619689,0.03130771338031102,0.6033963963963964,0.3966036036036036,1034.5096737920012,82.97940025117573,0.023574622183884487,0.001957121588300381,0.04388234372210587,0.042398694463963965
Dew,33.462773302717366,0.9685426036443002,0.031457396355699774,0.6023973973973974,0.3976026026026026,1034.4531770475987,83.15831441666406,0.023573661309182863,0.0019615291047011684,0.04388173578470133,0.04239463702952953
Dew,33.53537093393434,0.9683922023376075,0.03160779766239252,0.6013983983983985,0.3986016016016015,1034.3963943933115,83.33811228766831,0.02357269545956836,0.0019659583115799423,0.043881124929794194,0.042390579595095096
Dew,33.608294022391625,0.9682410770981542,0.03175892290184579,0.6003993993993995,0.39960060060060054,1034.3393234827943,83.51880076056418,0.023571724593390332,0.0019704093778677313,0.043880511134634155,0.04238652216066066
Dew,33.68154492886604,0.9680892222636288,0.03191077773637119,0.5994004004004004,0.40059959959959957,1034.2819619430609,83.7003868070191,0.02357074866851743,0.001974882474336736,0.04387989437622373,0.042382464726226234
Bubble,33.70961048527603,0.968031031031031,0.03196896896896895,0.5990188554772815,0.4009811445227185,1034.2599766838384,83.76998413127887,0.023570374589451777,0.001976596870788296,0.043879658032532534,0.04238091508152098
Dew,33.75512603820747,0.9679366321099928,0.03206336789000719,0.5984014014014014,0.4015985985985986,1034.2243073740915,83.88287747504694,0.0235697676423304,0.0019793777736261007,0.043879274631314746,0.042378407291791785
Dew,33.82903975966607,0.9677833008506058,0.03221669914939418,0.5974024024024024,0.4025975975975976,1034.1663573484311,84.0662798901087,0.023568781471714786,0.001983895450268778,0.04387865187640474,0.04237434985735736
Dew,33.90328852722759,0.9676292226353109,0.032370777364689074,0.5964034034034035,0.4035965965965965,1034.1081094107774,84.25060125624104,0.02356779011305333,0.0019884356807190755,0.04387802608773332,0.04237029242292293
Dew,33.97787479994201,0.9674743915495355,0.03252560845046448,0.5954044044044045,0.40459559559559555,1034.049561077568,84.43584885716582,0.02356679352221848,0.0019929986433797637,0.04387739724127845,0.04236623498848849
Dew,34.05280106227502,0.9673188016133533,0.03268119838664674,0.5944054054054054,0.40559459459459457,1033.9907098365568,84.62203005747386,0.023565791654564627,0.001997584518630949,0.04387676531275264,0.042362177554054053
Dew,34.12806982444739,0.9671624467805335,0.032837553219466464,0.5934064064064064,0.4065935935935936,1033.9315531463797,84.80915230377309,0.023564784464920125,0.002002193488858133,0.04387613027759914,0.042358120119619626
Bubble,34.19083385190654,0.967032032032032,0.03296796796796797,0.5925768883793749,0.40742311162062506,1033.8821982796528,84.9652576700275,0.023563944064265853,0.002006038415986147,0.04387560059809809,0.04235475103215283
Dew,34.20368362279584,0.9670053209375854,0.0329946790624146,0.5924074074074074,0.4075925925925926,1033.872088436119,84.9972231259062,0.023563771907579356,0.0020068257384819183,0.043875492110988006,0.042354062685185184
Dew,34.279645020135135,0.9668474179027657,0.03315258209723426,0.5914084084084085,0.40859159159159153,1033.8123131048542,85.18625013817531,0.023562753936294523,0.0020114814539878997,0.043874850787812086,0.04235000525075076
Dew,34.35595660611576,0.9666887314250757,0.03331126857492428,0.5904094094094094,0.40959059059059055,1033.752224521199,85.37624104055476,0.02356173050426712,0.0020161608239562994,0.043874206282682945,0.042345947816316315
Dew,34.43262099760374,0.9665292551832521,0.033470744816747944,0.5894104104104104,0.4105895895895896,1033.6918200228445,85.56720361997651,0.023560701564139606,0.002020864039093322,0.04387355856992678,0.04234189038188188
Dew,34.50964083905483,0.9663689827847232,0.03363101721527684,0.5884114114114114,0.4115885885885886,1033.6310969160822,85.75914575160014,0.023559667067986657,0.0020255912922621743,0.043872907623580155,0.04233783294744745
Dew,34.587018802921676,0.966207907764548,0.03379209223545199,0.5874124124124125,0.4125875875875875,1033.570052475323,85.95207540018934,0.02355862696730639,0.0020303427785166115,0.043872253417385716,0.04233377551301302
Dew,34.66475759000901,0.966046023584348,0.03395397641565201,0.5864134134134135,0.41358658658658654,1033.5086839425978,86.1460006213287,0.023557581213011138,0.0020351186951307345,0.043871595924787836,0.042329718078578576
Bubble,34.670997863431154,0.9660330330330331,0.03396696696696688,0.5863334647975518,0.4136665352024482,1033.5037583094959,86.16157365023558,0.023557497270018282,0.0020355022077128766,0.043871543163663665,0.04232939336727526
Dew,34.742859929911894,0.965883323631198,0.034116676368802,0.5854144144144144,0.41458558558558556,1033.4469885270644,86.34092956290293,0.023556529755418498,0.002039919241635001,0.04387093511892811,0.04232566064414415
Dew,34.82132858140633,0.9657198012165211,0.03428019878347888,0.5844154154154154,0.4155845845845846,1033.3849634044943,86.5368704664308,0.02355547254424188,0.0020447446198488275,0.0438702709726409,0.042321603209709714
Dew,34.900166332853026,0.9655554495749384,0.03444455042506156,0.5834164164164164,0.4165835835835836,1033.3226057167433,86.73383166844309,0.0235544095285808,0.002049595033914248,0.04386960345844861,0.04231754577527528
Dew,34.979376002646354,0.965390261863122,0.034609738136877954,0.5824174174174175,0.4175825825825825,1033.2599125712359,86.93182160200517,0.023553340656911465,0.002054470690333013,0.04386893254855707,0.04231348834084084
Dew,35.058960439626,0.9652242311585965,0.03477576884140354,0.5814184184184185,0.41858158158158154,1033.1968810404076,87.13084879812659,0.023552265877076498,0.002059371798001032,0.043868258214850644,0.0423094309064064
Dew,35.13892252351132,0.9650573504585475,0.03494264954145254,0.5804194194194194,0.41958058058058056,1033.1335081611608,87.33092188724483,0.023551185136274997,0.0020642985682446,0.043867580428887394,0.042305373471971976
Bubble,35.150096473137644,0.9650340340340341,0.034965965965965906,0.5802802463640766,0.4197197536359234,1033.124651833266,87.3588908482695,0.023551034089580546,0.0020649872797606694,0.04386748572922924,0.0423048082206077
Dew,35.21926516536281,0.9648896126785866,0.03511038732141336,0.5794204204204204,0.4205795795795796,1033.0697909342994,87.53204960079775,0.023550098381052143,0.0020692512148587326,0.04386689916189408,0.04230131603753754
Dew,35.299991308027295,0.9647210106515045,0.03527898934849549,0.5784214214214215,0.4215785785785785,1033.0057263239569,87.73424077274854,0.02354900555728871,0.002074229954144404,0.04386621438476109,0.0422972586031031
Dew,35.38110392659523,0.9645515371259946,0.03544846287400538,0.5774224224224225,0.4225775775775775,1032.9413112570069,87.93750434115285,0.02354790661019026,0.002079235004946801,0.043865526068037224,0.04229320116866867
Dew,35.46260602888366,0.9643811847653492,0.035618815234650825,0.5764234234234235,0.42357657657657655,1032.8765426224697,88.14184934980932,0.023546801484276233,0.002084266588695577,0.04386483418192447,0.04228914373423424
Dew,35.54450065590928,0.9642099461461395,0.03579005385386047,0.5754244244244244,0.42457557557557557,1032.8114172709018,88.34728494988394,0.023545690123368754,0.002089324929444503,0.04386413869627255,0.0422850862997998
Dew,35.62679088237548,0.9640378137568596,0.035962186243140404,0.5744254254254254,0.4255745745745746,1032.7459320137696,88.55382040158214,0.023544572470581136,0.002094410253912276,0.04386343958057349,0.04228102886536536
Bubble,35.628124141570666,0.9640350350350351,0.03596496496496493,0.5744093413215391,0.4255906586784609,1032.7448741072353,88.55717068786096,0.023544554410257743,0.0020944927284958256,0.0438634282947948,0.04228096353977743
Dew,35.70947981716051,0.9638647799965542,0.03613522000344582,0.5734264264264265,0.4265735735735735,1032.68008362282,88.76146507582818,0.023543448468306288,0.0020995227915235194,0.043862736803956005,0.042276971430930926
Dew,35.79257060385732,0.9636908371734098,0.03630916282659025,0.5724274274274275,0.42757257257257253,1032.613868829438,88.97022845611119,0.023542318058204975,0.002104662774453752,0.043862030335179804,0.0422729139964965
Dew,35.87606642124884,0.9635159775033248,0.03648402249667515,0.5714284284284284,0.42857157157157155,1032.5472843239775,89.18012014013321,0.023541181181193464,0.002109830437669701,0.04386132014262976,0.042268856562062064
Dew,35.959970483873875,0.963340193108447,0.036659806891553015,0.5704294294294294,0.4295705705705706,1032.4803267550935,89.39114984174607,0.023540037777431296,0.0021150260189764613,0.04386060619430996,0.04226479912762762
Dew,36.04428604251453,0.9631634760156836,0.03683652398431636,0.5694304304304305,0.4305695695695695,1032.412992729051,89.603327392647,0.023538887786308547,0.0021202497590589882,0.0438598884578377,0.042260741693193195
Bubble,36.10507579564138,0.963036036036036,0.03696396396396395,0.5687132763722471,0.4312867236277529,1032.364420567621,89.75637703193087,0.02353805812341602,0.0021240177078532207,0.043859370860360354,0.042257828971985885
Dew,36.129016384801176,0.9629858181551868,0.0370141818448132,0.5684314314314315,0.4315685685685685,1032.3452788090312,89.81666274444689,0.02353773114643312,0.002125501901532421,0.04385916690043729,0.04225668425875877
Dew,36.21416483571886,0.9628072113587964,0.03719278864120357,0.5674324324324325,0.43256756756756753,1032.2771815144042,90.03116597043568,0.02353656779561731,0.0021307826929852754,0.04385844148893375,0.042252626824324326
Dew,36.29973475821276,0.962627647358462,0.03737235264153804,0.5664334334334334,0.43356656656656656,1032.2086973200119,90.24684726766266,0.023535397670864707,0.002136092383030105,0.04385771218974639,0.0422485693898899
Dew,36.38572955373461,0.9624471177846358,0.037552882215364236,0.5654344344344344,0.4345655655655656,1032.139822655412,90.46371695883742,0.023534220708356198,0.0021414312243499584,0.04385697896888229,0.04224451195545545
Dew,36.472152662856566,0.9622656141646113,0.037734385835388684,0.5644354354354355,0.4355645645645645,1032.070553904117,90.68178549444727,0.02353303684343602,0.002146799472749976,0.04385624179192957,0.04224045452102102
Dew,36.559007565867375,0.9620831279208628,0.03791687207913719,0.5634364364364365,0.4365635635635635,1032.0008874028263,90.9010634548254,0.02353184601059762,0.0021521973872078615,0.04385550062405059,0.042236397086586594
Bubble,36.58094679155606,0.9620370370370371,0.037962962962962865,0.563184970490729,0.436815029509271,1031.983286815653,90.95647599338332,0.023531545124143974,0.002153561424794774,0.043855313425925926,0.0422353757576481
Dew,36.64629778336749,0.9618996503693148,0.038100349630685204,0.5624374374374375,0.43756256256256254,1031.930819440617,91.12156155222101,0.023530648143468755,0.00215762522992442,0.043854755429974975,0.04223233965215216
Dew,36.73402687692948,0.9617151727176064,0.038284827282393574,0.5614384384384384,0.43856156156156156,1031.860346258154,91.34329063308024,0.023529443174796983,0.002163083266379122,0.043854006173992564,0.04222828221771772
Dew,36.82219844970603,0.9615296860632946,0.038470313936705414,0.5604394394394395,0.4395605605605605,1031.7894640468412,91.56626168016962,0.023528231036433978,0.002168571765381966,0.04385325281994608,0.04222422478328329
Dew,36.91081614708908,0.9613431813920392,0.038656818607960775,0.5594404404404405,0.4405595595595595,1031.7181689479887,91.79048581486494,0.023527011659320255,0.0021740909991292976,0.04385249533122377,0.04222016734884885
Dew,36.99988365736891,0.9611556495757415,0.03884435042425849,0.5584414414414415,0.4415585585585585,1031.6464570519456,92.01597429944768,0.02352578497346915,0.002179641243259825,0.043851733670751875,0.04221610991441442
Bubble,37.055732881175246,0.9610380380380381,0.03896196196196189,0.5578177105586316,0.4421822894413684,1031.6014686040444,92.15743576316736,0.02352501531094587,0.0021831231351892443,0.0438512559914915,0.04221357663143388
Dew,37.08940471242846,0.9609670813706425,0.03903291862935754,0.5574424424424425,0.44255755755755755,1031.5743243972215,92.2427385395179,0.023524550907950678,0.0021852227769134447,0.043850967800986865,0.04221205247997998
Dew,37.17938308840973,0.9607774674153855,0.0392225325846145,0.5564434434434434,0.44355655655655657,1031.50176696958,92.47079008632704,0.0235233093908748,0.0021908358827881836,0.0438501976839076,0.042207995045545545
Dew,37.26982260642954,0.9605867982290358,0.03941320177096419,0.5554444444444445,0.4445555555555555,1031.428780701118,92.70014063927235,0.02352206034937447,0.0021964808472010205,0.04384942328100723,0.04220393761111112
Dew,37.360727133304394,0.9603950642090564,0.039604935790943596,0.5544454454454455,0.4455545545545545,1031.3553614693321,92.93080204842694,0.023520803709588423,0.002202157960149578,0.04384864455328509,0.04219988017667668
Dew,37.45210058226882,0.9602022556292488,0.03979774437075123,0.5534464464464465,0.44655355355355353,1031.2815050961517,93.162786317058,0.02351953939664336,0.002207867515373571,0.043847861461238195,0.04219582274224224
Bubble,37.52943018143833,0.9600390390390391,0.03996096096096091,0.5526051286898519,0.4473948713101481,1031.2189618246664,93.35922645351046,0.023518468585462117,0.0022127021400617777,0.043847198557057064,0.04219240573017383
Dew,37.543946913726664,0.9600083626376335,0.03999163736236655,0.5524474474474474,0.44755255255255255,1031.2072073469524,93.3961056042551,0.02351826733463571,0.0022136098104188983,0.04384707396485275,0.04219176530780781
Dew,37.63627013602521,0.9598133752543054,0.040186624745694566,0.5514484484484484,0.4485515515515516,1031.1324639295626,93.63077222763852,0.02351698744661339,0.002219385146703674,0.04384628202359536,0.04218770787337338
Dew,37.72907430622604,0.9596172833692274,0.04038271663077264,0.5504494494494495,0.4495505505505505,1031.0572704932295,93.86679866606607,0.023515699654556663,0.0022251938295842545,0.04384548559640412,0.042183650438938944
Dew,37.822363530899686,0.9594200767399785,0.04057992326002147,0.5494504504504505,0.4505495495495495,1030.98162262757,94.10419756242273,0.023514403879358804,0.0022310361684232706,0.04384468464167942,0.0421795930045045
Dew,37.916141966938774,0.9592217449894626,0.040778255010537445,0.5484514514514515,0.45154854854854853,1030.9055158615001,94.34298172647698,0.02351310004080634,0.0022369124766592795,0.043843879117274706,0.04217553557007007
Bubble,38.00203514652132,0.9590400400400401,0.040959959959959935,0.5475411811230475,0.4524588188769525,1030.8357624973385,94.56181995502149,0.023511904852215014,0.002242297782180663,0.04384314112262262,0.04217183850713126
Dew,38.010413822379995,0.9590222776035547,0.04097772239644526,0.5474524524524524,0.45254754754754756,1030.828945662136,94.58316413777446,0.023511788057558772,0.002242823071877341,0.04384306898048684,0.04217147813563564
Dew,38.105183357270455,0.9588216639287039,0.04117833607129606,0.5464534534534535,0.45354654654654647,1030.7519074336778,94.82475794867972,0.02351046784712798,0.0022487682758831505,0.04384225418804644,0.042167420701201205
Dew,38.20045488451457,0.9586198931694759,0.041380106830524066,0.5454544544544545,0.4545455455455455,1030.6743965162536,95.06777648736713,0.023509139325856854,0.0022547484147760035,0.04384143469610783,0.042163363266766764
Dew,38.296232770746,0.9584169543860498,0.04158304561395021,0.5444554554554555,0.4555445445445445,1030.5964081847494,95.31223326089996,0.02350780240889767,0.0022607638190238937,0.04384061046023894,0.042159305832332336
Dew,38.39252143726228,0.9582128364916532,0.04178716350834677,0.5434564564564565,0.45654354354354354,1030.5179376476142,95.55814195851681,0.02350645701019008,0.0022668148235435825,0.04383978143541085,0.0421552483978979
Bubble,38.473544542471394,0.958041041041041,0.04195895895895896,0.5426201285665958,0.4573798714334042,1030.4518667595885,95.76518980608338,0.023505324018376527,0.0022719094429424903,0.04383908368818819,0.042151851652173236
Dew,38.48932536091711,0.9580075282499405,0.04199247175005949,0.5424574574574574,0.45754254254254256,1030.4389800456279,95.80551645479551,0.02350510304243829,0.0022729017677777944,0.043838947575987136,0.04215119096346347
Dew,38.586649075068394,0.9578010182723086,0.04219898172769143,0.5414584584584585,0.4585415415415415,1030.359530450638,96.05437081300336,0.02350374041708773,0.0022790249957768886,0.04383810883571298,0.04214713352902903
Dew,38.68449717054576,0.9575932950151687,0.042406704984831345,0.5404594594594595,0.4595405405405405,1030.2795838642915,96.30471928851932,0.023502369044301637,0.00228518485628228,0.04383726516770411,0.04214307609459459
Dew,38.78287429662076,0.9573843467771305,0.04261565322286953,0.5394604604604605,0.4605395395395395,1030.199135216703,96.55657633227695,0.0235009888329364,0.0022913817028103987,0.04383641652443532,0.04213901866016016
Dew,38.881785162017486,0.957174161696134,0.04282583830386599,0.5384614614614615,0.46153853853853855,1030.1181793651128,96.80995659434564,0.023499599690516754,0.0022976158937399894,0.043835562857728855,0.042134961225725735
Bubble,38.94395542406179,0.9570420420420421,0.04295795795795787,0.5378365178895803,0.4621634821104197,1030.0672708573238,96.96931107344238,0.0234987259935567,0.0023015365395286196,0.04383502625375375,0.04213242301740853
Dew,38.98123453594104,0.956962727746529,0.04303727225347098,0.5374624624624625,0.46253753753753746,1030.0367110925165,97.06487492758092,0.02349820152321048,0.0023038877924010928,0.04383470411874253,0.042130903791291294
Dew,39.08122724910775,0.9567500327360653,0.04324996726393471,0.5364634634634635,0.4635365365365365,1029.9547251062434,97.32134639129248,0.02349679423580202,0.0023101977671644955,0.043833840257957536,0.04212684635685686
Dew,39.18176819484374,0.9565360643028269,0.043463935697173106,0.5354644644644645,0.4645355355355355,1029.8722160365237,97.57938625514099,0.02349537773166608,0.0023165461915366763,0.04383297122516593,0.04212278892242243
Dew,39.28286233015274,0.956320809912085,0.04367919008791499,0.5344654654654655,0.4655345345345345,1029.7891784350008,97.83901000295076,0.023493951912739987,0.0023229334442527987,0.04383209696945794,0.04211873148798799
Dew,39.38451467685002,0.9561042568530829,0.04389574314691713,0.5334664664664664,0.46653353353353355,1029.7056067732174,98.10023333674567,0.023492516679495742,0.0023293599093750597,0.04383121743920879,0.042114674053553555
Bubble,39.413265113642204,0.9560430430430431,0.043956956956956894,0.5331851650598878,0.4668148349401122,1029.6819711362884,98.17416024281997,0.023492110689609873,0.0023311785223041224,0.043830968819319326,0.042113531547890735
Dew,39.48673032271061,0.9558863922357531,0.04411360776424689,0.5324674674674675,0.46753253253253246,1029.621495441073,98.36307218084345,0.023491071930911458,0.002335825976392483,0.043830332582065507,0.04211061661911912
Dew,39.58951442261615,0.9556672029873408,0.04433279701265924,0.5314684684684685,0.4685315315315315,1029.5368387452281,98.62754268596085,0.023489617564441772,0.0023423320403210338,0.043829442344933085,0.042106559184684686
Dew,39.692872199784006,0.9554466758489536,0.0445533241510464,0.5304694694694695,0.4695305305305305,1029.4516309074775,98.89366123359387,0.023488153475987757,0.002348878501810312,0.04382854667396052,0.04210250175025026
Dew,39.79680894697089,0.9552247973720384,0.04477520262796164,0.5294704704704705,0.47052952952952953,1029.36586606309,99.16144444033262,0.023486679559866153,0.0023554657672487673,0.04382764551452654,0.04209844431581582
Bubble,39.88147118177956,0.9550440440440441,0.04495595595595592,0.5286611392378247,0.47133886076217535,1029.2959640342388,99.37971511860354,0.02348547802045719,0.002360834872435998,0.043826911384884884,0.04209515721701443
Dew,39.90133002772361,0.9550015539147617,0.044998446085238286,0.5284714714714714,0.47152852852852856,1029.2795382590932,99.43090916234152,0.023485195708777593,0.002362094248872893,0.04382673881122481,0.04209438688138138
Dew,40.00644087767033,0.9547769316382989,0.04522306836170109,0.5274724724724725,0.47252752752752747,1029.192641452527,99.70207249998442,0.023483701813774228,0.0023687643648799325,0.04382582650784895,0.042090329446946954
Dew,40.11214700583235,0.9545509165030515,0.04544908349694854,0.5264734734734735,0.4735265265265265,1029.1051695086487,99.97495180253087,0.02348219776422646,0.0023754765395425773,0.043824908547377146,0.04208627201251252
Dew,40.21845399595182,0.9543234942647557,0.04567650573524429,0.5254744744744745,0.4745255255255255,1029.0171161990968,100.24956467293205,0.023480683447788923,0.0023822312033253863,0.04382398487195631,0.04208221457807808
Dew,40.32536750788385,0.9540946504705055,0.045905349529494544,0.5244754754754755,0.47552452452452454,1028.9284752000071,100.525928972817,0.023479158750365544,0.0023890287930065047,0.04382305542288596,0.042078157143643644
Bubble,40.348571429554916,0.9540450450450451,0.04595495495495494,0.5242597479403499,0.4757402520596501,1028.909246073791,100.58595473180117,0.023478827901924335,0.002390505099710636,0.04382285395045045,0.042077280966259734
Dew,40.43289327898507,0.9538643704546653,0.04613562954533468,0.5234764764764765,0.47652352352352345,1028.839240090074,100.80406282749838,0.023477623556073555,0.0023958697517996877,0.04382212014060163,0.04207409970920921
Dew,40.54103712555799,0.9536326393346993,0.04636736066530067,0.5224774774774775,0.4775225225225225,1028.749404348576,101.08398463117253,0.0234760777472069,0.0024027545294810063,0.043821178964657884,0.04207004227477478
Dew,40.649804944328295,0.9533994420068845,0.046600557993115466,0.5214784784784785,0.4785215215215215,1028.6589613533463,101.36571305224564,0.023474521204198594,0.002409683582518629,0.04382023183371096,0.04206598484034034
Dew,40.759202713941704,0.9531647631419138,0.046835236858086216,0.5204794794794795,0.4795205205205205,1028.5679043786788,101.649267038742,0.023472953805581835,0.002416657374204622,0.04381927868550088,0.042061927405905905
Bubble,40.81456387227783,0.9530460460460461,0.04695395395395385,0.5199765231976192,0.4800234768023808,1028.521813855832,101.7928592553525,0.02347216025159207,0.002420188740528375,0.043818796516016015,0.04205988464896713
Dew,40.869236496537944,0.9529285871803984,0.04707141281960159,0.5194804804804805,0.48051951951951954,1028.4762265932034,101.93466582397794,0.023471375427950584,0.002423676374793156,0.043818319456833184,0.04205786997147148
Dew,40.97991243927321,0.9526908983282565,0.047309101671743514,0.5184814814814815,0.48151851851851846,1028.3839210576818,102.22192893209574,0.023469785945918628,0.0024307410616354525,0.04381735408356022,0.04205381253703704
Dew,41.091236776010874,0.9524516805519692,0.04754831944803084,0.5174824824824825,0.4825175175175175,1028.290980722767,102.51107618415266,0.023468185232078026,0.002437851919328013,0.04381638250056182,0.0420497551026026
Dew,41.20321582893027,0.9522109175737328,0.047789082426267226,0.5164834834834835,0.4835165165165165,1028.1973984266901,102.8021277039754,0.023466573156956088,0.0024450094398553537,0.04381540464172572,0.04204569766816817
Bubble,41.279446724617245,0.9520470470470471,0.047952952952952876,0.515807208629079,0.48419279137092097,1028.1336640534978,103.00040992634209,0.02346547498865957,0.002449885356063954,0.04381473908158159,0.04204295097784701
Dew,41.31585601025166,0.9519685928664761,0.04803140713352394,0.5154844844844845,0.4845155155155155,1028.103166892889,103.09510392440679,0.023464949588971388,0.002452214122742158,0.04381442043992719,0.04204164023373373
Dew,41.429163823957964,0.9517246896487578,0.04827531035124222,0.5144854854854856,0.48551451451451444,1028.0082787275821,103.39002559356821,0.023463314394388608,0.002459466475205885,0.043813429827008435,0.042037582799299304
Dew,41.54320261428977,0.9514791908793844,0.04852080912061563,0.5134864864864865,0.48651351351351346,1027.9127088247672,103.68709337310882,0.023461667035731174,0.0024667712848986767,0.04381243273375662,0.04203352536486487
Dew,41.657867987119346,0.9512320792525629,0.04876792074743708,0.5124874874874875,0.4875125125125125,1027.8164837659017,103.98597715573982,0.023460008155799156,0.0024741207128261378,0.043811429089884286,0.04202946793043043
Bubble,41.74321838685711,0.9510480480480481,0.0489519519519519,0.5117477473724124,0.48825225262758765,1027.7447934066006,104.20858897422842,0.023458772033818038,0.0024795945305713177,0.043810681647147146,0.04202646347595305
Dew,41.77322118038432,0.9509833371916016,0.04901666280839845,0.5114884884884885,0.4885115115115115,1027.7195791119732,104.28687093508736,0.023458337233445634,0.0024815193880146245,0.04381041882400369,0.042025410495996
Dew,41.889269088564866,0.9507329468437554,0.04926705315624458,0.5104894894894895,0.48951051051051053,1027.6219869716363,104.58979680374985,0.02345665412577385,0.0024889678504765207,0.043809401863605914,0.042021353061561566
Dew,42.00601870755423,0.9504808900742887,0.04951910992571129,0.5094904904904906,0.49050950950950944,1027.5236993229696,104.894777204669,0.023454958687484134,0.0024964666487708705,0.04380837813503673,0.042017295627127124
Dew,42.12347713671498,0.9502271484604894,0.04977285153951061,0.5084914914914915,0.49150850850850847,1027.4247080106195,105.20183493862946,0.023453250770820767,0.00250401634018601,0.04380734756347228,0.042013238192692696
Bubble,42.205877432276125,0.9500490490490491,0.04995095095095092,0.5077942708031449,0.4922057291968551,1027.3551987165174,105.41737955467282,0.02345205130913462,0.0025093158698226213,0.04380662421271271,0.04201040643086698
Dew,42.24165158095911,0.9499717032855512,0.05002829671444875,0.5074924924924925,0.4925075075075075,1027.3250047428558,105.51099317186721,0.023451530225517138,0.0025116174909249004,0.04380631007289427,0.04200918075825826
Dew,42.360549352879076,0.9497145355322621,0.05028546446773785,0.5064934934934935,0.4935065065065065,1027.2245810885374,105.82227544387366,0.023449796898739203,0.0025192706762952174,0.04380526558606429,0.04200512332382383
Dew,42.48017787496245,0.9494556258765472,0.05054437412345281,0.5054944944944946,0.4945055055055054,1027.123428474019,106.13570567550055,0.023448050635027896,0.0025269764809067214,0.043804214024497606,0.04200106588938939
Dew,42.60054468185903,0.9491949546808063,0.05080504531919372,0.5044954954954955,0.49550450450450445,1027.0215381799455,106.45130817726802,0.023446291276239414,0.0025347354988735755,0.0438031553084361,0.04199700845495496
Bubble,42.66742261706958,0.94905005005005,0.050949949949949946,0.5039430879878933,0.49605691201210667,1026.9648768518252,106.6267657642226,0.023445312738181765,0.002539049001473163,0.04380256677827828,0.04199476485186283
Dew,42.72165742268365,0.9489325019870998,0.051067498012900225,0.5034964964964965,0.4965035035035035,1026.9189013379703,106.76910765782446,0.023444518661483994,0.002542548334020394,0.04380208935682061,0.04199295102052052
Dew,42.84352386339545,0.9486682475101104,0.05133175248988964,0.5024974974974975,0.4975025025025025,1026.815508927368,107.08912923268815,0.023442732627062823,0.002550415600095126,0.04380101608726232,0.041988893586086096
Dew,42.96615188925251,0.94840217062994,0.05159782937005997,0.5014984984984985,0.4985015015015015,1026.7113517715652,107.41139843326957,0.02344093300640333,0.002558337920988745,0.04379993541601351,0.04198483615165165
Dew,43.0895495073251,0.9481342503846867,0.05186574961531332,0.5004994994994995,0.49950050050050054,1026.6064205345594,107.73594121612243,0.0234391196299924,0.0025663159309605088,0.0437988472579374,0.04198077871721722
Bubble,43.12785278716589,0.9480510510510511,0.05194894894894886,0.5001906758184266,0.4998093241815734,1026.573824704316,107.83673229422348,0.023438556245033652,0.0025687935668365874,0.04379850934384385,0.041979524429836546
Dew,43.21372484905473,0.9478644654628227,0.05213553453717739,0.49950050050050054,0.5004994994994995,1026.5007057172456,108.06278397238388,0.023437292325307852,0.002574350274867871,0.043797751526477254,0.041976721282782785
Dew,43.33868617293703,0.9475927941953368,0.05240720580466313,0.4985015015015015,0.5014984984984985,1026.3941976536198,108.39195353765481,0.02343545091674762,0.0025824416084069945,0.04379664813362436,0.04197266384834835
Dew,43.46444186720671,0.9473192145476803,0.05268078545231965,0.49750250250250255,0.5024974974974974,1026.2868865068858,108.72347720193356,0.023433595225557047,0.002590590598354686,0.043795536989885406,0.041968606413913916
Bubble,43.58716698720102,0.9470520520520521,0.05294794794794788,0.49653366977783714,0.5034663302221629,1026.1820392420661,109.04726479577899,0.023431781755478186,0.0025985492295892676,0.04379445190940941,0.041964671499802694
Dew,43.59100045265905,0.9470437041114631,0.052956295888536856,0.49650350350350353,0.5034964964964965,1026.178762265444,109.05738272003326,0.02343172506975408,0.002598797922821998,0.043794418004248714,0.04196454897947948
Dew,43.71837058553217,0.9467662400959058,0.05323375990409417,0.4955045045045045,0.5044954954954954,1026.069814738756,109.39369832224371,0.023429840264051996,0.0026070642715137968,0.043793291084149526,0.041960491545045046
Dew,43.846561060433025,0.9464867993190598,0.05351320068094024,0.49450550550550554,0.5054944944944945,1025.9600335530909,109.73245272518578,0.023427940619780006,0.00261539034599308,0.043792156135434364,0.04195643411061062
Dew,43.97558081340801,0.9462053581987563,0.0537946418012437,0.4935065065065065,0.5064934934934935,1025.8494081471401,110.0736751431803,0.023426025944801292,0.0026237768599577027,0.043791013062324254,0.04195237667617618
Bubble,44.04536437508027,0.9460530530530531,0.053946946946946905,0.49296885529364565,0.5070311447063544,1025.7895174690848,110.25834956385508,0.02342498919609632,0.002628315668265845,0.04379039447497497,0.04195019300577514
Dew,44.10543892506616,0.9459218927432975,0.05407810725670245,0.49250750750750755,0.5074924924924924,1025.7379277675095,110.41739529984268,0.023424096043428846,0.0026322245395226478,0.043789861767376904,0.04194831924174174
Dew,44.236144623789436,0.9456363785418599,0.05436362145814006,0.4915085085085085,0.5084914914914915,1025.6255814640572,110.76364344001412,0.02342215071633831,0.0026407341235104883,0.04378870215144776,0.041944261807307315
Dew,44.367707289019776,0.945348790754623,0.054651209245376975,0.49050950950950956,0.5094904904904904,1025.5123580850993,111.11245034199817,0.02342018976047834,0.0026493063637492965,0.0437875341136499,0.04194020437287287
Dew,44.50013645472511,0.945059104102606,0.05494089589739403,0.48951051051051053,0.5104894894894895,1025.398246272482,111.46384733043371,0.023418212968978513,0.0026579420253858986,0.04378635755131273,0.04193614693843844
Bubble,44.50244423194667,0.9450540540540541,0.05494594594594593,0.48949315963654766,0.5105068403634523,1025.3962564307071,111.4699735571362,0.023418178494385624,0.0026580925767473043,0.04378633704054054,0.04193607646786384
Dew,44.633441812827584,0.9447672928571622,0.055232707142837775,0.4885115115115115,0.5114884884884885,1025.2832344564597,111.81786628911223,0.023416220131053506,0.002666641887197989,0.04378517235993937,0.041932089504004004
Dew,44.76763321688587,0.9444733308292128,0.05552666917078714,0.48751251251251254,0.5124874874874874,1025.1673108504676,112.17453967467618,0.02341421103190535,0.002675406741927436,0.043783978433162854,0.04192803206956957
Dew,44.90272068575739,0.9441771913580869,0.055822808641913135,0.4865135135135135,0.5134864864864865,1025.050463445684,112.53390053032483,0.023412185452621682,0.0026842373966139595,0.043782775662700876,0.04192397463513514
Bubble,44.95840595435101,0.9440550550550552,0.05594494494494484,0.4861036443260284,0.5138963556739716,1025.0022532104017,112.68212435640393,0.023411349578687755,0.0026878796632855825,0.04378227960610611,0.04192230995143016
Dew,45.03871440744177,0.9438788473000673,0.05612115269993263,0.48551451451451455,0.5144854854854854,1024.9326800054428,112.89598250017332,0.023410143170071143,0.0026931346729445887,0.043781563938309224,0.0419199172007007
Dew,45.175624743032145,0.9435782710165548,0.0564217289834452,0.4845155155155155,0.5154844844844845,1024.8139480594741,113.26081984403429,0.02340808395679564,0.0027020994076133965,0.04378034314773374,0.041915859766266265
Dew,45.313462230749494,0.9432754343618588,0.05672456563814119,0.48351651651651656,0.5164834834834835,1024.6942548979341,113.6284474525462,0.023406007580898516,0.0027111324526897253,0.04377911317666069,0.04191180233183184
Bubble,45.41324904073757,0.9430560560560561,0.056943943943943864,0.4827974980077134,0.5172025019922866,1024.6075049237404,113.89479010345953,0.023404502378051126,0.002717676649063498,0.04377822217167168,0.041908882038158325
Dew,45.45223759017357,0.9429703086706296,0.05702969132937042,0.48251751751751754,0.5174824824824824,1024.5735875652797,113.99890086301322,0.02340391380592987,0.0027202346760035975,0.04377787390866576,0.041907744897397396
Dew,45.59196172648527,0.9426628647448653,0.05733713525513468,0.48151851851851857,0.5184814814814814,1024.4519328539036,114.37221627537099,0.023401802390767314,0.002729406961534355,0.04377662522516127,0.04190368746296296
Dew,45.73264573498162,0.9423530728405071,0.057646927159492954,0.48051951951951954,0.5194804804804805,1024.3292772975972,114.74843056911395,0.023399673089493516,0.00273865020982248,0.04377536700534172,0.041899630028528534
Bubble,45.86697310887423,0.9420570570570571,0.05794294294294289,0.4795720297693705,0.5204279702306295,1024.2120087274395,115.10795955224108,0.02339763682243778,0.002747483269431208,0.04377416473723724,0.0418957817989083
Dew,45.87430090561108,0.9420409026536255,0.057959097346374465,0.4795205205205205,0.5204794794794795,1024.2056071647733,115.12758132038444,0.023397525651269194,0.0027479653383855095,0.0437740991261277,0.04189557259409409
Dew,46.01693872772238,0.9417263233061359,0.05827367669386403,0.47852152152152155,0.5214784784784785,1024.080908451479,115.5097068198436,0.02339535982020211,0.0027573532821528537,0.04377282146210787,0.041891515159659665
Dew,46.16057089494141,0.9414093033310602,0.05859069666893979,0.47752252252252253,0.5224774774774774,1023.9551668741725,115.89484609105534,0.023393175335211687,0.0027668149939131257,0.04377153388547911,0.04188745772522522
Dew,46.30520931019487,0.9410898106572934,0.058910189342706656,0.47652352352352356,0.5234764764764764,1023.8283678622464,116.28303890944916,0.023390971929888798,0.0027763514447755374,0.0437702362659846,0.04188340029079079
Bubble,46.31957785477266,0.9410580580580581,0.05894194194194191,0.4764246628654342,0.5235753371345657,1023.8157617998081,116.32162191024376,0.023390752842277093,0.002777299270139277,0.043770107302802806,0.041882998768227965
Dew,46.45086609089741,0.9407678125938799,0.0592321874061201,0.47552452452452454,0.5244754754754755,1023.7004965503115,116.67432582191768,0.023388749332350973,0.0027859636246467295,0.043768928470850045,0.04187934285635636
Dew,46.59755357432739,0.9404432758137625,0.05955672418623747,0.47452552552552557,0.5254744744744744,1023.571537770216,117.06874816713696,0.023386507265092733,0.002795652542725139,0.043767610364717595,0.04187528542192192
Dew,46.745284323151644,0.9401161663369765,0.059883833663023536,0.47352652652652655,0.5264734734734735,1023.4414760427832,117.46634809648637,0.02338424544483049,0.0028054192280099646,0.04376628180957763,0.041871227987487485
Bubble,46.77106306931475,0.9400590590590591,0.059940940940940934,0.4733529288219086,0.5266470711780914,1023.4187613493003,117.53576688809174,0.02338385036866143,0.00280712440853701,0.04376604986836838,0.04187052292041018
Dew,46.89407113114961,0.9397864495132922,0.060213550486707804,0.4725275275275276,0.5274724724724724,1023.3102955692713,117.86716859573531,0.023381963582342256,0.0028152647298287548,0.04376494266469824,0.04186717055305306
Dew,47.043927029096295,0.9394540900042428,0.060545909995757145,0.47152852852852856,0.5284714714714714,1023.1779802225257,118.27125350737244,0.023379661382301544,0.002825190118380644,0.04376359278655224,0.04186311311861862
Dew,47.19486529089537,0.9391190517645615,0.060880948235438576,0.47052952952952953,0.5294704704704705,1023.0445135378333,118.67864755387754,0.023377338543105555,0.002835196485302426,0.043762232028741764,0.04185905568418419
Bubble,47.22142862743756,0.9390600600600602,0.06093993993993985,0.4703544618957358,0.5296455381042642,1023.0210046096529,118.75038465120274,0.023376929333235326,0.0028369584524347243,0.043761992433933944,0.04185834464698953
Dew,47.34689943985471,0.938781298022964,0.06121870197703601,0.46953053053053057,0.5304694694694694,1022.9098787034513,119.08939636159471,0.02337499475669734,0.0028452849442493224,0.04376086024192027,0.04185499824974975
Dew,47.50004325521434,0.9384407912622554,0.06155920873774461,0.46853153153153154,0.5314684684684685,1022.7740585507823,119.50354648556862,0.02337262970838114,0.0028554566314991036,0.043759477273711656,0.04185094081531532
Dew,47.65431077889684,0.9380974931987535,0.06190250680124652,0.4675325325325326,0.5324674674674674,1022.6370355442228,119.92114543525366,0.02337024307663166,0.0028657127065774167,0.04375808296862674,0.041846883380880884
Bubble,47.67067448316712,0.9380610610610611,0.06193893893893887,0.46742699386462927,0.5325730061353707,1022.6224888378443,119.96546579305351,0.023369989668149127,0.0028668011794807866,0.0437579349994995,0.04184645473558119
Dew,47.80971632247165,0.9377513647609674,0.06224863523903258,0.46653353353353355,0.5334664664664664,1022.4987917706247,120.3422417010767,0.02336783453289594,0.0028760543529038796,0.043756677167976675,0.04184282594644645
Dew,47.96627447435304,0.9374023660675395,0.06259763393246048,0.4655345345345346,0.5344654654654655,1022.3593089283822,120.76688478192348,0.023365403741388173,0.0028864827784606285,0.04375525970978331,0.04183876851201201
Bubble,48.118800664913024,0.9370620620620621,0.0629379379379379,0.46456834912517236,0.5354316508748276,1022.2232113121528,121.18100131000766,0.02336303130601478,0.0028966523765753915,0.04375387756506507,0.04183484434997189
Dew,48.12400010729188,0.9370504564043679,0.06294954359563211,0.46453553553553556,0.5354644644644644,1022.2185683161136,121.19512521375206,0.02336295035887683,0.00289699921648819,0.043753830428686344,0.04183471107757758
Dew,48.282908386078596,0.9366955942009202,0.06330440579907982,0.46353653653653654,0.5364634634634635,1022.0765508209283,121.6270145990746,0.023360474034463983,0.0029076049262025242,0.04375238915584704,0.04183065364314315
Dew,48.44301477555163,0.9363377370056749,0.06366226299432512,0.46253753753753757,0.5374624624624624,1021.9332369062543,122.06260563762119,0.023357974409356237,0.0029183011935407393,0.043750935718848555,0.04182659620870871
Bubble,48.56580727115964,0.9360630630630631,0.06393693693693692,0.46177644007848984,0.5382235599215102,1021.8231693303757,122.39698257800077,0.023356054179865415,0.002926511839328163,0.04374982013063063,0.041823505011378784
Dew,48.60433504888248,0.9359768414606541,0.0640231585393459,0.46153853853853855,0.5384614614614615,1021.7886065992046,122.50195215810248,0.023355451116627,0.0029290893319335134,0.04374946994159245,0.041822538774274276
Dew,48.76688529617135,0.9356128632750328,0.06438713672496722,0.4605395395395396,0.5394604604604605,1021.6426394774762,122.94510915118943,0.023352903780969804,0.002939970683107075,0.04374799164419155,0.04181848133983985
Dew,48.930681933316976,0.9352457571977273,0.06475424280227274,0.45954054054054055,0.5404594594594594,1021.495314655732,123.39213280360457,0.023350332018441954,0.0029509466179122343,0.04374650064285857,0.04181442390540541
Bubble,49.01169448810792,0.9350640640640641,0.06493593593593594,0.45904926278458724,0.5409507372154128,1021.4223602189662,123.61340141187193,0.023349058223364368,0.0029563793734917274,0.043745762696196205,0.0418124285807996
Dew,49.09574171126958,0.9348754769889824,0.06512452301101752,0.4585415415415416,0.5414584584584584,1021.346610771475,123.84308053368869,0.023347735436198433,0.0029620185371891723,0.04374499674979076,0.04181036647097098
Dew,49.26208172556759,0.9345019753908601,0.06549802460913984,0.45754254254254256,0.5424574574574574,1021.1965059703597,124.29801102813082,0.023345113632215215,0.0029731878726605796,0.04374347977304998,0.04180630903653653
Dew,49.42971942627602,0.9341252040965994,0.06587479590340062,0.45654354354354354,0.5434564564564565,1021.0449778909425,124.75698428025812,0.02334246619500192,0.002984456087862609,0.04374194951643834,0.0418022516021021
Bubble,49.45646250239469,0.9340650650650651,0.06593493493493485,0.4563848928674409,0.5436151071325591,1021.0207812898756,124.83024973309821,0.023342043369818828,0.0029862547870297537,0.043741705261761764,0.04180160724238111
Dew,49.598672628268325,0.933745113718796,0.06625488628120406,0.45554454454454457,0.5444554554554555,1020.892003648817,125.22006162970939,0.023339792703302786,0.0029958246791094954,0.04374040577936889,0.041798194167667675
Dew,49.7689595219213,0.9333616537563453,0.06663834624365474,0.45454554554554555,0.5454544544544544,1020.7375598201306,125.68730580373152,0.023337092725785935,0.0030072951764975532,0.043738848356731405,0.041794136733233234
Bubble,49.90011161829365,0.9330660660660661,0.06693393393393388,0.4537814816547472,0.5462185183452528,1020.6184298991765,126.04752000102029,0.023335009553519998,0.0030161379004421097,0.04373764782732733,0.041791033487740756
Dew,49.94059868418228,0.9329747725600596,0.06702522743994047,0.4535465465465466,0.5464534534534534,1020.5816224244244,126.1587809599813,0.02333436582071982,0.0030188691449457854,0.04373727703875268,0.0417900792987988
Dew,50.113609090118736,0.932584417296963,0.067415582703037,0.45254754754754756,0.5474524524524524,1020.4241669067939,126.63455273120599,0.023331611535636676,0.0030305481852820615,0.04373569161085162,0.041786021864364364
Dew,50.28801012486926,0.9321905339131162,0.06780946608688379,0.4515485485485486,0.5484514514514514,1020.265168119312,127.11468827155558,0.023328829406982145,0.0030423339353689827,0.04373409185348812,0.04178196442992993
Bubble,50.34264217668138,0.9320670670670671,0.0679329329329329,0.4512372525367989,0.5487627474632011,1020.2153034070193,127.26520490535685,0.023327956708827948,0.003046028539425264,0.043733590392892895,0.04178070010117821
Dew,50.463821596078944,0.9317930670949697,0.0682069329050303,0.45054954954954957,0.5494504504504505,1020.1046003016868,127.59925630481342,0.023326018959750196,0.003054228071276313,0.04373247754200622,0.0417779069954955
Dew,50.64106374684602,0.9313919602291295,0.0686080397708705,0.4495505505505506,0.5504494494494494,1019.942437061123,128.0883271746523,0.023323179707103063,0.003066232308502593,0.04373084844647061,0.04177384956106106
Bubble,50.78405457075063,0.9310680680680681,0.06893193193193192,0.4487504975305641,0.5512495024694359,1019.8113991856894,128.48329741944795,0.023320884770355876,0.0030759265361575538,0.04372953295845847,0.04177060014572039
Dew,50.81975726916041,0.9309871553604635,0.06901284463953652,0.4485515515515516,0.5514484484484484,1019.7786513513265,128.58197289687104,0.02332031114997484,0.0030783484032448653,0.043729204331496525,0.041769792126626626
Dew,50.99992331790518,0.930578593148484,0.069421406851516,0.44755255255255255,0.5524474474474474,1019.6132154506353,129.08026721386418,0.023317412776658497,0.0030905781537226206,0.04372754495607257,0.0417657346921922
Dew,51.181583525411426,0.9301662128218948,0.06983378717810523,0.4465535535535536,0.5534464464464464,1019.4461009392037,129.58328565131555,0.023314484062374904,0.003102923401555761,0.04372587007337614,0.04176167725775776
Bubble,51.224349243111924,0.9300690690690692,0.06993093093093083,0.44631957403575157,0.5536804259642485,1019.4067146183922,129.70179078451866,0.023313793672942472,0.003105831728934636,0.043725475524024025,0.0417607269499462
Dew,51.36476001662467,0.9297499521312278,0.07025004786877226,0.44555455455455456,0.5544454454454455,1019.2772786752164,130.09110557732856,0.02331152446882347,0.003115386033201715,0.04372417943058098,0.04175761982332332
Dew,51.549475424917006,0.9293297472994326,0.07067025270056736,0.4445555555555556,0.5554444444444444,1019.1067187700532,130.60380626412902,0.023308533443712743,0.0031279679814550194,0.04372247276865665,0.041753562388888894
Bubble,51.663526683090964,0.9290700700700701,0.07092992992992986,0.44394290177074874,0.5560570982292512,1019.0012470981175,130.92067849501103,0.023306683351625997,0.0031357439618299667,0.04372141808958959,0.04175107409554189
Dew,51.73575290850838,0.9289055329703813,0.0710944670296187,0.44355655655655657,0.5564434434434434,1018.9343905623821,131.12146895224785,0.023305510420270754,0.003140671227007157,0.043720749822159205,0.04174950495445446
Dew,51.923616167660505,0.9284772421550995,0.07152275784490046,0.4425575575575576,0.5574424424424425,1018.7602625910874,131.64417691774452,0.02330245481673311,0.00315349780008015,0.04371901031901294,0.041745447520020025
Bubble,52.101587424181105,0.9280710710710711,0.07192892892892888,0.44161895987702393,0.5583810401229761,1018.5949940265635,132.1399542847281,0.023299553741619825,0.003165663084374232,0.043717360655155156,0.04174163540554054
Dew,52.11308946253561,0.9280448061756451,0.07195519382435488,0.4415585585585586,0.5584414414414414,1018.5843025669972,132.1720155421501,0.02329936603580831,0.00316644978212627,0.04371725398028239,0.04174139008558558
Dew,52.30419763187566,0.9276081546065216,0.07239184539347843,0.4405595595595596,0.5594404404404404,1018.4064773433371,132.70507238566796,0.023296243464118863,0.0031795293076067677,0.043715480519934395,0.04173733265115115
Dew,52.49696611247839,0.9271672152134331,0.07283278478656682,0.4395605605605606,0.5604394394394394,1018.2267528848237,133.24343726359103,0.023293086471616424,0.003192738565848743,0.04371368964458937,0.04173327521671672
Bubble,52.53853203373964,0.9270720720720721,0.0729279279279279,0.43934628418150895,0.560653715818491,1018.1879528090991,133.35961208305145,0.023292404778197218,0.003195588950517148,0.043713303220720715,0.041732404933203196
Dew,52.691420959535016,0.9267219138893089,0.07327808611069106,0.43856156156156156,0.5614384384384384,1018.045094235352,133.7872023261815,0.0232898944109703,0.0032060798029860484,0.04371188105326143,0.04172921778228229
Dew,52.88758886785843,0.926272174587377,0.07372782541262303,0.4375625625625626,0.5624374374374375,1017.8614654841688,134.33646214214585,0.023286666616927035,0.003219555323987504,0.043710054437086636,0.041725160347847845
Bubble,52.97436114128522,0.9260730730730731,0.07392692692692693,0.43712346460710455,0.5628765353928955,1017.7801208693402,134.57964612140975,0.02328523639702489,0.0032255214211889378,0.04370924578628629,0.041723376951501766
Dew,53.08549719410583,0.9258179192511646,0.07418208074883532,0.4365635635635636,0.5634364364364364,1017.6758297304569,134.89131378608775,0.02328340240563983,0.003233167494781638,0.0437082094790386,0.04172110291341342
Dew,53.28517397997562,0.9253590677412434,0.07464093225875659,0.4355645645645646,0.5644354354354354,1017.4881490462545,135.45185692991407,0.0232801010739662,0.0032469187444774247,0.04370634585363106,0.04171704547897898
Bubble,53.40907539220143,0.9250740740740742,0.07492592592592584,0.43494914272217944,0.5650508572778206,1017.3714956257982,135.80005075027114,0.02327804853362886,0.0032554603599255654,0.04370518835185186,0.04171454594316613
Dew,53.48664797649227,0.9248955377585163,0.07510446224148369,0.4345655655655656,0.5654344344344344,1017.2983844375807,136.01819393861552,0.02327676189873153,0.0032608115676911985,0.04370446322660621,0.04171298804454455
Dew,53.68994866940339,0.9244272447638522,0.0755727552361478,0.4335665665665666,0.5664334334334333,1017.1064958036804,136.59042997054843,0.023273384135956737,0.0032748485269828366,0.04370256125460839,0.041708930610110106
Bubble,53.842675474235485,0.9240750750750751,0.07592492492492486,0.432822009420662,0.5671779905793379,1016.9620745054951,137.02082053880366,0.023270841123705956,0.0032854056352658563,0.043701130917417425,0.04170590659126202
Dew,53.895106305791515,0.9239541018938701,0.07604589810612991,0.4325675675675676,0.5674324324324325,1016.9124418942934,137.16867308260998,0.02326996702004839,0.0032890322554107055,0.04370063958484195,0.04170487317567567
Dew,54.10215192193405,0.9234760198726183,0.07652398012738171,0.43156856856856857,0.5684314314314314,1016.7161802647868,137.75303434047171,0.023266509762948005,0.003303365459209394,0.04369869785471264,0.041700815741241244
Bubble,54.275162108759076,0.9230760760760761,0.07692392392392389,0.43074080272463716,0.5692591972753629,1016.5518549396717,138.24195023804833,0.02326361410302566,0.0033153571198783066,0.04369707348298299,0.041697453770266124
Dew,54.31111737250311,0.922992906918928,0.07700709308107195,0.4305695695695696,0.5694304304304304,1016.5176672290628,138.34362793423438,0.02326301155323904,0.0033178509205990334,0.04369673569145123,0.04169675830680681
Dew,54.52203536118198,0.9225046686491499,0.07749533135085007,0.4295705705705706,0.5704294294294294,1016.31685781008,138.9405712998205,0.023259471555208352,0.0033324915007338697,0.04369475271171853,0.04169270087237237
Bubble,54.70653604900356,0.9220770770770771,0.07792292292292291,0.4287043057021412,0.5712956942978589,1016.1408343630284,139.46343477130955,0.023256367407412784,0.0033453146903395085,0.043693016048548555,0.041689182537609254
Dew,54.73493947280309,0.9220112079750271,0.0779887920249729,0.4285715715715716,0.5714284284284283,1016.1137056878499,139.5439852465223,0.023255888907859488,0.0033472901428002098,0.04369274852119057,0.04168864343793794
Dew,54.9498642070595,0.9215124249963718,0.0784875750036282,0.4275725725725726,0.5724274274274275,1015.9081631447539,140.1539940909479,0.02325226272387496,0.0033622498752696787,0.04369072271412277,0.04168458600350351
Bubble,55.13679807843651,0.9210780780780782,0.07892192192192182,0.4267113444933212,0.5732886555066787,1015.7290102130214,140.68526922526948,0.023249100972731376,0.0033752782269295197,0.04368895861411412,0.04168108812565963
Dew,55.16684501392517,0.9210082168882184,0.07899178311178155,0.4265735735735736,0.5734264264264264,1015.7001810079959,140.77072579789456,0.023248592088523846,0.0033773738153205636,0.0436886748728915,0.04168052856906907
Dew,55.38591833086344,0.9204984777821539,0.07950152221784618,0.4255745745745746,0.5744254254254254,1015.4897085890251,141.39431212849644,0.023244876058511527,0.0033926651724356938,0.04368660456751222,0.041676471134634636
Bubble,55.56594900918291,0.9200790790790792,0.07992092092092085,0.4247607864383623,0.5752392135616378,1015.3163799291767,141.9074488413762,0.02324181473486903,0.0034052476134334483,0.043684901179679686,0.04167316593411941
Dew,55.6071216219729,0.9199830986413703,0.08001690135862968,0.42457557557557557,0.5754244244244244,1015.2766936197229,142.02488879623175,0.023241113660767806,0.003408127252191045,0.043684511355131926,0.041672413700200195
Dew,55.830493419135735,0.9194619671290998,0.08053803287090017,0.4235765765765766,0.5764234234234233,1015.0610821851404,142.66259563110484,0.023237303891169108,0.0034237634602427252,0.043682394779494836,0.04166835626576577
Bubble,55.99398968058389,0.9190800800800801,0.08091991991991987,0.4228515383013738,0.5771484616986262,1014.9029409524574,143.12996900795872,0.023234508629722418,0.003435222736960074,0.04368084374524525,0.04166541152281103
Dew,56.056073365379326,0.9189349674699703,0.0810650325300297,0.4225775775775776,0.5774224224224225,1014.842818652559,143.30757675280867,0.023233445713190498,0.003439577306531848,0.043680254370379284,0.04166429883133134
Dew,56.283902260506096,0.9184019803038086,0.08159801969619138,0.4215785785785786,0.5784214214214214,1014.6218455966365,143.95998075316245,0.02322953805648302,0.0034555724097144924,0.043678089643003924,0.04166024139689689
Bubble,56.4208219547628,0.9180810810810811,0.08191891891891889,0.4209825445827526,0.5790174554172474,1014.4886391409984,144.35241918024474,0.023227181412151972,0.003465193739960862,0.04367678631081081,0.04165782060482284
Dew,56.514022109223355,0.917862882531392,0.08213711746860797,0.4205795795795796,0.5794204204204204,1014.3981037203554,144.61996088872183,0.023225579815370833,0.0034717525018384513,0.04367590009740124,0.04165618396246246
Dew,56.74647617187404,0.9173175471515871,0.0826824528484129,0.4195805805805806,0.5804194194194194,1014.1715317714953,145.28767528402517,0.023221569847262837,0.003488121433278082,0.04367368521775617,0.041652126528028036
Bubble,56.846637638425804,0.9170820820820821,0.08291791791791792,0.4191527859247913,0.5808472140752087,1014.0735712638178,145.57557571203864,0.023219835292050055,0.003495179254438998,0.04367272887637638,0.04165038904003354
Dew,56.981309018016816,0.9167658430893011,0.0832341569106989,0.4185815815815816,0.5814184184184183,1013.9420664543212,145.96328714645213,0.023217506970972978,0.0035046831779508487,0.0436714444717072,0.041648069093593594
Dew,57.218566582966616,0.9162076350135839,0.08379236498641603,0.41758258258258263,0.5824174174174174,1013.7096423361376,146.64696499321605,0.023213389964942408,0.003521441838828287,0.043669177309607676,0.04164401165915916
Bubble,57.271345267228966,0.9160830830830832,0.08391691691691683,0.4173612775814744,0.5826387224185257,1013.6576867563535,146.7990575037874,0.023212469106233844,0.003525170130939875,0.04366867144194195,0.04164311282889716
Dew,57.458296227579396,0.9156427831452056,0.08435721685479432,0.4165835835835836,0.5834164164164164,1013.474191748357,147.33888289160637,0.023209217565356818,0.0035384016537683984,0.04366688316374425,0.041639954224724725
Bubble,57.6949457487813,0.9150840840840841,0.08491591591591585,0.4156070679792134,0.5843929320207866,1013.2409830430247,148.02286030893677,0.02320508279012411,0.003555166264577766,0.04366461400750751,0.04163598810659757
Dew,57.700546801474516,0.915071143052921,0.08492885694707897,0.4155845845845846,0.5844154154154154,1013.2356446816724,148.03922071330894,0.023204988464151075,0.0035555670016895725,0.043664561447509444,0.04163589679029029
Dew,57.94536870992835,0.9144925654376397,0.08550743456236028,0.4145855855855856,0.5854144144144144,1012.9939286749037,148.7481644037819,0.023200701306892946,0.003572942409109754,0.043662211554524974,0.04163183935585586
Bubble,58.11744001024962,0.9140850850850851,0.08591491491491487,0.41388923734132377,0.5861107626586762,1012.8234575459936,149.2469799847358,0.023197676279065937,0.0035851675527893818,0.04366055657307307,0.041629011137461785
Dew,58.192813984750266,0.9139068959035804,0.08609310409641958,0.4135865865865866,0.5864134134134134,1012.7489686970652,149.46590626794168,0.023196354690537154,0.0035905325570812457,0.0436598328577124,0.041627781921421414
Dew,58.44293635939629,0.9133139747154594,0.08668602528454057,0.4125875875875876,0.5874124124124124,1012.5006870221144,150.19264527324827,0.02319194716103954,0.003608342288547573,0.043657424708306844,0.041623724486986986
Bubble,58.538828997250995,0.9130860860860861,0.0869139139139139,0.4122068963811287,0.5877931036188713,1012.4051076846466,150.47141248603313,0.023190249508316777,0.0036151738951908634,0.043656499138638644,0.04162217830965196
Dew,58.69579134862141,0.9127136365406473,0.0872863634593527,0.4115885885885886,0.5884114114114114,1012.2490030958567,150.92858737144795,0.02318747721082108,0.003626376616152949,0.04365498643480984,0.04161966705255256
Dew,58.951436333112746,0.912105710175123,0.08789428982487699,0.41058958958958963,0.5894104104104103,1011.9938333943678,151.67394584073776,0.023182943276069734,0.0036446407305470237,0.043652517341876265,0.04161560961811812
Bubble,58.95926279558408,0.9120870870870871,0.08791291291291292,0.41055918506266226,0.5894408149373378,1011.9860098236347,151.69678600687934,0.023182804221605992,0.0036452003836389677,0.04365244170420421,0.04161548613013201
Dew,59.20993064933007,0.9114900182520171,0.08850998174798287,0.4095905905905906,0.5904094094094094,1011.7350912732968,152.42894164940742,0.023178343733867696,0.003663140009210624,0.043650016709130574,0.04161155218368368
Bubble,59.37845445954915,0.9110880880880882,0.08891191191191183,0.408945271401288,0.591054728598712,1011.5660091684498,152.9218799077588,0.023175336867372786,0.003675217685836712,0.043648384269769774,0.041608931219796336
Dew,59.47133568509781,0.9108663769313107,0.08913362306868934,0.40859159159159164,0.5914084084084084,1011.4726868073062,153.19380384311788,0.023173676899129962,0.003681880025854766,0.04364748378990652,0.04160749474924925
Dew,59.735714981355166,0.9102345955692104,0.08976540443078963,0.4075925925925926,0.5924074074074074,1011.2065266188608,153.96876995754377,0.02316894102133897,0.0037008665604348063,0.04364491780990436,0.04160343731481481
Bubble,59.79654443909607,0.9100890890890891,0.08991091091091086,0.40736435035961527,0.5926356496403847,1011.1451767633845,154.14727834946382,0.023167849067263897,0.0037052398329956086,0.04364432683533533,0.04160251030898558
Dew,60.00313434049193,0.9095944763655759,0.09040552363442408,0.4065935935935936,0.5934064064064064,1010.9365136954967,154.7540864582079,0.023164134281058693,0.003720105609824125,0.043642317965758785,0.041599379880380385
Bubble,60.21353378105147,0.9090900900900901,0.09090990990990988,0.4058156427593748,0.5941843572406251,1010.7235100349214,155.37297783603557,0.023160340756605325,0.003735266737349389,0.043640269400900905,0.0415962202330672
Dew,60.27366194197219,0.9089458139875214,0.09105418601247857,0.4055945945945946,0.5944054054054053,1010.6625471946109,155.5500092103089,0.023159254786209775,0.003739603399215131,0.04363968342351032,0.041595322445945944
Dew,60.54736846562845,0.90828839516726,0.09171160483273999,0.4045955955955956,0.5954044044044045,1010.384522234711,156.35680398029893,0.0231543005680854,0.0037593663942903145,0.043637013316971826,0.04159126501151151
Bubble,60.62942354780064,0.9080910910910911,0.0919089089089089,0.40429839426204545,0.5957016057379545,1010.3010064057099,156.59897495480675,0.02315281187061117,0.003765298312995773,0.04363621196646647,0.041590057928295295
Dew,60.824327223473766,0.9076219982719944,0.09237800172800562,0.40359659659659664,0.5964034034034034,1010.1023296720002,157.17474697259422,0.02314926957708617,0.003779401314245228,0.043634306745981705,0.04158720757707708
Bubble,61.044214816523024,0.9070920920920922,0.09290790790790782,0.4028118743938824,0.5971881256061176,1009.8776632942117,157.8252663723411,0.023145262344375445,0.003795334475803551,0.04363215453203204,0.041584020427850754
Dew,61.104614300621904,0.906946392843363,0.09305360715663699,0.4025975975975976,0.5974024024024024,1009.8158558609656,158.00412540398102,0.023144159678148646,0.0037997151457256025,0.043631562774533325,0.04158315014264265
Dew,61.38830870617014,0.9062613391039395,0.09373866089606049,0.40159859859859864,0.5984014014014014,1009.5249823976347,158.84523811923552,0.023138968645841668,0.003820315157763834,0.04362878042877065,0.041579092708208205
Bubble,61.45790867849772,0.9060930930930932,0.09390690690690684,0.40135537561613704,0.598644624383863,1009.4534781143615,159.05184883060775,0.02313769211286429,0.0038253751433251363,0.0436280970975976,0.04157810485806495
Dew,61.67549253489827,0.905566587427643,0.09443341257235707,0.4005995995995996,0.5994004004004003,1009.2295858438735,159.69839625154012,0.023133694159099452,0.003841208917801702,0.043625958694837375,0.04157503527377377
Bubble,61.87050623839169,0.9050940940940941,0.09490590590590586,0.39992821243816795,0.600071787561832,1009.0284482752243,160.27871914320656,0.023130101110907988,0.003855420234710133,0.04362403966316316,0.041572308434817615
Dew,61.96625114078153,0.9048618777709536,0.09513812222904636,0.3996006006006006,0.6003993993993995,1008.9295374310584,160.56392393184487,0.023128333795559362,0.003862404308899859,0.043623096516566734,0.04157097783933935
Dew,62.26067332331123,0.9041469390612147,0.09585306093878526,0.39860160160160163,0.6013983983983984,1008.6247027411712,161.44215905138637,0.02312288502546687,0.0038839095482362494,0.04362019279299712,0.04156692040490491
Bubble,62.28200859247558,0.9040950950950951,0.09590490490490489,0.398529720571152,0.601470279428848,1008.6025711692521,161.50587409840995,0.023122489272931715,0.0038854696683769097,0.04361998222872873,0.04156662846009974
Dew,62.55885152792305,0.9034214885381202,0.09657851146187982,0.3976026026026026,0.6023973973973974,1008.3149413632306,162.3334540827252,0.02311734520510763,0.003905733207023291,0.043617246375697576,0.04156286297047047
Bubble,62.69241690980958,0.9030960960960961,0.09690390390390391,0.39715925612024444,0.6028407438797556,1008.1758442161839,162.73331081700127,0.02311485653396189,0.0039155233706250625,0.0436159247942943,0.04156106231873238
Dew,62.86088206176525,0.9026852310437465,0.09731476895625352,0.39660360360360364,0.6033963963963964,1008.0001065226662,163.23817696452522,0.02311171156972092,0.003927884231970523,0.043614256065884184,0.04155880553603604
Bubble,63.10173231283051,0.9020970970970972,0.09790290290290282,0.39581619481317226,0.6041838051868278,1007.7482647985786,163.96102622532888,0.023107202828148213,0.003945581262963039,0.04361186735985986,0.0415556074752337
Dew,63.166865326323745,0.9019378582563685,0.09806214174363147,0.3956046046046046,0.6043953953953953,1007.6800446810388,164.15671205639876,0.02310598122584422,0.003950371968445931,0.043611220611308246,0.041554748101601605
Dew,63.476906068510964,0.9011790478622721,0.09882095213772787,0.39460560560560565,0.6053943943943944,1007.3545951031367,165.08946117058136,0.023100151143032318,0.003973206185499894,0.04360813870289262,0.04155069066716718
Bubble,63.50995595360716,0.9010980980980982,0.09890190190190185,0.39449993126342736,0.6055000687365726,1007.3198303029968,165.1890173905169,0.023099528089707652,0.003975643270175344,0.04360780992542543,0.04155026147082641
Dew,63.79111365210045,0.9004084626595276,0.0995915373404724,0.3936066066066066,0.6063933933933934,1007.0235893881973,166.0368446882919,0.02309421814488818,0.003996397102942121,0.04360500897109167,0.04154663323273273
Bubble,63.91708899468574,0.9000990990990991,0.09990090090090087,0.393209878266178,0.6067901217338221,1006.8905381096822,166.41728143570538,0.023091832252687804,0.004005709318287194,0.043603752490991,0.04154502192057809
Dew,64.10960235150336,0.899625749586634,0.10037425041336602,0.3926076076076076,0.6073923923923924,1006.6868509615408,166.99930276920432,0.02308817889933455,0.004019955420675794,0.043601829981946116,0.0415425757982983
Bubble,64.32313260854419,0.8991001001001001,0.10089989989989989,0.3919454661253563,0.6080545338746437,1006.4603855922785,167.6458155372716,0.02308411525096036,0.0040357793345010065,0.043599695056556566,0.04153988651066814
Dew,64.43249167021135,0.898830538668222,0.10116946133177798,0.39160860860860863,0.6083913913913914,1006.3441945225135,167.97729666377532,0.023082029908047374,0.004043892350525095,0.04359860023280098,0.04153851836386387
Bubble,64.72808797714839,0.8981011011011012,0.1018988988988988,0.3907061420102127,0.6092938579897873,1006.0293701176017,168.87461692242348,0.023076377018215768,0.0040658532471417146,0.043595637622122124,0.04153485299577449
Dew,64.75990668649754,0.8980224418690615,0.10197755813093846,0.3906096096096096,0.6093903903903903,1005.9954254440783,168.97131013931846,0.023075767494961583,0.004068219650819955,0.0435953181476512,0.04153446092942943
Dew,65.0919784292631,0.8972010518462551,0.10279894815374493,0.38961061061061064,0.6103893893893894,1005.6403391187954,169.98185103199177,0.023069387793748453,0.00409294966403293,0.04359198207207357,0.041530403494995
Bubble,65.13195629146037,0.8971021021021022,0.10289789789789783,0.3894913693399091,0.6105086306600909,1005.5974890453762,170.10368286665485,0.023068617487957094,0.004095930985598627,0.04359158018768769,0.04152991919657404
Dew,65.4288442873367,0.8963659405886277,0.10363405941137227,0.3886116116116116,0.6113883883883884,1005.2787202453262,171.00945293860286,0.02306288673415164,0.004118095357805108,0.04358859026770072,0.04152634606056056
Bubble,65.53473875102694,0.8961031031031031,0.10389689689689685,0.3883006271947622,0.6116993728052378,1005.1647397280184,171.33301069158418,0.023060836593494994,0.004126012480276362,0.043587522753253255,0.04152508299735153
Dew,65.7706484558838,0.8955166579302527,0.10448334206974731,0.38761261261261265,0.6123873873873873,1004.9103420486854,172.05467706367907,0.02305626002705229,0.004143670369735376,0.04358514090618373,0.04152228862612613
Bubble,65.93643663218434,0.8951041041041041,0.10489589589589587,0.3871334097527905,0.6128665902472095,1004.7311195484527,172.56259808288098,0.023053034268815283,0.004156097670254852,0.04358346531881883,0.04152034234371096
Dew,66.11754242423658,0.8946527299238356,0.10534727007616446,0.3866136136136136,0.6133863863863864,1004.5349654266839,173.11811423990488,0.023049503148117892,0.004169689056371648,0.04358163206258566,0.0415182311916917
Bubble,66.33705102183261,0.8941051051051051,0.1058948948948949,0.38598922575027494,0.614010774249725,1004.296625772632,173.79244185053648,0.023045210445195082,0.004186186473434712,0.043579407884384386,0.041515695240384745
Dew,66.46968550979709,0.8937736570574116,0.10622634294258837,0.38561461461461466,0.6143853853853853,1004.1523380139055,174.20038714164954,0.02304261131986899,0.004196166546882,0.043578061708138674,0.04151417375725726
Bubble,66.73658320371975,0.8931061061061062,0.10689389389389381,0.38486759796521886,0.6151324020347811,1003.8612557633793,175.0225397243753,0.023037365056108972,0.00421627882978133,0.04357535044994995,0.041511139749135735
Dew,66.82729447916178,0.892878912295053,0.10712108770494695,0.38461561561561564,0.6153843843843844,1003.7621207065048,175.30232558714314,0.023035577829375306,0.004223122966551639,0.04357442770228636,0.041510116322822824
Bubble,67.1350344077652,0.8921071071071072,0.10789289289289283,0.38376806272254904,0.616231937277451,1003.4250068416982,176.25288919024823,0.023029498034046948,0.004246374673300075,0.043571293015515516,0.041506673986747636
Dew,67.19045598907366,0.8919679389217561,0.10803206107824397,0.3836166166166166,0.6163833833833834,1003.3641641379904,176.42430609038638,0.023028400377283584,0.004250567527136196,0.04357072778393072,0.041506058888388396
Bubble,67.53240587054825,0.8911081081081081,0.10889189189189186,0.38269016942004047,0.6173098305799596,1002.9878763202086,177.48348777033613,0.02302160931128144,0.004276473938788937,0.04356723558108109,0.0415022961230995
Dew,67.55939907969065,0.8910401481639192,0.10895985183608083,0.38261761761761764,0.6173823823823823,1002.958107094097,177.56721197309733,0.023021071866907238,0.004278521655638857,0.04356695956176776,0.041502001453953954
Bubble,67.92869883498375,0.8901091091091091,0.10989089089089088,0.3816334800738799,0.6183665199261201,1002.5498615029624,178.7143330214911,0.023013698819862972,0.004306576561800905,0.04356317814664665,0.041498004379320066
Dew,67.93432111469292,0.8900949165614015,0.1099050834385985,0.3816186186186186,0.6183813813813814,1002.5436323449063,178.73182112572368,0.023013586280205344,0.004307004246804445,0.04356312050361413,0.04149794401951952
Dew,68.31543092236834,0.8891315830548117,0.1108684169451883,0.38061961961961965,0.6193803803803803,1002.1204029909455,179.9189583820034,0.0230059372228742,0.00433603533409847,0.04355920792457712,0.041493886585085085
Bubble,68.32391454998432,0.8891101101101102,0.11088988988988979,0.3805975688830582,0.6194024311169418,1002.1109596852392,179.94542253361857,0.02300576649161533,0.00433668247860721,0.04355912071221222,0.04149379702601854
Dew,68.70294976488402,0.8881494457510539,0.11185055424894608,0.37962062062062063,0.6203793793793794,1001.6880607461212,181.12949955724054,0.02299811789135902,0.00436563618759563,0.043555218973917904,0.04148982915065065
Bubble,68.71805427016226,0.8881111111111112,0.11188888888888882,0.3795820218115684,0.6204179781884316,1001.6711681533685,181.17675392817603,0.022997812258131446,0.004366791626163304,0.04355506327777778,0.04148967238158769
Dew,69.09711241644368,0.8871477583220849,0.11285224167791509,0.37862162162162166,0.6213783783783784,1001.2462240243226,182.3643759443553,0.022990121036084544,0.004395829422960247,0.043551150620425146,0.04148577171621622
Bubble,69.11111925554641,0.8871121121121122,0.11288788788788784,0.378586436187691,0.621413563812309,1001.2304841845537,182.40832485683327,0.022989836050769173,0.004396903942078619,0.04355100584334334,0.04148562881057631
Dew,69.49816836570749,0.8861257259849973,0.11387427401500275,0.37762262262262264,0.6223773773773773,1000.7944858016451,183.62457933272597,0.022981938920362988,0.004426639123093606,0.04354699963608807,0.041481714281781774
Bubble,69.50311077128532,0.8861131131131131,0.11388688688688686,0.3776104203194086,0.6223895796805914,1000.7889050466929,183.64013300001082,0.022981837800647126,0.004427019364583334,0.04354694840890891,0.041481664722127276
Bubble,69.89403008738843,0.8851141141141141,0.11488588588588589,0.37665359312539276,0.6233464068746073,1000.3464279982064,184.87217606569322,0.022973817438640562,0.004457137832501658,0.043542890974474474,0.041477778568478785
Dew,69.90638316051064,0.8850825010021068,0.11491749899789319,0.37662362362362367,0.6233763763763763,1000.332411221293,184.91116762611057,0.022973563274344133,0.004458090974296113,0.043542762577820054,0.04147765684734735
Bubble,70.28387847845521,0.8841151151151152,0.1158848848848848,0.3757155837806523,0.6242844162193477,999.9030502878704,186.10445178813885,0.02296577489537747,0.004487259285222551,0.043538833540040046,0.04147396884352511
Dew,70.32203991611436,0.8840171776291945,0.11598282237080546,0.37562462462462465,0.6243753753753754,999.8595349023876,186.22527114949827,0.022964985243259194,0.004490212419120693,0.04353843576694097,0.04147359941291292
Bubble,70.6726572234469,0.8831161161161162,0.11688388388388382,0.37479603137628714,0.6252039686237129,999.458769154658,187.33695792681402,0.022957710101234815,0.004517383662675784,0.04353477610560561,0.04147023408143479
Dew,70.74544101204272,0.8829287864268153,0.11707121357318477,0.3746256256256256,0.6253743743743744,999.3753579068011,187.5680997509933,0.02295619532907288,0.004523032828487371,0.043534015266072514,0.04146954197847848
Bubble,71.06036760543284,0.8821171171171172,0.11788288288288284,0.37389458459269337,0.6261054154073067,999.0135818275756,188.569692265275,0.02294962298633462,0.004547510905306648,0.04353071867117118,0.04146657285532322
Dew,71.17691000731199,0.8818162878336278,0.11818371216637222,0.37362662662662666,0.6263733733733734,998.8793443094974,188.9409508249752,0.022947183324491454,0.004556583696116823,0.04352949685303628,0.04146548454404404
Bubble,71.44701091135909,0.8811181181181181,0.11888188188188187,0.3730109013855269,0.626989098614473,998.5674855255038,189.80265261010834,0.02294151348054023,0.004577640954052022,0.04352666123673674,0.04146298377597732
Dew,71.6167938094724,0.8806785648812854,0.11932143511871465,0.37262762762762763,0.6273723723723723,998.3709173073355,190.34521840671638,0.022937938238070808,0.004590898858920359,0.043524875991265345,0.04146142710960961
Bubble,71.83258843185006,0.8801191191191192,0.11988088088088078,0.3721446486839263,0.6278553513160736,998.1204774570547,191.03583679003168,0.0229333815134529,0.00460777375032024,0.04352260380230231,0.04145946549062977
Dew,72.06546514006739,0.879514414906286,0.12048558509371395,0.37162862862862867,0.6283713713713713,997.8494547882435,191.78240351909906,0.022928448208916798,0.004626014747721419,0.04352014779614188,0.041457369675175174
Bubble,72.2171014609752,0.8791201201201202,0.1208798798798798,0.37129550210045553,0.6287044978995444,997.6725548204123,192.26924265494233,0.022925227014408012,0.004637909235969612,0.04351854636786787,0.04145601668178099
Dew,72.52332534767696,0.8783225400848076,0.12167745991519237,0.37062962962962964,0.6293703703703704,997.3142842666683,193.25412598858702,0.0229187004091603,0.00466197067356791,0.04351530699655444,0.041453312240740746
Bubble,72.60055129605763,0.8781211211211212,0.12187887887887883,0.370463145652142,0.629536854347858,997.2237148031871,193.50286807503835,0.0229170499124716,0.004668047353288663,0.04351448893343343,0.041452636066066174
Bubble,72.9829392374816,0.8771221221221221,0.12287787787787785,0.3696472714922372,0.6303527285077628,996.7739545822774,194.73671094005138,0.02290885013643703,0.004698188044978995,0.043510431498999004,0.041449322393165726
Dew,72.99080763057844,0.8771015365792002,0.12289846342079984,0.3696306306306307,0.6303693693693693,996.7646770711167,194.76213799382847,0.02290868093200193,0.004698809156013979,0.043510347890816425,0.041449254806306304
Bubble,73.3642665884875,0.8761231231231231,0.12387687687687687,0.36884757965217024,0.6311524203478298,996.3232713237178,195.97076915842013,0.02290062761482142,0.004728331254136648,0.04350637406456457,0.04144607444475729
Dew,73.46838074473595,0.8758498820390682,0.12415011796093174,0.36863163163163165,0.6313683683683684,996.1998416445672,196.30833966844034,0.02289837466263622,0.00473657630115839,0.04350526429590168,0.04144519737187188
Bubble,73.74453456579695,0.8751241241241242,0.12487587587587579,0.3680637777932093,0.6319362222067907,995.87166213023,197.20504018574582,0.022892382274659815,0.004758476912875189,0.043502316630130135,0.04144289103350712
Dew,73.95655328971068,0.8745659211410217,0.12543407885897828,0.3676326326326326,0.6323673673673673,995.6189157868255,197.89479715156796,0.022887765128753026,0.00477532223897133,0.04350004948871427,0.04144113993743744
Bubble,74.12374464561273,0.8741251251251252,0.1258748748748748,0.3672955809675016,0.6327044190324984,995.4191242439176,198.43952284787898,0.022884114046164354,0.00478862498631629,0.04349825919569569,0.04143977100209951
Dew,74.45585816980466,0.8732478487775197,0.12675215122248026,0.36663363363363366,0.6333663663663663,995.020994618655,199.5236882640865,0.022876835177006425,0.0048150998142696645,0.043494696137809895,0.041437082503003
Bubble,74.50189805897658,0.8731261261261262,0.12687387387387383,0.3665427113879978,0.6334572886120022,994.9656547507743,199.67421468692524,0.022875822855931906,0.0048187754085537654,0.043494201761261266,0.04143671322230236
Bubble,74.87899611874147,0.8721271271271271,0.12787287287287286,0.3658048982069293,0.6341951017930707,994.5112507719399,200.90911367868645,0.022867508631340114,0.004848928124093337,0.04349014432682683,0.04143371659406745
Dew,74.96693444525651,0.8718936904093131,0.12810630959068695,0.36563463463463464,0.6343653653653654,994.404982942838,201.1976058640909,0.022865563617919193,0.004855971909633049,0.043489196223597426,0.041433025068568566
Bubble,75.25504013977789,0.8711281281281281,0.12887187187187188,0.36508187730243846,0.6349181226975615,994.0559094170192,202.1442178144231,0.022859171299474238,0.004879083077762581,0.043486086892392396,0.041430780044663856
Dew,75.49042720236646,0.8705012789745659,0.12949872102543417,0.36463563563563567,0.6353643643643643,993.769775607834,202.91919472362306,0.02285392941837385,0.00489800268535859,0.0434835409445552,0.04142896763413413
Bubble,75.63003143881454,0.8701291291291292,0.1298708708708708,0.3643733910730941,0.6356266089269059,993.5996277839299,203.37952510032065,0.02285081078712356,0.0049092402146990385,0.043482029457957955,0.04142790252784337
Bubble,76.00397133430634,0.8691301301301302,0.13086986986986981,0.36367918823978745,0.6363208117602126,993.1424029587953,204.6150335570091,0.022842427020778728,0.004939399480339619,0.04347797202352353,0.0414250830230359
Dew,76.02706279436008,0.8690682275856715,0.1309317724143285,0.36363663663663665,0.6363633633633634,993.1141217392047,204.69143162888267,0.022841908634796397,0.004941264341723703,0.043477720606339205,0.041424910199699704
Bubble,76.37686135677198,0.8681311311311312,0.13186886886886884,0.36299902365491576,0.6370009763450842,992.6842321417361,205.8507423804871,0.022834019929525183,0.004969560848448056,0.04347391458908909,0.04142232053457444
Dew,76.57770183697414,0.8675918970348254,0.1324081029651746,0.3626376376376377,0.6373623623623623,992.436528993385,206.5178279393739,0.022829472275158694,0.004985842013193794,0.04347172448980695,0.04142085276526527
Bubble,76.74870243130057,0.8671321321321321,0.13286786786786786,0.36233265811840115,0.6376673418815988,992.2251121581362,207.08664744012725,0.022825589433801276,0.0049997242124326146,0.04346985715465466,0.04141961409094789
Bubble,77.11949606931168,0.8661331331331332,0.13386686686686677,0.36167985820025983,0.6383201417997402,991.7650401704955,208.3227478317602,0.02281713546177152,0.005029889543543009,0.04346579972022022,0.04141696274408036
Dew,77.14313206921895,0.8660693568503306,0.13393064314966938,0.36163863863863865,0.6383613613613613,991.7356366936482,208.40166731433396,0.02281659495971348,0.005031815369819279,0.043465540692847617,0.041416795330830834
Bubble,77.48924359507362,0.8651341341341342,0.1348658658658658,0.3610403960695684,0.6389596039304316,991.3040132166515,209.5590416314752,0.02280865793870529,0.005060056788366595,0.04346174228578579,0.041414365568636556
Dew,77.72438788760981,0.8644973382599325,0.13550266174006756,0.36063963963963963,0.6393603603603604,991.0096392487137,210.34719734234994,0.02280324175259861,0.005079287389029491,0.04345915593934272,0.0414127378963964
Bubble,77.85794633392332,0.8641351351351352,0.13586486486486482,0.3604140493294138,0.6395859506705862,990.8420283220239,210.7955269279104,0.022800156789558306,0.005090225893748607,0.04345768485135136,0.04141182166135141
Bubble,78.2256056121692,0.8631361361361362,0.13686386386386384,0.35980060085772925,0.6401993991422708,990.379082499504,212.0322018220828,0.02279163193896995,0.005120396806788778,0.04345362741691692,0.041409330140383664
Dew,78.32257580421131,0.8628721769132663,0.13712782308673363,0.35964064064064066,0.6403593593593593,990.2566003688817,212.35899210133076,0.02278937550327261,0.005128368973177105,0.04345255534653323,0.041408680461961965
Bubble,78.59222275698562,0.8621371371371371,0.13786286286286287,0.35919983865362276,0.6408001613463772,989.915172749339,213.26906442710836,0.022783083311260433,0.0051505694748353184,0.043449569982482485,0.041406890144691684
Dew,78.93894033874952,0.8611897424917003,0.13881025750829973,0.35864164164164164,0.6413583583583584,989.4743334951972,214.44220732069283,0.022774954236610842,0.005179185116070797,0.04344572213913004,0.04140462302752754
Bubble,78.95779909627839,0.8611381381381382,0.13886186186186178,0.3586115556891317,0.6413884443108683,989.4502960590033,214.506112867891,0.022774510830427714,0.0051807438454780615,0.04344551254804805,0.041404500833431404
Bubble,79.32233595861022,0.8601391391391392,0.1398608608608608,0.3580355497660581,0.6419644502339419,988.9844494030968,215.74334528102,0.02276591442014497,0.005210919866546642,0.04344145511361362,0.04140216138537484
Dew,79.57488968807463,0.8594453513401696,0.14055464865983033,0.35764264264264267,0.6423573573573573,988.660354510554,216.60268942922792,0.02275993023925867,0.005231877543850851,0.043438637294468105,0.04140056559309309
Bubble,79.68583467306526,0.8591401401401402,0.14085985985985983,0.35747162337775784,0.6425283766222422,988.51762974321,216.98075981444467,0.022757294003757398,0.005241097486103252,0.04343739767917919,0.04139987099834876
Bubble,80.0482965691694,0.8581411411411412,0.14185885885885885,0.35691958357566755,0.6430804164243324,988.0498340278243,218.21835462739972,0.022748649504279704,0.005271276652441423,0.043433340244744746,0.04139762888869257
Dew,80.2320279110058,0.8576336568285574,0.14236634317144264,0.35664364364364365,0.6433563563563564,987.811822344171,218.8471123972781,0.02274424891178593,0.0052866080288345085,0.04343127909720919,0.04139650815865866
Bubble,80.40972297678657,0.8571421421421422,0.14285785785785776,0.3563792418403593,0.6436207581596407,987.5810591921844,219.45612789021428,0.022739980844393038,0.005301457314081961,0.04342928281031031,0.04139543429073462
Bubble,80.77011522603512,0.8561431431431432,0.14385685685685679,0.35585041395697237,0.6441495860430276,987.1113021582033,220.69407778424514,0.022731287946442663,0.005331639419771878,0.04342522537587588,0.041393286456286246
Dew,80.91218613971247,0.8557485100824079,0.14425148991759207,0.3556446446446447,0.6443553553553554,986.9254821885424,221.18311491277723,0.022727847740328593,0.005343561713376241,0.0434236225736997,0.041392450724224226
Bubble,81.12947464717807,0.8551441441441442,0.1448558558558558,0.3553329198948559,0.6446670801051442,986.6405598343235,221.93220250168503,0.02272257073243457,0.005361822918480242,0.04342116794144145,0.04139118465415296
Bubble,81.48780257054845,0.8541451451451452,0.14585485485485483,0.35482658369121534,0.6451734163087847,986.1688291154238,223.17050024554283,0.022713829124033205,0.005392007759398185,0.04341711050700701,0.04138912816966187
Dew,81.61750820420369,0.8537827806623012,0.1462172193376988,0.35464564564564566,0.6453543543543543,985.9975036541239,223.61964973959812,0.02271065292904156,0.005402955562296819,0.04341563876365994,0.04138839328978979
Bubble,81.84510032645852,0.8531461461461461,0.14685385385385386,0.3543312333386666,0.6456687666613334,985.6961068826977,224.40896922956188,0.022705063042558486,0.005422193891937371,0.04341305307257257,0.041387116304204996
Bubble,82.20136924511955,0.8521471471471472,0.14785285285285277,0.35384670067649815,0.6461532993235019,985.2223900035424,225.64760767817972,0.022696272408983097,0.005452381265729444,0.04340899563813814,0.04138514837479759
Dew,82.35047439067375,0.8517281221406502,0.1482718778593498,0.3536466466466467,0.6463533533533533,985.0234410808683,226.16710601112777,0.022692578955598147,0.005465041333552306,0.04340729376807425,0.04138433585535536
Bubble,82.55661065655633,0.8511481481481482,0.1488518518518518,0.3533728212855171,0.6466271787144828,984.7476753314514,226.8864138264849,0.02268745714392985,0.00548256983062539,0.04340493820370371,0.04138322371365113
Bubble,82.91082589053461,0.8501491491491492,0.14985085085085081,0.35290943438638306,0.647090565613617,984.2719597058976,228.12538592025885,0.02267861716766882,0.005512759536696912,0.04340088076926927,0.041381341667760294
Dew,83.11401924908051,0.8495746603441634,0.15042533965583663,0.35264764764764767,0.6473523523523523,983.9980119095003,228.8377990735262,0.022673524091911746,0.005530117432893614,0.043398547482987826,0.04138027842092092
Bubble,83.26401627647469,0.8491501501501502,0.15084984984984984,0.35245638274118946,0.6475436172588105,983.7952399522231,229.36452221589394,0.022669752400114644,0.0055429503342348104,0.043396823334834835,0.041379501598503336
Bubble,83.61618314338294,0.8481511511511511,0.15184884884884886,0.35201351255833113,0.6479864874416689,983.3175128815292,230.603820980511,0.02266086276082382,0.005573142173752131,0.0433927659004004,0.04137770288125566
Dew,83.91164800986667,0.8473105705792616,0.1526894294207384,0.35164864864864864,0.6483513513513514,982.9148804604376,231.64647080952088,0.022653366271160248,0.0055985410287995325,0.04338935188240768,0.04137622098648649
Bubble,83.96732781978056,0.8471521521521522,0.15284784784784777,0.351580673400348,0.6484193265996521,982.8387752905688,231.84328049195207,0.02265194816899208,0.005603335005984322,0.043388708465965965,0.04137594490501552
Bubble,84.3174516336289,0.8461531531531532,0.1538468468468468,0.35115771809478835,0.6488422819052116,982.3590239616309,233.08289903883073,0.022643008543451512,0.005633528781890719,0.04338465103153153,0.04137422707204199
Bubble,84.66655591226107,0.8451541541541542,0.15484584584584582,0.35074450264794854,0.6492554973520515,981.8782556624317,234.3226749206479,0.02263404380266793,0.005663723452657597,0.043380593597097096,0.04137254879750464
Dew,84.7476059876391,0.8449214913099,0.15507850869009995,0.3506496496496497,0.6493503503503504,981.7663417788523,234.61101403656406,0.022631956980455684,0.005670745590604419,0.04337964863695516,0.04137216355205206
Bubble,85.01464198232014,0.8441551551551552,0.15584484484484484,0.3503408861612501,0.64965911383875,981.3964671460093,235.56260644783777,0.02262505386473825,0.005693918969699543,0.04337653616266266,0.04137090950914392
Bubble,85.3617111696717,0.8431561561561562,0.15684384384384376,0.3499467307503989,0.650053269249601,980.913655150598,236.80269194183504,0.022616038647387406,0.005724115284661281,0.043372478728228234,0.04136930864694274
Dew,85.62711836169933,0.8423896895751251,0.157610310424875,0.34965065065065065,0.6503493493493493,980.5428731232544,237.75349896296927,0.02260911260170683,0.005747265738658415,0.04336936572420937,0.04136810611761761
Bubble,85.70776479937706,0.8421571571571572,0.15784284284284278,0.34956190146694177,0.6504380985330582,980.4298163995413,238.0429297352757,0.022606998067966216,0.0057543123494227565,0.0433684212937938,0.041367745662807986
Bubble,86.05280419559442,0.8411581581581582,0.1588418418418418,0.349186266222461,0.650813733777539,979.944947601163,239.28331817207058,0.022597932043448173,0.005784510116101055,0.043364363859359364,0.04136622002026253
Bubble,86.3968306815303,0.8401591591591592,0.15984084084084083,0.34881969571494414,0.6511803042850559,979.4590454486575,240.52385560750122,0.0225888404904268,0.005814708537052916,0.04336030642492493,0.04136473119414624
Dew,86.55707258636646,0.839692836087941,0.16030716391205904,0.3486516516516517,0.6513483483483483,979.2318763757067,241.1029774264542,0.022584587879451664,0.00582880508803956,0.04335841245377118,0.041364048683183184
Bubble,86.73984494495429,0.8391601601601602,0.16083983983983985,0.34846206335754537,0.6515379366424546,978.9721062063873,241.7645361676941,0.022579723315573473,0.005844907462355782,0.0433562489904905,0.04136327867032667
Bubble,87.0818502737016,0.8381611611611612,0.16183883883883876,0.34811324520956116,0.6518867547904388,978.484127819249,243.00537138060943,0.022570580464289364,0.005875107162759762,0.043352191556056054,0.04136186194541863
Bubble,87.42284596525616,0.8371621621621622,0.16283783783783778,0.34777311990945653,0.6522268800905435,977.995105615772,244.2463461146563,0.022561411821598053,0.00590530726445727,0.043348134121621626,0.04136048052651226
Dew,87.54548769697836,0.8368021406386466,0.16319785936135342,0.34765265265265266,0.6523473473473473,977.8186143110166,244.6936064532528,0.022558101270094656,0.005916190962943094,0.04334667189420387,0.04135999124874875
Bubble,87.76283402956574,0.8361631631631632,0.1638368368368368,0.34744156860995745,0.6525584313900425,977.5050366781226,245.4874633925972,0.02255221731293863,0.005935507832506487,0.04334407668718719,0.04135913393090934
Bubble,88.10181578430304,0.8351641641641642,0.16483583583583583,0.3471184749151731,0.6528815250848269,977.0139176222863,246.72872163005343,0.022542996852965885,0.005965708820548471,0.04334001925275276,0.041357821685867976
Bubble,88.43979254586046,0.8341651651651653,0.16583483483483474,0.34680372481954735,0.6531962751804526,976.5217450484657,247.97011925520792,0.022533750355938457,0.005995910182493331,0.043335961818318315,0.04135654332835459
Dew,88.60377680216376,0.8336793845847057,0.1663206154152943,0.3466536536536537,0.6533463463463463,976.2820359874393,248.5738201966697,0.02252924465439003,0.006010596237839807,0.04333398882049078,0.041355933814314315
Bubble,88.77676562929312,0.8331661661661662,0.16683383383383377,0.34649720664869493,0.6535027933513051,976.0285155409714,249.21165470901389,0.022524477735716097,0.006026111872525297,0.04333190438388389,0.041355298404803675
Bubble,89.1127363482608,0.8321671671671672,0.1678328328328328,0.34619881100200495,0.6538011889979951,975.534225668102,250.45332644540863,0.022515178905756765,0.006056313845107916,0.04332784694944945,0.04135408647088465
Bubble,89.44770601498828,0.8311681681681682,0.1688318318318318,0.3459084306969268,0.6540915693030732,975.0388719820432,251.69513293157056,0.02250585377911407,0.006086516054990289,0.04332378951501502,0.04135290709127557
Dew,89.74727527766177,0.830271929925251,0.16972807007474902,0.34565465465465467,0.6543453453453454,974.5937318154971,252.8089430943507,0.02249746929172179,0.006113602700199527,0.04332014944339141,0.04135187637987988
Bubble,89.78167594020591,0.8301691691691692,0.16983083083083084,0.3456259607149731,0.6543740392850269,974.5424510187488,252.93707264816203,0.02249650226843434,0.006116718457212914,0.043319732080580584,0.04135175983944386
Bubble,90.11464743310671,0.8291701701701703,0.17082982982982975,0.3453512981492459,0.6546487018507541,974.0449592978295,254.17914408957313,0.022487124285953872,0.006146921007113577,0.04331567464614615,0.04135064429743316
Bubble,90.44662180129107,0.8281711711711712,0.17182882882882877,0.3450843421535571,0.6549156578464429,973.5463933224407,255.42134576417234,0.022477719743496164,0.0061771236603333675,0.043311617211711714,0.041349560055656674
Bubble,90.77760035073484,0.8271721721721722,0.1728278278278278,0.34482499389302945,0.6551750061069705,973.0467495791733,256.663676194645,0.022468288552469167,0.006207326372824812,0.04330755977727728,0.04134850671269654
Dew,90.99851357645954,0.8265037090496107,0.17349629095038935,0.3446556556556557,0.6553443443443443,972.7118179119278,257.49503181817323,0.022461962906991168,0.006227536019684949,0.043304844814305,0.041347818945445446
Bubble,91.10758438571052,0.8261731731731732,0.17382682682682682,0.3445731564961309,0.655426843503869,972.5460245379238,257.9061339181256,0.022458830623862117,0.0062375291008550035,0.04330350234284284,0.04134748387510903
Bubble,91.43657520877491,0.8251741741741743,0.17482582582582573,0.34432873500808986,0.6556712649919101,972.0442146518031,259.1487174866254,0.022449345868243216,0.006267731801015868,0.04329944490840841,0.041346491157235356
Bubble,91.76457412070357,0.8241751751751752,0.17582482482482475,0.34409163634569784,0.6559083636543022,971.5413163570023,260.3914254672532,0.022439834195756347,0.006297934430229392,0.04329538747397398,0.041345528181018054
Bubble,92.0915824204514,0.8231761761761762,0.17682382382382378,0.3438617692533454,0.6561382307466546,971.0373260726905,261.63425644250407,0.02243029551611851,0.00632813694575452,0.04329133003953955,0.041344594575822464
Dew,92.39147457932297,0.8222573478096266,0.1777426521903734,0.3436566566566567,0.6563433433433433,970.5728144396353,262.7774567477644,0.022421498405821937,0.006355915551558591,0.043287598218128796,0.04134376151101101
Bubble,92.41760140510593,0.8221771771771772,0.1778228228228228,0.3436390442604072,0.6563609557395929,970.5322402008866,262.8772090105978,0.022420729738616668,0.006358339305195181,0.0432872726051051,0.04134368997826365
Bubble,92.74263236984262,0.8211781781781782,0.17882182182182182,0.34342337363972464,0.6565766263602754,970.0260551263576,264.1202817857275,0.022411136772105166,0.0063885414665062,0.04328321517067067,0.041342814032037746
Bubble,93.06667660788315,0.8201791791791793,0.17982082082082074,0.34321467136739453,0.6567853286326055,969.5187672164844,265.36347339842615,0.02240151652500246,0.006418743388001981,0.043279157736236244,0.04134196638775867
Bubble,93.38973541044722,0.8191801801801802,0.18081981981981976,0.34301285308359125,0.6569871469164088,969.0103728211577,266.6067824958382,0.022391868905288517,0.00644894502836293,0.04327510030180181,0.04134114670279901
Bubble,93.7118100667144,0.8181811811811812,0.18181881881881878,0.3428178360545525,0.6571821639454475,968.5008682726533,267.8502077420728,0.022382193820501682,0.006479146346643806,0.04327104286736737,0.041340354641135564
Dew,93.98428427852488,0.81733363956088,0.18266636043911996,0.34265765765765765,0.6573423423423423,968.0677368545898,268.9052076323983,0.02237396398097192,0.006504768566661371,0.043267600577076515,0.04133970407657658
Bubble,94.03290186377978,0.8171821821821822,0.1828178178178178,0.3426295391355936,0.6573704608644064,967.9902498855154,269.09374781850687,0.0223724911777358,0.006509347302280869,0.04326698543293293,0.04133958987319922
Bubble,94.35301208660375,0.8161831831831833,0.18381681681681672,0.3424478827351839,0.6575521172648161,967.4785139564334,270.33740142409613,0.022362760883637166,0.006539547855099193,0.0432629279984985,0.04133885207572895
Bubble,94.67214201797957,0.8151841841841843,0.18481581581581574,0.34227278877998263,0.6577272112200174,966.9656567641216,271.5811672757252,0.022353002844401525,0.006569747965320925,0.04325887056406407,0.0413381409316299
Bubble,94.99029293848481,0.8141851851851852,0.18581481481481477,0.3421041806808969,0.6578958193191031,966.4516745691985,272.82504410854375,0.022343216965771084,0.006599947593573164,0.04325481312962963,0.041337456129835456
Bubble,95.30746612644288,0.8131861861861862,0.1868138138138138,0.3419419832999863,0.6580580167000136,965.9365636140711,274.0690306762716,0.022333403153031586,0.006630146700895131,0.043250755695195195,0.04133679736517289
Bubble,95.62366285787272,0.8121871871871872,0.1878128128128128,0.34178612291839844,0.6582138770816015,965.4203201227956,275.3131257515487,0.022323561311008915,0.006660345248746343,0.04324669826076077,0.041336164338233075
Dew,95.89146491560354,0.8113386388781596,0.18866136112184045,0.3416586586586587,0.6583413413413413,964.9809469461441,276.36990628725823,0.022315179940299513,0.006685994504450214,0.043243251881803654,0.041335646642142135
Bubble,95.93888440645563,0.8111881881881883,0.18881181181181173,0.34163652720504195,0.6583634727949581,964.9029403009685,276.5573281262586,0.02231369134406636,0.0066905431990142055,0.04324264082632633,0.04133555675524328
Bubble,96.25313204348687,0.8101891891891893,0.18981081081081075,0.34149312518623626,0.6585068748137637,964.3844203355922,277.80163661188675,0.022303793156101263,0.0067207405140223605,0.04323858339189189,0.0413349743279439
Bubble,96.56640703783685,0.8091901901901902,0.19080980980980977,0.3413558472160676,0.6586441527839324,963.8647563949538,279.0460500398194,0.022293866650542015,0.0067509371565376685,0.043234525957457456,0.041334416773468066
Bubble,96.87871065590407,0.8081911911911912,0.1918088088088088,0.3412246249476588,0.6587753750523412,963.3439446284945,280.29056726170245,0.022283911730344805,0.006781133089778546,0.04323046852302302,0.04133388381422492
Bubble,97.19004416157524,0.8071921921921922,0.19280780780780782,0.3410993913051168,0.6589006086948832,962.8219811666828,281.5351871497631,0.022273928297990474,0.006811328277422448,0.043226411088588594,0.041333375177785736
Bubble,97.50040881618466,0.8061931931931933,0.19380680680680673,0.34098008045625117,0.6590199195437488,962.2988621208855,282.77990859712963,0.022263916255481325,0.006841522683613297,0.04322235365415416,0.04133289059677306
Bubble,97.80980587846189,0.8051941941941942,0.19480580580580575,0.3408666277860963,0.6591333722139037,961.7745835832334,284.02473051817736,0.022253875504337748,0.006871716272969454,0.04321829621971972,0.041332429808753235
Bubble,98.11823660449762,0.8041951951951952,0.19580480480480478,0.340758969871,0.6592410301289999,961.249141626493,285.2696518488274,0.022243805945595045,0.006901909010590667,0.04321423878528529,0.04133199255613106
Dew,98.41760568005407,0.8032225448752377,0.19677745512476225,0.34065965965965966,0.6593403403403404,960.7364371027269,286.48183707701884,0.02223397420921732,0.006931304664752507,0.04321028836601078,0.041331589207707714
Bubble,98.42570224769153,0.8031961961961962,0.1968038038038038,0.3406570444535301,0.6593429555464698,960.7225323039305,286.51467154688254,0.02223370747980008,0.00693210086206577,0.043210181350850856,0.04133157858604801
Bubble,98.73220405871614,0.8021971971971973,0.1978028028028027,0.3405607904179311,0.6594392095820689,960.1947516491822,287.75978859233913,0.022223580007008,0.0069622917934799,0.04320612391641642,0.04133118765028243
Bubble,99.03774328546193,0.8011981981981983,0.19880180180180174,0.34047014776627677,0.6595298522337232,959.6657956761075,289.0050019876404,0.022213423426778654,0.006992481771420237,0.043202066481981986,0.04133081950515273
Bubble,99.34232117300132,0.8001991991991992,0.19980080080080076,0.34038505759529714,0.6596149424047029,959.135660378667,290.25031075809613,0.022203237638173497,0.007022670762985711,0.04319800904754755,0.041330473911423304
Bubble,99.64593963993302,0.7992002002002002,0.20079979979979978,0.34030546207366535,0.6596945379263346,958.604342230881,291.49571996191673,0.02219302255133011,0.0070528588812019235,0.043193951613113124,0.041330150634212186
Bubble,99.94859865000932,0.7982012012012012,0.2017987987987988,0.3402313044200273,0.6597686955799726,958.0718362451973,292.74121738710033,0.0221827780425117,0.007083045821193434,0.04318989417867868,0.04132984944290194
Bubble,100.25030004725406,0.7972022022022023,0.20279779779779772,0.34016252888147763,0.6598374711185224,957.5381388029347,293.986807490795,0.02217250401963218,0.007113231681356848,0.04318583674424425,0.04132957011105212
Bubble,100.55104506588263,0.7962032032032033,0.20379679679679674,0.3400990807126719,0.6599009192873281,957.0032458177559,295.2324894024042,0.022162200379740926,0.007143416431139628,0.04318177930980981,0.041329312416314525
Bubble,100.85083493715302,0.7952042042042042,0.20479579579579577,0.34004090615541327,0.6599590938445867,956.4671531827938,296.47826227665985,0.022151867019373134,0.007173600040558457,0.04317772187537538,0.04132907614035021
Bubble,101.14967088929326,0.7942052052052052,0.2057947947947948,0.33998795241881463,0.6600120475811854,955.9298567704882,297.7241252938446,0.022141503834545818,0.007203782480204127,0.043173664440940944,0.04132886106874902
Bubble,101.44755414748434,0.7932062062062063,0.2067937937937937,0.3399401676598983,0.6600598323401017,955.3913524324616,298.9700776602331,0.02213111072075466,0.0072339637212517766,0.04316960700650651,0.04132866699095068
Bubble,101.74448593380765,0.7922072072072073,0.20779279279279272,0.33989750096473315,0.6601024990352669,954.8516359993703,300.21611860840125,0.022120687572970348,0.007264143735467884,0.043165549572072075,0.041328493700168265
Bubble,102.04046701567131,0.7912082082082083,0.20879179179179175,0.3398599023300529,0.6601400976699471,954.3107029380265,301.4622431389861,0.022110234277694246,0.007294322392175372,0.04316149213763764,0.04132834099331351
Bubble,102.33549946046195,0.7902092092092092,0.20979079079079077,0.33982732264530396,0.6601726773546961,953.7685496818881,302.70845853473276,0.022099750743783158,0.007324499857834405,0.043157434703203205,0.041328208670923905
Bubble,102.62958407488773,0.7892102102102102,0.2107897897897898,0.3397997136751349,0.660200286324865,953.2251716907834,303.95476030890546,0.022089236857497533,0.007354676014079406,0.04315337726876877,0.04132809653709156
Bubble,102.92272206757202,0.7882112112112113,0.2117887887887887,0.3397770280423821,0.6602229719576179,952.6805647095251,305.2011477953104,0.02207869251165966,0.007384850834940984,0.043149319834334336,0.04132800439939413
Bubble,103.21491464376288,0.7872122122122123,0.21278778778778773,0.33975921921139174,0.6602407807886083,952.1347244611785,306.44762035488156,0.022068117598547442,0.007415024295058538,0.04314526239989991,0.04132793206882707
Bubble,103.50616378528866,0.7862132132132132,0.21378678678678675,0.3397462414718353,0.6602537585281647,951.587647248883,307.6941850144251,0.022057512023844233,0.007445196554512416,0.04314120496546546,0.041327879359737855
Bubble,103.79646921839071,0.7852142142142142,0.21478578578578578,0.33973804992286183,0.6602619500771382,951.039327617859,308.9408268387016,0.022046875652445997,0.007475367241924485,0.04313714753103103,0.041327846089761706
Bubble,104.08583283946469,0.7842152152152152,0.2157847847847848,0.3397346004576703,0.6602653995423298,950.4897617647118,310.18755209267016,0.022036208387483693,0.007505536498842651,0.0431330900965966,0.04132783207975883
Bubble,104.3742558406552,0.7832162162162163,0.2167837837837837,0.3397358497484558,0.6602641502515443,949.9389453247165,311.4343602598595,0.022025510119036685,0.00753570430267666,0.04312903266216217,0.041327837153753356
Bubble,104.66173941053904,0.7822172172172173,0.21778278278278274,0.3397417552317059,0.6602582447682941,949.3868739106684,312.68125085304837,0.022014780736621702,0.00756587063149358,0.04312497522772773,0.04132786113887357
Bubble,104.94828473407526,0.7812182182182182,0.21878178178178176,0.3397522750938626,0.6602477249061374,948.8335431127198,313.92822341449767,0.022004020129188763,0.007596035464022839,0.0431209177932933,0.04132790386529372
Bubble,105.23389299253523,0.7802192192192192,0.21978078078078078,0.3397673682573496,0.6602326317426503,948.2789484981968,315.1752775160826,0.021993228185116728,0.007626198779658812,0.04311686035885886,0.04132796516617722
Bubble,105.51856577420337,0.7792202202202203,0.2207797797797797,0.3397869943668892,0.6602130056331108,947.723085935989,316.4224170034784,0.02198240479973714,0.007656360661155282,0.04311280292442443,0.04132804487762112
Bubble,105.802303478169,0.7782212212212213,0.22177877877877872,0.3398111137761915,0.6601888862238086,947.1659503364468,317.66963354061664,0.021971549846106803,0.007686520896455612,0.04310874548998999,0.041328142838602006
Bubble,106.08510764344271,0.7772222222222223,0.22277777777777774,0.3398396875349537,0.6601603124650464,946.6075374881466,318.91693057541437,0.021960663217608947,0.007716679558583026,0.043104688055555555,0.04132825889092322
Bubble,106.36697943658058,0.7762232232232232,0.22377677677677676,0.33987267737612487,0.6601273226238751,946.047842865961,320.16430780722845,0.02194974480030827,0.007746836629803921,0.04310063062112113,0.04132839287916313
Bubble,106.6479200202179,0.7752242242242242,0.2247757757757758,0.3399100457035398,0.6600899542964602,945.486861921132,321.41176496650246,0.021938794479678256,0.007776992093082146,0.04309657318668669,0.041328544650624924
Bubble,106.9279305530215,0.7742252252252253,0.2257747747747747,0.33995175557978613,0.6600482444202138,944.9245900811067,322.6593018149689,0.021927812140597053,0.00780714593208327,0.04309251575225225,0.0413287140552873
Bubble,107.20701218961935,0.7732262262262263,0.22677377377377372,0.339997770714403,0.6600022292855969,944.3610227493468,323.90691814569624,0.021916797667342794,0.007837298131175043,0.04308845831781782,0.041328900945756544
Bubble,107.48516608054663,0.7722272272272273,0.22777277277277275,0.34004805545230893,0.6599519445476911,943.796155305157,325.15461378320344,0.021905750943589337,0.007867448675429522,0.04308440088338339,0.04132910517721956
Bubble,107.76239337217416,0.7712282282282282,0.22877177177177177,0.3401025747625423,0.6598974252374576,943.2299831034928,326.4023885834705,0.02189467185240152,0.00789759755062265,0.043080343448948955,0.04132932660739807
Bubble,108.03869589586463,0.7702292292292293,0.22977077077077068,0.3401612942272256,0.6598387057727744,942.6625020362926,327.6502500703836,0.02188356028926596,0.007927744928003124,0.04307628601451451,0.04132956509650388
Bubble,108.31407348880616,0.7692302302302303,0.2307697697697697,0.34022418003083393,0.6597758199691661,942.0937063517429,328.89818381841144,0.02187241611146723,0.00795789044767694,0.04307222858008008,0.041329820507195233
Bubble,108.58852790442035,0.7682312312312313,0.23176876876876873,0.3402911989496332,0.6597088010503668,941.5235918340362,330.14619659579125,0.02186123921190064,0.007988034262492085,0.043068171145645644,0.04133009270453394
Bubble,108.8620602726313,0.7672322322322322,0.23276776776776775,0.34036231834146113,0.6596376816585389,940.9521537396381,331.3942883966714,0.02185002947116668,0.008018176361331283,0.043064113711211216,0.041330381555943846
Bubble,109.13467171892995,0.7662332332332332,0.23376676676676678,0.3404375061356639,0.6595624938643361,940.3793872997711,332.64245924767084,0.021838786769234626,0.00804831673380209,0.043060056276776774,0.04133068693117
Bubble,109.40636336431048,0.7652342342342343,0.2347657657657657,0.34051673082326683,0.6594832691767332,939.8052877202223,333.89070920783126,0.02182751098543774,0.008078455370235037,0.04305599884234235,0.0413310087022387
Bubble,109.67713632518513,0.7642352352352353,0.2357647647647647,0.3405999614474117,0.6594000385525882,939.2298501811382,335.1390383684621,0.021816201998468246,0.008108592261679143,0.043051941407907905,0.041331346743418665
Bubble,109.94699171330853,0.7632362362362363,0.23676376376376373,0.34068716759398576,0.6593128324060142,938.6530698368125,336.38744685297746,0.02180485968637203,0.008138727399897249,0.04304788397347348,0.04133170093118297
Bubble,110.21593063569703,0.7622372372372372,0.23776276276276276,0.3407783193824513,0.6592216806175487,938.0749418154782,337.6359348166561,0.021793483926543598,0.008168860777359463,0.04304382653903904,0.041332071144171825
Bubble,110.48395419454955,0.7612382382382383,0.23876176176176167,0.34087338745687373,0.6591266125431263,937.495461219093,338.8845024463864,0.021782074595720707,0.008198992387236296,0.04303976910460461,0.0413324572631561
Bubble,110.75106348715197,0.7602392392392393,0.2397607607607607,0.3409723429772318,0.6590276570227682,936.9146231231144,340.1331499603055,0.02177063156997886,0.008229122223389118,0.043035711670170174,0.041332859171002025
Bubble,111.01726103946194,0.7592402402402403,0.24075975975975972,0.34107515761075347,0.6589248423892465,936.3324237897203,341.381894935814,0.021759154752924666,0.00825925069959623,0.043031654235735746,0.041333276752636074
Bubble,111.28254523033304,0.7582412412412413,0.24175875875875874,0.3411818035236459,0.6588181964763541,935.7488559531093,342.63070507105886,0.02174764396613499,0.008289377022806563,0.043027596801301304,0.04133370989501129
Bubble,111.54691843344168,0.7572422422422422,0.24275775775775776,0.3412922533728127,0.6587077466271873,935.1639156974696,343.8795961689625,0.021736099108983456,0.008319501563737,0.04302353936686687,0.04133415848707368
Bubble,111.810381727205,0.7562432432432433,0.24375675675675668,0.341406480297948,0.658593519702052,934.5775979915801,345.12856859455576,0.021724520054877766,0.008349624319534527,0.043019481932432435,0.04133462241973013
Bubble,112.07293618481948,0.7552442442442443,0.2447557557557557,0.3415244579136036,0.6584755420863964,933.9898977767127,346.37762274415536,0.021712906676538364,0.00837974528803415,0.043015424497998,0.041335101585816096
Bubble,112.3345828741315,0.7542452452452453,0.24575475475475472,0.34164616030158373,0.6583538396984163,933.4008099663706,347.62675904466585,0.021701258845992066,0.008409864467741167,0.043011367063563566,0.041335595880064885
Bubble,112.59532285754447,0.7532462462462463,0.24675375375375375,0.3417715620034473,0.6582284379965526,932.8103294460462,348.8759779529579,0.021689576434566083,0.008439981857815379,0.04300730962912913,0.041336105199077
Bubble,112.62964917026076,0.45054954954954957,0.5494504504504505,0.41763778946087887,0.5823622105391212,456.04741590073564,410.92169241086657,0.010915994809168078,0.009867432640047859,0.0417779069954955,0.04164423588189537
Bubble,112.82423633885492,0.4485515515515516,0.5514484484484484,0.4209008819306454,0.5790991180693545,454.3335973063509,416.3270771543463,0.010877085428843464,0.009994051197716895,0.041769792126626626,0.04165748893196131
Bubble,112.85515719190184,0.7522472472472473,0.24775275275275266,0.3419006380131395,0.6580993619868605,932.2184510729617,350.1252799550444,0.021677859312881673,0.008470097458050389,0.0430032521946947,0.04133662944129037
Bubble,112.93441819533777,0.4495505505505506,0.5504494494494494,0.4190606657457977,0.5809393342542022,456.6045496865067,414.6852491264746,0.010930391967326002,0.009956424990065117,0.04177384956106106,0.04165001489392655
Bubble,113.11409306242147,0.7512482482482483,0.24875175175175168,0.3420333637698791,0.6579666362301209,931.6251750162334,351.3747446876685,0.021666107475045993,0.008500213182927138,0.04299919476026026,0.04133716850695136
Bubble,113.37211994439896,0.7502492492492493,0.2497507507507507,0.34216971515094413,0.6578302848490558,931.0304860237986,352.62422416795795,0.021654320556491347,0.008530325440409879,0.04299513732582583,0.04133772229808556
Bubble,113.62924439021259,0.7492502502502503,0.25074974974974973,0.3423096684650664,0.6576903315349336,930.4343836498716,353.87378952771013,0.021642498536915872,0.008560435939108421,0.04299107989139139,0.041338290718470866
Bubble,113.8854619491574,0.7482512512512512,0.25174874874874875,0.3424532004454946,0.6575467995545055,929.836857810771,355.12336888097656,0.021630641171805274,0.008590542927822593,0.04298702245695696,0.041338873673609375
Bubble,114.12358901924117,0.44755255255255255,0.5524474474474474,0.41877599172768354,0.5812240082723165,461.6039354720882,421.77027768728004,0.011052216341315355,0.01012681477834775,0.0417657346921922,0.04164885869040199
Bubble,114.14078401143962,0.7472522522522523,0.25274774774774766,0.34260028824356353,0.6573997117564365,929.2379123190526,356.3730992212059,0.021618748539849308,0.008620649708161851,0.042982965022522523,0.04133947107070124
Bubble,114.39520667590489,0.7462532532532533,0.2537467467467467,0.34275090942206915,0.6572490905779309,928.6375375410431,357.6229166517452,0.021606820406910986,0.008650754722017338,0.04297890758808809,0.041340082818617736
Bubble,114.64873866091804,0.7452542542542543,0.2547457457457457,0.3429050419491315,0.6570949580508685,928.035734981219,358.87292622530725,0.021594856797943218,0.008680860498050197,0.04297485015365366,0.041340708827876396
Bubble,114.90136645350461,0.7442552552552553,0.25574474474474473,0.34306266419170073,0.6569373358082993,927.4324863724394,360.1229328451959,0.021582857277790777,0.008710962304416642,0.04297079271921922,0.04134134901061459
Bubble,114.97932038840864,0.4465535535535536,0.5534464464464464,0.41731476101560777,0.5826852389843923,465.78888315683116,425.15751510971586,0.011153500379832208,0.01020959806068459,0.04176167725775776,0.0416429239018649
Bubble,115.15309797875395,0.7432562562562562,0.25674374374374376,0.34322375490989476,0.6567762450901052,926.8277924430495,361.37303030805083,0.021570821853231517,0.008741062397378308,0.042966735284784785,0.041342003280566544
Bubble,115.4039342450578,0.7422572572572573,0.25774274274274267,0.3433882932508201,0.6566117067491799,926.2216477662508,362.6232195740703,0.021558750387778672,0.008771160787441218,0.04296267785035035,0.04134267155303821
Bubble,115.65387625500634,0.7412582582582583,0.2587417417417417,0.3435562587428028,0.6564437412571972,925.6140468850621,363.8735016418435,0.02154664274419128,0.0088012574859598,0.04295862041591592,0.04134335374488389
Bubble,115.79310844302535,0.44555455455455456,0.5544454454454455,0.41574671895069404,0.5842532810493061,469.6295454106987,428.0711204669344,0.01124655924829297,0.01028113678935942,0.04175761982332332,0.041636555299018246
Bubble,115.90292500530141,0.7402592592592593,0.2597407407407407,0.3437276312897096,0.6562723687102904,925.0049843120698,365.1238775481918,0.021534498784468063,0.00883135250513219,0.04295456298148149,0.04134404977448315
Bubble,116.06118807280355,0.4445555555555556,0.5554444444444444,0.4170754197640918,0.5829245802359082,469.85432236155077,431.46570116384447,0.011253035561022797,0.010361322712636371,0.041753562388888894,0.04164195181737186
Bubble,116.1510814866923,0.7392602602602603,0.26073973973973974,0.34390239116533844,0.6560976088346615,924.3944545292014,366.37434836809825,0.021522318369841767,0.008861445857997731,0.042950505547047046,0.04134475956171802
Bubble,116.39834668387606,0.7382612612612613,0.26173873873873865,0.3440805190079669,0.6559194809920331,923.7824519874606,367.6249152144075,0.02151010136077265,0.008891537558428848,0.04294644811261261,0.04134548302795085
Bubble,116.64472157542372,0.7372622622622623,0.2627377377377377,0.3442619958149898,0.6557380041850103,923.1689711066905,368.87557923767963,0.02149784761694259,0.00892162762112668,0.04294239067817818,0.041346220096002584
Bubble,116.77831805898441,0.44355655655655657,0.5564434434434434,0.4161285024578148,0.5838714975421851,472.98612914376906,434.5582640772553,0.011329143415227581,0.010436552157008006,0.04174950495445446,0.04163810591273241
Bubble,116.89020732291304,0.7362632632632633,0.2637367367367367,0.34444680293764013,0.6555531970623598,922.5540064491994,370.1263443930456,0.02148555700129833,0.008951716128538243,0.04293833324374375,0.04134697069013122
Bubble,117.13480453883273,0.7352642642642643,0.2647357357357357,0.34463492207586066,0.6553650779241393,921.9375520475432,371.3772067615712,0.02147322936439613,0.008981802972585256,0.042934275809309315,0.0413477347360111
Bubble,117.29178027125806,0.4425575575575576,0.5574424424424425,0.41558073594797484,0.5844192640520252,474.76575558400344,436.90046965915934,0.011372874978914005,0.010493364316949636,0.041745447520020025,0.0416358811590527
Bubble,117.37851435036147,0.7342652652652653,0.26573473473473475,0.344826335273264,0.655173664726736,921.3196023799485,372.6281700358696,0.021460864567117027,0.009011888229195473,0.04293021837487487,0.04134851216071236
Bubble,117.62133771106811,0.7332662662662663,0.26673373373373366,0.3450210249121243,0.6549789750878757,920.7001517394209,373.8792355214512,0.021448462465974583,0.009041971916475358,0.04292616094044044,0.041349302892680594
Bubble,117.86327556796705,0.7322672672672673,0.2677327327327327,0.3452189737085791,0.6547810262914209,920.0791943865254,375.13040456058076,0.0214360229166723,0.009072054053332633,0.04292210350600601,0.04135010686171739
Bubble,117.94454620854978,0.4405595595595596,0.5594404404404404,0.41773043529804726,0.5822695647019527,475.8915302871533,443.72355616152754,0.011402059021470023,0.010655005128278197,0.04173733265115115,0.041644612162963016
Bubble,118.00509985142065,0.4415585585585586,0.5584414414414414,0.4173166803957085,0.5826833196042914,477.79097789227797,443.60104637205933,0.011446455829875968,0.010652493191286683,0.04174139008558558,0.04164293169742717
Bubble,118.1043288614437,0.7312682682682683,0.2687317317317317,0.3454201647078418,0.6545798352921581,919.4567245491295,376.381678532008,0.021423545774097278,0.009102134659468939,0.042918046071571576,0.041350923998960905
Bubble,118.34449852515341,0.7302692692692693,0.26973073073073073,0.34562458127948725,0.6543754187205127,918.8327364221293,377.6330588504493,0.021411030892313398,0.00913221375536652,0.042913988637137135,0.04135175423686664
Bubble,118.58378548591794,0.7292702702702704,0.27072972972972964,0.34583220711291535,0.6541677928870846,918.2072241671611,378.8845469661099,0.021398478124554237,0.009162291362275771,0.04290993120270271,0.041352597509189105
Bubble,118.8221906636282,0.7282712712712713,0.27172872872872866,0.34604302621285915,0.6539569737871409,917.5801819123252,380.1361443641349,0.021385887323216255,0.009192367502201138,0.042905873768268266,0.04135345375096353
Bubble,119.05971517476517,0.7272722722722723,0.2727277277277277,0.3462570228948983,0.6537429771051018,916.9516039453246,381.3878557775401,0.02137325834436024,0.0092224422755931,0.04290181633383384,0.04135432289848763
Bubble,119.1303106137368,0.43856156156156156,0.5614384384384384,0.41752512338953884,0.5824748766104613,480.31723647444096,450.5318952302751,0.011510334053718537,0.010818708430044257,0.04172921778228229,0.04164377828864661
Bubble,119.29635954425999,0.7262732732732733,0.2737267267267267,0.3464741817812074,0.6535258182187926,916.3214839654131,382.63967678142563,0.02136059103027507,0.00925251556135772,0.042897758899399396,0.04135520488930437
Bubble,119.3108578494485,0.4395605605605606,0.5604394394394394,0.4171281949393642,0.5828718050606357,482.9499561493971,451.1405189469689,0.011572299409559549,0.01083374282627336,0.04173327521671672,0.041642166163746226
Bubble,119.5321248510381,0.7252742742742743,0.27472572572572573,0.34669448779623924,0.6533055122037608,915.6898161691537,383.89161178720485,0.021347885234783887,0.009282587451984289,0.04289370146496497,0.041356099662184426
Bubble,119.76701198655624,0.7242752752752754,0.27572472472472465,0.3469179261625636,0.6530820738374363,915.0565945479403,385.14366242065324,0.021335140806870934,0.009312657972506293,0.042889644030530534,0.04135700715710925
Bubble,120.00102183482258,0.7232762762762763,0.27672372372372367,0.3471444823967905,0.6528555176032095,914.4218130581739,386.3958303395759,0.021322357594647297,0.009342727148636792,0.0428855865960961,0.04135792731525456
Bubble,120.23415527227564,0.7222772772772773,0.2777227227227227,0.3473741423054759,0.6526258576945241,913.7854656209396,387.64811723285413,0.021309535445343024,0.009372795006744622,0.04288152916166166,0.04135886007897369
Bubble,120.46641350601155,0.7212782782782783,0.2787217217217217,0.3476068919812579,0.6523931080187422,913.1475464503752,388.9005304411217,0.021296674212964984,0.009402861709750585,0.04287747172722723,0.041359805391781884
Bubble,120.69779676382092,0.7202792792792793,0.27972072072072074,0.34784271779886167,0.6521572822011383,912.5080487823196,390.15306124807967,0.021283773728646475,0.00943292703224919,0.042873414292792796,0.04136076319834008
Bubble,120.92830619883068,0.7192802802802803,0.28071971971971965,0.34808160641136865,0.6519183935886314,911.8669667205144,391.40571637643137,0.02127083384370216,0.009462991122028221,0.04286935685835836,0.04136173344443978
Bubble,121.15582102434749,0.4375625625625626,0.5624374374374375,0.4187463252551857,0.5812536747448143,491.2287426378993,464.31578510598655,0.01177296236953195,0.011148375801351881,0.041725160347847845,0.04164873820002393
Bubble,121.15794265652201,0.7182812812812813,0.2817187187187187,0.3483235447464084,0.6516764552535916,911.2242940421605,392.6584976413323,0.021257854401772573,0.009493054008118939,0.042865299423923926,0.04136271607698754
Bubble,121.38670697419302,0.7172822822822823,0.2827177177177177,0.34856852000247035,0.6514314799975296,910.5800244875211,393.9114068842305,0.02124483524557723,0.00952311572008876,0.04286124198948949,0.04136371104399003
Bubble,121.61459998081826,0.7162832832832833,0.2837167167167167,0.3488165196453457,0.6511834803546543,909.9341517595742,395.1644459714098,0.021231776216906122,0.00955317628800519,0.04285718455505506,0.04136471829453957
Bubble,121.8416224968926,0.7152842842842844,0.28471571571571563,0.3490675314044124,0.6509324685955876,909.2866695236363,396.41761679223765,0.021218677156610438,0.009583235742392865,0.04285312712062063,0.041365737778799025
Bubble,122.06777596751849,0.7142852852852853,0.28571471471471466,0.3493215432693016,0.6506784567306985,908.6375720386255,397.67093243581587,0.021205537919334452,0.009613294384416939,0.04284906968618618,0.041366769447988276
Bubble,122.29306000966315,0.7132862862862863,0.2867137137137137,0.34957854348630335,0.6504214565136966,907.9868517130396,398.924374004407,0.021192358316478623,0.009643351741882786,0.04284501225175175,0.04136781325436962
Bubble,122.5174759800919,0.7122872872872873,0.2877127127127127,0.34983852055506576,0.6501614794449342,907.3345026561634,400.1779532969582,0.021179138199072012,0.009673408084567315,0.042840954817317325,0.0413688691512344
Bubble,122.7410246648597,0.7112882882882883,0.2887117117117117,0.3501014632252376,0.6498985367747624,906.6805183800653,401.4316723007074,0.021165877404145616,0.009703463444949396,0.042836897382882884,0.0413699370928893
Bubble,122.9637068408136,0.7102892892892894,0.28971071071071064,0.3503673604931133,0.6496326395068868,906.0248923573115,402.6855330179536,0.021152575767746422,0.00973351785576742,0.04283283994844845,0.041371017034642785
Bubble,123.07838550445895,0.4365635635635636,0.5634364364364364,0.4184997846099911,0.581500215390009,501.17588813424754,475.1561019496083,0.012012527309605675,0.01140892969463184,0.04172110291341342,0.04164773687519348
Bubble,123.18549793797459,0.7092902902902903,0.29070970970970966,0.3506362015961202,0.6493637984038798,905.3675922603021,403.93907105252316,0.02113923252345678,0.009763560076398422,0.042828782514014015,0.04137210893278265
Bubble,123.40645238950458,0.7082912912912913,0.2917087087087087,0.35090797601945894,0.6490920239805411,904.7086659649696,405.1932727961097,0.021125848777400983,0.009793613933183506,0.04282472507957958,0.04137321274460304
Bubble,123.55897581174281,0.4325675675675676,0.5674324324324325,0.42293966046150616,0.5770603395384939,497.9605020564373,484.0664588003551,0.011940103497230447,0.011617845185900142,0.04170487317567567,0.04166576943096441
Bubble,123.62653705982757,0.7072922922922923,0.2927077077077077,0.3511826734767401,0.64881732652326,904.0480724406237,406.44751948797017,0.021112423559867623,0.009823664453963855,0.04282066764514515,0.04137432842832578
Bubble,123.84575795638457,0.7062932932932934,0.2937067067067066,0.35146028391998474,0.6485397160800153,903.3858103513604,407.70190991559645,0.0210989568278662,0.009853714010447849,0.04281661021071071,0.04137545594314102
Bubble,123.96567495173527,0.4285715715715716,0.5714284284284283,0.42470676616121783,0.5752932338387823,494.4290229939803,488.85134146070294,0.011860041062023015,0.011730664187612056,0.04168864343793794,0.041672946530763796
Bubble,124.06415333787999,0.7052942942942944,0.29470570570570565,0.35174079753583004,0.64825920246417,902.7219117115529,408.9571616956354,0.021085449317373533,0.009883779929998558,0.042812552776276276,0.04137659524919178
Bubble,124.23139495548568,0.43156856856856857,0.5684314314314314,0.42308254741763707,0.5769174525823629,500.3603007683357,488.0922428582138,0.0119988132575903,0.011714302922992201,0.041700815741241244,0.041666349766336735
Bubble,124.28165309109337,0.7042952952952953,0.29570470470470467,0.352024204727027,0.647975795272973,902.0562967807882,410.2119328942323,0.021071899154070498,0.009913829763606294,0.04280849534184185,0.041377746307498825
Bubble,124.29513556406334,0.4355645645645646,0.5644354354354354,0.4192880993026983,0.5807119006973017,506.74043984821714,483.19897326939554,0.01214708362085616,0.011601154483747697,0.04171704547897898,0.04165093861531791
Bubble,124.49829160311039,0.7032962962962963,0.2967037037037037,0.3523104961324437,0.6476895038675563,901.3889933837729,411.4668623337791,0.02105830697587049,0.009943878934503853,0.042804437907407414,0.04137890908004192
Bubble,124.71406958150692,0.7022972972972973,0.2977027027027027,0.3525996626096722,0.6474003373903279,900.71999467443,412.7219523146923,0.021044672610870948,0.00997392748176969,0.04280038047297297,0.041380083529689186
Bubble,124.90857067368829,0.4305695695695696,0.5694304304304304,0.42316498200373115,0.5768350179962688,502.7505390062635,492.02830919338896,0.012057305158041308,0.011808674345440837,0.04169675830680681,0.04166668457440815
Bubble,124.92898772385277,0.7012982982982984,0.2987017017017016,0.3528916952356208,0.6471083047643792,900.0492937643426,413.9772051525746,0.021030995886114765,0.010003975444738399,0.04279632303853854,0.04138126962019947
Bubble,125.06971241412053,0.4345655655655656,0.5654344344344344,0.41959730909235204,0.580402690907648,509.66152739560647,487.968624130676,0.01221829342101669,0.01171531609149291,0.04171298804454455,0.04165219447087859
Bubble,125.14304715702957,0.7002992992992993,0.29970070070070065,0.35318658530368013,0.6468134146963198,899.376884184979,415.2326319649455,0.021017276638391442,0.0100340230753299,0.04279226560410411,0.04138246731621089
Bubble,125.35624773857367,0.6993003003003003,0.3006996996996997,0.3534843243209196,0.6465156756790804,898.7027581013123,416.4882187927964,0.021003514672492306,0.010064070019375143,0.042788208169669675,0.04138367658322942
Bubble,125.56859052266523,0.6983013013013013,0.3016986986986987,0.3537849040054005,0.6462150959945995,898.026908901931,417.74397567282176,0.020989709821734377,0.010094116502456467,0.042784150735235234,0.04138489738761794
Bubble,125.59047260534973,0.4295705705705706,0.5704294294294294,0.4232848057829626,0.5767151942170375,505.1307638839389,496.0145088162253,0.01211556827249499,0.01190420405491029,0.04169270087237237,0.04166717123868752
Bubble,125.75958808585125,0.4335665665665666,0.5664334334334333,0.41999471954098816,0.5800052804590118,512.0552299635197,492.35372269249683,0.012276872661880215,0.011820136976457164,0.041708930610110106,0.041653808553415723
Bubble,125.78006139503958,0.6973023023023024,0.3026976976976976,0.35408831628237075,0.6459116837176293,897.3493137928353,418.9996020139647,0.02097586154109762,0.010124155244421918,0.0427800933008008,0.04138612969658085
Bubble,125.9906887339889,0.6963033033033034,0.30369669669669663,0.3543945532854048,0.6456054467145952,896.6699951375855,420.2556659993085,0.020961970341029486,0.010154199957167811,0.04277603586636637,0.04138737347816867
Bubble,126.20046000050827,0.6953043043043043,0.30469569569569566,0.3547036073485084,0.6452963926514916,895.9889318059812,421.5119020595244,0.02094803571529602,0.010184244206352147,0.04277197843193194,0.04138862870124597
Bubble,126.40937579450943,0.6943053053053053,0.3056946946946947,0.3550154710067536,0.6449845289932463,895.3061165737777,422.7683119543735,0.020934057482620335,0.010214288017100353,0.042767920997497495,0.041389895335493934
Bubble,126.61744157075913,0.6933063063063063,0.3066936936936937,0.3553301369938786,0.6446698630061214,894.6215474358424,424.02500071589594,0.02092003558370167,0.010244333909455294,0.04276386356306306,0.04139117335140064
Bubble,126.8246487287546,0.6923073073073074,0.3076926926926926,0.35564759823640746,0.6443524017635925,893.9352071678419,425.28177626434194,0.0209059696032937,0.01027437722511779,0.04275980612862863,0.041392462720237166
Bubble,127.0310021906429,0.6913083083083084,0.30869169169169164,0.35596784785587593,0.6440321521441241,893.2470931016118,426.5387319862954,0.020891859466441898,0.010304420202617934,0.0427557486941942,0.04139376341406664
Bubble,127.23650250402657,0.6903093093093093,0.30969069069069066,0.35629087916328356,0.6437091208367165,892.5571978192912,427.7958694393397,0.020877704987063636,0.010334462861739568,0.04275169125975976,0.04139507540572168
Bubble,127.44115020111737,0.6893103103103103,0.3106896896896897,0.35661668565748855,0.6433833143425114,891.8655138511026,429.0531900701065,0.02086350597779116,0.010364505219472171,0.04274763382532532,0.041396398668797886
Bubble,127.64494579816113,0.6883113113113114,0.3116886886886886,0.35694526102270424,0.6430547389772958,891.1720336743527,430.3106951992189,0.020849262249947594,0.010394547289647307,0.042743576390890894,0.04139773317764372
Bubble,127.84788979485327,0.6873123123123124,0.3126876876876876,0.35727659912616233,0.6427234008738376,890.4767497124043,431.5683860051072,0.020834973613522243,0.01042458908254785,0.04273951895645647,0.0413990789073509
Bubble,128.04998267371255,0.6863133133133134,0.31368668668668664,0.3576106940157249,0.6423893059842751,889.7796543335833,432.82626350631347,0.020820639877144435,0.01045463060448082,0.04273546152202202,0.041400435833744864
Bubble,128.25121359028998,0.6853143143143143,0.31468568568568567,0.357947539911436,0.642052460088564,889.0807272174114,434.0840710578233,0.020806260552427465,0.010484665638159708,0.04273140408758759,0.041401803933350294
Bubble,128.45162770332092,0.6843153153153153,0.3156846846846847,0.35828713123930844,0.6417128687606916,888.3800106123357,435.3428296365312,0.02079183661517572,0.010514718825042535,0.042727346653153156,0.04140318318352845
Bubble,128.65117114627265,0.6833163163163164,0.3166836836836836,0.35862946254730166,0.6413705374526983,887.6774360298433,436.601301538441,0.02077736644960654,0.01054476025174449,0.04272328921871872,0.041404573562135866
Bubble,128.84986534154814,0.6823173173173174,0.3176826826826826,0.35897452859325485,0.6410254714067452,886.9730190828361,437.8599656474022,0.02076285040802487,0.010574801466239228,0.04271923178428429,0.0414059750478815
Bubble,129.04771068683436,0.6813183183183184,0.31868168168168165,0.35932232429381084,0.6406776757061892,886.2667518611288,439.1188222214226,0.02074828829217325,0.010604842455892109,0.042715174349849845,0.041407387620119314
Bubble,129.24470755889837,0.6803193193193193,0.3196806806806807,0.3596728447325746,0.6403271552674255,885.5586263928014,440.37787124814867,0.020733679902273476,0.010634883201427242,0.04271111691541542,0.04140881125888136
Bubble,129.44085631268078,0.6793203203203203,0.3206796796796797,0.36002608515796386,0.6399739148420361,884.8486346426553,441.63711241568706,0.020719025036989743,0.010664923676223854,0.04270705948098099,0.04141024594486908
Bubble,129.63623859194783,0.6783213213213214,0.3216786786786786,0.36038204103334953,0.6396179589666504,884.1368619396626,442.8985196928376,0.020704325681270553,0.010695011527971629,0.04270300204654655,0.041411691659656955
Bubble,129.8306954195943,0.6773223223223224,0.32267767767767763,0.3607407078380611,0.6392592921619389,883.4231174902162,444.15824159100197,0.020689577354088082,0.010725053730836818,0.042698944612112114,0.04141314838488429
Bubble,130.02432336661462,0.6763233233233233,0.32367667667667666,0.3611020813511029,0.6388979186488971,882.7075035053499,445.4186081063335,0.020674782435468272,0.010755106530365384,0.04269488717767768,0.04141461610340751
Bubble,130.21709465868457,0.6753243243243243,0.3246756756756757,0.3614661574510406,0.6385338425489594,881.9899793348674,446.6789282285788,0.020659939959926907,0.010785153221276003,0.042690829743243244,0.04141609479848741
Bubble,130.40902049576925,0.6743253253253254,0.3256746746746746,0.3618329321824769,0.6381670678175231,881.2705492753743,447.9394700896455,0.020645050014557225,0.010815200258395203,0.04268677230880881,0.04141758445405913
Bubble,130.6001011992423,0.6733263263263264,0.3266736736736736,0.36220240173908624,0.6377975982609138,880.5492050335657,449.2002347274668,0.020630112391520468,0.010845247646939324,0.042682714874374375,0.041419085054663296
Bubble,130.7903370705629,0.6723273273273274,0.32767267267267264,0.3625745624648194,0.6374254375351807,879.8259382534638,450.46122296709507,0.020615126881430364,0.010875295386868504,0.04267865743993994,0.041420596585450865
Bubble,130.9797283904813,0.6713283283283283,0.32867167167167166,0.3629494108518242,0.6370505891481758,879.1007405150017,451.72243539564283,0.0206000932733192,0.010905343472282692,0.04267460000550551,0.04142211903217469
Bubble,131.16827541822286,0.6703293293293293,0.3296706706706707,0.36332694353846984,0.6366730564615302,878.373603332572,452.98387233516263,0.020585011354603076,0.010935391890767952,0.04267054257107107,0.041423652381181494
Bubble,131.3559662877577,0.6693303303303304,0.3306696696696696,0.3637071572976264,0.6362928427023735,877.6445037250171,454.24521430872375,0.020569880572876294,0.010965432909891989,0.04266648513663664,0.041425196619364314
Bubble,131.54282401272465,0.6683313313313314,0.3316686686686686,0.3640900490710446,0.6359099509289554,876.9134601854499,455.50705976549347,0.02055470134767282,0.01099548095604913,0.0426624277022022,0.04142675173430205
Bubble,131.7284578966732,0.6673323323323324,0.33266766766766764,0.3644422653640497,0.6355577346359503,876.1799943138278,456.7233696233238,0.02053946245048795,0.011024460758340978,0.042658370267767774,0.04142818226077609
Bubble,131.91372231426638,0.6663333333333333,0.33366666666666667,0.36483436548233533,0.6351656345176646,875.4451227247501,457.991617452933,0.02052418769809862,0.011054648979767216,0.04265431283333333,0.041429774775406505
Bubble,132.09809308678038,0.6653343343343344,0.3346656656656656,0.3652267841228248,0.6347732158771752,874.7082081800244,459.2566776313425,0.02050886213925478,0.011084757596249412,0.0426502553988989,0.04143136858371486
Bubble,132.28161794954394,0.6643353353353354,0.3356646646646646,0.3656216672574415,0.6343783327425584,873.969298976968,460.52170669633233,0.020493486891966665,0.011114860460238797,0.04264619796446446,0.0414329724015661
Bubble,132.4642977254202,0.6633363363363364,0.3366636636636636,0.36601903815713926,0.6339809618428608,873.2283869920411,461.7867442804289,0.020478061751545613,0.011144958481673038,0.042642140530030036,0.04143458632347522
Bubble,132.64613320976136,0.6623373373373374,0.33766266266266265,0.36641892360323997,0.6335810763967601,872.4854640388274,463.0518349171582,0.020462586511750407,0.011175052684514013,0.042638083095595594,0.04143621045821456
Bubble,132.82712498503318,0.6613383383383383,0.3386616616616617,0.3668199849315166,0.6331800150684834,871.7405216390941,464.31508218432725,0.020447060959416605,0.011205098751696342,0.04263402566116116,0.041437839368799356
Bubble,133.00724678615734,0.6603393393393394,0.3396606606606606,0.3672239450867223,0.6327760549132778,870.9935180529587,465.57887074661596,0.02043148410105762,0.01123515232699573,0.04262996822672673,0.04143948005296973
Bubble,133.18655478805258,0.6593403403403404,0.3406596596596596,0.36763012405206114,0.6323698759479389,870.2445134096147,466.84237815745917,0.02041585733264787,0.011265194288545076,0.0426259107922923,0.04144112974883746
Bubble,133.3650208373808,0.6583413413413414,0.34165865865865863,0.3680403819632892,0.6319596180367107,869.4934637146557,468.10818742522486,0.0204001796077306,0.011295284886113675,0.042621853357857856,0.0414427960113439
Bubble,133.5426451324733,0.6573423423423423,0.34265765765765765,0.36845324867226414,0.631546751327736,868.7403598755109,469.37421233786625,0.020384450698400315,0.011325375371910916,0.04261779592342343,0.04144447286948241
Bubble,133.71942795642812,0.6563433433433433,0.3436566566566567,0.36886873431678996,0.6311312656832101,867.9851928654006,470.64047217999615,0.020368670378208668,0.011355466176884668,0.04261373848898899,0.04144616036442765
Bubble,133.8947386252213,0.6553443443443444,0.3446556556556556,0.3692686856035728,0.6307313143964272,867.2271560610677,471.87947322808685,0.02035281970195291,0.01138491419711731,0.04260968105455456,0.04144778476657891
Bubble,134.06987487560832,0.6543453453453454,0.3456546546546546,0.369690146450056,0.6303098535499441,866.4678771736549,473.14733874121356,0.02033693685367096,0.011415032228460647,0.042605623620120124,0.04144949652980691
Bubble,134.24416798111875,0.6533463463463464,0.34665365365365364,0.3701108529411671,0.6298891470588329,865.7065049484378,474.41062441419956,0.02032100184239985,0.011445038130755465,0.04260156618568568,0.04145120522922055
Bubble,134.41761898421015,0.6523473473473473,0.34765265265265266,0.37053731849828453,0.6294626815017155,864.9430311380775,475.6786474409169,0.020305014459623082,0.011475149367086273,0.042597508751251255,0.04145293731908079
Bubble,134.59022771274044,0.6513483483483484,0.3486516516516516,0.3709666929726611,0.6290333070273388,864.1774459114712,476.9473387209682,0.020288974459561463,0.011505270928256397,0.04259345131681682,0.04145468122350846
Bubble,134.7619942487955,0.6503493493493494,0.3496506506506506,0.3713986910783874,0.6286013089216127,863.409739717347,478.2162937068996,0.02027288160291257,0.011535393351244181,0.04258939388238238,0.04145643578381488
Bubble,134.93291866127453,0.6493503503503504,0.3506496496496496,0.37183331311915885,0.6281666868808411,862.6399029445935,479.48551609595955,0.020256735648877592,0.011565516701549445,0.04258533644794795,0.041458201001233465
Bubble,135.10300095235633,0.6483513513513514,0.35164864864864864,0.37227027812208363,0.6277297218779163,861.8679258523294,480.75460559801996,0.020240536353518374,0.01159563162013368,0.042581279013513516,0.04145997573459285
Bubble,135.27224117385992,0.6473523523523523,0.35264764764764767,0.37271012948207094,0.6272898705179292,861.0937987203798,482.0243447156564,0.020224283473290104,0.011625756341382671,0.04257722157907908,0.041461762190891434
Bubble,135.44063886683642,0.6463533533533534,0.3536466466466466,0.37314863852338587,0.6268513614766141,860.3175111147242,483.28865887512717,0.02020797674778761,0.011655749162536068,0.04257316414464465,0.04146354319536273
Bubble,135.60819481413455,0.6453543543543544,0.3546456456456456,0.37359383329801815,0.6264061667019818,859.539054185178,484.5590857312593,0.02019161595371268,0.011685879171628388,0.04256910671021021,0.0414653513539399
Bubble,135.77490851179056,0.6443553553553554,0.3556446446446446,0.37404164425983183,0.6259583557401681,858.7584173506592,485.8297820322414,0.0201752008270172,0.011716010048757658,0.04256504927577578,0.041467170138161306
Bubble,135.9407220530392,0.6433563563563564,0.35664364364364365,0.3744872609658541,0.6255127390341458,857.975513591653,487.0936783894039,0.020158729307578404,0.011745976830563358,0.04256099184134134,0.04146898001041281
Bubble,136.1057526634031,0.6423573573573574,0.35764264264264256,0.37494028807784957,0.6250597119221504,857.1904885596907,488.36489597603764,0.020142204801776566,0.011776108989675824,0.04255693440690691,0.04147081998002818
Bubble,136.2699407180616,0.6413583583583584,0.3586416416416416,0.3753959309895104,0.6246040690104896,856.4032531996453,489.63638793752716,0.02012562520164392,0.011806242066501191,0.042552876972472474,0.0414726705737139
Bubble,136.4332859321448,0.6403593593593594,0.3596406406406406,0.3758528242430211,0.6241471757569788,855.6137970271617,490.9061859411856,0.0201089902450115,0.011836330161637938,0.04254881953803804,0.04147452624566303
Bubble,136.59565326813703,0.6393603603603604,0.36063963963963963,0.37630316338848585,0.6236968366115141,854.8219270566494,492.16268497372823,0.020092295379981563,0.011866102540505677,0.042544762103603605,0.041476355298102334
Bubble,136.7573150769701,0.6383613613613613,0.36163863863863865,0.37676567370121394,0.6232343262987862,854.0280010679325,493.4335891192439,0.020075548999706115,0.011896205409611874,0.04254070466916917,0.04147823378373749
Bubble,136.91813394238602,0.6373623623623624,0.36263763763763757,0.37723160703653824,0.6227683929634618,853.2318235766515,494.705937849531,0.020058746493774347,0.01192633638090812,0.042536647234734735,0.041480126171978896
Bubble,137.0781088978431,0.6363633633633634,0.3636366366366366,0.37770011094740313,0.6222998890525969,852.4333829802183,495.9784996961796,0.020041887573330877,0.011956466731385096,0.0425325898003003,0.04148202900061288
Bubble,137.2372400672105,0.6353643643643644,0.3646356356356356,0.37817122152053784,0.6218287784794622,851.6326691134556,497.2513281680993,0.02002497198320887,0.011986597685899991,0.042528532365865866,0.04148394241620566
Bubble,137.39552717572835,0.6343653653653654,0.36563463463463464,0.3786449389263352,0.6213550610736648,850.8296712208906,498.5244237746452,0.020007999454262765,0.012016729233378817,0.04252447493143143,0.04148586641944931
Bubble,137.55296924301172,0.6333663663663665,0.36663363363363355,0.379115339284891,0.6208846607151091,850.0243775182344,499.78920947320125,0.019990969693048456,0.012046661600341799,0.042520417496997,0.04148777695050559
Bubble,137.70956778953513,0.6323673673673674,0.36763263263263257,0.37959820571659486,0.620401794283405,849.2167796478177,501.068536020954,0.01997388248660516,0.012076926941840004,0.04251636006256257,0.041489738112517945
Bubble,137.8653201194594,0.6313683683683684,0.3686316316316316,0.3800734605452245,0.6199265394547755,848.4068633359043,502.33332568475697,0.019956737482729494,0.012106848086373342,0.04251230262812813,0.04149166836000443
Bubble,138.02023943980996,0.6303693693693694,0.3696306306306306,0.3805594098278104,0.6194405901721898,847.5946366022752,503.6101287207758,0.019939534853535192,0.012137043265536749,0.04250824519369369,0.041493642043015665
Bubble,138.17429173500807,0.6293703703703704,0.37062962962962964,0.38104479178974443,0.6189552082102556,846.7800409440177,504.8825426019177,0.01992227320611608,0.012167130473989247,0.04250418775925926,0.04149561342185405
Bubble,138.32663155313344,0.6283713713713714,0.37162862862862855,0.3815075754417623,0.6184924245582377,845.9618637845869,506.11644942202156,0.019904923992443632,0.012196313864229695,0.042500130324824824,0.04149749301765672
Bubble,138.47900719037926,0.6273723723723724,0.3726276276276276,0.3819980681930994,0.6180019318069007,845.1425736359397,507.3892637698586,0.0198875452754377,0.012226398999587718,0.042496072890390396,0.04149948515396627
Bubble,138.6305357646057,0.6263733733733734,0.3736266266266266,0.38249115060818817,0.6175088493918118,844.320910585493,508.66231457003886,0.01987010739607428,0.012256483837902192,0.042492015455955955,0.04150148780819516
Bubble,138.78121675107445,0.6253743743743744,0.3746256256256256,0.38298682121305955,0.6170131787869406,843.4968630812165,509.93559818649715,0.01985261006551452,0.01228656827050719,0.04248795802152152,0.04150350097435685
Bubble,138.93104961006136,0.6243753753753755,0.37562462462462454,0.38348516943602035,0.6165148305639796,842.6704194976321,511.2092429080925,0.019835052993080405,0.012316655257707487,0.04248390058708709,0.041505525015664395
Bubble,139.08003374032933,0.6233763763763764,0.37662362362362356,0.3839860213968372,0.6160139786031629,841.8415680680115,512.4829941770311,0.019817435884657748,0.012346738852743967,0.04247984315265266,0.04150755922590326
Bubble,139.22816651390315,0.6223773773773774,0.3776226226226226,0.3844769948664831,0.615523005133517,841.0102940138664,513.7388391334486,0.019799758375114652,0.012376400084077309,0.042475785718218216,0.04150955331465023
Bubble,139.3754497834192,0.6213783783783784,0.3786216216216216,0.38498273411271483,0.6150172658872852,840.1765890207531,515.0126117908836,0.019782020251376077,0.01240647241489432,0.04247172828378379,0.041511607374598795
Bubble,139.5218844166832,0.6203793793793794,0.37962062062062063,0.3854912161302262,0.6145087838697737,839.3404433355388,516.286836829656,0.019764221266408314,0.012436549329752983,0.04246767084934935,0.041513672574312904
Bubble,139.66746765556817,0.6193803803803805,0.38061961961961954,0.38600226182497077,0.6139977381750293,838.5018418270621,517.5612458633291,0.019746361046432914,0.012466624557493793,0.04246361341491492,0.04151574818640212
Bubble,139.81219877575862,0.6183813813813814,0.38161861861861857,0.38651586691545103,0.6134841330845491,837.660772277942,518.8358297723928,0.01972843928615343,0.012496697861323108,0.04245955598048048,0.04151783419347711
Bubble,139.95607703170552,0.6173823823823824,0.3826176176176176,0.3870320274621513,0.6129679725378487,836.8172223842786,520.1105797583292,0.01971045567811882,0.012526769011860001,0.04245549854604605,0.04151993057953753
Bubble,140.09910165561226,0.6163833833833834,0.3836166166166166,0.3875507398861733,0.6124492601138267,835.9711797537518,521.3854873705906,0.019692409912677643,0.01255683778775678,0.042451441111611615,0.041522037330047695
Bubble,140.1844092971333,0.5694304304304305,0.4305695695695695,0.5361234348907957,0.46387656510920416,782.0684913338553,738.6520012877359,0.018505791900472506,0.01753457191480598,0.042260741693193195,0.042125465330808964
Bubble,140.24127185652193,0.6153843843843844,0.38461561561561564,0.3880720009970062,0.6119279990029939,835.1226319038472,522.6605445470983,0.019674301677935224,0.012586903976633328,0.04244738367717718,0.04152415443204934
Bubble,140.3825868194553,0.6143853853853855,0.38561461461461455,0.3885958080289776,0.6114041919710225,834.2715662601277,523.9357436675054,0.019656130659711838,0.012616967376307273,0.04244332624274274,0.04152628187430969
Bubble,140.5230457045925,0.6133863863863864,0.38661361361361357,0.38912215868630884,0.6108778413136913,833.417970154531,525.2110776190931,0.019637896541501516,0.012647027796316693,0.04243926880830831,0.04152841964750445
Bubble,140.66264764654048,0.6123873873873874,0.3876126126126126,0.3896510511978853,0.6103489488021148,832.5618308237781,526.4865398770355,0.01961959900443343,0.012677085059775455,0.04243521137387388,0.04153056774444022
Bubble,140.80141742568912,0.6113883883883884,0.3886116116116116,0.39017615193152855,0.6098238480684716,831.703174800916,527.7529542904007,0.019601238655634443,0.012706926077181544,0.04243115393943944,0.04153270044106991
Bubble,140.93930266764735,0.6103893893893895,0.38961061061061053,0.3907099579481323,0.6092900420518675,830.8419103501321,529.0284101917343,0.01958281331488522,0.012736970872208925,0.042427096505005,0.04153486849420634
Bubble,141.07632818308244,0.6093903903903904,0.39060960960960955,0.3912467513427467,0.6087532486572532,829.978063755388,530.3046315499978,0.01956432358310593,0.012767027229788518,0.04242303907057057,0.041537048680578566
Bubble,141.21252578917264,0.6083913913913914,0.3916086086086086,0.3917899308595969,0.608210069140403,829.1116728721197,531.5866588259692,0.019545770334236667,0.01279721221124065,0.04241898163613614,0.04153925480418625
Bubble,141.3478286396784,0.6073923923923924,0.3926076076076076,0.3923320009570194,0.6076679990429806,828.2426222351395,532.8633793360837,0.019527150827771844,0.012827267631746636,0.042414924201701704,0.04154145642188693
Bubble,141.4823017671679,0.6063933933933934,0.3936066066066066,0.39286309157963306,0.6071369084203669,827.3710014979742,534.1205464948033,0.01950846715862312,0.012856862997323996,0.04241086676726727,0.041543613446450675
Bubble,141.61587714493373,0.6053943943943945,0.39460560560560554,0.3934095200850234,0.6065904799149766,826.4966922753359,535.3963998215772,0.019489716516715945,0.012886885739885381,0.042406809332832834,0.041545832765825325
Bubble,141.74858686312842,0.6043953953953954,0.39560460460460456,0.39395912325587523,0.6060408767441249,825.6197328326762,536.6732657606175,0.01947089978525334,0.012916925638547374,0.0424027518983984,0.041548064979103745
Bubble,141.88047449287404,0.6033963963963964,0.3966036036036036,0.39452378941760574,0.6054762105823942,824.7401806237145,537.9686175304639,0.019452018300343852,0.012947388148391243,0.042398694463963965,0.04155035837071961
Bubble,142.01144713309023,0.6023973973973974,0.3976026026026026,0.39507721057196155,0.6049227894280385,823.8578760736272,539.2437914071064,0.019433068279362264,0.012977375961198797,0.04239463702952953,0.04155260609073803
Bubble,142.1415453248175,0.6013983983983985,0.3986016016016015,0.39561313191760983,0.6043868680823902,822.9728712641274,540.4897458010424,0.01941405093124397,0.013006679622033564,0.042390579595095096,0.041554782735283374
Bubble,142.27094928107266,0.6003993993993995,0.39960060060060054,0.39619606552586806,0.603803934474132,822.0854449590213,541.8011845235993,0.019394972813362988,0.013037496083101523,0.04238652216066066,0.04155715032013332
Bubble,142.39930843139751,0.5994004004004004,0.40059959959959957,0.3967564338589858,0.6032435661410143,821.1950203720824,543.0755564732161,0.019375820299189148,0.013067445953810925,0.042382464726226234,0.04155942625611827
Bubble,142.52684611373365,0.5984014014014014,0.4015985985985986,0.3973191672715318,0.6026808327284682,820.3019453671208,544.349855883582,0.01935660157586913,0.013097387771969388,0.042378407291791785,0.04156171179787333
Bubble,142.6534562076717,0.5974024024024024,0.4025975975975976,0.3978836608640833,0.6021163391359168,819.4060351385434,545.6229200850786,0.01933731226312306,0.013127294321093065,0.04237434985735736,0.04156400448859948
Bubble,142.7792600260361,0.5964034034034035,0.4035965965965965,0.3984518527344509,0.6015481472655491,818.5074757397831,546.8978932308639,0.01931795673180105,0.013157238741820114,0.04237029242292293,0.04156631219988097
Bubble,142.8421202679341,0.45454554554554555,0.5454544544544544,0.4109577223078721,0.5890422776921278,626.1854431780278,562.6926105140551,0.014982614599145603,0.013520705329331523,0.041794136733233234,0.04161710478915342
Bubble,142.9041156098004,0.5954044044044045,0.40459559559559555,0.3990201642361549,0.6009798357638452,817.6060218159532,548.1691734206873,0.01929852917159404,0.013187090843641594,0.04236623498848849,0.041568620397045154
Bubble,143.0280988644404,0.5944054054054054,0.40559459459459457,0.39961011380932837,0.6003898861906716,816.7017853655818,549.4684001406163,0.019279032205638435,0.01321758394917992,0.042362177554054053,0.041571016477236586
Bubble,143.15127936377135,0.5934064064064064,0.4065935935935936,0.40018380123363756,0.5998161987663624,815.7948701658049,550.7403669310903,0.019259468263983257,0.013247438880478376,0.042358120119619626,0.04157334650871042
Bubble,143.27349289422722,0.5924074074074074,0.4075925925925926,0.4007578142638673,0.5992421857361327,814.8849902679221,552.00888182877,0.01923983057599234,0.013277207016386457,0.042354062685185184,0.0415756778626327
Bubble,143.3948837253123,0.5914084084084085,0.40859159159159153,0.4013420826382934,0.5986579173617066,813.9723740810983,553.2888284170458,0.019220124513837426,0.013307233428645916,0.04235000525075076,0.04157805086863543
Bubble,143.5154969412869,0.5904094094094094,0.40959059059059055,0.40195664949684823,0.5980433505031518,813.0570867382361,554.609609183233,0.01920035159597861,0.013338198992214915,0.042345947816316315,0.04158054693193145
Bubble,143.63505336575727,0.5894104104104104,0.4105895895895896,0.40254012144831264,0.5974598785516874,812.1386434716031,555.8807761689902,0.019180500354304394,0.01336800831302388,0.04234189038188188,0.04158291670326232
Bubble,143.7538176114365,0.5884114114114114,0.4115885885885886,0.40315352571810337,0.5968464742818966,811.2174795170398,557.1921932465269,0.019160581046365248,0.013398742959250238,0.04233783294744745,0.04158540804470408
Bubble,143.87157758177497,0.5874124124124125,0.4125875875875875,0.40373408646403525,0.5962659135359648,810.2932203542434,558.451574589278,0.019140584805746104,0.013428265771582244,0.04233377551301302,0.04158776599217369
Bubble,143.9884941312213,0.5864134134134135,0.41358658658658654,0.4044125043456031,0.595587495654397,809.3661277865117,559.850295153568,0.019120517795182302,0.013461006895110532,0.042329718078578576,0.041590521386399674
Bubble,144.10464132553446,0.5854144144144144,0.41458558558558556,0.4052427516183084,0.5947572483816916,808.4363184726781,561.4673562303612,0.019100382750541357,0.01349879296821212,0.04232566064414415,0.04159389343569776
Bubble,144.21975148208662,0.5844154154154154,0.4155845845845846,0.40585779787941456,0.5941422021205854,807.503316421086,562.7658637046087,0.019080168405241862,0.013529199147815626,0.042321603209709714,0.04159639144608724
Bubble,144.3340927741102,0.5834164164164164,0.4165835835835836,0.4064845152019705,0.5935154847980295,806.5675743276196,564.077964301633,0.019059885434066687,0.013559912990576134,0.04231754577527528,0.04159893685849281
Bubble,144.44732198972116,0.5824174174174175,0.4175825825825825,0.4070453839470607,0.5929546160529393,805.6284789428535,565.2895393877626,0.01903951932427333,0.013588294037563156,0.04231348834084084,0.04160121482690098
Bubble,144.5578463161642,0.5814184184184185,0.41858158158158154,0.4071683343782534,0.5928316656217467,804.6831977540553,565.8531362826245,0.019019003104393254,0.013601678375493243,0.0423094309064064,0.04160171419007728
Bubble,144.66929816564385,0.5804194194194194,0.41958058058058056,0.40776141758237466,0.5922385824176254,803.7381197014472,567.1043176519563,0.01899848775082762,0.013630964356246288,0.042305373471971976,0.04160412299751081
Bubble,144.76845024125,0.4605395395395396,0.5394604604604605,0.41441775371096407,0.585582246289036,642.3573838123648,575.5549158118889,0.015360610027710414,0.013825099937571545,0.04181848133983985,0.04163115770669708
Bubble,144.77987488842246,0.5794204204204204,0.4205795795795796,0.4083661498553569,0.5916338501446432,802.790062831395,568.3687759942642,0.01897789804267582,0.013660550519841361,0.04230131603753754,0.041606579117637536
Bubble,144.89010352362106,0.5784214214214215,0.4215785785785785,0.4089903186090472,0.5910096813909528,801.839959311441,569.6592603266981,0.018957255997026124,0.013690732705234663,0.0422972586031031,0.04160911417903064
Bubble,144.9988777633251,0.5774224224224225,0.4225775775775775,0.4095978488654243,0.5904021511345758,800.8858177417123,570.9201874721815,0.018936514513236198,0.013720223184343397,0.04229320116866867,0.04161158166316693
Bubble,145.03619536536948,0.46153853853853855,0.5384614614614615,0.41502375852860957,0.5849762414713903,644.8014978957261,577.4965101831777,0.01541755992805377,0.013870917881264926,0.041822538774274276,0.041633618995263945
Bubble,145.10706783219908,0.5764234234234235,0.42357657657657655,0.41023498089450205,0.589765019105498,799.9291855083067,572.2213332367,0.018915710153306835,0.013750636906423502,0.04228914373423424,0.04161416937490302
Bubble,145.21399835121974,0.5754244244244244,0.42457557557557557,0.41084315746714856,0.5891568425328515,798.9688294767876,573.4754633598315,0.01889481373674222,0.013779956057710591,0.0422850862997998,0.04161663948405282
Bubble,145.31997620421527,0.5744254254254254,0.4255745745745746,0.4114722582158479,0.5885277417841521,798.0052878254941,574.756158321818,0.01887383796564096,0.013809881814555471,0.04228102886536536,0.041619194576743665
Bubble,145.4256182528408,0.5734264264264265,0.4265735735735735,0.41213926434892684,0.5878607356510731,797.0396788331876,576.0897947536441,0.018852809268405938,0.013841024667767035,0.042276971430930926,0.04162190362215317
Bubble,145.53012395090184,0.5724274274274275,0.42757257257257253,0.4128243895505966,0.5871756104494034,796.0705271550642,577.4453646312621,0.018831692729321687,0.013872665875483078,0.0422729139964965,0.04162468625815975
Bubble,145.53236260253988,0.46253753753753757,0.5374624624624624,0.4166029587949458,0.5833970412050542,648.0506930654512,581.7033348402431,0.015493746845470554,0.013969809678049542,0.04182659620870871,0.04164003291714567
Bubble,145.63315134211862,0.5714284284284284,0.42857157157157155,0.4133793031577112,0.5866206968422888,795.0971791817622,578.6057507731847,0.01881047285994939,0.013899790621657991,0.042268856562062064,0.041626940039775046
Bubble,145.75664010773355,0.46353653653653654,0.5364634634634635,0.41695797990834244,0.5830420200916577,650.3068502088721,583.0919733912226,0.015546179501679145,0.014002673433063894,0.04183065364314315,0.04164147483539774
Bubble,146.0354561806818,0.5674324324324325,0.43256756756756753,0.4155299912980592,0.5844700087019407,791.1706593475998,583.1068933229645,0.018724768583905708,0.01400498232555299,0.042252626824324326,0.04163567505965706
Bubble,146.13406537689357,0.5664334334334334,0.43356656656656656,0.416164897834434,0.583835102165566,790.1815906381506,584.3650525895036,0.01870315615532396,0.014034331418962034,0.0422485693898899,0.04163825373255456
Bubble,146.1631141956914,0.4655345345345346,0.5344654654654655,0.4178564005915631,0.582143599408437,654.6416310956722,585.9683800565854,0.015646771030264028,0.014070515993149556,0.04183876851201201,0.041645123771002636
Bubble,146.23153128138415,0.5654344344344344,0.4345655655655656,0.4169061918929316,0.5830938081070683,789.1888456540433,585.7735322886899,0.01868145255142728,0.014067140836022769,0.04224451195545545,0.04164126449837314
Bubble,146.3283083365092,0.5644354354354355,0.4355645645645645,0.41756351336227004,0.58243648663773,788.1932767298424,587.0564796152865,0.018659677924099918,0.01409704656293186,0.04224045452102102,0.041643934209520866
Bubble,146.3847086774692,0.46653353353353355,0.5334664664664664,0.4184419423933183,0.5815580576066817,656.8585136718648,587.6626130648649,0.015698234973721924,0.014110392834222451,0.04184282594644645,0.041647501949030455
Bubble,146.42409652121012,0.5634364364364365,0.4365635635635635,0.41821153094987856,0.5817884690501216,787.1942981160767,588.3217916681427,0.01863781838451541,0.01412653782282981,0.042236397086586594,0.04164656613295294
Bubble,146.519380726013,0.5624374374374375,0.43756256256256254,0.41885689439851065,0.5811431056014893,786.1928342491149,589.580447742888,0.01861589579750054,0.014155869208860692,0.04223233965215216,0.041649187276599546
Bubble,146.5219241151695,0.4675325325325326,0.5324674674674674,0.41842534357271793,0.581574656427282,658.7761719777033,588.1690090363886,0.01574253848205782,0.014122574790806504,0.041846883380880884,0.041647434532920594
Bubble,146.61230264712822,0.5614384384384384,0.43856156156156156,0.41937297553073505,0.5806270244692648,785.185263366765,590.6434302763417,0.018593824378613365,0.014180677830578158,0.04222828221771772,0.04165128334011808
Bubble,146.70520037085473,0.5604394394394395,0.4395605605605605,0.4200180163535933,0.5799819836464067,784.1761077096145,591.8923877863442,0.0185717111855674,0.014209770098184657,0.04222422478328329,0.04165390317342012
Bubble,146.72398868146973,0.46853153153153154,0.5314684684684685,0.41897931336250294,0.5810206866374971,660.9082748682115,589.7351228849915,0.015791957408669597,0.01415941393627795,0.04185094081531532,0.041649684481221805
Bubble,146.79749316498655,0.5594404404404405,0.4405595595595595,0.42058853994698553,0.5794114600530145,783.1642372008943,593.0300552089682,0.018549529440040166,0.01423629052648466,0.04222016734884885,0.04165622035499468
Bubble,146.88730178616825,0.5584414414414415,0.4415585585585585,0.42108477612101264,0.5789152238789873,782.1459315722208,594.0518139100411,0.01852719099788875,0.014260128933503367,0.04221610991441442,0.0416582358182155
Bubble,146.963128460385,0.46953053053053057,0.5304694694694694,0.41971779309104706,0.5802822069089528,663.1555669430749,591.6952134714292,0.01584411885495754,0.014205452308335066,0.04185499824974975,0.04165268381663928
Bubble,146.9776782113056,0.5574424424424425,0.44255755755755755,0.4216334619836454,0.5783665380163546,781.1271964088945,595.149943571368,0.018504838085742496,0.014285725171042932,0.04221205247997998,0.04166046430584657
Bubble,147.06672638817506,0.5564434434434434,0.44355655655655657,0.42229477854090863,0.5777052214590914,780.1042755560741,596.406577703574,0.018482381707879844,0.014314965964513218,0.042207995045545545,0.0416631502430439
Bubble,147.11067116611548,0.47052952952952953,0.5294704704704705,0.41994722820460645,0.5800527717953936,665.0855977468668,592.5828706932474,0.015888690914691594,0.014226444960399872,0.04185905568418419,0.04165361566735301
Bubble,147.1549118439611,0.5554444444444445,0.4445555555555555,0.42299618117818055,0.5770038188218194,779.0780779550028,597.7175745365377,0.018459843371342044,0.014345451663887133,0.04220393761111112,0.04166599898985518
Bubble,147.2414656284351,0.5544454454454455,0.4455545545545545,0.42369962716027276,0.5763003728397272,778.0470407917721,599.0256314388641,0.01843718601887852,0.014375859777035427,0.04219988017667668,0.04166885603571145
Bubble,147.2559358738722,0.47152852852852856,0.5284714714714714,0.42020697280571645,0.5797930271942834,667.0013915318438,593.502734248458,0.01593291424939907,0.014248167742389406,0.04186311311861862,0.04165467062005041
Bubble,147.32767488031183,0.5534464464464465,0.44655355355355353,0.4243946366192691,0.5756053633807309,777.0137389229405,600.319037826069,0.018414470637755146,0.014405923996191639,0.04219582274224224,0.04167167881662917
Bubble,147.3988400223143,0.4725275275275276,0.5274724724724724,0.42049778413284,0.57950221586716,668.9027566541546,594.4556380540816,0.015976784383041537,0.014270639371824512,0.04186717055305306,0.04165585175025553
Bubble,147.41130028475922,0.5524474474474474,0.44755255255255255,0.4242014457642735,0.5757985542357266,775.9736135099898,600.3172354384152,0.018391589160797493,0.014406152000505826,0.04219176530780781,0.0416708941719716
Bubble,147.49523277415938,0.5514484484484484,0.4485515515515516,0.4248294030716955,0.5751705969283046,774.9325209186254,601.5049535314605,0.018368680356955856,0.01443377093033667,0.04218770787337338,0.04167344462057569
Bubble,147.57654453472068,0.5504494494494495,0.4495505505505505,0.42504319093901827,0.5749568090609818,773.8844592053118,602.0845043403865,0.01834560193707071,0.014447376864885418,0.042183650438938944,0.041674312919998825
Bubble,147.6583065084443,0.5494504504504505,0.4505495495495495,0.42564097489597985,0.5743590251040201,772.8357155502767,603.2201338397815,0.018322502909588124,0.01447378374551216,0.0421795930045045,0.04167674081954002
Bubble,147.66624888531078,0.47352652652652655,0.5264734734734735,0.4218809834419322,0.5781190165580677,671.2028814673466,597.4223958083523,0.016030169491755158,0.014339926107743853,0.041871227987487485,0.04166146961424941
Bubble,147.73905591219187,0.5484514514514515,0.45154854854854853,0.4262414692934188,0.5737585307065812,771.7832781311274,604.3555933081155,0.018299311856962514,0.014500179640264127,0.04217553557007007,0.04167917972753522
Bubble,147.7659865213327,0.47452552552552557,0.5254744744744744,0.4218642624947726,0.5781357375052274,672.9483714957232,597.7696844640354,0.016070299335641816,0.014348285464278578,0.04187528542192192,0.04166140170212252
Bubble,147.81878996283754,0.5474524524524524,0.45254754754754756,0.4268450825143748,0.5731549174856252,770.7271252807874,605.4914629455396,0.0182760282388468,0.014526577871900702,0.04217147813563564,0.04168163130263214
Bubble,147.87154059229164,0.47552452452452454,0.5244754754754755,0.4219954360169599,0.5780045639830401,674.7077628059727,598.3492110121216,0.016110753340141462,0.014362012199361916,0.04187934285635636,0.041661934463382885
Bubble,147.89513122250582,0.5464534534534535,0.45354654654654647,0.4269587326949588,0.5730412673050411,769.6622470928655,605.90837744784,0.01825253321863579,0.014536419248562074,0.042167420701201205,0.04168209289284057
Bubble,147.972653344001,0.5454544544544545,0.4545455455455455,0.42754377090316786,0.5724562290968321,768.5982077606204,607.0090009472278,0.01822905357188218,0.014561994314370635,0.042163363266766764,0.04168446902552321
Bubble,148.04913997872532,0.5444554554554555,0.4555445445445445,0.4281315324983677,0.5718684675016322,767.5303587516792,608.1094328909369,0.01820547904190238,0.014587557998922484,0.042159305832332336,0.04168685621924212
Bubble,148.08030108816854,0.47652352352352356,0.5234764764764764,0.4232012280152223,0.5767987719847776,676.790318547107,600.8357015630581,0.016158915318437453,0.014419999692467605,0.04188340029079079,0.04166683178758382
Bubble,148.12458866795373,0.5434564564564565,0.45654354354354354,0.4287224923656715,0.5712775076343285,766.458678448519,609.2103499916583,0.01818180908849155,0.014613125840056288,0.0421552483978979,0.04168925640274317
Bubble,148.17171999371934,0.47752252252252253,0.5224774774774774,0.42328549564994333,0.5767145043500567,678.4924886425592,601.2922027545078,0.016197986831603804,0.014430837142179886,0.04188745772522522,0.04166717404058225
Bubble,148.2010379249913,0.5424574574574574,0.45754254254254256,0.42985755331260694,0.5701424466873931,765.3875206255935,611.0979814376974,0.018158146973570197,0.014656783681355217,0.04215119096346347,0.041693866452779164
Bubble,148.25005811701257,0.47852152152152155,0.5214784784784785,0.4232263994836799,0.5767736005163202,680.1490352178847,601.4949136976466,0.0162359616887968,0.01443578530129513,0.041891515159659665,0.04166693402150297
Bubble,148.27385440685504,0.5414584584584585,0.4585415415415415,0.43034319285731737,0.5696568071426826,764.3069523124084,612.0368419733625,0.018134257025711805,0.014678607229062716,0.04214713352902903,0.04169583887778999
Bubble,148.34543347442042,0.5404594594594595,0.4595405405405405,0.4308062415561178,0.5691937584438823,763.2220596197142,612.9385746873286,0.01811025986585748,0.014699570655205052,0.04214307609459459,0.04169771955008018
Bubble,148.41589539171076,0.5394604604604605,0.4605395395395395,0.4312708487504955,0.5687291512495046,762.1330814387186,613.8383598131281,0.018086161132159165,0.01472048325071645,0.04213901866016016,0.04169960655220014
Bubble,148.4188972459424,0.4795205205205205,0.5204794794794795,0.4242528327274375,0.5757471672725625,682.0829709534169,603.5710295882794,0.01628055015649955,0.014484162594030802,0.04189557259409409,0.04167110288012249
Bubble,148.47735946105877,0.5384614614614615,0.46153853853853855,0.43050302388017275,0.5694969761198272,761.0227532813169,612.9360137679199,0.018061551052684255,0.014699943393434686,0.042134961225725735,0.04169648803148932
Bubble,148.52853891710154,0.48051951951951954,0.5194804804804805,0.4246990881528256,0.5753009118471744,683.8258738257873,604.6042314505095,0.016320570691440123,0.01450832576561779,0.041899630028528534,0.0416729153465327
Bubble,148.54491801857517,0.5374624624624625,0.46253753753753746,0.4309276675146411,0.5690723324853589,759.9239867959753,613.7686526725679,0.018037210655638868,0.01471930360109831,0.042130903791291294,0.041698212721610714
Bubble,148.6113358635013,0.5364634634634635,0.4635365365365365,0.43135635201251793,0.5686436479874822,758.8210105238161,614.6029097991473,0.018012765638705474,0.01473869521289151,0.04212684635685686,0.04169995382369885
Bubble,148.614133794068,0.48151851851851857,0.5184814814814814,0.42489407056654305,0.575105929433457,685.4894656983906,605.1911550112216,0.01635869077880719,0.014522133851087717,0.04190368746296296,0.04167370726760602
Bubble,148.6766177776438,0.5354644644644645,0.4645355355355355,0.43179013915128733,0.5682098608487126,757.7138154960923,615.4403258312084,0.017988215758732745,0.01475815362116411,0.04212278892242243,0.04170171565016295
Bubble,148.71764706415158,0.48251751751751754,0.5174824824824824,0.4251705740626967,0.5748294259373034,687.2029082047258,605.9531084368818,0.01639799301745304,0.01454002582062975,0.041907744897397396,0.04167483028655565
Bubble,148.7448547055518,0.5344654654654655,0.4655345345345345,0.4328774853878164,0.5671225146121837,756.6115221294388,617.2255382997699,0.01796377752604491,0.014799395438482639,0.04211873148798799,0.04170613190690262
Bubble,148.8071924517965,0.48351651651651656,0.5164834834834835,0.4255635322409921,0.5744364677590079,688.8686675529616,606.8342793120696,0.016436149944087916,0.014560612158654613,0.04191180233183184,0.041676426286196784
Bubble,148.80798516908084,0.5334664664664664,0.46653353353353355,0.43331865777390494,0.5666813422260951,755.496149595891,618.0651926262607,0.01793902402367385,0.014818891408953073,0.042114674053553555,0.04170792372854872
Bubble,148.86772890606665,0.4845155155155155,0.5154844844844845,0.4255777457662767,0.5744222542337233,690.4424541178447,607.0709399459141,0.016472105259630398,0.0145662705072656,0.041915859766266265,0.041676484014429735
Bubble,148.8699538278493,0.5324674674674675,0.46753253253253246,0.4337634142742529,0.5662365857257471,754.376445266796,618.9057401389348,0.017914162884147676,0.014838401940029694,0.04211061661911912,0.04170973010707488
Bubble,148.925835937005,0.48551451451451455,0.5144854854854854,0.42560407295622704,0.5743959270437728,692.0051708775883,607.3156920908555,0.01650778954463253,0.0145721057879109,0.0419199172007007,0.041676590942311714
Bubble,148.9317639573293,0.5314684684684685,0.4685315315315315,0.43395562640292806,0.5660443735970719,753.2546657828973,619.3818521518647,0.017889247669918295,0.014849538896052472,0.042106559184684686,0.0417105107766355
Bubble,148.99119598075504,0.5304694694694695,0.4695305305305305,0.4343857344122947,0.5656142655877053,752.1257641651646,620.1923927327556,0.017864158491738412,0.014868348718578183,0.04210250175025026,0.04171225766031554
Bubble,149.00985913216607,0.4865135135135135,0.5134864864864865,0.42616717495945877,0.5738328250405413,693.6408299740744,608.4179797803681,0.01654520679422309,0.014597753328587613,0.04192397463513514,0.041678877981097845
Bubble,149.050858794113,0.5294704704704705,0.47052952952952953,0.43497425813962565,0.5650257418603744,750.9956593574339,621.2301277046012,0.01783903589699382,0.014892373740218246,0.04209844431581582,0.04171464794943409
Bubble,149.1001046978248,0.5284714714714714,0.47152852852852856,0.4346203368182545,0.5653796631817454,749.8398389572519,620.8842078739222,0.017813297556043294,0.01488459412405765,0.04209438688138138,0.04171321049798733
Bubble,149.10144868340754,0.48751251251251254,0.5124874874874874,0.4266226639825333,0.5733773360174667,695.2938307343345,609.3868654149832,0.01658303040745295,0.014620350828551641,0.04192803206956957,0.04168072794976506
Bubble,149.14615909773016,0.4885115115115115,0.5114884884884885,0.42660538624449346,0.5733946137555066,696.8047264358332,609.5201012602959,0.016617457767500395,0.014623572030282804,0.041932089504004004,0.04168065777623201
Bubble,149.15553058664304,0.5274724724724725,0.47252752752752747,0.435042838259208,0.5649571617407921,748.6964049094114,621.6699991236699,0.017787848533072446,0.014902819001937283,0.042090329446946954,0.04171492648758978
Bubble,149.20799051350144,0.48951051051051053,0.5104894894894895,0.4269310508907163,0.5730689491092836,698.3618397389911,610.2015750444143,0.016652980560283102,0.01463945734496119,0.04193614693843844,0.041681980463192644
Bubble,149.20972164767363,0.5264734734734735,0.4735265265265265,0.4354683713786256,0.5645316286213745,747.5483328584043,622.4557223301093,0.017762284400864806,0.01492103634527362,0.04208627201251252,0.041716654790354295
Bubble,149.25247075184336,0.5254744744744745,0.4745255255255255,0.4350324577841534,0.5649675422158466,746.3716956269808,621.9719893146356,0.017736036544421522,0.014910073450874577,0.04208221457807808,0.041714884327290334
Bubble,149.2639297039518,0.49050950950950956,0.5094904904904904,0.4272207724410947,0.5727792275589053,699.897815599024,610.810506175297,0.016687992489891664,0.014653652642581451,0.04194020437287287,0.041683157167269516
Bubble,149.30420828091246,0.5244754754754755,0.47552452452452454,0.4354892727413327,0.5645107272586672,745.2141934997204,622.7942372909747,0.017710238377497314,0.014929120589235814,0.042078157143643644,0.04171673968123892
Bubble,149.35479448720926,0.5234764764764765,0.47652352352352345,0.435956178354734,0.564043821645266,744.052185075538,623.626750941589,0.017684328131034953,0.014948397418044096,0.04207409970920921,0.04171863601838775
Bubble,149.40343680909254,0.5224774774774775,0.4775225225225225,0.4363731896106758,0.5636268103893242,742.8837660104995,624.3812665467266,0.0176582605065727,0.014965875650858003,0.04207004227477478,0.04172032970960376
Bubble,149.41388676707064,0.4915085085085085,0.5084914914914915,0.42933999081939467,0.5706600091806053,701.6986984617855,614.3509789046536,0.016729313336956597,0.014735547611094696,0.041944261807307315,0.04169176437271298
Bubble,149.43841353792655,0.5214784784784785,0.4785215215215215,0.4359118196939576,0.5640881803060424,741.6808437072892,623.836745245497,0.017631367636400466,0.01495349558007326,0.04206598484034034,0.04171845585568701
Bubble,149.44138927138565,0.49250750750750755,0.5074924924924924,0.42926954420241176,0.5707304557975882,703.144138972041,614.3462057144342,0.016762152850986207,0.014735534249346554,0.04194831924174174,0.04169147825377809
Bubble,149.4667604440158,0.4935065065065065,0.5064934934934935,0.4292075894092477,0.5707924105907524,704.5805222927822,614.3459851885506,0.01679477012068539,0.014735617896864965,0.04195237667617618,0.041691226624385666
Bubble,149.483792826579,0.5204794794794795,0.4795205205205205,0.4363095988620262,0.5636904011379738,740.5008114338905,624.5530453175567,0.017605013776185563,0.01497008571231628,0.042061927405905905,0.041720071435778126
Bubble,149.52785444128358,0.5194804804804805,0.48051951951951954,0.43671083953939166,0.5632891604606083,739.3157524110964,625.2696928260581,0.017578535311288612,0.014986677837157595,0.04205786997147148,0.04172170107478924
Bubble,149.55269036992252,0.5184814814814815,0.48151851851851846,0.43601541042208425,0.5639845895779159,738.0820952260758,624.358855573246,0.017550896118539612,0.014965859740610696,0.04205381253703704,0.0417188765894293
Bubble,149.564503846544,0.49450550550550554,0.5054944944944945,0.4307151521014959,0.5692848478985041,706.2167871515006,616.8291565395468,0.016832145107701164,0.01479300633255662,0.04195643411061062,0.04169734959026023
Bubble,149.58660061591257,0.4955045045045045,0.5044954954954954,0.4307262812571746,0.5692737187428253,707.6367315276707,616.9209863496324,0.016864357529463515,0.014795192587858408,0.041960491545045046,0.04169739479132601
Bubble,149.58813339985252,0.5174824824824825,0.4825175175175175,0.4361052623319932,0.5638947376680068,736.8720461268734,624.6032597964652,0.017523813024092165,0.014971587138100212,0.0420497551026026,0.0417192415229614
Bubble,149.60690227773387,0.49650350350350353,0.5034964964964965,0.43075519337700074,0.5692448066229991,709.0487131170895,617.0318372367927,0.016896373971844948,0.014797809375589124,0.04196454897947948,0.04169751221790068
Bubble,149.62040070208533,0.49750250250250255,0.5024974974974974,0.4306866978288332,0.5693133021711667,710.439000099464,616.9806421914062,0.016927867299018323,0.014796680322911893,0.041968606413913916,0.0416972340232318
Bubble,149.62454368942997,0.5164834834834835,0.4835165165165165,0.43634416833883144,0.5636558316611685,735.6623559382825,625.0633876759342,0.01749673323877881,0.0149822678292591,0.04204569766816817,0.041720211839708164
Bubble,149.63470843937768,0.5154844844844845,0.4845155155155155,0.43531808949465867,0.5646819105053413,734.3858054612912,623.6338631162998,0.017468057891614524,0.014949496573315946,0.04204164023373373,0.04171604442048256
Bubble,149.66515769407937,0.5144854854854856,0.48551451451451444,0.4354582559582526,0.5645417440417475,733.1570389568735,623.9340136195792,0.017440513705490553,0.01495648755213438,0.042037582799299304,0.04171661370657445
Bubble,149.69409951701996,0.5134864864864865,0.48651351351351346,0.4356093633739877,0.5643906366260124,731.9224334777136,624.2447850104962,0.017412825289441828,0.01496371699360368,0.04203352536486487,0.04171722742934345
Bubble,149.70224966140316,0.4985015015015015,0.5014984984984985,0.4323323083714368,0.5676676916285631,712.0132989097267,619.6018262403564,0.01696373862479412,0.01485716116976168,0.04197266384834835,0.04170391767045059
Bubble,149.7183186561594,0.49950050050050054,0.5004994994994995,0.4324902310762868,0.5675097689237133,713.4038127640194,619.8811692128679,0.016995224757028124,0.014863630811205753,0.041976721282782785,0.04170455907351634
Bubble,149.71838207055623,0.5124874874874875,0.4875125125125125,0.4357273005646225,0.5642726994353776,730.6740313249408,624.4937256440359,0.017384803265518233,0.014969512446071101,0.04202946793043043,0.04171770643124322
Bubble,149.74724861575342,0.5114884884884885,0.4885115115115115,0.4360308170360865,0.5639691829639134,729.4350387989789,625.0213198268602,0.01735699973396991,0.014981716514386106,0.042025410495996,0.04171893916339207
Bubble,149.75647683180563,0.5004994994994995,0.49950050050050054,0.43331647296732684,0.5666835270326732,714.8509579491888,621.1860742842288,0.01702805378538662,0.014893721645986423,0.04198077871721722,0.0417079148549568
Bubble,149.76334198113514,0.5014984984984985,0.4985015015015015,0.43339128546270206,0.566608714537298,716.2104737192649,621.3157544726299,0.017058789300314795,0.014896722366727169,0.04198483615165165,0.041708218705906776
Bubble,149.76833317110055,0.5094904904904906,0.49050950950950944,0.4353574123177983,0.5646425876822017,726.857314385957,624.132095206758,0.017299002792475888,0.014961382710177853,0.042017295627127124,0.041716204130128734
Bubble,149.77199500659276,0.5104894894894895,0.48951051051051053,0.43622767742429125,0.5637723225757088,728.1835496934241,625.3833415949271,0.017328893446782408,0.014990106863185197,0.042021353061561566,0.04171973871185876
Bubble,149.7822824683794,0.5074924924924925,0.4925075075075075,0.434830318946104,0.565169681053896,724.2511973498781,623.4279339088165,0.01724030757746932,0.01494526986789689,0.04200918075825826,0.04171406334039961
Bubble,149.7894673891022,0.5084914914914915,0.49150850850850847,0.4355768045179072,0.5644231954820927,725.5919572199513,624.5145040556749,0.017270555387614763,0.014970229858721833,0.042013238192692696,0.04171709519154947
Bubble,149.79528834900057,0.5044954954954955,0.49550450450450445,0.434431351371819,0.5655686486281809,720.3023260524045,622.9033174155762,0.017151277020718857,0.014933273469674163,0.04199700845495496,0.04171244293359664
Bubble,149.80306687430354,0.5064934934934935,0.4935065065065065,0.4351826893756976,0.5648173106243024,722.9802727857832,623.9986527264554,0.017211716466399095,0.014958438352748507,0.04200512332382383,0.041715494492899394
Bubble,149.80702444985425,0.5034964964964965,0.4965035035035035,0.43468060086325816,0.565319399136742,719.0005856265127,623.2972186432961,0.017121935185625835,0.014942354085803139,0.04199295102052052,0.04171345526040614
Bubble,149.81703962543256,0.5024974974974975,0.4975025025025025,0.4349336446338787,0.5650663553661214,717.6920211990747,623.6907093199862,0.017092425160659556,0.014951418895798516,0.041988893586086096,0.041714482997680505
Bubble,149.81910655006374,0.5054944944944946,0.4945055055055054,0.4354290427885399,0.56457095721146,721.6948490636347,624.4026040302167,0.017182774622059162,0.014967762827936014,0.04200106588938939,0.041716495057285655
