Branch,Pressure [bar],x_CO2 [-],x_CH4 [-],y_CO2 [-],y_CH4 [-],rho_L [kg/m3],rho_V [kg/m3],rho_L_mol_cm3 [mol/cm3],rho_V_mol_cm3 [mol/cm3],M_liq [kg/mol],M_vap [kg/mol]
Dew,17.871862934015013,0.9999222364016606,7.776359833944202e-05,0.999,0.0010000000000000009,1045.9577779164845,46.68185750631711,0.023767810781109455,0.0010613967809801669,0.0440073251823347,0.04398153296
Dew,17.893190399362116,0.9998443417148406,0.00015565828515939906,0.9980010010010011,0.001998998998998913,1045.8606950174249,46.71127056643106,0.023766781239994712,0.001062740640884265,0.04400514669851262,0.04395359391503503
Dew,17.91456919852927,0.999766237457081,0.00023376254291895826,0.9970020020020021,0.0029979979979979365,1045.7633516198664,46.74075851900909,0.023765748842453374,0.0010640879153029355,0.04400296235361169,0.043925654870070066
Dew,17.935999498992594,0.9996879228790974,0.00031207712090264295,0.996003003003003,0.00399699699699696,1045.6657467993618,46.77032163174123,0.023764713577955586,0.001065438616853802,0.04400077212667663,0.043897715825105106
Dew,17.95748146903645,0.9996093972276868,0.00039060277231317553,0.995004004004004,0.004995995995995983,1045.567879626646,46.79996017390654,0.023763675435914785,0.0010667927582228523,0.04399857599664261,0.04386977678014014
Dew,17.9790152777541,0.9995306597457005,0.00046934025429945514,0.9940050050050051,0.0059949949949948955,1045.4697491676109,46.82967441636854,0.023762634405687554,0.0010681503521645524,0.0439963739423344,0.043841837735175186
Dew,18.000601095037986,0.9994517096720157,0.0005482903279843132,0.9930060060060061,0.006993993993993919,1045.3713544832544,46.85946463153547,0.023761590476572784,0.001069511411501158,0.04399416594246565,0.04381389869021022
Dew,18.02223909161381,0.9993725462415078,0.000627453758492158,0.9920070070070071,0.007992992992992942,1045.2726946296716,46.88933109346932,0.023760543637811837,0.0010708759491254195,0.0439919519756381,0.04378595964524525
Dew,18.04392943902025,0.9992931686850225,0.0007068313149775074,0.991008008008008,0.008991991991991966,1045.1737686579984,46.91927407781011,0.023759493878587664,0.0010722439779990772,0.043989732020340774,0.043758020600280285
Dew,18.065672309630454,0.9992135762293464,0.0007864237706536326,0.990009009009009,0.009990990990990989,1045.0745756143863,46.949293861841845,0.023758441188024605,0.0010736155111545917,0.04398750605494918,0.04373008155531532
Dew,18.087467905988543,0.9991337680971804,0.0008662319028196475,0.9890100100100101,0.010989989989989901,1044.9751154295677,46.979390823570164,0.023757385575412873,0.0010749905639624792,0.04398527405772457,0.04370214251035036
Dew,18.109316345833907,0.9990537435071063,0.0009462564928937045,0.9880110110110111,0.011988988988988925,1044.875385431277,47.00956505333214,0.023756326990920444,0.001076369145245894,0.043983036006812984,0.04367420346538539
Bubble,18.123985873840972,0.999,0.0010000000000000009,0.9873416126988229,0.012658387301177076,1044.80840741416,47.02982698107016,0.02375561598465394,0.0010772948647318527,0.04398153296,0.043655482376012494
Dew,18.13121779694207,0.9989735016735625,0.0010264983264375305,0.987012012012012,0.012987987987987948,1044.7753844379222,47.03981680947418,0.023755265418656933,0.0010777512676999235,0.0439807918802446,0.043646264420420425
Dew,18.153172537158014,0.9988930418068157,0.0011069581931842931,0.986013013013013,0.013986986986986971,1044.6751145645787,47.070146720413646,0.023754200917747974,0.0010791369525364808,0.043978541655932894,0.04361832537545546
Dew,18.175180640983257,0.9988123631129224,0.00118763688707757,0.9850140140140141,0.014985985985985883,1044.574571742754,47.100554727230346,0.023753133406778874,0.0010805262052537617,0.04397628531167363,0.0435903863304905
Dew,18.19724231990154,0.998731464793709,0.0012685352062909994,0.9840150150150151,0.015984984984984907,1044.4737560176866,47.13104123200316,0.02375206289792661,0.0010819190419465567,0.04397402282514425,0.04356244728552553
Dew,18.21935775224767,0.9986503460467366,0.0013496539532633633,0.9830160160160161,0.01698398398398393,1044.3726663996495,47.16160652373797,0.02375098937989335,0.0010833154761536524,0.04397175417390293,0.04353450824056057
Dew,18.241527117224244,0.9985690060652717,0.0014309939347283418,0.982017017017017,0.017982982982982954,1044.2713018936345,47.192250893141654,0.023749912841319,0.0010847155214877106,0.043969479335387696,0.043506569195595604
Dew,18.263750594901648,0.9984874440382554,0.0015125559617445994,0.981018018018018,0.018981981981981977,1044.1696614993186,47.22297463261492,0.02374883327078079,0.0010861191916353415,0.04396719828691566,0.04347863015063063
Dew,18.286028366250825,0.998405659150273,0.0015943408497269829,0.9800190190190191,0.01998098098098089,1044.0677442110352,47.253778036355484,0.02374775065679308,0.0010875265003597128,0.043964911005682054,0.04345069110566567
Dew,18.308360613125583,0.9983236505815224,0.0016763494184776073,0.9790200200200201,0.020979979979979912,1043.965549017721,47.28466140029142,0.023746664987806507,0.0010889374614992653,0.043962617468759464,0.04342275206070071
Dew,18.330747518281317,0.998241417507783,0.0017585824922170534,0.9780210210210211,0.021978978978978936,1043.8630749028935,47.31562502213681,0.02374557625220791,0.0010903520889692347,0.043960317653096874,0.04339481301573574
Dew,18.353189265366588,0.9981589591003839,0.0018410408996161198,0.977022022022022,0.02297797797797796,1043.7603208445944,47.34666920135632,0.02374448443831948,0.0010917703967610838,0.0439580115355188,0.043366873970770776
Dew,18.375686038944004,0.9980762745261721,0.0019237254738279086,0.976023023023023,0.023976976976976982,1043.6572858153654,47.377794239228,0.023743389534398553,0.001093192398944195,0.04395569909272444,0.0433389349258058
Bubble,18.39616057385005,0.9980010010010011,0.001998998998998913,0.9751159401692593,0.024884059830740712,1043.5634848204943,47.406125298931094,0.023742392643426743,0.001094486765370918,0.04395359391503503,0.04331356650335128
Dew,18.398238024488997,0.9979933629474805,0.0020066370525194666,0.9750240240240241,0.024975975975975895,1043.5539687822018,47.40900043883199,0.02374229152863705,0.001094618109665863,0.043953380301286704,0.04331099588084084
Dew,18.420845408401465,0.9979102235220952,0.002089776477904759,0.9740250250250251,0.025974974974974918,1043.4503687065148,47.44028810508204,0.023741190409160992,0.001096047543152275,0.04395105513765138,0.04328305683587588
Dew,18.443508378007536,0.9978268554032229,0.002173144596777088,0.9730260260260261,0.02697397397397394,1043.3464845440935,47.47165754472418,0.023740086164030096,0.001097480713708732,0.04394872357813616,0.043255117790910916
Dew,18.466227121551345,0.9977432577394579,0.002256742260542066,0.972027027027027,0.027972972972972965,1043.2423152450506,47.503109066301775,0.023738978781236965,0.001098917635719098,0.04394638559892973,0.04322717874594595
Dew,18.489001828237516,0.9976594296747493,0.0023405703252507015,0.9710280280280281,0.028971971971971877,1043.1378597538092,47.53464298029038,0.023737868248707182,0.0011003583236491763,0.0439440411760909,0.04319923970098098
Dew,18.51183268820214,0.9975753703483666,0.00242462965163337,0.9700290290290291,0.0299709709709709,1043.0331170090349,47.56625959899301,0.023736754554298252,0.0011018027920445463,0.043941690285547584,0.04317130065601602
Dew,18.534719892534937,0.9974910788948668,0.0025089211051332327,0.9690300300300301,0.030969969969969924,1042.9280859436055,47.59795923660679,0.02373563768579933,0.0011032510555323695,0.0439393329030959,0.043143361611051055
Dew,18.55766363328324,0.9974065544440598,0.0025934455559402103,0.968031031031031,0.03196896896896895,1042.8227654845705,47.62974220922894,0.023734517630930742,0.0011047031288217905,0.0439369690043992,0.04311542256608609
Dew,18.580664103463064,0.9973217961209738,0.0026782038790261753,0.967032032032032,0.03296796796796797,1042.7171545531069,47.661608834885875,0.02373339437734345,0.0011061590267048796,0.04393459856498712,0.04308748352112112
Dew,18.603721497053314,0.9972368030458222,0.0027631969541778156,0.9660330330330331,0.03396696696696688,1042.6112520644779,47.6935594335065,0.0237322679126185,0.00110761876405628,0.04393222156025464,0.043059544476156154
Dew,18.626836009013054,0.9971515743339658,0.00284842566603416,0.9650340340340341,0.034965965965965906,1042.5050569279863,47.725594326972036,0.023731138224266528,0.0011090823558346358,0.043929837965460995,0.043031605431191194
Dew,18.65000783528521,0.9970661090958808,0.0029338909041192185,0.9640350350350351,0.03596496496496493,1042.398568046935,47.75771383912077,0.023730005299727183,0.001110549817082974,0.04392744775572887,0.04300366638622623
Bubble,18.66738422509387,0.9970020020020021,0.0029979979979979365,0.9632875050240796,0.03671249497592044,1042.3186895368642,47.78180310881052,0.02372915537901465,0.001111650412949318,0.043925654870070066,0.04298276018450863
Dew,18.673237172801667,0.9969804064371207,0.003019593562879286,0.963036036036036,0.03696396396396395,1042.2917843185824,47.789918295757374,0.0237288691263687,0.0011120211629291955,0.04392505090604322,0.04297572734126126
Dew,18.696524219494293,0.9968944654582821,0.0031055345417179137,0.9620370370370371,0.037962962962962865,1042.1847046341013,47.82220802468179,0.023727729691487343,0.001113496408587025,0.0439226473912504,0.0429477882962963
Dew,18.71986917429113,0.9968082852549675,0.003191714745032548,0.9610380380380381,0.03896196196196189,1042.077327878528,47.85458335566874,0.02372658698230677,0.001114975569355811,0.04392023718605709,0.042919849251331334
Dew,18.743272237135272,0.9967218649177494,0.0032781350822506106,0.9600390390390391,0.03996096096096091,1041.9696529307214,47.88704462052285,0.023725440985977543,0.0011164586606220923,0.0439178202650293,0.04289191020636637
Dew,18.766733608988037,0.9966352035321334,0.003364796467866582,0.9590400400400401,0.040959959959959935,1041.8616786633213,47.91959215308128,0.023724291689576685,0.0011179456978599412,0.04391539660259131,0.0428639711614014
Dew,18.790253491824,0.9965483001785218,0.0034516998214781935,0.958041041041041,0.04195895895895896,1041.7534039426978,47.9522262891892,0.023723139080106957,0.0011194366966306773,0.04391296617302473,0.04283603211643643
Dew,18.81383208866395,0.9964611539321746,0.0035388460678253963,0.9570420420420421,0.04295795795795787,1041.6448276289061,47.98494736680166,0.0237219831444964,0.0011209316725855323,0.043910528950467285,0.04280809307147147
Dew,18.83746960355699,0.9963737638631733,0.003626236136826666,0.9560430430430431,0.043956956956956894,1041.5359485756455,48.01775572591589,0.023720823869597816,0.0011224306414643614,0.043908084908911925,0.04278015402650651
Dew,18.86116624158956,0.9962861290363825,0.003713870963617527,0.9550440440440441,0.04495595595595592,1041.4267656302018,48.050651708593186,0.023719661242187978,0.001123933619096444,0.043905634022205674,0.04275221498154154
Dew,18.88492220891687,0.9961982485114111,0.003801751488588856,0.9540450450450451,0.04595495495495494,1041.3172776334177,48.08363565905554,0.023718495248967467,0.0011254406214030366,0.043903176264048584,0.04272427593657657
Dew,18.90873771273691,0.9961101213425743,0.0038898786574257382,0.9530460460460461,0.04695395395395385,1041.2074834196228,48.11670792359097,0.023717325876559576,0.0011269516643954596,0.043900711607992624,0.04269633689161161
Dew,18.932612961318817,0.9960217465788535,0.003978253421146549,0.9520470470470471,0.047952952952952876,1041.0973818166067,48.1498688506396,0.02371615311151016,0.0011284667641774072,0.04389824002744066,0.04266839784664665
Bubble,18.93767555868698,0.996003003003003,0.00399699699699696,0.9518355274619584,0.04816447253804157,1041.0740276287063,48.156900775827324,0.023715904303005124,0.001128788064208532,0.043897715825105106,0.04266248226994969
Dew,18.95654816400785,0.9959331232638585,0.004066876736141478,0.9510480480480481,0.0489519519519519,1040.9869716455614,48.18311879080198,0.023714976940286906,0.0011299859369454462,0.043895761495645266,0.042640458801681685
Dew,18.980543531221578,0.9958442504357867,0.004155749564213274,0.9500490490490491,0.04995095095095092,1040.8762517210293,48.21645809681819,0.023713797349278618,0.001131509198988829,0.04389327598570767,0.04261251975671672
Dew,19.00459927447427,0.9957551271273831,0.004244872872616878,0.94905005005005,0.050949949949949946,1040.765220850863,48.24988712364037,0.023712614324794823,0.001133036566691502,0.043890783470576615,0.04258458071175176
Dew,19.028715606369204,0.9956657523659006,0.004334247634099397,0.9480510510510511,0.05194894894894886,1040.6538778361664,48.28340622839901,0.023711427853064983,0.0011345680565316236,0.04388828392304724,0.04255664166678679
Dew,19.05289274061195,0.9955761251730584,0.004423874826941621,0.9470520520520521,0.05294794794794788,1040.542221471253,48.31701577043846,0.02371023792023803,0.0011361036850827092,0.04388577731575993,0.04252870262182183
Dew,19.077130892018207,0.9954862445650018,0.004513755434998212,0.9460530530530531,0.053946946946946905,1040.43025054359,48.350716111334584,0.023709044512381653,0.0011376434690143597,0.04388326362119919,0.042500763576856865
Dew,19.10143027652311,0.9953961095522601,0.0046038904477399,0.9450540540540541,0.05494594594594593,1040.3179638337524,48.38450761491695,0.02370784761548179,0.0011391874250930992,0.04388074281169244,0.0424728245318919
Dew,19.125791111183233,0.9953057191397051,0.004694280860294886,0.9440550550550552,0.05594494494494484,1040.2053601153639,48.41839064726721,0.023706647215441818,0.0011407355701826577,0.043878214859408904,0.04244488548692693
Dew,19.15021361418848,0.9952150723265089,0.004784927673491146,0.9430560560560561,0.056943943943943864,1040.0924381550547,48.45236557674972,0.02370544329808213,0.0011422879212450113,0.04387567973635837,0.04241694644196197
Dew,19.174698004875445,0.9951241681061007,0.004875831893899285,0.9420570570570571,0.05794294294294289,1039.9791967124038,48.48643277404705,0.023704235849139405,0.0011438444953415449,0.04387313741439004,0.042389007396997004
Dew,19.199244503715725,0.9950330054661263,0.004966994533873725,0.9410580580580581,0.05894194194194191,1039.8656345398879,48.520592612112964,0.023703024854265918,0.0011454053096322688,0.04387058786519137,0.04236106835203204
Bubble,19.20705164316484,0.995004004004004,0.004995995995995983,0.9407408418707208,0.05925915812927918,1039.8295045138,48.53145824112197,0.023702639512506733,0.001145901794014318,0.04386977678014014,0.04235219675423212
Dew,19.22385333235132,0.9949415833884008,0.005058416611599226,0.9400590590590591,0.059940940940940934,1039.7517503828271,48.55484546628056,0.023701810299028965,0.0011469703813787003,0.04386803106028675,0.04233312930706708
Dew,19.24852471357443,0.9948499008488689,0.005150099151131071,0.9390600600600602,0.06093993993993985,1039.6375429793331,48.589191714186825,0.0237005921689102,0.001148539727942414,0.04386546697103635,0.04230519026210211
Dew,19.273258871361296,0.9947579568175582,0.0052420431824418134,0.9380610610610611,0.06193893893893887,1039.5230110602542,48.62363173587557,0.02369937044930492,0.0011501133667878084,0.04386289556863492,0.04227725121713714
Dew,19.298056030858163,0.994665750258536,0.005334249741464014,0.9370620620620621,0.0629379379379379,1039.4081533491212,48.65816591374247,0.02369814512552147,0.0011516913154811436,0.04386031682411049,0.042249312172172176
Dew,19.322916418406187,0.9945732801298645,0.0054267198701355435,0.9360630630630631,0.06393693693693692,1039.2929685620932,48.6927946326083,0.023696916182780532,0.0011532735916926146,0.043857730708323134,0.04222137312720721
Dew,19.34784026153872,0.9944805453835545,0.0055194546164455405,0.9350640640640641,0.06493593593593594,1039.1774554079002,48.727518279700874,0.02369568360621447,0.001154860213196266,0.04385513719196368,0.04219343408224225
Dew,19.372827788993767,0.9943875449655211,0.005612455034478936,0.9340650650650651,0.06593493493493485,1039.0616125877903,48.76233724468748,0.02369444738086661,0.0011564511978711057,0.043852536245552534,0.04216549503727728
Dew,19.397879230726545,0.9942942778155373,0.005705722184462747,0.9330660660660661,0.06693393393393388,1038.945438795471,48.79725191970715,0.023693207491690616,0.0011580465637022197,0.043849927839438245,0.042137555992312316
Dew,19.422994817905057,0.9942007428671866,0.0057992571328133735,0.9320670670670671,0.0679329329329329,1038.828932717052,48.83226269934701,0.023691963923549695,0.0011596463287805601,0.043847311943796326,0.04210961694734735
Dew,19.44817478293523,0.9941069390478176,0.0058930609521824495,0.9310680680680681,0.06893193193193192,1038.7120930309898,48.86736998071605,0.02369071666121598,0.0011612505113050519,0.043844688528627884,0.04208167790238239
Dew,19.47341935945682,0.9940128652784954,0.005987134721504583,0.9300690690690692,0.06993093093093083,1038.5949184080275,48.90257416342248,0.023689465689369794,0.0011628591295824117,0.043842057563758294,0.04205373885741743
Bubble,19.475528061372046,0.9940050050050051,0.0059949949949948955,0.9299857282604103,0.07001427173958974,1038.58512503004,48.90551471608865,0.02368936109164882,0.0011629935112837573,0.043841837735175186,0.04205140806168803
Dew,19.498728782355172,0.9939185204739551,0.006081479526044875,0.9290700700700701,0.07092992992992986,1038.477407511138,48.937875649603264,0.023688210992598893,0.0011644722020282103,0.043839419018835916,0.042025799812452455
Dew,19.524103287774835,0.9938239035425527,0.006176096457447322,0.9280710710710711,0.07192892892892888,1038.3595589954668,48.97327484395969,0.023686952555397857,0.0011660897471680795,0.043836772863330715,0.04199786076748749
Dew,19.549543113120567,0.9937290133862171,0.006270986613782892,0.9270720720720721,0.0729279279279279,1038.2413715082662,49.00877215375142,0.023685690362167177,0.0011677117836379383,0.043834119066532874,0.04196992172252252
Dew,19.57504849707213,0.9936338489004011,0.006366151099598927,0.9260730730730731,0.07392692692692693,1038.1228436888446,49.044367988835816,0.023684424397212755,0.001169338330185297,0.04383145759755148,0.04194198267755756
Dew,19.600619679589762,0.9935384089740312,0.0064615910259687714,0.9250740740740742,0.07492592592592584,1038.0039741684943,49.080062761676466,0.023683154644744877,0.0011709694056698345,0.04382878842531309,0.0419140436325926
Dew,19.626256901927672,0.993442692489459,0.006557307510540955,0.9240750750750751,0.07592492492492486,1037.884761570445,49.11585688737824,0.0236818810888778,0.0011726050290646064,0.043826111518560404,0.04188610458762763
Dew,19.651960406630373,0.9933466983224098,0.006653301677590151,0.9230760760760761,0.07692392392392389,1037.7652045097857,49.15175078366581,0.02368060371362861,0.0011742452194559122,0.04382342684585078,0.04185816554266266
Dew,19.677730437563635,0.9932504253419326,0.006749574658067359,0.9220770770770771,0.07792292292292291,1037.6453015934196,49.18774487097556,0.023679322502916895,0.001175889996045869,0.043820734375554844,0.0418302264976977
Dew,19.703567239904388,0.9931538724103477,0.006846127589652307,0.9210780780780782,0.07892192192192182,1037.5250514199845,49.22383957241301,0.02367803744056351,0.0011775393781517836,0.04381803407585509,0.04180228745273274
Dew,19.7294710601542,0.9930570383831967,0.0069429616168033,0.9200790790790792,0.07992092092092085,1037.4044525798054,49.26003531378751,0.023676748510290228,0.0011791933852073634,0.0438153259147444,0.041774348407767774
Bubble,19.74311906668068,0.9930060060060061,0.006993993993993919,0.9195537652853175,0.08044623471468249,1037.3408934953388,49.27910845565319,0.023676069112907372,0.0011800649735057198,0.04381389869021022,0.04175965693588509
Dew,19.755442146158213,0.9929599221091883,0.007040077890811736,0.9190800800800801,0.08091991991991987,1037.2835036548145,49.29633252366455,0.023675455695718578,0.0011808520367643626,0.04381260986002456,0.04174640936280281
Dew,19.781480747104233,0.9928625224301475,0.007137477569852502,0.9180810810810811,0.08191891891891889,1037.162203218504,49.33273163335309,0.02367415898036942,0.0011825153524926723,0.04380988587930484,0.04171847031783783
Dew,19.807587113531287,0.9927648381809612,0.007235161819038827,0.9170820820820821,0.08291791791791792,1037.0405498358443,49.369233076924026,0.023672858347661772,0.0011841833521811587,0.04380715394000047,0.04169053127287287
Dew,19.833761497344188,0.9926668681895252,0.007333131810474791,0.9160830830830832,0.08391691691691683,1036.9185420632302,49.40583729124786,0.023671553780912277,0.001185856055738968,0.04380441400933118,0.04166259222790791
Dew,19.860004151831873,0.9925686112766892,0.007431388723310839,0.9150840840840841,0.08491591591591585,1036.7961784484112,49.44254471604492,0.02367024526333433,0.001187533483197135,0.04380166605431962,0.041634653182942946
Dew,19.886315331657933,0.9924700662562039,0.007529933743796069,0.9140850850850851,0.08591491491491487,1036.673457530423,49.479355793844704,0.023668932778037183,0.0011892156547080148,0.04379891004178991,0.04160671413797798
Dew,19.91269529287687,0.992371231934664,0.007628768065335967,0.9130860860860861,0.0869139139139139,1036.550377839519,49.516270970028955,0.023667616308025094,0.0011909025905467274,0.04379614593836603,0.04157877509301302
Dew,19.93914429295724,0.992272107111454,0.0077278928885460285,0.9120870870870871,0.08791291291291292,1036.4269378971087,49.55329069289723,0.023666295836196678,0.0011925943111131482,0.04379337371047032,0.041550836048048045
Dew,19.965662590781612,0.9921726905786903,0.007827309421309714,0.9110880880880882,0.08891191191191183,1036.303136215681,49.59041541365692,0.023664971345343816,0.0011942908369320865,0.04379059332432186,0.041522897003083085
Dew,19.992250446640845,0.9920729811211668,0.00792701887883318,0.9100890890890891,0.08991091091091086,1036.1789712987384,49.62764558639455,0.023663642818150938,0.0011959921886530156,0.04378780474593492,0.04149495795811812
Bubble,20.009837721255487,0.9920070070070071,0.007992992992992942,0.9094297016774727,0.09057029832252728,1036.0968137607013,49.652276594470344,0.02366276363827992,0.0011971177999642155,0.04378595964524525,0.04147651684400195
Dew,20.018908122275146,0.9919729775162964,0.008027022483703572,0.9090900900900901,0.09090990990990988,1036.0544416407295,49.66498166819942,0.023662310237194173,0.0011976983870534733,0.043785007941117365,0.04146701891315316
Dew,20.04563588087073,0.9918726785340521,0.008127321465947857,0.9080910910910911,0.0919089089089089,1035.9295457269757,49.70242411914268,0.02366097358494046,0.0011994094530389913,0.043782202875468974,0.04143907986818819
Dew,20.07243398705652,0.9917720829369118,0.00822791706308823,0.9070920920920922,0.09290790790790782,1035.8042820335954,49.73997340225643,0.02365963284374652,0.0012011254076430182,0.04377938951437993,0.041411140823223225
Dew,20.09930270692609,0.9916711894797962,0.008328810520203844,0.9060930930930932,0.09390690690690684,1035.6786490274394,49.77762998359502,0.02365828799585818,0.0012028462720288355,0.04377656782302904,0.04138320177825826
Dew,20.126242308064008,0.9915699969100125,0.008430003089987537,0.9050940940940941,0.09490590590590586,1035.5526451660198,49.81539433231024,0.023656939023409467,0.0012045720674918135,0.0437737377663822,0.04135526273329329
Dew,20.15325305952546,0.9914685039671918,0.008531496032808228,0.9040950950950951,0.09590490490490489,1035.4262688974266,49.853266920575095,0.02365558590842151,0.0012063028154580128,0.04377089930919062,0.04132732368832834
Dew,20.180335231870462,0.9913667093832289,0.008633290616771094,0.9030960960960961,0.09690390390390391,1035.2995186602584,49.89124822368428,0.023654228632801755,0.0012080385374870612,0.04376805241598914,0.04129938464336337
Dew,20.207489097157975,0.9912646118822248,0.008735388117775189,0.9020970970970972,0.09790290290290282,1035.172392883555,49.92933872002508,0.023652867178343095,0.001209779255271898,0.04376519705109466,0.041271445598398404
Dew,20.234714928977546,0.9911622101804198,0.008837789819580166,0.9010980980980982,0.09890190190190185,1035.0448899867108,49.96753889116926,0.02365150152672283,0.0012115249906414559,0.043762333178604215,0.04124350655343344
Dew,20.262013002437303,0.9910595029861352,0.00894049701386479,0.9000990990990991,0.09990090090090087,1034.9170083794054,50.005849221823965,0.023650131659501784,0.0012132757655599275,0.043759460762393364,0.04121556750846848
Bubble,20.27569601852357,0.991008008008008,0.008991991991991966,0.8995993434301642,0.10040065656983577,1034.852889257277,50.025055032603085,0.023649444720327418,0.0012141534837600007,0.043758020600280285,0.04120159082168515
Dew,20.289383594190014,0.990956488999708,0.009043511000291993,0.8991001001001001,0.10089989989989989,1034.7887464615221,50.044270199905434,0.02364875755812328,0.0012150316021290184,0.0437565797661144,0.04118762846350351
Dew,20.316826982438258,0.9908531669134304,0.009146833086569606,0.8981011011011012,0.1018988988988988,1034.6601026230787,50.08280231654538,0.023647379203912362,0.0012167925225885648,0.04375369015319459,0.04115968941853855
Dew,20.3443434469467,0.9907495354114824,0.009250464588517637,0.8971021021021022,0.10289789789789783,1034.5310752441383,50.12144606612004,0.023645996578074584,0.0012185585493177111,0.043750791886834346,0.041131750373573576
Dew,20.37193326906095,0.9906455931698691,0.00935440683013089,0.8961031031031031,0.10389689689689685,1034.4016626947373,50.16020194630061,0.023644609661695206,0.001220329704836609,0.04374788493000546,0.04110381132860861
Dew,20.399596731699475,0.9905413388563565,0.009458661143643465,0.8951041041041041,0.10489589589589587,1034.271863334806,50.19907045801636,0.02364321843573818,0.0012221060118060001,0.04374496924544928,0.04107587228364365
Dew,20.427334119382458,0.9904367711304031,0.00956322886959693,0.8941051051051051,0.1058948948948949,1034.1416755140822,50.23805210553718,0.023641822881045035,0.0012238874930297057,0.04374204479567483,0.04104793323867868
Dew,20.455145718244555,0.9903318886430946,0.009668111356905373,0.8931061061061062,0.10689389389389381,1034.011097572036,50.277147396504084,0.02364042297833405,0.001225674171455856,0.043739111542956975,0.04101999419371372
Dew,20.483031816033353,0.9902266900370778,0.00977330996292225,0.8921071071071072,0.10789289289289283,1033.8801278377853,50.316356841913354,0.023639018708199094,0.0012274660701769968,0.043736169449334554,0.04099205514874875
Dew,20.510992702131578,0.990121173946491,0.009878826053508982,0.8911081081081081,0.10889189189189186,1033.748764630012,50.355680956177416,0.023637610051108673,0.0012292632124320667,0.04373321847660847,0.04096411610378379
Dew,20.539028667561684,0.9900153389968975,0.009984661003102469,0.8901091091091091,0.10989089089089088,1033.61700625688,50.395120257128525,0.023636196987404854,0.0012310656216069883,0.04373025858633979,0.04093617705881882
Bubble,20.540704991879135,0.990009009009009,0.009990990990990989,0.8900494544960924,0.10995054550390759,1033.6091230381728,50.397478360462685,0.023636112403100224,0.0012311734027370149,0.04373008155531532,0.0409345086958704
Dew,20.567140005005413,0.989909183805215,0.010090816194785024,0.8891101101101102,0.11088988988988979,1033.4848510159497,50.43467526607121,0.023634779497302246,0.00123287332123645,0.043727289739847804,0.04090823801385386
Dew,20.595327008813516,0.9898027069796457,0.010197293020354325,0.8881111111111112,0.11188888888888882,1033.3522971940913,50.47434650780222,0.02363335756088689,0.0012346863350049047,0.04372431189820803,0.040880298968888895
Dew,20.623589975014056,0.9896959071196079,0.010304092880392135,0.8871121121121122,0.11288788788788784,1033.2193430674024,50.514134510626505,0.02363193115811526,0.0012365046867474712,0.04372132502225035,0.04085235992392393
Dew,20.651929201330702,0.9895887828156625,0.010411217184337462,0.8861131131131131,0.11388688688688686,1033.0859869011192,50.55403980640483,0.02363050026881316,0.0012383284004516164,0.04371832907255695,0.04082442087895896
Dew,20.68034498718694,0.9894813326494435,0.01051866735055651,0.8851141141141141,0.11488588588588589,1032.9522269495271,50.594062930556234,0.023629064872674608,0.0012401575002577386,0.043715324009460294,0.040796481833993994
Dew,20.708837633726382,0.9893735551935824,0.010626444806417612,0.8841151151151152,0.1158848848848848,1032.8180614558717,50.63420442211224,0.023627624949260705,0.0012419920104610187,0.04371230979304113,0.040768542789029034
Dew,20.737407443827593,0.989265449011639,0.010734550988360958,0.8831161161161162,0.11688388388388382,1032.6834886522754,50.674464823753034,0.023626180477998658,0.0012438319555128424,0.043709286383126475,0.04074060374406407
Dew,20.766054722104244,0.9891570126580241,0.010842987341975863,0.8821171171171172,0.11788288288288284,1032.5485067596383,50.714844681796954,0.02362473143818048,0.001245677360021074,0.04370625373928748,0.04071266469909911
Dew,20.794779774931516,0.9890482446779267,0.010951755322073264,0.8811181181181181,0.11888188188188187,1032.413113987555,50.75534454627366,0.023623277808962045,0.0012475282487523964,0.04370321182083737,0.04068472565413414
Bubble,20.804874811249604,0.9890100100100101,0.010989989989989901,0.8807676691173297,0.11923233088267027,1032.3655178156168,50.769579814518096,0.0236227667229613,0.0012481788294068312,0.04370214251035036,0.04067492463291113
Dew,20.82358291044865,0.9889391436072374,0.011060856392762553,0.8801191191191192,0.11988088088088078,1032.2773085342137,50.79596497092121,0.023621819569361675,0.0012493846466327808,0.043700160586829365,0.040656786609169174
Dew,20.852464438580796,0.988829707972474,0.011170292027525952,0.8791201201201202,0.1208798798798798,1032.1410885863115,50.83670651324455,0.02362035669825928,0.0012512465787494773,0.043697099996054506,0.04062884756420421
Dew,20.88142467104835,0.988719936290703,0.011280063709297017,0.8781211211211212,0.12187887887887883,1032.0044523189574,50.87756973453399,0.02361888917439502,0.0012531140703520224,0.043694030007039544,0.04060090851923924
Dew,20.910463921372994,0.988609827069462,0.011390172930538012,0.8771221221221221,0.12287787787787785,1031.8673978955717,50.91855519987306,0.02361741697636806,0.0012549871468529933,0.043690950578044736,0.04057296947427428
Dew,20.93958250491564,0.9884993788066829,0.011500621193317073,0.8761231231231231,0.12387687687687687,1031.7299234678037,50.95966347824853,0.02361594008263567,0.0012568658338312814,0.04368786166706165,0.04054503042930931
Dew,20.968780738848935,0.9883885899906122,0.011611410009387813,0.8751241241241242,0.12487587587587579,1031.5920271754187,51.00089514245065,0.023614458471511595,0.001258750157030206,0.04368476323181105,0.040517091384344346
Dew,20.99805894222097,0.9882774590997285,0.011722540900271472,0.8741251251251252,0.1258748748748748,1031.4537071462144,51.04225076926539,0.023612972121165254,0.0012606401423628265,0.043681655229740476,0.04048915233937938
Dew,21.0274174359205,0.9881659846026661,0.011834015397333864,0.8731261261261262,0.12687387387387383,1031.31496149591,51.08373093935166,0.023611481009620166,0.001262535815909496,0.04367853761802215,0.04046121329441442
Dew,21.056856542726713,0.9880541649581289,0.011945835041871078,0.8721271271271271,0.12787287287287286,1031.1757883280543,51.125336237388325,0.023609985114752905,0.0012644372039220756,0.04367541035355059,0.04043327424944945
Bubble,21.06821486903624,0.9880110110110111,0.011988988988988925,0.8717424141965301,0.1282575858034699,1031.1220759940836,51.14139125713849,0.02360940770932008,0.0012651709399629737,0.04367420346538539,0.04042251496753093
Dew,21.08637658730676,0.9879419986148127,0.012058001385187311,0.8711281281281281,0.12887187187187188,1031.0361857339255,51.16706725205473,0.02360848441429183,0.0012663443328240433,0.043672273392940414,0.040405335204484485
Dew,21.115977896229055,0.9878294840113179,0.012170515988682129,0.8701291291291292,0.1298708708708708,1030.8961517924236,51.20892457606139,0.02360697888581573,0.0012682572292118494,0.04366912669252389,0.04037739615951952
Dew,21.145660797990637,0.9877166195760674,0.012283380423932622,0.8691301301301302,0.13086986986986981,1030.755684569972,51.250908806225205,0.0236054685067526,0.0012701759198573792,0.04366597020834867,0.04034945711455456
Dew,21.175425623017343,0.9876034037272231,0.012396596272776894,0.8681311311311312,0.13186886886886884,1030.614782120416,51.29302054345822,0.023603953254378415,0.0012721004317082822,0.043662803896175405,0.04032151806958959
Dew,21.20527270368614,0.9874898348725952,0.012510165127404771,0.8671321321321321,0.13286786786786786,1030.4734424849084,51.335260392826754,0.02360243310581561,0.0012740307918900485,0.04365962771147527,0.040293579024624625
Dew,21.235202374334968,0.9873759114095627,0.012624088590437288,0.8661331331331332,0.13386686686686677,1030.3316636918164,51.377628963570835,0.023600908038031995,0.001275967027707108,0.04365644160942769,0.040265639979659665
Dew,21.265214971284443,0.9872616317249789,0.012738368275021061,0.8651341341341342,0.1348658658658658,1030.1894437566007,51.4201268691611,0.02359937802783918,0.0012779091666448676,0.04365324554491776,0.04023770093469469
Dew,21.29531083284501,0.9871469941950893,0.012853005804910667,0.8641351351351352,0.13586486486486482,1030.046780681724,51.462754727309665,0.023597843051891536,0.0012798572363706072,0.04365003947253383,0.04020976188972973
Dew,21.325490299337808,0.987031997185437,0.012968002814563007,0.8631361361361362,0.13686386386386384,1029.903672456525,51.50551316002416,0.023596303086684502,0.001281811264735461,0.04364682334656501,0.040181822844764764
Bubble,21.330733856674815,0.987012012012012,0.012987987987987948,0.8629628403621081,0.13703715963789187,1029.8787996998171,51.512943175298716,0.023596035385286627,0.001282150822471281,0.043646264420420425,0.040176976274920694
Dew,21.35575371311596,0.9869166390507762,0.013083360949223799,0.8621371371371371,0.13786286286286287,1029.7601170571227,51.54840279366322,0.023594758108553462,0.0012837712797764344,0.04364359712099862,0.0401538837997998
Dew,21.38610141855829,0.9868009181349792,0.013199081865020834,0.8611381381381382,0.13886186186186178,1029.6161124462926,51.59142425890433,0.02359320809367214,0.0012857373097162528,0.04364036074951769,0.04012594475483484
Dew,21.416533762107257,0.9866848327709447,0.013315167229055347,0.8601391391391392,0.1398608608608608,1029.4716565733631,51.634578190852054,0.023591653018051356,0.0012877093829667076,0.04363711418549832,0.04009800570986987
Dew,21.447051092274553,0.9865683812805063,0.013431618719493721,0.8591401401401402,0.14085985985985983,1029.326747374098,51.67786522904337,0.023590092857537513,0.001289687528129447,0.043633857382007174,0.04007006666490491
Dew,21.477653759656544,0.9864515619743358,0.013548438025664189,0.8581411411411412,0.14185885885885885,1029.1813827705826,51.72128601748436,0.023588527587811214,0.0012916717739975558,0.043630590291798735,0.04004212761993994
Dew,21.50834211696679,0.9863343731518516,0.013665626848148427,0.8571421421421422,0.14285785785785776,1029.0355606711096,51.764841204740925,0.023586957184385794,0.0012936621495584905,0.043627312867312765,0.04001418857497498
Dew,21.539116519016638,0.9862168131011195,0.013783186898880473,0.8561431431431432,0.14385685685685679,1028.8892789700562,51.80853144386461,0.023585381622605775,0.001295658683992903,0.043624025060671534,0.039986249530010017
Dew,21.569977322763467,0.9860988800987586,0.013901119901241432,0.8551441441441442,0.1448558558558558,1028.7425355477715,51.85235739253317,0.023583800877645472,0.0012976614066788344,0.04362072682367719,0.03995831048504505
Bubble,21.592439832968743,0.986013013013013,0.013986986986986971,0.8544187605825694,0.14558123941743062,1028.6356908072175,51.88426469375452,0.023582649768256414,0.0012991194843114356,0.04361832537545546,0.039938023653963144
Dew,21.60092488732179,0.9859805724098409,0.014019427590159061,0.8541451451451452,0.14585485485485483,1028.595328270455,51.89631971307314,0.023582214924507492,0.0012996703471929703,0.04361741810780893,0.03993037144008008
Dew,21.631959573966654,0.9858618882877968,0.01413811171220325,0.8531461461461461,0.14685385385385386,1028.4476549900373,51.940419072457786,0.02358062373802119,0.001301685535311285,0.043614098864220345,0.039902432395115116
Dew,21.663081746161158,0.9857428259743083,0.01425717402569171,0.8521471471471472,0.14785285285285277,1028.2995135440513,51.984656142381674,0.023579027292841056,0.0013037070010116106,0.04361076904373652,0.039874493350150156
Dew,21.6942917695742,0.9856233836992152,0.014376616300784795,0.8511481481481482,0.1488518518518518,1028.1509017555209,52.02903159930413,0.023577425563445373,0.0013057347744754343,0.04360742859685131,0.039846554305185196
Dew,21.72559001208996,0.9855035596804071,0.014496440319592852,0.8501491491491492,0.14985085085085081,1028.0018174328218,52.07354612446633,0.023575818524134404,0.001307768886089042,0.043604077473724336,0.03981861526022023
Dew,21.75697684382769,0.9853833521237277,0.01461664787627226,0.8491501501501502,0.15084984984984984,1027.8522583695706,52.11820040394099,0.023574206149028998,0.001309809366445487,0.04360071562417838,0.039790676215255255
Dew,21.78845263717415,0.9852627592228598,0.014737240777140226,0.8481511511511511,0.15184884884884886,1027.7022223444842,52.16299512872225,0.023572588412068905,0.001311856246347576,0.04359734299769609,0.03976273717029029
Dew,21.820017766771333,0.9851417791592322,0.014858220840767822,0.8471521521521522,0.15284784784784777,1027.551707121262,52.207930994673745,0.02357096528701119,0.0013139095568073004,0.04359395954341742,0.03973479812532533
Dew,21.851672609557976,0.9850204101019039,0.014979589898096113,0.8461531531531532,0.1538468468468468,1027.4007104484474,52.253008702646696,0.023569336747428553,0.0013159693290495456,0.04359056521013636,0.03970685908036037
Bubble,21.853340285126528,0.9850140140140141,0.014985985985985883,0.8461005953548186,0.15389940464518137,1027.3927509624257,52.2553835993349,0.023569250870433038,0.0013160778589426522,0.0435903863304905,0.03970538919431203
Dew,21.88341754478694,0.9848986502074603,0.015101349792539742,0.8451541541541542,0.15484584584584582,1027.249230059299,52.29822895852188,0.023567702766707683,0.0013180355945139,0.043587159946298054,0.0396789200353954
Dew,21.915252954028055,0.984776497619908,0.015223502380091958,0.8441551551551552,0.15584484484484484,1027.0972636716674,52.34359247320542,0.02356606331804775,0.0013201083848553023,0.043583743699995875,0.039650980990430434
Dew,21.94717922119827,0.9846539504705578,0.015346049529442185,0.8431561561561562,0.15684384384384376,1026.9448089878424,52.38909996271085,0.023564418374458378,0.0013221877319468743,0.04358031641896811,0.03962304194546547
Dew,21.979196732578533,0.9845310068779175,0.015468993122082497,0.8421571571571572,0.15784284284284278,1026.7918636944307,52.434752148199,0.023562767908758234,0.0013242736678816963,0.04357687805059499,0.03959510290050051
Dew,22.011305876830114,0.984407664947583,0.015592335052416972,0.8411581581581582,0.1588418418418418,1026.6384254622221,52.48054975601646,0.023561111893573256,0.0013263662249745583,0.04357342854189566,0.03956716385553554
Dew,22.04350704501443,0.9842839227721207,0.015716077227879266,0.8401591591591592,0.15984084084084083,1026.4844919460388,52.5264935177445,0.023559450301334765,0.0013284654357639772,0.04356996783952481,0.039539224810570574
Dew,22.075800630616893,0.9841597784309521,0.015840221569047852,0.8391601601601602,0.16083983983983985,1026.3300607846045,52.572584170261045,0.02355778310427786,0.0013305713330145593,0.043566495889769574,0.039511285765605614
Dew,22.10818702955063,0.984035229990242,0.015964770009758045,0.8381611611611612,0.16183883883883876,1026.1751296003974,52.61882245573893,0.02355611027443948,0.0013326839497177548,0.0435630126385463,0.03948334672064064
Bubble,22.1134421833476,0.9840150150150151,0.015984984984984907,0.8379993236331854,0.1620006763668146,1026.1499816044402,52.6263263735229,0.023555838699296363,0.0013330268120563139,0.04356244728552553,0.03947882060402225
Dew,22.140666640199598,0.9839102755027793,0.01608972449722068,0.8371621621621622,0.16283783783783778,1026.0196959995153,52.66520912176821,0.023554431783656807,0.0013348033190957597,0.04355951803139725,0.03945540767567568
Dew,22.173239863413933,0.9837849130078595,0.01621508699214047,0.8361631631631632,0.1638368368368368,1025.8637575715218,52.71174492132795,0.02355274760356522,0.0013369294746016205,0.043556012013487334,0.03942746863071071
Dew,22.205907102551738,0.9836591405311633,0.016340859468836677,0.8351641641641642,0.16483583583583583,1025.7073118893063,52.7584306129043,0.023551057705596613,0.0013390624499230478,0.04355249452960067,0.039399529585745746
Dew,22.238668763485755,0.9835329560846392,0.0164670439153608,0.8341651651651653,0.16583483483483474,1025.5503565089357,52.80526696049769,0.023549362060977463,0.0013412022789834313,0.043548965524137354,0.03937159054078078
Dew,22.271525254609323,0.9834063576663776,0.01659364233362237,0.8331661661661662,0.16683383383383377,1025.3928889694985,52.85225473362817,0.023547660640726848,0.001343348995942814,0.043545424941109884,0.03934365149581582
Dew,22.304476986901506,0.9832793432604918,0.016720656739508177,0.8321671671671672,0.1678328328328328,1025.2349067929708,52.89939470752617,0.023545953415654852,0.001345502635203584,0.04354187272413991,0.03931571245085085
Dew,22.33752437390099,0.983151910836987,0.016848089163012947,0.8311681681681682,0.1688318318318318,1025.0764074840415,52.94668766303685,0.023544240356360234,0.0013476632314089008,0.04353830881645445,0.039287773405885885
Dew,22.370667831755668,0.9830240583516423,0.016975941648357695,0.8301691691691692,0.16983083083083084,1024.9173885299804,52.99413438676202,0.023542521433228856,0.0013498308194471692,0.043534733160882716,0.039259834360920925
Bubble,22.37275202974017,0.9830160160160161,0.01698398398398393,0.8301064387852446,0.1698935612147554,1024.90738398406,52.99711823117689,0.02354241325802243,0.0013499671471756667,0.04353450824056057,0.03925807997776449
Dew,22.403907779223452,0.9828957837458742,0.017104216254125837,0.8291701701701703,0.17082982982982975,1024.7578474004608,53.04173567104894,0.02354079661643134,0.0013520054344526248,0.04353114569985222,0.039231895315955966
Dew,22.437244637709767,0.9827670849466156,0.017232915053384423,0.8281711711711712,0.17182882882882877,1024.5977815474193,53.08949231409389,0.023539065875921368,0.0013541871118088536,0.0435275463753854,0.03920395627099099
Dew,22.470678831286087,0.9826379598661806,0.017362040133819368,0.8271721721721722,0.1728278278278278,1024.4371884048921,53.137405119986774,0.023537329181433617,0.001356375887150818,0.04352393512909587,0.039176017226026025
Dew,22.504210786700614,0.982508406402134,0.017491593597866006,0.8261731731731732,0.17382682682682682,1024.2760653888465,53.18547489873017,0.023535586502481557,0.0013585717963662412,0.043520311902184736,0.03914807818106106
Dew,22.53784093341792,0.9823784224371591,0.017621577562840884,0.8251741741741743,0.17482582582582573,1024.1144098970303,53.23370246634994,0.0235338378083556,0.0013607748755993375,0.04351667663543693,0.0391201391360961
Dew,22.571569703617126,0.9822480058389218,0.0177519941610782,0.8241751751751752,0.17582482482482475,1023.9522193087947,53.28208864487534,0.0235320830681208,0.0013629851612512202,0.043513029269217365,0.03909220009113114
Dew,22.60539753224126,0.9821171544599353,0.017882845540064696,0.8231761761761762,0.17682382382382378,1023.7894909849414,53.330634262479464,0.023530322250615007,0.0013652026899844153,0.04350936974346719,0.039064261046166164
Bubble,22.631275902156055,0.982017017017017,0.017982982982982954,0.8224139089612352,0.17758609103876477,1023.6649591808742,53.36778316359266,0.023528974545860195,0.0013668996107546439,0.043506569195595604,0.03904294268847523
Dew,22.639324857003487,0.9819858661374214,0.018014133862578552,0.8221771771771772,0.1778228228228228,1023.6262222675424,53.379340153484755,0.02352855532444647,0.0013674274987239374,0.04350569799769992,0.0390363220012012
Dew,22.673352118403926,0.9818541386931716,0.01814586130682838,0.8211781781781782,0.17882182182182182,1023.4624104797755,53.42820715840137,0.02352678225799181,0.001369659624659213,0.04350201397099748,0.03900838295623624
Dew,22.707479759772056,0.9817219699334072,0.018278030066592788,0.8201791791791793,0.17982082082082074,1023.2980529257533,53.47723612404558,0.023525003019393847,0.0013718991052480685,0.043498317602006405,0.03898044391127128
Dew,22.741708227270152,0.9815893576486366,0.01841064235136336,0.8191801801801802,0.18081981981981976,1023.1331468903459,53.52642790353643,0.02352321757655931,0.001374145978217603,0.04349460882893374,0.03895250486630631
Dew,22.776037969944774,0.9814562996135109,0.018543700386489115,0.8181811811811812,0.18181881881881878,1022.9676896390159,53.57578335644213,0.023521425897156865,0.0013764002815689186,0.04349088758954305,0.03892456582134134
Dew,22.81046943970358,0.9813227935866773,0.01867720641332271,0.8171821821821822,0.1828178178178178,1022.8016784176182,53.62530334869359,0.023519627948614327,0.0013786620535758795,0.04348715382115035,0.03889662677637637
Dew,22.84500309138962,0.9811888373106353,0.01881116268936467,0.8161831831831833,0.18381681681681672,1022.635110452246,53.67498875280183,0.023517823698116967,0.0013809313327916863,0.04348340746062003,0.03886868773141141
Dew,22.879639382774577,0.9810544285115844,0.01894557148841558,0.8151841841841843,0.18481581581581574,1022.4679829490308,53.72484044782263,0.02351601311260479,0.001383208158048972,0.04347964844436062,0.03884074868644645
Bubble,22.889019493572906,0.981018018018018,0.018981981981981977,0.814914141348684,0.185085858651316,1022.4227081185395,53.73834398448866,0.023515522558470253,0.0013838248968235617,0.04347863015063063,0.038833196387664304
Dew,22.914378774588698,0.980919564899275,0.01908043510072499,0.8141851851851852,0.18581481481481477,1022.3002930939676,53.774859319435436,0.02351419615877038,0.0013854925684628392,0.04347587670832063,0.03881280964148149
Dew,22.94922173055926,0.9807842441668558,0.019215755833144166,0.8131861861861862,0.1868138138138138,1022.1320380527271,53.82504626004884,0.023512372803056545,0.001387784603434597,0.04347209218798422,0.03878487059651652
Dew,22.98416871741271,0.9806484639907231,0.01935153600927686,0.8121871871871872,0.1878128128128128,1021.9632149704668,53.87540216879298,0.023510543011653773,0.0013900843026525968,0.043468294818367115,0.03875693155155156
Dew,23.019220204919005,0.9805122220303577,0.019487777969642295,0.8111881881881883,0.18881181181181173,1021.7938209716409,53.9259279516428,0.023508706750497987,0.0013923917060964515,0.0434644845340119,0.038728992506586596
Dew,23.05437666590929,0.9803755159281728,0.019624484071827153,0.8101891891891893,0.18981081081081075,1021.623853159807,53.976624521458945,0.023506863985267974,0.001394706854039142,0.04346066126898385,0.03870105346162163
Dew,23.08963857629969,0.9802383433093583,0.01976165669064167,0.8091901901901902,0.19080980980980977,1021.4533086174389,54.02749279804709,0.023505014681382982,0.0013970297870496107,0.04345682495686656,0.03867311441665666
Dew,23.12500641512209,0.980100701781709,0.01989929821829095,0.8081911911911912,0.1918088088088088,1021.2821844057166,54.07853370823909,0.02350315880400013,0.0013993605459959335,0.04345297553075713,0.038645175371691695
Bubble,23.14598814747263,0.9800190190190191,0.01998098098098089,0.8075999498561187,0.19240005014388128,1021.1806315785203,54.10882237783536,0.02350205728822954,0.0014007436512257767,0.04345069110566567,0.03862864010162407
Dew,23.16048066454489,0.9799625889354717,0.020037411064528277,0.8071921921921922,0.19280780780780782,1021.1104775643402,54.12974818594304,0.023501296318011945,0.001401699172047695,0.0434491129232619,0.038617236326726735
Dew,23.196061809908418,0.9798240023431741,0.020175997656825873,0.8061931931931933,0.19380680680680673,1020.9381851113221,54.18113717223856,0.0234994271880438,0.001404045706679553,0.04344523706649165,0.03858929728176177
Dew,23.231750339737836,0.9796849395594625,0.020315060440537547,0.8051941941941942,0.19480580580580575,1020.7653040427836,54.23270161540247,0.023497551378451192,0.001406400191673006,0.04344134789205707,0.0385613582367968
Dew,23.26754674578915,0.9795453981209318,0.020454601879068224,0.8041951951951952,0.19580480480480478,1020.5918313327561,54.284442471036726,0.023495668853317348,0.0014087626691208271,0.04343744533106403,0.038533419191831834
Dew,23.303451523053628,0.9794053755459503,0.020594624454049693,0.8031961961961962,0.1968038038038038,1020.4177639329577,54.33636070206773,0.023493779576450234,0.0014111331814281763,0.04343352931410862,0.038505480146866874
Dew,23.339465169808946,0.9792648693344942,0.020735130665505808,0.8021971971971973,0.1978028028028027,1020.2430987726008,54.388457278890016,0.023491883511380228,0.0014135117713174673,0.04342959977127258,0.03847754110190191
Dew,23.375588187623052,0.9791238769679697,0.020876123032030347,0.8011981981981983,0.19880180180180174,1020.0678327581627,54.44073317936381,0.023489980621357022,0.0014158984818294577,0.04342565663211829,0.03844960205693694
Bubble,23.402186889673096,0.9790200200200201,0.020979979979979912,0.8004645258306594,0.1995354741693406,1019.9387302124657,54.47923894652507,0.023488578724505813,0.0014176564754813453,0.04342275206070071,0.03842908341248709
Dew,23.411821081411283,0.9789823959090361,0.02101760409096387,0.8001991991991992,0.19980080080080076,1019.8919627731868,54.493189388977065,0.023488070869347285,0.0014182933563286234,0.04342169982568385,0.038421663011971974
Dew,23.448164359433953,0.9788404236014255,0.021159576398574464,0.7992002002002002,0.20079979979979978,1019.7154856780455,54.54582690082341,0.023486154218031435,0.0014206964385037625,0.04341772928047801,0.038393723967007014
Dew,23.48461853334639,0.9786979574697662,0.021302042530233822,0.7982012012012012,0.2017987987987988,1019.5383983097332,54.5986467157422,0.023484230629801088,0.0014231077723728257,0.04341374492447525,0.03836578492204205
Dew,23.521184118223097,0.9785549949193968,0.021445005080603208,0.7972022022022023,0.20279779779779772,1019.36069748164,54.65164984237876,0.02348230006675616,0.0014255274022856876,0.04340974668511057,0.03833784587707709
Dew,23.55786163258258,0.9784115333361827,0.021588466663817307,0.7962032032032033,0.20379679679679674,1019.1823799833262,54.704837297246065,0.023480362490701963,0.0014279553729269682,0.04340573448927436,0.03830990683211211
Dew,23.594651598421592,0.9782675700863275,0.021732429913672524,0.7952042042042042,0.20479579579579577,1019.0034425802909,54.75821010481624,0.023478417863146216,0.0014303917293196423,0.04340170826330713,0.038281967787147146
Dew,23.63155454124259,0.9781231025161827,0.02187689748381727,0.7942052052052052,0.2057947947947948,1018.823882013741,54.81176929759027,0.02347646614529612,0.001432836516828098,0.04339766793299418,0.038254028742182186
Bubble,23.657620457015277,0.9780210210210211,0.021978978978978936,0.7935014114666641,0.20649858853333591,1018.6970045533633,54.84961326135938,0.023475086853904988,0.0014345639303170851,0.04339481301573574,0.038234345714544656
Dew,23.66857099008733,0.9779781279520591,0.022021872047940927,0.7932062062062063,0.2067937937937937,1018.6436950003591,54.86551591618716,0.023474507298055322,0.001435289781161719,0.04339361342356036,0.038226089697217226
Dew,23.705701477562847,0.9778326437000303,0.022167356299969687,0.7922072072072073,0.20779279279279272,1018.4628782320681,54.91945100940939,0.023472541282020986,0.0014377515683778581,0.0433895446596645,0.03819815065225226
Dew,23.742946539883867,0.977686647045737,0.022313352954262955,0.7912082082082083,0.20879179179179175,1018.2814283757909,54.973575634358944,0.023470568057480646,0.0014402219248861494,0.04338546156539401,0.038170211607287285
Dew,23.780306716881547,0.9775401352541876,0.022459864745812408,0.7902092092092092,0.20979079079079077,1018.0993420732015,55.027890856449424,0.023468587584408986,0.0014427008974501178,0.04338136406425928,0.038142272562322325
Dew,23.81778255206121,0.9773931055695614,0.022606894430438618,0.7892102102102102,0.2107897897897898,1017.9166159404937,55.08239774956943,0.023466599822464945,0.0014451885331927625,0.04337725207918815,0.03811433351735736
Dew,23.855374592617284,0.977245555214996,0.02275444478500399,0.7882112112112113,0.2117887887887887,1017.7332465681144,55.137097396113646,0.02346460473098821,0.0014476848795986913,0.04337312553252,0.0380863944723924
Dew,23.89308338947101,0.9770974813923925,0.022902518607607503,0.7872122122122123,0.21278778778778773,1017.5492305205299,55.19199088708426,0.023462602268996262,0.0014501899845181124,0.0433689843460003,0.03805845542742743
Bubble,23.912293588567145,0.977022022022022,0.02297797797797796,0.7867044756068624,0.2132955243931376,1017.4554551455572,55.21996474440475,0.023461581663260327,0.0014514665608322754,0.043366873970770776,0.038044255537476146
Dew,23.93090949730746,0.9769488812821975,0.02305111871780252,0.7862132132132132,0.21378678678678675,1017.3645643359597,55.247079322190295,0.023460592395180942,0.0014527038961707904,0.04336482844077447,0.038030516382462465
Dew,23.968853474599456,0.9767997520432014,0.023200247956798647,0.7852142142142142,0.21478578578578578,1017.1792445261311,55.30236380990618,0.023458575067905295,0.0014552266631489444,0.0433606577373823,0.0380025773374975
Dew,24.00691588365308,0.976650090812314,0.02334990918768598,0.7842152152152152,0.2157847847847848,1016.9932675759998,55.357845467597315,0.02345655024519993,0.001457758334421926,0.04335647215575163,0.03797463829253253
Dew,24.045097290625485,0.9764998947043576,0.023500105295642393,0.7832162162162163,0.2167837837837837,1016.8066299435051,55.41352542155986,0.02345451788475995,0.0014602989593386552,0.04335227161519256,0.03794669924756757
Dew,24.083398265575173,0.9763491608118468,0.02365083918815325,0.7822172172172173,0.21778278278278274,1016.6193280592954,55.46940480716052,0.023452477943941313,0.0014628485876327071,0.043348056034391354,0.037918760202602604
Dew,24.121819382489853,0.9761978862047604,0.023802113795239555,0.7812182182182182,0.21878178178178176,1016.4313583264545,55.52548476890766,0.023450430379757404,0.0014654072694256033,0.04334382533140398,0.037890821157637644
Dew,24.16036121931541,0.9760460679303282,0.02395393206967178,0.7802192192192192,0.21978078078078078,1016.2427171202387,55.58176646052518,0.02344837514887557,0.0014679750552301992,0.043339579423650215,0.03786288211267267
Bubble,24.16621002390579,0.976023023023023,0.023976976976976982,0.7800678916756043,0.2199321083243957,1016.2140820908933,55.59030949038715,0.02344806312916096,0.0014683648147606073,0.0433389349258058,0.037858649929207296
Dew,24.19902435800552,0.975893703012793,0.02410629698720701,0.7792202202202203,0.2207797797797797,1016.0534007877864,55.63825104509058,0.023446312207613427,0.0014705519959557721,0.043335318227906906,0.03783494306770771
Dew,24.237809384547045,0.975740788453191,0.02425921154680899,0.7782212212212213,0.22177877877877872,1015.8634056478519,55.69493969509778,0.02344424151193538,0.0014731381429111542,0.04333104166030193,0.03780700402274274
Dew,24.2767168889901,0.975587321229111,0.02441267877088904,0.7772222222222223,0.22277777777777774,1015.6727279905102,55.75183359253502,0.02344216301744884,0.0014757335478082663,0.0433267496363074,0.037779064977777777
Dew,24.315747465506313,0.9754332982944638,0.02456670170553621,0.7762232232232232,0.22377677677677676,1015.481364076876,55.80893392904869,0.02344007667940058,0.0014783382627679522,0.0433224420707332,0.03775112593281282
Dew,24.354901712407372,0.9752787165792431,0.024721283420756857,0.7752242242242242,0.2247757757757758,1015.2893101388142,55.86624190598554,0.023437982452673034,0.001480952340322612,0.04331811887772036,0.03772318688784785
Dew,24.394180232185768,0.9751235729892846,0.024876427010715352,0.7742252252252253,0.2257747747747747,1015.0965623786421,55.92375873450313,0.023435880291780373,0.0014835758334206552,0.04331377997073425,0.03769524784288288
Bubble,24.419374012014675,0.9750240240240241,0.024975975975975895,0.7735861175166235,0.22641388248337646,1014.9728857284068,55.9606649988352,0.023434531233612034,0.0014852591679875432,0.04331099588084084,0.037677373892032115
Dew,24.433583631557365,0.9749678644060216,0.025032135593978433,0.7732262262262263,0.22677377377377372,1014.9031169688343,55.98148563568537,0.023433770150864747,0.0014862087954311135,0.04330942526255779,0.037667308797917916
Dew,24.473112521494564,0.9748115876862344,0.025188412313765562,0.7722272272272273,0.22777277277277275,1014.7089700517146,56.0394238406298,0.02343165198369228,0.0014888512801475187,0.04330505466528443,0.037639369752952956
Dew,24.512767517272557,0.9746547396618077,0.025345260338192288,0.7712282282282282,0.22877177177177177,1014.5141177391644,56.09757459057442,0.02342952574364931,0.001491503341792853,0.04330066809031137,0.03761143070798799
Dew,24.552549238499957,0.9744973171394689,0.025502682860531145,0.7702292292292293,0.22977077077077068,1014.3185561122987,56.15593913697716,0.02342739138373817,0.0014941650350232592,0.04329626544833221,0.03758349166302302
Dew,24.59245830915879,0.974339316900535,0.02566068309946501,0.7692302302302303,0.2307697697697697,1014.1222812211593,56.21451874162354,0.023425248856573218,0.0014968364149325175,0.04329184664932994,0.037555552618058055
Dew,24.632495357661437,0.9741807357006554,0.025819264299344558,0.7682312312312313,0.23176876876876873,1013.9252890844042,56.273314676786576,0.02342309811437686,0.0014995175370579373,0.04328741160256965,0.037527613573093095
Bubble,24.67178936890036,0.9740250250250251,0.025974974974974918,0.7672538769355502,0.23274612306444975,1013.7318662081428,56.33104719044403,0.023420985954205855,0.0015021500477093456,0.04328305683587588,0.03750027986641162
Dew,24.672661016856736,0.9740215702695422,0.02597842973045783,0.7672322322322322,0.23276776776776775,1013.7275756889705,56.33232822523094,0.023420939108975067,0.00150220845738212,0.0432829602165911,0.037499674528128135
Dew,24.712955924115498,0.9738618173107092,0.0261381826892908,0.7662332332332332,0.23376676676676678,1013.5291369897681,56.391560680459904,0.023418771791793577,0.0015049092323412086,0.0432784923992013,0.03747173548316317
Dew,24.753380721327467,0.9737014735012008,0.026298526498799157,0.7652342342342343,0.2347657657657657,1013.329968909335,56.45101334669195,0.02341659611385321,0.001507619918825955,0.04327400805746703,0.0374437964381982
Dew,24.793936054981476,0.9735405354913169,0.026459464508683084,0.7642352352352353,0.2357647647647647,1013.1300673375151,56.51068753909117,0.023414412025765892,0.0015103405741895759,0.04326950709770708,0.037415857393233234
Dew,24.834622576176027,0.973378999904335,0.026621000095665037,0.7632362362362363,0.23676376376376373,1012.9294281311105,56.5705845837854,0.02341221947772998,0.001513071256249965,0.04326498942548453,0.037387918348268274
Dew,24.87544094069286,0.9732168633362381,0.026783136663761864,0.7622372372372372,0.23776276276276276,1012.7280471135556,56.630705818076635,0.023410018419526134,0.0015158120232970644,0.04326045494559911,0.03735997930330331
Dew,24.916391809004956,0.9730541223554162,0.026945877644583782,0.7612382382382383,0.23876176176176167,1012.5259200745435,56.69105259045143,0.023407808800512384,0.0015185629340949058,0.04325590356207882,0.03733204025833835
Bubble,24.923459728239937,0.9730260260260261,0.02697397397397394,0.7610661427720178,0.23893385722798222,1012.4910236030978,56.701471186673544,0.02340742726669559,0.0015190378539355264,0.043255117790910916,0.03732722725755073
Dew,24.95747584636419,0.9728907735023926,0.027109226497607386,0.7602392392392393,0.2397607607607607,1012.323042769707,56.751626260833966,0.023405590569620053,0.0015213240478901746,0.043251335178172354,0.03730410121337338
Dew,24.99869372280014,0.9727268132895246,0.027273186710475406,0.7592402402402403,0.24075975975975972,1012.1194109202405,56.81242820056889,0.02340336367534879,0.0015240954244135538,0.04324674969634067,0.037276162168408414
Dew,25.040046113199736,0.9725622382007111,0.027437761799288918,0.7582412412412413,0.24175875875875874,1011.9150202125481,56.873459792649776,0.023401128065761983,0.0015268771238876766,0.043242147018248814,0.03724822312344345
Dew,25.081533697333395,0.9723970446910909,0.027602955308909105,0.7572422422422422,0.24275775775775776,1011.7098662978799,56.93472243178527,0.023398883688482086,0.0015296692070307458,0.04323752704475753,0.03722028407847848
Dew,25.123157159916442,0.9722312291867444,0.027768770813255572,0.7562432432432433,0.24375675675675668,1011.5039447919612,56.99621752457217,0.02339663049068572,0.0015324717350630524,0.04323288967591485,0.03719234503351352
Dew,25.16491719063258,0.9720647880843848,0.02793521191561521,0.7552442442442443,0.2447557557557557,1011.2972512746196,57.057946489553494,0.023394368419098838,0.0015352847697104246,0.043228234810947515,0.03716440598854855
Bubble,25.17438855704675,0.972027027027027,0.027972972972972965,0.7550181213467327,0.24498187865326726,1011.2503579153506,57.07195135215697,0.023393855145131127,0.0015359229615645438,0.04322717874594595,0.03715808200042893
Dew,25.206814484212398,0.9718977177510436,0.02810228224895639,0.7542452452452453,0.24575475475475472,1011.0897812894042,57.119910757443684,0.023392097419991813,0.0015381083732121917,0.04322356234825214,0.037136466943583586
Dew,25.2488497404499,0.97173001452376,0.028269985476240045,0.7532462462462463,0.24675375375375375,1010.8815303431991,57.18211177116556,0.023389817439174277,0.0015409426083241148,0.04321887218538658,0.03710852789861862
Dew,25.291023664271467,0.9715616747092612,0.028438325290738753,0.7522472472472473,0.24775275275275266,1010.6724939058425,57.24455098604668,0.023387528421990288,0.0015437875383256276,0.0432141642190609,0.03708058885365366
Dew,25.333336965782735,0.9713926945836372,0.028607305416362805,0.7512482482482483,0.24875175175175168,1010.4626674097242,57.30722986994856,0.023385230313312983,0.0015466432270252975,0.043209438345128366,0.03705264980868869
Dew,25.375790360305697,0.9712230703920157,0.02877692960798428,0.7502492492492493,0.2497507507507507,1010.252046249392,57.37014990336634,0.023382923057539473,0.0015495097387655157,0.04320469445857632,0.03702471076372373
Dew,25.418384568438785,0.9710527983482276,0.028947201651772447,0.7492502502502503,0.25074974974974973,1010.0406257811427,57.433312579598365,0.02338060659858549,0.0015523871384290943,0.04319993245351682,0.036996771718758766
Bubble,25.424579169833134,0.9710280280280281,0.028971971971971877,0.7491052381474954,0.2508947618525046,1010.0098690816163,57.44250133542485,0.023380269561982147,0.0015528057222882086,0.04319923970098098,0.03699271615948053
Dew,25.461120316113984,0.9708818746344748,0.02911812536552516,0.7482512512512512,0.25174874874874875,1009.8284013226191,57.496719404906514,0.023378280879880142,0.0015552754914456466,0.043195152223177345,0.03696883267379379
Dew,25.503998334623553,0.9707102954009809,0.02928970459901914,0.7472522522522523,0.25274774774774766,1009.6153681523787,57.56037189858485,0.023375945844360223,0.0015581748637955115,0.04319035365989105,0.03694089362882883
Dew,25.547019360705107,0.9705380567656593,0.029461943234340704,0.7462532532532533,0.2537467467467467,1009.401521509497,57.62427159320488,0.023373601434465086,0.0015610853220184863,0.04318553665508747,0.036912954583863865
Dew,25.59018413657652,0.970365154813748,0.029634845186252035,0.7452542542542543,0.2547457457457457,1009.1868565931195,57.68842003470906,0.02337124759213077,0.0015640069332184747,0.04318070109928228,0.036885015538898905
Dew,25.633493409967233,0.970191585597468,0.029808414402532013,0.7442552552552553,0.25574474474474473,1008.9713685620371,57.75281878249338,0.023368884258784327,0.0015669397650678704,0.04317584688206782,0.03685707649393394
Bubble,25.67403474150097,0.9700290290290291,0.0299709709709709,0.7433231246333888,0.2566768753666112,1008.7695569782851,57.81313410788005,0.023366670488249714,0.0015696864663398084,0.04317130065601602,0.03683100755954697
Dew,25.676947934227492,0.970017345135655,0.029982654864345037,0.7432562562562562,0.25674374374374376,1008.7550525342524,57.81746940972626,0.02336651137533836,0.0015698838858183703,0.04317097389210267,0.036829137448968964
Dew,25.720548468327117,0.9698424294134007,0.03015757058659929,0.7422572572572573,0.25774274274274267,1008.5379035865296,57.88237350333276,0.023364128882184906,0.0015728393643027426,0.04316608201710176,0.036801198404004004
Dew,25.764295776945385,0.9696668343816748,0.03033316561832522,0.7412582582582583,0.2587417417417417,1008.3199167539381,57.947532664254844,0.02336173671918958,0.0015758062699441151,0.04316117114382568,0.036773259359039044
Dew,25.808190630509866,0.9694905559569655,0.03050944404303446,0.7402592592592593,0.2597407407407407,1008.1010870294177,58.012948507557375,0.02335933482568585,0.0015787846727611035,0.04315624115807069,0.03674532031407408
Dew,25.852233805261488,0.9693135900208871,0.030686409979112872,0.7392602602602603,0.26073973973973974,1007.8814093632961,58.07862266261347,0.023356923140468673,0.0015817746433751227,0.043151291944657756,0.03671738126910911
Dew,25.896426083304398,0.9691359324197999,0.030864067580200105,0.7382612612612613,0.26173873873873865,1007.6608786628237,58.144556773243885,0.023354501601788397,0.0015847762530164827,0.043146323387421845,0.03668944222414414
Bubble,25.922758319043506,0.9690300300300301,0.030969969969969924,0.7376676060505278,0.26233239394947216,1007.5294214260257,58.18386200109829,0.02335305789356826,0.001586565504102022,0.043143361611051055,0.03667283944511935
Dew,25.940768252676246,0.9689575789644218,0.031042421035578194,0.7372622622622623,0.2627377377377377,1007.439489791707,58.21075249791851,0.023352070147344674,0.001587789573532206,0.043141335369201145,0.036661503179179177
Dew,25.985261107395374,0.9687785254294282,0.031221474570571783,0.7362632632632633,0.2637367367367367,1007.2172375696158,58.27721150988804,0.023349628714279938,0.0015908146773919703,0.04313632777182584,0.03663356413421422
Dew,26.029905447527206,0.9685987675530626,0.03140123244693738,0.7352642642642643,0.2647357357357357,1006.9941167717104,58.343935497373565,0.023347177239173202,0.0015938516376956685,0.04313130047610721,0.03660562508924925
Dew,26.07470207923074,0.9684183010367121,0.031581698963287885,0.7342652652652653,0.26573473473473475,1006.770122128122,58.410926163696956,0.023344715658033227,0.001596900528179376,0.04312625336182577,0.03657768604428428
Dew,26.11965181483994,0.9682371215445136,0.03176287845548642,0.7332662662662663,0.26673373373373366,1006.5452483234765,58.478185227515795,0.02334224390629225,0.0015999614232242118,0.04312118630772027,0.036549746999319316
Dew,26.164755472916546,0.9680552247029253,0.031944775297074735,0.7322672672672673,0.2677327327327327,1006.3194899963697,58.54571442297306,0.023339761918799114,0.0016030343978629044,0.043116099191475694,0.036521807954354356
Bubble,26.170752038195815,0.968031031031031,0.03196896896896895,0.7321346901643917,0.2678653098356083,1006.2894618259885,58.554694277470034,0.02333943173776337,0.0016034430600868322,0.04311542256608609,0.03651810016521515
Dew,26.21001387830498,0.9678726061003108,0.032127393899689216,0.7312682682682683,0.2687317317317317,1006.0928417388614,58.61351549985259,0.023337269629812522,0.0016061195277865458,0.04311099188971164,0.03649386890938939
Dew,26.255427862211764,0.9676892612864988,0.03231073871350121,0.7302692692692693,0.26973073073073073,1005.865298095938,58.6815902238092,0.023334766972994053,0.0016092168893534241,0.043105864277969974,0.03646592986442442
Dew,26.30099826225225,0.9675051857723634,0.03249481422763656,0.7292702702702704,0.27072972972972964,1005.636853565001,58.74994037650012,0.02333225388140135,0.001612326559595188,0.04310071623070312,0.03643799081945946
Dew,26.3467259225277,0.967320375029367,0.03267962497063304,0.7282712712712713,0.27172872872872866,1005.4075025953123,58.818567755808125,0.023329730287480827,0.0016154486162255602,0.04309554762126131,0.03641005177449449
Dew,26.392611693685076,0.967134824489121,0.032865175510878974,0.7272722722722723,0.2727277277277277,1005.1772395874557,58.88747417601306,0.023327196123060577,0.0016185831376476678,0.04309035832188023,0.03638211272952953
Bubble,26.418020215888216,0.967032032032032,0.03296796796796797,0.7267205568242935,0.2732794431757065,1005.0496785911299,58.92564673666015,0.023325792004039017,0.0016203195361156198,0.04308748352112112,0.036366682881527286
Dew,26.438656432980757,0.9669485295429346,0.03305147045706536,0.7262732732732733,0.2737267267267267,1004.9460588927859,58.95666146797473,0.02332465131934305,0.0016217302029617262,0.04308514820366844,0.03635417368456456
Dew,26.484861004369698,0.9667614855413478,0.033238514458652224,0.7252742742742743,0.27472572572572573,1004.7139548128674,59.026131479393534,0.02332209580689773,0.0016248898919748909,0.043079917136594294,0.0363262346395996
Dew,26.531226278543656,0.9665736877936656,0.03342631220633441,0.7242752752752754,0.27572472472472465,1004.4809215988969,59.0958860749171,0.0233195295156534,0.0016280622852069184,0.04307466498947296,0.03629829559463464
Dew,26.577753133010248,0.9663851315674901,0.03361486843250994,0.7232762762762763,0.27672372372372367,1004.2469534511392,59.16592713637061,0.023316952374890766,0.0016312474638992612,0.04306939162995326,0.036270356549669674
Dew,26.624442452182695,0.966195812088229,0.03380418791177098,0.7222772772772773,0.2777227227227227,1004.0120445183281,59.23625656301939,0.02331436431323452,0.0016344455100250914,0.04306409692450398,0.03624241750470471
Bubble,26.6645648660321,0.9660330330330331,0.03396696696696688,0.7214215482848177,0.27857845171518225,1003.8100710706337,59.29672779245649,0.02331213865085091,0.0016371951312980756,0.043059544476156154,0.036218485297743436
Dew,26.67129512741765,0.9660057245386215,0.033994275461378454,0.7212782782782783,0.2787217217217217,1003.7761888970845,59.30687627167548,0.02331176525864557,0.001637656506295071,0.043058780738400616,0.03621447845973974
Dew,26.718312057112765,0.9658148640582382,0.03418513594176176,0.7202792792792793,0.27972072072072074,1003.5393806313101,59.37778819698408,0.02330915513841309,0.0016408805361681099,0.04305344293571131,0.03618653941477478
Dew,26.765494146777815,0.965623225742971,0.03437677425702901,0.7192802802802803,0.28071971971971965,1003.3016137115684,59.448994291631024,0.02330653387914633,0.0016441176838599993,0.0430480833792827,0.036158600369809814
Dew,26.81284230908957,0.9654308046445422,0.03456919535545777,0.7182812812812813,0.2817187187187187,1003.0628820744806,59.520496526501375,0.02330390140676654,0.0016473680343507236,0.043042701930726096,0.036130661324844854
Dew,26.860357463985824,0.9652375957699746,0.03476240423002541,0.7172822822822823,0.2827177177177177,1002.8231796020857,59.59229689095632,0.023301257646498538,0.0016506316733950895,0.04303729845040271,0.03610272227987989
Dew,26.90804053873694,0.9650435940810724,0.03495640591892757,0.7162832832832833,0.2837167167167167,1002.5825001212044,59.66439739304229,0.02329860252286227,0.0016539086875315223,0.043031872797409124,0.03607478323491492
Bubble,26.910388620716464,0.9650340340340341,0.034965965965965906,0.7162341602167398,0.2837658397832602,1002.5706389001803,59.66794755370279,0.023298471643204675,0.0016540700902040455,0.043031605431191194,0.036073409408147974
Dew,26.955892468019506,0.964848794493888,0.03515120550611195,0.7152842842842844,0.28471571571571563,1002.3408374027892,59.73680005970734,0.023295935959664185,0.0016571991640911042,0.04302642482956234,0.03604684418994995
Dew,27.003914193989228,0.9646531918781872,0.03534680812181279,0.7142852852852853,0.28571471471471466,1002.0981851612747,59.809506937015215,0.023293257879988555,0.001660503191206595,0.043020954403384944,0.036018905144984986
Dew,27.052106666375714,0.9644567810569024,0.03554321894309764,0.7132862862862863,0.2867137137137137,1001.8545370539135,59.88252009042535,0.023290568206188782,0.00166382085782332,0.04301546137408963,0.035990966100020026
Dew,27.10047084254295,0.9642595568055699,0.03574044319443015,0.7122872872872873,0.2877127127127127,1001.6098866800834,59.95584160497075,0.02328786685987802,0.0016671522537072751,0.04300994559556365,0.03596302705505506
Dew,27.14900768758833,0.9640615138517739,0.035938486148226145,0.7112882882882883,0.2887117117117117,1001.3642275806191,60.029473585551315,0.023285153761920467,0.0016704974694564778,0.04300440692035312,0.03593508801009009
Bubble,27.15549402859295,0.9640350350350351,0.03596496496496493,0.7111550333474439,0.2888449666525561,1001.331381677196,60.03931565020142,0.023284790945125446,0.0016709446438546334,0.04300366638622623,0.0359313612638293
Dew,27.197718174418494,0.9638626468745771,0.03613735312542288,0.7102892892892894,0.28971071071071064,1001.1175532371104,60.10341815715836,0.023282428832421872,0.0016738565965104576,0.04299884519964718,0.03590714896512513
Dew,27.246603283822285,0.9636629505039291,0.03633704949607086,0.7092902902902903,0.29070970970970966,1000.8698570711867,60.17767746509071,0.023279691990720136,0.001677229727159557,0.042993260283261406,0.035879209920160166
Dew,27.295664004566685,0.9634624193200924,0.036537580679907644,0.7082912912912913,0.2917087087087087,1000.6211324438142,60.252253675240205,0.023276943155375845,0.0016806169545562073,0.0429876520196218,0.0358512708751952
Dew,27.344901333487428,0.9632610478530305,0.03673895214696954,0.7072922922922923,0.2927077077077077,1000.3713726545573,60.327148974361585,0.02327418224416257,0.0016840183727258257,0.04298202025574762,0.03582333183023023
Dew,27.394316275557674,0.9630588305818181,0.03694116941818193,0.7062932932932934,0.2937067067067066,1000.1205709408497,60.40236557027708,0.023271409174057,0.0016874340765759375,0.04297636483723493,0.03579539278526527
Bubble,27.39988356156819,0.963036036036036,0.03696396396396395,0.7061809456766244,0.29381905432337563,1000.0922989634925,60.41084126008197,0.023271096519716088,0.0016878190107025729,0.04297572734126126,0.03579225075497598
Dew,27.443909843995517,0.9628557619340095,0.03714423806599054,0.7052942942942944,0.29470570570570565,999.8687204772317,60.47790569219763,0.023268623861228858,0.0016908641619086038,0.042970685608238926,0.035767453740300305
Dew,27.493683060335417,0.9626518362850227,0.03734816371497729,0.7042952952952953,0.29570470470470467,999.6158143745997,60.55377159093696,0.02326582622103088,0.0016943087254299046,0.04296498241145669,0.03573951469533534
Dew,27.543636954530676,0.9624470479575016,0.03755295204249842,0.7032962962962963,0.2967037037037037,999.3618456794269,60.629965539218475,0.023263016167988412,0.001697767864762071,0.042959255088109376,0.03571157565037037
Dew,27.59377256504561,0.9622413912206753,0.03775860877932469,0.7022972972972973,0.2977027027027027,999.1068073729858,60.70648983195233,0.02326019361578902,0.0017012416784548364,0.04295350347792428,0.035683636605405404
Bubble,27.64355962091099,0.9620370370370371,0.037962962962962865,0.7013088052188462,0.2986911947811538,998.8533902876703,60.78253313570777,0.02325738832921016,0.0017046933975373238,0.0429477882962963,0.035655991407907685
Dew,27.64409093894814,0.9620348602897006,0.037965139710299356,0.7012982982982984,0.2987017017017016,998.8506923705436,60.783346786513775,0.02325735847727172,0.0017047302659968751,0.04294772741911647,0.035655697560440444
Dew,27.69459313197942,0.9618274493250017,0.03817255067499825,0.7002992992992993,0.29970070070070065,998.5934935205606,60.860538742953985,0.0232545106644163,0.001708233727825405,0.0429419267483703,0.03562775851547548
Dew,27.74528020869536,0.9616191524315932,0.03838084756840676,0.6993003003003003,0.3006996996996997,998.3352036038652,60.93806806442564,0.023251650088332264,0.001711752165341859,0.04293610130082047,0.03559981947051051
Dew,27.79615324252083,0.9614099636583998,0.03859003634160019,0.6983013013013013,0.3016986986986987,998.075815332822,61.01593713734872,0.023248776659247676,0.0017152856809203377,0.04293025091003302,0.03557188042554554
Dew,27.84721331588691,0.9611998769975534,0.03880012300244662,0.6973023023023024,0.3026976976976976,997.8153213504838,61.09414837182447,0.023245890286497914,0.001718834377923075,0.04292437540798566,0.03554394138058058
Bubble,27.886524542849752,0.9610380380380381,0.03896196196196189,0.6965356432292054,0.30346435677079464,997.6146551473245,61.154399628180336,0.02324366633502049,0.0017215680003212755,0.042919849251331334,0.03552250019561692
Dew,27.89846152027952,0.9609888863836963,0.039011113616303716,0.6963033033033034,0.30369669669669663,997.5537142297328,61.172704201785805,0.023242990878514017,0.0017223983607085622,0.042918474625048296,0.03551600233561562
Dew,27.949898956396172,0.9607769856932635,0.03922301430673647,0.6953043043043043,0.30469569569569566,997.2909864724118,61.25160708547084,0.023240078342811117,0.001725977734648811,0.04291254838996294,0.03548806329065065
Dew,28.001526734208934,0.9605641687437495,0.0394358312562505,0.6943053053053053,0.3056946946946947,997.0271305084308,61.330859505617006,0.023237152585976483,0.0017295726061388214,0.0429065965298232,0.03546012424568569
Dew,28.05334597308848,0.9603504292929727,0.03964957070702735,0.6933063063063063,0.3066936936936937,996.7621386948708,61.41046396983848,0.02323421351365746,0.0017331830826112678,0.04290061887005374,0.03543218520072072
Dew,28.105357801901462,0.9601357610383242,0.03986423896167579,0.6923073073073074,0.3076926926926926,996.4960033150696,61.49042301092433,0.023231261030549212,0.0017368092725490126,0.042894615234389255,0.035404246155755756
Bubble,28.128780603653976,0.9600390390390391,0.03996096096096091,0.6918586078727162,0.30814139212728375,996.3760930110511,61.5264487104317,0.02322993049778326,0.001738443004960727,0.04289191020636637,0.03539169736072057
Dew,28.157563359117926,0.9599201576160059,0.04007984238399409,0.6913083083083084,0.30869169169169164,996.2287165776913,61.57073918716774,0.02322829504038222,0.0017404512854985617,0.04288858544485314,0.03537630711079079
Dew,28.209963792923144,0.9597036126002549,0.04029638739974506,0.6903093093093093,0.30969069069069066,995.9602706157824,61.65141508270864,0.023225315445909597,0.0017441092320839599,0.042882529321735835,0.03534836806582582
Dew,28.262560261316672,0.959486119502558,0.04051388049744198,0.6893103103103103,0.3106896896896897,995.6906574858187,61.732453307839435,0.023222322148894303,0.0017477832240197074,0.04287644668357282,0.03532042902086086
Dew,28.315353932256894,0.9592676717708503,0.04073232822914974,0.6883113113113114,0.3116886886886886,995.419869166724,61.81385649944667,0.0232193150500959,0.001751473374127594,0.04287033734712224,0.035292489975895895
Dew,28.368345983718463,0.959048262788705,0.04095173721129497,0.6873123123123124,0.3126876876876876,995.1478975588861,61.89562732119446,0.023216294049257364,0.0017551797963462823,0.042864201127342225,0.035264550930930935
Bubble,28.370330024314715,0.9590400400400401,0.040959959959959935,0.6872749583019476,0.3127250416980524,995.1377033202917,61.898687999125805,0.02321618077739852,0.001755318588021182,0.0428639711614014,0.03526350624982891
Dew,28.421537603865232,0.9588278858745063,0.04117211412549371,0.6863133133133134,0.31368668668668664,994.8747344831507,61.977768464052275,0.0232132590450915,0.0017589026057507184,0.04285803783736775,0.03523661188596597
Dew,28.474929991126388,0.9586065342806145,0.041393465719385514,0.6853143143143143,0.31468568568568567,994.6003716798011,62.060282646535626,0.023210209935267196,0.0017626419185634722,0.04285184728848732,0.035208672841001
Dew,28.528524354336394,0.9583842011925124,0.04161579880748756,0.6843153153153153,0.3156846846846847,994.3248008075217,62.14317261513756,0.02320714661639549,0.0017663978521715625,0.04284562929011904,0.035180733796036034
Dew,28.58232191284724,0.9581608797279345,0.04183912027206549,0.6833163163163164,0.3166836836836836,994.0480134423365,62.22644114467841,0.023204068984015235,0.0017701705251410328,0.04283938364978634,0.03515279475107107
Bubble,28.611174974853697,0.958041041041041,0.04195895895895896,0.6827820591104011,0.31721794088959887,993.8994854910278,62.27112477530251,0.023202417133067345,0.001772194917388554,0.04283603211643643,0.03513785315842296
Dew,28.636323896646513,0.9579365629359989,0.042063437064001064,0.6823173173173174,0.3176826826826826,993.7700010765499,62.310091038673995,0.023200976932578773,0.0017739600572321214,0.04283311017309361,0.03512485570610611
Dew,28.69053154649069,0.9577112437963036,0.04228875620369643,0.6813183183183184,0.31868168168168165,993.490755117648,62.394125129750286,0.023197870355437154,0.0017777665694158331,0.04282680866370098,0.03509691666114114
Dew,28.744946114027137,0.9574849152180182,0.04251508478198185,0.6803193193193193,0.3196806806806807,993.2102668871956,62.47854628002485,0.02319474914482526,0.0017815901838896364,0.04282047892329892,0.035068977616176174
Dew,28.799568861911848,0.9572575700389716,0.042742429961028394,0.6793203203203203,0.3206796796796797,992.9285276197195,62.56335738147731,0.023191613191846608,0.001785431024092925,0.042814120751582724,0.03504103857121121
Bubble,28.851317578197527,0.9570420420420421,0.04295795795795787,0.678377375132851,0.321622624867149,992.6614389153199,62.6437660038023,0.023188639523325498,0.0017890721528793891,0.04280809307147147,0.03501466718543545
Dew,28.85440106395778,0.9570292010246944,0.042970798975305646,0.6783213213213214,0.3216786786786786,992.6455284615444,62.64856135641157,0.023188462386457748,0.0017892892147251753,0.04280773394622567,0.035013099526246254
Dew,28.909444005250258,0.9567998008674868,0.04320019913251316,0.6773223223223224,0.32267767767767763,992.361260469659,62.73416115782085,0.023185296617452795,0.001793164881761414,0.04280131830285304,0.03498516048128129
Dew,28.964698982279767,0.9565693621854325,0.04343063781456746,0.6763233233233233,0.32367667667667666,992.0757146105129,62.82015976980642,0.023182115772447227,0.001797058152469289,0.04279487361501448,0.03495722143631632
Dew,29.02016730309647,0.9563378775214179,0.043662122478582144,0.6753243243243243,0.3246756756756757,991.7888817588273,62.9065602080611,0.02317891973786179,0.0018009691554280842,0.042788399674156596,0.03492928239135135
Dew,29.07585028742709,0.9561053393421248,0.04389466065787517,0.6743253253253254,0.3256746746746746,991.5007526963609,62.993365520242726,0.023175708398905714,0.001804898020544671,0.042781896269594784,0.03490134334638639
Bubble,29.09075991380323,0.9560430430430431,0.043956956956956894,0.6740584665657706,0.3259415334342294,991.4235629627251,63.01661835165295,0.02317484790607441,0.001805950446808054,0.04278015402650651,0.03489388009678357
Dew,29.131749266817746,0.9558717400370329,0.0441282599629671,0.6733263263263264,0.3266736736736736,991.2113181107002,63.08057878642573,0.023172481639560323,0.0018088448790717743,0.0427753631884853,0.034873404301421426
Dew,29.187865584779594,0.9556370719173523,0.044362928082647746,0.6723273273273274,0.32767267267267264,990.9205685939585,63.168203119562456,0.023169239342561435,0.0018128098636266052,0.042768800215795474,0.034845465256456466
Dew,29.244200596943024,0.9554013272149878,0.04459867278501217,0.6713283283283283,0.32867167167167166,990.6284946415163,63.25624166597085,0.02316598138938227,0.0018167931082103466,0.04276220713427465,0.03481752621149149
Dew,29.30075567118019,0.9551644980814687,0.04483550191853125,0.6703293293293293,0.3296706706706707,990.3350866507134,63.344697605730055,0.023162707660215595,0.0018207947482250773,0.04275558372442436,0.03478958716652653
Bubble,29.32950402095016,0.9550440440440441,0.04495595595595592,0.6698229843840657,0.33017701561593427,990.1858569816051,63.38968820541519,0.02316104223860968,0.0018228299445123696,0.04275221498154154,0.03477542619718854
Dew,29.357532187769987,0.9549265765868523,0.045073423413147684,0.6693303303303304,0.3306696696696696,990.0403349195187,63.433574153202755,0.023159418033955766,0.0018248149204944308,0.04274892976446757,0.034761648121561566
Dew,29.414531539552534,0.9546875547186191,0.0453124452813809,0.6683313313313314,0.3316686686686686,989.7442296451826,63.522874557528304,0.02315611238818036,0.0018288537632835103,0.04274224503031781,0.0347337090765966
Dew,29.47175513205851,0.9544474243805464,0.045552575619453584,0.6673323323323324,0.33266766766766764,989.4467609228648,63.61260210304239,0.023152790599131473,0.0018329114163167797,0.04273552929554771,0.03470577003163164
Dew,29.529204383698833,0.9542061773915552,0.04579382260844478,0.6663333333333333,0.33366666666666667,989.1479187442368,63.70276010987742,0.023149452541696834,0.0018369880208012606,0.04272878233135673,0.034677830986666665
Bubble,29.567551901774337,0.9540450450450451,0.04595495495495494,0.6656686660318861,0.3343313339681139,988.9483203003131,63.76298168745137,0.023147222477646882,0.00183971078483877,0.04272427593657657,0.03465924220966041
Dew,29.586880725887003,0.9539638054845608,0.046036194515439166,0.6653343343343344,0.3346656656656656,988.8476929960648,63.79335193436473,0.023146098089390277,0.0018410837194441118,0.042722003906538936,0.034649891941701705
Dew,29.644785603221266,0.953720300305272,0.046279699694728005,0.6643353353353354,0.3356646646646646,988.5460734587704,63.884380969615684,0.02314272711433237,0.0018451986564754714,0.042715193787449555,0.03462195289673674
Dew,29.702920473648664,0.9534756534109786,0.04652434658902138,0.6633363363363364,0.3366636636636636,988.2430498049391,63.97585064605075,0.02313933948722998,0.0018493329776698966,0.04270835173797098,0.03459401385177178
Dew,29.76128680862032,0.953229856269346,0.046770143730654024,0.6623373373373374,0.33766266266266265,987.9386115978591,64.06776443190464,0.023135935077356354,0.0018534868303672217,0.04270147751947905,0.03456607480680681
Bubble,29.804905524025443,0.9530460460460461,0.04695395395395385,0.6615933313679524,0.3384066686320476,987.7109522282863,64.13650467140295,0.02313338857934527,0.0018565931005960314,0.04269633689161161,0.034545267162100775
Dew,29.819886093258773,0.9529829002571465,0.04701709974285351,0.6613383383383383,0.3386616616616617,987.6327482899704,64.16012583376825,0.023132513752529907,0.0018576603634945794,0.04269457089080762,0.034538135761841844
Dew,29.87871982654104,0.9527347766589954,0.04726522334100458,0.6603393393393394,0.3396606606606606,987.3254492213354,64.2529383971798,0.023129075379093457,0.0018618537275899535,0.04268763160821319,0.034510196716876884
Dew,29.93778952145592,0.952485476666061,0.04751452333393902,0.6593403403403404,0.3406596596596596,987.0167036180565,64.34620570714097,0.02312561982189247,0.0018660670748236773,0.042680659425338795,0.03448225767191191
Dew,29.997096705199496,0.9522349913747435,0.047765008625256455,0.6583413413413414,0.34165865865865863,986.7065005906792,64.43993138874825,0.023122146944253345,0.0018703005590233717,0.0426736540931771,0.03445431862694695
Bubble,30.041566823655263,0.9520470470470471,0.047952952952952876,0.6575948788465095,0.34240512115349053,986.4737520570628,64.51026279665763,0.023119540499329776,0.0018734770189734672,0.04266839784664665,0.03443344228049548
Dew,30.056642919330212,0.9519833117853366,0.04801668821466343,0.6573423423423423,0.34265765765765765,986.3948291325526,64.53411910770693,0.023118656607960898,0.0018745543356956035,0.04266661536003299,0.03442637958198198
Dew,30.116429719973617,0.9517304288006656,0.04826957119933439,0.6563433433433433,0.3436566566566567,986.0816781181794,64.62877257099355,0.02311514867323589,0.0018788285620519605,0.042659542971485366,0.03439844053701702
Dew,30.17645867799438,0.9514763332246995,0.04852366677530051,0.6553443443443444,0.3446556556556556,985.7670363015203,64.72389552742405,0.023111622998711688,0.0018831233970325108,0.0426524366703485,0.03437050149205206
Dew,30.236731379192733,0.9512210157611367,0.04877898423886329,0.6543453453453454,0.3456546546546546,985.4508923142757,64.8194917682964,0.023108079441410842,0.0018874390013315487,0.04264529619663234,0.03434256244708709
Bubble,30.27753770714704,0.9510480480480481,0.0489519519519519,0.6536712819178085,0.34632871808219146,985.2367190611961,64.88426148203067,0.023105678192710716,0.0018903626619302637,0.042640458801681685,0.03432371088824663
Dew,30.297249424479112,0.9509644670119756,0.04903553298802443,0.6533463463463464,0.34665365365365364,985.1332346641398,64.91556512797061,0.023104517856721,0.0018917755374216357,0.0426381212875026,0.03431462340212212
Dew,30.35801443009351,0.9507066774760321,0.0492933225239679,0.6523473473473473,0.34765265265265266,984.8140517330087,65.01211948458378,0.023100938098370584,0.0018961331695817026,0.04263091167723929,0.034286684357157156
Dew,30.419028027780186,0.950447637547474,0.04955236245252603,0.6513483483483484,0.3486516516516516,984.4933317751763,65.10915876063517,0.02309734001840372,0.0019005120639214931,0.04262366709719571,0.034258745312192196
Dew,30.480291865004205,0.9501873375142866,0.049812662485713366,0.6503493493493494,0.3496506506506506,984.1710629154849,65.20668692369748,0.02309372346715507,0.0019049123884098147,0.042616387275755556,0.03423080626722723
Bubble,30.512820053678546,0.9500490490490491,0.04995095095095092,0.6498205856324683,0.35017941436753175,983.9998524991071,65.2585059386735,0.02309180161410206,0.0019072501465578061,0.04261251975671672,0.034216018311206665
Dew,30.541807605146197,0.9499257675567303,0.050074232443269695,0.6493503503503504,0.3506496496496496,983.8472331474362,65.30470798706645,0.023090088293223815,0.0019093343129011227,0.04260907193828978,0.03420286722226226
Dew,30.60357692771443,0.9496629177457752,0.05033708225422484,0.6483513513513514,0.35164864864864864,983.5218303312905,65.40322601046408,0.023086434343447492,0.0019137780091638059,0.0426017208071128,0.0341749281772973
Dew,30.665601528552898,0.9493987780414903,0.05060122195850969,0.6473523523523523,0.35264764764764767,983.1948421921022,65.50224510073275,0.02308276146287499,0.0019182436509083453,0.04259433360143748,0.03414698913233233
Dew,30.727883120061605,0.949133338291412,0.050866661708588,0.6463533533533534,0.3536466466466466,982.8662563177386,65.6017694125684,0.023079069494739334,0.001922731413816751,0.04258691003732945,0.03411905008736737
Bubble,30.747415717110925,0.94905005005005,0.050949949949949946,0.6460409034357826,0.3539590965642174,982.763151613861,65.63300118221349,0.023077910717638112,0.0019241395854158012,0.04258458071175176,0.034110311788024664
Dew,30.790423431408453,0.9488665882288968,0.0511334117711032,0.6453543543543544,0.3546456456456456,982.5360601568667,65.7018031492313,0.023075358280429854,0.001927241475571495,0.042579449827661084,0.0340911110424024
Dew,30.853224208750536,0.9485985174714038,0.05140148252859622,0.6443553553553554,0.3556446446446446,982.2042410168702,65.80235056328819,0.023071627659463592,0.0019317740158854991,0.042571952682063444,0.034063171997437434
Dew,30.916287215471083,0.9483291155187903,0.05167088448120971,0.6433563563563564,0.35664364364364365,981.8707860617728,65.90341595740315,0.023067877469456627,0.0019363292165337047,0.04256441830687863,0.034035232952472474
Dew,30.979614232401875,0.9480583717515485,0.0519416282484515,0.6423573573573574,0.35764264264264256,981.5356823100859,66.00500368508878,0.023064107546094358,0.0019409072613836352,0.04255684640511043,0.03400729390750751
Bubble,30.981326527831925,0.9480510510510511,0.05194894894894886,0.6423304141390701,0.3576695858609299,981.5266156338935,66.00775204423007,0.02306400545698894,0.001941031086845983,0.04255664166678679,0.03400654038544394
Dew,31.04320705804841,0.947786275429016,0.052213724570984055,0.6413583583583584,0.3586416416416416,981.1989166326365,66.10711815146902,0.02306031772310154,0.0019455083364264465,0.04254923667637431,0.03397935486254254
Dew,31.10706750883919,0.9475128156875438,0.05248718431245625,0.6403593593593594,0.3596406406406406,980.8604757503364,66.20976381411643,0.023056507832211536,0.001950132629810325,0.042541588816846165,0.03395141581757758
Dew,31.171197419370678,0.9472379815386562,0.05276201846134376,0.6393603603603604,0.36063963963963963,980.520346231938,66.31294518387962,0.023052677703135193,0.0019547803318737643,0.04253390251921086,0.033923476772612614
Bubble,31.21455429442129,0.9470520520520521,0.05294794794794788,0.6386873590562863,0.36131264094371374,980.2902437736564,66.38276318299717,0.02305008578537407,0.0019579247552618737,0.04252870262182183,0.033904654918221526
Dew,31.235598642645762,0.946961761867142,0.05303823813285802,0.6383613613613613,0.36163863863863865,980.1785144917153,66.41666682569581,0.02304882716352885,0.0019594516351785617,0.04252617747260884,0.03389553772764765
Dew,31.300273050308782,0.9466841454291295,0.05331585457087051,0.6373623623623624,0.36263763763763757,979.8349667871179,66.52093335939647,0.02304495603896187,0.0019641467345427777,0.04251841336258229,0.03386759868268268
Dew,31.365222532952615,0.9464051208501189,0.05359487914988115,0.6363633633633634,0.3636366366366366,979.4896892163769,66.62574946072928,0.023041064152883498,0.001968865827080251,0.042510609871020115,0.03383965963771772
Dew,31.430449000310322,0.9461246766229783,0.05387532337702172,0.6353643643643644,0.3646356356356356,979.1426677160641,66.7311198620435,0.023037151326589005,0.0019736091122303533,0.04250276667610191,0.033811720592752746
Bubble,31.447100805232324,0.9460530530530531,0.053946946946946905,0.6351100392949255,0.3648899607050745,979.0540352342409,66.7580390937406,0.02303615165557566,0.0019748206914224965,0.042500763576856865,0.03380460787336276
Dew,31.495954381561823,0.9458428011059032,0.05415719889409676,0.6343653653653654,0.36563463463463464,978.7938880586102,66.83704935331885,0.023033217379185365,0.0019783767917980585,0.04249488345224084,0.033783781547787786
Dew,31.56174062559827,0.945559482520324,0.05444051747967604,0.6333663663663665,0.36663363363363355,978.4433358497587,66.9435427830734,0.023029262127555898,0.0019831690699906317,0.0424869598700252,0.03375584250282283
Dew,31.627809701290687,0.9452747089487941,0.05472529105120594,0.6323673673673674,0.36763263263263257,978.0909965259877,67.05060505928836,0.023025285386324465,0.001987986153454997,0.04247899559615929,0.033727903457857866
Bubble,31.678967829792658,0.9450540540540541,0.05494594594594593,0.6315968131912054,0.3684031868087946,977.8179892039142,67.1335841181256,0.023022203019949672,0.0019917189926820585,0.0424728245318919,0.03370635333839097
Dew,31.69416359775219,0.9449884683328096,0.055011531667190416,0.6313683683683684,0.3686316316316316,977.7368553518678,67.1582411503186,0.02302128696781889,0.001992828251314867,0.04247099029340242,0.0336999644128929
Dew,31.760804324658732,0.9447007484706192,0.055299251529380755,0.6303693693693694,0.3696306306306306,977.3808974173849,67.26645608597988,0.02301726668203361,0.001997695575213308,0.04246294362050775,0.03367202536792793
Dew,31.827733912501074,0.9444115370149494,0.0555884629850506,0.6293703703703704,0.37062962962962964,977.023107635182,67.37525495843815,0.023013224336591535,0.0020025883393496344,0.04245485523215857,0.033644086322962966
Dew,31.89495441289834,0.9441208214707333,0.055879178529266715,0.6283713713713714,0.37162862862862855,976.6634707377816,67.48464292328511,0.023009159736705132,0.0020075067605220265,0.042446724778904855,0.033616147277998006
Bubble,31.910157120155066,0.9440550550550552,0.05594494494494484,0.6281460938802289,0.3718539061197711,976.5821048586507,67.50940245337992,0.023008239830437024,0.00200861975322797,0.04244488548692693,0.03360984693339212
Dew,31.962467898892967,0.9438285891927501,0.056171410807249855,0.6273723723723724,0.3726276276276276,976.3019712747271,67.594625200564,0.02300507268513691,0.002012451058168879,0.042438551907097215,0.03358820823303304
Dew,32.03027646525871,0.9435348273832379,0.056465172616762094,0.6263733733733734,0.3736266266266266,975.9385936096671,67.7052070758389,0.023000962982158694,0.002017421454411654,0.04243033625882011,0.03356026918806807
Dew,32.098382228796936,0.943239523089463,0.05676047691053698,0.6253743743743744,0.3746256256256256,975.5733219174014,67.81639390123462,0.022996830425510432,0.002022418174097067,0.04242207747182394,0.033532330143103105
Bubble,32.140670412099475,0.9430560560560561,0.056943943943943864,0.624756346992614,0.37524365300738605,975.3463813625922,67.88549816077538,0.022994262038573045,0.002025523064299252,0.04241694644196197,0.03351504574659631
Dew,32.16678732867524,0.9429426632012332,0.05705733679876679,0.6243753753753755,0.37562462462462454,975.2061401808498,67.92819109660708,0.02299267481035795,0.002027441444843386,0.042413775179455424,0.033504391098138145
Dew,32.23549392672984,0.9426442344483471,0.05735576555165289,0.6233763763763764,0.37662362362362356,974.8370321879559,68.0406041506121,0.022988495929249828,0.002032491497083922,0.042405429010586304,0.03347645205317318
Dew,32.304504207804534,0.9423442233980287,0.0576557766019713,0.6223773773773774,0.3776226226226226,974.4659815285547,68.15363862188816,0.022984293572073534,0.002037568564114147,0.04239703858954161,0.03344851300820821
Bubble,32.37050942626239,0.9420570570570571,0.05794294294294289,0.6214260884696157,0.37857391153038433,974.1108178684857,68.26187517367104,0.02298026959549648,0.002042429014391691,0.042389007396997004,0.03342190827327328
Dew,32.373820380088404,0.9420426164522636,0.057957383547736385,0.6213783783783784,0.3786216216216216,974.0929715911401,68.267300140241,0.02298006752601039,0.002042672882139099,0.04238860353602512,0.033420573963243244
Dew,32.44344467543992,0.9417393998451156,0.058260600154884434,0.6203793793793794,0.37962062062062063,973.7179855595924,68.38159440779445,0.02297581757548977,0.0020478046903200237,0.04238012346504435,0.03339263491827828
Dew,32.51337934974897,0.9414345596399698,0.058565440360030196,0.6193803803803805,0.38061961961961954,973.3410064098258,68.4965272002596,0.02297154350214222,0.002052964230824787,0.04237159798683343,0.03336469587331332
Dew,32.58362668328597,0.9411280817267327,0.05887191827326732,0.6183813813813814,0.38161861861861857,972.9620169063809,68.61210436817183,0.022967245084751755,0.002058151748877582,0.0423630267067748,0.03333675682834835
Bubble,32.59967586918109,0.9410580580580581,0.05894194194194191,0.6181538824894535,0.38184611751054653,972.8754135180828,68.63853730511585,0.0229662624519576,0.00205933768944984,0.04236106835203204,0.033330394357737846
Dew,32.654188981061964,0.9408199518189488,0.05918004818105116,0.6173823823823824,0.3826176176176176,972.5809995989165,68.7283318381674,0.022962922099206782,0.0020633674928100744,0.04235440922531862,0.03330881778338339
Dew,32.725068573197184,0.9405101554508941,0.059489844549105886,0.6163833833833834,0.3836166166166166,972.1979368186674,68.84521561429199,0.02295857431845037,0.002068611714113762,0.04234574513790138,0.033280878738418423
Dew,32.79626781528796,0.940198677974571,0.05980132202542898,0.6153843843843844,0.38461561561561564,971.8128106747952,68.96276177931097,0.02295420151242921,0.002073884667492653,0.04233703403486195,0.03325293969345346
Bubble,32.82817143424369,0.9400590590590591,0.059940940940940934,0.6149383394980078,0.3850616605019922,971.6401674425005,69.01548825496292,0.022952240558325444,0.002076249173044687,0.04233312930706708,0.03324046513827437
Dew,32.86778908880653,0.9398855045566636,0.06011449544333636,0.6143853853853855,0.38561461461461455,971.4256030506785,69.08097649612476,0.02294980344804148,0.0020791866109193735,0.04232827550135639,0.03322500064848849
Dew,32.93963480147045,0.9395706201754228,0.06042937982457719,0.6133863863863864,0.38661361361361357,971.0362956001223,69.1998660091015,0.022945379889083625,0.0020845178056890633,0.04231946911727086,0.03319706160352352
Dew,33.01180738764992,0.9392540096174838,0.06074599038251616,0.6123873873873874,0.3876126126126126,970.6448697434871,69.31943664552972,0.02294093059619605,0.0020898785164771673,0.04231061445713256,0.03316912255855856
Bubble,33.05599780257976,0.9390600600600602,0.06093993993993985,0.6117781143375749,0.3882218856624251,970.405078762556,69.39273161659244,0.02293820386459449,0.0020931635465400314,0.04230519026210211,0.03315208299480354
Dew,33.0843093087719,0.9389356574746124,0.061064342525387616,0.6113883883883884,0.3886116116116116,970.2513066637281,69.4396948170699,0.022936455326807374,0.0020952690113974857,0.04230171109001879,0.033141183513593596
Dew,33.15714305372711,0.9386155481403854,0.06138445185961461,0.6103893893893895,0.38961061061061053,969.8555873023575,69.56064702122211,0.022931953835077713,0.002100689562060994,0.042292758579464095,0.03311324446862863
Dew,33.2303111392996,0.9382936658067991,0.06170633419320093,0.6093903903903904,0.39060960960960955,969.4576923553171,69.6822998428697,0.022927425871840552,0.0021061404436372735,0.04228375648336538,0.03308530542366367
Bubble,33.28315664387689,0.9380610610610611,0.06193893893893887,0.6086719044679936,0.3913280955320064,969.1701465890852,69.77027088336239,0.022924152320390943,0.002110080889251011,0.04227725121713714,0.03306521149913256
Dew,33.30381611058642,0.9379699944608046,0.062030005539195354,0.6083913913913914,0.3916086086086086,969.0576022687637,69.80465995580195,0.02292287118454339,0.002111621934915609,0.0422747043538851,0.0330573663786987
Dew,33.37766054144097,0.9376445178807737,0.06235548211922626,0.6073923923923924,0.3926076076076076,968.655297234764,69.92773412431644,0.022918289517187045,0.0021171343183688076,0.04226560173735231,0.033029427333733735
Dew,33.4518470349222,0.9373172196328647,0.06268278036713526,0.6063933933933934,0.3936066066066066,968.250757186882,70.05152920484764,0.022913680610263543,0.0021226778802181452,0.042256448174161125,0.03300148828876877
Bubble,33.50964961714805,0.9370620620620621,0.0629379379379379,0.6056184482743154,0.39438155172568456,967.9353700232174,70.14810945451161,0.022910085874977986,0.0021270012785872586,0.042249312172172176,0.03297981536762571
Dew,33.52637822374782,0.9369880830673295,0.0630119169326705,0.6053943943943945,0.39460560560560554,967.8439617956792,70.17605214761709,0.022909044200692587,0.002128252910499289,0.04224724319866733,0.03297354924380381
Dew,33.601256770742715,0.9366570913147525,0.0633429086852475,0.6043953953953954,0.39560460460460456,967.4348904641378,70.30130999828022,0.022904380021756817,0.0021338597031284605,0.042237986339083336,0.03294561019883884
Dew,33.676485369350985,0.9363242272821545,0.06367577271784552,0.6033963963963964,0.3966036036036036,967.0235223229291,70.42730989977036,0.022899687803035203,0.002139498555974918,0.04222867711736911,0.032917671153873874
Bubble,33.735478371410146,0.9360630630630631,0.06393693693693692,0.6026165234564752,0.3973834765435248,966.700748156637,70.5262506408797,0.022896004477260846,0.002143924790190815,0.04222137312720721,0.03289586041616818
Dew,33.75206674408319,0.9359894736490685,0.06401052635093152,0.6023973973973974,0.3976026026026026,966.6098362256309,70.55405909396305,0.022894967270335253,0.002145169770928354,0.04221931504912245,0.03288973210890891
Dew,33.828003651031494,0.9356528128634927,0.06434718713650733,0.6013983983983985,0.3986016016016015,966.1938107438076,70.68156492355156,0.022890218145623486,0.0021508736539730565,0.04220989964346582,0.03286179306394395
Dew,33.90429887836294,0.9353142271377571,0.06468577286224286,0.6003993993993995,0.39960060060060054,965.7754241619837,70.80983483386944,0.022885440146954338,0.0021566105152608394,0.04220043040293074,0.03283385401897898
Bubble,33.96064454635208,0.9350640640640641,0.06493593593593594,0.5996649454957805,0.40033505450421947,965.4662800718235,70.90469767025256,0.02288190807579122,0.002160851498063939,0.04219343408224225,0.032813313517278314
Dew,33.980955246840125,0.9349736984443067,0.06502630155569333,0.5994004004004004,0.40059959959959957,965.3546544725125,70.9388763748057,0.02288063298839743,0.0021623806691871664,0.04219090682333987,0.032805914974014014
Dew,34.05797561035219,0.9346312085113805,0.06536879148861952,0.5984014014014014,0.4015985985985986,964.9314793703198,71.06869720276268,0.022875796379963103,0.0021681844344689687,0.04218132839368612,0.03277797592904905
Dew,34.13536285643325,0.9342867388185953,0.06571326118140475,0.5974024024024024,0.4025975975975976,964.5058762475343,71.19930508258976,0.022870930027526267,0.002174022134222124,0.04217169459600921,0.03275003688408408
Bubble,34.18514977291661,0.9340650650650651,0.06593493493493485,0.5967625661941258,0.4032374338058742,964.2319648422643,71.28345369239426,0.022867796618771228,0.002177781474688145,0.04216549503727728,0.03273214255925377
Dew,34.2131199068332,0.9339402705924255,0.06605972940757454,0.5964034034034035,0.4035965965965965,964.0778221879887,71.33070788968439,0.02286603363274841,0.0021798940960444427,0.04216200490526918,0.03272209783911912
Dew,34.29129297757168,0.933591784801448,0.066408215198552,0.5954044044044045,0.40459559559559555,963.6472622694613,71.46304123819567,0.02286110614115068,0.0021858045557353063,0.04215225878921349,0.03269415879415415
Dew,34.36980044915376,0.933241262152113,0.066758737847887,0.5944054054054054,0.40559459459459457,963.2142346940186,71.59606362280918,0.022856148710509484,0.002191746218954101,0.04214245570825863,0.032666219749189186
Bubble,34.408995673861384,0.9330660660660661,0.06693393393393388,0.593908272281671,0.406091727718329,962.9978015326597,71.66252178382271,0.02285367005405704,0.0021947147911365243,0.042137555992312316,0.03265231640723238
Dew,34.44868678591338,0.9328886830831763,0.0671113169168237,0.5934064064064064,0.4065935935935936,962.7786854396729,71.72990549728941,0.022851160314339657,0.0021977231627892005,0.042132595115334515,0.032638280704224226
Dew,34.52795505597584,0.9325340277612212,0.06746597223877882,0.5924074074074074,0.4075925925925926,962.3405902947841,71.8645752119593,0.02284614063651715,0.0022037357339846925,0.042122676455759185,0.03261034165925926
Dew,34.60760836476697,0.9321772760754664,0.06782272392453359,0.5914084084084085,0.40859159159159153,961.8999247096978,72.00008123910705,0.022841089356279386,0.0022097842842172645,0.04211269916709361,0.03258240261429429
Bubble,34.63218386427361,0.9320670670670671,0.0679329329329329,0.5911009840892696,0.4088990159107304,961.7637891991021,72.04190495233948,0.02283952832916205,0.0022116515171795035,0.04210961694734735,0.03257380486606397
Dew,34.68764985565017,0.9318184076325723,0.06818159236742771,0.5904094094094094,0.40959059059059055,961.4566637904128,72.13643217537236,0.022836006148134892,0.002215869170190676,0.04210266267899646,0.032554463569329326
Dew,34.76808271056029,0.9314574017513394,0.0685425982486606,0.5894104104104104,0.4105895895895896,961.0107822921151,72.27363674414036,0.02283089068177091,0.0022219907537309428,0.04209256641307579,0.03252652452436436
Dew,34.84891015069573,0.9310942374572513,0.06890576254274872,0.5884114114114114,0.4115885885885886,960.5622546125318,72.41170379812398,0.02282574262195853,0.0022281494018878203,0.042082409782736446,0.032498585479399406
Bubble,34.85471595202449,0.9310680680680681,0.06893193193193192,0.5883396542820005,0.4116603457179995,960.5299268892387,72.42160614124171,0.022825371391259563,0.002228591721381963,0.04208167790238239,0.03249657864489088
Dew,34.93013543714848,0.9307288934769108,0.06927110652308921,0.5874124124124125,0.4125875875875875,960.1110547851458,72.55064232178158,0.022820561628455634,0.0022343454870317318,0.04207219219302451,0.03247064643443444
Dew,35.01176187163353,0.9303613482323355,0.06963865176766448,0.5864134134134135,0.41358658658658654,959.6571564722426,72.6904614340458,0.022815347355907446,0.00224057938696079,0.042061913040467656,0.03244270738946947
Bubble,35.076593538221985,0.9300690690690692,0.06993093093093083,0.5856232666504501,0.41437673334954994,959.2962136424254,72.80162823337217,0.02281119918718535,0.0022455354711964906,0.04205373885741743,0.032420609323343806
Dew,35.09379279716416,0.9299915798350998,0.07000842016490016,0.5854144144144144,0.41458558558558556,959.20053295777,72.831170390912,0.02281009945374429,0.002246851485004043,0.042051571712911434,0.03241476834450451
Dew,35.17623159879969,0.929619566080364,0.070380433919636,0.5844154154154154,0.4155845845845846,958.7411571400563,72.97277858826023,0.02280481756607725,0.0022531621701324654,0.04204116758935219,0.032386829299539545
Dew,35.259081704366615,0.9292452844407189,0.07075471555928114,0.5834164164164164,0.4165835835835836,958.2790015243115,73.11529556461893,0.02279950133159072,0.002259511837068721,0.042030700039764966,0.03235889025457458
Bubble,35.297818217630955,0.9290700700700701,0.07092992992992986,0.5829508349566472,0.41704916504335277,958.062648489871,73.18197405495387,0.022797011663439948,0.0022624828330511117,0.042025799812452455,0.03234586931926595
Dew,35.3423465852188,0.9288687120599228,0.07113128794007717,0.5824174174174175,0.4175825825825825,957.8140382149833,73.25873100406523,0.02279415038343261,0.0022659008864017215,0.042020168424928346,0.03233095120960961
Dew,35.42602975700662,0.928489825746429,0.07151017425357098,0.5814184184184185,0.41858158158158154,957.346238907875,73.40309473917335,0.02278876434910135,0.0022723297247032696,0.04200957209624342,0.03230301216464465
Dew,35.51013478050004,0.9281086019668119,0.07189139803318811,0.5804194194194194,0.41958058058058056,956.8755748821112,73.54839675414522,0.02278334285033021,0.002278798764650952,0.04199891039554991,0.032275073119679684
Bubble,35.51839157900462,0.9280710710710711,0.07192892892892888,0.5803214018318023,0.41967859816819775,956.8292304547446,73.56264637911494,0.022782808766190082,0.002279433872428376,0.04199786076748749,0.03227233185788609
Dew,35.59466526232724,0.9277250168389755,0.07227498316102454,0.5794204204204204,0.4205795795795796,956.4020169919047,73.69464718771464,0.022777885502969396,0.002285308425144649,0.041988182654936305,0.03224713407471472
Dew,35.679624855880654,0.9273390461252209,0.07266095387477911,0.5784214214214215,0.4215785785785785,955.9255356580403,73.84185633657067,0.022772391916862953,0.002291859131439765,0.0419773881965459,0.03221919502974976
Bubble,35.73831520546342,0.9270720720720721,0.0729279279279279,0.5777340377229121,0.4222659622770879,955.5959585523042,73.9436479293565,0.02276859044127066,0.0022963886539439583,0.04196992172252252,0.03219997094235819
Dew,35.76501726213026,0.9269506652251355,0.07304933477486453,0.5774224224224225,0.4225775775775775,955.4461008592399,73.99003465853201,0.022766861695724745,0.0022984513152734215,0.041966526332377976,0.03219125598478479
Dew,35.850846230491406,0.9265598491682865,0.07344015083171351,0.5764234234234235,0.42357657657657655,954.9636821232517,74.13919277590823,0.022761294437010055,0.0023050854149971123,0.04195559636408344,0.032163316939819823
Dew,35.93711555972659,0.9261665726067438,0.07383342739325616,0.5754244244244244,0.42457557557557557,954.4782485177194,74.28934147898913,0.02275568973178384,0.002311761875714039,0.04194459758275571,0.03213537789485486
Bubble,35.95759067480883,0.9260730730730731,0.07392692692692693,0.5751878398857855,0.4248121601142145,954.3628317899887,74.32498138273297,0.022754356634185822,0.002313347241417389,0.04194198267755756,0.03212876132559936
Dew,36.023829098844814,0.925770809807395,0.07422919019260499,0.5744254254254254,0.4255745745745746,953.989768640823,74.44049172955378,0.022750047164585778,0.0023184811494177796,0.04193352926871581,0.03210743884988989
Dew,36.11099074804926,0.9253725346440744,0.07462746535592557,0.5734264264264265,0.4265735735735735,953.4982106116696,74.59265466455231,0.022744366313291447,0.0023252436951370623,0.041922390691292215,0.03207949980492493
Bubble,36.176219559804316,0.9250740740740742,0.07492592592592584,0.5726819314221141,0.4273180685778859,953.1298491675085,74.70664937289371,0.02274010729011002,0.002330309697939395,0.0419140436325926,0.03205867848335952
Dew,36.1986044596847,0.9249717205894741,0.07502827941052592,0.5724274274274275,0.42757257257257253,953.0035420604338,74.74584159981632,0.022738646748969887,0.0023320499790821948,0.041911181108594646,0.03205156075995996
Dew,36.2866742392255,0.9245683407068573,0.07543165929314266,0.5714284284284284,0.42857157157157155,952.505730118245,74.90006403392091,0.022732888035737323,0.0023389004747969874,0.041899899767282305,0.032023621714994996
Dew,36.37520414627539,0.9241623676415458,0.0758376323584542,0.5704294294294294,0.4295705705705706,952.0047414068082,75.05533365211338,0.022727089730606977,0.0023457956633135633,0.041888545902325824,0.03199568267003003
Bubble,36.39420342846748,0.9240750750750751,0.07592492492492486,0.5702154603581672,0.42978453964183283,951.8970096769309,75.08865449299165,0.022725842353888966,0.0023472760859363116,0.04188610458762763,0.031989698588455275
Dew,36.464198295600056,0.9237537736121588,0.07624622638784118,0.5694304304304305,0.4305695695695695,951.5005420277192,75.21166233037275,0.022721251383334456,0.002352736033312068,0.04187711873676219,0.03196774362506507
Dew,36.55366085818991,0.9233425304016798,0.0766574695983202,0.5684314314314315,0.4315685685685685,950.9930975515575,75.36906213959288,0.022715372536259406,0.0023597220812850905,0.041865617481445,0.0319398045801001
Bubble,36.611543844312415,0.9230760760760761,0.07692392392392389,0.5677875987631418,0.4322124012368582,950.6643123027527,75.47099929841889,0.02271156177004023,0.002364246467229965,0.04185816554266266,0.031921798486112735
Dew,36.64359606233282,0.9229286093482026,0.07707139065179736,0.5674324324324325,0.43256756756756753,950.4823730066123,75.52754534983173,0.022709452724142345,0.0023667543117050147,0.04185404133478556,0.031911865535135135
Dew,36.734008194732425,0.9225119813354992,0.07748801866450084,0.5664334334334334,0.43356656656656656,949.9683328673569,75.68712443473198,0.02270349147399706,0.002373833237197632,0.04184238948248916,0.031883926490170175
Dew,36.82490160164444,0.9220926167832905,0.07790738321670954,0.5654344344344344,0.4345655655655656,949.450941042595,75.84781207603447,0.02269748830491864,0.002380959378719578,0.04183066109728296,0.03185598744520521
Bubble,36.828242366574216,0.9220770770770771,0.07792292292292291,0.5653975419050212,0.43460245809497877,949.4317560219553,75.8536863093374,0.022697265482753512,0.002381220903092269,0.0418302264976977,0.031854955670359404
Dew,36.91628069005057,0.92167048563725,0.07832951436275004,0.5644354354354355,0.4355645645645645,948.9301608632571,76.00962116824255,0.022691442727906075,0.0023881332657414464,0.0418188553386364,0.03182804840024024
Dew,37.00814992885342,0.9212455573587628,0.07875444264123721,0.5634364364364365,0.4365635635635635,948.4059550699014,76.17256482339074,0.022685354245680352,0.0023953554364351446,0.04180697135247482,0.03180010935527528
Bubble,37.04430055044079,0.9210780780780782,0.07892192192192182,0.5630445074421087,0.43695549255789135,948.1993398040667,76.23671801316145,0.022682953435890985,0.002398199454299283,0.04180228745273274,0.03178914826141375
Dew,37.10051385010559,0.9208178009143704,0.07918219908562962,0.5624374374374375,0.43756256256256254,947.878285799843,76.33665637595783,0.022679222352497197,0.0024026264378667894,0.04179500827088423,0.031772170310310315
Dew,37.193377050282066,0.9203871847649441,0.07961281523505592,0.5614384384384384,0.43856156156156156,947.3471145739312,76.5019093879529,0.022673046533954334,0.0024099468261960647,0.04178296521180859,0.03174423126534535
Bubble,37.259719947236334,0.9200790790790792,0.07992092092092085,0.5607277346485796,0.4392722653514204,946.9670626112091,76.62009686690159,0.022668625572987378,0.0024151821811816566,0.041774348407767774,0.03172435498402621
Dew,37.2867441915629,0.9199536768545299,0.08004632314547011,0.5604394394394395,0.4395605605605605,946.8124022829505,76.66833765407934,0.022666826266793415,0.002417317166879094,0.04177084127873771,0.03171629222038038
Dew,37.38062000318274,0.9195172445989116,0.0804827554010884,0.5594404404404405,0.4405595595595595,946.274109173646,76.83595520714444,0.02266056101869589,0.002424738034880134,0.041758635560387544,0.03168835317541542
Bubble,37.4745021046117,0.9190800800800801,0.08091991991991987,0.5584464836720872,0.44155351632791284,945.7349233981403,77.00382529931038,0.02265428183724984,0.0024321691436701206,0.04174640936280281,0.03166055514671661
Dew,37.47500928278308,0.9190778548738238,0.08092214512617624,0.5584414414414415,0.4415585585585585,945.7321948343499,77.00477632352819,0.022654250248073333,0.0024322100148862643,0.04174634713037043,0.031660414130450454
Dew,37.56991689781714,0.9186354740028363,0.0813645259971637,0.5574424424424425,0.44255755755755755,945.186618180193,77.17481552886045,0.02264789340385134,0.0024397337015297925,0.04173397504685629,0.03163247508548549
Dew,37.66534778701582,0.9181900677448944,0.08180993225510558,0.5564434434434434,0.44355655655655657,944.6373374378852,77.34608760393334,0.02264148992524685,0.0024473096996192913,0.04172151835222417,0.03160453604052052
Bubble,37.68864856670634,0.9180810810810811,0.08191891891891889,0.5562000348221998,0.4437999651778002,944.502921112285,77.38790571301773,0.02263992217155761,0.002449160401341163,0.04171847031783783,0.031597728621873857
Dew,37.76130696182437,0.9177416012814967,0.08225839871850327,0.5554444444444445,0.4445555555555555,944.0843101300806,77.51860759058324,0.022635039241539517,0.0024549386243708934,0.04170897607270368,0.03157659699555556
Dew,37.85779950797405,0.9172900392035086,0.0827099607964914,0.5544454454454455,0.4455545545545545,943.5274930592595,77.6923907980327,0.022628540771835473,0.002462621101655397,0.041696347218006094,0.03154865795059059
Bubble,37.902160874301075,0.9170820820820821,0.08291791791791792,0.553987687887855,0.446012312112145,943.2710546937611,77.77234048644503,0.022625546518461548,0.0024661560134569003,0.04169053127287287,0.03153585582666715
Dew,37.95483058701056,0.9168353454975581,0.08316465450244193,0.5534464464464465,0.44655355355355353,942.966842291145,77.86745280916465,0.02262199392482454,0.002470357768244535,0.04168363078094403,0.031520718905625626
Dew,38.0524054379376,0.9163774835320802,0.08362251646791985,0.5524474474474474,0.44755255255255255,942.4023131376356,78.04380948720241,0.02261539809852959,0.002478149272071443,0.04167082573704103,0.03149277986066066
Bubble,38.11504056496873,0.9160830830830832,0.08391691691691683,0.5518087614826475,0.44819123851735254,942.0393230754125,78.15713197573321,0.022611154820183808,0.002483156039006063,0.04166259222790791,0.03147491770473566
Dew,38.1505293788308,0.9159164160429084,0.08408358395709159,0.5514484484484484,0.4485515515515516,941.8338601392386,78.22147698236712,0.022608752680048957,0.0024859962724917933,0.04165793104412866,0.03146484081569569
Dew,38.24920780857336,0.9154521051184554,0.08454789488154457,0.5504494494494495,0.4495505505505505,941.2614370469574,78.40047173896666,0.022602057045290194,0.002493899440560051,0.04164494564193205,0.03143690177073073
Bubble,38.327289173197265,0.9150840840840841,0.08491591591591585,0.5496625924165616,0.45033740758343843,940.8077251828165,78.54228251650703,0.022596747018616945,0.002500160536740584,0.041634653182942946,0.03141489570861768
Dew,38.34844620859255,0.9149845121844311,0.08501548781556889,0.5494504504504505,0.4505495495495495,940.6849968036415,78.58081050255753,0.022595310558696034,0.0025018594593095305,0.041631868451642476,0.031408962725765766
Dew,38.448250144664435,0.9145135979881331,0.08548640201186686,0.5484514514514515,0.45154854854854853,940.1044915247895,78.76251032738503,0.022588512572961777,0.002509877024042803,0.04161869837547804,0.0313810236808008
Bubble,38.53890823050874,0.9140850850850851,0.08591491491491487,0.5475485350928405,0.4524514649071595,939.5762599342977,78.9277944255497,0.0225823230553231,0.002517169565210205,0.04160671413797798,0.031355771782882874
Dew,38.54862526876039,0.9140393225822179,0.08596067741778213,0.5474524524524524,0.45254754754754756,939.5198724787415,78.94558858402469,0.02258166242874381,0.002517952842630091,0.041605434296229794,0.03135308463583584
Dew,38.64957732095441,0.9135616453079977,0.08643835469200234,0.5464534534534535,0.45354654654654647,938.9310900662716,79.13006296728548,0.02257475945435885,0.0025260876358176114,0.041592075076794584,0.03132514559087087
Bubble,38.74989926556403,0.9130860860860861,0.0869139139139139,0.545465960928875,0.454534039071125,938.3449262409366,79.31367000239813,0.022567882871533124,0.0025341831827952617,0.04157877509301302,0.03129752834793629
Dew,38.751112131394265,0.9130805247782203,0.08691947522177967,0.5454544544544545,0.4545455455455455,938.3380937995548,79.31595150438697,0.02256780296547374,0.002534282137546316,0.041578619559693476,0.031297206545905905
Dew,38.85323562232,0.9125959188593201,0.08740408114067988,0.5444554554554555,0.4555445445445445,937.7408322804839,79.50327256336566,0.022560792264785405,0.0025425370952796788,0.04156506656657536,0.031269267500940945
Dew,38.95595381014299,0.912107784653076,0.08789221534692404,0.5434564564564565,0.45654354354354354,937.1392531782703,79.69204486175202,0.022553726641690235,0.0025508532703419078,0.04155141489770396,0.031241328455975974
Bubble,38.96026380426729,0.9120870870870871,0.08791291291291292,0.5434142577999846,0.45658574220001535,937.1137230065679,79.69991153089231,0.02255342640814543,0.002551201447738699,0.041550836048048045,0.03124014828446248
Dew,39.05927280758519,0.911616078477767,0.08838392152223296,0.5424574574574574,0.45754254254254256,936.5333032064106,79.88228747552292,0.02254660537194329,0.0025592314382667843,0.04153766333143085,0.03121338941101101
Dew,39.163198825903834,0.9111207558486409,0.08887924415135906,0.5414584584584585,0.4585415415415415,935.9229280988305,80.07401984840712,0.022539427717305684,0.0025676723891597136,0.04152381062364918,0.031185450366046048
Bubble,39.17004762303143,0.9110880880880882,0.08891191191191183,0.5413928295052538,0.4586071704947462,935.8826734414419,80.08666829660814,0.022538954191273126,0.002568229132701683,0.041522897003083085,0.031183614918486615
Dew,39.2677381771523,0.9106217714578233,0.0893782285421767,0.5404594594594595,0.4595405405405405,935.308072585335,80.26726180140233,0.022532192925181025,0.002576176928068505,0.0415098555072318,0.03115751132108108
Dew,39.37289727653584,0.9101190791535618,0.08988092084643817,0.5394604604604605,0.4605395395395395,934.6886803662416,80.46203354268339,0.022524900228239518,0.002584745875368713,0.041495796691450836,0.031129572276116117
Bubble,39.37916598035177,0.9100890890890891,0.08991091091091086,0.5394010952527786,0.4605989047472214,934.6517291219443,80.47365641514409,0.022524465022119345,0.0025852571286215237,0.04149495795811812,0.031127912006978266
Dew,39.47868264482758,0.9096126319187895,0.0903873680812105,0.5384614614614615,0.46153853853853855,934.0646940861863,80.65835567780222,0.022517548844029657,0.0025933800671604423,0.041481632861378064,0.031101633231151154
Dew,39.585100910867006,0.9091023818489932,0.09089761815100683,0.5374624624624625,0.46253753753753746,933.4360553070791,80.85624922025184,0.022510137974576884,0.0026020803556790002,0.04146736267726607,0.03107369418618619
Bubble,39.58766250495815,0.9090900900900901,0.09090990990990988,0.5374384891676482,0.46256151083235175,933.4209119939565,80.86101764682944,0.022509959395655504,0.002602289959445987,0.04146701891315316,0.031073023724091185
Dew,39.69215881412967,0.9085882801293628,0.09141171987063723,0.5364634634634635,0.4635365365365365,932.8027044801617,81.05573560236512,0.022502666805968498,0.00261084760971856,0.041452984773909095,0.03104575514122122
Bubble,39.79553871712942,0.9080910910910911,0.0919089089089089,0.5355044598160473,0.46449554018395267,932.190220935437,81.24875424592246,0.022495437251517196,0.0026193276838263075,0.04143907986818819,0.03101893464785379
Dew,39.799863207385116,0.908070277011172,0.09192972298882796,0.5354644644644645,0.4645355355355355,932.1645809171517,81.25683668660567,0.0224951345079249,0.0026196827150707456,0.04143849775998253,0.031017816096256257
Dew,39.90822105943414,0.9075483217873803,0.09245167821261968,0.5344654654654655,0.4655345345345345,931.5216227604056,81.45957477722874,0.02248754023335567,0.0026285865749775365,0.04142390021736054,0.03098987705129129
Bubble,40.002796134985665,0.9070920920920922,0.09290790790790782,0.5335984697488612,0.46640153025113884,930.9596548172161,81.63686845854808,0.022480898529004957,0.0026363703604441943,0.041411140823223225,0.030965629747405188
Dew,40.01723945794677,0.9070223627674113,0.09297763723258867,0.5334664664664664,0.46653353353353355,930.8737669520891,81.66397263238368,0.022479883117900595,0.0026375601106008806,0.041409190700410714,0.030961938006326326
Dew,40.126925612365625,0.9064923472510642,0.0935076527489358,0.5324674674674675,0.46753253253253246,930.2209492022848,81.87005347655654,0.022472162279454685,0.00264660426150585,0.041394367735264406,0.030933998961361366
Bubble,40.209436274540494,0.9060930930930932,0.09390690690690684,0.5317199950623424,0.46828000493765765,929.7292125029826,82.02536252385939,0.022466343167082833,0.0026534180480354114,0.04138320177825826,0.030913094370708334
Dew,40.23728685694153,0.9059582215015713,0.09404177849842865,0.5314684684684685,0.4685315315315315,929.5631039560374,82.07784101356205,0.022464376817676494,0.002655719986164196,0.04137942981906331,0.0309060599163964
Dew,40.34833065383542,0.9054199307176942,0.09458006928230578,0.5304694694694695,0.4695305305305305,928.9001643592358,82.28735943989292,0.02245652581347916,0.0026649082624722,0.041364375419178985,0.030878120871431436
Bubble,40.41546064977592,0.9050940940940941,0.09490590590590586,0.5298685249752622,0.47013147502473784,928.4988928492737,82.41423867518319,0.02245177110437701,0.0026704708054135387,0.04135526273329329,0.030861314232724157
Dew,40.46006459634483,0.9048774190048638,0.09512258099513615,0.5294704704704705,0.47052952952952953,928.2320622233233,82.49863345860858,0.02244860832850333,0.002674170088288839,0.04134920297240579,0.03085018182646647
Dew,40.57249641223005,0.9043306293453114,0.09566937065468861,0.5284714714714714,0.47152852852852856,927.5587279887616,82.71168829369753,0.022440623404571074,0.002683506481992231,0.041333910884125497,0.030822242781501502
Bubble,40.62087077267833,0.9040950950950951,0.09590490490490489,0.5280435614219391,0.4719564385780609,927.2686947054492,82.80349914106301,0.02243718227917402,0.0026875286914907854,0.04132732368832834,0.03081027540402983
Dew,40.685633967142316,0.9037795035671626,0.09622049643283737,0.5274724724724725,0.47252752752752747,926.8800906872323,82.92654970492711,0.022432570063120414,0.002692918483054942,0.04131849752744298,0.03079430373653654
Dew,40.79948526821332,0.9032239823124302,0.09677601768756983,0.5264734734734735,0.4735265265265265,926.1960779024677,83.1432440033693,0.022424447304618792,0.0027024071526444053,0.041302961242291034,0.030766364691571575
Bubble,40.825668153283985,0.9030960960960961,0.09690390390390391,0.5262446186603358,0.4737553813396642,926.038616913666,83.19314614625426,0.022422576629419013,0.002704591765297899,0.04129938464336337,0.03075996429985836
Dew,40.91405846769717,0.9026640050038298,0.09733599499617018,0.5254744744744745,0.4745255255255255,925.5066157296785,83.36179806728232,0.022416254107955464,0.0027119735742381816,0.041287300334502314,0.03073842564660661
Dew,41.029361866800016,0.9020995098104655,0.0979004901895345,0.5244754754754755,0.47552452452452454,924.8116287335469,83.58223935876585,0.022407989429811207,0.0027216188542677775,0.041271513074849685,0.03071048660164164
Bubble,41.02985429976861,0.9020970970970972,0.09790290290290282,0.5244712228946572,0.4755287771053428,924.8086583088887,83.58318191288048,0.022407954092714823,0.002721660086009713,0.041271445598398404,0.030710367669543794
Dew,41.1454039196221,0.9015304336122001,0.09846956638779991,0.5234764764764765,0.47652352352352345,924.1110399046461,83.80459594097333,0.022399652204004576,0.0027313441227841267,0.04125559769804975,0.03068254755667668
Bubble,41.23343071840674,0.9010980980980982,0.09890190190190185,0.5227229119117565,0.47727708808824354,923.5788177188127,83.97360866108757,0.02239331460631896,0.0027387337129549426,0.04124350655343344,0.03066147258635257
Dew,41.26219323722819,0.9009567119627669,0.09904328803723306,0.5224774774774775,0.4775225225225225,923.4047706142892,84.02889649593935,0.022391241340813533,0.0027411505341467914,0.04123955240173118,0.030654608511711715
Dew,41.379738591872965,0.9003782790515135,0.09962172094848654,0.5214784784784785,0.4785215215215215,922.6927405677142,84.25517034311429,0.02238275572627174,0.0027510392677400097,0.04122337534536484,0.030626669466746748
Bubble,41.43639891368568,0.9000990990990991,0.09990090090090087,0.520999234730817,0.479000765269183,922.3490939638808,84.36442861020515,0.022378658107142832,0.0027558127056428448,0.04121556750846848,0.030613266437686148
Dew,41.498048921391764,0.8997950676636953,0.10020493233630468,0.5204794794794795,0.4795205205205205,921.974867755483,84.48344745864945,0.02237419422143741,0.0027610115287172074,0.041207064649153274,0.030598730421781784
Dew,41.61713333372159,0.8992070091393132,0.10079299086068683,0.5194804804804805,0.48051951951951954,921.251068403094,84.71375849533827,0.022365555661634524,0.002771068548771049,0.04119061839287953,0.030570791376816814
Bubble,41.63876038827617,0.8991001001001001,0.10089989989989989,0.5192997512657341,0.48070024873426587,921.119485857224,84.75564397943813,0.022363984531749162,0.0027728971237749953,0.04118762846350351,0.03056573691563884
Dew,41.73700111161364,0.8986140333303542,0.10138596666964583,0.5184814814814815,0.48151851851851846,920.5212569186465,84.9461348034141,0.022356838855664325,0.0027812115869357544,0.04117403461471134,0.030542852331851854
Bubble,41.84051664310576,0.8981011011011012,0.1018988988988988,0.5176240319995883,0.4823759680004117,919.8899922046548,85.14725698880864,0.0223492938163506,0.002789987027265789,0.04115968941853855,0.030518872007893768
Dew,41.857661717496015,0.8980160685564694,0.10198393144353057,0.5174824824824825,0.4825175175175175,919.785345838554,85.18060845209067,0.022348042584986193,0.0027914419304181726,0.041157311309961524,0.030514913286886887
Dew,41.97912479854877,0.8974130415588265,0.10258695844117349,0.5164834834834835,0.4835165165165165,919.0432457710704,85.4172122520516,0.02233916560286575,0.0028017608954645423,0.04114044642979736,0.03048697424192192
Bubble,42.041669177358145,0.8971021021021022,0.10289789789789783,0.5159716576708239,0.48402834232917613,918.6606118046118,85.53926985988593,0.022334585896807226,0.002807082476256249,0.041131750373573576,0.030472659988946237
Dew,42.101400191929976,0.896804877452312,0.10319512254768803,0.5154844844844845,0.4845155155155155,918.2948653377275,85.65597977871583,0.022330206633489592,0.002812169828257508,0.04112343787990391,0.030459035196956957
Dew,42.22449793024394,0.8961914996757508,0.10380850032424915,0.5144854854854856,0.48551451451451444,917.5401111123883,85.89694539657387,0.022321164371044123,0.0028226701058532565,0.04110628351909172,0.030431096151991993
Bubble,42.24221948850087,0.8961031031031031,0.10389689689689685,0.5143422189705489,0.4856577810294511,917.4313434481398,85.93168481657104,0.022319860708624836,0.002824183531130089,0.04110381132860861,0.0304270894116381
Dew,42.348428247175775,0.8955728299402101,0.10442717005978985,0.5134864864864865,0.48651351351351346,916.7788875579222,86.14014428438162,0.02231203747875722,0.002833263137152036,0.04108898115785106,0.03040315710702703
Bubble,42.442167081957265,0.8951041041041041,0.10489589589589587,0.5127353162505168,0.4872646837494832,916.2021847672523,86.32449711764004,0.022305118158916924,0.0028412900231770412,0.04107587228364365,0.03038214909899085
Dew,42.473201583378284,0.8949487881752186,0.10505121182478139,0.5124874874874875,0.4875125125125125,916.0110969603286,86.38561246149206,0.022302824587900602,0.0028439503639114834,0.041071528556847876,0.03037521806206206
Dew,42.59882859256237,0.8943192924728594,0.10568070752714065,0.5114884884884885,0.4885115115115115,915.2366393602416,86.63338681519522,0.022293524296751487,0.0028547332617987788,0.041053923425360156,0.030347279017097096
Bubble,42.641517310909684,0.8941051051051051,0.1058948948948949,0.5111505592414338,0.4888494407585662,914.9731367668657,86.7177224778969,0.02229035823671395,0.002858402456768424,0.04104793323867868,0.03033782813632755
Dew,42.725320147852564,0.8936842590295316,0.10631574097046836,0.5104894894894895,0.48951051051051053,914.4554124815809,86.88350512927678,0.02228413516951036,0.0028656133414888094,0.04103616341964927,0.03031933997213213
Bubble,42.8402697917599,0.8931061061061062,0.10689389389389381,0.5095875667810108,0.4904124332189892,913.744197133665,87.11135658749691,0.02227558085012346,0.002875520677993202,0.04101999419371372,0.0302941158636672
Dew,42.852687348362856,0.8930436020853947,0.10695639791460532,0.5094904904904906,0.49050950950950944,913.6673116573445,87.13600611367801,0.022274655735174186,0.00287659214980477,0.041018246141266326,0.03029140092716717
Dew,42.980941526081196,0.8923972338612521,0.10760276613874786,0.5084914914914915,0.49150850850850847,912.872229752262,87.39092943555369,0.022265084486361157,0.0028876712709112722,0.04100016913528699,0.030263461882202206
Bubble,43.03842601485346,0.8921071071071072,0.10789289289289283,0.5080459665514582,0.4919540334485418,912.5153646284091,87.50540168486474,0.022260785933204498,0.002892644748282556,0.04099205514874875,0.030251001868383295
Dew,43.11009425298263,0.8917450644928278,0.10825493550717225,0.5074924924924925,0.4925075075075075,912.0700570822489,87.64831575150579,0.022255419878085735,0.002898852327552958,0.040981929888473496,0.030235522837237242
Bubble,43.23598746884275,0.8911081081081081,0.10889189189189186,0.5065253948261373,0.49347460517386266,911.2866380042249,87.89986001400338,0.02224597341964986,0.0029097747293731057,0.04096411610378379,0.03020847597811838
Dew,43.240157348471286,0.891087001962275,0.10891299803772503,0.5064934934934935,0.4935065065065065,911.2606813304404,87.90820674132712,0.022245660326480513,0.0029101369823499707,0.04096352582735902,0.030207583792272275
Dew,43.371142887112065,0.8904229520267465,0.10957704797325352,0.5054944944944946,0.4945055055055054,910.4439874596457,88.17064514316351,0.022235804207462788,0.0029215269391476275,0.0409449543162501,0.030179644747307312
Bubble,43.43295564072443,0.8901091091091091,0.10989089089089088,0.5050254962247729,0.4949745037752271,910.0580160065733,88.29473382515722,0.022231143242784097,0.0029269106833210356,0.04093617705881882,0.030166528253938073
Dew,43.50306320669766,0.8897528181439505,0.11024718185604954,0.5044954954954955,0.49550450450450445,909.6198576210485,88.43567479026423,0.022225849855342174,0.0029330239444262706,0.040926212655144595,0.03015170570234235
Bubble,43.62933201583458,0.8891101101101102,0.11088988988988979,0.5035459234770735,0.4964540765229265,908.8294973732027,88.69002537537781,0.022216295335561048,0.0029440526725131298,0.04090823801385386,0.030125148983720255
Dew,43.63593091663827,0.8890765013944028,0.11092349860559725,0.5034964964964965,0.4965035035035035,908.7881710589027,88.70334064931285,0.022215795561366703,0.0029446297887714256,0.04090729807755732,0.030123766657377378
Dew,43.76975890672423,0.888393900400342,0.11160609959965795,0.5024974974974975,0.4975025025025025,907.9488040110766,88.9736888605293,0.022205639572203638,0.002956346308411,0.040888207748252386,0.030095827612412415
Bubble,43.82511807784405,0.8881111111111112,0.11188888888888882,0.5020863371944074,0.49791366280559257,907.601080834094,89.08573692909899,0.02220142963056129,0.0029612007596782584,0.040880298968888895,0.03008432867576948
Dew,43.90456035626305,0.8877049112410311,0.11229508875896888,0.5014984984984985,0.4985015015015015,907.1016296051772,89.24676677958065,0.02219538008835173,0.0029681753868212196,0.04086893876087437,0.030067888567447448
Bubble,44.020315308767366,0.8871121121121122,0.11288788788788784,0.5006464056490196,0.49935359435098037,906.3727651114112,89.48187075862708,0.022186546059989595,0.002978355007896718,0.04085235992392393,0.03004405805264236
Dew,44.04034874361139,0.8870094273642444,0.11299057263575563,0.5004994994994995,0.49950050050050054,906.246517749994,89.52262302140592,0.02218501526248078,0.002980118956405218,0.040849488135472914,0.03003994952248248
Dew,44.17713785611969,0.8863073394938452,0.11369266050615483,0.49950050050050054,0.5004994994994995,905.3833350220912,89.80130750604754,0.022174543197694747,0.0029921790002478887,0.04082985281591795,0.03001201047751752
Bubble,44.21492518895819,0.8861131131131131,0.11388688688688686,0.49922580456087107,0.5007741954391289,905.1445489194562,89.87842914475675,0.022171644555672575,0.00299551548061337,0.04082442087895896,0.030004328045186063
Dew,44.31494180053781,0.8855985355330266,0.11440146446697344,0.4985015015015015,0.5014984984984985,904.5119445471262,90.08287150668525,0.02216396194571371,0.003004357553953988,0.04081002966719358,0.029984071432552554
Bubble,44.408949197102615,0.8851141141141141,0.11488588588588589,0.4978242168913632,0.5021757831086369,903.9164309646055,90.27541437718553,0.02215672504905582,0.003012682241644921,0.040796481833993994,0.02996512978676943
Dew,44.453775013867435,0.8848829004632465,0.11511709953675357,0.49750250250250255,0.5024974974974974,903.6322058758049,90.36736769987394,0.022153269504970714,0.003016656707570098,0.04079001547257164,0.029956132387587587
Dew,44.59365227472264,0.8841603162383028,0.11583968376169713,0.49650350350350353,0.5034964964964965,902.7439748539176,90.65485021822569,0.022142463818617383,0.0030290786075990233,0.040769806930649265,0.029928193342622623
Bubble,44.60238881022751,0.8841151151151152,0.1158848848848848,0.49644133264405643,0.5035586673559436,902.6884099452639,90.67282875509184,0.022141787471201463,0.0030298553551924177,0.040768542789029034,0.029926454607709634
Dew,44.734588715204566,0.8834306616735548,0.11656933832644524,0.4955045045045045,0.5044954954954954,901.8471034863525,90.94537470560856,0.022131542772434353,0.00304162545910966,0.04074940065225078,0.029900254297657657
Bubble,44.79524550366431,0.8831161161161162,0.11688388388388382,0.4950768486718967,0.5049231513281033,901.4604845517936,91.07067458752104,0.02212683175278513,0.003047034885847715,0.04074060374406407,0.029888294029880882
Dew,44.87659983332147,0.8826938123297798,0.11730618767022011,0.49450550550550554,0.5054944944944945,900.9414397945598,91.23899837501651,0.02212050419264011,0.003054299527948113,0.04072879315717945,0.029872315252692693
Bubble,44.98752075108152,0.8821171171171172,0.11788288288288284,0.4937304684907026,0.5062695315092973,900.2326534664811,91.46895419393464,0.022111857824093775,0.0030642208986057513,0.04071266469909911,0.029850639761498217
Dew,45.01970150601055,0.8819496403915463,0.1180503596084537,0.4935065065065065,0.5064934934934935,900.0268276671991,91.53578006934545,0.02210934584359202,0.0030671031430586143,0.040707980870815993,0.029844376207727726
Dew,45.16391000276027,0.881198014539591,0.11880198546040902,0.49250750750750755,0.5074924924924924,899.1031067034684,91.83578032514023,0.02209806542537367,0.003080038698917132,0.04068696012054932,0.02981643716276276
Bubble,45.17921602444896,0.8811181181181181,0.11888188188188187,0.4924019020988404,0.5075980979011596,899.0049153634566,91.86766990460276,0.022096865615022405,0.003081413458871462,0.04068472565413414,0.029813483692074354
Dew,45.309241999896166,0.8804387998169534,0.11956120018304658,0.4915085085085085,0.5084914914914915,898.1701120487248,92.13906143957625,0.02208666057126097,0.003093108658087254,0.04066572713203273,0.0297884981177978
Bubble,45.37033279403638,0.8801191191191192,0.11988088088088078,0.4910908658026788,0.5089091341973212,897.777268908645,92.26682406106927,0.022081855055071486,0.0030986126324694927,0.040656786609169174,0.02977681788753815
Dew,45.455714595559726,0.879671857488514,0.12032814251148605,0.49050950950950956,0.5094904904904904,897.2276742219645,92.44568754084541,0.02207512884506017,0.003106315553904873,0.040644278025255574,0.029760559072832832
Bubble,45.560872528396025,0.8791201201201202,0.1208798798798798,0.48979708204768935,0.5102029179523107,896.5497127597004,92.66641901655339,0.022066826073344002,0.0031158184856518983,0.04062884756420421,0.02974063458551101
Dew,45.603345325410835,0.8788970448933812,0.12110295510661881,0.48951051051051053,0.5104894894894895,896.2756189345483,92.75572466212193,0.022063467738309254,0.0031196619932983907,0.04062260881041499,0.02973262002786787
Bubble,45.75083669436702,0.8781211211211212,0.12187887887887883,0.48852027925491787,0.5114797207450821,895.3222455659475,93.06645713638086,0.02205177859854264,0.00313303108510713,0.04060090851923924,0.02970492619073346
Dew,45.75215217914406,0.8781142152898956,0.12188578471010435,0.4885115115115115,0.5114884884884885,895.3137668997622,93.0692408194784,0.02205167466733421,0.0031331506597578403,0.04060071538358112,0.0297046809829029
Dew,45.9021536177961,0.8773232176925434,0.12267678230745661,0.48751251251251254,0.5124874874874874,894.341933632495,93.38630609377394,0.022039746970151187,0.0031467843164546113,0.040578593522136074,0.029676741937937942
Bubble,45.94022675704045,0.8771221221221221,0.12287787787787785,0.4872601916627634,0.5127398083372365,894.0948659683129,93.46694079835986,0.02203671255896671,0.0031502504979670507,0.04057296947427428,0.029669685270640168
Dew,46.05336859195895,0.8765238967004874,0.12347610329951259,0.4865135135135135,0.5134864864864865,893.359929238542,93.70699271697526,0.022027681903204574,0.0031605658095283378,0.040556238879978404,0.029648802892972975
Bubble,46.129044179759894,0.8761231231231231,0.12387687687687687,0.4860165591737186,0.5139834408262813,892.867572599264,93.86787239321241,0.02202162788250925,0.003167476791816133,0.04054503042930931,0.029634904551073753
Dew,46.20581656092065,0.8757160923170512,0.12428390768294882,0.48551451451451455,0.5144854854854854,892.3675581927714,94.03137516308719,0.022015476637929965,0.0031744980715479963,0.040533646982474664,0.02962086384800801
Bubble,46.317290424105735,0.8751241241241242,0.12487587587587579,0.4847891272059133,0.5152108727940867,891.6403640827463,94.26925432491905,0.022006524496654092,0.0031847100346979857,0.040517091384344346,0.029600576912132866
Dew,46.35951751282608,0.8748996397595378,0.1251003602404622,0.4845155155155155,0.5154844844844845,891.3646191054102,94.35953024410176,0.022003128257130404,0.0031885841251621996,0.04051081322114058,0.029592924803043045
Bubble,46.50497371151155,0.8741251251251252,0.1258748748748748,0.4835776465494135,0.5164223534505865,890.4132432331832,94.67111475197994,0.02199140243218121,0.0032019511657268357,0.04048915233937938,0.02956669538415331
Dew,46.51449198587262,0.8740743692588877,0.12592563074111224,0.48351651651651656,0.5164834834834835,890.3509044757882,94.69153721113838,0.02199063375115438,0.0032028270869457693,0.04048773284803808,0.02956498575807808
Dew,46.670761090671306,0.8732401058483588,0.12675989415164124,0.48251751751751754,0.5174824824824824,889.3262004325511,95.0274778613223,0.021977990013860613,0.003217230171462416,0.04046440096986529,0.029537046713113115
Bubble,46.692082385218335,0.8731261261261262,0.12687387387387383,0.48238187322689724,0.5176181267731028,889.1862005282167,95.07340630025122,0.021976261415051705,0.0032191985704146187,0.04046121329441442,0.029533253143811562
Dew,46.82834653377846,0.8723966691404911,0.12760333085950892,0.48151851851851857,0.5184814814814814,888.2902864595133,95.36743665056575,0.02196519383835698,0.0032317966955505216,0.040440812541718885,0.02950910766814815
Bubble,46.878624279223835,0.8721271271271271,0.12787287287287286,0.4812015683587819,0.5187984316412181,887.9592385130674,95.47615559088409,0.02196110146892588,0.0032364531349504885,0.04043327424944945,0.02950024351035279
Dew,46.987270642569364,0.871543873091736,0.12845612690826397,0.48051951951951954,0.5194804804804805,887.2429351061778,95.7115008129546,0.021952241912495604,0.003246530082857356,0.0404169623605115,0.029481168623183188
Bubble,47.0646008493686,0.8711281281281281,0.12887187187187188,0.4800364980324249,0.5199635019675751,886.7323557780041,95.87936509190031,0.021945922519647554,0.0032537149295476667,0.040405335204484485,0.02946765994193275
Dew,47.1475563914603,0.8706815257535532,0.12931847424644682,0.4795205205205205,0.5204794794794795,886.1839116817482,96.0597604869304,0.021939130814109403,0.003261433868629817,0.040392845058010655,0.02945322957821822
Bubble,47.25001354972896,0.8701291291291292,0.1298708708708708,0.4788864331753647,0.5211135668246353,885.5055509044953,96.28303728684217,0.021930724492637332,0.0032709840249314196,0.04037739615951952,0.029435496032072756
Dew,47.30922742961951,0.86980942900939,0.13019057099061004,0.47852152152152155,0.5214784784784785,885.1129739316178,96.41230884890405,0.021925857005969836,0.0032765117047850166,0.04036845509348277,0.029425290533253257
Bubble,47.434863832596164,0.8691301301301302,0.13086986986986981,0.4777511494324964,0.5222488505675036,884.2788224651322,96.68717467513427,0.021915507312889264,0.0032882604923466694,0.04034945711455456,0.029403745506224602
Dew,47.47230811025625,0.8689273782962943,0.13107262170370568,0.47752252252252253,0.5224774774774774,884.0298716949968,96.76924225478334,0.021912416830447163,0.0032917673652789973,0.04034378674590759,0.029397351488288287
Bubble,47.61915314847648,0.8681311311311312,0.13186886886886884,0.4766304270469037,0.5233695729530963,883.0521690235713,97.09177977246792,0.021900270904967923,0.0033055444035667205,0.04032151806958959,0.029372402218437836
Dew,47.63682352161368,0.8680351623101468,0.13196483768985318,0.47652352352352356,0.5234764764764764,882.934346542326,97.1306603900395,0.02189880650385052,0.003307204751796818,0.04031883410573437,0.029369412443323323
Dew,47.802799519767085,0.8671325626932794,0.1328674373067206,0.47552452452452454,0.5244754754754755,881.8261313910104,97.49666642887048,0.021885022110424847,0.003322827899785202,0.040293591066145454,0.02934147339835836
Bubble,47.802882946046275,0.8671321321321321,0.13286786786786786,0.47552405074438614,0.5244759492556139,881.8255891344468,97.49685511108102,0.02188501519300473,0.003322835830898272,0.040293579024624625,0.029341460148130282
Dew,47.970262763384575,0.8662193537031158,0.1337806462968843,0.47452552552552557,0.5254744744744744,880.7049500978135,97.86736720322615,0.021871059595978744,0.0033386409848560903,0.04026805131378919,0.029313534353393393
Bubble,47.98605467216127,0.8661331331331332,0.13386686686686677,0.47443180962139975,0.5255681903786003,880.5990813433122,97.90240324017458,0.021869740100695034,0.0033401348471913672,0.040265639979659665,0.02931091339695407
Dew,48.13924075057966,0.8652953018608449,0.13470469813915512,0.47352652652652655,0.5264734734734735,879.5705170264345,98.24287338239223,0.02185691476111542,0.003354648329587407,0.04024220831895432,0.02928559530842843
Bubble,48.168669771831894,0.8651341341341342,0.1348658658658658,0.4733534970363882,0.5266465029636118,879.3726441865612,98.30842672622384,0.021854445551294604,0.00335744152584575,0.04023770093469469,0.02928075618575655
Dew,48.30976185800465,0.8643601655775388,0.1356398344224612,0.4725275275275276,0.5274724724724724,878.4225365877215,98.62329966391714,0.021842583254036218,0.0033708544107504766,0.04021605532511365,0.029257656263463466
Bubble,48.35072968820177,0.8641351351351352,0.13586486486486482,0.4722889105043791,0.527711089495621,878.1462761913581,98.71492815333148,0.02183913146761637,0.003374755940818671,0.04020976188972973,0.029250982851632395
Dew,48.48185538241378,0.8634136947573144,0.13658630524268559,0.47152852852852856,0.5284714714714714,877.2607027512083,99.00876497695671,0.021828060562882903,0.003387263867003729,0.040189585337825615,0.0292297172184985
Bubble,48.53223586253287,0.8631361361361362,0.13686386386386384,0.47123785159464304,0.528762148405357,876.9199758755562,99.12191012352504,0.021823797772026886,0.003392078166631079,0.040181822844764764,0.02922158784506144
Dew,48.65555158476826,0.8624556303748172,0.13754436962518277,0.47052952952952953,0.5294704704704705,876.0846985252269,99.39939269863245,0.02181334200758394,0.0034038815070762084,0.04016279111291772,0.029201778173533532
Bubble,48.71318973418069,0.8621371371371371,0.13786286286286287,0.47020012583149107,0.5297998741685089,875.6937417476246,99.52937525712555,0.021808444386442905,0.0034094082783759395,0.0401538837997998,0.029192565727134343
Dew,48.83088173723045,0.8614857040252437,0.13851429597475634,0.46953053053053057,0.5304694694694694,874.8941954031723,99.79531088492928,0.021798422731162722,0.003420712318496486,0.04013566514390216,0.02917383912856857
Bubble,48.89359274059267,0.8611381381381382,0.13886186186186178,0.469175542597827,0.530824457402173,874.4675723065749,99.93732619305246,0.021793071232328032,0.0034267463517249877,0.04012594475483484,0.029163911166855135
Dew,49.0078781731529,0.8605036374447159,0.13949636255528405,0.46853153153153154,0.5314684684684685,873.6888527732738,100.19665251691144,0.021783297690466167,0.0034377614768973403,0.040108199648561875,0.029145900083603606
Bubble,49.07344387683529,0.8601391391391392,0.1398608608608608,0.4681639150417378,0.5318360849582622,873.2414644500739,100.34575566145595,0.021777678190991207,0.003444092122194766,0.04009800570986987,0.02913561893852888
Dew,49.18657434042176,0.8595091419986132,0.14049085800138678,0.4675325325325326,0.5324674674674674,872.4683172888601,100.6035557639052,0.021767961646264045,0.0034550343559567025,0.0400803865546409,0.02911796103863864
Bubble,49.25275216031379,0.8591401401401402,0.14085985985985983,0.4671650599855782,0.5328349400144218,872.01542160526,100.7546971971887,0.021762265306361685,0.003461446725778925,0.04007006666490491,0.029107683919219064
Dew,49.36700485826178,0.8585019181350031,0.14149808186499696,0.46653353353353355,0.5334664664664664,871.2322221957946,101.01616426452335,0.02175240915266895,0.00347253653800921,0.04005221748455836,0.029090021993673672
Bubble,49.43151119540975,0.8581411411411412,0.14185885885885885,0.4661787978378832,0.5338212021621168,870.789437136388,101.16412164909786,0.021746832371183925,0.003478809146809095,0.04004212761993994,0.029080101086283994
Dew,49.549205577991614,0.8574816548004153,0.14251834519958476,0.4655345345345346,0.5344654654654655,869.9801866134972,101.43462742770284,0.021736634545816667,0.0034902738254076106,0.040023683739069414,0.02906208294870871
Bubble,49.60972509687253,0.8571421421421422,0.14285785785785776,0.4652049525077001,0.5347950474922999,869.56351125529,101.57404265831485,0.02173137934875226,0.0034961798382999007,0.04001418857497498,0.029052865514980947
Dew,49.733213647918866,0.8564480288146756,0.14355197118532442,0.46453553553553556,0.5354644644644644,868.7118147656006,101.85910075501515,0.02172063193174469,0.003508252252682441,0.039994776279781194,0.029034143903743745
Bubble,49.787395292360316,0.8561431431431432,0.14385685685685679,0.4642433513214331,0.535756648678567,868.3376424125655,101.98446296217617,0.02171590615821248,0.0035135588789441444,0.039986249530010017,0.02902597237614057
Dew,49.919067582782574,0.8554007042010655,0.14459929579893446,0.46353653653653654,0.5364634634634635,867.4266951557654,102.2897461862827,0.02170439517339881,0.0035264780995754607,0.03996548571041937,0.02900620485877878
Bubble,49.96452320749815,0.8551441441441442,0.1448558558558558,0.4632938249420722,0.5367061750579278,867.1118290488744,102.39538531858172,0.021700412718235498,0.0035309463480575924,0.03995831048504505,0.028999416933907934
Dew,50.106807338146844,0.8543393314680852,0.1456606685319148,0.46253753753753757,0.5374624624624624,866.1243996839254,102.72673247060335,0.021687917876689777,0.0035449579050252883,0.0399358022567412,0.028978265813813815
Bubble,50.14111026586426,0.8541451451451452,0.14585485485485483,0.46235620729068705,0.537643792709313,865.8860695948584,102.80681250632487,0.021684898947013698,0.0035483423255866877,0.03993037144008008,0.028973194543546937
Dew,50.296474390166395,0.8532635468382451,0.1467364531617549,0.46153853853853855,0.5384614614614615,864.8044826975188,103.17023556502244,0.02167119337551509,0.0035636984821890076,0.03990571574496708,0.028950326768848848
Bubble,50.317157888964566,0.8531461461461461,0.14685385385385386,0.4614303354701865,0.5385696645298135,864.6603624710549,103.21874732540736,0.02166936476225713,0.003565746892115635,0.039902432395115116,0.028947300649308127
Dew,50.488111821206914,0.8521729714191474,0.1478270285808526,0.4605395395395396,0.5394604604604605,863.4664799718233,103.62043906339134,0.02165421471565068,0.0035827069345945586,0.039875215578598154,0.028922387723883888
Bubble,50.49266749621437,0.8521471471471472,0.14785285285285277,0.46051604969119575,0.5394839503088042,863.43470608781,103.63119259735033,0.021653810081189623,0.0035831601288735053,0.039874493350150156,0.02892173078235566
Bubble,50.6676405049101,0.8511481481481482,0.1488518518518518,0.4596131932000308,0.5403868067999692,862.2090988451871,104.04415116548479,0.021638234820544788,0.0036005821177405957,0.039846554305185196,0.02889648055875299
Dew,50.6817644118706,0.8510672103114101,0.14893278968858997,0.45954054054054055,0.5404594594594594,862.1099076128054,104.07753465828158,0.021636974637407883,0.003601990673530844,0.03984429071346762,0.02889444867891892
Bubble,50.84207833021534,0.8501491491491492,0.14985085085085081,0.45872161220871255,0.5412783877912875,860.9835391328872,104.45762589531691,0.021622638896562303,0.00361801294125732,0.03981861526022023,0.02887154567750555
Dew,50.87747874003736,0.8499458516473664,0.1500541483526337,0.4585415415415416,0.5414584584584584,860.7342608750598,104.54172263914386,0.021619465556937324,0.0036215574367944245,0.03981292963085596,0.028866509633953957
Bubble,51.015982385146145,0.8491501501501502,0.15084984984984984,0.45784115582683893,0.5421588441731611,859.7580253301601,104.87161967481738,0.021607022224983938,0.003635452682630808,0.039790676215255255,0.02884692191865544
Dew,51.07530328751768,0.8488084655540401,0.15119153444595987,0.45754254254254256,0.5424574574574574,859.3390128869356,105.01321242998426,0.02160167954605267,0.0036414153089154816,0.03978112030848846,0.02883857058898899
Bubble,51.18935408053112,0.8481511511511511,0.15184884884884886,0.4569716759954645,0.5430283240045355,858.5325558057081,105.28613541471431,0.02159138472104938,0.0036529014257412344,0.03976273717029029,0.028822605141432197
Dew,51.27528855513221,0.8476546030326808,0.1523453969673192,0.45654354354354354,0.5434564564564565,857.9236132734992,105.49222317071748,0.021583608310426588,0.0036615727430174623,0.0397488501891991,0.028810631544024027
Bubble,51.36219482500768,0.8471521521521522,0.15284784784784777,0.45611302742273735,0.5438869725772626,857.3071289176032,105.70117604886876,0.021575726299492407,0.003670359255151252,0.03973479812532533,0.02879859128245279
Dew,51.47753433878043,0.8464837947460664,0.15351620525393364,0.45554454454454457,0.5444554554554555,856.4873081758681,105.97914448117213,0.021565238671823816,0.0036820441480461463,0.039716106147015026,0.02878269249905906
Bubble,51.53450602498705,0.8461531531531532,0.1538468468468468,0.4552650675212813,0.5447349324787187,856.0817430131854,106.11674453451293,0.021560046874536515,0.003687826256110771,0.03970685908036037,0.02877487635397038
Dew,51.68200753802192,0.8452955497075557,0.15470445029244426,0.45454554554554555,0.5454544544544544,855.0298263499276,106.47391846992613,0.02154656985387057,0.003702828425912531,0.039682874450493205,0.028754753454094093
Bubble,51.70628908463552,0.8451541541541542,0.15484584584584582,0.4544276563473641,0.5455723436526358,854.8563964289734,106.5328438526157,0.02154434635989091,0.0037053025145659065,0.0396789200353954,0.028751456442172984
Bubble,51.8775454058612,0.8441551551551552,0.15584484484484484,0.4536006565416578,0.5463993434583422,853.6310874905796,106.94947700821204,0.02152862466874651,0.003722788117166908,0.039650980990430434,0.028728327705526805
Dew,51.88880726089977,0.8440893538532278,0.15591064614677222,0.4535465465465466,0.5464534534534534,853.550381150691,106.97693887447285,0.02152758838125674,0.003723940195766242,0.03964914072278738,0.028726814409129133
Bubble,52.04827638827997,0.8431561561561562,0.15684384384384376,0.4527839332716225,0.5472160667283775,852.4058145126046,107.36664703067667,0.021512881713771487,0.003740283151274104,0.03962304194546547,0.028705486373164796
Dew,52.097993569511935,0.8428646684955852,0.15713533150441483,0.45254754754754756,0.5474524524524524,852.0483113248732,107.48847104519596,0.02150828422116168,0.0037453896600915288,0.03961488989840276,0.028698875364164163
Bubble,52.21848342919756,0.8421571571571572,0.15784284284284278,0.45197735417548524,0.5480226458245148,851.1805757985414,107.78435697408007,0.021497117407106976,0.0037577877049665732,0.03959510290050051,0.02868292874331996
Dew,52.30962930085427,0.8416209286380272,0.15837907136197282,0.4515485485485486,0.5484514514514514,850.5229231810856,108.00879386442362,0.021488646831765986,0.0037671875331150816,0.03958010617605686,0.0286709363191992
Bubble,52.38816647664614,0.8411581581581582,0.1588418418418418,0.4511807893076572,0.5488192106923429,849.9553686292451,108.2026034083187,0.02148133163480036,0.0037753016399373934,0.03956716385553554,0.028660651181798825
Dew,52.52378025725421,0.8403575411378341,0.1596424588621659,0.45054954954954957,0.5494504504504505,848.973488316643,108.5382007165282,0.021468665125947098,0.003789345077170523,0.03954477296730345,0.028642997274234232
Bubble,52.55733141692015,0.8401591591591592,0.15984084084084083,0.4503941110856646,0.5496058889143354,848.7301944272655,108.62140965747638,0.02146552438732594,0.0037928257512295934,0.039539224810570574,0.028638650120497225
Bubble,52.72597500578881,0.8391601601601602,0.16083983983983985,0.4496171942384853,0.5503828057615148,847.5050482222861,109.04075799856291,0.021449695493332567,0.0038103594015230697,0.039511285765605614,0.028616922055955493
Dew,52.74051541430752,0.8390738826999603,0.16092611730003967,0.4495505505505506,0.5504494494494494,847.3992411343916,109.07700054906786,0.021448327431587488,0.0038118741424575217,0.0395088728404251,0.028615058229269272
Bubble,52.894100219760816,0.8381611611611612,0.16183883883883876,0.44884991575620836,0.5511500842437916,846.2799293829139,109.4606587350795,0.02143384489087663,0.00382790293122997,0.03948334672064064,0.02859546354795051
Dew,52.95990714824123,0.8377692976821985,0.16223070231780143,0.4485515515515516,0.5514484484484484,845.7993761254927,109.62551903527294,0.02142762144810609,0.0038347872105791827,0.039472387459049955,0.028587119184304306
Bubble,53.06170844431483,0.8371621621621622,0.16283783783783778,0.4480921548411258,0.5519078451588741,845.0548361556912,109.88111504975285,0.021417972489400198,0.003845456432150142,0.03945540767567568,0.028574271218127962
Dew,53.18203148502005,0.8364430956895197,0.1635569043104803,0.44755255255255255,0.5524474474474474,844.1730448904937,110.18409985006092,0.02140653419876247,0.003858097442310184,0.03943529751487263,0.02855918013933934
Bubble,53.22880106248944,0.8361631631631632,0.1638368368368368,0.44734379285999765,0.5526562071400023,843.8297667754622,110.30213015196867,0.021402078197792013,0.0038630199968491263,0.03942746863071071,0.02855334174866727
Bubble,53.39537945484338,0.8351641641641642,0.16483583583583583,0.4466047132976769,0.5533952867023231,842.604719465256,110.7237072780831,0.021386161924382464,0.0038805937186651594,0.039399529585745746,0.028532671880984663
Dew,53.4069683738138,0.8350945489320595,0.16490545106794055,0.4465535535535536,0.5534464464464464,842.5193528670147,110.75310607341414,0.021385051978220875,0.0038818187301095644,0.03939758265376486,0.028531241094374372
Bubble,53.56144499945253,0.8341651651651653,0.16583483483483474,0.4458748017118197,0.5541251982881803,841.3796924361958,111.14584969177835,0.02137022357693935,0.0038981776917182136,0.03937159054078078,0.02851225841446653
Dew,53.63480198783033,0.8337228893177828,0.16627711068221718,0.44555455455455456,0.5544454454454455,840.8373557279449,111.33292173700345,0.021363160294785924,0.003905965755967922,0.03935922139446601,0.028503302049409412
Bubble,53.726999071874495,0.8331661661661662,0.16683383383383377,0.445153945688924,0.554846054311076,840.1546838873843,111.56856068441496,0.021354263062662967,0.003915772010918327,0.03934365149581582,0.028492098205239968
Dew,53.86562105594396,0.8323273052463033,0.16767269475369673,0.4445555555555556,0.5554444444444444,839.1260554084952,111.9239535322577,0.021340843806633692,0.003930554055264847,0.039320191038915576,0.028475363004444445
Bubble,53.89204304512289,0.8321671671671672,0.1678328328328328,0.4444420348013799,0.5555579651986201,838.9296920057951,111.99184357532367,0.021338280288181306,0.003933376771972294,0.03931571245085085,0.028472188164971584
Bubble,54.05657828964945,0.8311681681681682,0.1688318318318318,0.4437389605656919,0.5562610394343082,837.7047149661676,112.41570171218432,0.02132227515954536,0.003950992071393141,0.039287773405885885,0.02845252525969913
Dew,54.09951922906414,0.8309069380653082,0.16909306193469176,0.44355655655655657,0.5564434434434434,837.3843957141823,112.52663270083724,0.021318086251258705,0.003955600087414601,0.03928046757315,0.028447423959479478
Bubble,54.22060617331603,0.8301691691691692,0.16983083083083084,0.44304461640177906,0.5569553835982209,836.4797509308952,112.84013847136708,0.02130624758222423,0.003968618006508259,0.039259834360920925,0.028433106508693216
Dew,54.33659548592943,0.8294608781449941,0.17053912185500586,0.4425575575575576,0.5574424424424425,835.6112574541212,113.14141713221879,0.021294870367230562,0.003981121314216175,0.03924002555751618,0.02841948491451452
Bubble,54.38412806137621,0.8291701701701703,0.17082982982982975,0.44235889759326985,0.5576411024067301,835.2547980499166,113.26515725827532,0.021290197461100255,0.003986254675467757,0.039231895315955966,0.028413928983346885
Bubble,54.54714531643752,0.8281711711711712,0.17182882882882877,0.44168170124884537,0.5583182987511546,834.0298544605887,113.69076150764673,0.021274124700463713,0.004003902177251176,0.03920395627099099,0.028394989806094506
Dew,54.57695458349659,0.8279881605187482,0.17201183948125176,0.4415585585585586,0.5584414414414414,833.8054530354198,113.76879369614466,0.021271177807216914,0.004007136286938281,0.03919883800475426,0.028391545869549548
Bubble,54.70965929845023,0.8271721721721722,0.1728278278278278,0.44101292626460553,0.5589870737353945,832.8049182875977,114.11695468400423,0.02125802920400841,0.004021560611679304,0.039176017226026025,0.028376286149359272
Dew,54.82070755832038,0.8264877600298145,0.1735122399701855,0.4405595595595596,0.5594404404404404,831.9657204434026,114.40928084361639,0.02124698904104411,0.004033664743386952,0.03915687624426423,0.028363606824584588
Bubble,54.87167136467661,0.8261731731731732,0.17382682682682682,0.44035247328727617,0.5596475267127239,831.5799876428202,114.54374028191965,0.021241910874826023,0.004039230079419818,0.03914807818106106,0.028357815234524183
Bubble,55.03318286966365,0.8251741741741743,0.17482582582582573,0.43970024467846286,0.5602997553215372,830.3550606252173,114.97112182641325,0.02122576961540124,0.004056910681997205,0.0391201391360961,0.028339574330932357
Dew,55.06796478470359,0.8249585859135041,0.1750414140864959,0.4395605605605606,0.5604394394394394,830.0907568314698,115.06340457703517,0.021222284277979234,0.004060726765712376,0.0391141097705864,0.02833566777961962
Bubble,55.194195165222496,0.8241751751751752,0.17582482482482475,0.43905614447972485,0.5609438555202751,829.1301353207143,115.39910287331045,0.0212096053276065,0.004074602521801457,0.03909220009113114,0.028321560754910245
Dew,55.3188650062629,0.8233994757321388,0.1766005242678612,0.43856156156156156,0.5614384384384384,828.179058951439,115.7318035760186,0.0211970394595741,0.004088346495787151,0.03907050607377976,0.028307728734654657
Bubble,55.35470960039965,0.8231761761761762,0.17682382382382378,0.43842007837855695,0.561579921621443,827.9052098020812,115.82768700959765,0.021193417912696785,0.004092305702096587,0.039064261046166164,0.02830377186881624
Bubble,55.51472752145071,0.8221771771771772,0.1778228228228228,0.43779195367521667,0.5622080463247834,826.6802821288096,116.25687785378965,0.021177207271304184,0.004110020327029514,0.0390363220012012,0.028286205080112932
Dew,55.57353546236083,0.8218091885656499,0.17819081143435014,0.4375625625625626,0.5624374374374375,826.2291312052673,116.41508750311942,0.021171231654865806,0.004116547144817074,0.039026030448983076,0.028279789689689694
Bubble,55.67425027181814,0.8211781781781782,0.17882182182182182,0.437171679250366,0.5628283207496341,825.4553503469951,116.68667905631234,0.021160973303432726,0.004127746501639512,0.03900838295623624,0.028268857840462153
Dew,55.83211852960838,0.8201863973421654,0.17981360265783466,0.4365635635635636,0.5634364364364364,824.239338584806,117.11393365620734,0.02114483539333807,0.004145354409838466,0.038980645781924235,0.028251850644724727
Bubble,55.83327919210383,0.8201791791791793,0.17982082082082074,0.4365591655335212,0.5634408344664787,824.2304124892072,117.11709429986372,0.02114471590845273,0.00414548433186682,0.03898044391127128,0.028251727644842607
Bubble,55.99181562004027,0.8191801801801802,0.18081981981981976,0.43595432447228505,0.564045675527715,823.005466574367,117.54812729979301,0.02112843498509545,0.004163233924561848,0.03895250486630631,0.028234812030689376
Dew,56.0947664132664,0.8185296801718266,0.1814703198281734,0.4355645645645646,0.5644354354354354,822.207928839835,117.82906946308718,0.02111782333192659,0.004174795865789564,0.038934312306552685,0.02822391159975976
Bubble,56.1498608904668,0.8181811811811812,0.18181881881881878,0.43535706950232156,0.5646429304976784,821.7805106076213,117.97978180448033,0.02111213043144749,0.004180995387494418,0.03892456582134134,0.02821810857705421
Bubble,56.30741497989564,0.8171821821821822,0.1828178178178178,0.434767315518087,0.565232684481913,820.5555415414481,118.41205456263853,0.0210958021182394,0.004198768579977239,0.03889662677637637,0.028201614903786962
Dew,56.3616421534831,0.8168375105201465,0.18316248947985345,0.4345655655655656,0.5654344344344344,820.1330203209991,118.56127776570193,0.021090166058806772,0.00420490116222433,0.03888698733021736,0.028195972554794797
Bubble,56.46448182554502,0.8161831831831833,0.18381681681681672,0.434184978844301,0.5658150211556989,819.3305593475565,118.84496287623668,0.021079449993507787,0.004216554089703509,0.03886868773141141,0.028185328670737718
Bubble,56.62106322054416,0.8151841841841843,0.18481581581581574,0.433609977207965,0.566390022792035,818.1055623612306,119.27851317309266,0.02106307396300808,0.004234352119173812,0.03884074868644645,0.028169247576974248
Dew,56.632920768926105,0.8151082460245065,0.1848917539754935,0.4335665665665666,0.5664334334334333,818.0125881497495,119.31140283767098,0.02106183187009836,0.0042357022472312355,0.038838624920897215,0.028168033509829833
Bubble,56.77715716389605,0.8141851851851852,0.18581481481481477,0.43304222971127854,0.5669577702887214,816.8805459691574,119.71269193108051,0.021046673856254663,0.004252162162197991,0.03881280964148149,0.028153369360024518
Dew,56.908790561448725,0.8133401157164643,0.18665988428353572,0.4325675675675676,0.5674324324324325,815.8444484251341,120.08035726278683,0.021032786514802646,0.0042672336232814235,0.03878917554984698,0.028140094464864866
Bubble,56.93276658069994,0.8131861861861862,0.1868138138138138,0.4324816568050752,0.5675183431949248,815.6555093406793,120.14751145175173,0.021030249599799815,0.004269984628679822,0.03878487059651652,0.028137691795133812
Bubble,57.08789278795537,0.8121871871871872,0.1878128128128128,0.4319281802629043,0.5680718197370958,814.4304503956208,120.58297569051834,0.02101380108774418,0.004287819632127683,0.03875693155155156,0.028122212694539857
Dew,57.189492572075025,0.811531205362021,0.18846879463797903,0.43156856856856857,0.5684314314314314,813.6260156479956,120.86927132589224,0.02100298710787176,0.004299537674024521,0.03873858568160786,0.0281121554198999
Bubble,57.24253709958993,0.8111881881881883,0.18881181181181173,0.4313817231557407,0.5686182768442594,813.2053670391076,121.0190886386525,0.020997328213503277,0.004305667287038789,0.038728992506586596,0.028106929906765526
Bubble,57.39670082641843,0.8101891891891893,0.18981081081081075,0.430842209827377,0.569157790172623,811.980257161422,121.4558543236992,0.02098083086980131,0.004323527708908943,0.03870105346162163,0.028091841315930646
Dew,57.47517960385652,0.8096794405713018,0.19032055942869822,0.4305695695695696,0.5694304304304304,811.3551224754301,121.67897115959455,0.02097240348301294,0.00433264612176228,0.038686797301635226,0.028084216374934932
Bubble,57.55038527612281,0.8091901901901902,0.19080980980980977,0.4303095658702888,0.5696904341297112,810.755118637866,121.89327680988953,0.020964308948665137,0.004341401014242754,0.03867311441665666,0.028076944841077003
Bubble,57.70359175322867,0.8081911911911912,0.1918088088088088,0.4297837181021301,0.5702162818978699,809.5299493286208,122.33136019858522,0.020947762341418083,0.0043592873205646554,0.038645175371691695,0.028062238435510995
Dew,57.76612093152893,0.8077825672386555,0.19221743276134454,0.4295705705705706,0.5704294294294294,809.0288048368628,122.51074261609179,0.0209409870884143,0.004366607200778725,0.03863374736926617,0.028056277329969972
Bubble,57.85632155906819,0.8071921921921922,0.19280780780780782,0.42926459454280175,0.5707354054571983,808.3047470786014,122.77010862869008,0.020931190938673645,0.004377186746428641,0.038617236326726735,0.028047720086162322
Bubble,58.00857599175472,0.8061931931931933,0.19380680680680673,0.4287521243920331,0.5712478756079669,807.0795097173072,123.20952627709191,0.02091459463032908,0.004395099411429138,0.03858929728176177,0.028033387812956962
Dew,58.062576089014115,0.8058381287881026,0.19416187121189746,0.4285715715715716,0.5714284284284283,806.6440268108765,123.36586649498078,0.020908689948677818,0.00440146915741276,0.038579367181342014,0.028028338285005006
Bubble,58.16035634615592,0.8051941941941942,0.19480580580580575,0.42824623800749617,0.5717537619925038,805.8542350586813,123.64961735910262,0.020897973305559106,0.004413025436211748,0.0385613582367968,0.028019239668205166
Bubble,58.31166391386751,0.8041951951951952,0.19580480480480478,0.4277468668834299,0.5722531331165701,804.6289209009543,124.09038612890701,0.020881326852809273,0.004430964942484261,0.038533419191831834,0.02800527373600356
Dew,58.36482699831684,0.8038434395519974,0.19615656044800253,0.4275725725725726,0.5724274274274275,804.1974776268547,124.24574193549456,0.020875459748240253,0.0044372846569210875,0.03852358162768829,0.028000399240040042
Bubble,58.46249998317134,0.8031961961961962,0.1968038038038038,0.4272539436297964,0.5727460563702036,803.403565026498,124.53183687998467,0.020864655159789497,0.004448918053026497,0.038505480146866874,0.02799148813165226
Bubble,58.61286583902094,0.8021971971971973,0.1978028028028027,0.4267674019518821,0.5732325980481179,802.1781652016715,124.97397394559972,0.02084795811346741,0.004466884891702699,0.03847754110190191,0.027977881001084365
Dew,58.67318593518287,0.8017955534487331,0.19820444655126696,0.4265735735735736,0.5734264264264264,801.6854981131725,125.15192158164814,0.020841238299907076,0.00447411206268095,0.038466308315122856,0.027972460195075075
Bubble,58.76276276299915,0.8011981981981983,0.19880180180180174,0.4262871766304082,0.5737128233695918,800.9527191766592,125.41680169922793,0.02083123560006141,0.004484865583471475,0.03844960205693694,0.02796445052030969
Bubble,58.91219203330647,0.8001991991991992,0.19980080080080076,0.42581320350204005,0.5741867964979599,799.7272246853347,125.86032455506333,0.020814487505034444,0.004502860254398798,0.038421663011971974,0.027951194894869694
Dew,58.987992755489564,0.7996912268997886,0.20030877310021147,0.4255745745745746,0.5744254254254254,799.1040824806482,126.08610688054604,0.020805962036279952,0.004512015296424187,0.03840745653035546,0.027944521150110112
Bubble,59.06115492469942,0.7992002002002002,0.20079979979979978,0.4253454194404742,0.5746545805595258,798.5016794450704,126.3045469684037,0.020797713713086263,0.004520869031666025,0.038393723967007014,0.027938112359308518
Bubble,59.20965270849307,0.7982012012012012,0.2017987987987988,0.4248837623378344,0.5751162376621656,797.276081156609,126.7494734362425,0.020780914108147315,0.004538892043585824,0.03836578492204205,0.02792520117665271
Dew,59.30962353876899,0.7975268746318069,0.20247312536819306,0.42457557557557557,0.5754244244244244,796.4487935763013,127.05018786659791,0.020769560342209527,0.004551065291161916,0.03834692600390273,0.027916582105145145
Bubble,59.35768665251252,0.7972022022022023,0.20279779779779772,0.4244281710865252,0.5755718289134748,796.0504275038816,127.19510849764785,0.020764088573371177,0.00455692941961028,0.03833784587707709,0.027912459637903696
Bubble,59.50525802105956,0.7962032032032033,0.20379679679679674,0.4239785855615562,0.5760214144384438,794.8247161538442,127.64145673427127,0.02074723699112749,0.004574981290343304,0.03830990683211211,0.027899886061543464
Dew,59.63849507463805,0.7952985166154507,0.20470148338454933,0.4235765765765766,0.5764234234234233,793.7147038651613,128.0462686352595,0.020731954659862824,0.004591340939713409,0.038284605426124975,0.027888643060180178
Bubble,59.65236807489751,0.7952042042042042,0.20479579579579577,0.42353494660322927,0.5764650533967708,793.5989447563278,128.08852277089971,0.020730359242995135,0.004593047787554739,0.038281967787147146,0.027887478793050376
Bubble,59.799018071195235,0.7942052052052052,0.2057947947947948,0.42309719600022316,0.5769028039997768,792.3731109438457,128.53631127584285,0.020713455209754338,0.004611129044188462,0.038254028742182186,0.02787523620442608
Bubble,59.94520926351528,0.7932062062062063,0.2067937937937937,0.4226652764730684,0.5773347235269316,791.1472123314387,128.9848269615202,0.0206965247713797,0.004629225194377559,0.038226089697217226,0.027863156693733362
Dew,59.97507145263448,0.7930017138608525,0.20699828613914756,0.4225775775775776,0.5774224224224225,790.8963155807464,129.07670262053705,0.02069305718643853,0.0046329304008271305,0.03822037065161502,0.027860704015215215
Bubble,60.090942901773595,0.7922072072072073,0.20779279279279272,0.42223913165799903,0.577760868342001,789.9212465165025,129.43407458493778,0.020679567807032742,0.00464733637345544,0.03819815065225226,0.02785123868464453
Bubble,60.236220232204715,0.7912082082082083,0.20879179179179175,0.4218187060911632,0.5781812939088369,788.6952110786041,129.88405894818325,0.02066258419505408,0.0046654627179675955,0.038170211607287285,0.027839480625999804
Dew,60.319872097246126,0.7906314900602842,0.20936850993971579,0.4215785785785786,0.5784214214214214,787.9874633003625,130.14413568623013,0.02065276928464406,0.00467593269390727,0.03815408250777557,0.027832764970250248
Bubble,60.38104249733414,0.7902092092092092,0.20979079079079077,0.42140394519322105,0.578596054806779,787.4691035793152,130.3347848989868,0.020645573812956085,0.004683604365685454,0.038142272562322325,0.027827880991376622
Bubble,60.52541093593737,0.7892102102102102,0.2107897897897898,0.42099479525422445,0.5790052047457755,786.242921562023,130.7862573311796,0.020628536537414883,0.004701761455616828,0.03811433351735736,0.027816438278666707
Bubble,60.66932678301071,0.7882112112112113,0.2117887887887887,0.4205912034189257,0.5794087965810744,785.0166625517539,131.23848118527602,0.02061147224426264,0.004719934128020263,0.0380863944723924,0.02780515100966523
Dew,60.67348165510451,0.788182235057041,0.21181776494295898,0.4205795795795796,0.5794204204204204,784.9811939755333,131.2515592469711,0.020610979524820144,0.004720459664076262,0.03808558409512967,0.027804825925285284
Bubble,60.81279126973854,0.7872122122122123,0.21278778778778773,0.42019311767233436,0.5798068823276656,783.7903240549934,131.69146144899176,0.02059438080847975,0.004738122524417419,0.03805845542742743,0.027794017729666883
Bubble,60.95580562345552,0.7862132132132132,0.21378678678678675,0.4198004868256464,0.5801995131743536,782.5639035594941,132.1452031577786,0.02057726210418664,0.004756326787605701,0.038030516382462465,0.027783037007072322
Dew,61.03656228304799,0.7856475846933813,0.21435241530661878,0.4195805805805806,0.5804194194194194,781.8696177019791,132.40237641238156,0.0205675612492493,0.004766638427943754,0.03801469742702319,0.02777688688032032
Bubble,61.09837106760794,0.7852142142142142,0.21478578578578578,0.41941326050248845,0.5805867394975115,781.3373985340859,132.59971139535878,0.02056011600463564,0.0047745470616707975,0.0380025773374975,0.02777220743300351
Bubble,61.24048913943451,0.7842152152152152,0.2157847847847848,0.4190313891254265,0.5809686108745735,780.1108067073471,133.05499335700733,0.020542942389546102,0.004792783566301726,0.03797463829253253,0.027761527620926367
Bubble,61.382160447070184,0.7832162162162163,0.2167837837837837,0.4186548239028285,0.5813451760971715,778.8841249778502,133.51105029725224,0.02052574111641021,0.004811036306762305,0.03794669924756757,0.027750996206283362
Dew,61.409869088278015,0.7830202695454832,0.21697973045451677,0.4185815815815816,0.5814184184184183,778.6437200199043,133.6004852590806,0.020522369508793797,0.004814614451394016,0.0379412191991893,0.027748947835355357
Bubble,61.52338649425815,0.7822172172172173,0.21778278278278274,0.41828351681599557,0.5817164831840045,777.657351011887,133.96788933160832,0.02050851206254659,0.004829305498908101,0.037918760202602604,0.027740611846133623
Bubble,61.66416848876065,0.7812182182182182,0.21878178178178176,0.4179174206065462,0.5820825793934539,776.4304822008986,134.42551574428637,0.02049125509765823,0.004847591292177458,0.037890821157637644,0.027730373218800102
Dew,61.79426976372877,0.7802919220680896,0.21970807793191038,0.41758258258258263,0.5824174174174174,775.293122916835,134.8503849422821,0.020475237163624014,0.004864555469894319,0.03786491539615515,0.027721008790390394
Bubble,61.804507634285486,0.7802192192192192,0.21978078078078078,0.41755648876417595,0.582443511235824,775.2035159164451,134.88393487076422,0.02047397009053849,0.004865893837370218,0.03786288211267267,0.02772027902352726
Bubble,61.94440513045108,0.7792202202202203,0.2207797797797797,0.4172006755145484,0.5827993244854516,773.9764495100065,135.3431520983276,0.02045665690906243,0.004884213286660353,0.03783494306770771,0.027710327980142394
Bubble,62.083862172758295,0.7782212212212213,0.22177877877877872,0.4168499358075974,0.5831500641924026,772.7492803127801,135.80317286676365,0.020439315420178072,0.0049025497936132775,0.03780700402274274,0.027700518828728506
Dew,62.19082780796747,0.7774528272194839,0.22254717278051606,0.4165835835835836,0.5834164164164164,771.8053225089473,136.15755156033214,0.020425957842858177,0.004916665173344453,0.0377855143169604,0.027693069745425427
Bubble,62.222879952543735,0.7772222222222223,0.22277777777777774,0.416504225305961,0.583495774694039,771.5220056354707,136.2640026688831,0.020421945489897425,0.00492090351319752,0.037779064977777777,0.027690850329300822
Bubble,62.361459656942024,0.7762232232232232,0.22377677677677676,0.4161635003737898,0.5838364996262102,770.2946227680819,136.72564705117574,0.020404546983287492,0.004939274601800473,0.03775112593281282,0.027681321261493797
Bubble,62.49960246885267,0.7752242242242242,0.2247757757757758,0.4158277180656908,0.5841722819343091,769.0671289797048,137.18811161442244,0.020387119764461153,0.0049576632172430475,0.03772318688784785,0.0276719304242519
Dew,62.60063300323615,0.7744915948630422,0.22550840513695775,0.4155845845845846,0.5844154154154154,768.166871665935,137.52778554977107,0.020374321318374015,0.004971159798188918,0.0377026974131985,0.02766513070046046
Bubble,62.63730956690117,0.7742252252252253,0.2257747747747747,0.4154968361159647,0.5845031638840352,767.8395215183058,137.6514020143243,0.02036966369656803,0.004976069518794555,0.03769524784288288,0.027662676635528627
Bubble,62.77458212539041,0.7732262262262263,0.22677377377377372,0.4151708129281488,0.5848291870718512,766.6117976105022,138.1155239621411,0.02035217864178492,0.004994493667187472,0.037667308797917916,0.027653558731994054
Bubble,62.91142131427132,0.7722272272272273,0.22777277277277275,0.4148496075645996,0.5851503924354005,765.3839544613493,138.58048322529868,0.020334664461306554,0.005012935824631929,0.037639369752952956,0.027644575568743463
Dew,63.02512220966485,0.7713947215900132,0.22860527840998682,0.4145855855855856,0.5854144144144144,764.3606749650502,138.96858638873135,0.020320047490959767,0.005028317931901675,0.037616087034496766,0.0276371916554955
Bubble,63.047828299097944,0.7712282282282282,0.22877177177177177,0.4145331797365507,0.5854668202634493,764.1559892541133,139.04628562810947,0.020317121015335914,0.005031396154832908,0.03761143070798799,0.027635726019019303
Bubble,63.183804240988344,0.7702292292292293,0.22977077077077068,0.4142214897941465,0.5857785102058535,762.927899150049,139.51293705235312,0.020299548163074613,0.005049874823003488,0.03758349166302302,0.02762700897393249
Bubble,63.31935029657959,0.7692302302302303,0.2307697697697697,0.41391449871689096,0.586085501283109,761.6996812881679,139.98044343798261,0.020281945762713006,0.005068371995881512,0.037555552618058055,0.027618423342195237
Bubble,63.45446761798864,0.7682312312312313,0.23176876876876873,0.41361216810418316,0.5863878318958169,760.4713327850061,140.4488107837795,0.020264313671420238,0.005086887841744891,0.037527613573093095,0.027609968049856416
Dew,63.465972088211075,0.7681459925441722,0.23185400745582785,0.4135865865865866,0.5864134134134134,760.366562102246,140.48879559098688,0.02026280900063279,0.0050884678978018625,0.037525229699322565,0.02760925261053053
Bubble,63.589157352768915,0.7672322322322322,0.23276776776776775,0.4133144601660869,0.586685539833913,759.2428507343935,140.9180451480231,0.020246651745334295,0.005105422530427169,0.037499674528128135,0.02760164204004336
Bubble,63.72342064386803,0.7662332332332332,0.23376676676676678,0.41302133771434346,0.5869786622856565,758.0142322072127,141.3881526491947,0.020228959839551714,0.005123976233333988,0.03747173548316317,0.02759344427271055
Bubble,63.8572586295851,0.7652342342342343,0.2347657657657657,0.41273276415352395,0.5872672358464761,756.7854742511626,141.85913946666273,0.020211237808117385,0.00514254912345903,0.0374437964381982,0.02758537372439217
Dew,63.92522393469435,0.7647256452829407,0.23527435471705926,0.4125875875875876,0.5874124124124124,756.1599398485167,142.0992229416384,0.02020220603889732,0.005152010712029501,0.037429572710653815,0.02758131356556557
Bubble,63.99067244351856,0.7642352352352353,0.2357647647647647,0.41244870347240215,0.5875512965275979,755.5565738905045,142.33101184133653,0.02019348550401384,0.0051611413753985536,0.037415857393233234,0.02757742938796081
Bubble,64.12366321453172,0.7632362362362363,0.23676376376376373,0.41216912023553914,0.5878308797644609,754.3275281258307,142.80377607645008,0.0201757027791511,0.00517975316537035,0.037387918348268274,0.027569610272392134
Bubble,64.25623206670683,0.7622372372372372,0.23776276276276276,0.4118939795749497,0.5881060204250503,753.0983339338021,143.27743853821121,0.02015788948435564,0.005198384671228253,0.03735997930330331,0.027561915402531802
Bubble,64.38838011928286,0.7612382382382383,0.23876176176176167,0.4116232471821252,0.5883767528178748,751.8689882668967,143.75200565652187,0.02014004546935958,0.005217036072478125,0.03733204025833835,0.02755434381887238
Dew,64.40540668857753,0.761109168382474,0.23889083161752594,0.4115885885885886,0.5884114114114114,751.7102953423905,143.8133168489996,0.02013774177310288,0.005219444781308943,0.03732843055651939,0.0275533745206006
Bubble,64.52010848662734,0.7602392392392393,0.2397607607607607,0.4113568893000605,0.5886431106999395,750.6394880531539,144.22748392573578,0.020122170582789766,0.005235707550295973,0.03730410121337338,0.027546894577330363
Bubble,64.65141827817911,0.7592402402402403,0.24075975975975972,0.41109487271554257,0.5889051272844574,749.4098301959184,144.70387990536858,0.02010426467215673,0.005254399287543721,0.037276162168408414,0.027539566749030492
Bubble,64.78231059840306,0.7582412412412413,0.24175875875875874,0.4108371647515523,0.5891628352484477,748.1800115735692,145.18120022081547,0.02008632758384323,0.0052731114687854,0.03724822312344345,0.027532359420093255
Dew,64.90971901414676,0.7572655181164389,0.242734481883561,0.41058958958958963,0.5894104104104103,746.9789777824261,145.64815856605895,0.020068785941683123,0.005291402517318231,0.03722093503578317,0.027525435475635636
Bubble,64.91278654673648,0.7572422422422422,0.24275775775775776,0.4105837332599391,0.5894162667400609,746.9500290392548,145.65945156412943,0.02006835916309291,0.005291844280304789,0.03722028407847848,0.027525271691430046
Bubble,65.04284721754223,0.7562432432432433,0.24375675675675668,0.4103345466141261,0.5896654533858738,745.7198794206246,146.13864069474909,0.020050359253998812,0.005310597910121802,0.03719234503351352,0.02751830267853913
Bubble,65.1724937000589,0.7552442442442443,0.2447557557557557,0.41008957370202437,0.5899104262979756,744.4895595195511,146.61877444024773,0.020032327699491558,0.005329372548009183,0.03716440598854855,0.027511451511307464
Bubble,65.30172707834267,0.7542452452452453,0.24575475475475472,0.40984878391915314,0.5901512160808469,743.2590661118503,147.09985969709797,0.020014264341327442,0.005348168385509345,0.037136466943583586,0.02750471733381831
Bubble,65.43054843122145,0.7532462462462463,0.24675375375375375,0.40961214716182376,0.5903878528381763,742.0283959470048,147.58190343144383,0.019996169020076573,0.0053669856159517864,0.03710852789861862,0.02749809930416061
Dew,65.44230905796277,0.7531543657990815,0.24684563420091854,0.4095905905905906,0.5904094094094094,741.9157833788493,147.62599306893452,0.019994518882676546,0.0053687066908488686,0.037105958274477546,0.027497496430670672
Bubble,65.55895883223761,0.7522472472472473,0.24775275275275266,0.40937963382053366,0.5906203661794663,740.7975457478707,148.06491267985908,0.01997804157511047,0.005385824434469503,0.03708058885365366,0.027491596594244216
Bubble,65.68695934959258,0.7512482482482483,0.24875175175175168,0.4091512147734559,0.590848785226544,739.5665122103918,148.54889455010823,0.019959881844589872,0.005404685038015595,0.03705264980868869,0.02748520838961783
Bubble,65.8145510460931,0.7502492492492493,0.2497507507507507,0.4089268613801522,0.5910731386198478,738.335292003303,149.0338562219591,0.01994168966545211,0.00542356762538114,0.03702471076372373,0.027478933889293174
Bubble,65.94173497909311,0.7492502502502503,0.25074974974974973,0.4087065454753132,0.5912934545246868,737.1038817678336,149.5198049479291,0.019923464873398508,0.005442472397211075,0.036996771718758766,0.027472772305569906
Dew,66.00886629353059,0.7487216404481081,0.25127835955189187,0.40859159159159164,0.5914084084084084,736.4522501048798,149.77733742015434,0.019913809089038736,0.005452484556525609,0.03698198806727786,0.027469557385705706
Bubble,66.06851220043352,0.7482512512512512,0.25174874874874875,0.4084902393627237,0.5915097606372763,735.8722781173983,150.00674805406726,0.019905207302881336,0.005461399556020741,0.03696883267379379,0.02746672286386687
Bubble,66.19488375638798,0.7472522522522523,0.25274774774774766,0.4082779158093294,0.5917220841906706,734.6404776372999,150.49469294077113,0.019886916787091025,0.0054803493062136575,0.03694089362882883,0.02746078480255615
Bubble,66.32085068759795,0.7462532532532533,0.2537467467467467,0.40806954803942175,0.5919304519605783,733.4084768844064,150.98364708353645,0.019868593157942677,0.0054993218540967635,0.036912954583863865,0.027454957372800428
Bubble,66.44641402901445,0.7452542542542543,0.2547457457457457,0.4078651097289646,0.5921348902710354,732.1762723868419,151.473618033769,0.019850236246062837,0.005518317407897644,0.036885015538898905,0.02744923983839434
Bubble,66.5715764982162,0.7442552552552553,0.25574474474474473,0.4076645750000876,0.5923354249999124,730.943862418455,151.96462844326726,0.019831845928929174,0.005537336725218759,0.03685707649393394,0.027443631475610453
Dew,66.61699464808774,0.7438918636526877,0.2561081363473124,0.4075925925925926,0.5924074074074074,730.4956093654796,152.14344174865107,0.019825150598777347,0.0055442590833928275,0.03684691350644926,0.027441618340740742
Bubble,66.69633589563283,0.7432562562562562,0.25674374374374376,0.40746791841556923,0.5925320815844308,729.7112400702478,152.45665747979385,0.019813421942920798,0.005556378978427461,0.036829137448968964,0.027438131573044963
Bubble,66.8206947870858,0.7422572572572573,0.25774274274274267,0.4072751149736199,0.5927248850263801,728.4784034022525,152.94972659140052,0.01979496415863983,0.005575444879410443,0.036801198404004004,0.027432739431471825
Bubble,66.94465418531422,0.7412582582582583,0.2587417417417417,0.4070861401026391,0.5929138598973609,727.2453488258508,153.44384365565844,0.019776472401462297,0.0055945346447740995,0.036773259359039044,0.027427454363696112
Bubble,67.0682143539114,0.7402592592592593,0.2597407407407407,0.40690096965620476,0.5930990303437953,726.0120719258313,153.9390097858489,0.019757946473737947,0.005613648243541199,0.03674532031407408,0.027422275694413863
Bubble,67.191377711203,0.7392602602602603,0.26073973973973974,0.4067195799080169,0.5932804200919831,724.7785705672801,154.4352460134658,0.019739386239318958,0.005632786370109899,0.03671738126910911,0.027417202760070706
Dew,67.27818947889999,0.7385538978161806,0.26144610218381936,0.4065935935935936,0.5934064064064064,723.9065697542104,154.78661453943232,0.019726250461453317,0.005646327618755054,0.03669762640238104,0.027413679295775772
Bubble,67.31414457142813,0.7382612612612613,0.26173873873873865,0.4065419475471238,0.5934580524528762,723.5448403439719,154.93255424654654,0.01972079149973641,0.005651949020662104,0.03668944222414414,0.027412234908728315
Bubble,67.4365159227085,0.7372622622622623,0.2627377377377377,0.4063680496731766,0.5936319503268235,722.3108775434773,155.43094268599694,0.019702162074840743,0.005671136419863692,0.036661503179179177,0.027407371499931717
Bubble,67.55849274693935,0.7362632632632633,0.2637367367367367,0.40619786379175893,0.5938021362082411,721.076678421659,155.93041961689224,0.019683497783067293,0.005690348794482543,0.03663356413421422,0.027402611904578676
Bubble,67.6800760197184,0.7352642642642643,0.2647357357357357,0.4060313678099192,0.5939686321900808,719.8422392023152,156.43099340937852,0.01966479844142114,0.0057095863734066814,0.03660562508924925,0.02739795550479472
Bubble,67.80126671028272,0.7342652652652653,0.26573473473473475,0.40586854003166417,0.5941314599683358,718.6075560768229,156.93267251952753,0.019646063865461885,0.005728849387661315,0.03657768604428428,0.027393401693807152
Bubble,67.92206578141833,0.7332662662662663,0.26673373373373366,0.4057093591537032,0.5942906408462968,717.3726252037477,157.43546549014195,0.01962729386928746,0.005748138070422974,0.036549746999319316,0.027388949875825987
Dew,68.01066851405578,0.7325314870135674,0.2674685129864326,0.4055945945945946,0.5944054054054053,716.4641568573419,157.80601847728786,0.019613465607799804,0.005762342629121215,0.036529197398567914,0.027385740250810812
Bubble,68.04247418939357,0.7322672672672673,0.2677327327327327,0.40555380426120147,0.5944461957387985,716.1374427084799,157.93938095164754,0.019608488265518562,0.00576745265703712,0.036521807954354356,0.02738459946592519
Bubble,68.16249288388723,0.7312682682682683,0.2687317317317317,0.40540185482362323,0.5945981451763768,714.9020046828507,158.44442762294142,0.01958964686528251,0.005786793385033947,0.03649386890938939,0.027380349889926464
Bubble,68.2821228078919,0.7302692692692693,0.26973073073073073,0.40525349069077227,0.5947465093092277,713.6663071847346,158.95061431218434,0.01957076947819658,0.005806160494141327,0.03646592986442442,0.027376200584288454
Bubble,68.40136489764888,0.7292702702702704,0.27072972972972964,0.4051086920887331,0.5948913079112669,712.4303462376597,159.45794991763347,0.01955185591235154,0.0058255542263001125,0.03643799081945946,0.02737215099599328
Bubble,68.5202200825533,0.7282712712712713,0.27172872872872866,0.4049674396161138,0.5950325603838862,711.194117830401,159.9664434284721,0.01953290597429465,0.005844974825677851,0.03641005177449449,0.027368200582441438
Bubble,68.63868928507087,0.7272722722722723,0.2727277277277277,0.4048297142403173,0.5951702857596828,709.957617916571,160.4761039255821,0.019513919469012424,0.005864422538680527,0.03638211272952953,0.027364348811347524
Bubble,68.75677342065515,0.7262732732732733,0.2737267267267267,0.4046954972937689,0.5953045027062311,708.7208424142094,160.98694058236748,0.0194948961999134,0.0058838976139666994,0.03635417368456456,0.027360595160634726
Dew,68.84647528937836,0.7255122488708842,0.27448775112911583,0.4045955955955956,0.5954044044044045,707.7785013260598,161.37693442292405,0.019480379889318254,0.005898753821942417,0.03633289008466198,0.027357801205845845
Bubble,68.87447339764717,0.7252742742742743,0.27472572572572573,0.40456477047036693,0.595435229529633,707.4837872053479,161.498962665433,0.01947583596881006,0.005903400302455284,0.0363262346395996,0.02735693911833557
Bubble,68.99179011718465,0.7242752752752754,0.27572472472472465,0.40443751582203014,0.5955624841779699,706.2464481355826,162.0121795353792,0.01945673857590093,0.00592293085733726,0.03629829559463464,0.02735338018249535
Bubble,69.10872447311431,0.7232762762762763,0.27672372372372367,0.4043137157552303,0.5956862842447697,705.0088210136428,162.5266006475372,0.019437603819752458,0.0059424895340855,0.036270356549669674,0.027349917861075157
Bubble,69.22527735187913,0.7222772772772773,0.2777227227227227,0.40419335302767484,0.5958066469723251,703.7709016109303,163.04223555258017,0.01941843149728001,0.005962076590459424,0.03624241750470471,0.027346551671859103
Bubble,69.34145528969303,0.7212782782782783,0.2787217217217217,0.4040764107451747,0.5959235892548254,702.5326923172186,163.5591557463511,0.019399221587527108,0.005981694548461716,0.03621447845973974,0.02734328114236673
Bubble,69.45724836013143,0.7202792792792793,0.27972072072072074,0.4039628723580226,0.5960371276419774,701.2941761604687,164.07725356001023,0.019379973534416884,0.006001339376729364,0.03618653941477478,0.027340105809751714
Bubble,69.57266261336062,0.7192802802802803,0.28071971971971965,0.4038527216585287,0.5961472783414713,700.0553548698233,164.5965950258926,0.01936068729735253,0.006021013394722235,0.036158600369809814,0.02733702522073294
Bubble,69.68769890915398,0.7182812812812813,0.2817187187187187,0.4037459427775781,0.596254057222422,698.8162240684038,165.1171901438835,0.019341362666613314,0.006040716871651615,0.036130661324844854,0.02733403893149824
Bubble,69.80235809966085,0.7172822822822823,0.2827177177177177,0.40364252018182845,0.5963574798181716,697.5767793401325,165.6390490179202,0.019321999430743572,0.006060450079242128,0.03610272227987989,0.027331146507626
Dew,69.85437486205203,0.716828005381668,0.28317199461833203,0.40359659659659664,0.5964034034034034,697.0130616247573,165.87679923098236,0.01931318159188801,0.006069434168914809,0.036090017499629326,0.027329862160880885
Bubble,69.91664102933078,0.7162832832832833,0.2837167167167167,0.4035424386707474,0.5964575613292527,696.3370162292832,166.16218185702124,0.019302597376533493,0.006080213291750695,0.03607478323491492,0.02732834752400234
Bubble,70.03054853480344,0.7152842842842844,0.28471571571571563,0.40344568337395903,0.596554316626041,695.0969302400114,166.68659897620816,0.0192831562889993,0.006100006785979826,0.03604684418994995,0.027325641564746844
Bubble,70.14408144480997,0.7142852852852853,0.28571471471471466,0.40335223974836176,0.5966477602516382,693.8565168358665,167.21231079740068,0.01926367595136284,0.006119830841291472,0.036018905144984986,0.027323028223132022
Bubble,70.25724058007667,0.7132862862862863,0.2867137137137137,0.40326209357552406,0.596737906424476,692.6157714393229,167.7393278503662,0.019244156145031558,0.0061396857396213075,0.035990966100020026,0.027320507101510426
Bubble,70.37002675322125,0.7122872872872873,0.2877127127127127,0.4031752309591048,0.5968247690408952,691.3746894312826,168.2676607736241,0.01922459664957767,0.006159571765491311,0.03596302705505506,0.027318077811242524
Bubble,70.48244076863718,0.7112882882882883,0.2887117117117117,0.4030916383223379,0.596908361677662,690.1332661505701,168.7973203152719,0.01920499724271692,0.006179489206019203,0.03593508801009009,0.02731573997262636
Bubble,70.59448342239253,0.7102892892892894,0.28971071071071064,0.40301130240551225,0.5969886975944878,688.8914968934308,169.32831733382648,0.01918535770028742,0.006199438350928582,0.03590714896512513,0.02731349321482706
Bubble,70.706155528823,0.7092902902902903,0.29070970970970966,0.4029342102636547,0.5970657897363453,687.649376946434,169.86066312677954,0.019165677797159372,0.006219419504557052,0.035879209920160166,0.027311337175812044
Bubble,70.81745785320375,0.7082912912912913,0.2917087087087087,0.4028603492641185,0.5971396507358815,686.4069015022743,170.39436861476457,0.019145957304882767,0.006239432955965755,0.0358512708751952,0.027309271502283575
Bubble,70.92839115977023,0.7072922922922923,0.2927077077077077,0.4027897070843604,0.5972102929156395,685.1640657187851,170.9294449201342,0.01912619599332175,0.006259479000097847,0.03582333183023023,0.027307295849616595
Bubble,71.03895621097193,0.7062932932932934,0.2937067067067066,0.4027222717097447,0.5972777282902553,683.920864717849,171.46590336440707,0.01910639363061764,0.00627955793766392,0.03579539278526527,0.027305409881797298
Bubble,71.14915376042005,0.7052942942942944,0.29470570570570565,0.4026580314313425,0.5973419685686575,682.677293576226,172.00375538478042,0.019086549982925742,0.006299670072063056,0.035767453740300305,0.02730361327136161
Dew,71.25781696092525,0.7043057538904541,0.29569424610954587,0.4025975975975976,0.5974024024024024,681.4465737703891,172.5373077544924,0.019066878848092012,0.006319602726223712,0.035739807191284494,0.027301923115915915
Bubble,71.25897613034395,0.7042952952952953,0.29570470470470467,0.4025969748432549,0.597403025156745,681.4333365040851,172.5429039551688,0.01906666451162037,0.006319811732389961,0.03573951469533534,0.027301905699320304
Bubble,71.36844008466883,0.7032962962962963,0.2967037037037037,0.4025390908429227,0.5974609091570773,680.1890090159374,173.08356618035543,0.019046737552978373,0.006339990751693972,0.03571157565037037,0.027300286855167652
Bubble,71.4775386676841,0.7022972972972973,0.2977027027027027,0.4024843686258001,0.5975156313741998,678.9442962304909,173.62565576344795,0.019026768592516254,0.006360203849059651,0.035683636605405404,0.027298756436732498
Bubble,71.5862725896226,0.7012982982982984,0.2987017017017016,0.4024327976855543,0.5975672023144457,677.6991930278168,174.16918448638415,0.019006757387905256,0.006380451334081577,0.035655697560440444,0.027297314150183803
Bubble,71.69464255066862,0.7002992992992993,0.29970070070070065,0.40238436781171066,0.5976156321882893,676.4536942390497,174.71416423788295,0.018986703694682937,0.006400733518598388,0.03562775851547548,0.02729595970996482
Bubble,71.80264924076702,0.6993003003003003,0.3006996996996997,0.4023390690878431,0.5976609309121569,675.2077946456839,175.26060701273218,0.018966607266225025,0.0064210507166420575,0.03559981947051051,0.02729469283874247
Bubble,71.91029333943297,0.6983013013013013,0.3016986986986987,0.40229689188977985,0.5977031081102202,673.9614889788758,175.80852491093324,0.01894646785371734,0.006441403244381844,0.03557188042554554,0.02729351326735715
Bubble,72.01757551554677,0.6973023023023024,0.3026976976976976,0.40225782688393735,0.5977421731160626,672.7147719187167,176.35793013667373,0.018926285206126693,0.006461791420061083,0.03554394138058058,0.02729242073477615
Bubble,72.12449642715373,0.6963033033033034,0.30369669669669663,0.40222186502560814,0.5977781349743918,671.4676380934961,176.9088349971018,0.018906059070171455,0.006482215563927029,0.03551600233561562,0.027291414988045787
Bubble,72.2310827928511,0.6953043043043043,0.30469569569569566,0.4021889975617477,0.5978110024382524,670.2201172327882,177.46162026133402,0.018885790180873524,0.0065026894958786705,0.03548806329065065,0.027290495782369303
Bubble,72.33728544737248,0.6943053053053053,0.3056946946946947,0.40215921601303384,0.5978407839869662,668.9721369185601,178.0155989846895,0.018865476394938224,0.006523187910511189,0.03546012424568569,0.027289662880605157
Bubble,72.4431289466353,0.6933063063063063,0.3066936936936937,0.40213251219563073,0.5978674878043693,667.7237237177749,178.5711185353733,0.018845118355957136,0.006543723399743165,0.03543218520072072,0.027288916053875695
Bubble,72.54861391963267,0.6923073073073074,0.3076926926926926,0.40210887820496294,0.5978911217950371,666.474872071343,179.1281919633738,0.01882471580214659,0.006564296303699957,0.035404246155755756,0.02728825508111333
Bubble,72.65374098459145,0.6913083083083084,0.30869169169169164,0.4020883064178118,0.5979116935821882,665.2255763666309,179.68683244303125,0.01880426846938238,0.006584906965160027,0.03537630711079079,0.0272876797491192
Bubble,72.75851074879216,0.6903093093093093,0.30969069069069066,0.40207078949093866,0.5979292105090613,663.9758309367551,180.24705327276448,0.018783776091170535,0.006605555729517076,0.03534836806582582,0.027287189852524662
Bubble,72.8629238083767,0.6893103103103103,0.3106896896896897,0.4020563203597899,0.5979436796402101,662.725630059854,180.80886787463996,0.018763238398617318,0.006626242944735771,0.03532042902086086,0.027286785193755058
Bubble,72.96698074815214,0.6883113113113114,0.3116886886886886,0.4020448922371601,0.5979551077628399,661.4749679583492,181.37228979370488,0.01874265512039882,0.006646968961299049,0.035292489975895895,0.027286465582992348
Bubble,73.07068214138388,0.6873123123123124,0.3126876876876876,0.40203649861203566,0.5979635013879643,660.2238387981812,181.93733269720425,0.018722025982729627,0.006667734132149852,0.035264550930930935,0.027286230838142748
Bubble,73.17402854958458,0.6863133133133134,0.31368668668668664,0.4020311332483036,0.5979688667516965,658.9722366880313,182.5040103734843,0.018701350709331016,0.006688538812622215,0.03523661188596597,0.02728608078480064
Bubble,73.27702052228925,0.6853143143143143,0.31468568568568567,0.4020287901836554,0.5979712098163446,657.7201556785258,183.07233673072568,0.018680629021398425,0.006709383360364699,0.035208672841001,0.027286015256217898
Bubble,73.37965859682663,0.6843153153153153,0.3156846846846847,0.402029463728439,0.597970536271561,656.4675897614101,183.64232579538546,0.018659860637567974,0.006730268135253414,0.035180733796036034,0.0272860340932718
Bubble,73.4819432980712,0.6833163163163164,0.3166836836836836,0.4020331484646176,0.5979668515353824,655.2145328687031,184.21399171032297,0.01863904527388223,0.006751193499292636,0.03515279475107107,0.0272861371444359
Bubble,73.58387513820603,0.6823173173173174,0.3176826826826826,0.402039839244676,0.597960160755324,653.9609788718471,184.78734873272532,0.018618182643755674,0.006772159816508364,0.03512485570610611,0.02728632426574942
Bubble,73.6854546164393,0.6813183183183184,0.31868168168168165,0.402049531190682,0.597950468809318,652.7069215807908,185.3624112314817,0.01859727245793815,0.006793167452820492,0.03509691666114114,0.02728659532079105
Bubble,73.78668221874787,0.6803193193193193,0.3196806806806807,0.4020622196932719,0.5979377803067281,651.4523547430908,185.93919368440478,0.018576314424478605,0.0068142167759098395,0.035068977616176174,0.02728695018065052
Bubble,73.8875584175813,0.6793203203203203,0.3206796796796797,0.40207790041074165,0.5979220995892583,650.1972720429585,186.5177106749035,0.01855530824868711,0.006835308155064232,0.03504103857121121,0.027287388723903228
Bubble,73.9880836715601,0.6783213213213214,0.3216786786786786,0.4020965692681796,0.5979034307318204,648.9416671002797,187.09797688823826,0.018534253633095948,0.006856441961008932,0.035013099526246254,0.027287910836585952
Bubble,74.08825842517244,0.6773223223223224,0.32267767767767763,0.40211822245653567,0.5978817775434644,647.6855334696152,187.68000710734313,0.01851315027741998,0.006877618565721544,0.03498516048128129,0.027288516412170827
Bubble,74.1880831084358,0.6763233233233233,0.32367667667667666,0.4021428564316356,0.5978571435683644,646.4288646391585,188.26381620804403,0.018491997878515517,0.0068988383422251215,0.03495722143631632,0.02728920535153781
Bubble,74.28755813655367,0.6753243243243243,0.3246756756756757,0.402170467914346,0.5978295320856539,645.1716540296474,188.8494191538814,0.018470796130337756,0.006920101664358599,0.03492928239135135,0.027289977562979233
Bubble,74.38663051336432,0.6743253253253254,0.3256746746746746,0.40220105383136406,0.5977989461686359,643.9138140068351,189.43588608945598,0.018449542403458936,0.0069413742835675064,0.03490134334638639,0.02729083296054391
Bubble,74.48540283090331,0.6733263263263264,0.3266736736736736,0.40223461153118156,0.5977653884688184,642.6554923622031,190.02502945241005,0.01842824081089235,0.00696272243305113,0.034873404301421426,0.027291771470077015
Bubble,74.58395720899306,0.6723273273273274,0.32767267267267264,0.40227113859037306,0.597728861409627,641.3968090312396,190.61837555749156,0.018406894679427365,0.006984201851061927,0.034845465256456466,0.02729279302380251
Bubble,74.68204405707084,0.6713283283283283,0.32867167167167166,0.4023106325736275,0.5976893674263726,640.1373749150521,191.21144005875743,0.018385492726469905,0.007005648045801117,0.03481752621149149,0.027293897553611945
Bubble,74.77978370763806,0.6703293293293293,0.3296706706706707,0.402353091606843,0.597646908393157,638.8773661536385,191.80638869442078,0.01836403988054065,0.007027140184563726,0.03478958716652653,0.027295085007092244
Bubble,74.87717653377949,0.6693303303303304,0.3306696696696696,0.4023985139817893,0.5976014860182107,637.6167758424521,192.4032382848016,0.018342535820301292,0.007048678694028486,0.034761648121561566,0.027296355336469257
Bubble,74.9742228954382,0.6683313313313314,0.3316686686686686,0.4024468982498958,0.5975531017501041,636.3555970103107,193.00200582576778,0.018320980221461114,0.007070264004653209,0.0347337090765966,0.027297708501230766
Bubble,75.07092313926057,0.6673323323323324,0.33266766766766764,0.40249824322186056,0.5975017567781394,635.093822618755,193.60270849034697,0.01829937275674667,0.007091896550694787,0.03470577003163164,0.0272991444681155
Bubble,75.16721598004634,0.6663333333333333,0.33366666666666667,0.40255254793770595,0.5974474520622941,633.8313476334409,194.20416544455745,0.018277710271935515,0.007113532881921367,0.034677830986666665,0.02730066321027574
Bubble,75.26321878626493,0.6653343343343344,0.3346656656656656,0.40260981177666844,0.5973901882233316,632.5683502615175,194.8086550085851,0.018255997777015035,0.00713525625347597,0.034649891941701705,0.027302264710350556
Bubble,75.35887583410006,0.6643353353353354,0.3356646646646646,0.4026700343001617,0.5973299656998383,631.3047347182895,195.41511735155,0.018234232384326088,0.007157027639698919,0.03462195289673674,0.027303948956073996
Bubble,75.45418736021033,0.6633363363363364,0.3366636636636636,0.4027332153505378,0.5972667846494621,630.0404935816091,196.02356878082642,0.018212413751153674,0.007178847432155024,0.03459401385177178,0.027305715943037105
Bubble,75.54915358241081,0.6623373373373374,0.33766266266266265,0.4027993550270542,0.5972006449729458,628.77561934869,196.6340256273663,0.01819054153134189,0.007200716020413015,0.03456607480680681,0.027307565674015828
Bubble,75.6437746991258,0.6613383383383383,0.3386616616616617,0.4028684536855469,0.5971315463144531,627.5101044345755,197.24650423180898,0.018168615375235637,0.00722263379149942,0.034538135761841844,0.027309498158961838
Bubble,75.73815983663546,0.6603393393393394,0.3396606606606606,0.4029405120429625,0.5970594879570374,626.2441206230626,197.8632917919346,0.01814664012960563,0.007244684275242919,0.034510196716876884,0.027311513417926016
Bubble,75.83210197695823,0.6593403403403404,0.3406596596596596,0.40301553078172403,0.596984469218276,624.9773201026308,198.48011559147815,0.018124605588447775,0.007266710804959836,0.03448225767191191,0.027313611469993705
Bubble,75.92570049637,0.6583413413413414,0.34165865865865863,0.40309351111134173,0.5969064888886583,623.7098575480978,199.09903732665302,0.01810251609678591,0.007288788653205768,0.03445431862694695,0.02731579234899134
Bubble,76.01895560010158,0.6573423423423423,0.34265765765765765,0.40317445441176253,0.5968255455882374,622.441725214483,199.7200760318055,0.01808037129586102,0.007310918293312941,0.03442637958198198,0.027318056093511938
Bubble,76.1118674783518,0.6563433433433433,0.3436566566566567,0.40325836231828316,0.5967416376817168,621.1729152828799,200.34325093608965,0.01805817082359941,0.007333100202605788,0.03439844053701702,0.02732040274928992
Bubble,76.20443630614315,0.6553443443443444,0.3446556556556556,0.40334523672133116,0.5966547632786688,619.9034198599355,200.96858146524534,0.01803591431458409,0.007355334862421762,0.03437050149205206,0.02732283236919494
Bubble,76.29666224313677,0.6543453453453454,0.3456546546546546,0.40343507976634335,0.5965649202336567,618.63323097727,201.5960872430255,0.018013601400024302,0.007377622758118168,0.03434256244708709,0.027325345013228516
Bubble,76.3885454334852,0.6533463463463464,0.34665365365365364,0.403527893853659,0.5964721061463409,617.362340590976,202.2257880930078,0.01799123170772716,0.007399964379092561,0.03431462340212212,0.02732794074852104
Bubble,76.48008600565667,0.6523473473473473,0.34765265265265266,0.40362368163844803,0.596376318361552,616.0907405810847,202.85770404011961,0.01796880486206824,0.007422360218791985,0.034286684357157156,0.02733061964932974
Bubble,76.57128407227441,0.6513483483483484,0.3486516516516516,0.4037224460306249,0.5962775539693751,614.8184227510694,203.49185531230677,0.017946320483963094,0.0074448107747271414,0.034258745312192196,0.027333381797036326
Bubble,76.66213972994709,0.6503493493493494,0.3496506506506506,0.403824190194935,0.596175809805065,613.5453788273503,204.12826234218858,0.017923778190838645,0.007467316548484349,0.03423080626722723,0.027336227280149353
Bubble,76.75265305909896,0.6493503503503504,0.3506496496496496,0.4039289175509305,0.5960710824490695,612.2716004588233,204.7669457686418,0.017901177596605193,0.007489878045735271,0.03420286722226226,0.027339156194303577
Bubble,76.84282412380776,0.6483513513513514,0.35164864864864864,0.4040366317730064,0.5959633682269936,610.997079216407,205.40792643847155,0.017878518311628743,0.007512495776248941,0.0341749281772973,0.02734216864226094
Bubble,76.93265297162195,0.6473523523523523,0.35264764764764767,0.4041473367906086,0.5958526632093915,609.7218065925774,206.0512254079514,0.01785579994270294,0.007535170253897209,0.03414698913233233,0.027345264733916422
Bubble,77.02213963340434,0.6463533533533534,0.3536466466466466,0.40426103678827563,0.5957389632117244,608.44577400098,206.6968639445181,0.017833022093022986,0.007557901996666663,0.03411905008736737,0.027348444586299172
Bubble,77.11128412314639,0.6453543543543544,0.3546456456456456,0.40437773620593936,0.5956222637940607,607.168972775983,207.34486352827676,0.017810184362157876,0.007580691526661127,0.0340911110424024,0.027351708323580956
Bubble,77.20008643779727,0.6443553553553554,0.3556446446446446,0.4044974397391163,0.5955025602608837,605.8913941723042,207.99524585355118,0.017787286346024535,0.007603539370106182,0.034063171997437434,0.02735505607708145
Bubble,77.28854655709304,0.6433563563563564,0.35664364364364365,0.40462015233911636,0.5953798476608836,604.6130293646402,208.648032830426,0.017764327636861914,0.007626446057352725,0.034035232952472474,0.027358487985274158
Bubble,77.37666444336698,0.6423573573573574,0.35764264264264256,0.404745879213587,0.595254120786413,603.3338694472938,209.3032465861961,0.017741307823204974,0.007649412122874045,0.03400729390750751,0.02736200419380156
Bubble,77.46444004137665,0.6413583583583584,0.3586416416416416,0.4048746258267014,0.5951253741732986,602.0539054338442,209.96090946675423,0.017718226489859698,0.007672438105262865,0.03397935486254254,0.027365604855480393
Bubble,77.55187327811106,0.6403593593593594,0.3596406406406406,0.4050063978996921,0.5949936021003079,600.773128256816,210.62104403788203,0.017695083217878035,0.007695524547221627,0.03395141581757758,0.027369290130316606
Bubble,77.63896406261036,0.6393603603603604,0.36063963963963963,0.40514120141136983,0.5948587985886302,599.4915287673772,211.28367308655965,0.017671877584533546,0.0077186719955530305,0.033923476772612614,0.02737306018551984
Bubble,77.72571228576203,0.6383613613613613,0.36163863863863865,0.4052790425986808,0.5947209574013193,598.2090977350282,211.94881962193776,0.017648609163296608,0.007741881001137375,0.03389553772764765,0.027376915195519012
Bubble,77.812117295507,0.6373623623623624,0.36263763763763757,0.4054199279572489,0.5945800720427511,596.9258248503508,212.6164922494173,0.017625277494373207,0.007765151584708007,0.03386759868268268,0.0273808553419775
Bubble,77.89817990023566,0.6363633633633634,0.3636366366366366,0.4055638642423209,0.5944361357576791,595.6417025248843,213.28674080939666,0.017601882196858196,0.007788485268913905,0.03383965963771772,0.027384880813819557
Bubble,77.98389948904216,0.6353643643643644,0.3646356356356356,0.4057108584692837,0.5942891415307163,594.3567204384331,213.95957668425962,0.01757842280779489,0.007811882167479569,0.033811720592752746,0.027388991807244793
Bubble,78.06909373703763,0.6343653653653654,0.36563463463463464,0.4058609173494237,0.5941390826505764,593.0705161072754,214.62978449509347,0.017554888438654097,0.007835151589496386,0.033783781547787786,0.02739318850994803
Bubble,78.15410711617737,0.6333663663663665,0.36663363363363355,0.4060140494052507,0.5939859505947493,591.7837451954313,215.30722994712931,0.017531298326976832,0.00785865340226312,0.03375584250282283,0.027397471160278623
Bubble,78.23877486763998,0.6323673673673674,0.36763263263263257,0.40617026198253936,0.5938297380174606,590.4960811393341,215.9872608055915,0.017507642651940804,0.007882217438387492,0.033727903457857866,0.02740183996367616
Bubble,78.32309655763616,0.6313683683683684,0.3686316316316316,0.4063295631378923,0.5936704368621077,589.2075136654237,216.6698934153564,0.01748392094562584,0.007905843977282324,0.0336999644128929,0.027406295145459957
Bubble,78.4073476965903,0.6303693693693694,0.3696306306306306,0.40649196260314613,0.5935080373968539,587.9185812566413,217.3634894209508,0.017460149035662835,0.007929837735235437,0.03367202536792793,0.027410836977800692
Bubble,78.49100506724102,0.6293703703703704,0.37062962962962964,0.40665746649690354,0.5933425335030964,586.6282377891471,218.0523725880947,0.0174362957031399,0.007953626449992871,0.033644086322962966,0.02741546563181756
Bubble,78.57431721458346,0.6283713713713714,0.37162862862862855,0.4068260848099065,0.5931739151900934,585.3369648709236,218.74399932315265,0.017412375071727226,0.007977481849462958,0.033616147277998006,0.027420181386922045
Bubble,78.65728483514714,0.6273723723723724,0.3726276276276276,0.40699782667786794,0.593002173322132,584.0447544042062,219.4384268907825,0.017388386732395414,0.008001405685457376,0.03358820823303304,0.027424984498613
Bubble,78.73990711978516,0.6263733733733734,0.3736266266266266,0.4071727015077368,0.5928272984922631,582.7515952294709,220.1356666098746,0.01736433018352132,0.00802539802912825,0.03356026918806807,0.02742987522997493
Bubble,78.8221837069594,0.6253743743743744,0.3746256256256256,0.40735071897960023,0.5926492810203998,581.4574770412779,220.83574455295408,0.017340204947280453,0.008049459484874148,0.033532330143103105,0.02743485385173124
Bubble,78.9041142138763,0.6243753753753755,0.37562462462462454,0.4075318890486702,0.5924681109513298,580.1623894499921,221.53868702377656,0.017316010541741558,0.008073590660545348,0.033504391098138145,0.027439920642299723
Bubble,78.91598862605265,0.4415585585585586,0.5584414414414414,0.43721653870805594,0.562783461291944,258.25627621186555,252.1898069446631,0.009096238626754386,0.008920721755120892,0.028391545869549548,0.028270112426709747
Bubble,78.98569823616,0.6233763763763764,0.37662362362362356,0.40771622194712287,0.5922837780528771,578.8663219815014,222.24452055406795,0.017291746480841048,0.008097792167246447,0.03347645205317318,0.02744507588784406
Bubble,79.0669353474728,0.6223773773773774,0.3776226226226226,0.40790372818658105,0.592096271813419,577.5692640768254,222.9532718990876,0.017267412274354046,0.008122064619090175,0.03344851300820821,0.027450319882343244
Bubble,79.14782509912908,0.6213783783783784,0.3786216216216216,0.4080944185602976,0.5919055814397024,576.2712050917072,223.66496803203586,0.01724300742786477,0.00814640863291095,0.033420573963243244,0.027455652927652587
Bubble,79.22836701965694,0.6203793793793794,0.37962062062062063,0.40828830414576855,0.5917116958542314,574.9721342960739,224.37963613686844,0.017218531442732866,0.00817082482791625,0.03339263491827828,0.027461075333576876
Bubble,79.30856061431189,0.6193803803803805,0.38061961961961954,0.4084853963074348,0.5915146036925651,573.6720408734016,225.09730359923813,0.01719398381605666,0.008195313825268514,0.03336469587331332,0.02746658741794588
Bubble,79.38840536457828,0.6183813813813814,0.38161861861861857,0.40868570669955895,0.591314293300441,572.3709139200054,225.81799799587952,0.017169364040634037,0.008219876247608471,0.03333675682834835,0.027472189506694833
Bubble,79.4679007275805,0.6173823823823824,0.3826176176176176,0.4088892472692997,0.5911107527307002,571.0687424441219,226.5417470810877,0.01714467160491683,0.008244512718470605,0.03330881778338339,0.027477881933950395
Bubble,79.5470461354646,0.6163833833833834,0.3836166166166166,0.4090960302599687,0.5909039697400313,569.7655153648836,227.26857877087582,0.017119905992961773,0.0082692238616124,0.033280878738418423,0.02748366504212176
Bubble,79.62584099470435,0.6153843843843844,0.38461561561561564,0.40930606821456617,0.5906939317854338,568.4612215110753,227.99852112392065,0.017095066684374643,0.0082940103002242,0.03325293969345346,0.027489539181999503
Bubble,79.70428468534388,0.6143853853853855,0.38561461461461455,0.4095193739793928,0.5904806260206072,567.1558496196992,228.7316023189473,0.01707015315424835,0.008318872656008914,0.03322500064848849,0.027495504712856635
Bubble,79.78237656015628,0.6133863863863864,0.38661361361361357,0.4097359607080286,0.5902640392919714,565.8493883342738,229.46785062806188,0.017045164873092707,0.008343811548111443,0.03319706160352352,0.027501562002559862
Bubble,79.86011594371764,0.6123873873873874,0.3876126126126126,0.40995584186536566,0.5900441581346343,564.5418262028603,230.2072943854198,0.01702010130675563,0.008368827591878505,0.03316912255855856,0.027507711427682355
Bubble,79.9375021313958,0.6113883883883884,0.3886116116116116,0.41017903123215826,0.5898209687678417,563.2331516758135,230.94996195091053,0.016994961916335632,0.008393921397433555,0.033141183513593596,0.02751395337363102
Bubble,80.0145343882309,0.6103893893893895,0.38961061061061053,0.4104055429094075,0.5895944570905924,561.9233531031513,231.695881667767,0.01696974615808232,0.008419093568033295,0.03311324446862863,0.02752028823476911
Bubble,80.07982669113645,0.4425575575575576,0.5574424424424425,0.4398592714160509,0.5601407285839491,269.36771387057917,265.4760951470133,0.00947827572107074,0.009366211212499916,0.02841948491451452,0.028344021838063553
Bubble,80.09121194769352,0.6093903903903904,0.39060960960960955,0.4106353913233879,0.5893646086766121,560.6124187315289,232.4450818136023,0.016944453483284484,0.008444344698181267,0.03308530542366367,0.02752671641455684
Bubble,80.16755336443813,0.6083913913913914,0.3916086086086086,0.4108685912456641,0.5891314087543359,559.3003813668175,233.19839054005143,0.01691908468931197,0.008469704426990623,0.0330573663786987,0.02753323832611114
Bubble,80.24352244154119,0.6073923923923924,0.3926076076076076,0.4111051577450253,0.5888948422549747,557.9871477925916,233.954387247295,0.016893636760777445,0.00849512070495653,0.033029427333733735,0.027539854390861433
Bubble,80.31913485750636,0.6063933933933934,0.3936066066066066,0.4113451062662982,0.5886548937337017,556.6727438768552,234.71377522909734,0.016868110280538615,0.008520618628197368,0.03300148828876877,0.027546565040753812
Bubble,80.39438978416017,0.6053943943943945,0.39460560560560554,0.41158845259137383,0.5884115474086262,555.3571576291064,235.47658632000687,0.016842504685280906,0.008546198892948696,0.03297354924380381,0.02755337071716106
Bubble,80.46928636392352,0.6043953953953954,0.39560460460460456,0.4118352128559081,0.5881647871440919,554.040376963437,236.24285258428222,0.016816819406883045,0.008571862196681329,0.03294561019883884,0.027560271871349698
Bubble,80.54382370881751,0.6033963963963964,0.3966036036036036,0.41208540355587264,0.5879145964441274,552.7223896958934,237.0126062954593,0.01679105387231645,0.008597609237217913,0.032917671153873874,0.02756726896466323
Bubble,80.61800089937152,0.6023973973973974,0.3976026026026026,0.4123390415543122,0.5876609584456878,551.4031835414555,237.78587991161208,0.016765207503532564,0.008623440711691157,0.03288973210890891,0.027574362468711113
Bubble,80.691816983436,0.6013983983983985,0.3986016016016015,0.4125961440886055,0.5874038559113945,550.0827461106132,238.56270604620977,0.01673927971733732,0.008649357315337804,0.03286179306394395,0.027581552865571794
Bubble,80.76527097491281,0.6003993993993995,0.39960060060060054,0.41285672877774293,0.5871432712222571,548.7610649055449,239.34311743464468,0.016713269925252884,0.00867535974013564,0.03283385401897898,0.02758884064799629
Bubble,80.83836185242765,0.5994004004004004,0.40059959959959957,0.41312081363019726,0.5868791863698027,547.4381273159557,240.1271468978075,0.016687177533368253,0.008701448673328683,0.032805914974014014,0.027596226319628273
Bubble,80.91108855802307,0.5984014014014014,0.4015985985985986,0.4133884170518286,0.5866115829481714,546.11392061474,240.91482730607976,0.0166610019421838,0.008727624795967743,0.03277797592904905,0.027603710395225172
Bubble,80.96456441064507,0.4465535535535536,0.5534464464464464,0.44415382616071986,0.5558461738392801,282.4304256744591,278.8612318072015,0.009898988436578987,0.009796935762347478,0.028531241094374372,0.028464127822389898
Bubble,80.98344999608858,0.5974024024024024,0.4025975975975976,0.41365955785426467,0.5863404421457353,544.7884319540095,241.70619155485602,0.01663474254646616,0.00875388878186499,0.03275003688408408,0.027611293400892536
Bubble,81.0554450331554,0.5964034034034035,0.4035965965965965,0.4139342552635241,0.5860657447364759,543.461648363086,242.50127258406715,0.016608398735162393,0.00878024129813945,0.03272209783911912,0.02761897587432519
Bubble,81.12707250101036,0.5954044044044045,0.40459559559559555,0.4142125289287995,0.5857874710712005,542.1335567547717,243.30010356783083,0.01658196989156691,0.008806683011916408,0.03269415879415415,0.027626758365052892
Bubble,81.19833121557554,0.5944054054054054,0.40559459459459457,0.4144943989317496,0.5855056010682504,540.8041439720347,244.10271892351005,0.016555455394726477,0.008833214626660426,0.032666219749189186,0.0276346414347002
Bubble,81.26923242693964,0.5934064064064064,0.4065935935935936,0.4147798858202929,0.5852201141797071,539.4734287453231,244.90979464884234,0.016528855598557966,0.008859860046564345,0.032638280704224226,0.027642625657931567
Bubble,81.33971190226407,0.5924074074074074,0.4075925925925926,0.4150515099490982,0.5849484900509017,538.141235546935,245.69715040380075,0.01650216490124191,0.008885901487415512,0.03261034165925926,0.027650222180806823
Bubble,81.40986327511797,0.5914084084084085,0.40859159159159153,0.41534401389874365,0.5846559861012564,536.8077952186942,246.51117708404493,0.01647539015380008,0.008912704764600177,0.03258240261429429,0.02765840265046672
Bubble,81.4796414193848,0.5904094094094094,0.40959059059059055,0.41564021673982826,0.5843597832601717,535.472981724056,247.32919148670499,0.01644852726827124,0.00893960290062993,0.032554463569329326,0.027666686567171445
Bubble,81.5490699928271,0.5894104104104104,0.4105895895895896,0.4159584284396111,0.5840415715603888,534.1368474366942,248.17490808856317,0.016421577627717128,0.008967286475170078,0.03252652452436436,0.027675586006507744
Bubble,81.58308633398072,0.44555455455455456,0.5544454454454455,0.44066671047491873,0.5593332895250812,286.099472621716,278.8195580058957,0.010037415037940983,0.009829148485255039,0.028503302049409412,0.02836660351852047
Bubble,81.61809184931346,0.5884114114114114,0.4115885885885886,0.41626232365209037,0.5837376763479096,532.7992315578946,249.0011331736405,0.016394536060519674,0.00899437827435211,0.032498585479399406,0.027684085056070958
Bubble,81.68672279735176,0.5874124124124125,0.4125875875875875,0.41655059254772714,0.5834494074522727,531.4601645344309,249.80667231660823,0.01636740326705749,0.009020848819002987,0.03247064643443444,0.027692147083805983
Bubble,81.75499353330727,0.5864134134134135,0.41358658658658654,0.41685879094189243,0.5831412090581075,530.11971831039,250.63689951754503,0.01634018122921704,0.009048013154901814,0.03244270738946947,0.027700766480623543
Bubble,81.82288215328747,0.5854144144144144,0.41458558558558556,0.41717555015336705,0.582824449846633,528.777824222534,251.47778787943895,0.01631286759796268,0.009075466924344399,0.03241476834450451,0.02770962529816122
Bubble,81.89039769410435,0.5844154154154154,0.4155845845845846,0.4175156447643847,0.5824843552356154,527.4344967535208,252.34768189487173,0.016285462583427997,0.009103735238305368,0.032386829299539545,0.027719136737751338
Bubble,81.95740173893269,0.5834164164164164,0.4165835835835836,0.417838531901374,0.582161468098626,526.0893440726271,253.18788564843715,0.01625795384000395,0.009131071889457535,0.03235889025457458,0.027728166935227002
Bubble,81.9900363221671,0.44355655655655657,0.5564434434434434,0.4403296403218584,0.5596703596781416,286.50539006920746,281.68993721729976,0.010071400154801569,0.009933638336225657,0.028447423959479478,0.028357176664067025
Bubble,82.02415141660691,0.5824174174174175,0.4175825825825825,0.41816529573358874,0.5818347042664113,524.7430633340473,254.0400373923932,0.0162303626618347,0.009158785697930752,0.03233095120960961,0.027737305552393104
Bubble,82.09060184921567,0.5814184184184185,0.41858158158158154,0.4184701224913829,0.5815298775086172,523.3955265934852,254.86885174927514,0.01620268487427116,0.009185843268590059,0.03230301216464465,0.027745830654521405
Bubble,82.11883253882242,0.4445555555555556,0.5554444444444444,0.4412937493837036,0.5587062506162965,288.9932053083614,284.1013727819873,0.010148885731966093,0.010009159106983327,0.028475363004444445,0.028384139940764015
Bubble,82.15655039115876,0.5804194194194194,0.41958058058058056,0.41883055577621314,0.5811694442237869,522.0461570404622,255.76134930926503,0.016174902380690352,0.009214662425231545,0.032275073119679684,0.027755910906615583
Bubble,82.22213709158953,0.5794204204204204,0.4205795795795796,0.4191412807790467,0.5808587192209532,520.6953356343649,256.5910462304878,0.01614702672268315,0.009241661587433165,0.03224713407471472,0.02776460096519883
Bubble,82.28731688596461,0.5784214214214215,0.4215785785785785,0.41947894534937075,0.5805210546506293,519.3429247993005,257.4534315083672,0.01611905338788764,0.009269569364657683,0.03221919502974976,0.027774044443743668
Bubble,82.3521450003539,0.5774224224224225,0.4225775775775775,0.41985819020916626,0.5801418097908337,517.9890727301514,258.3728582693239,0.01609098672555613,0.009299122027122448,0.03219125598478479,0.02778465079990736
Bubble,82.40331740042693,0.4515485485485486,0.5484514514514514,0.4477052405098617,0.5522947594901382,301.81167497289533,295.90389331388457,0.010526746375240988,0.010359529030475373,0.0286709363191992,0.028563450369548923
Bubble,82.41649186136283,0.5764234234234235,0.42357657657657655,0.42017472867267736,0.5798252713273226,516.6333950483678,259.2034443196775,0.01606281454164167,0.009326044298229877,0.032163316939819823,0.027793503443777914
Bubble,82.48048263013138,0.5754244244244244,0.42457557557557557,0.4205290284314807,0.5794709715685192,515.2762426010355,260.0857850010024,0.016034547478700586,0.009354455615404213,0.03213537789485486,0.027803412159304357
Bubble,82.54407267575608,0.5744254254254254,0.4255745745745746,0.42088768412270905,0.579112315877291,513.9174760337005,260.9731417559117,0.016006180948794767,0.009382985939407475,0.03210743884988989,0.027813442697367168
Bubble,82.60692112266939,0.5734264264264265,0.4265735735735735,0.42128511411665914,0.5787148858833409,512.5560710808824,261.8883744778922,0.015977682763064573,0.00941213074744893,0.03207949980492493,0.027824557637905173
Bubble,82.67004125173932,0.5724274274274275,0.42757257257257253,0.4216161075250552,0.5783838924749448,511.1950309968333,262.76017009907173,0.01594914627793844,0.009440321939546194,0.03205156075995996,0.027833814543797523
Bubble,82.73244554415443,0.5714284284284284,0.42857157157157155,0.422023483853417,0.5779765161465831,509.831409419555,263.7131165716258,0.015920479387277656,0.009470682346841628,0.032023621714994996,0.027845207653867866
Bubble,82.740085759126,0.4485515515515516,0.5514484484484484,0.4453755569965944,0.5546244430034056,299.91203712964557,295.0524594852362,0.010491159854061531,0.0103533368908645,0.028587119184304306,0.02849829601754604
Bubble,82.79437807845707,0.5704294294294294,0.4295705705705706,0.42235685929005334,0.5776431407099467,508.4659174531802,264.5600869379243,0.01589170397446947,0.00949791921633581,0.03199568267003003,0.027854531178039293
Bubble,82.85592865478523,0.5694304304304305,0.4305695695695695,0.422738891077617,0.577261108922383,507.09881555054926,265.4748437906562,0.015862827902340483,0.009527105362462604,0.03196774362506507,0.027865215476323358
Bubble,82.91699862407073,0.5684314314314315,0.4315685685685685,0.42309502628661927,0.5769049737133808,505.7297905679395,266.351350555496,0.01583384110255425,0.009555145234029647,0.0319398045801001,0.02787517552395893
Bubble,82.97007614430538,0.4495505505505506,0.5504494494494494,0.4459680118228229,0.554031988177177,303.2504170231209,297.74337121460115,0.010597581685608363,0.01044168958405955,0.028615058229269272,0.028514865225369362
Bubble,82.97772419838472,0.5674324324324325,0.43256756756756753,0.423484265327174,0.576515734672826,504.3592511470084,267.2740118782934,0.015804756089602665,0.009584502026358492,0.031911865535135135,0.02788606138777569
Bubble,83.03808848588979,0.5664334334334334,0.43356656656656656,0.42394410458726184,0.5760558954127382,502.9871388314266,268.296530074156,0.015775570771890273,0.009616734749228046,0.031883926490170175,0.027898921730756136
Bubble,83.09795603237914,0.5654344344344344,0.4345655655655656,0.424341324635731,0.575658675364269,501.61301921047726,269.22845301546573,0.015746271248797135,0.00964629723797973,0.03185598744520521,0.027910030799740474
Bubble,83.15739540345558,0.5644354354354355,0.4355645645645645,0.4247429967205134,0.5752570032794866,500.23709456759394,270.1655172960543,0.015716863575079208,0.009675977191750168,0.03182804840024024,0.02792126437900247
Bubble,83.1829473348445,0.4165835835835836,0.5834164164164164,0.41391006783130396,0.586089932168696,260.49430368457683,256.7736609772717,0.009406479891150654,0.009297229240672845,0.027693069745425427,0.02761829942344079
Bubble,83.21639627883653,0.5634364364364365,0.4365635635635635,0.4251491594443181,0.5748508405556819,498.8593208826001,271.10718022974964,0.015687346081400974,0.009705754268390154,0.03180010935527528,0.02793262354814562
Bubble,83.27497651625012,0.5624374374374375,0.43756256256256254,0.4255598521709853,0.5744401478290146,497.4797443919818,272.05527255692704,0.015657719933301055,0.009735693078787369,0.031772170310310315,0.02794410940806003
Bubble,83.3331070194005,0.5614384384384384,0.43856156156156156,0.42597511492905993,0.5740248850709401,496.0982603487128,273.00768393806874,0.015627981544170992,0.009765717136850278,0.03174423126534535,0.027955723078225615
Bubble,83.39090768233022,0.5604394394394395,0.4395605605605605,0.42645610447972604,0.573543895520274,494.71525034493163,274.0554367661405,0.015598142648813014,0.00979848127197876,0.03171629222038038,0.027969174932228676
Bubble,83.44809867828046,0.5594404404404405,0.4405595595595595,0.4269070284859648,0.5730929715140353,493.32978621807194,275.0574250583604,0.015568173691045862,0.009829873819669805,0.03168835317541542,0.02798178594194812
Bubble,83.50485168808564,0.5584414414414415,0.4415585585585585,0.4272487349868269,0.5727512650131731,491.94241653794984,275.89889059891203,0.015538091653223446,0.009856579439878797,0.031660414130450454,0.027991342461325983
Bubble,83.54453341339328,0.4055945945945946,0.5944054054054053,0.4029533860445093,0.5970466139554907,250.73921263043914,247.1677739525106,0.009155831112617651,0.009049828612579159,0.027385740250810812,0.027311873465642237
Bubble,83.56119820932732,0.5574424424424425,0.44255755755755755,0.4276826930224839,0.572317306977516,490.55323671973275,276.87356193400876,0.015507899252082945,0.009887113029828259,0.03163247508548549,0.02800347898306753
Bubble,83.61706046791912,0.5564434434434434,0.44355655655655657,0.42812143196649555,0.5718785680335045,489.1619758973151,277.85127774333984,0.015477587624452237,0.009917681502436484,0.03160453604052052,0.02801574921266426
Bubble,83.67264222717965,0.5554444444444445,0.4445555555555555,0.42871921027327514,0.5712807897267248,487.7693156391665,279.06704316751535,0.015447178038463757,0.009955136669072854,0.03157659699555556,0.028032467302481098
Bubble,83.7109885307986,0.44755255255255255,0.5524474474474474,0.4449203418003676,0.5550796581996325,305.940676294859,301.88561390736953,0.010712516073717244,0.010597845398199001,0.02855918013933934,0.028485564995944554
Bubble,83.71272955449408,0.41758258258258263,0.5824174174174174,0.4147355980785613,0.5852644019214387,265.4081823863717,261.401501534668,0.009574261326246416,0.00945688799765605,0.027721008790390394,0.02764138706088705
Bubble,83.72739583473815,0.5544454454454455,0.4455545545545545,0.428911361254362,0.5710886387456381,486.3733766775401,279.6827413307566,0.015416610666585744,0.009975188152649986,0.03154865795059059,0.028037841196655193
Bubble,83.78196444630919,0.5534464464464465,0.44655355355355353,0.42946678403386124,0.5705332159661387,484.97634650419735,280.82826100638647,0.015385954487784279,0.010010498335112302,0.031520718905625626,0.02805337472774636
Bubble,83.78397317398111,0.4305695695695696,0.5694304304304304,0.42604016654675914,0.5739598334532409,282.3082652726821,275.68418891493144,0.0100522037540147,0.009860816275391511,0.028084216374934932,0.027957542379419876
Bubble,83.83590572737248,0.5524474474474474,0.44755255255255255,0.4299250961982317,0.5700749038017683,483.5766926823907,281.8238774805674,0.015355160605763246,0.010041400480755164,0.03149277986066066,0.028066192362379793
Bubble,83.84694855887506,0.45254754754754756,0.5474524524524524,0.4477880397483023,0.5522119602516978,314.6491025935097,307.2326141545178,0.010963812992700306,0.010755273075765634,0.028698875364164163,0.028565766019162362
Bubble,83.88948900169783,0.5514484484484484,0.4485515515515516,0.4302460794265413,0.5697539205734587,482.1753388967497,282.6332033254129,0.015324258009791833,0.010067016877895659,0.03146484081569569,0.028075169313165258
Bubble,83.94254729795799,0.5504494494494495,0.4495505505505505,0.43070885636493805,0.5692911436350618,480.77169186068414,283.6399067849865,0.015293227537718291,0.010098219085002929,0.03143690177073073,0.028088111814312477
Bubble,83.98139282989193,0.45454554554554555,0.5454544544544544,0.4503056476077031,0.5496943523922969,318.79503614975437,312.1448845052808,0.011086689950539793,0.010900368955113638,0.028754753454094093,0.028636176058870536
Bubble,83.99511055426302,0.5494504504504505,0.4505495495495495,0.4311710466113952,0.5688289533886048,479.3658439145192,284.64416137689557,0.015262071788231333,0.01012931131991065,0.031408962725765766,0.028101037907422754
Bubble,84.04661254728563,0.5484514514514515,0.45154854854854853,0.4314863134072259,0.5685136865927741,477.9557448788627,285.4264765002319,0.015230725094901237,0.010153964744292856,0.0313810236808008,0.028109854986512424
Bubble,84.09810830122004,0.5474524524524524,0.45254754754754756,0.43192288487164665,0.5680771151283535,476.54516368081914,286.38864537441486,0.015199307156404612,0.010183770269610749,0.03135308463583584,0.028122064598120736
Bubble,84.14915510313276,0.5464534534534535,0.45354654654654647,0.43238610018472423,0.5676138998152758,475.132511900931,287.3888313575662,0.015167767074621337,0.010214630659653908,0.03132514559087087,0.028135019359310193
Bubble,84.19968407323975,0.5454544544544545,0.4545455455455455,0.4328505695306926,0.5671494304693074,473.7175294394771,288.3890754378448,0.01513609621180219,0.01024545194190537,0.031297206545905905,0.028148009192087663
Bubble,84.2174852949882,0.4395605605605606,0.5604394394394394,0.43380066247640575,0.5661993375235942,297.965875202441,289.28974838697985,0.010515576252512123,0.010267757086833161,0.02833566777961962,0.02817458047950414
Bubble,84.22910658161534,0.4405595595595596,0.5594404404404404,0.43456671058034063,0.5654332894196593,299.49039047834793,290.4399571247614,0.010558967071097604,0.01030074868681393,0.028363606824584588,0.028196004577468806
Bubble,84.24969276445671,0.5444554554554555,0.4555445445445445,0.4333176283145263,0.5666823716854736,472.3001956551983,289.3913370307206,0.015104293557275878,0.010276290005814568,0.031269267500940945,0.028161071443777486
Bubble,84.29918416311833,0.5434564564564565,0.45654354354354354,0.4337912380603184,0.5662087619396815,470.8805105704943,290.40154353573206,0.015072358758176377,0.01030731444171821,0.031241328455975974,0.028174316906482446
Bubble,84.34802911487364,0.5424574574574574,0.45754254254254256,0.4342922795412937,0.5657077204587063,469.45797680242504,291.4504272948817,0.015040275524734152,0.010339400450830432,0.03121338941101101,0.028188329553622545
Bubble,84.39634407481176,0.5414584584584585,0.4585415415415415,0.43475168399646613,0.5652483160035339,468.03301608618557,292.4349904946974,0.015008056981462368,0.010369602050955476,0.031185450366046048,0.02820117773639653
Bubble,84.44410282577346,0.5404594594594595,0.4595405405405405,0.43519200937926533,0.5648079906207347,466.60551798891436,293.3886799865726,0.01497569922002116,0.010398878540573713,0.03115751132108108,0.02821349233399029
Bubble,84.49131288974303,0.5394604604604605,0.4605395395395395,0.4356405067597987,0.5643594932402013,465.1754999933715,294.35240848269115,0.014943202427174793,0.010428400712183858,0.031129572276116117,0.02822603547817156
Bubble,84.53931286920756,0.5384614614614615,0.46153853853853855,0.436544530347132,0.563455469652868,463.74816048303,296.0078819836452,0.01491073337005799,0.010477666153497302,0.031101633231151154,0.028251318341999454
Bubble,84.5855466442457,0.5374624624624625,0.46253753753753746,0.4370692749703621,0.5629307250296379,462.31358885922384,297.0841578420143,0.014877973184943853,0.010510302908027307,0.03107369418618619,0.02826599389586712
Bubble,84.63120546477383,0.5364634634634635,0.4635365365365365,0.43759129887879294,0.5624087011212069,460.87637371370784,298.15424439633364,0.01484506888678562,0.010542715303294129,0.03104575514122122,0.028280593359395156
Bubble,84.67643485191348,0.5354644644644645,0.4645355355355355,0.4385237386902131,0.5614762613097869,459.43708496197,299.8436430910589,0.014812038459968252,0.010592684802713111,0.031017816096256257,0.028306670940898736
Bubble,84.7207884488538,0.5344654654654655,0.4655345345345345,0.4386572288087413,0.5613427711912587,457.99393596858016,300.3212882469796,0.014778823911129276,0.010608159651920196,0.03098987705129129,0.028310404264383224
Bubble,84.76484843707384,0.5334664664664664,0.46653353353353355,0.43964222895378785,0.5603577710462122,456.549245940493,302.087548677948,0.014745499646928048,0.010660175822858017,0.030961938006326326,0.028337951802839746
Bubble,84.80817144595612,0.5324674674674675,0.46753253253253246,0.4402104608579621,0.5597895391420379,455.1012274734217,303.2216848439161,0.014712007588862777,0.01069420038679808,0.030933998961361366,0.028353843567233063
Bubble,84.85086857013584,0.5314684684684685,0.4685315315315315,0.4407847587853223,0.5592152412146777,453.6503163234499,304.3599591769272,0.014678361381250594,0.010728268543297932,0.0309060599163964,0.02836990498033946
Bubble,84.89297311037288,0.5304694694694695,0.4695305305305305,0.44136518170069194,0.5586348182993081,452.1966413761689,305.50879101229214,0.014644564779670355,0.010762605125623504,0.030878120871431436,0.02838613769123052
Bubble,84.93417345486166,0.5294704704704705,0.47052952952952953,0.44153384585292177,0.5584661541470782,450.7388978336282,306.02366154762234,0.01461057508085537,0.010778952041987503,0.03085018182646647,0.0283908547283225
Bubble,84.97528436508586,0.5284714714714714,0.47152852852852856,0.4425446297968669,0.5574553702031331,449.28047825821056,307.8244297018117,0.014576501828343717,0.010831594830232442,0.030822242781501502,0.028419123363314168
Bubble,85.01516295501992,0.5274724724724725,0.47252752752752747,0.44263281196593857,0.5573671880340615,447.81658661652114,308.2089317837602,0.014542189050541833,0.010844183473958305,0.03079430373653654,0.028421589557563885
Bubble,85.03428685408878,0.45954054054054055,0.5404594594594594,0.45258146925027465,0.5474185307497254,334.3633431396071,323.31353315763903,0.011571888664674712,0.011265348963525875,0.02889444867891892,0.0286998240537812
Bubble,85.05471386405532,0.5264734734734735,0.4735265265265265,0.44321159462555954,0.5567884053744404,446.35102285840105,309.34294489320763,0.014507759604782901,0.010877887940061157,0.030766364691571575,0.028437776395356808
Bubble,85.0937846912788,0.5254744744744745,0.4745255255255255,0.4439971525745366,0.5560028474254635,444.88315813005136,310.79489333904706,0.014473192714707709,0.010920508284358485,0.03073842564660661,0.028459746125938167
Bubble,85.13201981294394,0.5244754754754755,0.47552452452452454,0.4445890410323126,0.5554109589676874,443.41146373873727,311.94449006064497,0.014438438227645489,0.010954530455234946,0.03071048660164164,0.028476299494112324
Bubble,85.16958756647557,0.5234764764764765,0.47652352352352345,0.44519019627980133,0.5548098037201986,441.9366550359313,313.1058040543568,0.01440351894573251,0.010988824378258245,0.03068254755667668,0.028493112026965053
Bubble,85.20647467686246,0.5224774774774775,0.4775225225225225,0.44579377584172736,0.5542062241582727,440.458671514569,314.26816962655823,0.014368432444547123,0.011023088524554723,0.030654608511711715,0.028509992360716625
Bubble,85.24285336485082,0.5214784784784785,0.4785215215215215,0.44687421034906843,0.5531257896509316,438.9782756790451,316.1621677863692,0.014333203163199665,0.01107778042967763,0.030626669466746748,0.02854020891580081
Bubble,85.27839282365123,0.5204794794794795,0.4795205205205205,0.4475191153583789,0.5524808846416212,437.49400545937107,317.38957793555613,0.01429778292853418,0.011113763396022432,0.030598730421781784,0.028558244999992398
Bubble,85.31315528880586,0.5194804804804805,0.48051951951951954,0.44817079365313267,0.5518292063468673,436.006126480464,318.60944765321466,0.014262179905853099,0.011149363162573403,0.030570791376816814,0.028576470512928907
Bubble,85.32788259775762,0.4845155155155155,0.5154844844844845,0.4791347377357259,0.520865262264274,377.49602625433954,368.60119839113133,0.012756293227748869,0.012519383369323097,0.029592924803043045,0.029442440375644557
Bubble,85.34764323678034,0.5184814814814815,0.48151851851851846,0.4490433833207175,0.5509566166792825,434.5169134870469,320.19904273599855,0.014226468070695136,0.01119542849602651,0.030542852331851854,0.028600874263065842
Bubble,85.378899619152,0.5174824824824825,0.4825175175175175,0.44735157203440473,0.5526484279655953,433.01288283326164,317.74703404230496,0.014190205253486314,0.011128105978034515,0.030514913286886887,0.02855355930914908
Bubble,85.40816939489969,0.4675325325325326,0.5324674674674674,0.45406003388015465,0.5459399661198454,349.82496208833976,328.2293943730349,0.012014061067810786,0.011420180034018717,0.02911796103863864,0.02874117512992764
Bubble,85.41182553694583,0.5164834834834835,0.4835165165165165,0.44829905354557326,0.5517009464544268,431.5163714558797,319.4273365744617,0.014154122610912031,0.011176581288412292,0.03048697424192192,0.02858005756247119
Bubble,85.44355410215147,0.5154844844844845,0.4845155155155155,0.4488397018387132,0.5511602981612868,430.0143145300277,320.4667543470316,0.014117791707761932,0.011207020831440956,0.030459035196956957,0.028595177894911367
Bubble,85.47451110879278,0.5144854854854856,0.48551451451451444,0.44937603860500486,0.5506239613949951,428.5086605841053,321.49574859924314,0.014081275891077473,0.011237111232556045,0.030431096151991993,0.028610177646707716
Bubble,85.5049055625714,0.5134864864864865,0.48651351351351346,0.4500292494033192,0.5499707505966808,427.000397115289,322.7056026697239,0.01404460713116524,0.011272201168478725,0.03040315710702703,0.028628446019232603
Bubble,85.5365415040494,0.5124874874874875,0.4875125125125125,0.4529279898056466,0.5470720101943534,425.4981215517395,327.45879413722105,0.014008068046865373,0.011405932554577327,0.03037521806206206,0.02870951520801411
Bubble,85.56518072599519,0.5114884884884885,0.4885115115115115,0.45363610066009075,0.5463638993399093,423.9817655340449,328.6869499694446,0.013970997706093563,0.011440819404137922,0.030347279017097096,0.028729318972604785
Bubble,85.57825962840397,0.45754254254254256,0.5424574574574574,0.44558831195366455,0.5544116880463354,334.9490320983607,316.1205817077019,0.01161461976989419,0.011090297919522502,0.02883857058898899,0.028504246143940613
Bubble,85.58689132050496,0.5104894894894895,0.48951051051051053,0.45908626222583043,0.5409137377741695,422.43213053324234,337.5634214200229,0.013932761429553504,0.011687778378846988,0.03031933997213213,0.02888174385912029
Bubble,85.61888348217684,0.5094904904904906,0.49050950950950944,0.45786988548857815,0.5421301145114218,420.9321952033424,335.8113345424353,0.013896095337928885,0.011640825398185162,0.03029140092716717,0.028847725402254484
Bubble,85.6399660665926,0.5084914914914915,0.49150850850850847,0.4512110982175914,0.5487889017824086,419.37941703751096,325.388970493022,0.013857615452915053,0.01135282465152796,0.030263461882202206,0.02866149883229531
Bubble,85.6641312009222,0.5074924924924925,0.4925075075075075,0.45153580394257803,0.5484641960574219,417.84171661185206,326.0481157091153,0.01381956312980471,0.011372219081606067,0.030235522837237242,0.028670579890294236
Bubble,85.68787246115484,0.5064934934934935,0.4935065065065065,0.4519252134100604,0.5480747865899396,416.3021055447805,326.80664782463174,0.013781377166990733,0.011394347705834803,0.030207583792272275,0.028681470520447696
Bubble,85.71053911388061,0.5054944944944946,0.4945055055055054,0.4522572995630586,0.5477427004369414,414.7573786668955,327.4687768541655,0.013742950990299546,0.01141373737844711,0.030179644747307312,0.028690757987172043
Bubble,85.73220432731063,0.5044954954954955,0.49550450450450445,0.4525868852524239,0.547413114747576,413.2078876642394,328.12124971625803,0.01370429559585875,0.01143280590777965,0.03015170570234235,0.028699975523329948
Bubble,85.74360711932806,0.47052952952952953,0.5294704704704705,0.4578678448361758,0.5421321551638242,356.89949881748646,336.48602659486346,0.012221841310367718,0.011664236524460787,0.029201778173533532,0.028847668331247123
Bubble,85.76815762992871,0.5034964964964965,0.4965035035035035,0.4595760523514397,0.5404239476485603,411.73127091648485,339.4414811822783,0.013667987659028387,0.011747232766737543,0.030123766657377378,0.02889544183915481
Bubble,85.77289461600452,0.5024974974974975,0.4975025025025025,0.4532188507962294,0.5467811492037705,410.09644716427283,329.36792838340904,0.01362635553491597,0.011469181200128709,0.030095827612412415,0.02871764972897218
Bubble,85.78910754535345,0.5014984984984985,0.4985015015015015,0.453260731671059,0.5467392683289409,408.5200141649929,329.53470779138837,0.01358658800562641,0.011474520755617825,0.030067888567447448,0.028718821013073777
Bubble,85.82844886076592,0.49950050050050054,0.5004994994994995,0.4546799497771618,0.5453200502228381,405.4041226342643,332.0190529846763,0.01350806281165199,0.011545070517874912,0.03001201047751752,0.028758512342615873
Bubble,85.8305417101355,0.5004994994994995,0.49950050050050054,0.4619343447595751,0.5380656552404248,407.07471515807873,343.57486345969204,0.013551111823720478,0.011863200929029101,0.03003994952248248,0.028961396297264828
Bubble,85.8455045304533,0.4985015015015015,0.5014984984984985,0.4552397536414136,0.5447602463585863,403.83341195424407,333.0105397716843,0.013468264737250381,0.011573246362713053,0.029984071432552554,0.02877416839967956
Bubble,85.86317667953583,0.49750250250250255,0.5024974974974974,0.4560773474877086,0.5439226525122915,402.26660000232084,334.44745627700604,0.013428522574195901,0.011613729362587945,0.029956132387587587,0.028797593420282652
Bubble,85.86394177207845,0.49650350350350353,0.5034964964964965,0.45448527256832344,0.5455147274316766,400.61022272434803,331.93113445807296,0.013385713535665174,0.01154419892853677,0.029928193342622623,0.028753067797329206
Bubble,85.86470665763375,0.4605395395395396,0.5394604604604605,0.45577814605412537,0.5442218539458745,341.61151940762227,334.01138419109094,0.01181131802356422,0.011601957911152668,0.028922387723883888,0.028789225641821563
Bubble,85.86511661169595,0.46953053053053057,0.5304694694694694,0.4621601931645056,0.5378398068354944,356.0503232218917,344.13675501539115,0.012204438423506228,0.011880011365231315,0.02917383912856857,0.02896771260863945
Bubble,85.86519795518278,0.48751251251251254,0.5124874874874874,0.45249703628184307,0.5475029637181568,385.66682836584215,328.8044115236342,0.012995591941068712,0.0114576126400223,0.029676741937937942,0.028697462713575754
Bubble,85.87478472622779,0.4955045045045045,0.5044954954954954,0.45465043591892057,0.5453495640810794,399.00771143760716,332.2596003408588,0.013344626017741423,0.011553766517456796,0.029900254297657657,0.02875768692736189
Bubble,85.88286980918943,0.49250750750750755,0.5074924924924924,0.4535821585723728,0.5464178414276272,394.0691600506016,330.6242120954558,0.01321650732109428,0.011508855280414421,0.02981643716276276,0.02872781037207989
Bubble,85.88520170079882,0.49450550550550554,0.5054944944944945,0.45470627913504963,0.5452937208649503,397.40340098930955,332.4116730321255,0.013303401414575243,0.011558426874651584,0.029872315252692693,0.028759248696821095
Bubble,85.89263150217872,0.4935065065065065,0.5064934934934935,0.45485344941327954,0.5451465505867203,395.7833698769044,332.6911302505831,0.013261572871287642,0.011566488646813242,0.029844376207727726,0.028763364613879166
Bubble,85.90073935039908,0.4915085085085085,0.5084914914914915,0.4549079788950193,0.5450920211049808,392.50747872902446,332.82900635464244,0.013176477618202315,0.011570668634438045,0.0297884981177978,0.02876488964207616
Bubble,85.9032947234043,0.49050950950950956,0.5094904904904904,0.45493364267232383,0.545066357327676,390.8618197435657,332.88561759021394,0.013133550978898347,0.01157234794906327,0.029760559072832832,0.028765607381962585
Bubble,85.90347554663425,0.4885115115115115,0.5114884884884885,0.45495861076920857,0.5450413892307914,387.54417772973125,332.92616172260864,0.013046569257982935,0.01157347646900894,0.0297046809829029,0.028766305665726886
Bubble,85.90472870754266,0.48951051051051053,0.5104894894894895,0.4549813839354432,0.5450186160645567,389.2103447637526,332.97001793181886,0.013090348055400177,0.011574744768013007,0.02973262002786787,0.028766942563777896
Bubble,85.92413260213392,0.47852152152152155,0.5214784784784785,0.459736508621493,0.540263491378507,371.1324827026428,340.6354395512976,0.012612704105104053,0.011786722234089608,0.029425290533253257,0.028899929326077642
Bubble,85.94993522697831,0.47752252252252253,0.5224774774774774,0.46169642464985383,0.5383035753501462,369.6452089437967,343.9327148863797,0.012574099033753464,0.011878286134259996,0.029397351488288287,0.028954742376039448
Bubble,86.0155442767188,0.48251751751751754,0.5174824824824824,0.47341820942815044,0.5265817905718496,378.2658544540569,363.32646538059646,0.012806488682774233,0.01240760339729142,0.029537046713113115,0.02928256599980546
Bubble,86.02753260296265,0.47652352352352356,0.5234764764764764,0.4669509047915101,0.53304909520849,368.4773914516242,352.8798812677353,0.01254629768854609,0.012125750260453363,0.029369412443323323,0.029101694632340355
Bubble,86.03013954443918,0.48151851851851857,0.5184814814814814,0.4744857642417915,0.5255142357582085,376.7040875841024,365.157286904289,0.01276568887885123,0.012457424451972786,0.02950910766814815,0.029312422347980753
Bubble,86.03899920485455,0.48351651651651656,0.5164834834834835,0.45621037733734804,0.5437896226626519,380.0516812487552,335.7077020188158,0.0128547899315295,0.011655985678905972,0.02956498575807808,0.028801313871408704
Bubble,86.04643729984845,0.48051951951951954,0.5194804804804805,0.4772449216364651,0.522755078363535,375.15497151689345,369.77339274101973,0.012725240858392628,0.012581782197533621,0.029481168623183188,0.029389587813203888
Bubble,86.05744851127788,0.4215785785785786,0.5784214214214214,0.4180397434873051,0.5819602565126949,286.5829282040852,281.402158665958,0.010296602889091564,0.010146543828644508,0.027832764970250248,0.0277337942276992
Bubble,86.1623156215456,0.4865135135135135,0.5134864864864865,0.4786058635322819,0.521394136467718,385.70358898241324,372.6659128182628,0.013009077984522213,0.012663801605209565,0.029648802892972975,0.029427649329641866
Bubble,86.1913702737099,0.48551451451451455,0.5144854854854854,0.47619545021180143,0.5238045497881986,384.22215708577,368.8854056019464,0.012971335308021708,0.012564115304662922,0.02962086384800801,0.029360237203891457
Bubble,86.70068796974327,0.45554454454454457,0.5444554554554555,0.44623918390264883,0.5537608160973512,339.2737701447759,324.6043903761311,0.011787422950645327,0.011380663321454872,0.02878269249905906,0.028522449105772736
Dew,86.82113821986441,0.38662703550634026,0.6133729644936597,0.3836166166166166,0.6163833833833834,252.899512194142,248.83366900384965,0.00941712657214039,0.009294868091896752,0.02685527376708724,0.02677108126158158
Bubble,86.86769259625751,0.4345655655655656,0.5654344344344344,0.42924703158993655,0.5707529684100635,309.4570938303395,301.3870626321712,0.010975223260306215,0.010745698396137928,0.028195972554794797,0.02804722890235702
Bubble,86.93285657703953,0.46453553553553556,0.5354644644644644,0.46050072453665425,0.5394992754633458,354.7449869835809,348.26332230277654,0.012218200342316242,0.012041758012740286,0.029034143903743745,0.028921302183145592
Bubble,86.97999389482327,0.43856156156156156,0.5614384384384384,0.4338505479568909,0.5661494520431091,315.8475241800775,308.6266553322043,0.011157642746286927,0.010953539263339087,0.028307728734654657,0.028175975628732284
Bubble,87.13112403981349,0.46253753753753757,0.5374624624624624,0.45964078088952487,0.540359219110475,352.82690601670555,348.1840367432702,0.012175570073227587,0.012049036201812885,0.028978265813813815,0.028897252104768578
Bubble,87.1910127645879,0.46353653653653654,0.5364634634634635,0.4599774554339795,0.5400225445660204,354.7522339744938,349.04307540608374,0.012230218868744125,0.012074829124936865,0.02900620485877878,0.028906667895220322
Bubble,87.36092232261326,0.47152852852852856,0.5284714714714714,0.4671511049597884,0.5328488950402116,368.3332156082758,361.2466216678966,0.012601326685951314,0.012410862588428414,0.0292297172184985,0.0291072936384546
Bubble,87.39523302539935,0.4255745745745746,0.5744254254254254,0.4218749536425962,0.5781250463574038,300.65608839110905,295.12880334392923,0.010759035260474462,0.010600489711587634,0.027944521150110112,0.02784105370352063
Bubble,87.59800958397683,0.4795205205205205,0.5204794794794795,0.4753293315342984,0.5246706684657017,382.3353701580466,375.5001964907137,0.012981101754654372,0.012799973132336757,0.02945322957821822,0.029336014428192985
Bubble,87.85745209453702,0.4655345345345346,0.5344654654654655,0.46246167142607536,0.5375383285739247,361.81001919148366,356.87319239743704,0.012449555657453648,0.012316103606420777,0.02906208294870871,0.02897614406323991
Bubble,87.9164646408168,0.46653353353353355,0.5334664664664664,0.4636115347090638,0.5363884652909362,363.69965317834857,358.99990415626957,0.012502556830566985,0.012375764014112223,0.029090021993673672,0.029008302335669776
Bubble,87.91701721732368,0.46853153153153154,0.5314684684684685,0.46543045759097806,0.5345695424090219,366.8093466405462,361.81067739941636,0.012585281140344656,0.012450825322970295,0.029145900083603606,0.029059172224665187
Bubble,88.23996036990876,0.4295705705705706,0.5704294294294294,0.42527207018730573,0.5747279298126944,311.40571271939183,304.90379483464943,0.011099324014264195,0.010914344540504077,0.028056277329969972,0.02793606099781119
Dew,88.37558091918908,0.39444313976844797,0.6055568602315521,0.39160860860860863,0.6083913913913914,270.1061807949892,266.1300954183589,0.00997663836201424,0.009858644258617657,0.027073867067629778,0.026994593621301303
Bubble,88.3950312144809,0.4335665665665666,0.5664334334334333,0.42856690881343645,0.5714330911865635,317.8525271944292,310.23084127067455,0.011284157521450967,0.011068522203871115,0.028168033509829833,0.028028207881461733
Dew,88.64277334087612,0.3722961282831023,0.6277038717168977,0.3696306306306307,0.6303693693693693,249.44041207793012,245.88186349721366,0.00942904208923412,0.009320791234951605,0.02645448071153865,0.026379934632072072
Bubble,88.89793154746175,0.4285715715715716,0.5714284284284283,0.424476408957468,0.575523591042532,314.1130097059098,307.91447462256184,0.011206979397489233,0.011030901509697407,0.028028338285005006,0.02791380870836987
Dew,89.13612158312019,0.3960904423926552,0.6039095576073449,0.3926076076076076,0.6073923923923924,276.58914499044363,271.65241157355194,0.010198738385027243,0.010052810923702605,0.02711993724601308,0.027022532666266266
Dew,89.30720758836256,0.3979669068730296,0.6020330931269704,0.39460560560560565,0.6053943943943944,279.6291434014169,274.8373537325437,0.010290919263571447,0.010149685526491033,0.027172416403194295,0.0270784107561962
Bubble,89.32548429058738,0.46153853853853855,0.5384614614614615,0.45798734599589247,0.5420126540041076,363.9339859196903,358.2788345559564,0.012570980245766718,0.012418242178651222,0.028950326768848848,0.028851010424960966
Dew,89.41110652610833,0.3804624489588036,0.6195375510411965,0.37762262262262264,0.6223773773773773,261.5795864457176,257.68279047981315,0.009803278315674404,0.009686067770064474,0.026682868528528823,0.02660344699179179
Bubble,89.74379917235935,0.4535465465465466,0.5464534534534534,0.4481074441071637,0.5518925558928363,354.3706626571047,345.80842875768633,0.012335884432228892,0.012101909840343874,0.028726814409129133,0.028574698813642812
Dew,89.75833499788273,0.3938196937678517,0.6061803062321482,0.3906096096096096,0.6093903903903903,277.61133580383154,273.0597652951805,0.01026045654308427,0.010125830199745828,0.027056431128393257,0.02696665457633634
Dew,89.86364165631792,0.3893070352967012,0.6106929647032988,0.3866136136136136,0.6133863863863864,273.16872360913317,269.3826603088202,0.010143573596707055,0.010031043734805744,0.026930225428424253,0.02685489839647648
Dew,89.94653772511626,0.38475671696921027,0.6152432830307898,0.3816186186186186,0.6183813813813814,269.02411603532516,264.65476929516194,0.01003710227739498,0.009906522798823238,0.026802966493746586,0.02671520317165165
Bubble,90.47624108465534,0.4725275275275276,0.5274724724724724,0.46936516612125573,0.5306348338787443,386.2554753763322,381.1918376917014,0.013201859776399191,0.013068292919524624,0.029257656263463466,0.02916921437551981
Dew,90.50893972152497,0.38710202719329667,0.6128979728067033,0.38461561561561564,0.6153843843843844,274.36641947520314,270.8690135810735,0.010211430800079094,0.010107422229718778,0.026868557878596017,0.026799020306546545
Dew,90.73431930138254,0.3901225512581667,0.6098774487418333,0.38761261261261265,0.6123873873873873,278.85626929036465,275.29743900112817,0.010346007046122702,0.010240639203387858,0.026953032995939197,0.026882837441441442
Dew,91.61068470915247,0.3969785889302451,0.6030214110697549,0.3936066066066066,0.6063933933933934,291.5603610685298,286.6907236104872,0.01074093815527681,0.010598363188300873,0.027144776075755727,0.027050471711231233
Bubble,92.94803202361467,0.3906096096096096,0.6093903903903903,0.3878830552669035,0.6121169447330965,290.46483185127744,286.5539809214529,0.010771259409617864,0.010656366997016928,0.02696665457633634,0.026890400921971706
Bubble,93.04878924897551,0.38961061061061064,0.6103893893893894,0.3869955937429936,0.6130044062570065,289.88092741988623,286.1345490195024,0.010760755355328897,0.010650599603875674,0.026938715531371372,0.026865581250034052
Dew,93.65217807538423,0.39125464617395883,0.6087453538260411,0.3886116116116116,0.6113883883883884,295.6904392915838,291.8772682455004,0.010957709417378933,0.010846110976877162,0.026984694339732954,0.02691077648640641
Dew,96.39353139804798,0.40011010862857854,0.5998898913714215,0.39660360360360364,0.6033963963963964,319.3663354901854,314.21976928789115,0.011727459143858438,0.011580173376563403,0.0272323554124198,0.02713428884612613
Bubble,99.34116173967348,0.4045955955955956,0.5954044044044045,0.40112171398817237,0.5988782860118276,336.3310347998152,331.22554558316614,0.012293788973360462,0.012150318565089599,0.027357801205845845,0.027260647019975777
Bubble,100.98415408337078,0.4325675675675676,0.5674324324324325,0.42895448288190835,0.5710455171180916,375.9977225162722,370.60810367947505,0.013361636826974232,0.013217571242272208,0.028140094464864866,0.028039047180937644
Bubble,100.98604931508612,0.40359659659659664,0.5964034034034034,0.4004868742361749,0.599513125763825,341.750956351287,337.1987077899469,0.012504671788665614,0.012377492905389809,0.027329862160880885,0.02724289243123807
