Branch,Pressure [bar],x_CO2 [-],x_CH4 [-],y_CO2 [-],y_CH4 [-],rho_L [kg/m3],rho_V [kg/m3],rho_L_mol_cm3 [mol/cm3],rho_V_mol_cm3 [mol/cm3],M_liq [kg/mol],M_vap [kg/mol]
Dew,8.939220511258295,0.9999636980116189,3.6301988381115535e-05,0.999,0.0010000000000000009,1128.5582629232422,23.285791635926184,0.02564410634833709,0.0005294447480287687,0.04400848474083887,0.04398153296
Dew,8.949195240176124,0.9999273464660146,7.265353398544505e-05,0.9980010010010011,0.001998998998998913,1128.5136218752589,23.297539942471367,0.02564368437240994,0.0005300485777683374,0.044007468095708886,0.04395359391503503
Dew,8.959192017889446,0.9998909087878349,0.0001090912121650689,0.9970020020020021,0.0029979979979979365,1128.468875381172,23.309314673797065,0.025643261384523455,0.0005306537772230118,0.04400644904170574,0.043925654870070066
Dew,8.969210912727178,0.9998543846958183,0.00014561530418166768,0.996003003003003,0.00399699699699696,1128.4240230985286,23.32111591550573,0.025642837381339545,0.000531260350958133,0.04400542757096334,0.043897715825105106
Dew,8.979251993311392,0.999817773907378,0.0001822260926219732,0.995004004004004,0.004995995995995983,1128.3790646832567,23.332943753605154,0.025642412359503923,0.0005318683035599119,0.044004403675578604,0.04386977678014014
Dew,8.989315328580258,0.9997810761385938,0.00021892386140620612,0.9940050050050051,0.0059949949949948955,1128.3339997896767,23.344798274574693,0.025641986315646584,0.0005324776396370057,0.0440033773476111,0.043841837735175186
Dew,8.999400987773546,0.9997442911042043,0.0002557088957957365,0.9930060060060061,0.006993993993993919,1128.2888280704767,23.356679565319,0.025641559246381295,0.0005330883638195341,0.04400234857908293,0.04381389869021022
Dew,9.009509040435606,0.9997074185175986,0.0002925814824014106,0.9920070070070071,0.007992992992992942,1128.2435491767055,23.368587713174435,0.025641131148305612,0.0005337004807592939,0.044001317361978425,0.04378595964524525
Dew,9.01963955642959,0.9996704580908076,0.0003295419091924323,0.991008008008008,0.008991991991991966,1128.1981627577693,23.380522805948825,0.025640702018000918,0.0005343139951307364,0.04400028368824394,0.043758020600280285
Dew,9.029792605927065,0.9996334095344961,0.00036659046550391317,0.990009009009009,0.009990990990990989,1128.1526684614137,23.392484931887687,0.02564027185203213,0.0005349289116302681,0.04399924754978764,0.04373008155531532
Dew,9.039968259412323,0.9995962725579544,0.0004037274420456427,0.9890100100100101,0.010989989989989901,1128.1070659337167,23.40447417968445,0.025639840646947694,0.0005355452349765544,0.043998208938479215,0.04370214251035036
Dew,9.050166587691436,0.9995590468690893,0.0004409531309107484,0.9880110110110111,0.011988988988988925,1128.061354819081,23.416490638504666,0.02563940839927951,0.0005361629699111453,0.0439971678461497,0.04367420346538539
Dew,9.060387661876542,0.999521732174416,0.00047826782558402225,0.987012012012012,0.012987987987987948,1128.0155347602124,23.428534397936428,0.02563897510554261,0.0005367821211974125,0.04399612426459118,0.043646264420420425
Dew,9.070631553414687,0.9994843281790499,0.0005156718209501365,0.986013013013013,0.013986986986986971,1127.9696053981306,23.440605548073638,0.02563854076223549,0.0005374026936225282,0.04399507818555661,0.04361832537545546
Dew,9.080898334065592,0.999446834586697,0.0005531654133029695,0.9850140140140141,0.014985985985985883,1127.9235663721365,23.45270417944688,0.02563810536583954,0.000538024691995956,0.043994029600759536,0.0435903863304905
Dew,9.091188075908835,0.9994092510996463,0.0005907489003537103,0.9840150150150151,0.015984984984984907,1127.8774173198137,23.464830383042063,0.02563766891281918,0.00053864812114995,0.04399297850187385,0.04356244728552553
Dew,9.101500851356803,0.9993715774187597,0.0006284225812402955,0.9830160160160161,0.01698398398398393,1127.831157877019,23.47698425033621,0.025637231399621818,0.0005392729859404497,0.04399192488053355,0.04353450824056057
Dew,9.111836733150394,0.9993338132434646,0.0006661867565354029,0.982017017017017,0.017982982982982954,1127.7847876778628,23.489165873281774,0.025636792822677498,0.0005398992912467965,0.04399086872833251,0.043506569195595604
Dew,9.122195794347867,0.9992959582717441,0.0007040417282558886,0.981018018018018,0.018981981981981977,1127.7383063547068,23.501375344270667,0.02563635317839901,0.0005405270419709806,0.0439898100368242,0.04347863015063063
Dew,9.13257810835412,0.9992580122001284,0.0007419877998715574,0.9800190190190191,0.01998098098098089,1127.691713538152,23.513612756218482,0.025635912463181743,0.0005411562430396526,0.04398874879752149,0.04345069110566567
Dew,9.142983748893593,0.9992199747236853,0.0007800252763147109,0.9790200200200201,0.020979979979979912,1127.6450088570198,23.525878202481003,0.025635470673403413,0.00054178689940228,0.0439876850018963,0.04342275206070071
Dew,9.153412790031389,0.9991818455360122,0.000818154463987808,0.9780210210210211,0.021978978978978936,1127.598191938352,23.53817177691415,0.02563502780542417,0.0005424190160326025,0.04398661864137948,0.04339481301573574
Dew,9.163865306170642,0.9991436243292255,0.0008563756707744563,0.977022022022022,0.02297797797797796,1127.5512624073954,23.550493573863235,0.025634583855586417,0.0005430525979284613,0.043985549707360426,0.043366873970770776
Dew,9.174341372053297,0.999105310793953,0.0008946892060469613,0.976023023023023,0.023976976976976982,1127.504219887587,23.562843688162303,0.025634138820214602,0.0005436876501118629,0.043984478191186914,0.0433389349258058
Dew,9.184841062758967,0.999066904619323,0.0009330953806769848,0.9750240240240241,0.024975975975975895,1127.45706400055,23.575222215127884,0.02563369269561527,0.0005443241776289119,0.0439834040841648,0.04331099588084084
Dew,9.195364453714337,0.9990284054929562,0.0009715945070437604,0.9740250250250251,0.025974974974974918,1127.4097943660738,23.587629250583863,0.025633245478076768,0.0005449621855504638,0.04398232737755773,0.04328305683587588
Bubble,9.203127742308755,0.999,0.0010000000000000009,0.973289488275773,0.026710511724227004,1127.3749180456089,23.59678250075563,0.025632915502761706,0.0005454328832000408,0.04398153296,0.04326248605018808
Dew,9.205911620683878,0.9989898131009558,0.0010101868990441965,0.9730260260260261,0.02697397397397394,1127.362410602107,23.600064890831018,0.02563279716386921,0.0005456016789715005,0.04398124806258696,0.043255117790910916
Dew,9.21648263978012,0.9989511271278979,0.0010488728721020912,0.972027027027027,0.027972972972972965,1127.3149123247517,23.61252923267451,0.025632347749244482,0.0005462426630118444,0.04398016613043101,0.04322717874594595
Dew,9.227077587475979,0.9989123472568224,0.0010876527431775695,0.9710280280280281,0.028971971971971877,1127.2672991482427,23.625022373457323,0.025631897230435963,0.0005468851428170121,0.043979081572225444,0.04319923970098098
Dew,9.237696540582661,0.9988734731692229,0.0011265268307770748,0.9700290290290291,0.0299709709709709,1127.2195706849384,23.63754441099185,0.02563144560365842,0.0005475291235567142,0.043977994379062586,0.04317130065601602
Dew,9.248339576270894,0.9988345045450374,0.001165495454962584,0.9690300300300301,0.030969969969969924,1127.1717265453158,23.65009544361967,0.025630992865108056,0.0005481746104263178,0.04397690454199125,0.043143361611051055
Dew,9.259006772059141,0.9987954410626384,0.0012045589373615995,0.968031031031031,0.03196896896896895,1127.1237663379454,23.662675570173725,0.02563053901096211,0.0005488216086460535,0.04397581205201645,0.04311542256608609
Dew,9.269698205836152,0.998756282398823,0.0012437176011770301,0.967032032032032,0.03296796796796797,1127.0756896694952,23.675284890041755,0.02563008403737906,0.0005494701234625672,0.04397471690009918,0.04308748352112112
Dew,9.280413955834772,0.998717028228803,0.0012829717711969613,0.9660330330330331,0.03396696696696688,1127.0274961447042,23.687923503086008,0.02562962794049821,0.0005501201601471419,0.043973619077156065,0.043059544476156154
Dew,9.291154100659746,0.9986776782261956,0.0013223217738044246,0.9650340340340341,0.034965965965965906,1126.9791853663803,23.700591509722113,0.02562917071643977,0.0005507717239976105,0.04397251857405914,0.043031605431191194
Dew,9.301918719271072,0.998638232063012,0.0013617679369879454,0.9640350350350351,0.03596496496496493,1126.930756935384,23.713289010866923,0.025628712361304644,0.0005514248203372287,0.04397141538163554,0.04300366638622623
Dew,9.31270789101326,0.9985986894096488,0.0014013105903512013,0.963036036036036,0.03696396396396395,1126.8822104506187,23.726016108021508,0.02562825287117438,0.0005520794545166898,0.043970309490667235,0.04297572734126126
Dew,9.323521695561057,0.9985590499348768,0.0014409500651232365,0.9620370370370371,0.037962962962962865,1126.8335455090094,23.738772903108366,0.02562779224211084,0.000552735631910422,0.04396920089189069,0.0429477882962963
Dew,9.334360213005171,0.9985193133058312,0.0014806866941687868,0.9610380380380381,0.03896196196196189,1126.7847617055106,23.751559498720372,0.025627330470156483,0.000553393357922468,0.043968089575996724,0.042919849251331334
Dew,9.345223523769297,0.9984794791880012,0.0015205208119988267,0.9600390390390391,0.03996096096096091,1126.7358586330665,23.764375997873632,0.025626867551333726,0.0005540526379808173,0.04396697553363,0.04289191020636637
Dew,9.356111708688234,0.9984395472452194,0.0015604527547805613,0.9590400400400401,0.040959959959959935,1126.686835882627,23.77722250423387,0.025626403481645355,0.0005547134775427675,0.04396585875538894,0.0428639711614014
Dew,9.367024848932804,0.9983995171396517,0.0016004828603483068,0.958041041041041,0.04195895895895896,1126.6376930431045,23.7900991218927,0.025625938257073766,0.0005553758820897956,0.043964739231825326,0.04283603211643643
Dew,9.377963026085483,0.9983593885317865,0.001640611468213482,0.9570420420420421,0.04295795795795787,1126.5884297013918,23.803005955586464,0.02562547187358153,0.00055603985713275,0.043963616953444015,0.04280809307147147
Dew,9.388926322091514,0.998319161080424,0.0016808389195760443,0.9560430430430431,0.043956956956956894,1126.539045442326,23.815943110549473,0.02562500432711072,0.0005567054082085155,0.043962491910702665,0.04278015402650651
Dew,9.399914819292563,0.9982788344426656,0.0017211655573343698,0.9550440440440441,0.04495595595595592,1126.48953984869,23.828910692609483,0.025624535613583126,0.0005573725408823314,0.04396136409401141,0.04275221498154154
Dew,9.41092860040499,0.9982384082739034,0.0017615917260965785,0.9540450450450451,0.04595495495495494,1126.4399125011887,23.84190880812068,0.02562406572889985,0.0005580412607463159,0.04396023349373259,0.04272427593657657
Dew,9.421967748539522,0.9981978822278088,0.0018021177721911918,0.9530460460460461,0.04695395395395385,1126.3901629784455,23.85493756401812,0.025623594668941426,0.0005587115734208292,0.043959100100180414,0.04269633689161161
Dew,9.433032347191014,0.998157255956322,0.001842744043678013,0.9520470470470471,0.047952952952952876,1126.3402908569801,23.867997067784337,0.025623122429567456,0.000559383484553783,0.0439579639036207,0.04266839784664665
Dew,9.444122480255153,0.9981165291096408,0.001883470890359229,0.9510480480480481,0.0489519519519519,1126.2902957112053,23.881087427494915,0.025622649006616732,0.0005600569998218001,0.04395682489427049,0.042640458801681685
Dew,9.455238232018894,0.9980757013362092,0.0019242986637908466,0.9500490490490491,0.04995095095095092,1126.2401771134032,23.894208751787183,0.025622174395906843,0.0005607321249295732,0.043955683062297815,0.04261251975671672
Dew,9.466379687163643,0.9980347722827068,0.0019652277172932386,0.94905005005005,0.050949949949949946,1126.1899346337184,23.907361149866116,0.02562169859323421,0.0005614088656100956,0.043954538397821354,0.04258458071175176
Bubble,9.475571287525215,0.9980010010010011,0.001998998998998913,0.9482276198070237,0.05177238019297625,1126.1484790160582,23.91821231361342,0.025621305989061365,0.0005619672117812045,0.04395359391503503,0.04256157977224782
Dew,9.47754693077335,0.9979937415940372,0.002006258405962802,0.9480510510510511,0.05194894894894886,1126.1395678401414,23.920544731524664,0.025621221594373866,0.0005620872276252331,0.0439533908909101,0.04255664166678679
Dew,9.488740048339901,0.9979526089133167,0.002047391086683281,0.9470520520520521,0.05294794794794788,1126.0890762984986,23.93375960715594,0.025620743395079405,0.000562767216766103,0.04395224053158309,0.04252870262182183
Dew,9.499959125745006,0.9979113738818629,0.0020886261181370935,0.9460530530530531,0.053946946946946905,1126.038459572432,23.94700588769715,0.025620263991082703,0.0005634488388518535,0.04395108730980902,0.042500763576856865
Dew,9.511204249288914,0.9978700361391829,0.0021299638608170968,0.9450540540540541,0.05494594594594593,1125.9877172233896,23.960283684709715,0.025619783378093886,0.0005641320997316407,0.04394993121550598,0.0424728245318919
Dew,9.522475505684332,0.9978285953229622,0.0021714046770378026,0.9440550550550552,0.05594494494494484,1125.9368488106145,23.973593110358156,0.025619301551801227,0.0005648170052842303,0.043948772238541094,0.04244488548692693
Dew,9.533772982038442,0.9977870510690525,0.002212948930947478,0.9430560560560561,0.056943943943943864,1125.885853891123,23.98693427735431,0.025618818507870844,0.00056550356141678,0.04394761036873024,0.04241694644196197
Dew,9.545096765892971,0.9977454030114606,0.002254596988539359,0.9420570570570571,0.05794294294294289,1125.834732019696,24.0003072990703,0.02561833424194672,0.0005661917740675988,0.043946445595837644,0.042389007396997004
Dew,9.556446945194404,0.9977036507823357,0.0022963492176643063,0.9410580580580581,0.05894194194194191,1125.7834827488634,24.013712289448538,0.02561784874965046,0.0005668816492041238,0.043945277909575614,0.04236106835203204
Dew,9.567823608316502,0.9976617940119579,0.00233820598804213,0.9400590590590591,0.059940940940940934,1125.7321056288913,24.02714936306354,0.025617362026581228,0.0005675731928244779,0.04394410729960419,0.04233312930706708
Dew,9.57922684404498,0.997619832328726,0.002380167671274025,0.9390600600600602,0.06093993993993985,1125.68060020776,24.0406186350739,0.025616874068315455,0.0005682664109564352,0.04394293375553077,0.04230519026210211
Dew,9.590656741601311,0.9975777653591456,0.002422234640854448,0.9380610610610611,0.06193893893893887,1125.6289660311604,24.054120221287846,0.025616384870406867,0.0005689613096590696,0.043941757266909846,0.04227725121713714
Dew,9.602113390619527,0.997535592727817,0.002464407272183,0.9370620620620621,0.0629379379379379,1125.57720264247,24.06765423809231,0.02561589442838621,0.0005696578950211798,0.04394057782324257,0.042249312172172176
Dew,9.613596881183406,0.9974933140574221,0.0025066859425778576,0.9360630630630631,0.06393693693693692,1125.5253095827456,24.081220802557198,0.02561540273776121,0.0005703561731638566,0.04393939541397649,0.04222137312720721
Dew,9.62510730378897,0.9974509289687128,0.002549071031287209,0.9350640640640641,0.06493593593593594,1125.473286390698,24.094820032323,0.02561490979401621,0.000571056150237927,0.043938210028505155,0.04219343408224225
Dew,9.636644749373765,0.9974084370804982,0.0025915629195017997,0.9340650650650651,0.06593493493493485,1125.4211326026893,24.10845204568204,0.025614415592612325,0.0005717578324259792,0.04393702165616778,0.04216549503727728
Dew,9.64820930932066,0.9973658380096319,0.0026341619903681446,0.9330660660660661,0.06693393393393388,1125.3688477527107,24.122116961585736,0.02561392012898708,0.0005724612259426397,0.043935830286248895,0.042137555992312316
Dew,9.659801075448184,0.9973231313709995,0.0026768686290005173,0.9320670670670671,0.0679329329329329,1125.3164313723669,24.135814899612992,0.025613423398554287,0.0005731663370339303,0.043934635907978,0.04210961694734735
Dew,9.671420140010182,0.9972803167775055,0.0027196832224944956,0.9310680680680681,0.06893193193193192,1125.263882990861,24.149545979965445,0.025612925396703887,0.0005738731719772574,0.043933438510529166,0.04208167790238239
Dew,9.683066595717216,0.997237393840061,0.0027626061599389518,0.9300690690690692,0.06993093093093083,1125.2112021349815,24.16331032352565,0.025612426118801844,0.0005745817370829022,0.04393223808302074,0.04205373885741743
Dew,9.694740535720813,0.9971943621675701,0.0028056378324299303,0.9290700700700701,0.07092992992992986,1125.1583883290846,24.177108051807785,0.02561192556018996,0.0005752920386929552,0.04393103461451492,0.042025799812452455
Dew,9.706442053620663,0.9971512213669171,0.00284877863308286,0.9280710710710711,0.07192892892892888,1125.105441095078,24.19093928697474,0.02561142371618568,0.000576004083181829,0.04392982809401743,0.04199786076748749
Dew,9.718171243482661,0.9971079710429532,0.002892028957046766,0.9270720720720721,0.0729279279279279,1125.0523599524056,24.20480415188626,0.02561092058208198,0.0005767178769575146,0.043928618510477115,0.04196992172252252
Dew,9.729928199818842,0.9970646107984834,0.0029353892015165917,0.9260730730730731,0.07392692692692693,1124.999144418033,24.218702770037353,0.025610416153147186,0.0005774334264602223,0.043927405852785616,0.04194198267755756
Dew,9.741713017606724,0.9970211402342533,0.002978859765746744,0.9250740740740742,0.07492592592592584,1124.945794006431,24.232635265610178,0.025609910424624863,0.0005781507381637294,0.043926190109776976,0.0419140436325926
Bubble,9.746900717731487,0.9970020020020021,0.0029979979979979365,0.9246350617314558,0.07536493826854418,1124.9223062631154,24.238768676093926,0.025609687768812565,0.0005784665213573652,0.043925654870070066,0.04190176575684609
Dew,9.753525792274168,0.9969775589489349,0.0030224410510650834,0.9240750750750751,0.07592492492492486,1124.8923082295541,24.246601763426586,0.025609403391733513,0.000578869818574358,0.04392497127022722,0.04188610458762763
Dew,9.765366619736245,0.9969338665391134,0.0030661334608865776,0.9230760760760761,0.07692392392392389,1124.8386865968318,24.26060238905039,0.025608895049666555,0.0005795906742335258,0.04392374932285405,0.04185816554266266
Dew,9.777235596347396,0.9968900625992738,0.0031099374007261815,0.9220770770770771,0.07792292292292291,1124.7849286151454,24.274637268645844,0.025608385393592052,0.0005803133117144823,0.043922524256316396,0.0418302264976977
Dew,9.78913281895865,0.996846146721787,0.003153853278213048,0.9210780780780782,0.07892192192192182,1124.7310337888184,24.288706529138185,0.025607874418652664,0.0005810377376262542,0.043921296059214084,0.04180228745273274
Dew,9.801058384880527,0.9968021184968953,0.003197881503104738,0.9200790790790792,0.07992092092092085,1124.6770016195935,24.30281029810313,0.025607362119965362,0.0005817639586111203,0.043920064720087415,0.041774348407767774
Dew,9.813012391900086,0.9967579775126989,0.0032420224873010994,0.9190800800800801,0.08091991991991987,1124.6228316066167,24.316948703811907,0.025606848492621286,0.000582491981345801,0.04391883022741675,0.04174640936280281
Dew,9.824994938282545,0.9967137233551423,0.0032862766448576997,0.9180810810810811,0.08191891891891889,1124.5685232464223,24.33112187523195,0.025606333531685576,0.0005832218125415912,0.0439175925696222,0.04171847031783783
Dew,9.837006122794577,0.9966693556079985,0.0033306443920014805,0.9170820820820821,0.08291791791791792,1124.5140760329177,24.345329942089553,0.025605817232197313,0.0005839534589459774,0.04391635173506312,0.04169053127287287
Dew,9.849046044659387,0.9966248738528567,0.0033751261471433036,0.9160830830830832,0.08391691691691683,1124.459489457359,24.35957303473726,0.025605299589169118,0.000584686927339578,0.0439151077120378,0.04166259222790791
Dew,9.861114803609574,0.9965802776691057,0.0034197223308942704,0.9150840840840841,0.08491591591591585,1124.4047630083387,24.37385128430114,0.02560478059758713,0.0005854222245397907,0.043913860488782985,0.041634653182942946
Dew,9.873212499860946,0.9965355666339214,0.003464433366078601,0.9140850850850851,0.08591491491491487,1124.349896171771,24.3881648226018,0.025604260252410874,0.0005861593573990179,0.04391261005347355,0.04160671413797798
Dew,9.885339234125944,0.9964907403222504,0.003509259677749621,0.9130860860860861,0.0869139139139139,1124.2948884308662,24.40251378218872,0.025603738548572934,0.000586898332805609,0.04391135639422199,0.04157877509301302
Dew,9.897495107607115,0.9964457983067967,0.003554201693203307,0.9120870870870871,0.08791291291291292,1124.2397392661187,24.416898296317452,0.025603215480978856,0.0005876391576834347,0.04391009949907811,0.041550836048048045
Dew,9.909680222024637,0.9964007401580055,0.0035992598419944954,0.9110880880880882,0.08891191191191183,1124.1844481552864,24.43131849902412,0.025602691044506947,0.0005883818389937987,0.04390883935602855,0.041522897003083085
Dew,9.921894679587625,0.9963555654440484,0.0036444345559516478,0.9100890890890891,0.08991091091091086,1124.129014573375,24.445774525039326,0.025602165234008156,0.0005891263837334899,0.04390757595299632,0.04149495795811812
Dew,9.934138583009343,0.9963102737308098,0.0036897262691901744,0.9090900900900901,0.09090990990990988,1124.0734379926148,24.460266509827484,0.025601638044305725,0.0005898727989358501,0.043906309277840505,0.04146701891315316
Dew,9.94641203553234,0.996264864581869,0.003735135418130975,0.9080910910910911,0.0919089089089089,1124.0177178824506,24.474794589654163,0.02560110947019523,0.0005906210916725225,0.04390503931835572,0.04143907986818819
Dew,9.958715140894137,0.9962193375584875,0.003780662441512539,0.9070920920920922,0.09290790790790782,1123.961853709515,24.489358901484145,0.025600579506444225,0.0005913712690511196,0.043903766062271726,0.041411140823223225
Dew,9.97104800335377,0.9961736922195915,0.003826307780408489,0.9060930930930932,0.09390690690690684,1123.9058449376137,24.503959583052755,0.025600048147792095,0.0005921233382170673,0.043902489497253006,0.04138320177825826
Dew,9.983410727692858,0.9961279281217572,0.0038720718782427888,0.9050940940940941,0.09490590590590586,1123.8496910277033,24.51859677286468,0.02559951538894983,0.0005928773063537049,0.04390120961089831,0.04135526273329329
Dew,9.995803419214257,0.9960820448191952,0.003917955180804844,0.9040950950950951,0.09590490490490489,1123.79339143788,24.533270610185788,0.025598981224599977,0.0005936331806822147,0.043899926390740224,0.04132732368832834
Dew,10.008226183746169,0.9960360418637337,0.003963958136266266,0.9030960960960961,0.09690390390390391,1123.7369456233514,24.54798123505053,0.025598445649396277,0.0005943909684619303,0.04389863982424472,0.04129938464336337
Bubble,10.017145718887052,0.996003003003003,0.00399699699699696,0.9023802285978796,0.09761977140212041,1123.6964069027485,24.558542768579684,0.025598060987494627,0.0005949351060562547,0.043897715825105106,0.04127936394840604
Dew,10.020679127648993,0.995989918804804,0.004010081195195969,0.9020970970970972,0.09790290290290282,1123.6803530364232,24.56272878827702,0.02559790865796358,0.00059515067699083,0.04389734989881071,0.041271445598398404
Dew,10.033162357807097,0.9959436751894226,0.004056324810577383,0.9010980980980982,0.09890190190190185,1123.6236131264739,24.57751341143941,0.02559737024489751,0.0005959123136049979,0.043896056601769595,0.04124350655343344
Dew,10.045675981651863,0.9958973105621766,0.004102689437823437,0.9000990990990991,0.09990090090090087,1123.5667253399436,24.59233524692881,0.02559683040476448,0.0005966758856802317,0.04389475992038482,0.04121556750846848
Dew,10.05822010715601,0.9958508244652062,0.00414917553479377,0.8991001001001001,0.10089989989989989,1123.509689120308,24.607194437932744,0.02559628913210134,0.0005974414006316789,0.04389345984185141,0.04118762846350351
Dew,10.070794842820609,0.9958042164381887,0.004195783561811273,0.8981011011011012,0.1018988988988988,1123.4525039080581,24.622091128394032,0.025595746421415173,0.0005982088659129704,0.043892156353295485,0.04115968941853855
Dew,10.08340029770274,0.9957574860183218,0.0042425139816781865,0.8971021021021022,0.10289789789789783,1123.3951691406846,24.63702546308458,0.02559520226718316,0.0005989782890181458,0.04389084944177385,0.041131750373573576
Dew,10.096036581407864,0.9957106327403069,0.004289367259693089,0.8961031031031031,0.10389689689689685,1123.3376842526532,24.65199758757935,0.02559465666385231,0.0005997496774811571,0.043889539094273476,0.04110381132860861
Dew,10.108703804104021,0.9956636561363315,0.004336343863668546,0.8951041041041041,0.10489589589589587,1123.2800486753895,24.667007648291968,0.025594109605839396,0.000600523038876872,0.04388822529771103,0.04107587228364365
Dew,10.121402076496366,0.9956165557360531,0.0043834442639468785,0.8941051051051051,0.1058948948948949,1123.2222618372498,24.6820557923982,0.025593561087530484,0.0006012983808193483,0.04388690803893243,0.04104793323867868
Dew,10.134131509866023,0.9955693310665822,0.004430668933417814,0.8931061061061062,0.10689389389389381,1123.1643231635098,24.69714216794124,0.025593011103280976,0.0006020757109645339,0.04388558730471235,0.04101999419371372
Dew,10.146892216055159,0.9955219816524637,0.00447801834753625,0.8921071071071072,0.10789289289289283,1123.10623207634,24.712266923784902,0.025592459647415317,0.0006028550370092685,0.04388426308175372,0.04099205514874875
Dew,10.159684307462143,0.9954745070156606,0.004525492984339352,0.8911081081081081,0.10889189189189186,1123.0479879947793,24.727430209595422,0.02559190671422666,0.0006036363666909779,0.04388293535668726,0.04096411610378379
Dew,10.172507897075754,0.9954269066755355,0.004573093324464539,0.8901091091091091,0.10989089089089088,1122.989590334724,24.74263217593325,0.025591352297976867,0.0006044197077900555,0.04388160411607097,0.04093617705881882
Dew,10.185363098448395,0.9953791801488345,0.00462081985116547,0.8891101101101102,0.11088988988988979,1122.9310385089018,24.757872974172866,0.02559079639289619,0.0006052050681280489,0.04388026934638966,0.04090823801385386
Dew,10.198250025699915,0.9953313269496668,0.00466867305033325,0.8881111111111112,0.11188888888888882,1122.8723319268408,24.77315275650893,0.025590238993182867,0.0006059924555679504,0.04387893103405441,0.040880298968888895
Dew,10.21116879356324,0.9952833465894889,0.004716653410511085,0.8871121121121122,0.11288788788788784,1122.8134699948698,24.788471676079986,0.02558968009300336,0.0006067818780173672,0.043877589165402096,0.04085235992392393
Dew,10.224119517312182,0.9952352385770852,0.0047647614229148205,0.8861131131131131,0.11388688688688686,1122.7544521160685,24.803829886760635,0.025589119686491524,0.0006075733434235832,0.04387624372669489,0.04082442087895896
Dew,10.237102312863549,0.9951870024185502,0.004812997581449818,0.8851141141141141,0.11488588588588589,1122.6952776902733,24.81922754344386,0.025588557767749043,0.0006083668597806157,0.04387489470411969,0.040796481833993994
Dew,10.250117296678829,0.9951386376172708,0.004861362382729162,0.8841151151151152,0.1158848848848848,1122.6359461140344,24.83466480175995,0.02558799433084465,0.00060916243512248,0.04387354208378772,0.040768542789029034
Dew,10.263164585840103,0.9950901436739051,0.0049098563260948636,0.8831161161161162,0.11688388388388382,1122.5764567806,24.850141818284946,0.02558742936981416,0.0006099600775284444,0.04387218585173385,0.04074060374406407
Dew,10.27624429804086,0.9950415200863669,0.004958479913633074,0.8821171171171172,0.11788288288288284,1122.5168090799018,24.86565875050989,0.025586862878660327,0.0006107597951224283,0.043870825993916236,0.04071266469909911
Bubble,10.286334409650152,0.995004004004004,0.004995995995995983,0.8813481488254143,0.11865185117458565,1122.4707876751465,24.877629999448406,0.025586425782391703,0.0006113767868087711,0.04386977678014014,0.04069115893212631
Dew,10.28935655154771,0.9949927663498039,0.0050072336501960635,0.8811181181181181,0.11888188188188187,1122.4570023985123,24.881215756728654,0.025586294851352245,0.0006115615960704007,0.04386946249621562,0.04068472565413414
Dew,10.302501465271305,0.9949438819565813,0.005056118043418656,0.8801191191191192,0.11988088088088078,1122.3970361196477,24.896812996231827,0.025585725281825636,0.0006123654885852917,0.04386809534443499,0.040656786609169174
Dew,10.315679158702817,0.9948948663962602,0.005105133603739764,0.8791201201201202,0.1208798798798798,1122.3369096231218,24.912450629123825,0.025585154163982122,0.0006131714809226533,0.043866724524298864,0.04062884756420421
Dew,10.328889751974677,0.9948457191555796,0.005154280844420378,0.8781211211211212,0.12187887887887883,1122.2766222853375,24.928128816487995,0.025584581491689337,0.0006139795813848721,0.043865350021452865,0.04060090851923924
Dew,10.342133365822182,0.9947964397184367,0.005203560281563324,0.8771221221221221,0.12287787787787785,1122.2161734792544,24.943847720274206,0.025584007258780475,0.0006147897983185608,0.04386397182146311,0.04057296947427428
Dew,10.355410121615458,0.9947470275658661,0.005252972434133918,0.8761231231231231,0.12387687687687687,1122.1555625743686,24.95960750338324,0.025583431459054125,0.0006156021401167914,0.04386258990981568,0.04054503042930931
Dew,10.368720141357219,0.9946974821760219,0.005302517823978059,0.8751241241241242,0.12487587587587579,1122.0947889366932,24.975408329655416,0.025582854086274136,0.0006164166152189745,0.043861204271916095,0.040517091384344346
Dew,10.382063547663245,0.9946478030241557,0.0053521969758443255,0.8741251251251252,0.1258748748748748,1122.0338519287218,24.99125036381106,0.02558227513416909,0.0006172332321095495,0.04385981489308868,0.04048915233937938
Dew,10.39544046380961,0.9945979895825983,0.005402010417401737,0.8731261261261262,0.12687387387387383,1121.972750909421,25.007133771577283,0.025581694596432426,0.0006180519993212725,0.04385842175857611,0.04046121329441442
Dew,10.408851013698861,0.9945480413207368,0.00545195867926318,0.8721271271271271,0.12787287287287286,1121.9114852341877,25.023058719588366,0.02558111246672182,0.0006188729254329207,0.043857024853538706,0.04043327424944945
Dew,10.422295321879645,0.9944979577049969,0.005502042295003062,0.8711281281281281,0.12887187187187188,1121.85005425484,25.039025375435447,0.02558052873865923,0.0006196960190706802,0.04385562416305396,0.040405335204484485
Dew,10.435773513555214,0.9944477381988206,0.005552261801179403,0.8701291291291292,0.1298708708708708,1121.7884573195834,25.055033907685043,0.025579943405830478,0.0006205212889087693,0.043854219672115946,0.04037739615951952
Dew,10.449285714575858,0.9943973822626444,0.005602617737355597,0.8691301301301302,0.13086986986986981,1121.726693772985,25.071084485852648,0.025579356461784983,0.00062134874366895,0.04385281136563467,0.04034945711455456
Dew,10.462832051456983,0.9943468893538813,0.005653110646118731,0.8681311311311312,0.13186886886886884,1121.6647629559568,25.087177280447925,0.02557876790003567,0.0006221783921218141,0.043851399228435575,0.04032151806958959
Dew,10.476412651373703,0.9942962589268964,0.005703741073103563,0.8671321321321321,0.13286786786786786,1121.6026642057218,25.103312462954296,0.025578177714058563,0.0006230102430864457,0.04384998324525887,0.040293579024624625
Dew,10.490027642153061,0.9942454904329872,0.005754509567012844,0.8661331331331332,0.13386686686686677,1121.540396855786,25.119490205802126,0.025577585897292435,0.0006238443054299231,0.043848563400758975,0.040265639979659665
Dew,10.503677152324018,0.9941945833203614,0.005805416679638631,0.8651341341341342,0.1348658658658658,1121.4779602359263,25.13571068250214,0.02557699244313889,0.0006246805880708021,0.043847139679503884,0.04023770093469469
Dew,10.51736131105346,0.9941435370341154,0.005856462965884601,0.8641351351351352,0.13586486486486482,1121.4153536721442,25.15197406746248,0.02557639734496162,0.0006255190999747434,0.04384571206597459,0.04020976188972973
Dew,10.53108024821995,0.9940923510162123,0.0059076489837877055,0.8631361361361362,0.13686386386386384,1121.3525764866604,25.16828053618795,0.025575800596086617,0.0006263598501596373,0.04384428054456445,0.040181822844764764
Dew,10.544834094366472,0.9940410247054605,0.005958975294539481,0.8621371371371371,0.13786286286286287,1121.2896279978734,25.184630265143436,0.025575202189801558,0.000627202847692382,0.04384284509957861,0.0401538837997998
Bubble,10.554484630910384,0.9940050050050051,0.0059949949949948955,0.8614376922116623,0.13856230778833767,1121.2454525546823,25.19610328047334,0.025574782228051644,0.0006277944107819577,0.043841837735175186,0.040134322395591254
Dew,10.558622980727922,0.9939895575374893,0.006010442462510701,0.8611381381381382,0.13886186186186178,1121.226507520334,25.201023431824833,0.025574602119355614,0.0006280481016908225,0.04384140571523327,0.04012594475483484
Dew,10.572447039243936,0.9939379489447285,0.006062051055271467,0.8601391391391392,0.1398608608608608,1121.1632143647284,25.217460214788897,0.025574000377959327,0.000628895621324673,0.043839962375655184,0.04009800570986987
Dew,10.586306402530816,0.9938861983563849,0.00611380164361508,0.8591401401401402,0.14085985985985983,1121.0997478378372,25.23394079357012,0.025573396958784092,0.0006297454158136226,0.043838515064880956,0.04007006666490491
Dew,10.600201203925137,0.9938343051984192,0.006165694801580801,0.8581411411411412,0.14185885885885885,1121.0361072425162,25.250465348795824,0.025572791854962026,0.0006305974944303844,0.04383706376685639,0.04004212761993994
Dew,10.614131577461801,0.9937822688935233,0.0062177311064767204,0.8571421421421422,0.14285785785785776,1120.9722918776715,25.267034062119865,0.025572185059585757,0.0006314518664992237,0.043835608465435924,0.04001418857497498
Dew,10.628097657889182,0.9937300888610967,0.006269911138903295,0.8561431431431432,0.14385685685685679,1120.9083010382183,25.28364711625887,0.02557157656570786,0.000632308541397044,0.04383414914438185,0.039986249530010017
Dew,10.642099580673728,0.9936777645172243,0.006322235482775662,0.8551441441441442,0.1448558558558558,1120.8441340150705,25.30030469499928,0.025570966366340944,0.0006331675285537478,0.0438326857873638,0.03995831048504505
Dew,10.656137481996604,0.9936252952746497,0.006374704725350289,0.8541451451451452,0.14585485485485483,1120.779790095094,25.3170069831825,0.025570354454456993,0.0006340288374520497,0.04383121837795794,0.03993037144008008
Dew,10.670211498770485,0.9935726805427544,0.006427319457245617,0.8531461461461461,0.14685385385385386,1120.715268561091,25.333754166745415,0.025569740822987318,0.0006348924776286768,0.04382974689964643,0.039902432395115116
Dew,10.684321768644233,0.9935199197275323,0.006480080272467714,0.8521471471471472,0.14785285285285277,1120.6505686917678,25.350546432727533,0.02556912546482221,0.0006357584586747376,0.04382827133581669,0.039874493350150156
Dew,10.69846842998624,0.9934670122315659,0.00653298776843414,0.8511481481481482,0.1488518518518518,1120.5856897617016,25.36738396921938,0.025568508372810585,0.0006366267902346162,0.043826791669760695,0.039846554305185196
Dew,10.712651621914517,0.9934139574540013,0.006586042545998705,0.8501491491491492,0.14985085085085081,1120.5206310413137,25.3842669654395,0.025567889539759695,0.0006374974820080949,0.04382530788467436,0.03981861526022023
Dew,10.726871484297444,0.9933607547905238,0.00663924520947623,0.8491501501501502,0.15084984984984984,1120.455391796843,25.401195611730696,0.025567268958434936,0.0006383705437504525,0.04382381996365677,0.039790676215255255
Dew,10.741128157741006,0.9933074036333329,0.006692596366667081,0.8481511511511511,0.15184884884884886,1120.3899712903074,25.418170099519035,0.025566646621559306,0.0006392459852716288,0.04382232788970957,0.03976273717029029
Dew,10.755421783619223,0.9932539033711175,0.006746096628882481,0.8471521521521522,0.15284784784784777,1120.3243687794863,25.435190621391577,0.02556602252181344,0.0006401238164383735,0.043820831645736184,0.03973479812532533
Dew,10.769752504064298,0.9932002533890291,0.006799746610970936,0.8461531531531532,0.1538468468468468,1120.2585835178752,25.452257371063286,0.025565396651834927,0.000641004047173612,0.04381933121454112,0.03970685908036037
Dew,10.784120461959969,0.993146453068659,0.0068535469313409925,0.8451541541541542,0.15484584584584582,1120.1926147546667,25.469370543352984,0.02556476900421826,0.0006418866874560383,0.043817826578829315,0.0396789200353954
Dew,10.798525800977432,0.9930925017880101,0.006907498211989882,0.8441551551551552,0.15584484484484484,1120.1264617347147,25.486530334275724,0.02556413957151443,0.0006427717473226393,0.04381631772120535,0.039650980990430434
Dew,10.812968665558376,0.9930383989214717,0.006961601078528279,0.8431561561561562,0.15684384384384376,1120.0601236985037,25.503736940990287,0.025563508346230605,0.0006436592368675768,0.04381480462417276,0.03962304194546547
Bubble,10.821614597109503,0.9930060060060061,0.006993993993993919,0.842559367500064,0.157440632499936,1120.0204056476916,25.514038337904946,0.025563130402224375,0.0006441905742437865,0.04381389869021022,0.039606351533249
Dew,10.827449200922368,0.9929841438397918,0.007015856160208167,0.8421571571571572,0.15784284284284278,1119.9935998821118,25.520990561813335,0.02556287532082973,0.0006445491662427459,0.043813287270133214,0.03959510290050051
Dew,10.841967553079495,0.9929297359100548,0.007070264089945155,0.8411581581581582,0.1588418418418418,1119.9268895171915,25.53829139624789,0.0255622404877304,0.0006454415456586995,0.04381176564138595,0.03956716385553554
Dew,10.856523868821391,0.9928751744956501,0.0071248255043498965,0.8401591591591592,0.15984084084084083,1119.8599918309258,25.5556396449527,0.02556160383930636,0.0006463363853840794,0.04381023972012682,0.039539224810570574
Dew,10.871118295758784,0.9928204589562476,0.007179541043752402,0.8391601601601602,0.16083983983983985,1119.792906046003,25.573035509838583,0.025560965367886265,0.0006472336957482611,0.04380870948844774,0.039511285765605614
Dew,10.88575098227992,0.99276558864777,0.007234411352230019,0.8381611611611612,0.16183883883883876,1119.725631380578,25.5904791939487,0.02556032506575327,0.000648133487138536,0.04380717492833573,0.03948334672064064
Dew,10.900422077598238,0.9927105629223654,0.007289437077634631,0.8371621621621622,0.16283783783783778,1119.6581670482424,25.607970901582483,0.025559682925144725,0.0006490357700034573,0.04380563602167231,0.03945540767567568
Dew,10.915131731723623,0.9926553811283789,0.007344618871621078,0.8361631631631632,0.1638368368368368,1119.5905122579898,25.625510838210854,0.02555903893825182,0.0006499405548509071,0.04380409275023262,0.03942746863071071
Dew,10.929880095510763,0.992600042610327,0.007399957389673029,0.8351641641641642,0.16483583583583583,1119.5226662141904,25.6430992106018,0.02555839309721941,0.0006508478522514937,0.04380254509568473,0.039399529585745746
Dew,10.944667320608541,0.9925445467088666,0.007455453291133396,0.8341651651651653,0.16583483483483474,1119.4546281165417,25.660736226676043,0.02555774539414535,0.0006517576728351084,0.04380099303958874,0.03937159054078078
Dew,10.959493559520945,0.9924888927607691,0.007511107239230874,0.8331661661661662,0.16683383383383377,1119.3863971600501,25.678422095666605,0.02555709582108046,0.0006526700272951913,0.04379943656339614,0.03934365149581582
Dew,10.974358965567951,0.9924330800988895,0.007566919901110469,0.8321671671671672,0.1678328328328328,1119.3179725349826,25.696157028005818,0.0255564443700279,0.0006535849263860845,0.04379787564844885,0.03931571245085085
Dew,10.989263692928006,0.9923771080521389,0.0076228919478611434,0.8311681681681682,0.1688318318318318,1119.249353426844,25.71394123543448,0.025555791032943073,0.000654502380926025,0.0437963102759785,0.039287773405885885
Dew,11.004207896608428,0.992320975945455,0.007679024054545014,0.8301691691691692,0.16983083083083084,1119.18053901633,25.731774930914828,0.025555135801733013,0.0006554224017951571,0.04379474042710558,0.039259834360920925
Dew,11.019191732500985,0.9922646830997736,0.007735316900226441,0.8291701701701703,0.17082982982982975,1119.1115284793098,25.749658328775006,0.02555447866825637,0.0006563449999394342,0.043793166082838696,0.039231895315955966
Dew,11.03421535731647,0.9922082288319963,0.007791771168003669,0.8281711711711712,0.17182882882882877,1119.0423209867647,25.767591644524725,0.025553819624322554,0.0006572701863661521,0.0437915872240736,0.03920395627099099
Dew,11.049278928657213,0.9921516124549643,0.007848387545035695,0.8271721721721722,0.1728278278278278,1118.9729157047764,25.78557509504566,0.02555315866169184,0.0006581979721490265,0.04379000383159248,0.039176017226026025
Dew,11.064382604983237,0.9920948332774252,0.007905166722574797,0.8261731731731732,0.17382682682682682,1118.9033117944753,25.803608898492758,0.02555249577207469,0.0006591283684259104,0.04378841588606309,0.03914807818106106
Dew,11.079526545642933,0.9920378906040035,0.007962109395996508,0.8251741741741743,0.17482582582582573,1118.8335084120129,25.821693274370762,0.025551830947131596,0.0006600613864009784,0.04378682336803779,0.0391201391360961
Bubble,11.087738706670189,0.9920070070070071,0.007992992992992942,0.8246335545817846,0.17536644541821544,1118.7956500415298,25.831501004036497,0.02555147035958639,0.000660567396822235,0.04378595964524525,0.03910501960633095
Dew,11.094710910856403,0.9919807837351704,0.008019216264829598,0.8241751751751752,0.17582482482482475,1118.763504708517,25.839828443482354,0.025551164178472464,0.0006609970373436374,0.043785226257952864,0.03909220009113114
Dew,11.109935861740519,0.9919235119672117,0.008076488032788265,0.8231761761761762,0.17682382382382378,1118.69329983006,25.858014627989164,0.025550495457656426,0.0006619353325903221,0.04378362453612749,0.039064261046166164
Dew,11.125201560300768,0.9918660745921984,0.008133925407801557,0.8221771771771772,0.1778228228228228,1118.6228929176214,25.876252051382917,0.025549824776191422,0.0006628762835439946,0.043782018182763,0.0390363220012012
Dew,11.140508169451785,0.9918084708979521,0.0081915291020479,0.8211781781781782,0.17882182182182182,1118.5522831070446,25.894540938534092,0.025549152125533704,0.0006638199016756308,0.04378040717794187,0.03900838295623624
Dew,11.155855853000302,0.9917507001680157,0.008249299831984303,0.8201791791791793,0.17982082082082074,1118.4814695290015,25.912881515638922,0.025548477497087527,0.000664766198523105,0.043778791501626904,0.03898044391127128
Dew,11.171244775695627,0.991692761681621,0.008307238318378984,0.8191801801801802,0.18081981981981976,1118.4104513089608,25.931274010348734,0.025547800882204846,0.0006657151856947494,0.043777171133660364,0.03895250486630631
Dew,11.186675103182328,0.9916346547136551,0.008365345286344916,0.8181811811811812,0.18181881881881878,1118.339227567136,25.949718651635283,0.025547122272184718,0.0006666668748661473,0.04377554605376298,0.03892456582134134
Dew,11.202147002028964,0.9915763785346279,0.008423621465372122,0.8171821821821822,0.1828178178178178,1118.2677974184521,25.96821566986126,0.02554644165827296,0.000667621277782188,0.04377391624153308,0.03889662677637637
Dew,11.2176606397528,0.9915179324106398,0.00848206758936021,0.8161831831831833,0.18381681681681672,1118.196159972508,25.98676529683985,0.025545759031661845,0.0006685784062588473,0.04377228167644566,0.03886868773141141
Dew,11.233216184802014,0.9914593156033487,0.008540684396651343,0.8151841841841843,0.18481581581581574,1118.124314333537,26.00536776577963,0.025545074383489647,0.0006695382721820255,0.043770642337851474,0.03884074868644645
Dew,11.248813806585325,0.9914005273699334,0.008599472630066551,0.8141851851851852,0.18581481481481477,1118.052259600361,26.024023311357144,0.02554438770484017,0.0006705008875096682,0.04376899820497602,0.03881280964148149
Dew,11.264453675440034,0.9913415669630653,0.008658433036934698,0.8131861861861862,0.1868138138138138,1117.979994866353,26.042732169623793,0.025543698986742344,0.0006714662642696255,0.043767349256918726,0.03878487059651652
Dew,11.280135962684785,0.9912824336308683,0.00871756636913168,0.8121871871871872,0.1878128128128128,1117.9075192193973,26.06149457814047,0.02554300822016987,0.0006724344145633774,0.04376569547265184,0.03875693155155156
Dew,11.295860840587647,0.9912231266168869,0.00877687338311306,0.8111881881881883,0.18881181181181173,1117.8348317418431,26.080310775884424,0.025542315396040707,0.0006734053505638954,0.043764036831019544,0.038728992506586596
Dew,11.311628482399751,0.991163645160052,0.008836354839948046,0.8101891891891893,0.18981081081081075,1117.761931510467,26.099181003332447,0.025541620505216685,0.0006743790845180486,0.043762373310736985,0.03870105346162163
Dew,11.32743906234969,0.9911039884946439,0.008896011505356127,0.8091901901901902,0.19080980980980977,1117.688817596429,26.118105502438254,0.02554092353850307,0.0006753556287462869,0.043760704890389246,0.03867311441665666
Dew,11.343292755655565,0.9910441558502577,0.008955844149742265,0.8081911911911912,0.1918088088088088,1117.6154890652303,26.137084516657556,0.02554022448664814,0.0006763349956435559,0.043759031548430395,0.038645175371691695
Bubble,11.352869040530758,0.991008008008008,0.008991991991991966,0.807589071366947,0.19241092863305298,1117.571188207859,26.148550039624812,0.025539802140883413,0.0006769266512726366,0.043758020600280285,0.03862833586248226
Dew,11.359189738524982,0.9909841464517697,0.009015853548230313,0.8071921921921922,0.19280780780780782,1117.5419449766728,26.15611829094045,0.025539523340342755,0.0006773171976793682,0.0437573532631825,0.038617236326726735
Dew,11.37513018817296,0.9909239595192955,0.00907604048070454,0.8061931931931933,0.19380680680680673,1117.468184384807,26.175207071772036,0.025538820090219815,0.0006783022473991272,0.04375567001283452,0.03858929728176177
Dew,11.391114282804587,0.9908635942681587,0.009136405731841268,0.8051941941941942,0.19480580580580575,1117.3942063378963,26.194351107118358,0.0255381147268539,0.0006792901574229989,0.04375398177544137,0.0385613582367968
Dew,11.407142201666643,0.9908030499088524,0.009196950091147627,0.8041951951951952,0.19580480480480478,1117.3200098783725,26.213550646556985,0.02553740724076084,0.000680280940449573,0.04375228852892288,0.038533419191831834
Dew,11.423214125004522,0.9907423256470017,0.00925767435299829,0.8031961961961962,0.1968038038038038,1117.2455940427847,26.232805941154158,0.02553669762239713,0.0006812746092529553,0.043750590251062725,0.038505480146866874
Dew,11.439330234113697,0.9906814206833263,0.00931857931667368,0.8021971971971973,0.1978028028028027,1117.1709578617626,26.25211724359462,0.025535985862159646,0.0006822711766864178,0.04374888691950742,0.03847754110190191
Dew,11.45549071130734,0.9906203342136014,0.009379665786398594,0.8011981981981983,0.19880180180180174,1117.0961003599605,26.271484808087443,0.02553527195038496,0.0006832706556802357,0.04374717851176516,0.03844960205693694
Dew,11.47169573996457,0.9905590654286228,0.00944093457137718,0.8001991991991992,0.19980080080080076,1117.0210205560243,26.290908890487074,0.025534555877349097,0.0006842730592451185,0.04374546500520491,0.038421663011971974
Dew,11.487945504491604,0.9904976135141657,0.009502386485834347,0.7992002002002002,0.20079979979979978,1116.945717462535,26.310389748181787,0.025533837633266904,0.0006852784004695967,0.043743746377055207,0.038393723967007014
Dew,11.504240190375521,0.9904359776509442,0.009564022349055845,0.7982012012012012,0.2017987987987988,1116.8701900859623,26.329927640229247,0.025533117208291562,0.00068628669252384,0.04374202260440306,0.03836578492204205
Dew,11.520579984149604,0.9903741570145769,0.009625842985423128,0.7972022022022023,0.20279779779779772,1116.794437426624,26.349522827256266,0.025532394592514215,0.000687297948657338,0.04374029366419296,0.03833784587707709
Dew,11.536965073446408,0.9903121507755412,0.009687849224458756,0.7962032032032033,0.20379679679679674,1116.718458478632,26.36917557159205,0.025531669775963408,0.0006883121822026696,0.04373855953322559,0.03830990683211211
Dew,11.553395646962452,0.9902499580991401,0.00975004190085993,0.7952042042042042,0.20479579579579577,1116.6422522298499,26.388886137166317,0.025530942748604603,0.0006893294065731429,0.04373682018815698,0.038281967787147146
Dew,11.56987189448955,0.9901875781454543,0.009812421854545672,0.7942052052052052,0.2057947947947948,1116.5658176618367,26.408654789584528,0.02553021350033966,0.0006903496352650583,0.043735075605497054,0.038254028742182186
Dew,11.586394006916967,0.9901250100693064,0.009874989930693578,0.7932062062062063,0.2067937937937937,1116.4891537498004,26.428481796125574,0.02552948202100629,0.0006913728818579503,0.043733325761608696,0.038226089697217226
Dew,11.602962176247683,0.9900622530202197,0.009937746979780337,0.7922072072072073,0.20779279279279272,1116.4122594625592,26.44836742577672,0.02552874830037777,0.0006923991600158071,0.04373157063270661,0.03819815065225226
Bubble,11.616985428569715,0.990009009009009,0.009990990990990989,0.7913620008987882,0.20863799910121184,1116.3470137331728,26.46515945266317,0.025528125583783246,0.000693267773640971,0.04373008155531532,0.038174512733616446
Dew,11.61957659558886,0.9899993061423725,0.010000693857627474,0.7912082082082083,0.20879179179179175,1116.3351337624722,26.468311949200192,0.0255280123281621,0.0006934284834865045,0.04372981019485598,0.038170211607287285
Dew,11.6362374591748,0.989936168574561,0.010063831425438985,0.7902092092092092,0.20979079079079077,1116.257775605405,26.48831563878579,0.025527274094001743,0.0006944608661034912,0.0437280444239715,0.038142272562322325
Dew,11.652944962361719,0.9898728394501538,0.010127160549846193,0.7892102102102102,0.2107897897897898,1116.1801839406696,26.50837876862874,0.025526533587472953,0.0006954963217855236,0.043726273295816034,0.03811433351735736
Dew,11.669699301659367,0.9898093178970492,0.010190682102950821,0.7882112112112113,0.2117887887887887,1116.102357710978,26.5285016146052,0.02552579079808534,0.0006965348645389591,0.04372449678599949,0.0380863944723924
Dew,11.686500674715363,0.9897456030376346,0.010254396962365409,0.7872122122122123,0.21278778778778773,1116.024295852388,26.54868445432224,0.02552504571528128,0.0006975765084567649,0.04372271486997765,0.03805845542742743
Dew,11.703349280325474,0.9896816939887397,0.01031830601126027,0.7862132132132132,0.21378678678678675,1115.945997294251,26.5689275671367,0.025524298328435377,0.0006986212677193307,0.043720927523050845,0.038030516382462465
Dew,11.720245318464539,0.9896175898615941,0.010382410138405906,0.7852142142142142,0.21478578578578578,1115.8674609591585,26.589231234228492,0.025523548626853947,0.0006996691565967198,0.0437191347203628,0.0380025773374975
Dew,11.737188990271974,0.9895532897617827,0.010446710238217305,0.7842152152152152,0.2157847847847848,1115.7886857628928,26.609595738553637,0.025522796599774494,0.0007007201894477621,0.043717336436899366,0.03797463829253253
Dew,11.754180498064876,0.9894887927891995,0.010511207210800455,0.7832162162162163,0.2167837837837837,1115.709670614364,26.63002136487038,0.02552204223636503,0.0007017743807210689,0.04371553264748726,0.03794669924756757
Dew,11.771220045358032,0.9894240980380054,0.01057590196199465,0.7822172172172173,0.21778278278278274,1115.6304144155674,26.65050839978325,0.025521285525723685,0.0007028317449565256,0.043713723326792825,0.037918760202602604
Dew,11.788307836848945,0.9893592045965782,0.010640795403421777,0.7812182182182182,0.21878178178178176,1115.5509160615159,26.671057131695033,0.02552052645687796,0.0007038922967843613,0.043711908449320686,0.037890821157637644
Dew,11.805444078460265,0.9892941115474705,0.01070588845252951,0.7802192192192192,0.21978078078078078,1115.471174440197,26.691667850909674,0.02551976501878435,0.0007049560509281991,0.043710087989412574,0.03786288211267267
Dew,11.822628977320335,0.9892288179673604,0.010771182032639603,0.7792202202202203,0.2207797797797797,1115.3911884325084,26.712340849572353,0.025519001200327632,0.0007060230222038171,0.04370826192124589,0.03783494306770771
Dew,11.83986274178945,0.9891633229270045,0.010836677072995515,0.7782212212212213,0.22177877877877872,1115.3109569122028,26.733076421729688,0.0255182349903203,0.000707093225521082,0.04370643021883245,0.03780700402274274
Dew,11.857145581451306,0.989097625491192,0.010902374508808044,0.7772222222222223,0.22277777777777774,1115.2304787458327,26.753874863298385,0.025517466377501997,0.0007081666758834667,0.04370459285601719,0.037779064977777777
Dew,11.874477707134494,0.9890317247186944,0.010968275281305617,0.7762232232232232,0.22377677677677676,1115.1497527926892,26.774736472112757,0.0255166953505389,0.0007092433883896555,0.04370274980647672,0.03775112593281282
Bubble,11.88015530422401,0.9890100100100101,0.010989989989989901,0.7758947228019202,0.22410527719807982,1115.1231443850827,26.781526839337275,0.025516441078855076,0.000709595948895963,0.04370214251035036,0.03774193874839022
Dew,11.891859330928149,0.9889656196622202,0.011034380337779814,0.7752242242242242,0.2247757757757758,1115.0687779047519,26.79566154795685,0.02551592189802321,0.0007103233782347484,0.0437009010437181,0.03772318688784785
Dew,11.90929066618201,0.9888993093683619,0.0111006906316381,0.7742252252252253,0.2257747747747747,1114.9875529266196,26.816650392555484,0.025515146008472406,0.0007114066607103805,0.04369904654107735,0.03769524784288288
Dew,11.926771927512247,0.98883279287755,0.011167207122450007,0.7732262262262263,0.22677377377377372,1114.9060766954608,26.83770330958048,0.025514367670328792,0.0007124932512052454,0.043697186271718154,0.037667308797917916
Dew,11.944303330804992,0.9887660692240012,0.011233930775998768,0.7722272272272273,0.22777277277277275,1114.8243480409385,26.858820604650695,0.02551358687195856,0.0007135831652054566,0.043695320208630414,0.037639369752952956
Dew,11.96188509326955,0.988699137435668,0.011300862564332048,0.7712282282282282,0.22877177177177177,1114.7423657851732,26.88000258546226,0.02551280360165171,0.0007146764182983721,0.04369344832462883,0.03761143070798799
Dew,11.979517433371372,0.9886319965341901,0.011368003465809906,0.7702292292292293,0.22977077077077068,1114.6601287426602,26.901249561603738,0.025512017847620867,0.0007157730261680518,0.04369157059235156,0.03758349166302302
Dew,11.997200570922317,0.9885646455348378,0.011435354465162195,0.7692302302302303,0.2307697697697697,1114.5776357202149,26.92256184478309,0.025511229598000933,0.000716873004601662,0.04368968698425863,0.037555552618058055
Dew,12.014934727025896,0.9884970834464666,0.011502916553533415,0.7682312312312313,0.23176876876876873,1114.4948855169187,26.943939748674975,0.025510438840848457,0.0007179763694857884,0.04368779747263068,0.037527613573093095
Dew,12.032720124144365,0.9884293092714609,0.011570690728539113,0.7672322322322322,0.23276776776776775,1114.4118769240454,26.965383589086695,0.025509645564140884,0.0007190831368112336,0.043685902029567326,0.037499674528128135
Dew,12.050556986049266,0.9883613220056795,0.011638677994320501,0.7662332332332332,0.23376676676676678,1114.3286087249974,26.98689368381944,0.025508849755775862,0.0007201933226697017,0.04368400062698572,0.03747173548316317
Dew,12.06844553787245,0.9882931206384079,0.011706879361592093,0.7652342342342343,0.2347657657657657,1114.2450796952521,27.00847035279207,0.025508051403570743,0.0007213069432574803,0.04368209323661919,0.0374437964381982
Dew,12.086386006119882,0.9882247041522978,0.011775295847702205,0.7642352352352353,0.2357647647647647,1114.1612886022883,27.03011391806738,0.02550725049526184,0.0007224240148765334,0.04368017983001547,0.037415857393233234
Dew,12.104378618637487,0.9881560715233161,0.011843928476683918,0.7632362362362363,0.23676376376376373,1114.077234205517,27.05182470375333,0.02550644701850355,0.0007235445539322547,0.04367826037853544,0.037387918348268274
Dew,12.122423604681673,0.98808722172069,0.011912778279310032,0.7622372372372372,0.23776276276276276,1113.9929152562304,27.07360303617725,0.02550564096086809,0.0007246685769385169,0.043676334853351415,0.03735997930330331
Dew,12.140521194882192,0.9880181537068492,0.0119818462931508,0.7612382382382383,0.23876176176176167,1113.9083304975181,27.095449243779118,0.025504832309844416,0.0007257961005152185,0.0436744032254456,0.03733204025833835
Bubble,12.142357723085562,0.9880110110110111,0.011988988988988925,0.7611351066994634,0.23886489330053662,1113.899573575025,27.097619564427468,0.025504748459988787,0.0007259103201519288,0.04367420346538539,0.03732915597446816
Dew,12.158671621270756,0.9879488664373723,0.012051133562627658,0.7602392392392393,0.2397607607607607,1113.823478664211,27.117363657176256,0.025504021052837715,0.0007269271413904158,0.04367246546560865,0.03730410121337338
Dew,12.176875117300307,0.9878793588609284,0.01212064113907163,0.7592402402402403,0.24075975975975972,1113.7383584828096,27.139346609203606,0.025503207177168693,0.000728061716401809,0.043670521544437936,0.037276162168408414
Dew,12.195131917829542,0.9878096299192185,0.012190370080781499,0.7582412412412413,0.24175875875875874,1113.6529686714107,27.161398434863376,0.025502390670072754,0.0007291998424958,0.04366857143233598,0.03724822312344345
Dew,12.21344225916528,0.9877396785469221,0.012260321453077871,0.7572422422422422,0.24275775775775776,1113.5673079396497,27.183519471425242,0.025501571518699494,0.0007303415367305942,0.043666615099508914,0.03722028407847848
Dew,12.2318063790671,0.9876695036716318,0.012330496328368246,0.7562432432432433,0.24375675675675668,1113.4813749886157,27.205710058428107,0.02550074971011173,0.0007314868162766668,0.04366465251596468,0.03719234503351352
Dew,12.250224516718164,0.9875991042138011,0.012400895786198851,0.7552442442442443,0.2447557557557557,1113.39516851079,27.227970537594253,0.025499925231284897,0.0007326356984148756,0.04366268365151155,0.03716440598854855
Dew,12.268696912799355,0.9875284790866833,0.012471520913316714,0.7542452452452453,0.24575475475475472,1113.3086871899777,27.250301253011536,0.025499098069106385,0.0007337882005417811,0.043660708475756434,0.037136466943583586
Dew,12.28722380945503,0.9874576271962637,0.012542372803736268,0.7532462462462463,0.24675375375375375,1113.2219297012198,27.272702551034136,0.025498268210374545,0.0007349443401674086,0.043658726958102995,0.03710852789861862
Dew,12.305805450317465,0.9873865474412099,0.012613452558790095,0.7522472472472473,0.24775275275275266,1113.1348947107383,27.295174780335635,0.0254974356417982,0.0007361041349171067,0.043656739067750215,0.03708058885365366
Dew,12.324442080534903,0.9873152387128034,0.012684761287196644,0.7512482482482483,0.24875175175175168,1113.0475808758522,27.317718291971183,0.025496600349995735,0.0007372676025336599,0.043654744773690524,0.03705264980868869
Dew,12.34313394674226,0.9872436998948774,0.012756300105122631,0.7502492492492493,0.2497507507507507,1112.9599868449,27.340333439291182,0.025495762321494257,0.0007384347608754,0.043652744044708036,0.03702471076372373
Dew,12.361881297126347,0.9871719298637595,0.012828070136240544,0.7492502502502503,0.25074974974974973,1112.8721112571802,27.363020578099462,0.025494921542729115,0.0007396056279209187,0.04365073684937695,0.036996771718758766
Dew,12.380684381385889,0.9870999274881993,0.012900072511800698,0.7482512512512512,0.25174874874874875,1112.7839527428534,27.385780066539233,0.025494078000042716,0.0007407802217664361,0.043648723156059575,0.03696883267379379
Dew,12.399543450787768,0.9870276916293133,0.012972308370686747,0.7472522522522523,0.25274774774774766,1112.6955099228824,27.408612265227834,0.02549323167968401,0.0007419585606298932,0.04364670293290467,0.03694089362882883
Bubble,12.403599165456122,0.987012012012012,0.012987987987987948,0.7470358351882952,0.2529641648117048,1112.6763022780767,27.413473460452433,0.02549304773394302,0.0007422117614639095,0.043646264420420425,0.03693484108414446
Dew,12.418458758146278,0.9869552211405146,0.013044778859485406,0.7462532532532533,0.2537467467467467,1112.6067814089477,27.431517537192228,0.025492382567807597,0.0007431406628496664,0.04364467614784562,0.036912954583863865
Dew,12.437430557844964,0.9868825148674493,0.013117485132550732,0.7452542542542543,0.2547457457457457,1112.5177658033688,27.454496247914708,0.025491530650472882,0.0007443265468862612,0.043642642768598555,0.036885015538898905
Dew,12.456459105867738,0.9868095716479302,0.01319042835206985,0.7442552552552553,0.25574474474474473,1112.4284616990267,27.477548765402176,0.025490675913643315,0.0007455162313246555,0.04364060276266053,0.03685707649393394
Dew,12.475544659774013,0.9867363903118704,0.013263609688129563,0.7432562562562562,0.25674374374374376,1112.3388676792833,27.500675460111086,0.025489818343185502,0.0007467097348727338,0.0436385560973077,0.036829137448968964
Dew,12.494687478756155,0.9866629696812147,0.013337030318785303,0.7422572572572573,0.25774274274274267,1112.2489823179008,27.523876705084454,0.025488957924868442,0.0007479070763654759,0.043636502739593325,0.036801198404004004
Dew,12.51388782360683,0.9865893085698729,0.013410691430127075,0.7412582582582583,0.2587417417417417,1112.158804178959,27.54715287585665,0.025488094644362597,0.0007491082747628523,0.04363444265634598,0.036773259359039044
Dew,12.533145956757393,0.9865154057836492,0.013484594216350843,0.7402592592592593,0.2597407407407407,1112.0683318167696,27.57050435054109,0.025487228487239007,0.0007503133491526844,0.043632375814167554,0.03674532031407408
Dew,12.552462142305398,0.9864412601201752,0.01355873987982481,0.7392602602602603,0.26073973973973974,1111.977563775805,27.593931509889693,0.02548635943896866,0.0007515223187527506,0.04363030217943135,0.03671738126910911
Dew,12.57183664598572,0.9863668703688365,0.013633129631163476,0.7382612612612613,0.26173873873873865,1111.8864985905975,27.61743473720731,0.025485487484921278,0.0007527352029089492,0.04362822171828007,0.03668944222414414
Dew,12.591269735215853,0.9862922353107042,0.013707764689295798,0.7372622622622623,0.2627377377377377,1111.795134785666,27.64101441845685,0.0254846126103647,0.0007539520210986535,0.04362613439662388,0.036661503179179177
Dew,12.610761679098454,0.9862173537184606,0.013782646281539357,0.7362632632632633,0.2637367367367367,1111.7034708754222,27.66467094225427,0.02548373480046379,0.0007551727929310766,0.043624040180138345,0.03663356413421422
Dew,12.630312748444915,0.9861422243563288,0.013857775643671189,0.7352642642642643,0.2647357357357357,1111.6115053640913,27.688404699917506,0.02548285404027975,0.0007563975381491122,0.043621939034262425,0.03660562508924925
Dew,12.649923215770764,0.9860668459799999,0.01393315402000006,0.7342652652652653,0.26573473473473475,1111.5192367456198,27.712216085443167,0.025481970314769037,0.0007576262766292059,0.0436198309241965,0.03657768604428428
Bubble,12.663925107932442,0.986013013013013,0.013986986986986971,0.7335538313803582,0.26644616861964177,1111.4533423243006,27.72922082701096,0.02548133915635671,0.0007585037641583503,0.04361832537545546,0.036557789344367736
Dew,12.669593355312136,0.985991217336556,0.014008782663443964,0.7332662662662663,0.26673373373373366,1111.4266635035838,27.736105495537114,0.025481083608782457,0.0007588590283827042,0.043617715814900156,0.036549746999319316
Dew,12.689323443063472,0.985915337164397,0.014084662835602946,0.7322672672672673,0.2677327327327327,1111.3337841111045,27.76007332969922,0.0254801939070643,0.0007600958135586904,0.043615593671090185,0.036521807954354356
Dew,12.709113756768065,0.9858392041931656,0.014160795806834381,0.7312682682682683,0.2687317317317317,1111.2405970307575,27.784119990187353,0.02547930119425143,0.000761336652443525,0.04361346445723843,0.03649386890938939
Dew,12.728964575931892,0.9857628171436692,0.014237182856330799,0.7302692692692693,0.26973073073073073,1111.1471007144744,27.808245882040925,0.025478405454872143,0.0007625815654620179,0.04361132813756968,0.03646592986442442
Dew,12.748876181849447,0.9856861747278042,0.014313825272195824,0.7292702702702704,0.27072972972972964,1111.0532936034583,27.832451413135043,0.02547750667334541,0.0007638305731794441,0.043609184676059495,0.03643799081945946
Dew,12.768848857607448,0.9856092756484791,0.01439072435152089,0.7282712712712713,0.27172872872872866,1110.9591741280885,27.856736994177854,0.025476604833979854,0.0007650836963020116,0.04360703403643204,0.03641005177449449
Dew,12.788882888114594,0.9855321185995284,0.014467881400471616,0.7272722722722723,0.2727277277277277,1110.8647407078172,27.88110303877453,0.025475699920972615,0.0007663409556791583,0.04360487618215776,0.03638211272952953
Dew,12.808978560095177,0.9854547022656435,0.014545297734356533,0.7262732732732733,0.2737267267267267,1110.7699917510886,27.90554996339872,0.025474791918408613,0.000767602372303321,0.04360271107645135,0.03635417368456456
Dew,12.829136162115319,0.9853770253222844,0.014622974677715561,0.7252742742742743,0.27472572572572573,1110.6749256552307,27.93007818744733,0.02547388081025933,0.0007688679673119895,0.043600538682269346,0.0363262346395996
Dew,12.84935598460743,0.9852990864355999,0.014700913564400064,0.7242752752752754,0.27572472472472465,1110.5795408063614,27.95468813329043,0.025472966580381874,0.0007701377619896427,0.04359835896230788,0.03629829559463464
Dew,12.869638319862569,0.9852208842623471,0.014779115737652893,0.7232762762762763,0.27672372372372367,1110.4838355792915,27.97938022623949,0.025472049212517976,0.0007714117777674371,0.04359617187900044,0.036270356549669674
Dew,12.88998346207581,0.985142417449806,0.014857582550193982,0.7222772772772773,0.2777227227227227,1110.3878083374245,28.0041548946503,0.025471128690292957,0.0007726900362266127,0.043593977394515426,0.03624241750470471
Dew,12.910391707318427,0.9850636846356963,0.014936315364303732,0.7212782782782783,0.2787217217217217,1110.2914574326512,28.029012569839775,0.02547020499721456,0.0007739725590967742,0.0435917754707539,0.03621447845973974
Bubble,12.923263750211152,0.9850140140140141,0.014985985985985883,0.7206497715474779,0.2793502284525221,1110.2306729474953,28.0446941705682,0.025469622235738572,0.0007747816361613241,0.0435903863304905,0.036196900986859175
Dew,12.930863353596093,0.9849846844480915,0.015015315551908492,0.7202792792792793,0.27972072072072074,1110.1947812052515,28.053953686221302,0.025469278116671993,0.0007752593682602049,0.04358956606934715,0.03618653941477478
Dew,12.951398700843518,0.984905415505335,0.015094584494665053,0.7192802802802803,0.28071971971971965,1110.0977779837958,28.078978681278326,0.025468348031934925,0.0007765504857517253,0.043587349151654325,0.036158600369809814
Dew,12.971998050947116,0.9848258764159508,0.015174123584049237,0.7182812812812813,0.2817187187187187,1110.0004460850314,28.104087995609234,0.025467414726152212,0.000777845933760525,0.043585124678759954,0.036130661324844854
Dew,12.992661707745777,0.9847460657785568,0.015253934221443166,0.7172822822822823,0.2827177177177177,1109.9027838137847,28.129282072916407,0.02546647818235096,0.0007791457346304577,0.04358289261147153,0.03610272227987989
Dew,13.013389977069318,0.9846659821817747,0.015334017818225298,0.7162832832832833,0.2837167167167167,1109.8047894628482,28.15456136009088,0.025465538383435297,0.0007804499108629857,0.04358065291031698,0.03607478323491492
Dew,13.034183166742547,0.9845856242041441,0.015414375795855917,0.7152842842842844,0.28471571571571563,1109.7064613128857,28.17992630720957,0.02546459531218544,0.0007817584851177147,0.04357840553554227,0.03604684418994995
Dew,13.055041586604478,0.9845049904140246,0.015495009585975383,0.7142852852852853,0.28571471471471466,1109.6077976323036,28.205377367570897,0.025463648951256274,0.0007830714802139956,0.04357615044710864,0.036018905144984986
Dew,13.075965548521127,0.984424079369511,0.01557592063048896,0.7132862862862863,0.2867137137137137,1109.50879667716,28.230914997713956,0.025462699283176484,0.0007843889191320776,0.04357388760469029,0.035990966100020026
Dew,13.096955366391345,0.9843428896183385,0.01565711038166151,0.7122872872872873,0.2877127127127127,1109.4094566910424,28.256539657420237,0.025461746290347188,0.000785710825013781,0.04357161696767166,0.03596302705505506
Dew,13.11801135621624,0.9842614196977864,0.015738580302213645,0.7112882882882883,0.2887117117117117,1109.3097759049647,28.28225180987552,0.025460789955041026,0.0007870372211676298,0.043569338495144785,0.03593508801009009
Dew,13.13913383603703,0.9841796681345841,0.01582033186541587,0.7102892892892894,0.28971071071071064,1109.2097525372358,28.308051921499672,0.025459830259400556,0.000788368131064761,0.04356705214590664,0.03590714896512513
Dew,13.160323126007407,0.9840976334448205,0.015902366555179515,0.7092902902902903,0.29070970970970966,1109.1093847933712,28.33394046211581,0.02545886718543754,0.0007897035783442728,0.043564757878456636,0.035879209920160166
Dew,13.181579548401798,0.9840153141338372,0.01598468586616275,0.7082912912912913,0.2917087087087087,1109.008670865951,28.359917904957598,0.025457900715031345,0.0007910435868140808,0.04356245565099359,0.0358512708751952
Bubble,13.18165677328411,0.9840150150150151,0.015984984984984907,0.7082876675969971,0.29171233240300287,1109.0083049109091,28.36001229176843,0.02545789720311234,0.0007910484556743431,0.04356244728552553,0.03585116953119192
Dew,13.202903427618441,0.983932708696138,0.016067291303861975,0.7072922922922923,0.2927077077077077,1108.9076089345176,28.3859847266634,0.025456930829927907,0.0007923881804514152,0.04356014542141324,0.03582333183023023
Dew,13.224295090205693,0.9838498156152895,0.016150184384710498,0.7062932932932934,0.2937067067067066,1108.8061971654556,28.412141407328804,0.025455957511738472,0.0007937373834049477,0.043557827147305425,0.03579539278526527
Dew,13.24575486489729,0.9837666333638172,0.0162333666361828,0.7052942942942944,0.29470570570570565,1108.7044337118705,28.43838843058163,0.025454980741938388,0.0007950912199975592,0.04355550078595122,0.035767453740300305
Dew,13.267283082589628,0.9836831604031063,0.016316839596893673,0.7042952952952953,0.29570470470470467,1108.6023167134601,28.464726283510892,0.025454000501865612,0.0007964497147250313,0.04355316629432009,0.03573951469533534
Dew,13.288880076395193,0.9835993951832985,0.01640060481670147,0.7032962962962963,0.2967037037037037,1108.499844296404,28.49115545678722,0.025453016772719723,0.0007978128922600964,0.04355082362906713,0.03571157565037037
Dew,13.31054618165554,0.9835153361431889,0.016484663856811133,0.7022972972972973,0.2977027027027027,1108.3970145732321,28.517676444681438,0.025452029535560472,0.0007991807774536506,0.04354847274653001,0.035683636605405404
Dew,13.332281735943855,0.9834309817101236,0.016569018289876447,0.7012982982982984,0.2987017017017016,1108.293825642704,28.54428974505683,0.025451038771306493,0.0008005533953352343,0.0435461136027263,0.035655697560440444
Dew,13.354087079101483,0.9833463302998862,0.016653669700113838,0.7002992992992993,0.29970070070070065,1108.190275589672,28.570995859446658,0.025450044460733907,0.0008019307711159095,0.04354374615335013,0.03562775851547548
Dew,13.375962553251227,0.9832613803166002,0.016738619683399847,0.6993003003003003,0.3006996996996997,1108.0863624849667,28.597795293073244,0.02544904658447514,0.0008033129301895065,0.04354137035376957,0.03559981947051051
Dew,13.39790850280676,0.9831761301526136,0.016823869847386375,0.6983013013013013,0.3016986986986987,1107.9820843852576,28.624688554857112,0.02544804512301743,0.0008046998981336005,0.04353898615902335,0.03557188042554554
Dew,13.419925274500637,0.9830905781883926,0.016909421811607372,0.6973023023023024,0.3026976976976976,1107.8774393329256,28.651676157472835,0.025447040056701505,0.000806091700711803,0.043536593523817904,0.03554394138058058
Bubble,13.439108213463054,0.9830160160160161,0.01698398398398393,0.6964345072809806,0.30356549271901945,1107.7862385278129,28.675196296415383,0.025446164050055856,0.0008073046541768852,0.04353450824056057,0.03551967172250747
Dew,13.442013217422975,0.9830047227924104,0.016995277207589643,0.6963033033033034,0.30369669669669663,1107.7724253559327,28.67875861743123,0.025446031365720257,0.0008074883638768105,0.043534192402524256,0.03551600233561562
Dew,13.46417268299978,0.9829185623210325,0.017081437678967526,0.6953043043043043,0.30469569569569566,1107.667040467677,28.705936455010477,0.025445019030117113,0.0008088899137692045,0.04353178274917481,0.03548806329065065
Dew,13.486404025044846,0.9828320951184079,0.017167904881592144,0.6943053053053053,0.3056946946946947,1107.5612826668741,28.733210194371303,0.025444003029784956,0.000810296376721443,0.04352936451746032,0.03546012424568569
Dew,13.508707599778692,0.982745319516349,0.017254680483650975,0.6933063063063063,0.3066936936936937,1107.455149937404,28.760580363589334,0.025442983344464376,0.000811707779259528,0.04352693766072652,0.03543218520072072
Dew,13.531083765821453,0.9826582338342228,0.017341766165777206,0.6923073073073074,0.3076926926926926,1107.348640248185,28.788047494622557,0.02544195995374243,0.0008131241481028515,0.043524502131971066,0.035404246155755756
Dew,13.55353288426306,0.9825708363788236,0.017429163621176413,0.6913083083083084,0.30869169169169164,1107.2417515530203,28.815612123471507,0.02544093283705101,0.0008145455101694862,0.04352205788384002,0.03537630711079079
Dew,13.576055318619169,0.9824831254442653,0.017516874555734696,0.6903093093093093,0.30969069069069066,1107.1344817904703,28.843274790054167,0.025439901973665503,0.0008159718925734321,0.04351960486862478,0.03534836806582582
Dew,13.598651434918514,0.9823950993118514,0.017604900688148573,0.6893103103103103,0.3106896896896897,1107.026828883696,28.871036038408686,0.02543886734270314,0.0008174033226311308,0.04351714303825852,0.03532042902086086
Dew,13.621321601683555,0.9823067562499617,0.017693243750038334,0.6883113113113114,0.3116886886886886,1106.9187907403268,28.89889641662984,0.025437828923121682,0.0008188398278604666,0.04351467234431294,0.035292489975895895
Dew,13.64406618995326,0.982218094513924,0.017781905486076055,0.6873123123123124,0.3126876876876876,1106.8103652522975,28.926856476910412,0.025436786693717565,0.0008202814359827375,0.0435121927379947,0.035264550930930935
Dew,13.66688557332557,0.9821291123458917,0.01787088765410827,0.6863133133133134,0.31368668668668664,1106.7015502957156,28.95491677563145,0.02543574063312466,0.0008217281749260237,0.04350970417014205,0.03523661188596597
Dew,13.689780127957974,0.9820398079747195,0.01796019202528054,0.6853143143143143,0.31468568568568567,1106.5923437307008,28.983077873348215,0.02543469071981248,0.0008231800728256081,0.0435072065912213,0.035208672841001
Bubble,13.695621743531667,0.982017017017017,0.017982982982982954,0.6850599424880114,0.3149400575119886,1106.5644740115933,28.99026460416484,0.025434422765829502,0.0008235505921024198,0.043506569195595604,0.035201558813959914
Dew,13.712750232614734,0.9819501796158321,0.018049820384167914,0.6843153153153153,0.3156846846846847,1106.4827434012377,29.01134033489189,0.02543363693208473,0.0008246371580276908,0.04350469995132317,0.035180733796036034
Dew,13.73579626866518,0.981860225471101,0.018139774528899033,0.6833163163163164,0.3166836836836836,1106.3727471350207,29.039704729349587,0.025432579248077604,0.0008260994590896583,0.0435021842001593,0.03515279475107107
Dew,13.758918620110766,0.9817699437287117,0.018230056271288264,0.6823173173173174,0.3176826826826826,1106.2623527432988,29.068171630115778,0.025431517645758142,0.0008275670047823873,0.04349965928705864,0.03512485570610611
Dew,13.782117673627273,0.9816793325630278,0.01832066743697225,0.6813183183183184,0.31868168168168165,1106.1515580207115,29.096741614981106,0.02543045210292259,0.0008290398240936261,0.043497125160963504,0.03509691666114114
Dew,13.805393818554617,0.981588390134468,0.01841160986553203,0.6803193193193193,0.3196806806806807,1106.0403607451447,29.12541526609111,0.02542938259719482,0.0008305179462276798,0.04349458177042627,0.035068977616176174
Dew,13.828747446957987,0.9814971145893598,0.018502885410640157,0.6793203203203203,0.3206796796796797,1105.9287586775547,29.15419317008164,0.0254283091060245,0.0008320014006101394,0.04349202906360521,0.03504103857121121
Dew,13.852178953631002,0.9814055040598103,0.018594495940189693,0.6783213213213214,0.3216786786786786,1105.8167495618104,29.183075918070518,0.025427231606685446,0.0008334902168885255,0.04348946698826088,0.035013099526246254
Dew,13.875688736108602,0.9813135566635695,0.018686443336430547,0.6773223223223224,0.32267767767767763,1105.7043311245357,29.21206410567308,0.025426150076273957,0.0008349844249336204,0.04348689549175232,0.03498516048128129
Dew,13.89927719472971,0.9812212705038801,0.018778729496119917,0.6763233233233233,0.32367667667667666,1105.591501074925,29.241158333140937,0.025425064491706856,0.0008364840548443279,0.043484314521032845,0.03495722143631632
Dew,13.922944732610231,0.9811286436693515,0.018871356330648514,0.6753243243243243,0.3246756756756757,1105.4782571045955,29.27035920527871,0.025423974829719986,0.0008379891369462025,0.0434817240226465,0.03492928239135135
Dew,13.946691755710116,0.9810356742338021,0.018964325766197887,0.6743253253253254,0.3256746746746746,1105.3645968873957,29.299667331593128,0.025422881066866108,0.0008394997017966287,0.04347912394272372,0.03490134334638639
Bubble,13.951200738675842,0.981018018018018,0.018981981981981977,0.6741360178505929,0.32586398214940715,1105.3430114933178,29.3052332708863,0.025422673337772705,0.00083978656983431,0.04347863015063063,0.03489604897666824
Dew,13.970518672838747,0.9809423602561279,0.01905763974387209,0.6733263263263264,0.3266736736736736,1105.2505180792537,29.329083326289734,0.02542178317951342,0.0008410157801856554,0.04347651422697754,0.034873404301421426
Dew,13.99442589569874,0.980848699780144,0.019151300219856005,0.6723273273273274,0.32767267267267264,1105.1360183179843,29.35860780836419,0.025420681143843462,0.0008425374031395485,0.043473894820699285,0.034845465256456466
Dew,14.01841383887387,0.9807546908344452,0.01924530916555478,0.6713283283283283,0.32867167167167166,1105.0210952231203,29.388241401555593,0.02541957493584931,0.0008440646019203981,0.04347126566875457,0.03481752621149149
Dew,14.042482919893192,0.9806603314322502,0.019339668567749824,0.6703293293293293,0.3296706706706707,1104.9057463957295,29.417984734487725,0.0254184645313337,0.000845597408031125,0.043468626715579,0.03478958716652653
Dew,14.06663355924305,0.9805656195712557,0.019434380428744347,0.6693303303303304,0.3306696696696696,1104.789969418241,29.44783844068144,0.0254173499059072,0.0008471358532168061,0.04346597790517409,0.034761648121561566
Dew,14.090866180392398,0.9804705532334769,0.01952944676652313,0.6683313313313314,0.3316686686686686,1104.6737618542556,29.477803158599965,0.025416231034986206,0.0008486799694669511,0.04346331918110278,0.0347337090765966
Dew,14.115181209820701,0.9803751303850957,0.019624869614904283,0.6673323323323324,0.33266766766766764,1104.557121248356,29.507879531700212,0.02541510789379087,0.000850229789017966,0.043460650486485196,0.03470577003163164
Dew,14.139579077043138,0.9802793489763023,0.01972065102369769,0.6663333333333333,0.33366666666666667,1104.44004512593,29.538068208477476,0.025413980457343402,0.0008517853443554361,0.043457971763994206,0.034677830986666665
Dew,14.164060214646469,0.9801832069411366,0.019816793058863413,0.6653343343343344,0.3346656656656656,1104.3225309929728,29.56836984253615,0.025412848700465798,0.000853346668217171,0.04345528295585105,0.034649891941701705
Dew,14.188625058295152,0.9800867021973243,0.0199132978026757,0.6643353353353354,0.3356646646646646,1104.204576335892,29.59878509258719,0.0254117125977779,0.0008549137935941505,0.04345258400382066,0.03462195289673674
Bubble,14.205848330496941,0.9800190190190191,0.01998098098098089,0.6636369333725417,0.3363630666274583,1104.1218510361475,29.62011627481511,0.025410915751629497,0.0008560128369316034,0.04345069110566567,0.03460242066110721
Dew,14.213274046795734,0.9799898326461175,0.020010167353882502,0.6633363363363364,0.3366636636636636,1104.08617862132,29.629314622588545,0.025410572123695394,0.0008564867537356045,0.04344987484920727,0.03459401385177178
Dew,14.23800762208646,0.9798925961721294,0.020107403827870574,0.6623373373373374,0.33766266266266265,1103.9673352959157,29.659959101701894,0.0254094272524277,0.0008580655821488069,0.04344715543284979,0.03456607480680681
Dew,14.262826229299348,0.9797949906431627,0.020205009356837333,0.6613383383383383,0.3386616616616617,1103.8480437861604,29.690719204427083,0.025408277957975862,0.0008596503126040101,0.04344442569511696,0.034538135761841844
Dew,14.287730316754494,0.9796970139100448,0.020302986089955177,0.6603393393393394,0.3396606606606606,1103.7283014981551,29.721595610570116,0.02540712421413031,0.0008612409791345829,0.043441685575902785,0.034510196716876884
Dew,14.312720336027631,0.979598663806456,0.020401336193544006,0.6593403403403404,0.3406596596596596,1103.608105817427,29.75258900539066,0.025405965994468982,0.0008628376160423545,0.043438935014621705,0.03448225767191191
Dew,14.337796741948257,0.979499938148752,0.020500061851247975,0.6583413413413414,0.34165865865865863,1103.4874541087045,29.78370007957932,0.025404803272354747,0.0008644402578980415,0.04343617395020368,0.03445431862694695
Dew,14.362959992642825,0.9794008347357961,0.02059916526420391,0.6573423423423423,0.34265765765765765,1103.3663437157254,29.814929529344973,0.025403636020933547,0.000866048939544879,0.0434334023210894,0.03442637958198198
Dew,14.388210549567395,0.979301351348772,0.020698648651227947,0.6563433433433433,0.3436566566566567,1103.2447719610134,29.84627805647631,0.02540246421313197,0.0008676636961015134,0.04343062006522516,0.03439844053701702
Dew,14.413548877536122,0.9792014857510114,0.020798514248988598,0.6553443443443444,0.3446556556556556,1103.1227361456663,29.877746368393,0.025401287821654975,0.0008692845629646116,0.04342782712005797,0.03437050149205206
Dew,14.438975444746468,0.9791012356878085,0.02089876431219151,0.6543453453453454,0.3456546546546546,1103.0002335491401,29.90933517818863,0.025400106818983696,0.0008709115758112429,0.043425023422530365,0.03434256244708709
Bubble,14.459547405850666,0.9790200200200201,0.020979979979979912,0.6535388359355164,0.3464611640644836,1102.9009869951951,29.93487662666217,0.025399149861654292,0.0008722281679785859,0.04342275206070071,0.03432000676616202
Dew,14.464490722816342,0.9790005988862374,0.02099940111376264,0.6533463463463464,0.34665365365365364,1102.8772614290303,29.941045204702778,0.025398921177373038,0.0008725447706021198,0.04342220890907536,0.03431462340212212
Dew,14.490095186814358,0.9788995730549627,0.02110042694503733,0.6523473473473473,0.34765265265265266,1102.753817020843,29.97287717257606,0.02539773086884933,0.0008741841835843595,0.04341938351561107,0.034286684357157156
Dew,14.515789315298049,0.9787981558840514,0.02120184411594861,0.6513483483483484,0.3486516516516516,1102.629897537773,30.004831812324372,0.02539653586520794,0.0008758298512948192,0.04341654717753551,0.034258745312192196
Dew,14.541573590335705,0.9786963450447832,0.0213036549552168,0.6503493493493494,0.3496506506506506,1102.505500170477,30.036909860373125,0.02539533613801088,0.0008774818105622782,0.04341369982972126,0.03423080626722723
Dew,14.567448497535423,0.9785941381894532,0.021405861810546822,0.6493503503503504,0.3506496496496496,1102.3806220868378,30.069112059108946,0.025394131658584312,0.0008791400985101418,0.04341084140650998,0.03420286722226226
Dew,14.593414526097082,0.978491532951181,0.021508467048819035,0.6483513513513514,0.35164864864864864,1102.2552604317361,30.10143915698711,0.025392922398016153,0.0008808047525607896,0.043407971841707,0.0341749281772973
Dew,14.619472168841117,0.9783885269437035,0.021611473056296515,0.6473523523523523,0.35264764764764767,1102.1294123268046,30.133891908582008,0.02539170832715342,0.000882475810438277,0.04340509106857564,0.03414698913233233
Dew,14.64562192222335,0.9782851177611832,0.02171488223881679,0.6463533533533534,0.3536466466466466,1102.003074870199,30.16647107460401,0.02539048941659988,0.0008841533101700622,0.04340219901983173,0.03411905008736737
Dew,14.67186428638469,0.978181302977999,0.02181869702200101,0.6453543543543544,0.3546456456456456,1101.8762451363466,30.19917742200066,0.025389265636713298,0.0008858372900912214,0.04339929562763782,0.0340911110424024
Dew,14.698199765191358,0.9780770801485367,0.02192291985146333,0.6443553553553554,0.3556446446446446,1101.7489201756969,30.232011724034788,0.025388036957602854,0.000887527788848001,0.043396380823597334,0.034063171997437434
Bubble,14.712339493012877,0.9780210210210211,0.021978978978978936,0.643819635457485,0.356180364542515,1101.6804302479156,30.2496201401035,0.025387375902470793,0.0008884354964663722,0.04339481301573574,0.034048189497624906
Dew,14.724628866261378,0.9779724468069857,0.022027553193014304,0.6433563563563564,0.35664364364364365,1101.6210970144834,30.264974760329096,0.025386803349126633,0.0008892248454004046,0.04339345453874884,0.034035232952472474
Dew,14.751152100996949,0.9778674004671268,0.022132599532873165,0.6423573573573574,0.35764264264264256,1101.492772654465,30.298067316924808,0.025385564780888825,0.0008909284990252092,0.04339051670356016,0.03400729390750751
Dew,14.777769984626472,0.9777619386221138,0.022238061377886198,0.6413583583583584,0.3586416416416416,1101.3639440726665,30.331290186363766,0.025384321222236998,0.0008926387893196803,0.043387567247922205,0.03397935486254254
Dew,14.804483589806637,0.9776560587442862,0.022343941255713817,0.6403593593593594,0.3596406406406406,1101.2346281151385,30.364645507244656,0.02538307310080903,0.0008943557956579839,0.0433846061011438,0.03395141581757758
Dew,14.831291778812352,0.9775497582848057,0.022450241715194275,0.6393603603603604,0.36063963963963963,1101.10476202662,30.39813006680688,0.02538181900978222,0.0008960794399278129,0.04338163319194149,0.033923476772612614
Dew,14.858196739280967,0.9774430346737253,0.022556965326274714,0.6383613613613613,0.36163863863863865,1100.9744023904243,30.43174869600274,0.02538056029336665,0.0008978098810682213,0.04337864844844147,0.03389553772764765
Dew,14.885198989954002,0.9773358853194956,0.022664114680504444,0.6373623623623624,0.36263763763763757,1100.8435455540728,30.465502182394424,0.02537929690777868,0.0008995471591545747,0.04337565179816575,0.03386759868268268
Dew,14.91229744149042,0.9772283076087469,0.022771692391253096,0.6363633633633634,0.3636366366366366,1100.7121302688092,30.499387428528582,0.025378027481623325,0.0009012911995880104,0.04337264316802613,0.03383965963771772
Dew,14.939494257089336,0.9771202989063025,0.022879701093697524,0.6353643643643644,0.3646356356356356,1100.5802114558917,30.533409190900866,0.025376753322067413,0.0009030421598079052,0.043369622484324515,0.033811720592752746
Bubble,14.964208457855344,0.977022022022022,0.02297797797797796,0.6344588422033463,0.36554115779665375,1100.460175434438,30.56430972682668,0.025375593734889602,0.0009046336250613889,0.043366873970770776,0.033786395818254676
Dew,14.96678996762591,0.9770118565546964,0.022988143445303644,0.6343653653653654,0.36563463463463464,1100.4477853874225,30.567568277907814,0.025375474384585324,0.0009048000809107003,0.04336658967273946,0.033783781547787786
Dew,14.99418405771527,0.9769029778739666,0.023097022126033373,0.6333663663663665,0.36663363363363355,1100.3148109756426,30.601862973558493,0.025374189763440393,0.0009065649293451767,0.04336354465832035,0.03375584250282283
Dew,15.02167761201066,0.9767936601615437,0.023206339838456325,0.6323673673673674,0.36763263263263257,1100.1813039790072,30.63629541883828,0.025372899864007765,0.0009083367858045945,0.043360487365484306,0.033727903457857866
Dew,15.049271186044704,0.9766839006919052,0.02331609930809475,0.6313683683683684,0.3686316316316316,1100.0472611124285,30.67086647511644,0.025371604652912102,0.0009101156932789642,0.043357417718006545,0.0336999644128929
Dew,15.076965339633022,0.9765736967163481,0.023426303283651917,0.6303693693693694,0.3696306306306306,1099.9126790630476,30.70557701114032,0.025370304096489278,0.000911901695120095,0.04335433563901398,0.03367202536792793
Dew,15.104760636845949,0.9764630454627458,0.02353695453725424,0.6293703703703704,0.37062962962962964,1099.7775544899334,30.74042790294604,0.025368998160783023,0.000913694835040442,0.043351241050978435,0.033644086322962966
Dew,15.132657646108722,0.9763519441352868,0.02364805586471319,0.6283713713713714,0.37162862862862855,1099.6418840237777,30.77542003407847,0.025367686811541744,0.000915495157121149,0.043348133875709335,0.033616147277998006
Dew,15.160656940215203,0.9762403899142272,0.023759610085772764,0.6273723723723724,0.3726276276276276,1099.5056642666002,30.810554295602767,0.0253663700142154,0.0009173027058139253,0.0433450140343468,0.03358820823303304
Dew,15.188759096377815,0.976128379955616,0.023871620044384034,0.6263733733733734,0.3736266266266266,1099.3688917914196,30.845831586203047,0.025365047733951977,0.0009191175259455276,0.04334188144735391,0.03356026918806807
Bubble,15.215156830314369,0.976023023023023,0.023976976976976982,0.6254374223339756,0.3745625776660244,1099.2402224460225,30.878953305772153,0.025363803340526698,0.0009208226663580341,0.0433389349258058,0.033534093407911185
Dew,15.216964696269521,0.9760159113910429,0.023984088608957066,0.6253743743743744,0.3746256256256256,1099.2315631419524,30.881252812261685,0.02536371993559426,0.0009209396627216886,0.04333873603450975,0.033532330143103105
Dew,15.245274326067872,0.9759029813273665,0.024097018672633475,0.6243753753753755,0.37562462462462454,1099.0936748322924,30.916818887943375,0.025362386583676476,0.0009227691617312048,0.043335577714901714,0.033504391098138145
Dew,15.273688576490853,0.9757895868464413,0.024210413153558652,0.6233763763763764,0.37662362362362356,1098.9552233465795,30.952530735259508,0.025361047642420663,0.0009246060689494593,0.043332406406917906,0.03347645205317318
Dew,15.302208042878416,0.9756757250048453,0.02432427499515466,0.6223773773773774,0.3776226226226226,1098.8162051386846,30.988389284241798,0.025359703075733483,0.0009264504307452262,0.043329222028239515,0.03344851300820821
Dew,15.33083332517358,0.9755613928335999,0.024438607166400117,0.6213783783783784,0.3786216216216216,1098.676616631865,31.024395472875078,0.025358352847202337,0.0009283022938803043,0.043326024495833004,0.033420573963243244
Dew,15.359565028050108,0.9754465873378877,0.024553412662112306,0.6203793793793794,0.37962062062062063,1098.5364542184375,31.060550247381094,0.025356996920092037,0.0009301617055196606,0.043322813725942204,0.03339263491827828
Dew,15.38840376086188,0.9753313054967682,0.024668694503231836,0.6193803803803805,0.38061961961961954,1098.3957142594338,31.096854562075222,0.025355635257341063,0.0009320287132288228,0.043319589634080335,0.03336469587331332
Dew,15.417350137787638,0.9752155442628806,0.024784455737119404,0.6183813813813814,0.38161861861861857,1098.2543930842492,31.13330937969061,0.02535426782155781,0.0009339033649852823,0.04331635213502175,0.03333675682834835
Dew,15.44640477781456,0.9750993005621618,0.024900699437838236,0.6173823823823824,0.3826176176176176,1098.1124869903088,31.169915671316527,0.025352894575017097,0.00093578570917837,0.043313101142794,0.03330881778338339
Bubble,15.465187052584824,0.9750240240240241,0.024975975975975895,0.6167376692507964,0.3832623307492036,1098.0205711478272,31.193557715562026,0.025352004700347937,0.0009370027105169072,0.04331099588084084,0.03329078706544379
Dew,15.475568304803748,0.9749825712935347,0.025017428706465283,0.6163833833833834,0.3836166166166166,1097.9699922426885,31.20667441653251,0.02535151547965596,0.0009376757946150168,0.04330983657066914,0.033280878738418423
Dew,15.504841347551817,0.9748653533286167,0.02513464667138332,0.6153843843843844,0.38461561561561564,1097.8269050737779,31.243586603533032,0.025350130497070245,0.0009395736705252556,0.043306558331155556,0.03325293969345346
Dew,15.53422453982253,0.9747476435114094,0.025252356488590588,0.6143853853853855,0.38561461461461455,1097.6832216829064,31.28065322918041,0.025348739588510492,0.000941479386565594,0.04330326633598933,0.03322500064848849
Dew,15.563718520418607,0.9746294386579862,0.025370561342013764,0.6133863863863864,0.38661361361361357,1097.538938235969,31.317875299153442,0.025347342714877964,0.000943392992825286,0.04329996049612545,0.03319706160352352
Dew,15.593323933195238,0.9745107355561801,0.025489264443819937,0.6123873873873874,0.3876126126126126,1097.3940508650567,31.355253827956886,0.025345939836720677,0.0009453145398284392,0.04329664072172911,0.03316912255855856
Dew,15.623041427161557,0.9743915309652609,0.025608469034739123,0.6113883883883884,0.3886116116116116,1097.2485556680756,31.392789839140516,0.0253445309142294,0.0009472440785424595,0.043293306922166694,0.033141183513593596
Dew,15.65287165648858,0.9742718216156183,0.025728178384381684,0.6103893893893895,0.38961061061061053,1097.1024487083623,31.430484365295033,0.02534311590723343,0.0009491816603797964,0.043289959005996866,0.03311324446862863
Dew,15.682815280590079,0.9741516042084277,0.025848395791572276,0.6093903903903904,0.39060960960960955,1096.9557260142951,31.46833844822159,0.025341694775196537,0.0009511273372049462,0.04328659688096127,0.03308530542366367
Dew,15.712872964162916,0.974030875415318,0.025969124584682035,0.6083913913913914,0.3916086086086086,1096.8083835788887,31.50635313900465,0.02534026747721254,0.0009530811613385668,0.043283220453975216,0.0330573663786987
Bubble,15.714301495900791,0.9740250250250251,0.025974974974974918,0.6083430886780752,0.3916569113219248,1096.8012213834452,31.508128847341393,0.025340197794771816,0.0009531738285975163,0.04328305683587588,0.03305601549478327
Dew,15.743045377240543,0.9739096318780401,0.02609036812195986,0.6073923923923924,0.3926076076076076,1096.6604173594096,31.544529498116063,0.025338833972001245,0.0009550431855625571,0.04327982963111843,0.033029427333733735
Dew,15.773333195262634,0.9737878702081132,0.026212129791886807,0.6063933933933934,0.3936066066066066,1096.511823276948,31.582868595557255,0.02533739421790385,0.0009570134631263189,0.04327642431762511,0.03300148828876877
Dew,15.803737099106938,0.9736655869864946,0.026334413013505364,0.6053943943943945,0.39460560560560554,1096.3625972160291,31.62137151091156,0.025335948172878764,0.0009589920477503239,0.04327300441787477,0.03297354924380381
Dew,15.834257775165286,0.9735427787632115,0.02645722123678851,0.6043953953953954,0.39560460460460456,1096.2127350241715,31.66003933350121,0.025334495794496873,0.0009609789936328774,0.043269569835381896,0.03294561019883884
Dew,15.864895915401004,0.9734194420570146,0.026580557942985417,0.6033963963963964,0.3966036036036036,1096.062232511479,31.698873162500096,0.025333037039937216,0.0009629743554555698,0.04326612047278621,0.032917671153873874
Dew,15.895652217384672,0.9732955733550088,0.026704426644991175,0.6023973973973974,0.3976026026026026,1095.9110854501982,31.73787410699497,0.025331571865982155,0.0009649781883871917,0.04326265623184247,0.03288973210890891
Dew,15.926527384379748,0.9731711691122965,0.026828830887703492,0.6013983983983985,0.3986016016016015,1095.7592895742962,31.777043286164705,0.025330100229012914,0.0009669905480912594,0.043259177013410366,0.03286179306394395
Dew,15.95752212537966,0.9730462257515952,0.026953774248404838,0.6003993993993995,0.39960060060060054,1095.6068405790043,31.816381829344486,0.025328622085004665,0.000969011490730075,0.0432556827174439,0.03283385401897898
Bubble,15.962502474420486,0.9730260260260261,0.02697397397397394,0.6002382957400156,0.39976170425998436,1095.58217297866,31.82267176143315,0.025328382603754508,0.0009693360753926103,0.043255117790910916,0.03282934842649285
Dew,15.98863715518645,0.9729207396628676,0.02707926033713237,0.5994004004004004,0.40059959959959957,1095.453734120379,31.855890876188187,0.02532713738952181,0.0009710410729717994,0.04325217324298101,0.032805914974014014
Dew,16.019873194454703,0.9727947072029324,0.027205292797067626,0.5984014014014014,0.4015985985985986,1095.2999658148399,31.89557157674843,0.025325646097713015,0.0009730793519950512,0.0432486484881327,0.03277797592904905
Dew,16.05123096976716,0.9726681246950817,0.02733187530491832,0.5974024024024024,0.4025975975975976,1095.145531238711,31.935425091631537,0.02532414816430629,0.0009751263854958152,0.043245108350072343,0.03275003688408408
Dew,16.082711213687908,0.9725409884286812,0.027459011571318803,0.5964034034034035,0.4035965965965965,1094.9904259277507,31.975452592099167,0.025322643543603952,0.000977182231692757,0.04324155272502447,0.03272209783911912
Dew,16.11431466482199,0.9724132946587788,0.027586705341221207,0.5954044044044045,0.40459559559559555,1094.8346453766812,32.01565526018519,0.025321132189477537,0.0009792469493330326,0.04323798150825385,0.03269415879415415
Dew,16.146042067899195,0.9722850396056896,0.02771496039431043,0.5944054054054054,0.40559459459459457,1094.6781850387015,32.05603428886936,0.02531961405536263,0.000981320597699862,0.04323439459405391,0.032666219749189186
Dew,16.1778941738157,0.9721562194545931,0.027843780545406926,0.5934064064064064,0.4065935935935936,1094.521040325,32.09659088215143,0.02531808909425353,0.0009834032366170965,0.043230791875735385,0.032638280704224226
Bubble,16.20979225673055,0.972027027027027,0.027972972972972965,0.5924089225483293,0.40759107745167067,1094.36342574458,32.137190789538465,0.025316559106860856,0.0009854894918365617,0.04322717874594595,0.03261038403326603
Dew,16.209871739707694,0.9720268303551085,0.027973169644891493,0.5924074074074074,0.4075925925925926,1094.363206604258,32.13732625520049,0.025316557258697987,0.0009854949264561151,0.043227173245614536,0.03261034165925926
Dew,16.241975529029954,0.9718968684208807,0.028103131579119256,0.5914084084084085,0.40859159159159153,1094.2046792021526,32.17824163451607,0.025315018500791823,0.000987595728143114,0.04322353859500151,0.03258240261429429
Dew,16.27420631160483,0.971766329729142,0.02823367027085799,0.5904094094094094,0.40959059059059055,1094.045453400836,32.219338258019064,0.025313472772173322,0.0009897057031642814,0.043219887814188104,0.032554463569329326
Dew,16.30656486370208,0.9716352103202762,0.02836478967972378,0.5894104104104104,0.4105895895895896,1093.8855244384204,32.26061737521546,0.025311920024017706,0.0009918249135732371,0.043216220792435575,0.03252652452436436
Dew,16.33905196809707,0.9715035061973832,0.028496493802616762,0.5884114114114114,0.4115885885885886,1093.7248875084586,32.302080247308865,0.025310360207031538,0.0009939534219969327,0.043212537417962466,0.032498585479399406
Dew,16.371668414151767,0.9713712133258294,0.02862878667417057,0.5874124124124125,0.4125875875875875,1093.5635377594083,32.34372814736657,0.025308793271446917,0.000996091291643234,0.04320883757793201,0.03247064643443444
Dew,16.404414997890203,0.9712383276327854,0.028761672367214608,0.5864134134134135,0.41358658658658654,1093.4014702940842,32.38556236047248,0.025307219167015598,0.0009982385863081347,0.04320512115843922,0.03244270738946947
Dew,16.43729252206036,0.9711048450067685,0.028895154993231476,0.5854144144144144,0.41458558558558556,1093.2386801691184,32.42758418384792,0.025305637843003236,0.0010003953703820185,0.04320138804449809,0.03241476834450451
Bubble,16.45620530162183,0.9710280280280281,0.028971971971971877,0.5848415350317144,0.41515846496828557,1093.1449887100935,32.45176610063751,0.025304727496981157,0.0010016364675273512,0.04319923970098098,0.03239874660389336
Dew,16.470301542384863,0.9709707612971714,0.029029238702828586,0.5844154154154154,0.4155845845845846,1093.0751540354772,32.46979433144515,0.02530404905467914,0.0010025616904680071,0.04319763812002844,0.032386829299539545
Dew,16.503443386665776,0.9708360723138046,0.029163927686195357,0.5834164164164164,0.4165835835835836,1092.9109037100925,32.51219532539473,0.025302453140469996,0.0010047376492090447,0.04319387126784307,0.03235889025457458
Dew,16.53671862067562,0.9707007738263767,0.02929922617362335,0.5824174174174175,0.4175825825825825,1092.7459156112843,32.55478789551311,0.025300849851477476,0.001006923294166395,0.043190087369633236,0.03233095120960961
Dew,16.57012807480448,0.9705648615640317,0.029435138435968344,0.5814184184184185,0.41858158158158154,1092.5801846052782,32.5975733890776,0.025299239134961286,0.0010091186921805189,0.04318628630595574,0.03230301216464465
Dew,16.603672586536774,0.9704283312148453,0.029571668785154714,0.5804194194194194,0.41958058058058056,1092.4137055092417,32.64055316624893,0.025297620937663894,0.0010113239107224948,0.04318246795621883,0.032275073119679684
Dew,16.63735300054266,0.9702911784253146,0.02970882157468535,0.5794204204204204,0.4205795795795796,1092.2464730906822,32.68372860026068,0.025295995205804105,0.0010135390179026266,0.04317863219866791,0.03224713407471472
Dew,16.671170168739152,0.9701533987998571,0.02984660120014293,0.5784214214214215,0.4215785785785785,1092.0784820668498,32.72710107753776,0.025294361885070542,0.0010157640824768907,0.04317477891037156,0.03221919502974976
Bubble,16.701681109470474,0.9700290290290291,0.0299709709709709,0.5775235579156169,0.42247644208438306,1091.9268437245803,32.76625175812701,0.02529288733793147,0.0010177724362353936,0.04317130065601602,0.03219408444516838
Dew,16.70512495039441,0.9700149879002744,0.029985012099725594,0.5774224224224225,0.4225775775775775,1091.9097271041044,32.77067199791563,0.02529272092061491,0.0010179991738565497,0.04317090796720649,0.03219125598478479
Dew,16.739218212183424,0.9698759412452315,0.030124058754768535,0.5764234234234235,0.42357657657657655,1091.7402028172928,32.81444277474605,0.025291072257045147,0.0010202443621142848,0.043167019243843044,0.032163316939819823
Dew,16.77345082828847,0.9697362543097243,0.03026374569027568,0.5754244244244244,0.42457557557557557,1091.5699037691206,32.858414835107105,0.02528941583841873,0.0010224997179936076,0.04316311261373024,0.03213537789485486
Dew,16.80782368047261,0.9695959225245275,0.03040407747547247,0.5744254254254254,0.4255745745745746,1091.398824469492,32.90258961995036,0.025287751608235425,0.0010247653129163618,0.043159187949080365,0.03210743884988989
Dew,16.842337658181897,0.9694549412756477,0.030545058724352314,0.5734264264264265,0.4265735735735735,1091.226959374867,32.946968584314845,0.025286079509430452,0.0010270412189923466,0.04315524512085369,0.03207949980492493
Dew,16.876993658598284,0.9693133059037533,0.03068669409624669,0.5724274274274275,0.42757257257257253,1091.0543028875793,32.99155319742588,0.025284399484367007,0.001029327509025401,0.043151283998742504,0.03205156075995996
Dew,16.911792586749968,0.969171011703613,0.030828988296387028,0.5714284284284284,0.42857157157157155,1090.880849355169,33.036344942928,0.025282711474829037,0.001031624256523702,0.043147304451155416,0.032023621714994996
Bubble,16.94625238587345,0.9690300300300301,0.030969969969969924,0.5704432069147252,0.42955679308527484,1090.708999293868,33.08072309021384,0.025281038810255476,0.0010338996374552201,0.043143361611051055,0.0319960679855124
Dew,16.946735355614603,0.9690280539235132,0.03097194607648679,0.5704294294294294,0.4295705705705706,1090.7065930697008,33.081345319101,0.02528101542201397,0.0010339315357095944,0.04314330634520105,0.03199568267003003
Dew,16.981822886160444,0.968884427764668,0.031115572235332012,0.5694304304304305,0.4305695695695695,1090.5315282670515,33.12655583893129,0.025279311266524822,0.0010362494215249408,0.04313928954667159,0.03196774362506507
Dew,17.017056107488,0.968740128380623,0.031259871619377044,0.5684314314314315,0.4315685685685685,1090.3556491262086,33.171978030417385,0.02527759894836272,0.001038577989643837,0.04313525392002602,0.0319398045801001
Dew,17.052435956893685,0.9685951508766519,0.031404849123348066,0.5674324324324325,0.43256756756756753,1090.1789497685559,33.21761343669367,0.025275878406919097,0.001040917316479693,0.043131199328373365,0.031911865535135135
Dew,17.087963379963387,0.9684494903091324,0.03155050969086759,0.5664334334334334,0.43356656656656656,1090.0014242571294,33.2634636162237,0.02527414958096766,0.001043267479194535,0.043127125633455124,0.031883926490170175
Dew,17.123639330680668,0.9683031416849359,0.03169685831506408,0.5654344344344344,0.4345655655655656,1089.8230665958956,33.309530143027644,0.02527241240865649,0.0010456285557094295,0.043123032695628276,0.03185598744520521
Dew,17.159464771510528,0.968156099960768,0.03184390003923199,0.5644354354354355,0.4355645645645645,1089.6438707289685,33.35581460685269,0.025270666827499632,0.0010480006247131672,0.043118920373846806,0.03182804840024024
Bubble,17.18992129558093,0.968031031031031,0.03196896896896895,0.5635894273208913,0.43641057267910865,1089.4914551918414,33.39518230373256,0.025269181892439995,0.0010500180743423842,0.04311542256608609,0.03180438805746046
Dew,17.195440673508337,0.9680083600425459,0.03199163995745413,0.5634364364364365,0.4365635635635635,1089.463830539871,33.40231861340198,0.025268912774369,0.0010503837656728344,0.043114788525644286,0.03180010935527528
Dew,17.231568016398672,0.9678599167847296,0.0321400832152704,0.5624374374374375,0.43756256256256254,1089.2829398507401,33.449043784493725,0.025267150185485757,0.0010527780588422456,0.04311063700711521,0.031772170310310315
Dew,17.267847788703264,0.9677107649896621,0.03228923501033787,0.5614384384384384,0.43856156156156156,1089.1011924215506,33.495991758334036,0.025265378996411927,0.0010551835852739978,0.043106465672896485,0.03174423126534535
Dew,17.30428098781239,0.9675608994068794,0.03243910059312061,0.5604394394394395,0.4395605605605605,1088.9185819492882,33.54316418965879,0.025263599142041356,0.0010576004268274617,0.04310227437614818,0.03171629222038038
Dew,17.340868620115764,0.967410314732446,0.032589685267554014,0.5594404404404405,0.4405595595595595,1088.7351020671665,33.59056275001341,0.025261810556591175,0.0010600286661811688,0.04309806296853491,0.03168835317541542
Dew,17.377611701080383,0.9672590056082343,0.0327409943917657,0.5584414414414415,0.4415585585585585,1088.5507463437739,33.63818912790949,0.025260013173592603,0.0010624683868413727,0.04309383130020572,0.031660414130450454
Dew,17.414511255380532,0.9671069666212241,0.032893033378775915,0.5574424424424425,0.44255755755755755,1088.3655082822381,33.686045029102644,0.025258206925881772,0.0010649196731544867,0.043089579219774445,0.03163247508548549
Bubble,17.43268999140613,0.967032032032032,0.03296796796796797,0.556951838281113,0.44304816171888695,1088.2742111869193,33.70963122719866,0.025257316562789203,0.001066127743853579,0.04308748352112112,0.03161875433928142
Dew,17.45156831699212,0.9669541923027778,0.03304580769722221,0.5564434434434434,0.44355655655655657,1088.1793813193747,33.734132176787284,0.025256391745590526,0.0010673826103169616,0.04308530657429949,0.03160453604052052
Dew,17.488783929301558,0.9668006771279126,0.03319932287208738,0.5554444444444445,0.4445555555555555,1087.992358824814,33.78245231182561,0.025254567564136823,0.001069857284386298,0.04308101320926342,0.03157659699555556
Dew,17.52615914521963,0.9666464155145484,0.03335358448545156,0.5544454454454455,0.4455545545545545,1087.80443410012,33.831007192987734,0.025252734312215242,0.0010723437822924705,0.043076698968552,0.03154865795059059
Dew,17.563695027294084,0.9664914018227582,0.03350859817724183,0.5534464464464465,0.44655355355355353,1087.6156003778938,33.87979859718917,0.02525089191978711,0.0010748421918493271,0.04307236369443316,0.031520718905625626
Dew,17.601392647820948,0.9663356303539897,0.03366436964601027,0.5524474474474474,0.44755255255255255,1087.425850820857,33.928828319725326,0.02524904031607059,0.001077352601765958,0.043068007227535246,0.03149277986066066
Dew,17.63925308896256,0.9661790953502886,0.033820904649711436,0.5514484484484484,0.4485515515515516,1087.235178520928,33.97809817452151,0.02524717942953056,0.0010798751016586146,0.04306362940682534,0.03146484081569569
Bubble,17.674560617807966,0.9660330330330331,0.03396696696696688,0.5505206821482261,0.44947931785177386,1087.0572670430447,34.02407135717179,0.02524544279944701,0.00108222863767933,0.043059544476156154,0.031438893938466723
Dew,17.677277442861122,0.9660217909935027,0.033978209006497284,0.5504494494494495,0.4495505505505505,1087.043576498281,34.02760999437283,0.02524530918786837,0.0010824097820623716,0.04305923006958694,0.03143690177073073
Dew,17.71546681176112,0.9658637114044738,0.0341362885955262,0.5494504504504505,0.4505495495495495,1086.8510377003859,34.0773656312044,0.025243429518011326,0.0010849567344434988,0.04305480905139738,0.031408962725765766
Dew,17.753822308138627,0.9657048506422147,0.034295149357785326,0.5484514514514515,0.45154854854854853,1086.6575550010364,34.127366956347764,0.02524154034610213,0.001087516051212415,0.043050366186104846,0.0313810236808008
Dew,17.792345054795312,0.965545202703075,0.03445479729692502,0.5474524524524524,0.45254754754754756,1086.4631211993583,34.17761586073586,0.025239641597487983,0.0010900878257341115,0.043045901305805004,0.03135308463583584
Dew,17.831036185019652,0.9653847615198904,0.03461523848010961,0.5464534534534535,0.45354654654654647,1086.2677290188083,34.228114255253075,0.02523773319670973,0.0010926721523435864,0.04304141424081724,0.03132514559087087
Dew,17.86989684268813,0.965223520961125,0.03477647903887504,0.5454544544544545,0.4545455455455455,1086.0713711061494,34.27886407094711,0.025235815067490577,0.0010952691263569412,0.043036904819660625,0.031297206545905905
Dew,17.908928182389158,0.9650614748299834,0.03493852517001661,0.5444554554554555,0.4555445445445445,1085.874040030406,34.32986725929334,0.0252338871327247,0.001097878844084221,0.04303237286902914,0.031269267500940945
Bubble,17.91553531391809,0.9650340340340341,0.034965965965965906,0.5442867783645905,0.4557132216354095,1085.840622520537,34.33850389904759,0.025233560580416366,0.001098320743046865,0.043031605431191194,0.03126455010199364
Dew,17.948131369589277,0.9648986168635277,0.035101383136472264,0.5434564564564565,0.45654354354354354,1085.6757282818157,34.38112579255667,0.025231949314465787,0.0011005014028454383,0.04302781821376696,0.031241328455975974
Dew,17.987507580713967,0.9647349407317626,0.03526505926823742,0.5424574574574574,0.45754254254254256,1085.4764282707451,34.43264166395701,0.025230001533915147,0.0011031369009803964,0.04302324067684283,0.03121338941101101
Dew,18.027058003336222,0.9645704400367208,0.035429559963279234,0.5414584584584585,0.4585415415415415,1085.2761323266125,34.48441688808277,0.02522804371140995,0.0011057854378665173,0.04301864007932458,0.031185450366046048
Dew,18.066783836255127,0.9644051083115146,0.0355948916884854,0.5404594594594595,0.4595405405405405,1085.0748326967555,34.53645350105172,0.025226075766410786,0.001108447113928655,0.04301401624035247,0.03115751132108108
Dew,18.106686289685932,0.964238939019389,0.03576106098061105,0.5394604604604605,0.4605395395395395,1084.872521545318,34.5887535609283,0.025224097617489498,0.0011111220306572029,0.043009368977112813,0.031129572276116117
Dew,18.146766585356982,0.9640719255527456,0.03592807444725443,0.5384614614614615,0.46153853853853855,1084.6691909520935,34.641319147927064,0.02522210918231649,0.0011138102906194194,0.04300469810481066,0.031101633231151154
Bubble,18.155616215925512,0.9640350350350351,0.03596496496496493,0.5382414814058888,0.4617585185941112,1084.624277376752,34.65292980275216,0.025221669883574147,0.0011144040434049724,0.04300366638622623,0.03109548104013775
Dew,18.18702595669712,0.9639040612321556,0.03609593876784445,0.5374624624624625,0.46253753753753746,1084.464832911355,34.694152364824156,0.02522011037764792,0.001116511997477514,0.04300000343664215,0.03107369418618619
Dew,18.227465648932206,0.9637353393053628,0.036264660694637185,0.5364634634634635,0.4635365365365365,1084.259439330673,34.747255337160524,0.025218101119312674,0.001119227256000116,0.04299528478376666,0.03104575514122122
Dew,18.268086919272108,0.9635657529462501,0.03643424705374987,0.5354644644644645,0.4645355355355355,1084.0530020296987,34.800630213652816,0.025216081322199074,0.0011219561720805075,0.0429905419552779,0.031017816096256257
Dew,18.3088910370356,0.9633952952538071,0.03660470474619293,0.5344654654654655,0.4655345345345345,1083.8455127389395,34.85427916646221,0.025214050900241453,0.0011246988527503661,0.042985774758175034,0.03098987705129129
Dew,18.34987928381089,0.9632239592510731,0.03677604074892693,0.5334664664664664,0.46653353353353355,1083.6369630985043,34.90820439154529,0.025212009766406262,0.001127455406196235,0.04298098299733313,0.030961938006326326
Dew,18.391052953604564,0.9630517378840523,0.036948262115947705,0.5324674674674675,0.46753253253253246,1083.4273446568277,34.96240810897862,0.025209957832678192,0.0011302259417752295,0.04297616647547281,0.030933998961361366
Bubble,18.394805459082658,0.963036036036036,0.03696396396396395,0.5323766423683948,0.46762335763160523,1083.4082313666574,34.967349794216716,0.025209770686684122,0.0011304785190159028,0.04297572734126126,0.030931458852182594
Dew,18.432413353003977,0.9628786240206313,0.03712137597936871,0.5314684684684685,0.4685315315315315,1083.2166488693833,35.0168925633144,0.025207895010045948,0.0011330105700318373,0.04297132499312996,0.0309060599163964
Dew,18.473961801340604,0.9627046104494565,0.037295389550543456,0.5304694694694695,0.4695305305305305,1083.0048670973574,35.07166002393888,0.02520582120848765,0.0011358094027148955,0.04296645834862437,0.030878120871431436
Dew,18.515699630830188,0.9625296898788006,0.03747031012119939,0.5294704704704705,0.47052952952952953,1082.7919906063128,35.12671278537772,0.02520373633695624,0.0011386225527929435,0.042961566338028015,0.03085018182646647
Dew,18.557628186754904,0.9623538549354139,0.03764614506458608,0.5284714714714714,0.47152852852852856,1082.5780105648232,35.18205316769825,0.02520164030336434,0.0011414501344728023,0.042956648755132915,0.030822242781501502
Dew,18.599748827619297,0.9621770981633453,0.03782290183665471,0.5274724724724725,0.47252752752752747,1082.362918043082,35.23768351685187,0.02519953301456894,0.00114429226321631,0.04295170539141821,0.03079430373653654
Bubble,18.63310517933216,0.9620370370370371,0.037962962962962865,0.5266845738324998,0.4733154261675002,1082.1924842432932,35.28176440297444,0.025197862967407298,0.0011465441474620471,0.0429477882962963,0.030772268543756476
Dew,18.64206292533614,0.9619994120227487,0.038000587977251254,0.5264734734734735,0.4735265265265265,1082.1467040114953,35.29360620508538,0.02519741437635604,0.0011471490557593905,0.0429467360360167,0.030766364691571575
Dew,18.684571865380338,0.9618207888886647,0.038179211111335265,0.5254744744744745,0.4745255255255255,1081.9293593392354,35.34982363127984,0.02519528429342456,0.0011500206301288665,0.04294174047568085,0.03073842564660661
Dew,18.727277046964016,0.9616412210497918,0.03835877895020823,0.5244754754754755,0.47552452452452454,1081.7108747927875,35.40633822133815,0.025193142669370335,0.0011529071056609534,0.042936718494748366,0.03071048660164164
Dew,18.77017988321849,0.9614607007072085,0.03853929929279154,0.5234764764764765,0.47652352352352345,1081.491241034444,35.463152428589,0.02519098940666958,0.0011558086030203849,0.04293166987510653,0.03068254755667668
Dew,18.813281801391348,0.9612792199731036,0.038720780026896384,0.5224774774774775,0.4775225225225225,1081.2704486208083,35.52026873422575,0.02518882440666244,0.0011587252442207864,0.04292659439615659,0.030654608511711715
Dew,18.856584242988536,0.9610967708694677,0.038903229130532346,0.5214784784784785,0.4785215215215215,1081.0484880012298,35.57768964762045,0.025186647569535498,0.0011616571526410773,0.04292149183477724,0.030626669466746748
Bubble,18.87051751454268,0.9610380380380381,0.03896196196196189,0.5211580176780247,0.4788419823219753,1080.9770357581226,35.59617398638398,0.025185946703309814,0.0011626009040800098,0.042919849251331334,0.030617707126722023
Dew,18.900088663996485,0.9609133453267604,0.039086654673239574,0.5204794794794795,0.4795205205205205,1080.8253495162487,35.63541770682102,0.02518445879430481,0.001164604453047956,0.04291636196528732,0.030598730421781784
Dew,18.943796535057388,0.9607289351825538,0.039271064817446244,0.5194804804804805,0.48051951951951954,1080.6010233959826,35.69345547894207,0.025182257978798004,0.0011675672716150228,0.04291120455940789,0.030570791376816814
Dew,18.987709341663617,0.960543532180156,0.03945646781984402,0.5184814814814815,0.48151851851851846,1080.3754997585042,35.751805560600324,0.025180045019636377,0.0011705457359434722,0.04290601938622371,0.030542852331851854
Dew,19.031828584348705,0.9603571279672137,0.03964287203278627,0.5174824824824825,0.4825175175175175,1080.148768608187,35.81047057834246,0.025177819812216555,0.00117353997508265,0.04290080621214419,0.030514913286886887
Dew,19.076155778891447,0.9601697140942683,0.03983028590573168,0.5164834834834835,0.4835165165165165,1079.9208198340016,35.869453189104,0.025175582250691702,0.0011765501195517385,0.04289556480086297,0.03048697424192192
Bubble,19.10704460558804,0.9600390390390391,0.03996096096096091,0.5157901155630649,0.48420988443693513,1079.7618856613515,35.91057875103316,0.02517402187187001,0.0011786487623372394,0.04289191020636637,0.03046758279355686
Dew,19.12069245651071,0.9599812820133024,0.04001871798669765,0.5154844844844845,0.4845155155155155,1079.6916432078006,35.92875608064744,0.025173332227952563,0.001179576301360883,0.04289029491331731,0.030459035196956957
Dew,19.165440164084238,0.9597918230762673,0.040208176923732686,0.5144854854854856,0.48551451451451444,1079.4612283825736,35.98838197205585,0.025171069635608036,0.0011826186540342576,0.042884996307646896,0.030431096151991993
Dew,19.21040046432783,0.9596013285335545,0.04039867146644549,0.5134864864864865,0.48651351351351346,1079.2295648906493,36.04833361413729,0.025168794363965415,0.0011856773126303222,0.04287966873915106,0.03040315710702703
Dew,19.255574936043804,0.9594097895324712,0.04059021046752875,0.5124874874874875,0.4875125125125125,1078.996642141891,36.108613789987515,0.025166506302010287,0.0011887524137674038,0.0428743119602462,0.03037521806206206
Dew,19.300965174316268,0.9592171971156589,0.04078280288434111,0.5114884884884885,0.4885115115115115,1078.7624494218283,36.16922531543253,0.025164205337385837,0.00119184409564546,0.04286892572042152,0.030347279017097096
Bubble,19.34268859713991,0.9590400400400401,0.040959959959959935,0.5105743818109726,0.4894256181890274,1078.5470337021577,36.22497877149138,0.025162088450483542,0.0011946876941533444,0.0428639711614014,0.030321714159082747
Dew,19.346572790729233,0.959023542219506,0.04097645778049397,0.5104894894894895,0.48951051051051053,1078.5269758897873,36.23017103952425,0.02516189135637219,0.001194952498069715,0.042863509766194616,0.03031933997213213
Dew,19.392399413593825,0.9588288156725138,0.04117118432748623,0.5094904904904906,0.49050950950950944,1078.2902105769567,36.29145384505752,0.02515956424386485,0.00119807776247513,0.04285806384106582,0.03029140092716717
Dew,19.438446688178065,0.9586330081936347,0.04136699180636527,0.5084914914914915,0.49150850850850847,1078.0521423844302,36.35307664909421,0.02515722388335306,0.0012012200319512448,0.04285258768547171,0.030263461882202206
Dew,19.484716276920313,0.9584361103905807,0.04156388960941926,0.5074924924924925,0.4925075075075075,1077.8127600812074,36.41504240345113,0.02515487015689758,0.0012043794512659582,0.04284708103673778,0.030235522837237242
Dew,19.53120985969675,0.9582381127581158,0.04176188724188423,0.5064934934934935,0.4935065065065065,1077.5720523021791,36.477354095311675,0.02515250294510825,0.001207556166893538,0.04284154362903074,0.030207583792272275
Bubble,19.577451638303582,0.958041041041041,0.04195895895895896,0.5055046784777654,0.49449532152223463,1077.3324796288796,36.539374006882234,0.02515014641646748,0.0012107176701786325,0.04283603211643643,0.030179929563174803
Dew,19.577929134023083,0.9580390056762796,0.04196099432372036,0.5054944944944946,0.4945055055055054,1077.3300075460313,36.54001474768942,0.025150122127120787,0.0012107503270378818,0.04283597519330874,0.030179644747307312
Dew,19.624875815321072,0.9578387794086073,0.04216122059139271,0.5044954954954955,0.49550450450450445,1077.0866141731458,36.60302742004,0.025147727580573407,0.001213962081660822,0.0428303754572717,0.03015170570234235
Dew,19.67205163714539,0.9576374241003055,0.0423625758996945,0.5034964964964965,0.4965035035035035,1076.841860403444,36.66639520878412,0.02514531918158279,0.0012171915825076422,0.042824744145310206,0.030123766657377378
Dew,19.719458351466546,0.9574349297763795,0.04256507022362055,0.5024974974974975,0.4975025025025025,1076.5957343141838,36.730121247959026,0.02514289680471967,0.001220438983136999,0.042819080978453196,0.030095827612412415
Dew,19.767097728886156,0.9572312863397628,0.042768713660237156,0.5014984984984985,0.4985015015015015,1076.3482238377483,36.79420870971803,0.02514046032298412,0.0012237044389459633,0.042813385674315606,0.030067888567447448
Bubble,19.811335883094966,0.9570420420420421,0.04295795795795787,0.500575192396826,0.499424807603174,1076.1182231891678,36.853764315437616,0.025138195747063618,0.0012267386600325425,0.04280809307147147,0.03004206642876973
Dew,19.814971558929404,0.9570264835693576,0.0429735164306424,0.5004994994994995,0.49950050050050054,1076.0993167593347,36.85866080500625,0.02513800960777985,0.0012269881072010627,0.04280765794704357,0.03003994952248248
Dew,19.863081650287192,0.9568205111180825,0.04317948888191751,0.49950050050050054,0.5004994994994995,1075.8490007146536,36.92348078412391,0.025135544528888543,0.0012302901470657517,0.04280189750725986,0.03001201047751752
Dew,19.9114298311008,0.9566133585108436,0.04338664148915639,0.4985015015015015,0.5014984984984985,1075.5972631875375,36.988671937387274,0.025133064954443254,0.0012336107196312938,0.04279610406200711,0.029984071432552554
Dew,19.960017949216986,0.9564050151425106,0.043594984857489374,0.49750250250250255,0.5024974974974974,1075.3440915075478,37.05423759572449,0.025130570750901617,0.0012369499879456409,0.042790277314691205,0.029956132387587587
Dew,20.008847872488232,0.9561954702757995,0.04380452972420047,0.49650350350350353,0.5034964964964965,1075.0894728474893,37.12018113137489,0.025128061783018244,0.001240308117045933,0.0427844169650221,0.029928193342622623
Bubble,20.044343490790986,0.9560430430430431,0.043956956956956894,0.4957804140194257,0.5042195859805743,1074.9042641300873,37.16814946728543,0.02512623641944062,0.0012427506325076866,0.04278015402650651,0.02990797067009784
Dew,20.057921489046116,0.9559847130391559,0.04401528696084406,0.4955045045045045,0.5044954954954954,1074.8333942209038,37.18650595852948,0.025125537913816613,0.0012436852739892122,0.042778522708954596,0.029900254297657657
Dew,20.107240707575077,0.9557727324245759,0.044227267575424084,0.49450550550550554,0.5054944944944945,1074.5758424795076,37.25321553397398,0.025122999004560522,0.0012470816278833952,0.042772594238627414,0.029872315252692693
Dew,20.156807457638656,0.9555595172853926,0.044440482714607425,0.4935065065065065,0.5064934934934935,1074.3168043105798,37.32031335785225,0.02512044491472485,0.0012504973499224536,0.04276663124230127,0.029844376207727726
Dew,20.206623689951023,0.9553450563340048,0.044654943665995206,0.49250750750750755,0.5074924924924924,1074.056266234289,37.38780297430804,0.025117875501965755,0.00125393261341771,0.04276063340429537,0.02981643716276276
Dew,20.25669137668206,0.9551293381395782,0.04487066186042181,0.4915085085085085,0.5084914914914915,1073.7942146009777,37.45568797220473,0.025115290622090163,0.0012573875938319294,0.04275460040492311,0.0297884981177978
Bubble,20.276476626187275,0.9550440440440441,0.04495595595595592,0.4911151178887137,0.5088848821112864,1073.6906021982072,37.482529155822405,0.025114268410695865,0.0012587535557486492,0.04275221498154154,0.029777496146598373
Dew,20.307012511779867,0.9549123511256713,0.04508764887432869,0.49050950950950956,0.5094904904904904,1073.5306355883733,37.52397198588606,0.025112690129024735,0.00126086246881498,0.0427485319204257,0.029760559072832832
Dew,20.357589111293816,0.9546940835678591,0.045305916432140894,0.48951051051051053,0.5104894894894895,1073.2655151987803,37.59265869594056,0.02511007387478426,0.001264357418239819,0.04274242762290566,0.02973262002786787
Dew,20.4084232136668,0.9544745235912528,0.04552547640874718,0.4885115115115115,0.5114884884884885,1072.9988392561627,37.6617518298986,0.02510744170943904,0.0012678726242364138,0.04273628718025752,0.0297046809829029
Dew,20.459516880079107,0.9542536591680193,0.045746340831980696,0.48751251251251254,0.5124874874874874,1072.7305934032204,37.731255163048274,0.02510479348108216,0.001271408271229857,0.04273011025609837,0.029676741937937942
Bubble,20.50773745976795,0.9540450450450451,0.04595495495495494,0.48657434460117904,0.513425655398821,1072.4772371396552,37.796903007660035,0.025102291697856476,0.0012747473974032777,0.04272427593657657,0.029650504158434964
Dew,20.510872194786035,0.9540314781148016,0.045968521885198455,0.4865135135135135,0.5134864864864865,1072.460763098354,37.801172519239444,0.025102129035795437,0.0012749645459783016,0.04272389650969578,0.029648802892972975
Dew,20.56249126545214,0.9538079680901389,0.04619203190986114,0.48551451451451455,0.5144854854854854,1072.189333612619,37.87150777168275,0.025099448217615162,0.0012785416376109367,0.042717645595895644,0.02962086384800801
Dew,20.614376223496606,0.9535831165917741,0.04641688340822597,0.4845155155155155,0.5154844844844845,1071.916290026566,37.94226484377637,0.02509675086849681,0.0012821397376671184,0.042711357165046815,0.029592924803043045
Dew,20.666529224432782,0.9533569109539598,0.04664308904604024,0.48351651651651656,0.5164834834834835,1071.6416172270578,38.01344770992225,0.025094036828279133,0.0012857590401353662,0.04270503086292583,0.02956498575807808
Dew,20.71895244825784,0.9531293383446721,0.04687066165532799,0.48251751751751754,0.5174824824824824,1071.3652999039934,38.08506039645793,0.025091305934647416,0.0012893997414964945,0.04269866633065898,0.029537046713113115
Bubble,20.738128167792496,0.9530460460460461,0.04695395395395385,0.4821533841248482,0.5178466158751518,1071.264168700158,38.111270591437176,0.02509030625788006,0.001290732124753988,0.04269633689161161,0.029526862979954997
Dew,20.77164809978612,0.9529003857627757,0.04709961423722432,0.48151851851851857,0.5184814814814814,1071.0873225469745,38.1571069824647,0.025088558023096064,0.0012930620407627953,0.042692263204642984,0.02950910766814815
Dew,20.824618409036752,0.9526700400351416,0.04732995996485845,0.48051951951951954,0.5194804804804805,1070.8076694419037,38.2295916007008,0.02508579292689021,0.0012967461395216907,0.04268582111646441,0.029481168623183188
Dew,20.877865631606998,0.9524382878136707,0.04756171218632933,0.4795205205205205,0.5204794794794795,1070.5263246674915,38.30251843850562,0.02508301047702659,0.001300452241978645,0.04267933969281644,0.02945322957821822
Dew,20.931392049064108,0.9522051155722981,0.04779488442770186,0.47852152152152155,0.5214784784784785,1070.2432720917225,38.375891738748884,0.025080210502193584,0.001304180555001849,0.04267281855541508,0.029425290533253257
Bubble,20.96765093231479,0.9520470470470471,0.047952952952952876,0.47784776035615406,0.5221522396438459,1070.051396625053,38.4256314254979,0.02507831206765476,0.0013067077048274527,0.04266839784664665,0.029406447427790975
Dew,20.98519996933922,0.951970509603895,0.048029490396105004,0.47752252252252253,0.5224774774774774,1069.9584953682145,38.44971580078769,0.025077392828730328,0.0013079312881674326,0.04266625732091252,0.029397351488288287
Dew,21.039291727126518,0.951734456017129,0.048265543982870925,0.47652352352352356,0.5234764764764764,1069.6719779325208,38.52399498143902,0.02507455728058499,0.0013117046538054541,0.04265965560080929,0.029369412443323323
Dew,21.09366968428381,0.951496940733236,0.048503059266763994,0.47552452452452454,0.5244754754754755,1069.3837029983372,38.59873369595895,0.025071703679272042,0.0013155008670463879,0.042653013001364044,0.02934147339835836
Dew,21.148336230264754,0.9512579494827481,0.04874205051725192,0.47452552552552557,0.5254744744744744,1069.093653553647,38.67393641909679,0.025068831843828722,0.0013193201458704287,0.042646329123502,0.029313534353393393
Bubble,21.196307941210044,0.9510480480480481,0.0489519519519519,0.47365321680952305,0.5263467831904769,1068.8389206593083,38.73998498487913,0.02506630910399948,0.001322674104495726,0.042640458801681685,0.0292891384606406
Dew,21.203293782531205,0.9510174678021147,0.04898253219788524,0.47352652652652655,0.5264734734734735,1068.8018123567515,38.74960768610864,0.025065941590770285,0.0013231627111556944,0.04263960356272045,0.02928559530842843
Dew,21.2585447869985,0.9507754810302925,0.049224518969707504,0.4725275275275276,0.5274724724724724,1068.508161932255,38.82575209384866,0.02506303273404461,0.0013270287867293627,0.04263283590899344,0.029257656263463466
Dew,21.314091718459384,0.9505319743052254,0.0494680256947746,0.47152852852852856,0.5284714714714714,1068.2126845669286,38.90237430181703,0.025060105084985514,0.001330918599417617,0.04262602574667321,0.0292297172184985
Dew,21.36993708106523,0.9502869325602445,0.04971306743975543,0.47052952952952953,0.5294704704704705,1067.9153623054774,38.97947903334033,0.025057158452264906,0.001334832379100415,0.042619172654389664,0.029201778173533532
Bubble,21.4241013127765,0.9500490490490491,0.04995095095095092,0.46956570334343667,0.5304342966565634,1067.6267405250007,39.054330534929214,0.025054297343135128,0.001338631284649126,0.04261251975671672,0.029174822808034028
Dew,21.42608340874652,0.9500403405204436,0.04995965947955641,0.46953053053053057,0.5304694694694694,1067.6161769462738,39.05707107662092,0.02505419264184446,0.001338770358762079,0.04261227620494887,0.02917383912856857
Dew,21.48253326570515,0.9497921826988892,0.05020781730111084,0.46853153153153154,0.5314684684684685,1067.31511003691,39.135155285951555,0.025051207456925392,0.0013427327745478524,0.04260533596522715,0.029145900083603606
Dew,21.539289246900704,0.9495424433928139,0.05045755660718611,0.4675325325325326,0.5324674674674674,1067.0121428697162,39.2137365829214,0.025048202697897638,0.0013467198658204801,0.04259835149606456,0.02911796103863864
Dew,21.59635397850805,0.949291106679696,0.050708893320304024,0.46653353353353355,0.5334664664664664,1066.7072564771574,39.292819957563445,0.02504517816228772,0.0013507318752151037,0.04259132235215533,0.029090021993673672
Bubble,21.651033392857006,0.94905005005005,0.050949949949949946,0.46558136383668164,0.5344186361633183,1066.4148560100625,39.3686678166239,0.02504227676276666,0.001354579223550283,0.04258458071175176,0.02906339262567503
Dew,21.653730118443782,0.9490381564132571,0.050961843586742904,0.4655345345345346,0.5344654654654655,1066.4004316271255,39.372410469660664,0.02504213364470538,0.0013547690486999339,0.04258424808193582,0.02906208294870871
Dew,21.711420356856685,0.9487835762193499,0.05121642378065005,0.46453553553553556,0.5354644644644644,1066.0916488181135,39.452513249977734,0.025039068936788936,0.0013588316356347126,0.042577128227469604,0.029034143903743745
Dew,21.769427416650828,0.9485273494917936,0.05147265050820632,0.46353653653653654,0.5364634634634635,1065.780888274314,39.53313350157108,0.025035983827149506,0.0013629198888322099,0.042569962324330975,0.02900620485877878
Dew,21.827754054017564,0.9482694593880739,0.051730540611926085,0.46253753753753757,0.5374624624624624,1065.4681299405736,39.61427650112507,0.02503287810131386,0.0013670340646209792,0.04256274990148464,0.028978265813813815
Bubble,21.87710637819638,0.9480510510510511,0.05194894894894886,0.4616965247360322,0.5383034752639678,1065.2032668559643,39.68299618951138,0.02503024733944876,0.001370517887464049,0.04255664166678679,0.028954745175153604
Dew,21.886403058966152,0.9480098888249597,0.05199011117504029,0.46153853853853855,0.5384614614614615,1065.1533534772436,39.695947600291035,0.025029751541665913,0.0013711744229085766,0.0425554904811632,0.028950326768848848
Dew,21.94537725587335,0.9477486204740194,0.05225137952598055,0.4605395395395396,0.5394604604604605,1064.8365382549084,39.778152227075346,0.02502660392738671,0.0013753412272468379,0.042548183578741725,0.028922387723883888
Dew,22.004679504059258,0.9474856367570414,0.052514363242958516,0.45954054054054055,0.5404594594594594,1064.5176633490144,39.860895887292514,0.025023435034393485,0.001379534744899791,0.042540828702609654,0.02889444867891892
Dew,22.064312698347656,0.9472209198413232,0.052779080158676876,0.4585415415415416,0.5414584584584584,1064.19670753433,39.9441841659908,0.025020244635276502,0.001383755246911003,0.04253342535403908,0.028866509633953957
Bubble,22.102322355744533,0.9470520520520521,0.05294794794794788,0.4579076844045009,0.5420923155954991,1063.991972769072,39.99731472682614,0.025018209048849018,0.0013864472336297688,0.04252870262182183,0.028848782526048056
Dew,22.124279769650236,0.9469544516348692,0.05304554836513077,0.45754254254254256,0.5424574574574574,1063.8736492793175,40.028022728938076,0.025017032499235124,0.0013880030081734145,0.042525973027050454,0.02883857058898899
Dew,22.184583685568988,0.9466862137814873,0.053313786218512633,0.45654354354354354,0.5434564564564565,1063.5484667403634,40.11241732415596,0.025013798392011895,0.0013922783075012524,0.042518471208275406,0.028810631544024027
Dew,22.24522745101046,0.9464161876557258,0.053583812344274284,0.45554454454454457,0.5444554554554555,1063.2211377558485,40.1973737834879,0.025010542075825183,0.0013965814277035408,0.0425109193768152,0.02878269249905906
Dew,22.30621410880484,0.9461443543577518,0.05385564564224824,0.45454554554554555,0.5454544544544544,1062.8916398401213,40.282898024186046,0.025007263309300216,0.001400912655658697,0.04250331700409742,0.028754753454094093
Bubble,22.32668360118378,0.9460530530530531,0.053946946946946905,0.45421150320535947,0.5457884967946405,1062.780973510231,40.31162290162025,0.025006161867852934,0.0014023672338835072,0.042500763576856865,0.028745411278604416
Dew,22.36754674032094,0.9458706947080366,0.05412930529196332,0.4535465465465466,0.5464534534534534,1062.5599501772763,40.36899605049746,0.025003961847398316,0.0014052722823895342,0.04249566355372745,0.028726814409129133
Dew,22.429228466162026,0.9455951892419897,0.05440481075801028,0.45254754754754756,0.5474524524524524,1062.2260456148447,40.45567395543908,0.025000637441344686,0.0014096606031452873,0.042487958481338295,0.028698875364164163
Dew,22.491262446791218,0.9453178182043788,0.05468218179562123,0.4515485485485486,0.5484514514514514,1061.889902657256,40.54293792242472,0.02499728983855389,0.0014140779174789473,0.042480201234434585,0.0286709363191992
Bubble,22.550192335203306,0.9450540540540541,0.05494594594594593,0.4506047942635718,0.5493952057364282,1061.570268821768,40.625920033176655,0.024994105772849145,0.0014182778555192046,0.0424728245318919,0.028644542305361086
Dew,22.553651883219473,0.9450385615437216,0.05496143845627841,0.45054954954954957,0.5494504504504505,1061.5514974592486,40.63079422704069,0.02499391878255428,0.001418524529330248,0.042472391252235724,0.028642997274234232
Dew,22.61640001770253,0.9447573989064137,0.055242601093586266,0.4495505505505506,0.5504494494494494,1061.2108058189906,40.71924923885134,0.024990524012909625,0.0014230007471101752,0.04246452796551163,0.028615058229269272
Dew,22.679510134450855,0.9444743096308162,0.05552569036918373,0.4485515515515516,0.5514484484484484,1060.8678031711418,40.80830942324328,0.024987105265139534,0.0014275068837873313,0.042456610796417424,0.028587119184304306
Dew,22.74298556034029,0.9441892727411667,0.05581072725883332,0.44755255255255255,0.5524474474474474,1060.5224645797105,40.897981343281714,0.024983662270637672,0.0014320432569752265,0.04244863915832313,0.02855918013933934
Bubble,22.77285078345255,0.9440550550550552,0.05594494494494484,0.4470845148511542,0.5529154851488458,1060.3598584454514,40.94020542734164,0.024982040740150976,0.0014341790660504028,0.04244488548692693,0.028546090510222825
Dew,22.80682966566784,0.9439022669413126,0.056097733058687316,0.4465535535535536,0.5534464464464464,1060.1747647307054,40.98827166167822,0.024980194756587634,0.0014366101890239907,0.04244061245563837,0.028531241094374372
Dew,22.871045864888217,0.9436132706083205,0.0563867293916795,0.44555455455455456,0.5544454454454455,1059.8246779246429,41.07918714272656,0.024976702445876974,0.001441208007111503,0.04243253008363373,0.028503302049409412
Dew,22.935637617417598,0.9433222617859182,0.05667773821408185,0.4445555555555556,0.5554444444444444,1059.4721780688612,41.17073465440021,0.024973185057009156,0.0014458370433407387,0.04242439142825725,0.028475363004444445
Bubble,22.994661176383794,0.9430560560560561,0.056943943943943864,0.44364775834776005,0.55635224165224,1059.1497421224526,41.25447837900426,0.024969966745995265,0.0014500708332355384,0.04241694644196197,0.028449974603622138
Dew,23.000608428378406,0.9430292181777664,0.056970781822233585,0.44355655655655657,0.5564434434434434,1059.117238669628,41.262921170330344,0.024969642304012846,0.0014504976348334833,0.04241619586594632,0.028447423959479478
Dew,23.06596184945221,0.942734117140563,0.05726588285943697,0.4425575575575576,0.5574424424424425,1058.759832824061,41.35575377203722,0.024966073896349205,0.0014551901238335193,0.04240794276343481,0.02841948491451452
Dew,23.131701479670646,0.9424369356769836,0.057563064323016354,0.4415585585585586,0.5584414414414414,1058.3999332118544,41.449239651036535,0.024962479538816786,0.0014599148578060205,0.04239963147755563,0.028391545869549548
Dew,23.197830966284755,0.9421376504284239,0.05786234957157613,0.4405595595595596,0.5594404404404404,1058.0375120867723,41.543386111134076,0.024958858931453706,0.0014646721895441631,0.04239126135503775,0.028363606824584588
Bubble,23.215625749076466,0.9420570570570571,0.05794294294294289,0.44029174673243854,0.5597082532675615,1057.939919593297,41.56873817432531,0.024957883766540977,0.0014659531251003982,0.042389007396997004,0.02835611689253598
Dew,23.26435400560388,0.9418362376675643,0.058163762332435705,0.4395605605605606,0.5604394394394394,1057.6725412679393,41.638200570666285,0.024955211769437505,0.0014694624772744718,0.04238283173229828,0.02833566777961962
Dew,23.331274343914362,0.9415326732907591,0.058467326709240916,0.43856156156156156,0.5614384384384384,1057.3049921309223,41.73369056493343,0.024951537742982383,0.0014742860847695828,0.04237434193522959,0.028307728734654657
Dew,23.398595778339427,0.9412269328101969,0.05877306718980313,0.4375625625625626,0.5624374374374375,1056.934835598546,41.82986374851673,0.024947836537233457,0.0014791433814575767,0.04236579127898009,0.028279789689689694
Bubble,23.435746741042685,0.9410580580580581,0.05894194194194191,0.43701382356589363,0.5629861764341064,1056.7303905978226,41.88298409262913,0.02494579177786794,0.0014818259099544017,0.04236106835203204,0.02826444308422029
Dew,23.46632215780231,0.9409189913458827,0.05908100865411726,0.4365635635635636,0.5634364364364364,1056.5620421315073,41.926727897841296,0.0249441078321586,0.001484034742540662,0.04235717906772996,0.028251850644724727
Dew,23.534457383952805,0.940608823617413,0.059391176382586924,0.4355645645645646,0.5644354354354354,1056.1865817187324,42.024290913673624,0.0249403513024371,0.0014889605491122404,0.04234850459446114,0.02822391159975976
Dew,23.603005412138035,0.9402964039355007,0.059703596064499306,0.4345655655655656,0.5654344344344344,1055.808423867469,42.122560823734894,0.024936566617345526,0.0014939211882787796,0.042339767140720304,0.028195972554794797
Bubble,23.655026396072575,0.9400590590590591,0.059940940940940934,0.43381144742648126,0.5661885525735187,1055.5211548751283,42.19721540818609,0.024933690755975367,0.001497689156407889,0.04233312930706708,0.0281748821026343
Dew,23.671970252401778,0.9399817061933264,0.06001829380667357,0.4335665665665666,0.5664334334334333,1055.4275375931388,42.22154578539517,0.02493275344064024,0.0014989170532852807,0.042330965976377005,0.028168033509829833
Dew,23.74135597048916,0.9396647038576144,0.06033529614238561,0.4325675675675676,0.5674324324324325,1055.043891408911,42.32125408839812,0.024928911430437215,0.001503948543642579,0.04232210035937405,0.028140094464864866
Dew,23.811166688897725,0.9393453699595047,0.060654630040495316,0.43156856856856857,0.5684314314314314,1054.6574533150028,42.421694157707776,0.024925040239088096,0.0015090160652597455,0.04231316953547227,0.0281121554198999
Bubble,23.873466962042386,0.9390600600600602,0.06093993993993985,0.430682185765947,0.5693178142340529,1054.312212163536,42.51143139168688,0.024921580676780727,0.001513542833383194,0.04230519026210211,0.028087365916603674
Dew,23.881406587919795,0.9390236770851542,0.06097632291484574,0.4305695695695696,0.5694304304304304,1054.268190787688,42.52287455635591,0.024921139513053133,0.001514120030577297,0.042304172737987596,0.028084216374934932
Dew,23.95207990676407,0.9386995973661023,0.06130040263389771,0.4295705705705706,0.5704294294294294,1053.8760707680167,42.62480398848624,0.02491720889277055,0.0015192608587082234,0.04229510918752168,0.028056277329969972
Dew,24.023190944646853,0.9383731024693656,0.06162689753063443,0.4285715715715716,0.5714284284284283,1053.481059650228,42.72749130235251,0.02491324801252227,0.0015244389755782086,0.04228597809168485,0.028028338285005006
Bubble,24.091070690742118,0.9380610610610611,0.06193893893893887,0.42762370915400777,0.5723762908459922,1053.103562200533,42.825631311506136,0.024909461516118055,0.0015293869101223674,0.04227725121713714,0.028001829378858503
Dew,24.094744061941164,0.9380441635872722,0.06195583641272786,0.4275725725725726,0.5724274274274275,1053.0831232698547,42.830945493467524,0.02490925650029604,0.0015296548140720822,0.04227677864481178,0.028000399240040042
Dew,24.166743681358028,0.9377127514270014,0.06228724857299865,0.4265735735735736,0.5734264264264264,1052.6822268914887,42.935175707847094,0.02490523397764348,0.001534908814184546,0.04226751002766901,0.027972460195075075
Dew,24.239194289119123,0.9373788361998404,0.06262116380015956,0.4255745745745746,0.5744254254254254,1052.2783351962169,43.040191245258825,0.024901180059534338,0.0015402014231719705,0.042258171407154384,0.027944521150110112
Bubble,24.30783983769321,0.9370620620620621,0.0629379379379379,0.4246337858835703,0.5753662141164297,1051.8952047227299,43.13981443492531,0.02489733324973675,0.0015452213561969314,0.042249312172172176,0.027918210075157247
Dew,24.31210043623536,0.9370423876101672,0.06295761238983273,0.42457557557557557,0.5754244244244244,1051.8714122687286,43.146001562731406,0.024897094354206527,0.0015455330957144433,0.04224876193598905,0.027916582105145145
Dew,24.385466739708566,0.93670337484409,0.06329662515590997,0.4235765765765766,0.5764234234234233,1051.4614215840375,43.25261627791924,0.024892976463011925,0.0015509042940735963,0.04223928075239967,0.027888643060180178
Dew,24.459297883873642,0.936361766557785,0.06363823344221493,0.4225775775775776,0.5774224224224225,1051.0483259938444,43.36004517280635,0.024888825980257743,0.0015563154882635656,0.04222972697979224,0.027860704015215215
Bubble,24.523776269796926,0.9360630630630631,0.06393693693693692,0.42171027691024315,0.5782897230897568,1050.6871393451588,43.45397913074748,0.02488519585044244,0.0015610461092396173,0.04222137312720721,0.027836448182759845
Dew,24.533598621696203,0.9360175308655034,0.06398246913449661,0.4215785785785786,0.5784214214214214,1050.632087712517,43.468298197339806,0.024884642493043306,0.001561767156220447,0.04222009972641678,0.027832764970250248
Dew,24.60837377613621,0.9356706353272386,0.06432936467276146,0.4205795795795796,0.5794204204204204,1050.212668302674,43.57738547323906,0.0248804255810922,0.0015672597839790988,0.0422103980850223,0.027804825925285284
Dew,24.683628241544206,0.9353210469360516,0.06467895306394841,0.4195805805805806,0.5804194194194194,1049.7900286603688,43.687317297908564,0.02487617481657948,0.0015727938658547313,0.04220062113250243,0.02777688688032032
Bubble,24.73888301807485,0.9350640640640641,0.06493593593593594,0.4188511311025367,0.5811488688974633,1049.4793660387145,43.76812642672096,0.024873049299402816,0.001576861202617239,0.04219343408224225,0.02775648633758989
Dew,24.75936698508992,0.9349687321050072,0.06503126789499279,0.4185815815815816,0.5814184184184183,1049.3641289998247,43.79810414845403,0.024871889763953724,0.0015783699046293279,0.04219076792953002,0.027748947835355357
Dew,24.835595048225088,0.9346136566537633,0.06538634334623673,0.41758258258258263,0.5824174174174174,1048.9349288377678,43.90975668580814,0.024867569979754162,0.0015839884117431413,0.04218083752018207,0.027721008790390394
Dew,24.912317548185268,0.9342557857947396,0.06574421420526046,0.4165835835835836,0.5834164164164164,1048.5023869772642,44.02228575897747,0.024863215012421943,0.0015896499074917268,0.04217082893155292,0.027693069745425427
Bubble,24.95316197153789,0.9340650650650651,0.06593493493493485,0.41605438078049056,0.5839456192195094,1048.2718844214482,44.08225472994182,0.0248608935693676,0.0015926665760252854,0.04216549503727728,0.02767826950946321
Dew,24.989539679540368,0.9338950841189113,0.06610491588108869,0.4155845845845846,0.5844154154154154,1048.066461491124,44.13570240943352,0.02485882440210607,0.001595354921229377,0.04216074117335696,0.02766513070046046
Dew,25.067266715780057,0.9335315155811696,0.06646848441883041,0.4145855855855856,0.5854144144144144,1047.6271097048032,44.25001787561918,0.02485439768046348,0.0016011039915779688,0.042150573237519195,0.0276371916554955
Dew,25.145504010925002,0.9331650434852381,0.06683495651476185,0.4135865865865866,0.5864134134134134,1047.1842881787945,44.365243597551064,0.02484993437045309,0.0016068976666405515,0.042140324097753395,0.02760925261053053
Bubble,25.166615398948707,0.9330660660660661,0.06693393393393388,0.41331813752283125,0.5866818624771688,1047.0646942259991,44.396363312072985,0.0248487286357336,0.0016084622003907786,0.042137555992312316,0.027601744884826522
Dew,25.22425700120822,0.9327956304681845,0.06720436953181551,0.4125875875875876,0.5874124124124124,1046.7379526905308,44.481391221619155,0.024845433986123586,0.0016127365042233818,0.042129992709128934,0.02758131356556557
Dew,25.303531206787106,0.932423238484407,0.06757676151559303,0.4115885885885886,0.5884114114114114,1046.2880582156947,44.598472605496475,0.024840896032394574,0.0016186210720633117,0.04211957800762295,0.0275533745206006
Bubble,25.379245571992378,0.9320670670670671,0.0679329329329329,0.41064058822371957,0.5893594117762804,1045.8577951838986,44.7104514475766,0.024836554473806047,0.0016242480469847783,0.04210961694734735,0.027526861756476294
Dew,25.383332233500226,0.9320478287891866,0.06795217121081344,0.41058958958958963,0.5894104104104103,1045.8345589090197,44.716499823192805,0.02483632000483137,0.001624551948061784,0.042109078909660334,0.027525435475635636
Dew,25.46366577468664,0.9316693619217252,0.06833063807827475,0.4095905905905906,0.5904094094094094,1045.3774080844853,44.8354851702935,0.02483170538941247,0.0016305297205269954,0.04209849431163936,0.027497496430670672
Dew,25.544537613012174,0.9312877976876565,0.06871220231234357,0.40859159159159164,0.5914084084084084,1044.916558194913,44.95544116926159,0.024827051662289996,0.0016365549884198348,0.042087823089442596,0.027469557385705706
Bubble,25.591054765091595,0.9310680680680681,0.06893193193193192,0.40801999138219863,0.5919800086178013,1044.6511870255295,45.02451841419358,0.024824371058797257,0.0016400240874214532,0.04208167790238239,0.027453571419785605
Dew,25.625953622418322,0.9309030951410372,0.06909690485896276,0.4075925925925926,0.5924074074074074,1044.4519608109474,45.07638057506301,0.024822358289542604,0.0016426283616131018,0.04207706409793319,0.027441618340740742
Dew,25.707919770062553,0.930515212565773,0.06948478743422705,0.4065935935935936,0.5934064064064064,1043.9835665993844,45.19831638082479,0.02481762472692054,0.0016487504611535121,0.04206621617043548,0.027413679295775772
Dew,25.7904421183271,0.9301241074564603,0.06987589254353965,0.4055945945945946,0.5944054054054053,1043.5113253008235,45.32126182370003,0.02481285041958268,0.001654921919532856,0.042055278118199126,0.027385740250810812
Bubble,25.80204525527542,0.9300690690690692,0.06993093093093083,0.405454673608289,0.594545326391711,1043.4448694800808,45.338563493366806,0.02481217836582533,0.0016557902936571453,0.04205373885741743,0.027381827074989963
Dew,25.873526826905273,0.9297297364986656,0.07027026350133436,0.4045955955955956,0.5954044044044045,1043.0351857066617,45.4452303909623,0.02480803480182535,0.00166114338096921,0.04204424872984765,0.027357801205845845
Dew,25.95718015493069,0.9293320555485153,0.07066794445148475,0.40359659659659664,0.5964034034034034,1042.555095635292,45.57023582625489,0.02480317729680195,0.0016674155016955302,0.04203312677080755,0.027329862160880885
Bubble,26.012219322022013,0.9290700700700701,0.07092992992992986,0.40294302633139195,0.597056973668608,1042.238842275504,45.652585970640395,0.02479997636991274,0.001671546637989987,0.042025799812452455,0.027311583735131095
Dew,26.041408463161403,0.9289310196117135,0.07106898038828648,0.4025975975975976,0.5974024024024024,1042.0710019076364,45.69629213602399,0.024798277316234175,0.0016737389502567645,0.04202191098272158,0.027301923115915915
Dew,26.12621821624007,0.928526582821833,0.07147341717816706,0.40159859859859864,0.5984014014014014,1041.5828503218327,45.82341359618587,0.024793334260113285,0.00168011440781736,0.04201060008284152,0.02727398407095095
Dew,26.211615985011527,0.9281186984179535,0.07188130158204657,0.4005995995995996,0.5994004004004003,1041.0905856271631,45.95161475898933,0.024788347516391935,0.0016865425684778417,0.041999192763402846,0.027246045025985984
Bubble,26.221579247119287,0.9280710710710711,0.07192892892892888,0.40048350269723326,0.5995164973027667,1041.0331051384755,45.96658513595552,0.024787765045985108,0.0016872930930574783,0.04199786076748749,0.027242798139273633
Dew,26.297608448908633,0.9277073187215517,0.07229268127844829,0.3996006006006006,0.6003993993993995,1040.594151497118,46.080910460100505,0.02478331646066577,0.001693024139601498,0.04198768769097838,0.027218105981021024
Dew,26.384202398411475,0.9272923951126353,0.07270760488736468,0.39860160160160163,0.6013983983983984,1040.0934905015824,46.21131582592468,0.024778240455844317,0.0016995598421518058,0.04197608350581088,0.027190166936056057
Bubble,26.430127314524974,0.9270720720720721,0.0729279279279279,0.3980746146410459,0.6019253853589541,1039.8276577943534,46.28056028391147,0.0247755443688699,0.0017030296318340755,0.04196992172252252,0.027175428670650717
Dew,26.471404737581206,0.9268738780051182,0.07312612199488182,0.3976026026026026,0.6023973973973974,1039.5885440781356,46.342846281171354,0.02477311885181109,0.0017061504110408884,0.04196437882112426,0.027162227891091094
Dew,26.55922248663773,0.9264517168213594,0.07354828317864058,0.39660360360360364,0.6033963963963964,1039.0792525023949,46.475517556597026,0.024767950985072246,0.0017127965954866797,0.04195257222241164,0.02713428884612613
Bubble,26.63786581023964,0.9260730730730731,0.07392692692692693,0.3957149301254265,0.6042850698745734,1038.6224999671372,46.594510714016586,0.02476331431329512,0.0017187562276296166,0.04194198267755756,0.02710943527941501
Dew,26.647662784678687,0.9260258599658816,0.07397414003411842,0.3956046046046046,0.6043953953953953,1038.5655548573852,46.60934569714699,0.02476273617839314,0.0017194991593870146,0.04194066226670021,0.02710634980116116
Dew,26.73673289241602,0.9255962547981926,0.0744037452018074,0.39460560560560565,0.6053943943943944,1038.0473890018895,46.74434707022422,0.024757473740422753,0.001726258881700728,0.04192864748179125,0.0270784107561962
Dew,26.826440195032188,0.9251628476047074,0.07483715239529264,0.3936066066066066,0.6063933933933934,1037.5246915377418,46.88053837431624,0.024752162965305167,0.0017330765568443543,0.04191652636547475,0.027050471711231233
Bubble,26.844797022158087,0.9250740740740742,0.07492592592592584,0.3934030705321072,0.6065969294678928,1037.417631379428,46.90843573082173,0.02475107485388802,0.0017344728540846328,0.0419140436325926,0.027044779409694266
Dew,26.916792205107093,0.9247255835696777,0.07527441643032232,0.3926076076076076,0.6073923923923924,1036.9973977759857,47.017936647876155,0.024746803132277378,0.0017399529951006875,0.04190429738471653,0.027022532666266266
Dew,27.007796565641286,0.9242844067452117,0.07571559325478823,0.39160860860860863,0.6083913913913914,1036.4654417019538,47.15655927851854,0.02474139350525364,0.0017468890230415445,0.04189195897481961,0.026994593621301303
Bubble,27.05092323996379,0.9240750750750751,0.07592492492492486,0.3911377081978325,0.6088622918021676,1036.2130517523933,47.22233464413691,0.024738825965173933,0.0017501794851696637,0.04188610458762763,0.02698142393067711
Dew,27.099461053169208,0.9238392600201656,0.07616073997983439,0.3906096096096096,0.6093903903903903,1035.9287559390652,47.29642401252114,0.024735933332394617,0.0017538854839644993,0.04187950953855437,0.02696665457633634
Dew,27.191793580997437,0.9233900850880428,0.07660991491195718,0.38961061061061064,0.6103893893893894,1035.387271711445,47.43754896471581,0.024730421845661692,0.00176094323834678,0.0418669474452607,0.026938715531371372
Bubble,27.25624675499293,0.9230760760760761,0.07692392392392389,0.3889175640850931,0.611082435914907,1035.0087608057277,47.536206769115495,0.02472656762157497,0.001765876095180653,0.04185816554266266,0.02691933307147036
Dew,27.284802202474662,0.9229368224136977,0.07706317758630234,0.3886116116116116,0.6113883883883884,1034.8409188051953,47.57995262856483,0.024724858260355486,0.0017680631643088843,0.04185427102991678,0.02691077648640641
Dew,27.378495114448405,0.9224794111989647,0.07752058880103524,0.38761261261261265,0.6123873873873873,1034.289625528378,47.72365388677501,0.024719241774637826,0.0017752461581010885,0.04184147859217789,0.026882837441441442
Bubble,27.460769860119743,0.9220770770770771,0.07792292292292291,0.3867414055792164,0.6132585944207836,1033.804758257616,47.850051426356195,0.024714299797408835,0.0017815626587358332,0.0418302264976977,0.026858472359490168
Dew,27.472880660782074,0.9220177893469383,0.07798221065306167,0.3866136136136136,0.6133863863863864,1033.7333186694773,47.86867202217266,0.024713571569036013,0.0017824931346027103,0.0418285683953774,0.02685489839647648
Dew,27.567967335985685,0.9215518934251616,0.07844810657483836,0.38561461461461466,0.6143853853853853,1033.171923454542,48.015026728964536,0.02470784680592985,0.001789805027838879,0.04181553866549723,0.026826959351511512
Dew,27.663763788992398,0.9210816586272899,0.07891834137271016,0.38461561561561564,0.6153843843843844,1032.6053635026376,48.16273812446333,0.024702066629019363,0.0017971827915178673,0.04180238759009576,0.026799020306546545
Bubble,27.664494849652733,0.9210780780780782,0.07892192192192182,0.38460804440391266,0.6153919555960874,1032.601043824702,48.16386794201538,0.0247020224668877,0.0017972391507737446,0.04180228745273274,0.026798808562166
Dew,27.760278827034934,0.9206070187335254,0.07939298126647461,0.3836166166166166,0.6163833833833834,1032.0335607798052,48.31182676118165,0.02469623016277302,0.0018046273995855587,0.04178911331720125,0.02677108126158158
Dew,27.85752141964627,0.920127906069524,0.07987209393047599,0.38261761761761764,0.6173823823823823,1031.456435551295,48.46231363935576,0.024690336511855555,0.0018121398467994584,0.04177571395416262,0.026743142216616618
Bubble,27.867424019192057,0.9200790790790792,0.07992092092092085,0.382516334647937,0.617483665352063,1031.3976172220407,48.47765564779326,0.024689735604116723,0.001812905546547204,0.041774348407767774,0.02674030963175224
Dew,27.955500702823592,0.9196442514638388,0.08035574853616118,0.3816186186186186,0.6183813813813814,1030.8739063320754,48.614220219994806,0.024684384760534153,0.0018197211493259724,0.04176218756645924,0.02671520317165165
Dew,28.0542259832908,0.9191559842037865,0.08084401579621345,0.38061961961961965,0.6193803803803803,1030.2858898355348,48.76756843831739,0.024678373972062642,0.0018273723453559587,0.041748532176466666,0.026687264126686684
Bubble,28.069559665552475,0.9190800800800801,0.08091991991991987,0.3804651708959837,0.6195348291040164,1030.194478163078,48.79141388104248,0.02467743918309318,0.0018285618216225083,0.04174640936280281,0.02668294465305481
Dew,28.15370674293906,0.9186630319896006,0.08133696801039936,0.37962062062062063,0.6203793793793794,1029.692300920208,48.92238071776293,0.024672303188041745,0.001835094495745704,0.04173474576217444,0.026659325081721724
Dew,28.253952643393152,0.9181653208869753,0.08183467911302464,0.37862162162162166,0.6213783783783784,1029.0930525346098,49.078679984468785,0.024666171427755314,0.0018428886846794295,0.04172082625585887,0.026631386036756757
Bubble,28.27090408666249,0.9180810810810811,0.08191891891891889,0.3784534864574664,0.6215465135425335,1028.9916263596153,49.105141984786,0.02466513317770529,0.0018442079518758594,0.04171847031783783,0.026626683793895416
Dew,28.354973530751984,0.9176627752776968,0.08233722472230322,0.37762262262262264,0.6223773773773773,1028.4880556598926,49.23648968233151,0.024659977687480635,0.0018507560203579222,0.041706771542702366,0.02660344699179179
Dew,28.456779440480076,0.9171553178084957,0.08284468219150429,0.37662362362362367,0.6233763763763763,1027.8772192504086,49.39583378860978,0.02465372093977213,0.001858697635711898,0.04169257945936291,0.026575507946826827
Bubble,28.471459581416376,0.9170820820820821,0.08291791791791792,0.3764802516873696,0.6235197483126305,1027.7890615217627,49.41883930765691,0.024652817561730683,0.0018598439134871823,0.04169053127287287,0.026571498258150732
Dew,28.55938060249073,0.9166428693378259,0.08335713066217404,0.37562462462462465,0.6243753753753754,1027.260450171911,49.556736830170664,0.024647400132716654,0.001866714689144101,0.04167824779248576,0.02654756890186186
Dew,28.662787446370032,0.9161253488806773,0.08387465111932273,0.3746256256256256,0.6253743743743744,1026.6376531374456,49.719223900276475,0.024641014189159764,0.0018748083652964753,0.04166377427715986,0.0265196298568969
Bubble,28.671228449638797,0.9160830830830832,0.08391691691691683,0.3745444723934426,0.6254555276065574,1026.5867833579255,49.73250520400519,0.024640492308835762,0.0018754696829409142,0.04166259222790791,0.026517360241206305
Dew,28.767010606809684,0.9156026735511597,0.08439732644884039,0.37362662662662666,0.6263733733733734,1026.0087306406926,49.883320676076046,0.024634562005900827,0.001882979875848787,0.04164915659531223,0.026491690811931933
Bubble,28.870212991943767,0.9150840840840841,0.08491591591591585,0.3726451883248222,0.6273548116751778,1025.3847915747594,50.04613903381433,0.024628157392574204,0.001891085237019861,0.041634653182942946,0.02646424288768784
Dew,28.872060929272614,0.91507475850285,0.08492524149714997,0.37262762762762763,0.6273723723723723,1025.3735828867057,50.049053436867524,0.024628042452855894,0.0018912304603514534,0.04163439237403955,0.026463751766966966
Dew,28.977949475766657,0.9145415168667831,0.08545848313321687,0.37162862862862867,0.6283713713713713,1024.7321077199304,50.21644908286408,0.024621454372186758,0.0018995613870826796,0.041619479183874,0.026435812722002006
Bubble,29.068415509668565,0.9140850850850851,0.08591491491491487,0.3707814717371194,0.6292185282628806,1024.1830858771466,50.35974016271561,0.024615812786386023,0.001906690552803235,0.04160671413797798,0.026412120251330887
Dew,29.08468753092121,0.9140028596869045,0.08599714031309541,0.37062962962962964,0.6293703703703704,1024.0842005493002,50.38553515491601,0.024614796577394286,0.0019079739539472557,0.041604414536978045,0.02640787367703704
Dew,29.192286608235122,0.9134586958529848,0.08654130414701525,0.3696306306306307,0.6303693693693693,1023.4297542703812,50.5563398549067,0.024608067852374627,0.001916469489406602,0.041589195885268264,0.026379934632072072
Bubble,29.26583212841014,0.9130860860860861,0.0869139139139139,0.36895242602962686,0.6310475739703731,1022.9816639708505,50.67329337954817,0.02460345841555959,0.0019222850544813243,0.04157877509301302,0.026360967256867616
Dew,29.300758456583548,0.9129089320307411,0.08709106796925896,0.36863163163163165,0.6313683683683684,1022.7686591842939,50.72889206703601,0.02460126695043586,0.001925049353448414,0.041573820618461016,0.026351995587107113
Dew,29.410115066938978,0.9123534725891093,0.08764652741089077,0.3676326326326326,0.6323673673673673,1022.1008029133627,50.903221379905894,0.024594392593274006,0.0019337149385929562,0.04155828606203853,0.02632405654214214
Bubble,29.462477336337685,0.9120870870870871,0.08791291291291292,0.3671571844502942,0.6328428155497058,1021.7805294931488,50.98682680272479,0.024591094347935497,0.0019378698089382311,0.041550836048048045,0.026310759663808757
Dew,29.52036867937053,0.9117922195244945,0.08820778047550551,0.36663363363363366,0.6333663663663663,1021.4260703132464,51.07935810957175,0.024587443469905223,0.0019424676709424876,0.04154258947513032,0.02629611749717718
Dew,29.631531790308088,0.9112250723818539,0.08877492761814611,0.36563463463463464,0.6343653653653654,1020.7443433814253,51.25733332354589,0.02458041823555274,0.0019513090112736457,0.041526728048306205,0.026268178452212212
Bubble,29.658347424725306,0.9110880880880882,0.08891191191191183,0.36539490886483494,0.6346050911351651,1020.5796802036557,51.30032564765753,0.024578720509984584,0.001953444257740819,0.041522897003083085,0.026261474032019193
Dew,29.743617160059674,0.9106519281724416,0.0893480718275584,0.36463563563563567,0.6353643643643643,1020.0555011618413,51.437178865748415,0.02457331551048616,0.0019602404561728987,0.0415106989012758,0.026240239407247245
Bubble,29.85344469688267,0.9100890890890891,0.08991091091091086,0.3636647885859537,0.6363352114140464,1019.3791157998357,51.61378930213112,0.024566336874680534,0.0019690083791174136,0.04149495795811812,0.02621308768897491
Dew,29.856637820649297,0.9100726812880761,0.08992731871192393,0.36363663663663665,0.6363633633633634,1019.3594196454998,51.61892738257722,0.02456613387881006,0.0019692635392219654,0.041494499080490875,0.026212300362282285
Dew,29.9706070839591,0.9094872234116664,0.09051277658833358,0.3626376376376377,0.6373623623623623,1018.6559716667826,51.80261235008346,0.024558871887199782,0.001978379832233037,0.04147812555664301,0.026184361317317318
Bubble,30.047771456408295,0.9090900900900901,0.09090990990990988,0.3619660392596797,0.6380339607403203,1018.1788359772274,51.927217159419556,0.02455394341487773,0.0019845621515783307,0.04146701891315316,0.026165578698617034
Dew,30.085538550163122,0.9088954434239204,0.09110455657607966,0.36163863863863865,0.6383613613613613,1017.9450267953342,51.988268102247424,0.02455152804358147,0.0019875909465339853,0.04146157522205452,0.02615642227235235
Dew,30.201446116527,0.90829722730595,0.09170277269405008,0.36063963963963963,0.6393603603603604,1017.2264512232126,52.17592986054784,0.024544100815753235,0.001996898534311322,0.04144484488795459,0.026128483227387388
Bubble,30.241330007121046,0.9080910910910911,0.0919089089089089,0.36029790180525206,0.6397020981947479,1016.9788404294204,52.24060861822813,0.024541540103310333,0.0020001055539128516,0.04143907986818819,0.026118925831703558
Dew,30.318343986558677,0.9076924580375308,0.09230754196246917,0.35964064064064066,0.6403593593593593,1016.5001076470551,52.36563376481842,0.024536588629944338,0.0020063042900111024,0.04142793128163395,0.02610054418242242
Bubble,30.434122652975223,0.9070920920920922,0.09290790790790782,0.3586596414058307,0.6413403585941693,1015.7791288480206,52.55396308264137,0.024529126912591,0.0020156385651863714,0.041411140823223225,0.02607310853758252
Dew,30.43624667951619,0.9070810154909086,0.0929189845090914,0.35864164164164164,0.6413583583583584,1015.7658551450619,52.55741690543348,0.024528989869309008,0.0020158099517998056,0.041410831043474865,0.026072605137457457
Dew,30.555169040327847,0.9064627763197521,0.09353722368024787,0.35764264264264267,0.6423573573573573,1015.0235490484258,52.7513173569792,0.02452130287235133,0.00202541730309167,0.04139354072384556,0.02604466609249249
Bubble,30.626151698000644,0.9060930930930932,0.09390690690690684,0.35705054654703233,0.6429494534529676,1014.5797009226302,52.867279962088055,0.02451670381521002,0.0020311611647385484,0.04138320177825826,0.026028106917302715
Dew,30.67512624988433,0.905837613843097,0.09416238615690295,0.35664364364364365,0.6433563563563564,1014.2730408069682,52.94737421335009,0.0245135259312774,0.0020351281741406396,0.04137605677985445,0.026016727047527527
Dew,30.796133835801598,0.905205397923961,0.09479460207603892,0.3556446446446447,0.6443553553553554,1013.514177848636,53.145627624531215,0.024505657290270582,0.0020449444437074522,0.04135837557195533,0.025988788002562564
Bubble,30.817419446230915,0.9050940940940941,0.09490590590590586,0.35546992810081013,0.6445300718991899,1013.3805563408185,53.180558671293106,0.024504270783534177,0.0020466733321809726,0.04135526273329329,0.02598390169799248
Dew,30.918207683630918,0.9045659948423207,0.09543400515767926,0.35464564564564566,0.6453543543543543,1012.7468034324977,53.34611883504914,0.024497695143685185,0.0020548680408017657,0.04134049336039498,0.025960848957597597
Bubble,31.007928201621787,0.9040950950950951,0.09590490490490489,0.3539171184521671,0.6460828815478329,1012.1816947880911,53.49379863022846,0.024491827789805597,0.0020621750473948904,0.04132732368832834,0.025940474208436495
Dew,31.04136404852394,0.9039192671621398,0.09608073283786024,0.3536466466466467,0.6463533533533533,1011.9707564949132,53.54889022414862,0.0244896376341549,0.0020649009465020926,0.04132240630149425,0.02593290991263263
Dew,31.165619567434586,0.9032650735922753,0.09673492640772474,0.35264764764764767,0.6473523523523523,1011.1858714885486,53.75398534792425,0.024481482850609596,0.00207504519586298,0.041304110443758105,0.025904970867667666
Bubble,31.197680268005392,0.9030960960960961,0.09690390390390391,0.3523914706662723,0.6476085293337277,1010.9831159478733,53.806999264060494,0.02447937480614094,0.0020776662905291382,0.04129938464336337,0.025897806355782465
Dew,31.29099127181472,0.9026032688403961,0.09739673115960394,0.35164864864864864,0.6483513513513514,1010.3919782135421,53.961448983353726,0.024473228826196836,0.0020853028799080312,0.041285601723790116,0.025877031822702706
Bubble,31.386677949012064,0.9020970970970972,0.09790290290290282,0.3508923576940529,0.6491076423059471,1009.784819501475,54.120160003117036,0.024466911804530082,0.002093147041998626,0.041271445598398404,0.025855880603323885
Dew,31.417496600907388,0.9019337034601844,0.0980662965398156,0.3506496496496497,0.6493503503503504,1009.5889016407498,54.17132717451848,0.024464873536100655,0.002095676147720471,0.04126687596201912,0.02584909277773774
Dew,31.545153415591685,0.9012562236909807,0.0987437763090193,0.34965065065065065,0.6503493493493493,1008.7764617263866,54.38366728095767,0.024456414895253263,0.0021061672086299045,0.04124792885821461,0.025821153732772772
Bubble,31.57492354801047,0.9010980980980982,0.09890190190190185,0.34941917161397934,0.6505808283860206,1008.5868051280701,54.43328028283582,0.02445443875683522,0.002108617282482417,0.04124350655343344,0.025814679949295025
Dew,31.673980012905805,0.9005706712895234,0.09942932871047656,0.3486516516516517,0.6513483483483483,1007.95447321754,54.59851802850194,0.024447850755931543,0.0021167783345094286,0.041228755986780954,0.02579321468780781
Bubble,31.762419368052356,0.9000990990990991,0.09990090090090087,0.3479713229082354,0.6520286770917646,1007.3890725046713,54.74635954369964,0.02444195563478982,0.0021240769929213653,0.04121556750846848,0.025774187906627537
Dew,31.803995141161593,0.8998768833533383,0.10012311664666175,0.34765265265265266,0.6523473473473473,1007.1227454481095,54.81592956244598,0.024439178905233068,0.002127511862178463,0.04120935279181815,0.025765275642842846
Dew,31.93525971790748,0.8991746921350562,0.10082530786494377,0.3466536536536537,0.6533463463463463,1006.2810247930887,55.03604982795798,0.024430395670538955,0.002138373938525398,0.041189714581928806,0.02573733659787788
Bubble,31.949167711812837,0.8991001001001001,0.10089989989989989,0.3465482397715439,0.6534517602284561,1006.1916213061064,55.059397231248525,0.024429462409997608,0.00213952615451862,0.04118762846350351,0.02573438848362036
Dew,32.06771322068682,0.8984639248482867,0.10153607515171327,0.34565465465465467,0.6543453453453454,1005.4292191362456,55.25874680567845,0.024421501371055,0.0021493598475790633,0.04116983652478903,0.025709397552912915
Bubble,32.13517088152103,0.8981011011011012,0.1018988988988988,0.34514936745075325,0.6548506325492467,1004.99445120499,55.37239279595226,0.024416959053931417,0.0021549647487350563,0.04115968941853855,0.025695266165469913
Dew,32.20141462900151,0.8977444034615855,0.1022555965384145,0.3446556556556557,0.6553443443443443,1004.567067117556,55.48416471809606,0.024412492292709746,0.002160475609316531,0.041149713641386296,0.025681458507947952
Bubble,32.320431178918234,0.8971021021021022,0.10289789789789783,0.34377416761381857,0.6562258323861814,1003.7975618716998,55.68534569324178,0.024404445537932223,0.0021703927572906717,0.041131750373573576,0.025656805896622364
Dew,32.33638468517824,0.8970159444836272,0.10298405551637274,0.3436566566566567,0.6563433433433433,1003.6943541209274,55.71236003228979,0.02440336593288287,0.002171723849145943,0.041129340800011384,0.025653519462982985
Dew,32.472644671990686,0.8962783587361792,0.10372164126382073,0.34265765765765765,0.6573423423423423,1002.8108589258284,55.94339094947988,0.024394119708937158,0.0021831072715974313,0.041108712709909075,0.025625580418018018
Bubble,32.50495090520687,0.8961031031031031,0.10389689689689685,0.34242211774648723,0.6575778822535128,1002.6009529743617,55.99825538345473,0.024391921833208267,0.002185810162162888,0.04110381132860861,0.025618993063900718
Dew,32.61021643291961,0.8955314511152029,0.10446854888479704,0.3416586586586587,0.6583413413413413,1001.9163534310916,56.17731747748417,0.024384750954774933,0.002194628663585494,0.04108782391459692,0.025597641373053055
Bubble,32.68873236096574,0.8951041041041041,0.10489589589589587,0.34109271057544077,0.6589072894245592,1001.4046241788086,56.31112133176553,0.02437938791083364,0.0022012169455840774,0.04107587228364365,0.025581813480371775
Dew,32.74912239333373,0.8947750203391335,0.10522497966086654,0.34065965965965966,0.6593403403403404,1001.0106023639805,56.41420150683771,0.024375256917207426,0.0022062908978360382,0.04106666878482536,0.02556970232808809
Bubble,32.87178921620911,0.8941051051051051,0.1058948948948949,0.33978545351631717,0.6602145464836828,1000.2085789868541,56.62397104612924,0.02436684383525494,0.002216614187621619,0.04104793323867868,0.025545253369908986
Dew,32.889385582746485,0.8940088586834981,0.1059911413165019,0.3396606606606607,0.6603393393393393,1000.0933629735007,56.65410689104154,0.024365634752123062,0.002218096936497571,0.041045241511155746,0.025541763283123124
Dew,33.03102965826842,0.8932327517009704,0.10676724829902967,0.3386616616616617,0.6613383383383383,999.1643847068947,56.89709953133461,0.024355881520440773,0.002230049834953398,0.04102353609613111,0.025513824238158157
Bubble,33.054101284414564,0.8931061061061062,0.10689389389389381,0.3384998681456773,0.6615001318543228,999.0128094780749,56.93674862888333,0.02435428939263899,0.00223199970498096,0.04101999419371372,0.025509299352424884
Dew,33.17407892923739,0.8924464779258268,0.10755352207417329,0.3376626626626627,0.6623373373373374,998.2234088682063,57.143247466072104,0.02434599418383471,0.0022421527458396464,0.04100154634601072,0.025485885193193194
Bubble,33.23568198330016,0.8921071071071072,0.10789289289289283,0.3372354896955008,0.6627645103044992,997.8173190563009,57.249480907380864,0.024341724644824463,0.0022473745496910755,0.04099205514874875,0.02547393842973366
Dew,33.31855838308992,0.8916498085618398,0.1083501914381601,0.3366636636636637,0.6633363363363363,997.2701682577465,57.3926209649916,0.02433596960021453,0.0022544089232817356,0.040979265862041314,0.025457946148228227
Bubble,33.416533610610365,0.8911081081081081,0.10889189189189186,0.3359918665691502,0.6640081334308499,996.6221073780348,57.56216736619662,0.024329149562340453,0.0022627387050122264,0.04096411610378379,0.025439157972014088
Dew,33.46449371270941,0.8908425071523659,0.10915749284763411,0.33566466466466466,0.6643353353353354,996.3043867910337,57.645292629062446,0.024325804518942708,0.0022668217273783308,0.04095668803123051,0.025430007103263264
Bubble,33.5966584632471,0.8901091091091091,0.10989089089089088,0.33476855987773463,0.6652314401222654,995.4271740973832,57.87480749460825,0.02431656411557707,0.0022780921544569743,0.04093617705881882,0.025404945704843
Dew,33.61191120433769,0.8900243292314547,0.10997567076854527,0.3346656656656657,0.6653343343343343,995.3257795019421,57.90133716523675,0.02431549558569183,0.00227939461591678,0.04093380601658927,0.025402068058298297
Dew,33.760838309635844,0.8891950219545666,0.11080497804543349,0.33366666666666667,0.6663333333333333,994.3340505428013,58.16083276930933,0.02430503929864688,0.002292131199409745,0.04091061274680425,0.02537412901333333
Bubble,33.77605883723054,0.8891101101101102,0.11088988988988979,0.33356514299595524,0.6664348570040448,994.2325188660337,58.18740078660754,0.024303968274784406,0.002293434881791093,0.04090823801385386,0.025371289696773602
Dew,33.91130289407768,0.8883543237075863,0.11164567629241377,0.3326676676676677,0.6673323323323324,993.3288950247913,58.423859405864384,0.024294432058790394,0.0023050351740745412,0.040887100905303016,0.02534618996836837
Bubble,33.95473702763938,0.8881111111111112,0.11188888888888882,0.3323812011363614,0.6676187988636386,993.0381413332291,58.49994674081502,0.024291362010071406,0.00230876687103087,0.040880298968888895,0.02533817834742866
Dew,34.063333775446495,0.8875019636922988,0.11249803630770117,0.3316686686686687,0.6683313313313313,992.3099970534323,58.690500116939404,0.024283670127582327,0.002318110373994585,0.04086326291866107,0.025318250923403403
Bubble,34.132695328575466,0.8871121121121122,0.11288788788788784,0.3312163309412793,0.6687836690587208,991.844041145747,58.81244486051288,0.02427874529140492,0.002324088106444868,0.04085235992392393,0.025305600376087995
Dew,34.21696063743464,0.8866376614868765,0.11336233851312354,0.3306696696696697,0.6693303303303303,991.2770295832123,58.960840868478584,0.024272749629392174,0.0023313607658095497,0.04083909094430994,0.025290311878438436
Bubble,34.309936033135685,0.8861131131131131,0.11388688688688686,0.3300701400914153,0.6699298599085848,990.6502179478825,59.12489465363199,0.024266118088608745,0.002339398572554083,0.04082442087895896,0.025273544810742215
Dew,34.37221406731021,0.8857611265793529,0.11423887342064708,0.3296706706706707,0.6703293293293293,990.2296538792965,59.23497069091946,0.024261666544696293,0.002344790455013441,0.04081457685748983,0.025262372833473476
Bubble,34.48646143333486,0.8851141141141141,0.11488588588588589,0.32894224693047286,0.6710577530695272,989.4566713814147,59.4372956326731,0.024253480371362365,0.0023546982541293574,0.040796481833993994,0.025242000977594416
Dew,34.5291255959111,0.8848720578720868,0.11512794212791327,0.32867167167167166,0.6713283283283283,989.1675189457956,59.51298182879362,0.024250416702843246,0.0023584036926517123,0.040789712237390974,0.025234433788508513
Bubble,34.66227382009782,0.8841151151151152,0.1158848848848848,0.32783228010493737,0.6721677198950626,988.2634010855951,59.74964731475997,0.024240832109200146,0.0023699871361940903,0.040768542789029034,0.025210958490985987
Dew,34.68772773989281,0.8839701431549744,0.11602985684502566,0.3276726726726727,0.6723273273273274,988.0902609181175,59.794969899450535,0.02423899577435607,0.0023722048824248586,0.0407644883524209,0.025206494743543546
Bubble,34.83737548321664,0.8831161161161162,0.11688388388388382,0.32673987821833445,0.6732601217816656,987.0704066971215,60.061949221604856,0.024228173271510202,0.0023852652040235347,0.04074060374406407,0.025180407243727287
Dew,34.84805404657721,0.8830550585450976,0.11694494145490243,0.32667367367367367,0.6733263263263263,986.9975024166504,60.08103406203395,0.02422739926273381,0.002386198588246495,0.04073889614453309,0.02517855569857858
Dew,35.01013914147828,0.8821264678899396,0.11787353211006033,0.3256746746746747,0.6743253253253253,985.8888518586149,60.37127719722835,0.024215622495713216,0.0024003895422800405,0.04071292621253666,0.025150616653613615
Bubble,35.011768711290486,0.8821171171171172,0.11788288288288284,0.3256646894994004,0.6743353105005996,985.8776878501167,60.37420087950229,0.024215503827533357,0.002400532443144954,0.04071266469909911,0.02515033739781731
Dew,35.174018778784216,0.8811840221315759,0.11881597786842413,0.3246756756756757,0.6753243243243243,984.7639027249456,60.66580609880736,0.024203660615946348,0.0024147826534987957,0.04068656879431467,0.02512267760864865
Bubble,35.18545579169832,0.8811181181181181,0.11888188188188187,0.32460637148329274,0.6753936285167073,984.685244176101,60.686401819294396,0.024202823746362,0.002415788839337003,0.04068472565413414,0.025120739375528108
Dew,35.33972989500646,0.8802273586283978,0.11977264137160215,0.3236766766766767,0.6763233233233232,983.6222327783819,60.96473167788866,0.024191508571046485,0.002429383016809543,0.04065981374785475,0.025094738563683685
Bubble,35.35843901058887,0.8801191191191192,0.11988088088088078,0.3235645907054215,0.6764354092945786,983.4930753039866,60.998551576423274,0.02419013299693939,0.0024310343786324356,0.040656786609169174,0.02509160385084215
Dew,35.50731066602197,0.8792561004310513,0.12074389956894876,0.3226776776776777,0.6773223223223224,982.4634032289065,61.2681691808786,0.024179161102950226,0.0024441959227832974,0.04063265053099923,0.025066799518718718
Bubble,35.53072065278597,0.8791201201201202,0.1208798798798798,0.3225390224074076,0.6774609775925924,982.3011808600335,61.310649690878314,0.02417743154805808,0.002446269047316276,0.04062884756420421,0.025062921741228865
Dew,35.67680056780535,0.8782698555087655,0.1217301444912345,0.3216786786786787,0.6783213213213213,981.2869578421327,61.5762384222992,0.024166612736537852,0.002459226868045559,0.040605068179807864,0.025038860473753758
Bubble,35.70230300181749,0.8781211211211212,0.12187887887887883,0.3215293502542394,0.6784706497457607,981.1095604678486,61.62269570724085,0.024164719368359396,0.002461492831928546,0.04060090851923924,0.02503468419973432
Dew,35.84824044114442,0.8772682159217946,0.12273178407820542,0.3206796796796797,0.6793203203203203,980.092421985769,61.889064033735806,0.024153857767448442,0.002474481566380776,0.040577055285413464,0.02501092142878879
Bubble,35.873188339830506,0.8771221221221221,0.12287787787787785,0.3205352660626092,0.6794647339373908,979.9182137483501,61.93468917464741,0.02415199642633201,0.002476705719263077,0.04057296947427428,0.02500688260738363
Dew,36.021672560657485,0.8762507569355166,0.12374924306448344,0.3196806806806807,0.6803193193193193,978.8793016089953,62.206775730255806,0.024140890249020372,0.0024899659606106087,0.04054859996924587,0.024982982383823824
Bubble,36.04337894758665,0.8761231231231231,0.12387687687687687,0.31955646953952327,0.6804435304604768,978.7271403197522,62.24662964681556,0.02413926269031104,0.0024919076963692876,0.04054503042930931,0.024979508565870633
Dew,36.197140708503774,0.8752170360708595,0.12478296392914051,0.3186816816816817,0.6813183183183182,977.6470821487136,62.529508595887066,0.024127703978279156,0.0025056862353157673,0.04051968985647517,0.024955043338858857
Bubble,36.21287710441538,0.8751241241241242,0.12487587587587579,0.3185926680310195,0.6814073319689805,977.5363397975424,62.55851668205839,0.024126518128476982,0.0025070987505531454,0.040517091384344346,0.024952553890530242
Dew,36.37469025313335,0.8741665920857078,0.12583340791429215,0.3176826826826827,0.6823173173173174,976.3952273564629,62.85740338970624,0.02411429248088874,0.0025216488304701996,0.04049031204752467,0.024927104293893897
Bubble,36.3816850881777,0.8741251251251252,0.1258748748748748,0.31764357628034695,0.6823564237196531,976.345811794457,62.87034984327102,0.024113762708854538,0.002522278869377219,0.04048915233937938,0.024926010603575514
Bubble,36.54980517525205,0.8731261261261262,0.12687387387387383,0.316708916195261,0.683291083804739,975.1555559204676,63.18212869796941,0.024100996399311774,0.002537448040662832,0.04046121329441442,0.02489987092758951
Dew,36.554368233572454,0.8730989438809232,0.1269010561190768,0.3166836836836837,0.6833163163163163,975.123178038738,63.1906068745224,0.024100648994970986,0.0025378604560745517,0.040460453087475534,0.02489916524892893
Bubble,36.717239640495215,0.8721271271271271,0.12787287287287286,0.31578841662410895,0.684211583375891,973.9655717827526,63.49385281830698,0.024088219167558867,0.0025526062524911203,0.04043327424944945,0.024874127279263122
Dew,36.73622344968652,0.8720135893240215,0.12798641067597846,0.3156846846846847,0.6843153153153153,973.8303507027761,63.52927217010304,0.024086766453689148,0.002554328107875026,0.040430098933168485,0.024871226203963964
Bubble,36.88399075718084,0.8711281281281281,0.12887187187187188,0.314881813140226,0.685118186859774,972.7758589856712,63.80552178103338,0.024075430981146898,0.002567753493201853,0.040405335204484485,0.024848772263365227
Dew,36.92030655896211,0.8709100039831447,0.12908999601685536,0.3146856856856857,0.6853143143143143,972.5161360992844,63.87355913322219,0.02407263746648007,0.00257105908426797,0.04039923491779677,0.024843287158999
Bubble,37.05006079703363,0.8701291291291292,0.1298708708708708,0.3139888478342501,0.6860111521657499,971.5864171307582,64.11713516761746,0.024062631807467195,0.002582889751399019,0.04037739615951952,0.024823798666934387
Dew,37.106670180444674,0.8697876397625107,0.1302123602374893,0.3136866866866867,0.6863133133133132,971.1798976521067,64.22363476715634,0.024058254298804822,0.002588061004505329,0.04036784571274373,0.024815348114034033
Bubble,37.21545203012447,0.8691301301301302,0.13086986986986981,0.31310926911421283,0.6868907308857872,970.3972458166826,64.42869256414875,0.024049821613749744,0.0025980150159471125,0.04034945711455456,0.024799199453687956
Dew,37.29536900643558,0.868645923430334,0.13135407656966602,0.31268768768768773,0.6873123123123123,969.8209697643658,64.57967366329598,0.02404360885027553,0.002605341828318863,0.04033591528641309,0.02478740906906907
Bubble,37.38016672490264,0.8681311311311312,0.13186886886886884,0.3122428315128202,0.6877571684871798,969.2083446392419,64.7401935614712,0.02403700036706249,0.0026131292759771154,0.04032151806958959,0.0247749677586323
Dew,37.48645992270764,0.8674842550280583,0.13251574497194174,0.3116886886886887,0.6883113113113113,968.4386559885903,64.9418584780595,0.02402869263099778,0.0026229098771030487,0.04030342685973991,0.024759470024104103
Bubble,37.5442068431509,0.8671321321321321,0.13286786786786786,0.31138929550178984,0.6886107044982102,968.0197130815731,65.05163693327601,0.02402416803158605,0.002628232487680037,0.040293579024624625,0.024751096882870378
Dew,37.68000213803027,0.8663020061498555,0.1336979938501445,0.3106896896896897,0.6893103103103103,967.0322270478574,65.31038044853467,0.024013496735949828,0.0026407738568074695,0.04027036285807326,0.024731530979139136
Bubble,37.70757525271969,0.8661331331331332,0.13386686686686677,0.3105484273129456,0.6894515726870545,966.8313509503128,65.36302390122037,0.024011324579435746,0.002643324706192903,0.040265639979659665,0.02472758028859824
Bubble,37.870273919001356,0.8651341341341342,0.1348658658658658,0.3097199987656397,0.6902800012343603,965.6432577255267,65.67435327036648,0.02399846997453344,0.0026584058891561007,0.04023770093469469,0.024704411594278598
Dew,37.87605732400845,0.8650985180788027,0.13490148192119733,0.3096906906906907,0.6903093093093093,965.6009186925653,65.68543995097659,0.02399801181719703,0.0026589428827193916,0.0402367048590506,0.024703591934174176
Bubble,38.03230510357014,0.8641351351351352,0.13586486486486482,0.30890378710042204,0.6910962128995779,964.455432991285,65.98562465062756,0.023985604183287233,0.0026734760267726606,0.04020976188972973,0.024681584569988986
Dew,38.07468976609597,0.8638730997650339,0.13612690023496604,0.3086916916916917,0.6913083083083083,964.1439293761016,66.06724710614239,0.023982228053719124,0.002677426506312785,0.0402024335360527,0.02467565288920921
Bubble,38.19367106620481,0.8631361361361362,0.13686386386386384,0.3080995748185882,0.6919004251814118,963.2678763286656,66.29683765674251,0.02397272717193736,0.0026885351095169473,0.040181822844764764,0.024659093132934448
Dew,38.27596652704943,0.8626250256294297,0.1373749743705704,0.3076926926926927,0.6923073073073073,962.6604177304667,66.45602243667753,0.02396613511859564,0.0026962347443917766,0.04016752859677929,0.024647713844244242
Bubble,38.354374064894344,0.8621371371371371,0.13786286286286287,0.30730714952737836,0.6926928504726216,962.080587315746,66.6079919083854,0.023959838906555356,0.0027035831281394954,0.0401538837997998,0.02463693134311817
Dew,38.479957624075645,0.8613535331739817,0.13864646682601836,0.3066936936936937,0.6933063063063063,961.1494998204406,66.85199758200355,0.023949722143265607,0.0027153781107681204,0.040131968716418075,0.02461977479927928
Bubble,38.514416355762464,0.8611381381381382,0.13886186186186178,0.3065263037906603,0.6934736962093397,960.8935655275665,66.91908703011254,0.02394693935304257,0.0027186200736650907,0.04012594475483484,0.02461509339916555
Bubble,38.6738001930919,0.8601391391391392,0.1398608608608608,0.3057568349847173,0.6942431650152827,959.706810536119,67.23012265146649,0.023934028477129304,0.0027336459373975266,0.04009800570986987,0.02459357363429099
Dew,38.68673622107498,0.8600578203783833,0.13994217962161676,0.30569469469469474,0.6943053053053052,959.6102461526639,67.2554160768351,0.023932977678540808,0.002734867650742016,0.04009573146483506,0.024591835754314315
Bubble,38.832527829266354,0.8591401401401402,0.14085985985985983,0.30499854515917796,0.6950014548408221,958.5203219103221,67.54109840699671,0.02392110624437357,0.0027486607109205316,0.04007006666490491,0.024572366512408537
Dew,38.896378837618755,0.8587370428576839,0.14126295714231607,0.3046956956956957,0.6953043043043043,958.0416784115785,67.66653420038975,0.023915889652009657,0.0027547149786961507,0.04005879322708256,0.024563896709349352
Bubble,38.99060151476136,0.8581411411411412,0.14185885885885885,0.304251240902642,0.695748759097358,957.3340992159992,67.85201393631243,0.023908172620159963,0.002763664386100314,0.04004212761993994,0.024551466624373824
Dew,39.108965576532036,0.8573903107556727,0.1426096892443273,0.3036966966966967,0.6963033033033033,956.4427658925086,68.0856219043442,0.02389844532141883,0.0027749323191560244,0.040021129116516334,0.024535957664384385
Bubble,39.14802349812063,0.8571421421421422,0.14285785785785776,0.30351473321292605,0.696485266787074,956.1481420158578,68.16286888411577,0.023895227569698523,0.002778656955087253,0.04001418857497498,0.024530868684355233
Bubble,39.304796025911955,0.8561431431431432,0.14385685685685679,0.30278883737182166,0.6972111626281783,954.9624498694595,68.47366290024725,0.023882271058023388,0.0027936384103178073,0.039986249530010017,0.02451056752633123
Dew,39.3245803720687,0.8560166853422556,0.14398331465774436,0.3026976976976977,0.6973023023023023,954.8124215963172,68.51296382834373,0.023880631223567213,0.0027955325517035516,0.03998271287963428,0.02450801861941942
Bubble,39.460921342732796,0.8551441441441442,0.1448558558558558,0.30207337282397123,0.6979266271760287,953.7770223332102,68.78439563975974,0.023869303049991925,0.0028086087445179752,0.03995831048504505,0.024490558100702914
Dew,39.5433112611314,0.8546151752800387,0.14538482471996128,0.3016986986986987,0.6983013013013013,953.1494979458739,68.9488604135814,0.023862433118177383,0.002816529260204333,0.03994351679166385,0.024480079574454455
Bubble,39.616401691164896,0.8541451451451452,0.14585485485485483,0.3013681630599366,0.6986318369400635,952.5918589603267,69.09506676294012,0.023856323510283283,0.0028235679507042774,0.03993037144008008,0.02447083547102377
Dew,39.76525068012608,0.8531847325205812,0.1468152674794187,0.30069969969969973,0.6993003003003002,951.4527820792829,69.3936291259384,0.023843835926138778,0.0028379367868530403,0.0399035115417924,0.02445214052948949
Bubble,39.77123931176757,0.8531461461461461,0.14685385385385386,0.30067303550311936,0.6993269644968807,951.4069593008236,69.40567593538749,0.023843332403397432,0.0028385160221872517,0.039902432395115116,0.02445139481083716
Bubble,39.92543644303913,0.8521471471471472,0.14785285285285277,0.29998782140052155,0.7000121785994784,950.2223229014812,69.71622282805235,0.023830329693653722,0.002853452952573119,0.039874493350150156,0.02443223140062124
Dew,39.99049579052834,0.8517242477840823,0.14827575221591774,0.2997007007007007,0.7002992992992993,949.7209906675434,69.84760580213266,0.023824823661425628,0.002859770291626073,0.03986266610674734,0.024424201484524524
Bubble,40.07899532140374,0.8511481481481482,0.1488518518518518,0.2993123557170532,0.7006876442829468,949.0379493058304,70.0267071172875,0.02381731534518991,0.002868378735766169,0.039846554305185196,0.02441334062483306
Dew,40.21914883666818,0.8502325455703874,0.14976745442961265,0.29870170170170174,0.7012982982982983,947.9527641973422,70.31114613426574,0.023805379355891644,0.0028820458178156535,0.03982094761126885,0.024396262439559557
Bubble,40.23191818119352,0.8501491491491492,0.14985085085085081,0.29864647703339026,0.7013535229666097,947.8538380541255,70.33712848493316,0.023804289321960794,0.002883293365972322,0.03981861526022023,0.024394717969051904
Bubble,40.384207254619,0.8491501501501502,0.15084984984984984,0.2979900274471502,0.7020099725528498,946.6699886833248,70.64748661835198,0.023791251587737112,0.0028981968377007382,0.039790676215255255,0.02437635901721555
Dew,40.45131753972388,0.8487083786407178,0.1512916213592822,0.2977027027027027,0.7022972972972973,946.1466606503358,70.78462731038512,0.023785484976022286,0.0029047803644171363,0.0397783211737801,0.024368323394594597
Bubble,40.53586477175418,0.8481511511511511,0.15184884884884886,0.2973428524773313,0.7026571475226687,945.4864007270675,70.95778121052481,0.02377820210610428,0.0029130891457677813,0.03976273717029029,0.024358259448947622
Bubble,40.686892960507485,0.8471521521521522,0.15284784784784777,0.29670480097177654,0.7032951990282235,944.303073715645,71.26801196005539,0.023765140840461073,0.002927970285297484,0.03973479812532533,0.024340415036969713
Dew,40.687115532452516,0.8471504218998978,0.15284957810010225,0.2967037037037037,0.7032962962962963,944.3011484996485,71.26844983121575,0.02376512133058551,0.0029279919662525866,0.039734749735291314,0.02434038434962963
Bubble,40.837294046601905,0.8461531531531532,0.1538468468468468,0.2960757250177384,0.7039242749822616,943.1200071759822,71.57817857128364,0.02375206775401845,0.002942840251726087,0.03970685908036037,0.02432282164460009
Dew,40.92666284003532,0.8455572655985069,0.15444273440149314,0.2957047047047047,0.7042952952952952,942.4145989322784,71.76303952677164,0.023744267967952804,0.002951699782868116,0.03969019386928407,0.024312445304664664
Bubble,40.98707025357906,0.8451541541541542,0.15484584584584582,0.2954554798552043,0.7045445201447957,941.9372006316198,71.8882807543783,0.023738982809798477,0.0029576990408060845,0.0396789200353954,0.024305475223329695
Bubble,41.13622380273153,0.8441551551551552,0.15584484484484484,0.2948439237930797,0.7051560762069202,940.7546536026756,72.1983182253095,0.023725885970632656,0.0029725466486050386,0.039650980990430434,0.02428837181047801
Dew,41.170140765222165,0.8439274077592541,0.1560725922407459,0.2947057057057057,0.7052942942942944,940.4850982079415,72.26899164414026,0.02372289854699991,0.002975930038325347,0.03964461156989937,0.0242845062596997
Bubble,41.284756913126344,0.8431561561561562,0.15684384384384376,0.2942409181279809,0.7057590818720191,939.5723656058348,72.50829070601618,0.023712777199161032,0.002987383071512553,0.03962304194546547,0.024271507526921966
Dew,41.41758508610761,0.8422592457227137,0.1577407542772863,0.29370670670670673,0.7062932932932933,938.5111171195069,72.78653283897759,0.023700997833075468,0.003000693881975318,0.03959795801549697,0.024256567214734737
Bubble,41.43267180156801,0.8421571571571572,0.15784284284284278,0.2936463270656209,0.7063536729343791,938.390336154324,72.81819792444387,0.023699656457830853,0.003002208306241838,0.03959510290050051,0.0242548785748973
Bubble,41.57997068257755,0.8411581581581582,0.1588418418418418,0.293060017644668,0.706939982355332,937.2085647578806,73.1280396146122,0.023686523708895117,0.0030170223498324736,0.03956716385553554,0.024238481235869132
Dew,41.66918476187729,0.8405510666714668,0.15944893332853313,0.2927077077077077,0.7072922922922923,936.4905285892673,73.31629989824367,0.023678537063718707,0.0030260194421457562,0.03955018530364358,0.02422862816976977
Bubble,41.72665576838473,0.8401591591591592,0.15984084084084083,0.2924818596629616,0.7075181403370384,936.0270509227388,73.43781551670958,0.02367337891441153,0.003031825199654364,0.039539224810570574,0.024222311868468432
Bubble,41.87272926888649,0.8391601601601602,0.16083983983983985,0.2919117256060785,0.7080882743939215,934.8457941515912,73.74752537712978,0.02366022203624085,0.0030466168534091075,0.039511285765605614,0.02420636690649422
Dew,41.92509177243032,0.8388010369954625,0.1611989630045375,0.29170870870870874,0.7082912912912913,934.4212153602163,73.85884637844795,0.02365548940776392,0.0030519315378811003,0.039501242153693585,0.024200689124804806
Bubble,42.01819339165142,0.8381611611611612,0.16183883883883876,0.29134949057804294,0.7086505094219571,933.6647939435815,74.05716894859736,0.02364705303604598,0.0030613973091352478,0.03948334672064064,0.02419064285697575
Bubble,42.16305034189621,0.8371621621621622,0.16283783783783778,0.2907950322342399,0.7092049677657601,932.4840497942674,74.36674599024013,0.023633871875290372,0.0030761665652110953,0.03945540767567568,0.024175136298296276
Dew,42.185467934061535,0.8370071903085979,0.16299280969140206,0.2907097097097097,0.7092902902902902,932.30090748299,74.41476565670875,0.023631826033575814,0.0030784567503045895,0.039451073571648176,0.024172750079839836
Bubble,42.307302322455556,0.8361631631631632,0.1638368368368368,0.2902482307163384,0.7097517692836617,931.3035611956014,74.67625626764257,0.0236206785152368,0.0030909246203569135,0.03942746863071071,0.024159843878373066
Dew,42.450485850656136,0.8351674139077319,0.16483258609226817,0.28971071071071075,0.7102892892892892,930.1271667727862,74.98469498083813,0.02360751590098905,0.0031056236005545827,0.039399620471454094,0.024144811034874876
Bubble,42.45095153377761,0.8351641641641642,0.16483583583583583,0.28970896858922934,0.7102910314107707,930.1233276359039,74.98569955296651,0.023607472916945964,0.003105671473639766,0.039399529585745746,0.024144762312893718
Bubble,42.59400017390712,0.8341651651651653,0.16583483483483474,0.28917713077984014,0.7108228692201599,928.9433485998449,75.29507562502323,0.023594255041275325,0.0031204071244764747,0.03937159054078078,0.02412988838360502
Dew,42.7203299888577,0.8332794334190504,0.16672056658094955,0.2887117117117117,0.7112882882882883,927.8973691874905,75.56932006145414,0.023582525525009668,0.003133462751432734,0.03934681924560793,0.02411687198990991
Bubble,42.73645043844755,0.8331661661661662,0.16683383383383377,0.2886526045178665,0.7113473954821334,927.7636235684038,75.60438426933662,0.02358102484887736,0.0031351315726359536,0.03934365149581582,0.02411521893665535
Bubble,42.87830452057577,0.8321671671671672,0.1678328328328328,0.288135279278197,0.711864720721803,926.5841520188637,75.91362527828187,0.023567782300198684,0.003149844818244967,0.03931571245085085,0.024100750880984505
Dew,42.995197897618255,0.831340795327955,0.16865920467204504,0.2877127127127127,0.7122872872872873,925.6086847785896,76.16938029695757,0.02355681870649159,0.0031620072367274242,0.03929260127656873,0.024088932944944942
Bubble,43.019564610993726,0.8311681681681682,0.1688318318318318,0.28762504672514555,0.7123749532748544,925.4049334247684,76.22279845112315,0.02355452735547821,0.0031645468617893862,0.039287773405885885,0.024086481186764014
Bubble,43.16023289793462,0.8301691691691692,0.16983083083083084,0.28712180065827475,0.7128781993417252,924.2259672559096,76.53190359414627,0.023541259974746105,0.0031792377041196173,0.039259834360920925,0.024072406883881996
Dew,43.27530159677902,0.8293488470257998,0.1706511529742002,0.28671371371371374,0.7132862862862863,923.2580547946411,76.78567474107811,0.02353035622401286,0.003191292722996867,0.03923689237872443,0.02406099389997998
Bubble,43.30031156713213,0.8291701701701703,0.17082982982982975,0.2866254369598794,0.7133745630401206,923.0472529782937,76.84094052072963,0.023527980117822197,0.003193917346453256,0.039231895315955966,0.024058525060474425
Bubble,43.43980280181331,0.8281711711711712,0.17182882882882877,0.28613585354398074,0.7138641464560193,921.8687900541178,77.14990905145531,0.023514687744314613,0.003208585790379529,0.03920395627099099,0.02404483286149865
Dew,43.56086916451511,0.8273007139300463,0.17269928606995366,0.2857147147147147,0.7142852852852852,920.8421654288245,77.41906894595039,0.023503095479948725,0.0032213578096084287,0.039179612158510166,0.024033054855015015
Bubble,43.57870878267556,0.8271721721721722,0.1728278278278278,0.2856529503068331,0.714347049693167,920.6905779417465,77.45880901419312,0.023501382813618403,0.003223243037862543,0.039176017226026025,0.024031327487349215
Bubble,43.71703168787106,0.8261731731731732,0.17382682682682682,0.2851766290788711,0.7148233709211289,919.512616095679,77.76764024419383,0.02348806528491399,0.0032378890912449186,0.03914807818106106,0.02401800619251395
Dew,43.85214655975756,0.8251932731372169,0.17480672686278315,0.28471571571571574,0.7152842842842843,918.3574175911461,78.07050284224958,0.02347499009220624,0.0032522443740748107,0.03912067327755948,0.024005115810050052
Bubble,43.85477369299891,0.8251741741741743,0.17482582582582573,0.28470679357805967,0.7152932064219404,918.3349039665321,78.07640258421876,0.023474735117165926,0.0032525239532528913,0.0391201391360961,0.02400486628426934
Bubble,43.991936971074665,0.8241751751751752,0.17582482482482475,0.2842433493645794,0.7157566506354206,917.157441001001,78.38509588458776,0.023461392269121143,0.0032671476269980648,0.03909220009113114,0.02399190512141317
Bubble,44.12852369252655,0.8231761761761762,0.17682382382382378,0.28378620379685127,0.7162137962031487,915.9802266418444,78.69372000334126,0.0234480366993078,0.003281760115983761,0.039064261046166164,0.02397912011303469
Dew,44.149399724047086,0.8230231229471493,0.17697687705285067,0.2837167167167167,0.7162832832832833,915.7998919466291,78.74099985509976,0.023445989421140054,0.0032839979713441604,0.039059980600387845,0.023977176765085085
Bubble,44.2645360251843,0.8221771771771772,0.1778228228228228,0.28333526598876607,0.716664734011234,914.8032603278525,79.00227480632489,0.023434668366033636,0.0032963614241083425,0.0390363220012012,0.023966508717318463
Bubble,44.39997613424343,0.8211781781781782,0.17882182182182182,0.2828904467681875,0.7171095532318126,913.6265414938165,79.31076016725852,0.023421287227384437,0.003310951555667671,0.03900838295623624,0.023954068440383773
Dew,44.45291701723377,0.8207865474416427,0.17921345255835727,0.28271771771771775,0.7172822822822822,913.1653082835037,79.43167750001803,0.02341603801871553,0.0033166682976839075,0.03899743020376232,0.02394923772012012
Bubble,44.53484618226782,0.8201791791791793,0.17982082082082074,0.2824516586366025,0.7175483413633975,912.450069570504,79.61917596788922,0.02340789324122261,0.0033255305153611606,0.03898044391127128,0.023941796835156206
Bubble,44.66914832917398,0.8191801801801802,0.18081981981981976,0.28201881572991616,0.7179811842700838,911.2738439846335,79.92752209809082,0.023394486365185724,0.0033400983082955754,0.03895250486630631,0.023929691500271192
Dew,44.76301205479609,0.8184794751035825,0.18152052489641743,0.28171871871871873,0.7182812812812813,910.4489780490683,80.14375976315613,0.02338507498382504,0.0033503097324057095,0.038932908219400895,0.023921298675155158
Bubble,44.802884732203374,0.8181811811811812,0.18181881881881878,0.2815918337803622,0.7184081662196378,910.0978641588418,80.23579845594777,0.02338106655668484,0.0033546549399881137,0.03892456582134134,0.023917750079008742
Bubble,44.93605754592461,0.8171821821821822,0.1828178178178178,0.2811706300794656,0.7188293699205344,908.9221295116608,80.54400494790902,0.023367633772903136,0.003369200416372452,0.03889662677637637,0.02390597025825762
Bubble,45.06866892220438,0.8161831831831833,0.18381681681681672,0.28075512344205306,0.7192448765579469,907.7466394574835,80.85214148886283,0.023354187970794176,0.0033837347438014113,0.03886868773141141,0.023894349767508836
Dew,45.08002703134181,0.8160974302077222,0.18390256979227784,0.28071971971971976,0.7192802802802802,907.6457485988747,80.87859164637827,0.023353033203593818,0.003384981973995194,0.03886628947451658,0.02389335963019019
Bubble,45.200721010193874,0.8151841841841843,0.18481581581581574,0.2803452341712401,0.71965476582876,906.571393406536,81.16020800225114,0.02334072910708041,0.003398257929051353,0.03884074868644645,0.023882886377876437
Bubble,45.33221595633347,0.8141851851851852,0.18581481481481477,0.2799408840244063,0.7200591159755937,905.3963907648565,81.46820442023842,0.02332725713825178,0.0034127699793287487,0.03881280964148149,0.023871577901145934
Dew,45.404336636733085,0.8136354753824203,0.18636452461757969,0.27972072072072074,0.7202792792792793,904.74993732478,81.63765635715579,0.023319838455209258,0.0034207507915321057,0.03879743588543917,0.023865420585225224
Bubble,45.463155904314405,0.8131861861861862,0.1868138138138138,0.27954199618010317,0.7204580038198969,904.2216309342562,81.77613068376944,0.023313772020563842,0.0034272709022721165,0.03878487059651652,0.023860422188848793
Bubble,45.593542995076824,0.8121871871871872,0.1878128128128128,0.27914849520585194,0.7208515047941481,903.0471133122953,82.083986742709,0.023300273710036352,0.0034417607059574196,0.03875693155155156,0.023849417131361867
Bubble,45.72337936679319,0.8111881881881883,0.18881181181181173,0.2787603070268528,0.7212396929731473,901.8728372922494,82.39177255597222,0.023286762162451527,0.0034562393989029283,0.038728992506586596,0.023838560657032274
Dew,45.73635270029488,0.8110881433057799,0.18891185669422011,0.2787217217217217,0.7212782782782783,901.7552533277177,82.4225957548167,0.02328540833582179,0.003457688918001226,0.03872619454735849,0.02383748154026026
Bubble,45.85266715485682,0.8101891891891893,0.18981081081081075,0.27837735889547555,0.7216226411045245,900.6988022630851,82.6994880916167,0.023273237333352542,0.0034707069900727495,0.03870105346162163,0.02382785073132412
Bubble,45.981408491862545,0.8091901901901902,0.19080980980980977,0.2779995793617005,0.7220004206382995,899.5250076094251,83.00713332701314,0.02325969917804179,0.003485163488883108,0.03867311441665666,0.023817285355991855
Dew,46.07652973656115,0.8084493549215714,0.19155064507842856,0.27772272272272275,0.7222772772772772,898.6547036386921,83.2352348380747,0.023249650978796235,0.0034958771196263753,0.038652395447065786,0.023809542495295297
Bubble,46.109605507601465,0.8081911911911912,0.1918088088088088,0.27762689824419334,0.7223731017558066,898.35145271152,83.31470824892659,0.02324614765157927,0.0034996089052055385,0.038645175371691695,0.023806862568271286
Bubble,46.23726032903978,0.8071921921921922,0.19280780780780782,0.2772592466022845,0.7227407533977155,897.1781369452176,83.622212853657,0.02323258270878091,0.003514043249372002,0.038617236326726735,0.023796580440095954
Bubble,46.36437508030486,0.8061931931931933,0.19380680680680673,0.2768965567086512,0.7231034432913488,896.0050596819276,83.92964714716767,0.023219004304216785,0.0035284665321796767,0.03858929728176177,0.02378643707733312
Dew,46.425371617450395,0.8057123207823407,0.1942876792176593,0.2767237237237237,0.7232762762762763,895.4404801004378,84.07761129299051,0.023212463502117038,0.003535405485529726,0.03857584870381255,0.02378160345033033
Bubble,46.490951882685756,0.8051941941941942,0.19480580580580575,0.27653876202268596,0.723461237977314,894.8322202885992,84.23701114522324,0.023205412392209628,0.0035428787648962997,0.0385613582367968,0.023776430619038936
Bubble,46.61699285459679,0.8041951951951952,0.19580480480480478,0.276185797164664,0.723814202835336,893.6596181276799,84.54430487349775,0.023191806926832863,0.0035572799592638277,0.038533419191831834,0.023766559236736047
Bubble,46.742500111589365,0.8031961961961962,0.1968038038038038,0.2758375978904634,0.7241624021095365,892.4872525570923,84.85152836772355,0.02317818786190912,0.00357167012750435,0.038505480146866874,0.023756821133706505
Dew,46.783439665290416,0.8028694210717309,0.19713057892826913,0.27572472472472476,0.7242752752752752,892.1038218130469,84.95201143815524,0.023173730117790132,0.0035763749958076653,0.038496341213889944,0.023753664405365364
Bubble,46.867475766314726,0.8021971971971973,0.1978028028028027,0.2754941010671111,0.724505898932889,891.3151229301926,85.15868167381043,0.023164555151008227,0.003586049282324038,0.03847754110190191,0.023747214544307938
Bubble,46.99192192853534,0.8011981981981983,0.19880180180180174,0.2751552446487607,0.7248447553512394,890.1432285957497,85.46576484801159,0.023150908747445756,0.0036004174369199324,0.03844960205693694,0.023737737733301678
Bubble,47.115840705089354,0.8001991991991992,0.19980080080080076,0.2748209676535147,0.7251790323464853,888.9715688978996,85.77277795700137,0.0231372486042809,0.003614774604982067,0.038421663011971974,0.023728388995204554
Dew,47.15136255681582,0.799912058404095,0.20008794159590504,0.27472572572572573,0.7252742742742743,888.6348463815879,85.8610143416544,0.023133319807702907,0.003618899445112913,0.03841363253386966,0.023725725360400404
Bubble,47.23923419988982,0.7992002002002002,0.20079979979979978,0.2744912101406955,0.7255087898593044,887.8001431761218,86.07972107805422,0.023123574674314935,0.003629120800700483,0.038393723967007014,0.023719166653653236
Bubble,47.36210451392122,0.7982012012012012,0.2017987987987988,0.27416591318874745,0.7258340868112525,886.628950765206,86.38659429920232,0.023109886910089434,0.003643456038771139,0.03836578492204205,0.023710069060786224
Bubble,47.48445374520409,0.7972022022022023,0.20279779779779772,0.2738450188737145,0.7261549811262855,885.4579909952108,86.69339771930427,0.023096185263884184,0.003657780334398031,0.03833784587707709,0.023701094596641926
Dew,47.52984856199419,0.7968304754662974,0.20316952453370257,0.27372672672672677,0.7262732732732733,885.0223408763364,86.8075464967482,0.02309108343870692,0.003663107825400828,0.03832744978058496,0.023697786315435437
Bubble,47.60628398879309,0.7962032032032033,0.20379679679679674,0.273528470248307,0.726471529751693,884.2872631914346,87.00013144825614,0.02308246968771555,0.0036720937033011213,0.03830990683211211,0.02369224166857321
Bubble,47.72759733677817,0.7952042042042042,0.20479579579579577,0.27321621132135887,0.7267837886786411,883.1167666743867,87.30679560709217,0.023068740133334677,0.0036863961617202286,0.038281967787147146,0.023683508710672898
Bubble,47.84839587824731,0.7942052052052052,0.2057947947947948,0.27290818703802694,0.727091812961973,881.9465007597404,87.61339032814875,0.023054996552225367,0.003700687726420605,0.038254028742182186,0.02367489418321998
Dew,47.919700830599496,0.793613526683276,0.20638647331672402,0.27272772772772774,0.7272722722722722,881.253500116505,87.79495031115972,0.02304685014327412,0.0037091473091458898,0.03823748124529225,0.02366984727047047
Bubble,47.96868359888575,0.7932062062062063,0.2067937937937937,0.27260434326027283,0.7273956567397272,880.7764655890726,87.91992288422519,0.023041238917335328,0.0037149687159281075,0.038226089697217226,0.023666396572133777
Bubble,48.08845884135312,0.7922072072072073,0.20779279279279272,0.2723046267479897,0.7276953732520103,879.606658834912,88.22637943189952,0.02302746713689523,0.003729238556680681,0.03819815065225226,0.0236580143884461
Bubble,48.20772552884033,0.7912082082082083,0.20879179179179175,0.2720089851405276,0.7279910148594724,878.4370806020321,88.53276701943625,0.023013681182588067,0.003743497557704646,0.038170211607287285,0.023649746167784542
Dew,48.32183671289232,0.7902483889235146,0.20975161107648543,0.2717287287287287,0.7282712712712713,877.3135951232755,88.82707092090581,0.023000422724995837,0.0037571870287981604,0.038143368302959495,0.023641908225505503
Bubble,48.326485738466346,0.7902092092092092,0.20979079079079077,0.27171736693870685,0.7282826330612931,877.2677301864974,88.83908582637888,0.02299988100481143,0.0037577457379443934,0.038142272562322325,0.02364159046986949
Bubble,48.44474154430572,0.7892102102102102,0.2107897897897898,0.27142972148727296,0.728570278512727,876.0986068793658,89.14533604433657,0.02298606655368612,0.0037719831168979115,0.03811433351735736,0.02363354587802342
Bubble,48.562495017382794,0.7882112112112113,0.2117887887887887,0.27114599895776526,0.7288540010422347,874.9297099666583,89.45151787713989,0.022972237779054317,0.003786209714622538,0.0380863944723924,0.02362561099869178
Bubble,48.67974822563787,0.7872122122122123,0.21278778778778773,0.2708661503318757,0.7291338496681243,873.7610387293115,89.75763154095982,0.022958394630477347,0.003800425551738844,0.03805845542742743,0.023617784460977582
Dew,48.737312501600705,0.7867201901269083,0.21327980987309175,0.27072972972972975,0.7292702702702702,873.1855475787087,89.90836768568782,0.022951571749490286,0.0038074229282800205,0.03804469502608686,0.02361396918054054
Bubble,48.796503233945614,0.7862132132132132,0.21378678678678675,0.2705901273851268,0.7294098726148732,872.5925924431535,90.06367726452675,0.02294453705723397,0.0038146306494391377,0.038030516382462465,0.023610064916184937
Bubble,48.91276210408145,0.7852142142142142,0.21478578578578578,0.27031788267100443,0.7296821173289956,871.4243703788546,90.3696552892189,0.022930665008318057,0.003828825029490177,0.0380025773374975,0.02360245103737529
Bubble,49.02852689472234,0.7842152152152152,0.2157847847847848,0.27004936950548863,0.7299506304945114,870.2563718018994,90.67556586928367,0.02291677843243683,0.0038430087142414466,0.03797463829253253,0.023594941518934782
Bubble,49.14379966142681,0.7832162162162163,0.2167837837837837,0.2697845419519182,0.7302154580480817,869.0885959725401,90.98140927194792,0.022902877278008566,0.0038571817266289075,0.03794669924756757,0.02358753507615097
Dew,49.16735558480842,0.7830115255093648,0.21698847449063513,0.26973073073073073,0.7302692692692693,868.8493755926454,91.04405950091125,0.022900027832898875,0.003860084082720921,0.037940974654381426,0.023586030135575576
Bubble,49.25858245662597,0.7822172172172173,0.21778278278278274,0.26952335480625406,0.7304766451937459,867.921042145761,91.28718577759423,0.022888961493160585,0.0038713440901813802,0.037918760202602604,0.023580230444800697
Bubble,49.37287732961891,0.7812182182182182,0.21878178178178176,0.26926576358268844,0.7307342364173115,866.753709571242,91.59289567994753,0.022875031025727206,0.0038854958290273954,0.037890821157637644,0.023573026380747594
Bubble,49.486686326552096,0.7802192192192192,0.21978078078078078,0.2690117244995834,0.7309882755004167,865.586597493314,91.89853928619084,0.02286108582324754,0.003899636967899105,0.03786288211267267,0.02356592165954883
Bubble,49.600011490411624,0.7792202202202203,0.2207797797797797,0.2687611944658098,0.7312388055341902,864.4197051509243,92.20411691718516,0.0228471258329634,0.003913767532140288,0.03783494306770771,0.02355891507607308
Dew,49.6134069243614,0.7791018167901751,0.22089818320982493,0.26873173173173176,0.7312682682682683,864.2814598800547,92.24031733611088,0.02284547141191571,0.003915441067840785,0.0378316316742435,0.02355809109061061
Bubble,49.712854861013625,0.7782212212212213,0.22177877877877872,0.2685141310673211,0.7314858689326789,863.2530317775914,92.50962890759496,0.022833151001817095,0.003927887547710772,0.03780700402274274,0.023552005444125012
Bubble,49.825218474996795,0.7772222222222223,0.22277777777777774,0.2682704925540882,0.7317295074459118,862.0865766013684,92.8150756060714,0.022819161276449295,0.003941997041193094,0.037779064977777777,0.023545191596079883
Bubble,49.93710436579605,0.7762232232232232,0.22377677677677676,0.26803023782738805,0.731969762172612,860.9203388447974,93.12045737540397,0.022805156603196725,0.003956096039797578,0.03775112593281282,0.023538472382528076
Bubble,50.0485145636479,0.7752242242242242,0.2247757757757758,0.2677933264273353,0.7322066735726647,859.7543177248727,93.42577459272553,0.022791136928090084,0.003970184571369961,0.03772318688784785,0.023531846671926343
Dew,50.07717823274555,0.7749664473827886,0.22503355261721142,0.26773273273273274,0.7322672672672672,859.4535538529501,93.50452416360437,0.022787518919032225,0.003973817252953442,0.03771597763261235,0.023530152045645642
Bubble,50.159451095577985,0.7742252252252253,0.2257747747747747,0.26755971852070676,0.7324402814792932,858.5885124529972,93.73102764966933,0.022777102196851706,0.003984262664396943,0.03769524784288288,0.023525313350257347
Bubble,50.26989304575244,0.7732262262262263,0.22677377377377372,0.2673293748888457,0.7326706251111543,857.4229116013689,94.03612150568487,0.022763052072590956,0.003998326289703967,0.037667308797917916,0.023518871320691345
Bubble,50.37988758891912,0.7722272272272273,0.22777277277277275,0.2671022569170405,0.7328977430829595,856.2575352684028,94.34124391058015,0.02274898705500312,0.004012383440974193,0.037639369752952956,0.02351251950328915
Bubble,50.48941450120543,0.7712282282282282,0.22877177177177177,0.26687832658175525,0.7331216734182447,855.09237236912,94.64630326879838,0.022734906816174738,0.004026430236621198,0.03761143070798799,0.023506256834645016
Dew,50.56073059052575,0.7705755697702344,0.22942443022976555,0.26673373373373377,0.7332662662662662,854.3314194744124,94.84563343792858,0.02272570370110056,0.004035604367775138,0.03759317778278694,0.02350221300068068
Bubble,50.598501011155214,0.7702292292292293,0.22977077077077068,0.26665754644082873,0.7333424535591713,853.927433885188,94.9514067083743,0.02272081161435394,0.004040471247168143,0.03758349166302302,0.023500082267612514
Bubble,50.70709950653228,0.7692302302302303,0.2307697697697697,0.2664398796211808,0.7335601203788191,852.7626958263958,95.25634536238334,0.02270670077735341,0.004054497597833933,0.037555552618058055,0.023493994770960747
Bubble,50.81523643003539,0.7682312312312313,0.23176876876876873,0.2662252898101359,0.7337747101898642,851.5981687642577,95.56122252028804,0.022692574551951915,0.0040685136946869566,0.037527613573093095,0.02348799332913166
Bubble,50.922913785873014,0.7672322322322322,0.23276776776776775,0.2660137412438385,0.7339862587561615,850.4338518698187,95.86603868009925,0.022678432881648523,0.004082519570872202,0.037499674528128135,0.023482076941916077
Bubble,51.03013357495031,0.7662332332332332,0.23376676676676678,0.2658051986975541,0.734194801302446,849.2697443081823,96.1707943557809,0.022664275709615236,0.0040965152602268065,0.03747173548316317,0.023476244624182442
Dew,51.06660787832812,0.7658924191929855,0.23410758080701458,0.26573473473473475,0.7342652652652653,848.8726503073782,96.27474969938825,0.022659442355449914,0.004101287642847265,0.037462203923267,0.023474273955715715
Bubble,51.13689779486724,0.7652342342342343,0.2347657657657657,0.2655996274757501,0.7344003725242498,848.1058452384627,96.47549007739967,0.022650102978694478,0.0041105007972854005,0.0374437964381982,0.023470495405599402
Bubble,51.24320843989557,0.7642352352352353,0.2357647647647647,0.26539699340253253,0.7346030065974675,846.9421538137369,96.78012639131944,0.0226359146313966,0.0041244762172866975,0.037415857393233234,0.02346482833036836
Bubble,51.349067500971124,0.7632362362362363,0.23676376376376373,0.2651972628121605,0.7348027371878395,845.7786691809971,97.08470386032968,0.022621710609897375,0.0041384415561779376,0.037387918348268274,0.02345924245695821
Bubble,51.4544769656858,0.7622372372372372,0.23776276276276276,0.26500040254000073,0.7349995974599992,844.6153904811048,97.38922306396074,0.022607490856035493,0.004152396850626167,0.03735997930330331,0.0234537368578523
Bubble,51.55943881827537,0.7612382382382383,0.23876176176176167,0.26480637991335565,0.7351936200866444,843.4523168487425,97.69368459851833,0.022593255311310022,0.004166342138019155,0.03733204025833835,0.023448310619292013
Dew,51.597926145719754,0.7608708584103168,0.23912914158968326,0.2647357357357357,0.7352642642642643,843.0246503135692,97.80563532009425,0.022588016236082066,0.004171467979639234,0.03732176573199566,0.02344633491075075
Bubble,51.66395503961294,0.7602392392392393,0.2397607607607607,0.2646151627428514,0.7353848372571485,842.2894474123653,97.99808907742006,0.022579003916877848,0.004180277456477425,0.03730410121337338,0.023442962841035836
Bubble,51.76802760719288,0.7592402402402403,0.24075975975975972,0.2644267193137331,0.7355732806862669,841.1267812941503,98.30243713127696,0.02256473661355101,0.004194202844856808,0.037276162168408414,0.023437692636115948
Bubble,51.87165849511977,0.7582412412412413,0.24175875875875874,0.2642410183775457,0.7357589816224543,839.9643176099487,98.6067294081437,0.022550453341794133,0.004208118342757214,0.03724822312344345,0.023432499130605557
Bubble,51.9748496741033,0.7572422422422422,0.24275775775775776,0.2640580291438943,0.7359419708561057,838.8020554692336,98.9109665737032,0.022536154041721726,0.004222023990529117,0.03722028407847848,0.023427381463388457
Bubble,52.07760311144784,0.7562432432432433,0.24375675675675668,0.26387772127240783,0.7361222787275922,837.639993975053,99.21514931145738,0.0225218386530956,0.004235919829280185,0.03719234503351352,0.02342233878593428
Dew,52.158711308747534,0.7554516761578691,0.24454832384213088,0.26373673673673675,0.7362632632632633,836.7193645392897,99.45613343313146,0.022510484244015656,0.00424692340171927,0.03717020724517417,0.023418395865785785
Bubble,52.17992077103019,0.7552442442442443,0.2447557557557557,0.2637000648649507,0.7362999351350493,836.4781322239709,99.51927832292697,0.022507507115321967,0.00424980590088191,0.03716440598854855,0.023417370262080666
Bubble,52.28180461330149,0.7542452452452453,0.24575475475475472,0.26352503045788667,0.7364749695421133,835.3164693060253,99.8233543278471,0.022493159367448945,0.004263682247976655,0.037136466943583586,0.023412475067816935
Bubble,52.383256595276755,0.7532462462462463,0.24675375375375375,0.2633525890145831,0.7366474109854169,834.1550043046688,100.12737806437157,0.022478795348163636,0.004277548913984695,0.03710852789861862,0.023407652391074403
Bubble,52.48427867051197,0.7522472472472473,0.24775275275275266,0.2631827119181137,0.7368172880818863,832.9937362967153,100.43135028926645,0.022464414995789314,0.004291405943110591,0.03708058885365366,0.023402901431522363
Bubble,52.58487278911174,0.7512482482482483,0.24875175175175168,0.2630153709640421,0.7369846290359579,831.8326643522936,100.73527177815082,0.022450018248282806,0.004305253380351988,0.03705264980868869,0.023398221400366202
Bubble,52.685040897703416,0.7502492492492493,0.2497507507507507,0.26285053835340505,0.737149461646595,830.6717875347854,101.03914332564705,0.022435605043231437,0.004319091271504279,0.03702471076372373,0.023393611520151212
Dew,52.75422613846061,0.7495567662704082,0.25044323372959176,0.26273773773773773,0.7372622622622622,829.867208632219,101.24975117109295,0.022425604452819853,0.004328677799954994,0.03700534406455516,0.023390456820820818
Bubble,52.78478493943152,0.7492502502502503,0.25074974974974973,0.2626881866858444,0.7373118133141556,829.5111049007721,101.34296574560689,0.022421175317850192,0.004332919663168538,0.036996771718758766,0.023389071024570475
Bubble,52.88410685395397,0.7482512512512512,0.25174874874874875,0.2625282889528954,0.7374717110471046,828.3506154999865,101.6467398713542,0.022406729008979012,0.004346738602760076,0.03696883267379379,0.023384599158277182
Bubble,52.98300857741622,0.7472522522522523,0.25274774774774766,0.2623708185313947,0.7376291814686053,827.1903183752434,101.95046655581882,0.022392266053079465,0.004360548138512483,0.03694089362882883,0.023380195176700255
Bubble,53.08149204245608,0.7462532532532533,0.2537467467467467,0.2622157491770659,0.7377842508229341,826.0302125623946,102.25414667182308,0.022377786386232154,0.004374348319487961,0.036912954583863865,0.023375858345864968
Bubble,53.17955917818295,0.7452542542542543,0.2547457457457457,0.2620630550182059,0.7379369449817941,824.8702970902657,102.55778111223796,0.0223632899441335,0.004388139195582286,0.036885015538898905,0.023371587942216367
Bubble,53.27721191018108,0.7442552552552553,0.25574474474474473,0.26191271054953325,0.7380872894504668,823.710570980604,102.86137079025887,0.02234877666209291,0.004401920817534689,0.03685707649393394,0.023367383252447218
Bubble,53.37445216047905,0.7432562562562562,0.25674374374374376,0.261764690626157,0.738235309373843,822.5510332480123,103.16491663953754,0.022334246475029507,0.004415693236931662,0.036829137448968964,0.023363243573329355
Dew,53.39161597865984,0.7430794837946083,0.2569205162053917,0.26173873873873876,0.7382612612612612,822.3458731591877,103.21862447053088,0.02233167360171568,0.004418129306987744,0.036824193646463166,0.023362517775855858
Bubble,53.4712818475549,0.7422572572572573,0.25774274274274267,0.2616189704576808,0.7383810295423192,821.3916828998942,103.46841961446182,0.02231969931746913,0.004429456506216989,0.036801198404004004,0.023359168211548778
Bubble,53.56770288631712,0.7412582582582583,0.2587417417417417,0.26147552560242954,0.7385244743975705,820.2325189363921,103.7718806903446,0.022305135123541205,0.004443210678697927,0.036773259359039044,0.023355156483544172
Bubble,53.663717188101074,0.7402592592592593,0.2597407407407407,0.26133433196179257,0.7386656680382074,819.0735403503312,104.07530086366101,0.022290553826975684,0.004456955808553422,0.03674532031407408,0.023351207715348727
Bubble,53.759326660646344,0.7392602602602603,0.26073973973973974,0.261195365774685,0.738804634225315,817.9147461271483,104.37868115221976,0.022275955361099577,0.004470691950839519,0.03671738126910911,0.023347321242435243
Bubble,53.854533208108506,0.7382612612612613,0.26173873873873865,0.26105860361215133,0.7389413963878486,816.7561352448442,104.68202259548269,0.02226133965883415,0.004484419161500949,0.03668944222414414,0.02334349640956518
Bubble,53.949338731021655,0.7372622622622623,0.2627377377377377,0.26092402237204937,0.7390759776279506,815.5977066739076,104.98532625467601,0.02224670665269127,0.0044981374973739555,0.036661503179179177,0.02333973257064
Bubble,54.043745126310355,0.7362632632632633,0.2637367367367367,0.26079159927387,0.7392084007261299,814.4394593772623,105.28859321310834,0.022232056274770436,0.004511847016197824,0.03663356413421422,0.023336029088556295
Dew,54.08100643715514,0.7358675712836306,0.26413242871636944,0.26073973973973974,0.7392602602602603,813.98108381682,105.4086250807313,0.022226257975205988,0.004517271397798527,0.036622497800792145,0.02333457873089089
Bubble,54.13775428726013,0.7352642642642643,0.2647357357357357,0.2606613118536377,0.7393386881463623,813.2813923101909,105.59182457630412,0.022217388456755093,0.004525547776618627,0.03660562508924925,0.02333238533506316
Bubble,54.231368103521106,0.7342652652652653,0.26573473473473475,0.26053313795896693,0.7394668620410331,812.1235044202824,105.89502147231785,0.022202703129909632,0.004539239838200428,0.03657768604428428,0.023328800690623944
Bubble,54.32458846109125,0.7332662662662663,0.26673373373373366,0.2604070557441707,0.7395929442558293,810.965794647359,106.19818505191769,0.022188000225075756,0.004552923261431146,0.036549746999319316,0.02332527454427945
Bubble,54.417417242308446,0.7322672672672673,0.2677327327327327,0.2602830436654791,0.739716956334521,809.8082619234136,106.50131648882072,0.022173279672669195,0.004566598107730565,0.036521807954354356,0.0233218062935142
Bubble,54.50985632583267,0.7312682682682683,0.2687317317317317,0.2601610804764186,0.7398389195235814,808.6509051725382,106.80441697993231,0.02215854140267608,0.004580264439458147,0.03649386890938939,0.02331839534412722
Bubble,54.601907586650285,0.7302692692692693,0.26973073073073073,0.2600411452231645,0.7399588547768354,807.4937233108636,107.10748774558213,0.02214378534464965,0.00459392231992137,0.03646592986442442,0.02331504111010205
Bubble,54.69355154353725,0.7292702702702704,0.27072972972972964,0.25992321723974576,0.7400767827602542,806.336703888403,107.41041501443273,0.022129011115996668,0.004607566879591824,0.03643799081945946,0.023311743013472656
Bubble,54.7848318826491,0.7282712712712713,0.27172872872872866,0.259807276145128,0.740192723854872,805.1798680107609,107.71342459767483,0.02211421925455199,0.004621207815170116,0.03641005177449449,0.02330850048424184
Dew,54.83777529392856,0.7276901663387008,0.27230983366129924,0.25974074074074077,0.7402592592592592,804.5070425637565,107.88979308634642,0.022105607075755495,0.004629144078264415,0.03639379998960111,0.023306639685925928
Bubble,54.875729963284186,0.7272722722722723,0.2727277277277277,0.2596933018367237,0.7403066981632763,804.0232036982594,108.01640798727892,0.02209940939041933,0.0046348404834445625,0.03638211272952953,0.023305312960199723
Bubble,54.96624764389156,0.7262732732732733,0.2737267267267267,0.25958127448762564,0.7404187255123744,802.8667098333266,108.31936648592782,0.022084581451350983,0.004648464951001079,0.03635417368456456,0.023302179886846408
Bubble,55.05638677911391,0.7252742742742743,0.27472572572572573,0.2594711745421008,0.7405288254578992,801.7103852900193,108.62230142022064,0.022069735364646535,0.004662081285383067,0.0363262346395996,0.023299100717265916
Bubble,55.14614921976593,0.7242752752752754,0.27572472472472465,0.25936298271160857,0.7406370172883914,800.5542289339464,108.92521414089327,0.022054871057148994,0.004675689555098207,0.03629829559463464,0.023296074912014863
Bubble,55.23553681282039,0.7232762762762763,0.27672372372372367,0.2592566799708284,0.7407433200291715,799.3982396221938,109.22810602301594,0.022039988455240987,0.004689289829624639,0.036270356549669674,0.02329310193901136
Bubble,55.3245514014132,0.7222772772772773,0.2777227227227227,0.25915224755372035,0.7408477524462797,798.2424162032506,109.53097846622305,0.02202508748484091,0.004702882179418805,0.03624241750470471,0.0232901812734248
Bubble,55.413194824779936,0.7212782782782783,0.2787217217217217,0.2590496669498719,0.7409503330501281,797.0867575169146,109.83383289483454,0.02201016807139856,0.004716466675917393,0.03621447845973974,0.023287312397573746
Bubble,55.501468918313286,0.7202792792792793,0.27972072072072074,0.25894891990062957,0.7410510800993704,795.9312623942426,110.13667075824186,0.02199523013989196,0.004730043391552309,0.03618653941477478,0.0232844948008177
Bubble,55.589375513485926,0.7192802802802803,0.28071971971971965,0.25884998839553425,0.7411500116044658,794.7759296574402,110.43949353091921,0.02198027361482246,0.0047436123997482114,0.036158600369809814,0.023281727979457444
Bubble,55.67691643786047,0.7182812812812813,0.2817187187187187,0.2587528546687797,0.7412471453312204,793.6207581197962,110.74230271274904,0.02196529842021108,0.004757173774933822,0.036130661324844854,0.02327901143663595
Dew,55.68703864787651,0.7181658033029279,0.2818341966970721,0.25874174174174175,0.7412582582582583,793.4873915912175,110.77747161314585,0.02196357042855164,0.0047587480642378695,0.03612743174760512,0.023278700640960964
Bubble,55.76409351507941,0.7172822822822823,0.2827177177177177,0.25865750119564057,0.7413424988043594,792.4657465855996,111.04509982919718,0.02195030447959439,0.00477072759254731,0.03610272227987989,0.023276344682238527
Bubble,55.850908564834256,0.7162832832832833,0.2837167167167167,0.25856391068913487,0.7414360893108651,791.3108938500478,111.34788643151897,0.021935291716020038,0.004784273929042073,0.03607478323491492,0.02327372723279946
Bubble,55.9373634028701,0.7152842842842844,0.28471571571571563,0.25847206609656903,0.741527933903431,790.1561986991745,111.6506640969699,0.021920260052042898,0.004797812861893734,0.03604684418994995,0.02327115861140539
Bubble,56.0234598409466,0.7142852852852853,0.28571471471471466,0.2583819505963266,0.7416180494036734,789.0016599097498,111.95343442897546,0.021905209409720346,0.004811344469604354,0.036018905144984986,0.023268638347605487
Bubble,56.10919968684537,0.7132862862862863,0.2867137137137137,0.2582935475946378,0.7417064524053623,787.8472762492069,112.2561990574245,0.02189013971060834,0.004824868831712412,0.035990966100020026,0.023266165977321136
Bubble,56.194584744330456,0.7122872872872873,0.2877127127127127,0.2582068407223953,0.7417931592776047,786.6930464755405,112.55895963875572,0.021875050875756603,0.004838386028793973,0.03596302705505506,0.023263741042756858
Bubble,56.2796168131512,0.7112882882882883,0.2887117117117117,0.25812181383205446,0.7418781861679455,785.5389693372297,112.86171785622925,0.021859942825704526,0.004851896142471666,0.03593508801009009,0.023261363092313622
Bubble,56.36429768901266,0.7102892892892894,0.28971071071071064,0.25803845099466227,0.7419615490053377,784.3850435731374,113.1644754201272,0.021844815480476395,0.004865399255420185,0.03590714896512513,0.023259031680505755
Bubble,56.44862916357205,0.7092902902902903,0.29070970970970966,0.2579567364967983,0.7420432635032017,783.2312679124283,113.4672340679365,0.021829668759577075,0.004878895451371865,0.035879209920160166,0.023256746367875416
Bubble,56.53261302440914,0.7082912912912913,0.2917087087087087,0.25787665483773103,0.742123345162269,782.0776410744678,113.76999556454807,0.02181450258198719,0.004892384815122032,0.0358512708751952,0.023254506720913014
Bubble,56.61625105500584,0.7072922922922923,0.2927077077077077,0.25779819072656557,0.7422018092734344,780.9241617687265,114.0727617024403,0.021799316866158387,0.0049058674325340255,0.03582333183023023,0.023252312311977486
Dew,56.67625417646416,0.7065737058591683,0.2934262941408317,0.2577427427427428,0.7422572572572572,780.0945785129612,114.29088434869557,0.021788382431066598,0.004915575942612459,0.035803235094711595,0.023250761595995997
Bubble,56.69954503474709,0.7062932932932934,0.2937067067067066,0.25772132907939127,0.7422786709206087,779.7708286946975,114.3755343019097,0.02178411153000898,0.004919343390546559,0.03579539278526527,0.023250162719216497
Bubble,56.78255433708291,0.7052942942942944,0.29470570570570565,0.25764605502036475,0.7423539449796352,778.6176737727811,114.67867367627946,0.021768887420003522,0.004932828196294779,0.035767453740300305,0.023248057526596737
Bubble,56.86516799960066,0.7042952952952953,0.29570470470470467,0.2575723538642897,0.7424276461357102,777.4646307622169,114.98148239361682,0.021753642638681108,0.004946291860064986,0.03573951469533534,0.023245996323416743
Bubble,56.947443031455876,0.7032962962962963,0.2967037037037037,0.25750021113553806,0.742499788864462,776.3117300937118,115.28430408155145,0.02173837798964943,0.0049597491696878005,0.03571157565037037,0.02324397870483604
Bubble,57.02936754307505,0.7022972972972973,0.2977027027027027,0.2574296125512297,0.7425703874487704,775.1589624668702,115.58705382435507,0.02172309316560656,0.004973196479727219,0.035683636605405404,0.023242004271404746
Bubble,57.11096996486379,0.7012982982982984,0.2987017017017016,0.25736054402295494,0.7426394559770451,774.0063420516555,115.88990273884845,0.021707788516537284,0.0049866411602207585,0.035655697560440444,0.02324007262911174
Bubble,57.19223901499606,0.7002992992992993,0.29970070070070065,0.25729299165306735,0.7427070083469327,772.853859912327,116.1927703933978,0.02169246374499327,0.005000079758686888,0.03562775851547548,0.023238183389281002
Bubble,57.273176447271624,0.6993003003003003,0.3006996996996997,0.2572269417330868,0.7427730582669132,771.701514678501,116.49565884476773,0.021677118765103517,0.005013512371307421,0.03559981947051051,0.023236336168526908
Bubble,57.35378401137481,0.6983013013013013,0.3016986986986987,0.25716238074109704,0.742837619258903,770.5493049691178,116.798570180712,0.021661753490427135,0.005026939095451727,0.03557188042554554,0.023234530588681492
Bubble,57.434063452864315,0.6973023023023024,0.3026976976976976,0.25709929533940634,0.7429007046605937,769.397229392339,117.10150652024356,0.021646367833948174,0.005040360029685223,0.03554394138058058,0.02323276627672899
Bubble,57.51401651314151,0.6963033033033034,0.30369669669669663,0.2570376723722956,0.7429623276277044,768.2452865454367,117.40447001383703,0.0216309617080703,0.005053775273774668,0.03551600233561562,0.023231042864742885
Bubble,57.593644929456886,0.6953043043043043,0.30469569569569566,0.2569774988637411,0.7430225011362589,767.093475014695,117.70746284374766,0.021615535024611676,0.005067184928698873,0.03548806329065065,0.0232293599898222
Bubble,57.67295043487117,0.6943053053053053,0.3056946946946947,0.25691876201525005,0.74308123798475,765.9417933752966,118.01048722418598,0.021600087694799493,0.005080589096652735,0.03546012424568569,0.023227717294030982
Bubble,57.751934758256446,0.6933063063063063,0.3066936936936937,0.2568614492036917,0.7431385507963083,764.7902401912158,118.3135454016258,0.02158461962926462,0.005093987881057293,0.03543218520072072,0.023226114424337616
Bubble,57.8305996242683,0.6923073073073074,0.3076926926926926,0.2568055479791912,0.7431944520208088,763.638814015108,118.6166396550102,0.021569130738036103,0.005107381386565214,0.035404246155755756,0.023224551032555957
Bubble,57.90894675334019,0.6913083083083084,0.30869169169169164,0.2567510460630541,0.7432489539369459,762.4875133881984,118.91977229603987,0.021553620930535675,0.00512076971906987,0.03537630711079079,0.023223026775287273
Dew,57.91953139344067,0.6911724913063777,0.3088275086936223,0.25674374374374376,0.7432562562562562,762.3318386246407,118.96087534658065,0.021551534409032742,0.005122584693792922,0.03537250871126512,0.02322282255103103
Bubble,57.98697786165172,0.6903093093093093,0.30969069069069066,0.25669793134577157,0.7433020686542284,761.3363368401668,119.22294566937504,0.02153809011557208,0.00513415298571042,0.03534836806582582,0.02322154131386445
Bubble,58.06469466112739,0.6893103103103103,0.3106896896896897,0.25664619188497845,0.7433538081150215,760.1852828890338,119.52616215291599,0.021522538201335414,0.0051475312948807755,0.03532042902086086,0.023220094314294865
Bubble,58.142098859405834,0.6883113113113114,0.3116886886886886,0.2565958159035875,0.7434041840964125,759.0343500410427,119.82942415804702,0.021506965095391364,0.005160904756236098,0.035292489975895895,0.023218685447208266
Bubble,58.2191921598357,0.6873123123123124,0.3126876876876876,0.25654679178780937,0.7434532082121906,757.8835367905464,120.13273412988754,0.021491370704675505,0.005174273480700539,0.035264550930930935,0.02321731438780134
Bubble,58.295976261437545,0.6863133133133134,0.31368668668668664,0.2564991080853239,0.7435008919146762,756.7328416198749,120.43609454747124,0.021475754935487038,0.00518763758047113,0.03523661188596597,0.023215980815786578
Bubble,58.372452858909696,0.6853143143143143,0.31468568568568567,0.25645275350343644,0.7435472464965636,755.582262999231,120.73950792409852,0.021460117693483313,0.005200997169029415,0.035208672841001,0.023214684415340747
Bubble,58.44862364259255,0.6843153153153153,0.3156846846846847,0.2564077169072868,0.7435922830927132,754.4317993865536,121.0429768074914,0.021444458883673388,0.005214352361144463,0.035180733796036034,0.02321342487505476
Bubble,58.52449029845238,0.6833163163163164,0.3166836836836836,0.2563639873181074,0.7436360126818926,753.2814492273977,121.34650378006754,0.02142877841041205,0.0052277032728808535,0.03515279475107107,0.023212201887885
Bubble,58.60005450806962,0.6823173173173174,0.3176826826826826,0.2563215539114693,0.7436784460885306,752.1312109548077,121.65009145917844,0.021413076177393582,0.005241050021605417,0.03512485570610611,0.02321101515110422
Bubble,58.67531794861258,0.6813183183183184,0.31868168168168165,0.25628040601561913,0.7437195939843808,750.9810829891898,121.95374249734539,0.021397352087645538,0.00525439272599346,0.03509691666114114,0.02320986436625506
Bubble,58.750282292818895,0.6803193193193193,0.3196806806806807,0.2562405331098132,0.7437594668901868,749.8310637381783,122.25745958248338,0.02138160604352223,0.005267731506034664,0.035068977616176174,0.023208749239103467
Bubble,58.82494920897267,0.6793203203203203,0.3206796796796797,0.25620192482272475,0.7437980751772753,748.6811515965039,122.56124543814242,0.02136583794669832,0.00528106648303946,0.03504103857121121,0.023207669479594135
Bubble,58.89932036089358,0.6783213213213214,0.3216786786786786,0.2561645709308026,0.7438354290691974,747.5313449458663,122.8651028237477,0.02135004769816244,0.005294397779645813,0.035013099526246254,0.023206624801804594
Bubble,58.97339740790305,0.6773223223223224,0.32267767767767763,0.2561284613567731,0.7438715386432269,746.3816421547857,123.16903453479875,0.021334235198210254,0.0053077255198235,0.03498516048128129,0.023205614923903325
Bubble,59.04718200481337,0.6763233233233233,0.32367667667667666,0.2560935861680945,0.7439064138319055,745.2320415784786,123.47304340314047,0.021318400346438084,0.005321049828881942,0.03495722143631632,0.023204639568106544
Bubble,59.12067580189969,0.6753243243243243,0.3246756756756757,0.25605993557545204,0.743940064424548,744.0825415587068,123.7771322971345,0.021302543041735806,0.005334370833473647,0.03492928239135135,0.02320369846063609
Bubble,59.193930528948265,0.6743253253253254,0.3256746746746746,0.2560274999354607,0.7439725000645393,742.9331727524724,124.08168412669845,0.02128666410857203,0.005347705039120359,0.03490134334638639,0.023202791331795026
Bubble,59.26685003451067,0.6733263263263264,0.3266736736736736,0.2559962697331319,0.7440037302668681,741.783870477859,124.38596241895614,0.021270761640199955,0.005361020708377822,0.034873404301421426,0.02320191791547729
Bubble,59.33948377524651,0.6723273273273274,0.32767267267267264,0.25596623560397946,0.7440337643960205,740.6346637879614,124.69033067590496,0.021254836413777838,0.00537433350923488,0.034845465256456466,0.02320107794978592
Bubble,59.4118333881834,0.6713283283283283,0.32867167167167166,0.25593738831735424,0.7440626116826458,739.4855509735844,124.9947919735624,0.021238888325429563,0.0053876435763307445,0.03481752621149149,0.023200271176566978
Bubble,59.48390050591394,0.6703293293293293,0.3296706706706707,0.25590971877885865,0.7440902812211414,738.3365303115582,125.29934942860358,0.02122291727054361,0.00540095104580511,0.03478958716652653,0.023199497341477093
Bubble,59.555686756601204,0.6693303303303304,0.3306696696696696,0.25588321802899194,0.7441167819710081,737.1876000646006,125.6040061987895,0.021206923143766196,0.005414256055312565,0.034761648121561566,0.023198756193945538
Bubble,59.62719376394345,0.6683313313313314,0.3316686686686686,0.25585787724191666,0.7441421227580833,736.0387584811687,125.90876548326511,0.021190905838993968,0.005427558744030709,0.0347337090765966,0.023198047487139776
Bubble,59.698423147172434,0.6673323323323324,0.33266766766766764,0.2558336877241651,0.7441663122758349,734.890003795312,126.21363052295946,0.021174865249366785,0.005440859252673219,0.03470577003163164,0.023197370977929233
Bubble,59.76936063447021,0.6663333333333333,0.33366666666666667,0.2558106409129336,0.7441893590870664,733.7413236549442,126.5184772845513,0.02115880096240914,0.005454152234953923,0.034677830986666665,0.02319672642683765
Bubble,59.840038781188305,0.6653343343343344,0.3346656656656656,0.25578872837668704,0.7442112716233129,732.5927368141207,126.82355620975595,0.0211427134620421,0.005467448487593332,0.034649891941701705,0.02319611359805994
Bubble,59.910444091680176,0.6643353353353354,0.3356646646646646,0.2557679418113739,0.7442320581886261,731.4442314518292,127.12875042438537,0.021126602350636632,0.005480742972522458,0.03462195289673674,0.023195532259356368
Bubble,59.980578164966076,0.6633363363363364,0.3366636636636636,0.2557482730409482,0.7442517269590518,730.2958057411479,127.43406331428197,0.021110467518175687,0.005494035835595763,0.03459401385177178,0.02319498218206712
Dew,59.99356307542606,0.6631509163291491,0.3368490836708508,0.25574474474474473,0.7442552552552553,730.0828654750438,127.49080200918503,0.021107476124658846,0.005496505381276991,0.03458882820301397,0.023194883506066064
Bubble,60.05044259540884,0.6623373373373374,0.33766266266266265,0.25572971401582456,0.7442702859841754,729.1474578398888,127.739498307423,0.021094308853844865,0.0055073272241961,0.03456607480680681,0.023194463141069127
Bubble,60.12003897269616,0.6613383383383383,0.3386616616616617,0.2557122568117887,0.7442877431882113,727.9991858904305,128.04505887424096,0.021078126246024342,0.005520617287243694,0.034538135761841844,0.023193974914745567
Bubble,60.18936888181397,0.6603393393393394,0.3396606606606606,0.25569589362892226,0.7443041063710778,726.8509880195514,128.35074852789938,0.021061919582280788,0.00553390617520321,0.034510196716876884,0.023193517284955816
Bubble,60.25843390303255,0.6593403403403404,0.3406596596596596,0.2556806167904974,0.7443193832095025,725.7028623382669,128.6565708245963,0.021045688749359356,0.005547194040092333,0.03448225767191191,0.02319309003700451
Bubble,60.32723561187276,0.6583413413413414,0.34165865865865863,0.2556664187420185,0.7443335812579814,724.5548069416504,128.96252936384755,0.021029433633175127,0.0055604810354885825,0.03445431862694695,0.02319269295961478
Bubble,60.395775579093794,0.6573423423423423,0.34265765765765765,0.255653292050136,0.744346707949864,723.4068199086672,129.26862778878234,0.021013154118804944,0.005573767316537622,0.03442637958198198,0.023192325844897835
Bubble,60.464055370665534,0.6563433433433433,0.3436566566566567,0.255641229401723,0.744358770598277,722.2588993019941,129.5748697864534,0.020996850090478764,0.005587053039961199,0.03439844053701702,0.023191988488327164
Bubble,60.532076547747494,0.6553443443443444,0.3446556556556556,0.2556302236028646,0.7443697763971354,721.1110431678455,129.88125908810545,0.020980521431571128,0.005600338364063965,0.03437050149205206,0.023191680688710258
Bubble,60.59984066665142,0.6543453453453454,0.3456546546546546,0.25562026757794065,0.7443797324220593,719.9632495357787,130.18779946940256,0.020964168024592042,0.0056136234487379885,0.03434256244708709,0.02319140224816297
Bubble,60.66734927884552,0.6533463463463464,0.34665365365365364,0.2556113543686991,0.7443886456313009,718.8155164185349,130.49449475086453,0.020947789751178825,0.005626908455476434,0.03431462340212212,0.02319115297208358
Bubble,60.73460393089819,0.6523473473473473,0.34765265265265266,0.2556034771333505,0.7443965228666495,717.6678418118296,130.80134879796987,0.020931386492086406,0.0056401935473727955,0.034286684357157156,0.023190932669127497
Bubble,60.80160616447178,0.6513483483483484,0.3486516516516516,0.2555966291456936,0.7444033708543064,716.5202236941735,131.10836552153688,0.02091495812717853,0.005653478889132013,0.034258745312192196,0.02319074115118278
Bubble,60.868357516294786,0.6503493493493494,0.3496506506506506,0.25559080379426957,0.7444091962057304,715.3726600266834,131.41554887799575,0.020898504535418593,0.005666764647076762,0.03423080626722723,0.023190578233346488
Bubble,60.93485951812249,0.6493503503503504,0.3506496496496496,0.2555859945815063,0.7444140054184937,714.2251487528757,131.72290286956803,0.02088202559485991,0.005680050989149894,0.03420286722226226,0.02319044373390077
Bubble,61.00111369672514,0.6483513513513514,0.35164864864864864,0.25558219512293523,0.7444178048770648,713.0776877984821,132.0304315446442,0.020865521182636626,0.005693338084925008,0.0341749281772973,0.023190337474290935
Bubble,61.06712157385261,0.6473523523523523,0.35264764764764767,0.2555793991463523,0.7444206008536477,711.9302750712379,132.3381389979569,0.02084899117495374,0.0057066261056086575,0.03414698913233233,0.023190259279102
Bubble,61.132928339963016,0.6463533533533534,0.3536466466466466,0.2555776004955147,0.7444223995044853,710.7829399113657,132.6464293518929,0.020832436368869903,0.00571993247185673,0.03411905008736737,0.02319020897616208
Bubble,61.198450407681506,0.6453543543543544,0.3546456456456456,0.25557679311215176,0.7444232068878482,709.6356190424534,132.95453029886104,0.02081585484731815,0.00573322387445617,0.0340911110424024,0.023190186396039272
Bubble,61.26373082246835,0.6443553553553554,0.3556446446446446,0.2555769710603381,0.7444230289396618,708.4883401105825,133.26282395249066,0.020799247356173462,0.005746516784214062,0.034063171997437434,0.023190191372723316
Bubble,61.32877109129551,0.6433563563563564,0.35664364364364365,0.2555781285094501,0.74442187149055,707.3411009546811,133.57131467340773,0.020782613767986464,0.00575981138227994,0.034035232952472474,0.023190223743148934
Bubble,61.393572716229194,0.6423573573573574,0.35764264264264256,0.255580259737522,0.7444197402624779,706.1938993949074,133.8800068741924,0.020765953954337037,0.005773107851648541,0.03400729390750751,0.023190283347289665
Bubble,61.45813719441339,0.6413583583583584,0.3586416416416416,0.25558335913049035,0.7444166408695096,705.0467332324453,134.1889050198024,0.020749267785824272,0.005786406377172573,0.03397935486254254,0.02319037002813679
Bubble,61.52246601804844,0.6403593593593594,0.3596406406406406,0.2555874211815652,0.7444125788184348,703.8996002492939,134.49801362804843,0.020732555132056255,0.0057997071455769015,0.03395141581757758,0.02319048363168168
Bubble,61.58656067436824,0.6393603603603604,0.36063963963963963,0.25559244049056,0.7444075595094399,702.7524982080549,134.80733727002058,0.02071581586163972,0.0058130103454709795,0.033923476772612614,0.02319062400689711
Bubble,61.65042264563316,0.6383613613613613,0.36163863863863865,0.25559841176333103,0.744401588236669,701.6054248517272,135.11688057069048,0.020699049842169852,0.005826316167368112,0.03389553772764765,0.02319079100572155
Bubble,61.714053409092614,0.6373623623623624,0.36263763763763757,0.2556053298110918,0.7443946701889081,700.4583779034757,135.4266482092284,0.020682256940219298,0.0058396248036933695,0.03386759868268268,0.023190984483039995
Bubble,61.777454436968014,0.6363633633633634,0.3636366366366366,0.2556131895498645,0.7443868104501354,699.3113550664157,135.73664491953423,0.02066543702132756,0.005852936448799792,0.03383965963771772,0.02319120429666864
Bubble,61.840627196444245,0.6353643643643644,0.3646356356356356,0.255621985999925,0.744378014000075,698.1643540233962,136.04687549081217,0.020648589949990352,0.0058662512989865806,0.033811720592752746,0.023191450307339344
Bubble,61.903573149628656,0.6343653653653654,0.36563463463463464,0.2556317142852153,0.7443682857147846,697.0173724367615,136.35734476791836,0.020631715589648176,0.005879569552507753,0.033783781547787786,0.023191722378683187
Bubble,61.966293753542196,0.6333663663663665,0.36663363363363355,0.25564236963282544,0.7443576303671746,695.8704079481295,136.6680576519499,0.02061481380267541,0.00589289140959075,0.03375584250282283,0.02319202037721602
Bubble,62.028790460104794,0.6323673673673674,0.36763263263263257,0.2556539473724745,0.7443460526275255,694.723458178164,136.97901910078284,0.020597884450369197,0.005906217072452899,0.033727903457857866,0.023192344172323888
Bubble,62.09106471608763,0.6313683683683684,0.3686316316316316,0.2556664429359962,0.7443335570640037,693.5765207263188,137.2902341294219,0.020580927392937275,0.005919546745309733,0.0336999644128929,0.023192693636248724
Bubble,62.15311796308259,0.6303693693693694,0.3696306306306306,0.2556798518568744,0.7443201481431256,692.4295931705956,137.60170781047853,0.020563942489486356,0.005932880634388549,0.03367202536792793,0.023193068644075283
Bubble,62.214951637600755,0.6293703703703704,0.37062962962962964,0.25569416976974174,0.7443058302302583,691.2826730673897,137.91344527539306,0.02054692959801293,0.0059462189479743055,0.033644086322962966,0.023193469073717162
Bubble,62.276567170853376,0.6283713713713714,0.37162862862862855,0.2557093924099571,0.7442906075900428,690.1357579510972,138.22545171379852,0.020529888575386974,0.005959561896374881,0.033616147277998006,0.023193894805904967
Bubble,62.33796598886205,0.6273723723723724,0.3726276276276276,0.2557255156131496,0.7442744843868504,688.9888453339659,138.5377323748403,0.020512819277342848,0.005972909691970904,0.03358820823303304,0.02319434572417358
Bubble,62.39914951239554,0.6263733733733734,0.3736266266266266,0.2557425353148196,0.7442574646851804,687.8419327058149,138.85029256748336,0.020495721558466174,0.00598626254922156,0.03356026918806807,0.023194821714850974
Bubble,62.46011915695532,0.6253743743743744,0.3746256256256256,0.2557604475498985,0.7442395524501015,686.695017533783,139.16313766108775,0.020478595272181578,0.005999620684682251,0.033532330143103105,0.023195322667045916
Bubble,62.52087633273927,0.6243753753753755,0.37562462462462454,0.25577924845240557,0.7442207515475945,685.5480972620611,139.47627308590756,0.020461440270739838,0.006012984317018308,0.033504391098138145,0.023195848472638364
Bubble,62.581422444638065,0.6233763763763764,0.37662362362362356,0.25579893425502553,0.7442010657449745,684.4011693116437,139.78970433374084,0.020444256405205592,0.006026353667025756,0.03347645205317318,0.02319639902626767
Bubble,62.641758892184846,0.6223773773773774,0.3776226226226226,0.2558195012888099,0.7441804987111901,683.2542310800444,140.10343695837088,0.020427043525443864,0.0060397289576422245,0.03344851300820821,0.0231969742253242
Bubble,62.70188706954342,0.6213783783783784,0.3786216216216216,0.2558409459827674,0.7441590540172326,682.1072799410338,140.41747657615787,0.020409801480107192,0.006053110413965146,0.033420573963243244,0.023197573969937896
Bubble,62.761808365489394,0.6203793793793794,0.37962062062062063,0.2558632648635863,0.7441367351364137,680.9603132443704,140.7318288666897,0.020392530116622516,0.006066498263271543,0.03339263491827828,0.023198198162970512
Bubble,62.821524163372175,0.6193803803803805,0.38061961961961954,0.2558864545553211,0.7441135454446789,679.8133283155142,141.04649957328587,0.02037522928117746,0.006079892735031751,0.03336469587331332,0.023198846710006847
Bubble,62.88103584575282,0.6183813813813814,0.38161861861861857,0.2559105117790815,0.7440894882209186,678.6663224591229,141.36149455579613,0.020357898818820015,0.006093294063177257,0.03333675682834835,0.02319951951934604
Bubble,62.940344776251216,0.6173823823823824,0.3826176176176176,0.25593543335272173,0.7440645666472783,677.5192929440931,141.67681958851963,0.020340538573004652,0.006106702477382035,0.03330881778338339,0.023200216501992905
Bubble,62.99945232599342,0.6163833833833834,0.3836166166166166,0.2559612161906826,0.7440387838093174,676.3722370246775,141.99248065628586,0.020323148386220166,0.006120118215815985,0.033280878738418423,0.02320093757165347
Bubble,63.05835985638253,0.6153843843843844,0.38461561561561564,0.255987857303605,0.744012142696395,675.2251519262951,142.30848376335365,0.02030572809955889,0.006133541516899977,0.03325293969345346,0.023201682644724216
Bubble,63.117068723267174,0.6143853853853855,0.38561461461461455,0.2560153537981784,0.7439846462018216,674.0780348486204,142.62483498073544,0.02028827755280379,0.006146972621336592,0.03322500064848849,0.023202451640287804
Bubble,63.17558027691415,0.6133863863863864,0.38661361361361357,0.2560437028768939,0.7439562971231062,672.9308829652794,142.9415404468067,0.020270796584413806,0.0061604117721278445,0.03319706160352352,0.023203244480106206
Bubble,63.233895861971796,0.6123873873873874,0.3876126126126126,0.2560729018378638,0.7439270981621362,671.7836934235376,143.25860636789122,0.020253285031508875,0.006173859214591399,0.03316912255855856,0.02320406108861561
Bubble,63.29201681744924,0.6113883883883884,0.3886116116116116,0.25610294807460576,0.7438970519253942,670.6364633439948,143.5760390189308,0.020235742729855087,0.006187315196380641,0.033141183513593596,0.02320490139292042
Bubble,63.3499444766948,0.6103893893893895,0.38961061061061053,0.25613383907584114,0.7438661609241588,669.4891898202783,143.89384474415755,0.020218169513849662,0.006200779967504738,0.03311324446862863,0.023205765322787612
Bubble,63.40768016734693,0.6093903903903904,0.39060960960960955,0.2561655724254176,0.7438344275745824,668.3418699187022,144.2120299576662,0.02020056521650493,0.006214253780343466,0.03308530542366367,0.02320665281064455
Bubble,63.465225211321474,0.6083913913913914,0.3916086086086086,0.2561981458020688,0.7438018541979312,667.1945006779599,144.53060114412457,0.02018292966943315,0.006227736889669141,0.0330573663786987,0.02320756379157229
Bubble,63.52258092477232,0.6073923923923924,0.3926076076076076,0.25623155697933636,0.7437684430206637,666.0470791087891,144.84956485940947,0.020165262702830443,0.006241229552664133,0.033029427333733735,0.02320849820330338
Bubble,63.57974861805965,0.6063933933933934,0.3936066066066066,0.25626580382544795,0.743734196174552,664.8996021936342,145.1689277312751,0.02014756414546056,0.006254732028940056,0.03300148828876877,0.023209455986218454
Bubble,63.63672959572695,0.6053943943943945,0.39460560560560554,0.25630088430319675,0.7436991156968032,663.7520668863172,145.48869646006682,0.020129833824638864,0.00626824458055888,0.03297354924380381,0.023210437083342875
Bubble,63.69352515642316,0.6043953953953954,0.39560460460460456,0.2563367964698483,0.7436632035301517,662.6044701116529,145.8088778191021,0.020112071566214494,0.006281767472039448,0.03294561019883884,0.023211441440344108
Bubble,63.7501365930284,0.6033963963963964,0.3966036036036036,0.256373538477113,0.7436264615228869,661.4568087652378,146.12947865646603,0.020094277194557704,0.006295300970424429,0.032917671153873874,0.023212469005530957
Bubble,63.80656519238302,0.6023973973973974,0.3976026026026026,0.2564111085710072,0.7435888914289928,660.3090797128921,146.45050589404664,0.020076450532536653,0.006308845345229122,0.03288973210890891,0.0232135197298497
Bubble,63.86281223542309,0.6013983983983985,0.3986016016016015,0.25644950509189635,0.7435504949081037,659.1612797904452,146.7719665294449,0.020058591401504466,0.006322400868512707,0.03286179306394395,0.02321459356688527
Bubble,63.91887899709423,0.6003993993993995,0.39960060060060054,0.2564887264743881,0.743511273525612,658.0134058033275,147.09386763630053,0.020040699621280387,0.0063359678148823375,0.03283385401897898,0.02321569047285827
Bubble,63.97476674632223,0.5994004004004004,0.40059959959959957,0.25652877124735807,0.7434712287526419,656.865454526207,147.4162163650742,0.020022775010132124,0.006349546461515831,0.032805914974014014,0.023216810406625713
Bubble,64.03047674598012,0.5984014014014014,0.4015985985985986,0.25656963803396227,0.7434303619660377,655.7174227026152,147.7390199438112,0.020004817384757866,0.006363137088183597,0.03277797592904905,0.023217953329681344
Bubble,64.08601025285257,0.5974024024024024,0.4025975975975976,0.2566113255515791,0.7433886744484208,654.5693070445677,148.06228567884452,0.01998682656026798,0.006376739977268468,0.03275003688408408,0.023219119206154035
Bubble,64.141368517589,0.5964034034034035,0.4035965965965965,0.25665383261192254,0.7433461673880775,653.4211042321693,148.3860209555278,0.019968802350166175,0.0063903554137854195,0.03272209783911912,0.02322030800281094
Bubble,64.19655278468791,0.5954044044044045,0.40459559559559555,0.25669715812102006,0.74330284187898,652.272810913244,148.7102332391064,0.01995074456633131,0.006403983685408232,0.03269415879415415,0.023221519689056894
Bubble,64.25156429244448,0.5944054054054054,0.40559459459459457,0.2567413010793068,0.7432586989206932,651.1244237029209,149.0349300754139,0.019932653018997784,0.006417625082487675,0.032666219749189186,0.023222754236937013
Bubble,64.30640427291544,0.5934064064064064,0.4065935935935936,0.25678626058166537,0.7432137394183347,649.9759391832383,149.36011909165347,0.019914527516736346,0.00643127989807368,0.032638280704224226,0.02322401162113786
Bubble,64.36107395188341,0.5924074074074074,0.4075925925925926,0.2568320358175333,0.7431679641824667,648.8273539027348,149.6858079972228,0.019896367866434454,0.006444948427938837,0.03261034165925926,0.023225291818990385
Bubble,64.4155745488179,0.5914084084084085,0.40859159159159153,0.2568786260709926,0.7431213739290075,647.6786643760377,150.0120045845168,0.019878173873276405,0.006458630970600944,0.03258240261429429,0.02322659481047249
Bubble,64.46990727683988,0.5904094094094094,0.40959059059059055,0.25692603072089293,0.7430739692791071,646.5298670834442,150.33871672977975,0.01985994534072317,0.006472327827347402,0.032554463569329326,0.023227920578212442
Bubble,64.52407334266579,0.5894104104104104,0.4105895895895896,0.25697424924095696,0.743025750759043,645.380958470483,150.6659523937933,0.01984168207049152,0.0064860393022525675,0.03252652452436436,0.02322926910749181
Bubble,64.57807394658636,0.5884114114114114,0.4115885885885886,0.2570232811999675,0.7429767188000325,644.2319349474982,150.99371962288933,0.0198233838625337,0.0064997657022083785,0.032498585479399406,0.023230640386250737
Bubble,64.63191028241684,0.5874124124124125,0.4125875875875875,0.2570731262618438,0.7429268737381562,643.082792889202,151.3220265496809,0.019805050515016114,0.006513507336943635,0.03247064643443444,0.023232034405090037
Bubble,64.68558353745073,0.5864134134134135,0.41358658658658654,0.25712378418593324,0.7428762158140667,641.9335286342297,151.65088139396784,0.019786681824297866,0.0065272645190490135,0.03244270738946947,0.023233451157279362
Bubble,64.73909489242294,0.5854144144144144,0.41458558558558556,0.2571752548270884,0.7428247451729115,640.7841384846857,151.9802924635737,0.01976827758490898,0.006541037564000719,0.03241476834450451,0.023234890638759373
Bubble,64.79244552147078,0.5844154154154154,0.4155845845845846,0.2572275381359277,0.7427724618640723,639.6346187056973,152.31026815529884,0.019749837589528755,0.006554826790187589,0.032386829299539545,0.023236352848149015
Bubble,64.84563659207103,0.5834164164164164,0.4165835835835836,0.2572806341590361,0.7427193658409639,638.4849655249247,152.6408169556587,0.019731361628962604,0.00656863251892935,0.03235889025457458,0.02323783778675113
Bubble,64.89866926501139,0.5824174174174175,0.4175825825825825,0.25733454303920034,0.7426654569607997,637.3351751321098,152.9719474419092,0.019712849492120016,0.0065824550745068305,0.03233095120960961,0.023239345458559036
Bubble,64.95154469434566,0.5814184184184185,0.41858158158158154,0.25738926501564974,0.7426107349843503,636.1852436785929,153.30366828296658,0.019694300965991396,0.006596294784187492,0.03230301216464465,0.023240875870263276
Bubble,65.00426402734065,0.5804194194194194,0.41958058058058056,0.2574448004243254,0.7425551995756746,635.0351672768209,153.63598824027855,0.01967571583562452,0.006610151978248529,0.032275073119679684,0.023242429031259126
Bubble,65.05682840442377,0.5794204204204204,0.4205795795795796,0.25750114969817495,0.742498850301825,633.8849419998521,153.96891616873813,0.019657093884100765,0.006624026990001495,0.03224713407471472,0.023244004953654845
Bubble,65.10923895914704,0.5784214214214215,0.4215785785785785,0.2575583133673921,0.7424416866326079,632.7345638808612,154.3024610176874,0.019638434892511204,0.006637920155821104,0.03221919502974976,0.02324560365227839
Bubble,65.16149681812821,0.5774224224224225,0.4225775775775775,0.25761629205978304,0.7423837079402169,631.5840289126236,154.6366318318346,0.019619738639931973,0.006651831815169199,0.03219125598478479,0.023247225144687633
Bubble,65.21360310100577,0.5764234234234235,0.42357657657657655,0.257675086501068,0.742324913498932,630.4333330470035,154.97143775225305,0.019601004903399593,0.006665762310622604,0.032163316939819823,0.02324886945117883
Bubble,65.26555892038341,0.5754244244244244,0.42457557557557557,0.2577346975151999,0.7422653024848,629.2824721944226,155.3068880173057,0.01958223345788555,0.006679711987897531,0.03213537789485486,0.023250536594795496
Bubble,65.31736538178822,0.5744254254254254,0.4255745745745746,0.2577951260247508,0.7422048739752491,628.1314422233413,155.64299196374387,0.019563424076271204,0.006693681195880801,0.03210743884988989,0.023252226601339247
Bubble,65.3690235836037,0.5734264264264265,0.4265735735735735,0.25785637305127307,0.7421436269487269,626.9802389596998,155.97975902759103,0.019544576529321202,0.006707670286651886,0.03207949980492493,0.023253939499379876
Bubble,65.42053461702734,0.5724274274274275,0.42757257257257253,0.257918439715653,0.742081560284347,625.8288581863806,156.31719874522204,0.019525690585657528,0.006721679615513272,0.03205156075995996,0.023255675320265255
Bubble,65.47189956600907,0.5714284284284284,0.42857157157157155,0.2579813272385907,0.7420186727614093,624.6772956426488,156.65532075439842,0.019506766011732676,0.006735709541017776,0.032023621714994996,0.023257434098134754
Bubble,65.52311950720079,0.5704294294294294,0.4295705705705706,0.2580450369409203,0.7419549630590797,623.5255470235859,156.99413479527314,0.019487802571802437,0.0067497604249956945,0.03199568267003003,0.023259215869928195
Bubble,65.57419550989084,0.5694304304304305,0.4305695695695695,0.2581095702441338,0.7418904297558662,622.3736079795101,157.33365071144166,0.019468800027898227,0.006763832632582136,0.03196774362506507,0.0232610206754005
Bubble,65.62512863596078,0.5684314314314315,0.4315685685685685,0.2581749286707501,0.7418250713292499,621.2214741154033,157.67387845107015,0.019449758139799374,0.006777926532248772,0.0319398045801001,0.023262848557132017
Bubble,65.67591993980818,0.5674324324324325,0.43256756756756753,0.25824111384487397,0.7417588861551261,620.0691409903071,158.01482806787027,0.01943067666500436,0.006792042495827288,0.031911865535135135,0.023264699560544146
Bubble,65.72652640939884,0.5664334334334334,0.43356656656656656,0.258308127478436,0.741691872521564,618.9165583942008,158.35576813037113,0.01941155392467151,0.006806149024953611,0.031883926490170175,0.02326657373351452
Bubble,65.77703427302225,0.5654344344344344,0.4345655655655656,0.258375971426145,0.741624028573855,617.7638099455355,158.69813614283385,0.019392392435115615,0.0068203078436233295,0.03185598744520521,0.023268471127913855
Bubble,65.8274032422307,0.5644354354354355,0.4355645645645645,0.2584446476073781,0.7415553523926219,616.6108483983905,159.04125268036094,0.019373190609881574,0.0068344896839246175,0.03182804840024024,0.02327039179742145
Bubble,65.87763432901065,0.5634364364364365,0.4365635635635635,0.25851415805732414,0.7414858419426759,615.4576691058638,159.38512792757987,0.01935394819652613,0.00684869491848486,0.03180010935527528,0.023272335798955508
Bubble,65.92772853685258,0.5624374374374375,0.43756256256256254,0.258584504915245,0.741415495084755,614.3042673709392,159.7297721588936,0.0193346649401408,0.006862923922527155,0.031772170310310315,0.02327430319234485
Bubble,65.97768686063445,0.5614384384384384,0.43856156156156156,0.2586556904251304,0.7413443095748695,613.1506384457558,160.07519573813298,0.01931534058331796,0.006877177073835632,0.03174423126534535,0.02327629404034724
Bubble,66.02751028653083,0.5604394394394395,0.4395605605605605,0.2587277169362314,0.7412722830637686,611.9967775308983,160.42140911830725,0.019295974866117515,0.006891454752725842,0.03171629222038038,0.02327830840866426
Bubble,66.07719979188153,0.5594404404404405,0.4405595595595595,0.25880058690362906,0.7411994130963709,610.8426797746249,160.76842284094417,0.019276567526031338,0.006905757341997067,0.03168835317541542,0.023280346365957272
Bubble,66.12675634508365,0.5584414414414415,0.4415585585585585,0.25887430288893937,0.7411256971110607,609.6883402721113,161.11624753564377,0.019257118297948076,0.006920085226892551,0.031660414130450454,0.02328240798386708
Bubble,66.17618090547052,0.5574424424424425,0.44255755755755755,0.2589488675608892,0.7410511324391108,608.533754064675,161.46489391936657,0.019237626914117126,0.006934438795049222,0.03163247508548549,0.02328449333703009
Bubble,66.22555823704536,0.5564434434434434,0.44355655655655657,0.2590242837558653,0.7409757162441347,607.3790078016143,161.81590824142967,0.019218096004411742,0.006948884372817894,0.03160453604052052,0.023286602504771638
Bubble,66.27472711042186,0.5554444444444445,0.4445555555555555,0.25910055424828915,0.7408994457517109,606.2239195804922,162.16634457628325,0.019198519703241573,0.006963295371956495,0.03157659699555556,0.023288735564684075
Bubble,66.32376719637958,0.5544454454454455,0.4455545545545545,0.25917768208433806,0.7408223179156619,605.0685699394562,162.5176442972271,0.019178900442835774,0.006977733617798356,0.03154865795059059,0.02329089260195997
Bubble,66.37267940475199,0.5534464464464465,0.44655355355355353,0.25925567036817637,0.7407443296318237,603.9129536907174,162.8698184502645,0.019159237944377426,0.006992199506344921,0.031520718905625626,0.023293073703413606
Bubble,66.42146467025809,0.5524474474474474,0.44755255255255255,0.25933452231460224,0.7406654776853978,602.7570656270021,163.22287881927795,0.019139531927441524,0.007006693463807799,0.03149277986066066,0.023295278958953374
Bubble,66.47012391906222,0.5514484484484484,0.4485515515515516,0.25941424124975904,0.7405857587502409,601.6009004843025,163.57683731348956,0.019119782108803943,0.0070212159202814595,0.03146484081569569,0.023297508461601658
Bubble,66.51865806868,0.5504494494494495,0.4495505505505505,0.2594948306119414,0.7405051693880587,600.4444529410963,163.93170596870715,0.019099988202404185,0.007035767309772792,0.03143690177073073,0.02329976230751739
Bubble,66.56706802790472,0.5494504504504505,0.4505495495495495,0.25957629395234055,0.7404237060476595,599.2877176175745,164.2874969487322,0.019080149919308217,0.0070503480702378786,0.031408962725765766,0.023302040596016867
Bubble,66.61535469672106,0.5484514514514515,0.45154854854854853,0.25965863493591596,0.740341365064084,598.1306890748422,164.64422254673596,0.019060266967670148,0.007064958643616032,0.0313810236808008,0.023304343429598154
Bubble,66.66351896621437,0.5474524524524524,0.45254754754754756,0.25974185734216243,0.7402581426578376,596.9733618141067,165.00189518656168,0.019040339052693405,0.007079599475861326,0.03135308463583584,0.02330667091396255
Bubble,66.71156171849267,0.5464534534534535,0.45354654654654647,0.25982596506599526,0.7401740349340047,595.8157302758699,165.36052742422342,0.019020365876591783,0.0070942710169812715,0.03132514559087087,0.02330902315803929
Bubble,66.75948382659739,0.5454544544544545,0.4545455455455455,0.2599109621185872,0.7400890378814128,594.657788839093,165.72013194929673,0.019000347138549405,0.007108973721070973,0.031297206545905905,0.02331140027400901
Bubble,66.80728615439389,0.5444554554554555,0.4555445445445445,0.25999685262830935,0.7400031473716906,593.4995318203315,166.08072158619274,0.018980282534679524,0.007123708046341122,0.031269267500940945,0.023313802377330033
Bubble,66.85496955651055,0.5434564564564565,0.45654354354354354,0.26008364084160585,0.7399163591583942,592.3409534729117,166.44230929587,0.01896017175798445,0.007138474455165051,0.031241328455975974,0.023316229586762823
Bubble,66.90253487821447,0.5424574574574574,0.45754254254254256,0.26017133112388524,0.7398286688761148,591.1820479860219,166.80490817697395,0.01894001449831248,0.007153273414100774,0.03121338941101101,0.02331868202439494
Bubble,66.94998295532523,0.5414584584584585,0.4585415415415415,0.26025992796058484,0.7397400720394152,590.0228094838394,167.168531467456,0.01891981044231581,0.007168105393931828,0.031185450366046048,0.023321159815670792
Bubble,66.99731461412767,0.5404594594594595,0.4595405405405405,0.26034943595804255,0.7396505640419575,588.8632320246425,167.53319254608755,0.01889955927340767,0.00718297086970494,0.03115751132108108,0.023323663089416014
Bubble,67.0445306712491,0.5394604604604605,0.4605395395395395,0.2604398598445318,0.7395601401554682,587.7033095998697,167.89890493374577,0.018879260671717607,0.007197870320756188,0.031129572276116117,0.023326191977866416
Bubble,67.09163193357297,0.5384614614614615,0.46153853853853855,0.26053120447126954,0.7394687955287305,586.5430361332061,168.2656822950457,0.018858914314047313,0.007212804230751921,0.031101633231151154,0.02332874661669617
Bubble,67.1386191981236,0.5374624624624625,0.46253753753753746,0.26062347481349113,0.7393765251865089,585.3824054796303,168.6335384397533,0.018838519873825045,0.007227773087719357,0.03107369418618619,0.023331327145047896
Bubble,67.18549325196528,0.5364634634634635,0.4635365365365365,0.260716675971441,0.739283324028559,584.2214114244571,169.0024873242971,0.01881807702105957,0.007242777384081832,0.03104575514122122,0.023333933705560327
Bubble,67.23225487208447,0.5354644644644645,0.4645355355355355,0.26081081317155713,0.7391891868284428,583.0600476823588,169.37254305324737,0.018797585422293223,0.007257817616690588,0.031017816096256257,0.023336566444401463
Bubble,67.2789048252803,0.5344654654654655,0.4655345345345345,0.2609058917674573,0.7390941082325426,581.8983078963697,169.74371988078082,0.018777044740554177,0.0072728942868573385,0.03098987705129129,0.02333922551129615
Bubble,67.32544386805174,0.5334664664664664,0.46653353353353355,0.26100191724124594,0.7389980827587541,580.7361856368855,170.11603221224635,0.01875645463530823,0.007288007900387999,0.030961938006326326,0.023341911059562615
Bubble,67.37187274646847,0.5324674674674675,0.46753253253253246,0.26109889520450574,0.7389011047954943,579.5736744006252,170.4894946055261,0.0187358147624092,0.007303158967610011,0.030933998961361366,0.02334462324614022
Bubble,67.41819219606847,0.5314684684684685,0.4685315315315315,0.2611968313995332,0.7388031686004668,578.4107676096093,170.8641217726806,0.018715124774049522,0.007318348003409359,0.0309060599163964,0.023347362231624
Bubble,67.46440294171394,0.5304694694694695,0.4695305305305305,0.2612957317005637,0.7387042682994363,577.2474586100797,171.2399285812473,0.0186943843187087,0.00733357552725242,0.030878120871431436,0.02335012818029893
Bubble,67.51050569747038,0.5294704704704705,0.47052952952952953,0.26139560211502644,0.7386043978849736,576.0837406714303,171.61693005577698,0.018673593041101826,0.00734884206321735,0.03085018182646647,0.02335292126017503
Bubble,67.55650116648562,0.5284714714714714,0.47152852852852856,0.26149644878472356,0.7385035512152764,574.919606985124,171.99514137932348,0.018652750582127394,0.007364148140023757,0.030822242781501502,0.023355741643020317
Bubble,67.60239004084313,0.5274724724724725,0.47252752752752747,0.26159827798719015,0.7384017220128098,573.7550506635641,172.37457789477585,0.018631856578813326,0.007379494291053595,0.03079430373653654,0.023358589504398865
Bubble,67.64817300143216,0.5264734734734735,0.4735265265265265,0.26170109613695713,0.7382989038630429,572.5900647389765,172.75525510630416,0.01861091066426308,0.0073948810543773775,0.030766364691571575,0.023361465023706125
Bubble,67.6938507178028,0.5254744744744745,0.4745255255255255,0.26180490978691723,0.7381950902130827,571.4246421622505,173.1371886807084,0.01858991246760009,0.007410308972774913,0.03073842564660661,0.023364368384207104
Bubble,67.73942384802687,0.5244754754754755,0.47552452452452454,0.2619097256296594,0.7380902743703406,570.2587758017802,173.52039444878395,0.018568861613911934,0.007425778593756588,0.03071048660164164,0.02336729977307371
Bubble,67.78489303854134,0.5234764764764765,0.47652352352352345,0.26201555049890274,0.7379844495010972,569.0924584422656,173.90488840654905,0.01854775772419289,0.007441290469577427,0.03068254755667668,0.02337025938142483
Bubble,67.83025892400444,0.5224774774774775,0.4775225225225225,0.2621223913708613,0.7378776086291388,567.9256827835138,174.29068671655796,0.018526600415286188,0.00745684515725497,0.030654608511711715,0.023373247404364535
Bubble,67.87552212713427,0.5214784784784785,0.4785215215215215,0.2622302553657311,0.7377697446342689,566.7584414392082,174.67780570905288,0.018505389299824867,0.007472443218578736,0.030626669466746748,0.023376264041023616
Bubble,67.9206832585519,0.5204794794794795,0.4795205205205205,0.26233914974916944,0.7376608502508306,565.5907269356612,175.06626188313624,0.01848412398617179,0.007488085220120137,0.030598730421781784,0.023379309494601014
Bubble,67.96574291660451,0.5194804804804805,0.48051951951951954,0.2624490819337869,0.7375509180662131,564.4225317105303,175.4560719077007,0.01846280407835817,0.00750377173323146,0.030570791376816814,0.023382383972405496
Bubble,68.01070168721243,0.5184814814814815,0.48151851851851846,0.2625600594806636,0.7374399405193364,563.2538481115491,175.84725262257956,0.018441429176022157,0.007519503334053575,0.030542852331851854,0.0233854876858981
Bubble,68.05556014367858,0.5174824824824825,0.4825175175175175,0.2626720901010211,0.7373279098989789,562.0846683951947,176.23982103931075,0.0184199988743451,0.00753528060350524,0.030514913286886887,0.02338862085073886
Bubble,68.10031884651548,0.5164834834834835,0.4835165165165165,0.26278518165766845,0.7372148183423315,560.9149847253566,176.63379434192717,0.018398512763987435,0.007551104127275073,0.03048697424192192,0.02339178368682728
Bubble,68.14497834325579,0.5154844844844845,0.4845155155155155,0.26289934216674743,0.7371006578332526,559.7447891719758,177.02918988762337,0.018376970431023293,0.007566974495805047,0.030459035196956957,0.023394976418351112
Bubble,68.18953916826297,0.5144854854854856,0.48551451451451444,0.2630145797994244,0.7369854202005757,558.5740737096613,177.42602520734366,0.01835537145687398,0.007582892304270608,0.030431096151991993,0.023398199273833697
Bubble,68.2340018425316,0.5134864864864865,0.48651351351351346,0.2631309028834458,0.7368690971165541,557.4028302162814,177.82431800605863,0.018333715418240228,0.007598858152548192,0.03040315710702703,0.023401452486177445
Bubble,68.2783722562439,0.5124874874874875,0.4875125125125125,0.2632483199056329,0.7367516800943671,556.2310580605506,178.22423637366597,0.01831200213687586,0.007614879063132127,0.03037521806206206,0.02340473629273363
Bubble,68.32264074542306,0.5114884884884885,0.4885115115115115,0.2633668395113741,0.7366331604886259,555.0587346546308,178.62551662509952,0.018290230710368498,0.007630943606492987,0.030347279017097096,0.02340805093528818
Bubble,68.36681263069185,0.5104894894894895,0.48951051051051053,0.26348647050952545,0.7365135294904745,553.8858583621129,179.02831077453726,0.018268400924004755,0.0076470581133205075,0.03031933997213213,0.02341139666019872
Bubble,68.4108883843251,0.5094904904904906,0.49050950950950944,0.2636072218723557,0.7363927781276443,552.7124206711262,179.4326374872828,0.018246512335301737,0.007663223213057694,0.03029140092716717,0.023414773718393043
Bubble,68.45486846481451,0.5084914914914915,0.49150850850850847,0.2637291027378034,0.7362708972621965,551.5384129668929,179.8385156313172,0.01822456449674219,0.007679439540823548,0.030263461882202206,0.023418182365432257
Bubble,68.49875331667707,0.5074924924924925,0.4925075075075075,0.26385212241156214,0.7361478775884378,550.363826530268,180.24596427947262,0.01820255695570295,0.007695707737452554,0.030235522837237242,0.023421622861569055
Bubble,68.54254337027962,0.5064934934934935,0.4935065065065065,0.2639762903688706,0.7360237096311294,549.188652536286,180.65500271164555,0.018180489254383193,0.007712028449537873,0.030207583792272275,0.023425095471797816
Bubble,68.58623904164952,0.5054944944944946,0.4945055055055054,0.26410161625666434,0.7358983837433357,548.0128820526825,181.0656504170869,0.01815836092973153,0.007728402329473806,0.030179644747307312,0.023428600465914783
Bubble,68.62984073227719,0.5044954954954955,0.49550450450450445,0.26422810989555384,0.7357718901044461,546.8365060383828,181.47792709648817,0.018136171513371515,0.007744830035490477,0.03015170570234235,0.023432138118573347
Bubble,68.67334882892732,0.5034964964964965,0.4965035035035035,0.2643557812818747,0.7356442187181254,545.6595153419955,181.8918526642796,0.018113920531526963,0.007761312231696146,0.030123766657377378,0.02343570870934144
Bubble,68.71676370343332,0.5024974974974975,0.4975025025025025,0.264484640590088,0.735515359409912,544.4819007002712,182.30744725081445,0.01809160750494566,0.007777849588110727,0.030095827612412415,0.023439312522768613
Bubble,68.76008571249778,0.5014984984984985,0.4985015015015015,0.2646146981746222,0.7353853018253778,543.3036527365506,182.7247312044969,0.018069231948822314,0.0077944427807012965,0.030067888567447448,0.023442949848437585
Bubble,68.8033151974792,0.5004994994994995,0.49950050050050054,0.26474596457234384,0.7352540354276562,542.1247619591882,183.14372509393485,0.018046793372720266,0.007811092491412102,0.03003994952248248,0.023446620981033322
Bubble,68.84645248417955,0.49950050050050054,0.5004994994994995,0.2648784505047952,0.7351215494952048,540.9452187599626,183.56444971003933,0.0180242912804923,0.007827799408193654,0.03001201047751752,0.02345032622040563
Bubble,68.88949788262913,0.4985015015015015,0.5014984984984985,0.2650121668805079,0.7349878331194921,539.765013412471,183.9869260680905,0.0180017251702005,0.00784456422502892,0.029984071432552554,0.023454065871633838
Bubble,68.9324516868554,0.49750250250250255,0.5024974974974974,0.2651471247975189,0.7348528752024811,538.5841360704893,184.41117540971644,0.01797909453403448,0.007861387641953066,0.029956132387587587,0.023457840245097204
Bubble,68.97531417466372,0.49650350350350353,0.5034964964964965,0.26528333554565386,0.7347166644543461,537.4025767663376,184.8372192048094,0.0179563988582294,0.007878270365071945,0.029928193342622623,0.023461649656538724
Bubble,69.01808560739413,0.4955045045045045,0.5044954954954954,0.2654208106092233,0.7345791893907767,536.2203254092051,185.265079153393,0.017933637622982085,0.007895213106573729,0.029900254297657657,0.02346549442714057
Bubble,69.06076622968637,0.49450550550550554,0.5054944944944945,0.2655595616694746,0.7344404383305254,535.0373717834694,185.69477718729777,0.017910810302366537,0.007912216584733843,0.029872315252692693,0.023469374883592665
Bubble,69.1033562692254,0.4935065065065065,0.5064934934934935,0.265699600607343,0.734300399392657,533.8537055469807,186.12633547177927,0.017887916364247806,0.007929281523913789,0.029844376207727726,0.02347329135816958
Bubble,69.14585593649694,0.49250750750750755,0.5074924924924924,0.2658409395060569,0.7341590604939431,532.6693162293523,186.55977640699902,0.017864955270195524,0.007946408654554574,0.02981643716276276,0.023477244188803474
Bubble,69.18826542452342,0.4915085085085085,0.5084914914914915,0.26598359065403043,0.7340164093459696,531.4841932302073,186.99512262935153,0.017841926475395557,0.007963598713160033,0.0297884981177978,0.023481233719164895
Bubble,69.2305849085867,0.49050950950950956,0.5094904904904904,0.26612756654761827,0.7338724334523817,530.2983258174021,187.4323970123839,0.01781882942856034,0.00798085244226314,0.029760559072832832,0.0234852602987399
Bubble,69.27281454596441,0.48951051051051053,0.5104894894894895,0.2662728798940812,0.7337271201059188,529.1117031252566,187.87162266783406,0.017795663571838923,0.00799817059039451,0.02973262002786787,0.023489324282912963
Bubble,69.31495447563745,0.4885115115115115,0.5114884884884885,0.26641954361464737,0.7335804563853526,527.9243141527329,188.3128229461556,0.017772428340724816,0.008015553912027169,0.0297046809829029,0.023493426033052586
Bubble,69.35700481799577,0.48751251251251254,0.5124874874874874,0.26656757084748584,0.7334324291525142,526.736147761604,188.75602143675707,0.017749123163962915,0.008033003167509094,0.029676741937937942,0.02349756591659447
Bubble,69.39896567453758,0.4865135135135135,0.5134864864864865,0.2667169749510325,0.7332830250489675,525.547192674599,189.20124196805438,0.017725747463455205,0.00805051912298347,0.029648802892972975,0.023501744307134524
Bubble,69.44083712754976,0.48551451451451455,0.5144854854854854,0.26686776950712643,0.7331322304928736,524.357437473517,189.6485086068869,0.017702300654164744,0.008068102550282763,0.02962086384800801,0.023505961584516583
Bubble,69.48261923978227,0.4845155155155155,0.5154844844844845,0.2670199683243445,0.7329800316756555,523.1668705973151,190.09784565757968,0.01767878214401835,0.008085754226804865,0.029592924803043045,0.023510218134925678
Bubble,69.52431205411806,0.48351651651651656,0.5164834834834835,0.26717358544164516,0.7328264145583548,521.9754803401896,190.5492776607551,0.017655191333808423,0.008103474935374689,0.02956498575807808,0.023514514350989904
Bubble,69.56591559320321,0.48251751751751754,0.5174824824824824,0.26732863513166194,0.7326713648683381,520.7832548495724,191.0028293908841,0.01763152761709139,0.008121265464054535,0.029537046713113115,0.023518850631872597
Bubble,69.60742985910353,0.48151851851851857,0.5184814814814814,0.2674851319046363,0.7325148680953637,519.5901821241727,191.45852585408295,0.01760779038008707,0.008139126605957864,0.02950910766814815,0.02352322738338224
Bubble,69.64885483290301,0.48051951951951954,0.5194804804804805,0.2676430905119228,0.7323569094880772,518.3962500119089,191.91639228424393,0.01758397900157378,0.008157059158995355,0.029481168623183188,0.023527645018070566
Bubble,69.69019047432313,0.4795205205205205,0.5204794794794795,0.26780252595008214,0.7321974740499179,517.2014462078592,192.37645413910516,0.01756009285278343,0.008175063925611854,0.02945322957821822,0.023532103955346984
Bubble,69.73143672129441,0.47852152152152155,0.5214784784784785,0.267963453464784,0.732036546535216,516.0057582521356,192.83873709478382,0.017536131297293464,0.008193141712458912,0.029425290533253257,0.023536604621587753
Bubble,69.77259348952788,0.47752252252252253,0.5224774774774774,0.26812588855494246,0.7318741114450575,514.8091735277288,193.30326703958664,0.017512093690917205,0.008211293330033518,0.029397351488288287,0.023541147450251616
Bubble,69.8136606720657,0.47652352352352356,0.5234764764764764,0.26828984697705227,0.7317101530229477,513.6116792583224,193.77007006664866,0.01748797938159243,0.008229519592264253,0.029369412443323323,0.023545732882001097
Bubble,69.85463813879034,0.47552452452452454,0.5244754754754755,0.26845534474946453,0.7315446552505355,512.4132625060032,194.23917246488134,0.017463787709265904,0.008247821316025436,0.02934147339835836,0.023550361364822067
Bubble,69.89552573594129,0.47452552552552557,0.5254744744744744,0.2686223981571063,0.7313776018428937,511.2139101689886,194.71060070905932,0.017439518005777747,0.008266199320609636,0.029313534353393393,0.023555033354155718
Bubble,69.93632328556976,0.47352652652652655,0.5264734734734735,0.26879102375606023,0.7312089762439398,510.0136089792115,195.18438144755484,0.017415169594740283,0.008284654427100939,0.02928559530842843,0.023559749313026686
Bubble,69.97703058499955,0.4725275275275276,0.5274724724724724,0.2689612383783837,0.7310387616216163,508.81234549990387,195.6605414888477,0.01739074179141619,0.008303187457693347,0.029257656263463466,0.023564509712177793
Bubble,70.01764740623844,0.47152852852852856,0.5284714714714714,0.26913305913722696,0.730866940862773,507.6101061230733,196.1391077857479,0.01736623390259226,0.008321799234908603,0.0292297172184985,0.02356931503021319
Bubble,70.05817349535691,0.47052952952952953,0.5294704704704705,0.26930650343200757,0.7306934965679924,506.4068770668875,196.620107417354,0.017341645226449244,0.008340490580716934,0.029201778173533532,0.023574165753743097
Bubble,70.09860857185308,0.46953053053053057,0.5304694694694694,0.26948158895369057,0.7305184110463094,505.20264437301165,197.1035675688114,0.017316975052429438,0.008359262315563155,0.02917383912856857,0.02357906237753142
Bubble,70.13895232794313,0.46853153153153154,0.5314684684684685,0.26965833369043,0.73034166630957,503.99739390377806,197.58951550789038,0.01729222266109765,0.008378115257254052,0.029145900083603606,0.023584005404653604
Bubble,70.17920442786199,0.4675325325325326,0.5324674674674674,0.26983675593320655,0.7301632440667934,502.79111133932855,198.07797855927146,0.017267387324000474,0.008397050219748597,0.02911796103863864,0.02358899534665422
Bubble,70.21936450707351,0.46653353353353355,0.5334664664664664,0.2700168742818865,0.7299831257181135,501.5837821745653,198.5689840749383,0.017242468303518187,0.008416068011779044,0.029090021993673672,0.023594032723716487
Bubble,70.25947638216783,0.4655345345345346,0.5344654654654655,0.27019870775897636,0.7298012922410236,500.37547781321376,199.06465442241452,0.017217467815239532,0.008435258209655811,0.02906208294870871,0.0235991180678436
Bubble,70.29945675906758,0.46453553553553556,0.5354644644644644,0.2703822754175037,0.7296177245824963,499.1660227236693,199.56111855730137,0.017192379578283533,0.008454456396339259,0.029034143903743745,0.02360425191189234
Bubble,70.33934454127407,0.46353653653653654,0.5364634634634635,0.27056759690629395,0.729432403093706,497.9554779339572,200.0602478651995,0.017167205443053682,0.008473741515387405,0.02900620485877878,0.0236094348053822
Bubble,70.37913928413376,0.46253753753753757,0.5374624624624624,0.27075469212658276,0.7292453078734172,496.7438282867261,200.56207294042605,0.017141944638037327,0.008493114484779516,0.028978265813813815,0.023614667304891826
Bubble,70.41884054876688,0.46153853853853855,0.5384614614614615,0.27094358132209595,0.729056418677904,495.53105850407917,201.0666262903267,0.017116596384579703,0.008512576296296375,0.028950326768848848,0.023619949976578312
Bubble,70.45844787024218,0.4605395395395396,0.5394604604604605,0.271134285086266,0.728865714913734,494.3171531244977,201.57394084317284,0.01709115989466853,0.008532127952127239,0.028922387723883888,0.023625283396379003
Bubble,70.4979607571727,0.45954054054054055,0.5404594594594594,0.27132682437010514,0.7286731756298949,493.10209650095754,202.08404995601688,0.017065634370823608,0.008551770465027472,0.02889444867891892,0.023630668150231706
Bubble,70.5373786912911,0.4585415415415416,0.5414584584584584,0.27152122049004423,0.7284787795099558,491.8858727990044,202.59698742234758,0.0170400190059843,0.008571504858465402,0.028866509633953957,0.023636104834293886
Bubble,70.57670112699869,0.45754254254254256,0.5424574574574574,0.27171749513629084,0.7282825048637092,490.66846599475895,203.1127874796202,0.01701431298339397,0.008591332166755804,0.02883857058898899,0.02364159405517645
Bubble,70.61592749091142,0.45654354354354354,0.5434564564564565,0.2719156703812071,0.7280843296187929,489.4498598729189,203.63148481684098,0.016988515476483605,0.008611253435192697,0.028810631544024027,0.023647136430178035
Bubble,70.65505718136868,0.45554454454454457,0.5444554554554555,0.27211576868885956,0.7278842313111404,488.2300380246633,204.15311458184846,0.016962625648751384,0.008631269720154442,0.02878269249905906,0.02365273258755208
Bubble,70.69408956792047,0.45454554554554555,0.5454544544544544,0.2723178129233481,0.7276821870766519,487.00898384549487,204.67771238796982,0.016936642653639398,0.008651382089191816,0.028754753454094093,0.023658383166739794
Bubble,70.73302399079648,0.4535465465465466,0.5464534534534534,0.2725218263589103,0.7274781736410897,485.7866805330238,205.20531432069237,0.016910565634407588,0.008671591621095664,0.028726814409129133,0.0236640888186527
Bubble,70.77185976032452,0.45254754754754756,0.5474524524524524,0.27272783268969747,0.7272721673103025,484.5631110846106,205.73595694317729,0.016884393724002057,0.008691899405915741,0.028698875364164163,0.023669850205946075
Bubble,70.81059615633568,0.4515485485485486,0.5484514514514514,0.27293585604006243,0.7270641439599376,483.33825829494714,206.2696773013834,0.01685812604492043,0.008712306544954706,0.0286709363191992,0.023675668003306668
Bubble,70.84923242751768,0.45054954954954957,0.5494504504504505,0.2731459209751964,0.7268540790248036,482.1121047534829,206.8065129279229,0.016831761709071073,0.008732814150701743,0.028642997274234232,0.023681542897750155
Bubble,70.88776779072829,0.4495505505505506,0.5504494494494494,0.27335805251206147,0.7266419474879385,480.88463284170854,207.34650184463044,0.01680529981762643,0.008753423346705539,0.028615058229269272,0.023687475588926924
Bubble,70.92620255173385,0.4485515515515516,0.5514484484484484,0.2735722761310002,0.7264277238689998,479.6558272249216,207.8897495440796,0.016778739548134514,0.00877413809433221,0.028587119184304306,0.023693466789446727
Bubble,70.9645338594954,0.44755255255255255,0.5524474474474474,0.2737886177870841,0.7262113822129159,478.42566543128953,208.43617657953897,0.01675207982501829,0.00879495453848066,0.02855918013933934,0.02369951722519609
Bubble,71.00276176062125,0.4465535535535536,0.5534464464464464,0.27400710392262717,0.7259928960773728,477.1941312549836,208.9858773545888,0.016725319788106728,0.008815876152545542,0.028531241094374372,0.023705627635688273
Bubble,71.04088534630604,0.44555455455455456,0.5544454454454455,0.2742277614798988,0.7257722385201012,475.96120623954465,209.53889256685542,0.016698458494895912,0.00883690413200175,0.028503302049409412,0.02371179877441879
Bubble,71.07890367337001,0.4445555555555556,0.5554444444444444,0.2744506179137516,0.7255493820862484,474.7268717087312,210.09526352989886,0.016671494991464572,0.008858039687401715,0.028475363004444445,0.023718031409218607
Bubble,71.11681576349783,0.44355655655655657,0.5564434434434434,0.2746757012051968,0.7253242987948032,473.49110876329297,210.65503218717146,0.01664442831230462,0.008879284044672732,0.028447423959479478,0.023724326322633785
Bubble,71.15462060240327,0.4425575575575576,0.5574424424424425,0.2749030398752563,0.7250969601247437,472.2538982774798,211.2182411253092,0.01661725748014132,0.008900638445378358,0.02841948491451452,0.02373068431231289
Bubble,71.1923171389706,0.4415585585585586,0.5584414414414414,0.2751326629992119,0.7248673370007881,471.0152208953741,211.78493358770362,0.016589981505746275,0.008922104146982534,0.028391545869549548,0.02373710619140548
Bubble,71.22990362875798,0.4405595595595596,0.5594404404404404,0.2753646002210052,0.7246353997789948,469.7750554693804,212.35510963665985,0.016562599332825178,0.008943680576233376,0.028363606824584588,0.02374359278896486
Bubble,71.26738010306467,0.4395605605605606,0.5604394394394394,0.2755988817689481,0.7244011182310519,468.5333849084223,212.92889060918742,0.016535110044077175,0.0089653722557897,0.02833566777961962,0.023750144950387443
Bubble,71.30474485808504,0.43856156156156156,0.5614384384384384,0.27583553847043996,0.72416446152956,467.29018787531743,213.50628631959552,0.016507512568581854,0.008987178997663612,0.028307728734654657,0.023756763537824334
Bubble,71.3419966789413,0.4375625625625626,0.5624374374374375,0.27607460176825116,0.7239253982317488,466.04544403292647,214.08734219660818,0.016479805866549225,0.009009102101170487,0.028279789689689694,0.02376344943063675
Bubble,71.37913430752567,0.4365635635635636,0.5634364364364364,0.27631610373690596,0.723683896263094,464.79913278776644,214.6721042726965,0.01645198888500266,0.009031142877645263,0.028251850644724727,0.0237702035258542
Bubble,71.4128416027289,0.30569469469469474,0.6943053053053052,0.2956077891751904,0.7043922108248096,255.04631052028873,239.51645478645665,0.010371178185652292,0.009852697124205917,0.024591835754314315,0.024309734864174117
Bubble,71.416156442016,0.4355645645645646,0.5644354354354354,0.2765600770989832,0.7234399229010168,463.551233286191,215.26061924026334,0.0164240605575783,0.009053302652451961,0.02822391159975976,0.023777026738630348
Bubble,71.45306188511309,0.4345655655655656,0.5654344344344344,0.27680655524264697,0.723193444757353,462.3017247822318,215.852945358036,0.016396019817504617,0.00907558322317051,0.028195972554794797,0.023783920002733317
Bubble,71.48982049336963,0.4335665665665666,0.5664334334334333,0.2770368215848124,0.7229631784151876,461.05051340509306,216.42227132342614,0.016367862997755937,0.009097057484601092,0.028168033509829833,0.02379035987073531
Bubble,71.52649025289685,0.4325675675675676,0.5674324324324325,0.27728854939565795,0.722711450604342,459.79772674174603,217.02254306956448,0.016339594286573552,0.009119590522613106,0.028140094464864866,0.02379739995249034
Bubble,71.56303831227231,0.43156856856856857,0.5684314314314314,0.27754252304193733,0.7224574769580626,458.5432644061426,217.62624665231414,0.01631120977943766,0.009142230278112668,0.0281121554198999,0.02380450284361478
Bubble,71.59946286269033,0.4305695695695696,0.5694304304304304,0.27779854003446275,0.7222014599655372,457.2871034197353,218.23308518807224,0.016282708312554607,0.009164966188120518,0.028084216374934932,0.023811662881085417
Bubble,71.63576345775462,0.4295705705705706,0.5704294294294294,0.2780573246032261,0.7219426753967738,456.02922417000065,218.8441056252864,0.016254088837469042,0.009187834143895651,0.028056277329969972,0.023818900319471405
Bubble,71.67196624806084,0.4285715715715716,0.5714284284284283,0.2783399825279871,0.7216600174720129,454.76967701695787,219.4899962508839,0.016225352798037867,0.009211893593631294,0.028028338285005006,0.023826805424959515
Bubble,71.70800303188358,0.4275725725725726,0.5724274274274275,0.2786049886058416,0.7213950113941584,453.50826408830466,220.1095912678273,0.016196492778567113,0.00923502511350602,0.028000399240040042,0.023834216860539114
Bubble,71.7439293175968,0.4265735735735736,0.5734264264264264,0.27887279270764265,0.7211272072923574,452.24511267323925,220.73492334359977,0.0161675129580795,0.00925835249645219,0.027972460195075075,0.02384170654856635
Bubble,71.77969268463721,0.4255745745745746,0.5744254254254254,0.2791176537853564,0.7208823462146436,450.9800634492885,221.3263671357469,0.016138407275857417,0.009280493973667817,0.027944521150110112,0.023848554588121212
Bubble,71.81536833606924,0.42457557557557557,0.5754244244244244,0.2794169564558766,0.7205830435441234,449.71330022034687,221.9969693360748,0.016109181938051893,0.00930534708453562,0.027916582105145145,0.023856925197879762
Bubble,71.8508684731711,0.4235765765765766,0.5764234234234233,0.2796658340432031,0.7203341659567968,448.4445654274322,222.59458905972653,0.016079827349783398,0.009327675848586809,0.027888643060180178,0.02386388556731962
Bubble,71.88625252687758,0.4225775775775776,0.5774224224224225,0.27994575686613377,0.7200542431338661,447.174001794711,223.23741214894102,0.01605034824498697,0.00935154511589226,0.027860704015215215,0.023871714180105436
Bubble,71.92149791602739,0.4215785785785786,0.5784214214214214,0.28022901333403594,0.7197709866659641,445.90152811587876,223.88523377648485,0.01602074133103527,0.009375571450980506,0.027832764970250248,0.023879636025073515
Bubble,71.9565499510168,0.4205795795795796,0.5794204204204204,0.2804990639855637,0.7195009360144364,444.626970149333,224.51352680354117,0.01599099995605425,0.009398909645837448,0.027804825925285284,0.02388718854244682
Bubble,71.99151702592033,0.4195805805805806,0.5804194194194194,0.28078366297119756,0.7192163370288026,443.3506133969346,225.16348435043483,0.015961133992702565,0.009422979300046035,0.02777688688032032,0.023895147933662004
Bubble,72.02633941316024,0.4185815815815816,0.5814184184184183,0.2810751629856263,0.7189248370143737,442.07227047068807,225.82366734844172,0.015931136311677987,0.009447384430872044,0.027748947835355357,0.02390330032622553
Bubble,72.06101445730494,0.41758258258258263,0.5824174174174174,0.2813708895821741,0.7186291104178258,440.79191367029824,226.49014767815873,0.01590100551546669,0.009471989456489974,0.027721008790390394,0.023911570923780247
Bubble,72.09553965519417,0.4165835835835836,0.5834164164164164,0.2816713356200624,0.7183286643799376,439.5095154970405,227.16365538994052,0.01587074020819387,0.009496818852815432,0.027693069745425427,0.023919973510139712
Bubble,72.12991269591848,0.4155845845845846,0.5844154154154154,0.2819818664738278,0.7180181335261722,438.2250487954376,227.85214475167027,0.015840339000753167,0.009522144678092075,0.02766513070046046,0.023928658138948202
Bubble,72.16407998671535,0.4145855855855856,0.5854144144144144,0.2822858524864802,0.7177141475135197,436.93833302446353,228.53075496547248,0.0158097949484524,0.009547112421148439,0.0276371916554955,0.023937159727923485
Bubble,72.19816663839205,0.4135865865865866,0.5864134134134134,0.28260811072382946,0.7173918892761705,435.64972052214193,229.23685792096506,0.015779120379230384,0.00957300626987302,0.02760925261053053,0.023946172336937764
Bubble,72.23216242258286,0.4125875875875876,0.5874124124124124,0.2829519787352661,0.7170480212647339,434.3591658231897,229.97549906860675,0.015748313248048994,0.009599996732225008,0.02758131356556557,0.023955789307368334
Bubble,72.26577876954117,0.4115885885885886,0.5884114114114114,0.2832550840431397,0.7167449159568603,433.06576762148256,230.6492091830743,0.015717340440376766,0.009624714006528971,0.0275533745206006,0.023964266265637846
Bubble,72.28436802950635,0.3066936936936937,0.6933063063063063,0.3022910088654158,0.6977089911345842,264.7584531138818,257.8228654502504,0.010753894187595588,0.010524823632897702,0.02461977479927928,0.02449664473657944
Bubble,72.29936118995211,0.41058958958958963,0.5894104104104103,0.2835737451690944,0.7164262548309056,431.7705574149428,231.35230363525352,0.015686238926069965,0.00965046440610087,0.027525435475635636,0.023973178274093867
Bubble,72.33278465955378,0.4095905905905906,0.5904094094094094,0.2839461462475937,0.7160538537524063,430.47313414214494,232.13431181693852,0.01565499372742879,0.009678879623718509,0.027497496430670672,0.0239835932299523
Bubble,72.36601264847334,0.40859159159159164,0.5914084084084084,0.28429938156274676,0.7157006184372533,429.1733619170514,232.886732362357,0.015623599459246466,0.009706253878250368,0.027469557385705706,0.0239934721761406
Bubble,72.37427154893234,0.3096906906906907,0.6903093093093093,0.29850885887568046,0.7014911411243195,270.38438299470755,252.770364677555,0.010945144484056436,0.010363319266765222,0.024703591934174176,0.02439086919653051
Bubble,72.39906671707675,0.4075925925925926,0.5924074074074074,0.28464310310848157,0.7153568968915185,427.87128588277454,233.62488647535724,0.015592057311268066,0.00973311913802775,0.027441618340740742,0.024003085050359026
Bubble,72.41769613653487,0.3016986986986987,0.6983013013013013,0.29940369654126026,0.7005963034587398,258.1454901541539,254.55584700290626,0.010545124633644364,0.010425824871983755,0.024480079574454455,0.024415895157317288
Bubble,72.43194263214748,0.4065935935935936,0.5934064064064064,0.28497660639639266,0.7150233936036073,426.5668708478883,234.34759864499773,0.01556036554763442,0.009759435960852133,0.027413679295775772,0.02401241215015217
Bubble,72.4638650206552,0.4055945945945946,0.5944054054054053,0.2850630306632119,0.7149369693367881,425.25757478757464,234.69454837586673,0.015528430887493868,0.009772901010712876,0.027385740250810812,0.024014829181079275
Bubble,72.49703782226817,0.4045955955955956,0.5954044044044045,0.2855635419212327,0.7144364580787673,423.9505358707448,235.67119009848128,0.01549651350563051,0.009807852464202611,0.027357801205845845,0.02402882699945279
Bubble,72.52724513190613,0.3076926926926927,0.6923073073073073,0.30273599314093047,0.6972640068590694,268.53408701840686,260.6947953269909,0.01089488821216233,0.010636657634644121,0.024647713844244242,0.024509089629612128
Bubble,72.52933602240284,0.40359659659659664,0.5964034034034034,0.2859087050860346,0.7140912949139654,422.63882668000156,236.41061274875653,0.015464359980744932,0.009834673858976165,0.027329862160880885,0.024038480191489336
Bubble,72.56139219948021,0.4025975975975976,0.5974024024024024,0.2862578993852155,0.7137421006147845,421.3244760595264,237.15005015632897,0.015432043899277971,0.009861428103699133,0.027301923115915915,0.0240482461224223
Bubble,72.57934603827817,0.3036966966966967,0.6963033033033033,0.3003124480649262,0.6996875519350738,262.68751685751124,257.3671878916831,0.010706226365837764,0.010530007814032606,0.024535957664384385,0.024441310247529713
Bubble,72.58086040566954,0.3086916916916917,0.6913083083083083,0.30208716094942245,0.6979128390505774,270.6109907771128,260.1572939163337,0.010966720596700093,0.010622591638646336,0.02467565288920921,0.02449094371375893
Bubble,72.59235224579233,0.40159859859859864,0.5984014014014014,0.28639029368184576,0.7136097063181542,420.00457213689737,237.56784127703642,0.015399457997932799,0.009877280351053959,0.02727398407095095,0.02405194879901193
Bubble,72.62504502245926,0.4005995995995996,0.5994004004004003,0.286968648088314,0.713031351911686,418.6886509863123,238.66424074050664,0.01536695144513587,0.009916196381308376,0.027246045025985984,0.0240681236598318
Bubble,72.65545297280948,0.3996006006006006,0.6003993993993995,0.28709054833445186,0.7129094516655481,417.36304718575326,239.05818858768274,0.01533402241422593,0.009931157691052107,0.027218105981021024,0.024071532848891547
Bubble,72.6875220655746,0.39860160160160163,0.6013983983983984,0.28749715728279385,0.7125028427172062,416.0412499399058,239.89263388056096,0.015301165708850654,0.009961117186024066,0.027190166936056057,0.024082904497614188
Bubble,72.71888772512528,0.3976026026026026,0.6023973973973974,0.28806666966600714,0.7119333303339929,414.7151237199483,240.97282464050593,0.015268082035935283,0.009999356977483095,0.027162227891091094,0.02409883207321601
Bubble,72.74973090425009,0.39660360360360364,0.6033963963963964,0.28844145987391245,0.7115585401260875,413.3852376781191,241.7547019842761,0.015234791669770873,0.010027440163954154,0.02713428884612613,0.024109313845952104
Bubble,72.78001478929833,0.3956046046046046,0.6043953953953953,0.28858470806195546,0.7114152919380445,412.0514055943116,242.18112129155526,0.015201287101248153,0.010043458161330735,0.02710634980116116,0.02411332007375703
Bubble,72.8103442337767,0.39460560560560565,0.6053943943943944,0.28894280624832747,0.7110571937516726,410.71575590226774,242.93590143342243,0.015167646269945365,0.01007057694267457,0.0270784107561962,0.024123335020059228
Bubble,72.8408902719572,0.3936066066066066,0.6063933933933934,0.28959318109394294,0.7104068189060571,409.37891915898086,244.1402205502222,0.015133892064034083,0.010112875216471277,0.027050471711231233,0.024141524079381547
Bubble,72.87036075758405,0.3926076076076076,0.6073923923923924,0.2896733765748143,0.7103266234251857,408.03615579235617,244.4658714097533,0.01509984873852074,0.01012542377190197,0.027022532666266266,0.024143766909602897
Bubble,72.89993220049443,0.39160860860860863,0.6083913913913914,0.2900366410584616,0.7099633589415384,406.6917333236442,245.2263489263737,0.015065673483698075,0.01015264953013018,0.026994593621301303,0.02415392634194764
Bubble,72.92985321298003,0.3906096096096096,0.6093903903903903,0.29078748575806057,0.7092125142419394,405.3466020129416,246.5827623554289,0.015031401127844742,0.010199938980135567,0.02696665457633634,0.024174925245695107
Bubble,72.95499361377134,0.3136866866866867,0.6863133133133132,0.3007860452748077,0.6992139547251923,281.9413671338143,261.40520284445023,0.011361572114088765,0.010689427756918056,0.024815348114034033,0.024454555359642357
Bubble,72.95846003250821,0.38961061061061064,0.6103893893893894,0.2907945829695262,0.7092054170304738,403.99448485858136,246.79397307290543,0.01499679835841138,0.0102085919307605,0.026938715531371372,0.02417512373369206
Bubble,72.98789865640857,0.3886116116116116,0.6113883883883884,0.29160836673248414,0.7083916332675159,402.6434746007243,248.24895319818333,0.014962164871166531,0.01025911872819137,0.02691077648640641,0.024197882856742056
Bubble,73.01650391120941,0.38761261261261265,0.6123873873873873,0.29202644625513485,0.7079735537448651,401.28721959275816,249.09029485250792,0.014927264298899892,0.010288916337030987,0.026882837441441442,0.024209575303475204
Bubble,73.04482966482689,0.3866136136136136,0.6133863863863864,0.2924497255827109,0.7075502744172891,399.92780050803947,249.93834670994704,0.014892173286364484,0.01031890026073439,0.02685489839647648,0.024221413173360695
Bubble,73.07291684764388,0.38561461461461466,0.6143853853853853,0.2928782884847727,0.7071217115152273,398.56535632165844,250.80151830027341,0.014856896418982423,0.01034941570825848,0.026826959351511512,0.024233398809185173
Bubble,73.10058146554253,0.38461561561561564,0.6153843843843844,0.29302988556340925,0.7069701144365907,397.19913500400725,251.22775361326163,0.014821405053638407,0.010365191035197596,0.026799020306546545,0.02423763853074729
Bubble,73.12810774847291,0.3836166166166166,0.6163833833833834,0.29375158669218404,0.706248413307816,395.83024548169226,252.53103725345727,0.014785739941320077,0.010410292949990532,0.02677108126158158,0.02425782237508378
Bubble,73.15521476733957,0.38261761761761764,0.6173823823823823,0.2938965573232758,0.7061034426767242,394.4575401801549,252.95165310434018,0.014749857626493201,0.010425889779885756,0.026743142216616618,0.02426187677452235
Bubble,73.18216893785764,0.3816186186186186,0.6183813813813814,0.2946470200950704,0.7053529799049296,393.0820806275644,254.30627534362117,0.014713797162683616,0.010472663558286868,0.02671520317165165,0.02428286499687964
Bubble,73.20870891209304,0.38061961961961965,0.6193803803803803,0.295103249156333,0.704896750843667,391.70277855172685,255.2021116046751,0.014677517211666241,0.010504035940121344,0.026687264126686684,0.02429562437328513
Bubble,73.20879283147859,0.29870170170170174,0.7012982982982983,0.2966090143250256,0.7033909856749744,260.5465957535172,257.2635233399023,0.010679775084360053,0.010570560941419074,0.024396262439559557,0.024337736167988566
Bubble,73.23491825539277,0.37962062062062063,0.6203793793793794,0.29556527021194623,0.7044347297880538,390.31995267615395,256.10448059893497,0.014641029038794636,0.01053557392510346,0.026659325081721724,0.024308545734628307
Bubble,73.26069806682867,0.37862162162162166,0.6213783783783784,0.29568657077192345,0.7043134292280766,388.9331626356782,256.4737747323822,0.014604315453160075,0.010549293648509013,0.026631386036756757,0.024311938152241214
Bubble,73.28624177562824,0.37762262262262264,0.6223773773773773,0.29615160468728385,0.7038483953127161,387.5432062509908,257.37846821994145,0.014567405733947303,0.010580845349838117,0.02660344699179179,0.024324943774353458
Bubble,73.31154466618227,0.37662362362362367,0.6233763763763763,0.29698697834573595,0.703013021654264,386.150058179108,258.8629082368266,0.014530298308944088,0.0106316595809214,0.026575507946826827,0.024348306702874332
Bubble,73.3362788775273,0.37562462462462465,0.6243753753753754,0.2970894950425198,0.7029105049574802,384.75227975366124,259.1957891699932,0.014492938361925766,0.010644077833372078,0.02654756890186186,0.02435117379143395
Bubble,73.36060687063738,0.3746256256256256,0.6253743743743744,0.29751870390575846,0.7024812960942416,383.3505439051582,260.03890770426636,0.014455350469586629,0.010673439775261494,0.0265196298568969,0.024363177492880504
Bubble,73.38472159944041,0.37362662662662666,0.6263733733733734,0.29800020077622924,0.7019997992237706,381.9456906356266,260.96330085826617,0.014417565618861788,0.010705464863623415,0.026491690811931933,0.024376643535116833
Bubble,73.40872512282107,0.37262762762762763,0.6273723723723723,0.2989692026148838,0.7010307973851162,380.53818696702746,262.65530142159673,0.014379600833545805,0.0107629101996369,0.026463751766966966,0.02440374364829856
Bubble,73.4320403491781,0.37162862862862867,0.6283713713713713,0.2994808591919832,0.7005191408080168,379.1254244089221,263.61450370167705,0.014341356870537347,0.010795885400248681,0.026435812722002006,0.024418053168256564
Bubble,73.45477698119515,0.37062962962962964,0.6293703703703704,0.299475288170117,0.700524711829883,377.7078532436373,263.7743069772992,0.014302849894805165,0.010802498800495696,0.02640787367703704,0.024417897363265186
Bubble,73.47734599406502,0.3696306306306307,0.6303693693693693,0.29998406181221876,0.7000159381877812,376.28734810632926,264.7346149693575,0.014264150133596177,0.01083551272593978,0.026379934632072072,0.02443212625606479
Bubble,73.49601517498746,0.3196806806806807,0.6803193193193193,0.3052947076485114,0.6947052923514887,296.109391662561,273.02139773235626,0.011852443679994275,0.011107167853607354,0.024982982383823824,0.024580649300594223
Bubble,73.49950213746851,0.36863163163163165,0.6313683683683684,0.3004897977811522,0.699510202218848,374.86277835203623,265.6881518382898,0.014225214068244618,0.010868249010108955,0.026351995587107113,0.024446270194137396
Bubble,73.5215187198419,0.3676326326326326,0.6323673673673673,0.30159497998963913,0.6984050200103609,373.43543233231725,267.5902897277989,0.014186089888330283,0.010932235743263938,0.02632405654214214,0.024477178869169437
Bubble,73.542564543986,0.36663363363363366,0.6333663663663663,0.3015158723559049,0.6984841276440951,372.0013534725268,267.61218439342764,0.014146626531938038,0.010934118532911593,0.02629611749717718,0.024474966462812484
Bubble,73.55319962420238,0.3116886886886887,0.6883113113113113,0.3094695133239273,0.6905304866760726,283.6539042786232,280.09708502184907,0.011456380286107798,0.011341153888665186,0.024759470024104103,0.024697406257910805
Bubble,73.56374389837353,0.36563463463463464,0.6343653653653654,0.3026940555184152,0.6973059444815848,370.565808599427,269.6275182802624,0.014107023418984701,0.01100164983167512,0.026268178452212212,0.024507916758445738
Bubble,73.58416702948313,0.36463563563563567,0.6353643643643643,0.30325449872728516,0.6967455012727148,369.124518229475,270.64754167297497,0.014067117014470804,0.011036211826687004,0.026240239407247245,0.024523590696085933
Bubble,73.60372032136195,0.36363663663663665,0.6363633633633634,0.30286115720454215,0.697138842795458,367.67686898268977,270.1727580318113,0.01402688294811972,0.011021795614083733,0.026212300362282285,0.02451259009798572
Bubble,73.62325433184166,0.3626376376376377,0.6373623623623623,0.3033678330202427,0.6966321669797572,366.2270456312182,271.11400798575204,0.013986479990596901,0.01105380427091867,0.026184361317317318,0.024526760320790448
Bubble,73.64232520894997,0.36163863863863865,0.6383613613613613,0.3038747507197177,0.6961252492802822,364.77287173703826,272.05310265072825,0.013945824392145844,0.011085685083346801,0.02615642227235235,0.02454093730836837
Bubble,73.65200285677398,0.3166836836836837,0.6833163163163163,0.3095875241721415,0.6904124758278585,292.4610536668768,281.0614950555586,0.01174581761047019,0.011378682350570041,0.02489916524892893,0.02470070667202325
Bubble,73.6609248811538,0.36063963963963963,0.6393603603603604,0.3043812776603689,0.6956187223396311,363.314306178294,272.988952011138,0.013904913768491341,0.011117401866512982,0.026128483227387388,0.02455510336757864
Bubble,73.67976363224095,0.35964064064064066,0.6403593593593593,0.3061711648303065,0.6938288351696935,361.85500995903465,275.97189211635117,0.01386388756609635,0.01121601641704293,0.02610054418242242,0.024605161213655777
Bubble,73.69746560927788,0.35864164164164164,0.6413583583583584,0.30677840208168927,0.6932215979183107,360.38793745094586,277.0614338278746,0.01382247518232043,0.01125253087643521,0.026072605137457457,0.024622143842154685
Bubble,73.71470336259561,0.35764264264264267,0.6423573573573573,0.30739398900986703,0.692606010990133,358.91652668446886,278.1686086368029,0.013780807379516698,0.011289603658145273,0.02604466609249249,0.02463935998639851
Bubble,73.7314439172551,0.35664364364364365,0.6433563563563564,0.3080181051557921,0.6919818948442079,357.4406127177249,279.2831842564419,0.01373887699497135,0.011326815244438154,0.026016727047527527,0.024656814667616243
Bubble,73.74154660758944,0.3186816816816817,0.6813183183183182,0.31363624360917064,0.6863637563908294,296.37704349562233,288.2546923664468,0.011876438741106794,0.011616644632524795,0.024955043338858857,0.024813937370467422
Bubble,73.74658628523972,0.3556446446446447,0.6443553553553554,0.3070826342763571,0.6929173657236428,355.95429816385376,277.8955066078084,0.013696456261398406,0.011282506977130355,0.025988788002562564,0.024630652316112247
Bubble,73.76343361710404,0.35464564564564566,0.6453543543543543,0.30929271079140463,0.6907072892085954,354.4753082230917,281.54513785075557,0.013654226362245076,0.01140206846313099,0.025960848957597597,0.024692461614411645
Bubble,73.77241602237585,0.32667367367367367,0.6733263263263263,0.30636100481666206,0.6936389951833379,309.56068666461886,276.88468323491884,0.012294616512975552,0.011250686308629193,0.02517855569857858,0.024610470476147783
Bubble,73.77630442242828,0.3156846846846847,0.6843153153153153,0.3056237954956044,0.6943762045043955,291.82038559517804,275.69504628009577,0.0117332528441508,0.01121174035684734,0.024871226203963964,0.02458985291357739
Bubble,73.77867361170742,0.3536466466466467,0.6463533533533533,0.30994362365677,0.69005637634323,352.98588969464106,282.69443619354956,0.013611503332400502,0.011440178884311078,0.02593290991263263,0.024710665720553835
Bubble,73.79021625432276,0.35264764764764767,0.6473523523523523,0.30736562701308434,0.6926343729869157,351.4743284551061,278.6544950862422,0.013567833380341138,0.011309687674385937,0.025904970867667666,0.02463856678530001
Bubble,73.8022375058054,0.35164864864864864,0.6483513513513514,0.30706714022502435,0.6929328597749758,349.9634164710009,278.26353193873115,0.013524094218718214,0.011297647496100637,0.025877031822702706,0.024630218993358866
Bubble,73.81736381048887,0.3506496496496497,0.6493503503503504,0.30828960098889174,0.6917103990111083,348.4681391304343,280.3219301013459,0.013480865348997811,0.01136544346086828,0.02584909277773774,0.024664407602440378
Bubble,73.81892085027292,0.30069969969969973,0.6993003003003002,0.29537850296100204,0.7046214970389979,268.69804032961866,260.30221724035414,0.010988732868010739,0.010710561003813845,0.02445214052948949,0.02430332240745046
Bubble,73.83001372429175,0.34965065065065065,0.6503493493493493,0.3087190529804219,0.6912809470195782,346.95734433701807,281.09774766681704,0.01343694197121224,0.011391351309100222,0.025821153732772772,0.02467641810346558
Bubble,73.84137750089462,0.3486516516516517,0.6513483483483483,0.3090124491640706,0.6909875508359294,345.43756742781454,281.6476379161655,0.013392575202776077,0.01140984133772323,0.02579321468780781,0.02468462352626953
Bubble,73.85280677821014,0.34765265265265266,0.6523473473473473,0.30943256675697217,0.6905674332430278,343.91654572684683,282.4004777347103,0.013348063901749136,0.011434896859438937,0.025765275642842846,0.024696372971794913
Bubble,73.86362960807176,0.3466536536536537,0.6533463463463463,0.3098530598256702,0.6901469401743298,342.3904633211644,283.1499395654631,0.013303259333733684,0.011459786965777905,0.02573733659787788,0.02470813291826691
Bubble,73.87455134215385,0.3436566566566567,0.6563433433433433,0.307086973251679,0.6929130267483209,337.67384946432105,278.81239185624025,0.013162866403246192,0.011319676582434069,0.025653519462982985,0.024630773664408637
Bubble,73.87464549478305,0.34565465465465467,0.6543453453453454,0.3212254417818191,0.6787745582181809,340.86406220610513,301.51882196699097,0.013258344988620113,0.012048133769715802,0.025709397552912915,0.025026184779329802
Bubble,73.87594742869985,0.3146856856856857,0.6853143143143143,0.3100975194145774,0.6899024805854226,290.9937530888206,283.62753750369376,0.011713174316524123,0.011475941124324554,0.024843287158999,0.024714969729368264
Bubble,73.87995712949387,0.34265765765765765,0.6573423423423423,0.3070912638921044,0.6929087361078956,336.108366315102,278.8580980904906,0.01311612696502185,0.011321477081967278,0.025625580418018018,0.024630893660921038
Bubble,73.88548593585546,0.3416586586586587,0.6583413413413413,0.3073086524588324,0.6926913475411677,334.5420339630363,279.2444493809784,0.013069252322411734,0.011334365026218323,0.025597641373053055,0.024636973375662265
Bubble,73.88849014100555,0.3446556556556557,0.6553443443443443,0.3211272024002441,0.6788727975997559,339.35323446107896,301.4539179616979,0.013213939323424921,0.012046862873855634,0.025681458507947952,0.025023437314615725
Bubble,73.8890398387487,0.34065965965965966,0.6593403403403404,0.30736022522970485,0.6926397747702951,332.9619500793202,279.35245041865386,0.01302173743780992,0.011338084951080313,0.02556970232808809,0.024638415713408166
Bubble,73.89777380926334,0.3396606606606607,0.6603393393393393,0.30829797570721285,0.6917020242927872,331.41283380235325,280.91067667575675,0.012975331034460582,0.01138920559814489,0.025541763283123124,0.02466464181852265
Bubble,73.90015985482394,0.3386616616616617,0.6613383383383383,0.30840920753957085,0.6915907924604291,329.8226536165652,281.10546429931725,0.012927213519143343,0.01139566576495311,0.025513824238158157,0.02466775264362748
Bubble,73.90218717978921,0.3376626626626627,0.6623373373373374,0.3086011697630621,0.6913988302369378,328.2287384860175,281.4264340743602,0.012878843956092265,0.011406195070429838,0.025485885193193194,0.024673121258810347
Bubble,73.9028757802089,0.3366636636636637,0.6633363363363363,0.3087445037277597,0.6912554962722404,326.62483076247634,281.66009282592637,0.012829975712129791,0.01141381084965776,0.025457946148228227,0.024677129885534405
Bubble,73.90873950348536,0.3276726726726727,0.6723273273273274,0.3122249089746443,0.6877750910253557,312.1455912989568,287.2571418326794,0.012383538229920308,0.011594887083465804,0.025206494743543546,0.024774466518290232
Bubble,73.9088104490441,0.33366666666666667,0.6663333333333333,0.31048473319157244,0.6895152668084275,321.83129702955716,284.48322738432756,0.01268344213353864,0.011505522144306527,0.02537412901333333,0.02472579895255803
Bubble,73.90904528388829,0.32867167167167166,0.6713283283283283,0.3111416391017644,0.6888583608982356,313.76272446022904,285.52411388329443,0.012433911816286253,0.011539045609264343,0.025234433788508513,0.02474417066642461
Bubble,73.9091192959308,0.33566466466466466,0.6643353353353354,0.3097685962860018,0.6902314037139983,325.055807120055,283.34090764548444,0.01278237185699971,0.011468612366780056,0.025430007103263264,0.024705770723074467
Bubble,73.91063396370569,0.3346656656656657,0.6653343343343343,0.3102152721755864,0.6897847278244136,323.4551181914398,284.06555808706264,0.012733416722178025,0.011492132717525642,0.025402068058298297,0.024718262925545513
Bubble,73.950390666001,0.3296706706706707,0.6703293293293293,0.31386650902585306,0.686133490974147,315.6620037164915,290.19144941664473,0.012495342610818765,0.011691661530006437,0.025262372833473476,0.024820377212586394
Bubble,73.97668477636618,0.3326676676676677,0.6673323323323324,0.319350747637683,0.6806492523623169,320.67237680444475,299.19963863835716,0.012651699415361387,0.011980562676393304,0.02534618996836837,0.024973755133212983
Bubble,74.25807351270097,0.3106896896896897,0.6893103103103103,0.3080783854937097,0.6919216145062903,287.6210964975509,283.4386112926645,0.011629732778781758,0.011494559896093114,0.024731530979139136,0.024658500530238
Bubble,74.63747500785234,0.3316686686686687,0.6683313313313313,0.3277286007680419,0.6722713992319581,323.37515733396634,317.05335315621204,0.012772413004053467,0.01257746003290775,0.025318250923403403,0.025208058886823856
Bubble,74.65439698614136,0.3226776776776777,0.6773223223223224,0.3193299618939963,0.6806700381060036,309.3391074128059,303.96082031904064,0.012340590476331287,0.012171493400898334,0.025066799518718718,0.024973173817487867
Bubble,74.6579153532318,0.3026976976976977,0.6973023023023023,0.2955651132757088,0.7044348867242913,278.40217339904166,267.08528514688123,0.011359636114297876,0.010987302008369008,0.02450801861941942,0.02430854134558628
Bubble,74.68616351027006,0.3216786786786787,0.6783213213213213,0.31803486114818164,0.6819651388518183,307.9868916954767,302.13423398230873,0.012300355761729444,0.012115923934476294,0.025038860473753758,0.02493695368312564
Bubble,74.9363493378106,0.3246756756756757,0.6753243243243243,0.32107824010184366,0.6789217598981563,314.35095880617206,308.58195237373303,0.012512637534223449,0.012332392053699867,0.02512267760864865,0.02502206798405786
Bubble,75.03825733925359,0.3236766766766767,0.6763233233233232,0.3209642642518666,0.6790357357481335,313.4641787265771,309.11690261621396,0.012491231097350923,0.012355345141958367,0.025094738563683685,0.025018880416902527
Bubble,75.13257296458136,0.3256746746746747,0.6743253253253253,0.3217089122822149,0.678291087717785,317.17074634476165,310.8204128167866,0.01261085367062723,0.012413101519300952,0.025150616653613615,0.025039706018153193
Dew,76.58540933306762,0.25362879893689544,0.7463712010631045,0.25174874874874875,0.7482512512512512,229.32009109797224,226.48152008008825,0.009911955291752372,0.009811561357328065,0.02313570676502011,0.023083127326206203
Bubble,76.69941448428108,0.26073973973973974,0.7392602602602603,0.2583375332996876,0.7416624667003124,237.34975315685602,233.68765493453958,0.01017158937789807,0.010043567129560045,0.02333457873089089,0.023267396127293692
Bubble,76.74384720676866,0.25974074074074077,0.7402592592592592,0.25748052995031284,0.7425194700496871,236.49980522612182,233.05704247519708,0.01014731460275399,0.010026792935373816,0.023306639685925928,0.023243428280341597
Bubble,76.94653959077971,0.3176826826826827,0.6823173173173174,0.3141548462432808,0.6858451537567192,316.2371297411325,310.6466822747781,0.012686476776951483,0.012511727191590896,0.024927104293893897,0.024828441151079683
Dew,77.09829108986544,0.2568272764226299,0.74317272357737,0.25474574574574577,0.7452542542542542,236.42586115391575,233.2469776771278,0.010179730699691074,0.010068094135968838,0.023225158712802747,0.023166944461101104
Dew,77.50469826810308,0.24261684523823218,0.7573831547617678,0.24075975975975977,0.7592402402402403,223.8586296046198,221.0634783444441,0.009806431932607253,0.0097060695734581,0.022827735015451447,0.022775797831591588
Dew,77.7357482973048,0.2461261792520118,0.7538738207479883,0.24375675675675676,0.7562432432432432,229.1994516438912,225.6049892502549,0.009997410988970636,0.009869150883818683,0.022925880700188184,0.022859614966486485
Dew,78.26470776152368,0.24985572974193718,0.7501442702580629,0.24775275275275277,0.7522472472472472,236.44470249780682,233.2207961106822,0.010266730404834473,0.010152671976995877,0.023030185187921947,0.022971371146346346
Bubble,78.32359185590514,0.25874174174174175,0.7412582582582583,0.2564665465547237,0.7435334534452763,245.93800934795152,242.42277605386118,0.010564937156122946,0.010442474406442127,0.023278700640960964,0.023215070166157818
Bubble,78.36800759329786,0.2577427427427428,0.7422572572572572,0.25559488048269063,0.7444051195173095,245.06551670455107,241.74901507821698,0.010540107071019716,0.010424398397044843,0.023250761595995997,0.023190692246254627
Bubble,78.41197309411159,0.25674374374374376,0.7432562562562562,0.25471695792703725,0.7452830420729627,244.196433253676,241.06877698828563,0.010515364044016016,0.010406083350164784,0.02322282255103103,0.023166139351023764
Dew,78.45617130544139,0.2446606709661747,0.7553393290338254,0.24275775775775776,0.7572422422422422,232.03415440762097,229.12822393838954,0.010139183803380728,0.010035541180856086,0.022884894771337847,0.02283167592152152
Dew,79.20991893025476,0.24690864131483922,0.7530913586851607,0.24475575575575576,0.7552442442442442,239.23455449746865,235.91569648514874,0.010425179380532206,0.010307597586317517,0.02294776384799776,0.02288755401145145
Dew,80.27057362604964,0.24876127917386195,0.751238720826138,0.24675375375375377,0.7532462462462463,247.58893209510597,244.46870447365063,0.010764934325336093,0.010655280491314619,0.022999576645106563,0.022943432101381382
Dew,80.58165431459996,0.24808075534371435,0.7519192446562856,0.24575475475475478,0.7542452452452453,248.82374131695258,245.20443423641396,0.01082758253677893,0.010700377846234293,0.022980544407927874,0.022915493056416415
Bubble,80.80756678734245,0.3206796796796797,0.6793203203203203,0.31707455887594793,0.6829254411240521,339.73507464883335,334.21709391183214,0.013583468950399472,0.013416932725783084,0.02501092142878879,0.024910096871065993
Bubble,81.7517797000315,0.3306696696696697,0.6693303303303303,0.32731501174731936,0.6726849882526806,356.4809468772348,351.44931908298565,0.014095553609252126,0.013948343234383872,0.025290311878438436,0.02519649202613775
