Temperature_[K],Pressure_[bar],Surface_Tension_[mN/m],Interfacial_Thickness_[Å],x_CO2,y_CO2,liquid_density_[kg/m3],vapor_density_[kg/m3],Enrichment_CH4_[-]
230.0,8.966824416506588,13.066663855076255,7.65512076249923,0.9998646716369087,0.9972343137529226,1122.3044916935369,23.004856072437637,2.6655331770725006
230.0,8.993708055146262,13.058755575482346,7.658318547690456,0.9997293432738176,0.9944854991906493,1122.1542574366365,23.0352551670473,2.664123294407019
230.0,9.020584772445783,13.050852039115899,7.66151151067529,0.9995940149107263,0.9917534040913742,1122.004026723065,23.06565742881004,2.662714349255688
230.0,9.047454566364214,13.042953243395228,7.664699680165924,0.9994586865476349,0.9890378780463599,1121.8537995511545,23.096062857127425,2.661306343377009
230.0,9.074317434901298,13.035059185706944,7.667883084709231,0.9993233581845437,0.9863387724332247,1121.7035759192534,23.126471451356988,2.659899278504153
230.0,9.101173376079275,13.027169863429782,7.671061752690022,0.9991880298214525,0.9836559403896995,1121.5533558257125,23.156883210814247,2.6584931563403287
230.0,9.12802238797523,13.019285301863631,7.674235718191433,0.9990527014583612,0.9809892367878401,1121.403139268898,23.187298134773545,2.657088318386708
230.0,9.154864468747006,13.011405440762575,7.677404997446899,0.99891737309527,0.9783385182086901,1121.2529262471892,23.217716222472493,2.6556840891877114
230.0,9.18169961653307,13.003530307095879,7.680569624349076,0.9987820447321786,0.9757036429173821,1121.1027167589732,23.24813747311018,2.6542808071333357
230.0,9.208527829545588,12.995659898250356,7.68372962664526,0.9986467163690875,0.9730844708386684,1120.952510802644,23.278561885850092,2.6528784737219278
230.0,9.23534910603486,12.987794211544095,7.686885031925044,0.9985113880059961,0.9704808635328789,1120.802308376609,23.30898945982263,2.651477090414184
230.0,9.262163444301933,12.979933244332917,7.690035867623344,0.9983760596429049,0.9678926841722846,1120.6521094792847,23.339420194125214,2.6500766586294957
230.0,9.2889708426518,12.972076993940844,7.693182161019294,0.9982407312798135,0.9653197975178737,1120.5019141090959,23.3698540878242,2.6486771797442246
230.0,9.315771299465746,12.964225457699678,7.696323939236792,0.9981054029167225,0.9627620698965244,1120.3517222644773,23.400291139956657,2.647278655070829
230.0,9.342564813146591,12.956378632920202,7.699461229247852,0.9979700745536311,0.9602193691785607,1120.2015339438717,23.430731349529985,2.6458810858968507
230.0,9.36935138213776,12.948536516906765,7.702634005103356,0.9978347461905398,0.9576915647556986,1120.0513491457348,23.461174715526585,2.6444844734636797
230.0,9.396131004920601,12.94069910698635,7.7059216405935445,0.9976994178274485,0.9551785275193648,1119.901167868529,23.49162123690287,2.643088818978523
230.0,9.42290368001379,12.93286640047686,7.709204195303797,0.9975640894643574,0.9526801298393731,1119.7509901107226,23.52207091258857,2.641694123631196
230.0,9.449669405957014,12.925038394652596,7.712481698981172,0.9974287611012661,0.950196245542979,1119.6008158707975,23.55252374149311,2.6403003885662977
230.0,9.476428181358651,12.917215086829248,7.715754181207359,0.9972934327381747,0.947726749894267,1119.4506451472405,23.58297972250132,2.638907614944186
230.0,9.5031800048282,12.909396474312038,7.719021671390678,0.9971581043750835,0.9452715195739017,1119.3004779385483,23.61343885447949,2.637515803892909
230.0,9.529924875022099,12.901582554383511,7.722284198769621,0.9970227760119923,0.942830432659203,1119.1503142432246,23.643901136271573,2.6361249565357046
230.0,9.556662790649012,12.893773324337722,7.725541792415903,0.996887447648901,0.9404033686045664,1119.0001540597855,23.674366566704887,2.63473507399411
230.0,9.58339375041157,12.885968781469181,7.728794481234019,0.9967521192858098,0.9379902082222024,1118.849997386747,23.70483514458696,2.633346157391002
230.0,9.610117753076107,12.878168923073376,7.732042293962216,0.9966167909227184,0.9355908336631968,1118.699844222641,23.735306868709838,2.6319582078456403
230.0,9.636834797439054,12.870373746415238,7.735285259173858,0.9964814625596273,0.9332051283988894,1118.549694566004,23.765781737850237,2.6305712264734797
230.0,9.663544882309958,12.862583248780819,7.738523405278137,0.996346134196536,0.9308329772025551,1118.3995484153777,23.796259750768478,2.629185214398473
230.0,9.69024800655447,12.85479742745999,7.741756760522954,0.9962108058334447,0.9284742661313884,1118.2494057693154,23.82674090621197,2.627800172731171
230.0,9.716944169050157,12.847016279692227,7.744985352993609,0.9960754774703534,0.9261288825087887,1118.0992666263755,23.857225202915505,2.626416102593586
230.0,9.743633368711695,12.839239802761107,7.748209210616345,0.9959401491072621,0.9237967149069248,1117.9491309851237,23.887712639599737,2.6250330050958444
230.0,9.770315604489,12.831467993947363,7.751428361158673,0.9958048207441709,0.9214776531296048,1117.7989988441338,23.91820321497629,2.6236508813502386
230.0,9.796990875355005,12.823700850480686,7.7546428322281,0.9956694923810796,0.9191715881953998,1117.648870201987,23.948696927745065,2.6222697324497
230.0,9.823659180310518,12.815938369622177,7.757852651277524,0.9955341640179883,0.9168784123210658,1117.4987450572685,23.979193776596006,2.620889559496022
230.0,9.850320518393591,12.808180548624426,7.7610578456030614,0.9953988356548971,0.9145980189052194,1117.3486234085735,24.009693760210812,2.6195103635718415
230.0,9.876974888655097,12.800427384713696,7.764258442346311,0.9952635072918059,0.9123303025122844,1117.1985052545022,24.040196877262378,2.61813214575082
230.0,9.903622290198356,12.792678875162402,7.767454468496844,0.9951281789287146,0.910075158856696,1117.0483905936644,24.07070312641672,2.616754907095504
230.0,9.93026272212699,12.784935017164313,7.770645950888074,0.9949928505656234,0.9078324847873572,1116.8982794246724,24.101212506331425,2.6153786486603896
230.0,9.95689618359372,12.777195807993346,7.773832916206537,0.9948575222025321,0.9056021782723562,1116.7481717461455,24.131725015659804,2.6140033714792574
230.0,9.983522673763186,12.7694612448472,7.777015390985085,0.9947221938394408,0.90338413838391,1116.598067556712,24.16224065304853,2.61262907658202
230.0,10.010142191831171,12.761731324923359,7.7801934016064465,0.9945868654763496,0.9011782652835633,1116.447966855004,24.192759417140042,2.6112557649729995
230.0,10.036754737025872,12.754006045481113,7.783366974308521,0.9944515371132583,0.8989844602076192,1116.297869639661,24.223281306571426,2.609883437653872
230.0,10.063360308589488,12.746285403710322,7.786536135178223,0.994316208750167,0.8968026254528,1116.1477759093273,24.25380631997688,2.6085120955995498
230.0,10.089958905804306,12.738569396806879,7.7897009101572285,0.9941808803870757,0.8946326643621402,1115.9976856626556,24.284334455987988,2.607141739780143
230.0,10.116550527956337,12.730858022005545,7.792861325042253,0.9940455520239845,0.8924744813110963,1115.8475988982996,24.314865713232624,2.6057723711465997
230.0,10.143135174386874,12.72315127647445,7.7960174054836955,0.9939102236608932,0.8903279816938743,1115.6975156149276,24.345400090337627,2.6044039906332137
230.0,10.169712844426408,12.715449157397684,7.799169176988819,0.9937748952978019,0.8881930719099913,1115.5474358112026,24.37593758592762,2.603036599161346
230.0,10.196283537444994,12.707751661988976,7.802316664922606,0.9936395669347107,0.886069659351021,1115.3973594857991,24.406478198626242,2.6016701976348644
230.0,10.222847252849862,12.70005878742901,7.8054598945075995,0.9935042385716194,0.8839576523875659,1115.2472866373994,24.4370219270576,2.6003047869425555
230.0,10.249403990054503,12.692370530888976,7.808666595077157,0.9933689102085282,0.8818569603564247,1115.0972172646866,24.46756876984474,2.5989403679631518
230.0,10.275953748490215,12.684686889537705,7.811956132382782,0.993233581845437,0.8797674935479651,1114.9471513663502,24.49811872561161,2.597576941555723
230.0,10.302496527631357,12.67700786057726,7.815240854986591,0.9930982534823457,0.8776891631936845,1114.797088941087,24.528671792982028,2.5962145085647474
230.0,10.329032326962427,12.669333441143134,7.818520790628526,0.9929629251192544,0.8756218814539835,1114.6470299875975,24.559227970583272,2.5948530698224137
230.0,10.355561145983636,12.661663628397008,7.8217959668921395,0.9928275967561632,0.873565561406095,1114.4969745045871,24.5897872570425,2.593492626144667
230.0,10.382082984227017,12.653998419515574,7.825066411206642,0.9926922683930719,0.8715201170322324,1114.346922490766,24.620349650989446,2.592133178337211
230.0,10.40859784124434,12.646337811635876,7.828332150844268,0.9925569400299806,0.8694854632079041,1114.196873944852,24.650915151056758,2.590774727186792
230.0,10.435105716608986,12.638681801891355,7.831593212922911,0.9924216116668894,0.8674615156904121,1114.046828865562,24.681483755879462,2.589417273472151
230.0,10.461606609903276,12.631030387433814,7.834849624407049,0.9922862833037981,0.8654481911075156,1113.896787251624,24.71205546409544,2.5880608179574307
230.0,10.488100520747379,12.62338356535553,7.838101412104977,0.9921509549407068,0.8634454069462948,1113.7467491017696,24.742630274348418,2.586705361396005
230.0,10.514587448775396,12.615741332758878,7.8413486026689085,0.9920156265776156,0.8614530815421502,1113.5967144147307,24.773208185283252,2.585350904531618
230.0,10.541067393635362,12.608103686724885,7.8445912225943815,0.9918802982145243,0.8594711340679974,1113.4466831892476,24.80378919555043,2.5839974481015426
230.0,10.567540354996845,12.600470624252964,7.847829298210897,0.991744969851433,0.85749948452361,1113.2966554240634,24.83437330380526,2.5826449928388886
230.0,10.594006332552507,12.59284214230429,7.851062855677611,0.9916096414883417,0.8555380537251284,1113.1466311179279,24.864960508707107,2.5812935394804546
230.0,10.620465326026157,12.585218237685616,7.8542919209666024,0.9914743131252506,0.8535867632947286,1112.996610269595,24.895550808921445,2.5799430887737933
230.0,10.646917335126474,12.577598907083809,7.857516519853164,0.9913389847621593,0.8516455356504473,1112.846592877819,24.926144203118263,2.578593641480183
230.0,10.673362359613925,12.5699841471187,7.860736677946896,0.991203656399068,0.8497142939961575,1112.6965789413632,24.9567406899746,2.5772451983410214
230.0,10.699800399250314,12.562373955035387,7.863952420929252,0.9910683280359768,0.8477929623116854,1112.5465684589913,24.98734026817163,2.57589775990032
230.0,10.726231453815252,12.55476833045588,7.867163775144384,0.9909329996728855,0.845881465343102,1112.3965614294739,25.017942936398693,2.5745513261326134
230.0,10.752655523120389,12.547167275229446,7.87037076759858,0.9907976713097942,0.8439797285931245,1112.2465578515876,25.04854869335102,2.573205896583995
230.0,10.779072606983409,12.539570787425554,7.873577365718538,0.990662342946703,0.8420876783116941,1112.096557724106,25.079157537730318,2.5718614718437807
230.0,10.80548270523794,12.531978859813385,7.876786057134147,0.9905270145836117,0.8402052414866624,1111.9465610458124,25.10976946824498,2.570518053619936
230.0,10.831885817734525,12.524391486289147,7.879990492126296,0.9903916862205204,0.8383323458346458,1111.7965678154928,25.140384483611474,2.5691756431925583
230.0,10.858281944356188,12.516808663347414,7.883190695222651,0.9902563578574292,0.8364689197919902,1111.6465780319368,25.171002582554088,2.567834241203692
230.0,10.88467108497627,12.50923038844221,7.886386691155167,0.9901210294943379,0.8346148925058842,1111.496591693937,25.201623763803077,2.5664938480926676
230.0,10.911053239506632,12.501656659117069,7.8895785045550255,0.9899857011312466,0.8327701938255928,1111.346608800291,25.232248026096997,2.5651544642875725
230.0,10.937428407867328,12.494087472753664,7.8927661598767855,0.9898503727681554,0.8309347542938362,1111.1966293497983,25.262875368183828,2.56381609024126
230.0,10.963796589988023,12.486522826674744,7.8959496814047725,0.9897150444050641,0.829108505138273,1111.0466533412641,25.293505788818962,2.562479031305107
230.0,10.990157785829082,12.478962718112586,7.899129093264334,0.9895797160419729,0.8272913782631198,1110.8966807734978,25.324139286765593,2.561145701854725
230.0,11.0165119953572,12.471407144246465,7.902304419430749,0.9894443876788817,0.8254833062408979,1110.7467116453086,25.35477586079607,2.5598133405707033
230.0,11.042859218548239,12.463856102214763,7.905475683736981,0.9893090593157904,0.8236842223042896,1110.5967459555113,25.385415509691178,2.5584819481201957
230.0,11.069199455410242,12.45630958917151,7.9086429098806486,0.9891737309526991,0.8218940603381164,1110.446783702926,25.41605823224145,2.5571515251636727
230.0,11.095532705951632,12.448767602195371,7.911806121421876,0.9890384025896078,0.8201127548714369,1110.2968248863722,25.44670402724515,2.5558220723544296
230.0,11.121858970200941,12.441230138390923,7.9150145190693095,0.9889030742265166,0.8183402410697472,1110.1468695046758,25.477352893510922,2.5544935903346047
230.0,11.14817824819535,12.43369719489668,7.91832048560255,0.9887677458634253,0.8165764547273113,1109.996917556665,25.50800482985515,2.5531660797370774
230.0,11.174490540007502,12.4261687687773,7.921621913406412,0.988632417500334,0.8148213322595937,1109.8469690411723,25.53865983510594,2.551839541184587
230.0,11.200795845691264,12.418644857111191,7.924918828330988,0.9884970891372428,0.81307481069579,1109.6970239570312,25.569317908099173,2.5505139752903467
230.0,11.227094165340066,12.411125456991662,7.928211256083557,0.9883617607741515,0.8113368276714799,1109.547082303079,25.59997904768078,2.5491893826555825
230.0,11.253385499047786,12.403610565515336,7.931499222231722,0.9882264324110602,0.8096073214213779,1109.3971440781554,25.63064325270673,2.5478657638713242
230.0,11.279669846943095,12.3961001797473,7.934782752200519,0.988091104047969,0.8078862307721839,1109.247209281108,25.661310522043213,2.546543119517833
230.0,11.305947209134846,12.388594296752435,7.938061871274236,0.9879557756848777,0.8061734951355555,1109.097277910781,25.69198085456653,2.5452214501644237
230.0,11.332217585770934,12.381092913631079,7.941336604596792,0.9878204473217864,0.8044690545011338,1108.947349966025,25.722654249161447,2.5439007563657627
230.0,11.358480976997093,12.373596027420765,7.944606977164405,0.9876851189586953,0.8027728494297371,1108.7974254456901,25.75333070472566,2.542581038664089
230.0,11.3847373829934,12.366103635184034,7.947873013823376,0.987549790595604,0.8010848210465733,1108.6475043486357,25.784010220165396,2.541262297583619
230.0,11.41098680392161,12.358615733975398,7.95113473926061,0.9874144622325127,0.7994049110346124,1108.497586673717,25.814692794397185,2.539944533628561
230.0,11.43722923998691,12.351132320800343,7.954392177996297,0.9872791338694215,0.7977330616280187,1108.3476724197983,25.845378426349132,2.538627747282933
230.0,11.463464691382125,12.343653392675309,7.957645354383288,0.9871438055063302,0.7960692156056833,1108.1977615857402,25.876067114959667,2.537311939009521
230.0,11.489693158336356,12.336178946606076,7.960894292623408,0.9870084771432389,0.7944133162848303,1108.0478541704108,25.90675885917663,2.535997109260789
230.0,11.51591464106828,12.32870897958627,7.96413901679913,0.9868731487801476,0.7927653075147547,1107.8979501726797,25.93745365796012,2.5346832584913317
230.0,11.542129139816389,12.321243488657851,7.967379550914259,0.9867378204170564,0.7911251336706099,1107.7480495914158,25.96815151028047,2.533370387170731
230.0,11.568336654845998,12.313782470913859,7.970615918913217,0.9866024920539651,0.7894927396472781,1107.5981524254985,25.998852415119114,2.532058495787319
230.0,11.594537186408639,12.306325923421895,7.973848144668472,0.9864671636908738,0.7878680708533559,1107.448258673801,26.02955637146777,2.5307475848382053
230.0,11.620730734790637,12.298873843306241,7.97707625194692,0.9863318353277826,0.7862510732052082,1107.298368335204,26.060263378329555,2.5294376548120727
230.0,11.64691730027169,12.29142622764933,7.980300264375898,0.9861965069646913,0.7846416931210943,1107.14848140859,26.090973434718563,2.5281287061783364
230.0,11.673096883147284,12.28398307355822,7.983520205429137,0.9860611786016,0.7830398775153827,1106.9985978928419,26.121686539659766,2.526820739382795
230.0,11.699269483733625,12.276544378083669,7.986736098421083,0.9859258502385088,0.7814455737928647,1106.8487177868465,26.152402692190698,2.5255137548491153
230.0,11.725435102357642,12.269110138274447,7.989947966518059,0.9857905218754176,0.7798587298430912,1106.6988410894953,26.183121891357555,2.5242077529830955
230.0,11.751593739339114,12.261680351184712,7.993155832746645,0.9856551935123263,0.7782792940348645,1106.5489677996784,26.21384413621918,2.522902734175803
230.0,11.777745395025686,12.254255013839213,7.996359719997635,0.9855198651492351,0.7767072152107379,1106.3990979162882,26.24456942584596,2.5215986988071037
230.0,11.803890069766119,12.246834123289176,7.999559651036158,0.9853845367861438,0.7751424426816225,1106.24923143822,26.275297759318608,2.5202956472463884
230.0,11.830027763936371,12.239417676557636,8.00275564850132,0.9852492084230525,0.7735849262214604,1106.0993683643767,26.306029135730338,2.5189935798549086
230.0,11.856158477894366,12.23200567068941,8.00594773491001,0.9851138800599613,0.7720346160619795,1105.9495086936538,26.33676355418482,2.5176924969844334
230.0,11.88228221203871,12.224598102732605,8.00913593265922,0.98497855169687,0.7704914628874986,1105.799652424958,26.367501013798016,2.516392398978896
230.0,11.908398966754005,12.21719496969584,8.012320264023195,0.9848432233337787,0.7689554178298121,1105.6497995571895,26.398241513694295,2.5150932861736264
230.0,11.934508742447942,12.209796268614637,8.015500751158989,0.9847078949706874,0.7674264324631668,1105.4999500892593,26.428985053014625,2.5137951588959684
230.0,11.960611539531424,12.20240199654671,8.018677416105547,0.9845725666075962,0.7659044587992595,1105.3501040200724,26.459731630905775,2.512498017464355
230.0,11.986707358432188,12.195012150498016,8.02185028078189,0.9844372382445049,0.764389449282355,1105.2002613485424,26.490481246531335,2.5112018621897496
230.0,12.01279619959198,12.187626727518527,8.025157416451158,0.9843019098814136,0.7628813567844073,1105.0504220735834,26.52123389906242,2.509906693373882
230.0,12.038878063439801,12.180245724636658,8.02846926929368,0.9841665815183224,0.7613801346003203,1104.900586194107,26.551989587683657,2.5086125113107407
230.0,12.06495295043528,12.172869138881875,8.031776828758787,0.9840312531552311,0.7598857364431979,1104.7507537090328,26.582748311589878,2.5073193162856207
230.0,12.091020861034393,12.165496967292025,8.035080118847617,0.9838959247921399,0.7583981164397088,1104.6009246172755,26.61351006998713,2.5060271085759127
230.0,12.117081795718297,12.158129206880478,8.038379163430733,0.9837605964290487,0.7569172291255023,1104.4510989177622,26.644274862096417,2.504735888450597
230.0,12.143135754966512,12.150765854688329,8.041673986251041,0.9836252680659574,0.7554430294406542,1104.301276609411,26.6750426871459,2.5034456561704372
230.0,12.169182739255875,12.143406907742289,8.044964610923614,0.9834899397028661,0.753975472725217,1104.1514576911468,26.70581354437714,2.502156411987976
230.0,12.195222749101669,12.136052363063532,8.048251060935172,0.9833546113397749,0.7525145147148046,1104.0016421618964,26.736587433044093,2.5008681561477837
230.0,12.221255784998982,12.12870221766834,8.051533359646896,0.9832192829766836,0.7510601115362263,1103.8518300205897,26.767364352410784,2.499580888886478
230.0,12.247281847463325,12.121356468601071,8.054811530294899,0.9830839546135923,0.749612219703211,1103.702021266152,26.798144301753013,2.4982946104322004
230.0,12.273300937022269,12.114015112866158,8.058085595989539,0.9829486262505011,0.748170796112151,1103.5522158975175,26.828927280358656,2.4970093210056907
230.0,12.299313054207936,12.106678147495456,8.061355579717983,0.9828132978874098,0.7467357980379196,1103.4024139136204,26.85971328752675,2.4957250208190893
230.0,12.325318199561462,12.099345569486244,8.064621504342455,0.9826779695243185,0.7453071831297556,1103.252615313393,26.890502322568445,2.4944417100775045
230.0,12.351316373631432,12.092017375874022,8.067883392605268,0.9825426411612272,0.7438849094071543,1103.102820095774,26.92129438480522,2.493159388977364
230.0,12.377307576976195,12.084693563663928,8.071141267124844,0.982407312798136,0.7424689352558872,1102.9530282597004,26.952089473570958,2.4918780577078206
230.0,12.403291810156555,12.077374129874228,8.074395150400221,0.9822719844350447,0.741059219423994,1102.8032398041123,26.98288758821052,2.4905977164500266
230.0,12.429269073754325,12.070059071506565,8.077645064808856,0.9821366560719534,0.7396557210178863,1102.6534547279516,27.013688728080616,2.489318365377639
230.0,12.455239368343577,12.062748385586623,8.080891032609976,0.9820013277088622,0.7382583994984642,1102.5036730301608,27.044492892549172,2.4880400046565105
230.0,12.481202694515511,12.055442069109906,8.084133075943186,0.981865999345771,0.7368672146773089,1102.3538947096845,27.075300080996474,2.4867626344448146
230.0,12.50715905286573,12.048140119101097,8.087371216831329,0.9817306709826797,0.7354821267128954,1102.2041197654678,27.10611029281227,2.485486254893168
230.0,12.533108444000707,12.040842532560683,8.090605477179466,0.9815953426195885,0.734103096106887,1102.0543481964576,27.13692352739865,2.484210866144662
230.0,12.559050868525057,12.033549306492393,8.093835878775316,0.9814600142564972,0.7327300837004559,1101.904580001605,27.167739784170323,2.4829364683350277
230.0,12.584986327081472,12.026260340888927,8.097062435681444,0.9813246858934059,0.7313630506706493,1101.754815179862,27.19855906255199,2.4816630769564134
230.0,12.610914820269867,12.018975825828068,8.100285184523308,0.9811893575303147,0.7300019585268211,1101.6050537301755,27.229381361979556,2.4803906618832086
230.0,12.636836348728165,12.011695662234349,8.103504139292134,0.9810540291672234,0.7286467691070805,1101.4552956515008,27.260206681900858,2.479119238131995
230.0,12.662750913106278,12.004419847128563,8.106719321318614,0.9809187008041321,0.7272974445748178,1101.3055409427925,27.2910350217753,2.47784880580781
230.0,12.68865851405099,11.99714837751036,8.109930751819718,0.9807833724410409,0.7259539474152439,1101.1557896030072,27.32186638107301,2.476579365008949
230.0,12.714559152220712,11.989881250415362,8.113138451901825,0.9806480440779496,0.7246162404319868,1101.0060416311037,27.352700759274924,2.4753109158259377
230.0,12.740452828266696,11.982618462820822,8.116342442558114,0.9805127157148583,0.7232842867437564,1100.8562970260368,27.383538155874724,2.4740434583428965
230.0,12.766339542866499,11.975360011753146,8.119542744671875,0.980377387351767,0.721958049780992,1100.7065557867686,27.41437857037601,2.4727769926364362
230.0,12.792219296689778,11.968105894218972,8.122739379016991,0.9802420589886758,0.7206374932826024,1100.5568179122622,27.445222002293843,2.4715115187759977
230.0,12.81809209042348,11.960856107217946,8.125932366256677,0.9801067306255846,0.7193225812927425,1100.4070834014756,27.476068451154163,2.4702470368244005
230.0,12.843957924758568,11.953610647768423,8.12912172694697,0.9799714022624934,0.7180132781576007,1100.2573522533753,27.50691791649537,2.4689835468370553
230.0,12.869816800382733,11.946369512862054,8.132350672828416,0.9798360738994021,0.7167095485222449,1100.1076244669255,27.53777039786505,2.4677210488628187
230.0,12.895668718012125,11.939132699521311,8.135676121339621,0.9797007455363108,0.7154113573275211,1099.9579000410947,27.56862589482342,2.4664595429432086
230.0,12.921513678338304,11.931900204738758,8.13899747581059,0.9795654171732195,0.7141186698069707,1099.8081789748467,27.599484406940782,2.4651990291136516
230.0,12.947351682087108,11.924672025525053,8.142314758701971,0.9794300888101283,0.7128314514837848,1099.6584612671497,27.630345933798754,2.463939507401793
230.0,12.973182729976848,11.917448158894292,8.145627992357433,0.979294760447037,0.7115496681678105,1099.5087469169782,27.661210474990195,2.4626809778288794
230.0,12.999006822742,11.910228601842057,8.148937199000677,0.9791594320839457,0.7102732859525824,1099.3590359232987,27.692078030118275,2.4614234404098045
230.0,13.024823961097672,11.903013351397197,8.152242400741223,0.9790241037208545,0.7090022712124103,1099.209328285084,27.72294859879739,2.4601668951517293
230.0,13.050634145793914,11.89580240454902,8.155543619570075,0.9788887753577632,0.7077365905994699,1099.0596240013065,27.753822180653355,2.458911342056255
230.0,13.076437377585695,11.888595758281122,8.158840877363282,0.9787534469946719,0.7064762110409515,1098.9099230709428,27.784698775322376,2.4576567811180583
230.0,13.102233657217026,11.881393409637695,8.162134195883873,0.9786181186315807,0.7052210997362447,1098.7602254929661,27.815578382450614,2.4564032123245485
230.0,13.128022985438928,11.874195355617754,8.165423596780037,0.9784827902684894,0.7039712241541581,1098.6105312663524,27.84646100169705,2.4551506356572617
230.0,13.153805363016948,11.867001593200987,8.16870910158461,0.9783474619053981,0.702726552030149,1098.46084039008,27.877346632729115,2.4538990510908003
230.0,13.179580790734812,11.85981211943414,8.171990731722403,0.978212133542307,0.7014870513636193,1098.3111528631257,27.908235275226666,2.4526484585932726
230.0,13.205349269350991,11.852626931288588,8.175268508501958,0.9780768051792157,0.7002526904152294,1098.16146868447,27.93912692887933,2.4513988581267627
230.0,13.23111079964675,11.845446025815223,8.178542453124052,0.9779414768161244,0.6990234377042402,1098.0117878530941,27.97002159338767,2.4501502496458376
230.0,13.25686538241461,11.838269399973827,8.18181258667586,0.9778061484530332,0.6977992620058985,1097.862110367975,28.00091926846179,2.44890263310014
230.0,13.28261301844448,11.831097050799361,8.185078930138019,0.9776708200899419,0.6965801323488379,1097.7124362281004,28.03181995382513,2.4476560084312937
230.0,13.308353708524331,11.823928975295766,8.188341504379423,0.9775354917268506,0.6953660180125434,1097.5627654324478,28.062723649208948,2.44641037557551
230.0,13.334087453463226,11.816765170466068,8.191600330161862,0.9774001633637593,0.694156888524788,1097.413097980004,28.093630354355042,2.445165734462333
230.0,13.35981425406903,11.80960563330898,8.194855428138482,0.9772648350006681,0.6929527136591815,1097.2634338697546,28.12454006901863,2.4439220850146635
230.0,13.385534111159668,11.802450360880078,8.198106818858747,0.9771295066375768,0.6917534634326521,1097.1137731006863,28.155452792961082,2.442679427149426
230.0,13.411247025543824,11.795299350123281,8.201354522758322,0.9769941782744855,0.6905591081030702,1096.964115671781,28.18636852595742,2.441437760776526
230.0,13.436952998043969,11.788152598097719,8.204598560175391,0.9768588499113943,0.689369618166788,1096.8144615820295,28.21728726779182,2.4401970858000275
230.0,13.462652029493675,11.781010101787722,8.20783895133627,0.976723521548303,0.6881849643562842,1096.6648108304212,28.248209018258336,2.4389574021161256
230.0,13.48834412071623,11.773871858223364,8.211075716367205,0.9765881931852117,0.6870051176378078,1096.5151634159417,28.27913377716123,2.4377187096154165
230.0,13.51402927256897,11.766737864386043,8.214308875286463,0.9764528648221205,0.6858300492090764,1096.3655193375848,28.310061544317424,2.4364810081835864
230.0,13.539707485878393,11.75960811728691,8.217538448010785,0.9763175364590293,0.684659730496931,1096.2158785943386,28.340992319550118,2.435244297695799
230.0,13.565378761494085,11.752482613953314,8.220764454355091,0.976182208095938,0.6834941331551289,1096.0662411851963,28.371926102694918,2.4340085780246787
230.0,13.591043100281134,11.745361351380868,8.223986914028977,0.9760468797328468,0.6823332290620584,1095.9166071091504,28.40286289359852,2.43277384903334
230.0,13.616700503075645,11.738244326568106,8.2272058466422,0.9759115513697555,0.6811769903185386,1095.7669763651916,28.43380269211492,2.4315401105796184
230.0,13.642350970760063,11.73113153651266,8.230421271702916,0.9757762230066642,0.680025389245632,1095.6173489523173,28.46474549811039,2.4303073625170493
230.0,13.667994504190087,11.724022978225838,8.233633208618592,0.975640894643573,0.6788783983824866,1095.4677248695186,28.49569131145909,2.4290756046905675
230.0,13.693631104245334,11.716918648719757,8.23684167669856,0.9755055662804817,0.6777359904841797,1095.3181041157943,28.526640132047817,2.427844836941502
230.0,13.719260771783292,11.709818544975981,8.240046695149218,0.9753702379173904,0.6765981385196319,1095.1684866901367,28.557591959770775,2.426615059105375
230.0,13.744883507709577,11.702722664007743,8.243309851537468,0.9752349095542991,0.6754648156694908,1095.018872591546,28.588546794533205,2.4253862710154706
230.0,13.770499312894419,11.695631002810863,8.246647869870422,0.9750995811912079,0.6743359953240993,1094.869261819019,28.619504636251385,2.4241584724995655
230.0,13.796108188231216,11.688543558370084,8.249981995884632,0.9749642528281166,0.6732116510814173,1094.719654371553,28.65046548484806,2.422931663383559
230.0,13.821710134612694,11.681460327728757,8.253312250537626,0.9748289244650253,0.672091756745041,1094.5700502481463,28.68142934025859,2.4217058434896663
230.0,13.847305152931586,11.674381307860212,8.256638654675001,0.9746935961019341,0.6709762863221945,1094.420449447798,28.71239620242648,2.420481012639392
230.0,13.872893244099096,11.667306495814966,8.259961229039895,0.9745582677388428,0.6698652140217561,1094.270851969509,28.743366071305612,2.4192571706460284
230.0,13.898474409024045,11.660235888574121,8.263279994269581,0.9744229393757516,0.6687585142523276,1094.1212578122825,28.774338946860567,2.4180343173263865
230.0,13.924048648607805,11.653169483184085,8.266594970895895,0.9742876110126604,0.6676561616202894,1093.9716669751158,28.805314829062752,2.4168124524898587
230.0,13.949615963771045,11.646107276642905,8.269906179346194,0.9741522826495691,0.6665581309279146,1093.8220794570136,28.83629371789501,2.415591575938599
230.0,13.97517635543242,11.639049266009293,8.273213639947421,0.9740169542864778,0.6654643971714831,1093.6724952569775,28.86727561334931,2.414371687474841
230.0,14.000729824511557,11.631995448291699,8.276517372918377,0.9738816259233866,0.6643749355394215,1093.52291437401,28.898260515426717,2.413152786893377
230.0,14.026276371941343,11.624945820522116,8.279817398377958,0.9737462975602953,0.6632897214104689,1093.3733368071155,28.929248424138756,2.4119348739801256
230.0,14.051815998648479,11.617900379724475,8.283113736340702,0.973610969197204,0.66220873035186,1093.2237625552978,28.960239339504536,2.410717948521118
230.0,14.077348705580086,11.610859122955281,8.286406406720424,0.9734756408341128,0.6611319381175245,1093.074191617564,28.991233261554715,2.4095020102881604
230.0,14.102874493656456,11.603822047213155,8.289695429328006,0.9733403124710215,0.6600593206463143,1092.9246239929155,29.02223019032649,2.408287059053867
230.0,14.128393363828286,11.596789149557441,8.29298082387541,0.9732049841079302,0.658990854060255,1092.7750596803608,29.05323012586855,2.4070730945801144
230.0,14.153905317047089,11.589760426995795,8.29626260997096,0.973069655744839,0.6579265146628017,1092.6254986789063,29.084233068238277,2.4058601166272617
230.0,14.179410354262144,11.582735876566458,8.299540807127123,0.9729343273817477,0.6568662789371289,1092.4759409875574,29.115239017501935,2.404648124945539
230.0,14.20490847642079,11.57571549530501,8.302815434754166,0.9727989990186564,0.6558101235444294,1092.3263866053233,29.146247973734376,2.403437119282165
230.0,14.230399684495852,11.568699280232584,8.306086512166083,0.9726636706555651,0.6547580253222393,1092.1768355312113,29.177259937020445,2.4022270993791492
230.0,14.255883979436085,11.561687228369546,8.309354058576716,0.972528342292474,0.6537099612827837,1092.0272877642306,29.208274907453877,2.401018064973721
230.0,14.281361362211257,11.554679336763611,8.31261809310498,0.9723930139293827,0.6526659086113316,1091.8777433033883,29.23929288513603,2.399810015797708
230.0,14.306831833788156,11.547675602436582,8.315878634772979,0.9722576855662914,0.6516258446645825,1091.7282021476938,29.270313870179617,2.398602951577322
230.0,14.332295395139829,11.540676022413336,8.319135702505207,0.9721223572032002,0.6505897469690458,1091.578664296159,29.301337862704724,2.397396872035819
230.0,14.3577520472534,11.533680593723485,8.322389315133243,0.9719870288401089,0.6495575932194718,1091.4291297477935,29.332364862840304,2.3961917768911944
230.0,14.383201791090295,11.526689313402686,8.325639491391776,0.9718517004770176,0.6485293612772943,1091.2795985016053,29.36339487072392,2.394987665857075
230.0,14.408644627651423,11.519702178478227,8.32888624992328,0.9717163721139264,0.6475050291690477,1091.1300705566096,29.394427886504005,2.3937845386424934
230.0,14.434080557902753,11.512719185994632,8.332129609276315,0.9715810437508351,0.6464845750848547,1090.9805459118145,29.42546391033394,2.392582394952205
230.0,14.459509582856223,11.505740332965727,8.335369587904864,0.9714457153877438,0.6454679773769201,1090.8310245662346,29.456502942380013,2.3913812344876573
230.0,14.484931703490913,11.498765616427702,8.338606204172287,0.9713103870246526,0.6444552145580114,1090.6815065188798,29.487544982814125,2.3901810569445345
230.0,14.510346920811385,11.491795033427193,8.341839476349925,0.9711750586615613,0.643446265299982,1090.5319917687652,29.518590031817922,2.388981862014704
230.0,14.535755235808491,11.484828580977391,8.345069422617193,0.97103973029847,0.6424411084323157,1090.382480314902,29.549638089582004,2.387783649387492
230.0,14.56115664949946,11.47786625613965,8.348296061064161,0.9709044019353787,0.6414397229406611,1090.2329721563044,29.580689156304025,2.3865864187457557
230.0,14.586551162877008,11.470908055928295,8.351519409688912,0.9707690735722875,0.6404420879654158,1090.0834672919864,29.611743232192413,2.3853901697699493
230.0,14.611938776962235,11.463953977397804,8.35479202262973,0.9706337452091963,0.6394481828002924,1089.9339657209628,29.642800317462775,2.384194902135593
230.0,14.637319492753596,11.45700401756405,8.358145566279156,0.970498416846105,0.6384579868909125,1089.7844674422458,29.673860412338406,2.3830006155145664
230.0,14.662693311280385,11.45005817349015,8.361495399615876,0.9703630884830138,0.637471479833439,1089.6349724548536,29.704923517052553,2.3818073095745924
230.0,14.688060233556703,11.443116442200537,8.364841542241692,0.9702277601199225,0.6364886413731888,1089.4854807577983,29.735989631845115,2.380614983979441
230.0,14.713420260607675,11.436178820732172,8.368184013659423,0.9700924317568312,0.6355094514032824,1089.3359923500975,29.767058756966186,2.379423638389503
230.0,14.738773393454254,11.42924530612601,8.371522833276067,0.96995710339374,0.6345338899632934,1089.186507230766,29.798130892672898,2.3782332724601942
230.0,14.764119633124695,11.422315895425387,8.374858020400943,0.9698217750306487,0.6335619372379213,1089.0370253988208,29.829206039230833,2.377043885844148
230.0,14.7894589806512,11.415390585676745,8.378189594248305,0.9696864466675574,0.6325935735556922,1088.887546853277,29.8602841969139,2.375855478189283
230.0,14.814791437070593,11.408469373907312,8.381517573935653,0.9695511183044662,0.6316287793876422,1088.7380715931538,29.89136536600431,2.3746680491405634
230.0,14.840117003420666,11.401552257187824,8.38484197848701,0.9694157899413749,0.6306675353460381,1088.5885996174654,29.922449546792013,2.3734815983379702
230.0,14.865435680733398,11.394639232518488,8.388162826829408,0.9692804615782836,0.6297098221831132,1088.439130925231,29.95353673957494,2.3722961254194646
230.0,14.890747470060363,11.387730296983852,8.391480137800052,0.9691451332151924,0.6287556207897903,1088.289665515468,29.984626944659826,2.3711116300174657
230.0,14.91605237244472,11.380825447602954,8.394793930138988,0.9690098048521011,0.6278049121944619,1088.1402033871939,30.015720162360942,2.3699281117622273
230.0,14.941350388936922,11.3739246814397,8.39810422249645,0.9688744764890098,0.6268576775617368,1087.9907445394274,30.04681639299964,2.368745570279348
230.0,14.966641520585641,11.36702799552238,8.401411033428609,0.9687391481259187,0.6259138981912421,1087.8412889711853,30.077915636907207,2.3675640051914093
230.0,14.991925768440142,11.360135386902774,8.404714381400751,0.9686038197628274,0.6249735555164007,1087.6918366814868,30.10901789442053,2.3663834161171757
230.0,15.017203133567795,11.353246852643567,8.408014284788528,0.9684684913997361,0.6240366311032467,1087.542387669352,30.140123165886422,2.365203802671901
230.0,15.042473617015705,11.346362389761852,8.411310761873978,0.9683331630366449,0.6231031066492564,1087.392941933798,30.171231451657942,2.364025164467403
230.0,15.067737219860778,11.33948199535063,8.414603830853373,0.9681978346735536,0.6221729639821593,1087.2434994738458,30.202342752096765,2.3628475011119705
230.0,15.092993943156152,11.332605666401408,8.417893509828389,0.9680625063104623,0.6212461850588025,1087.0940602885144,30.233457067572743,2.3616708122113423
230.0,15.118243787983731,11.325733400009218,8.421179816817158,0.967927177947371,0.620322751964007,1086.9446243768245,30.264574398462617,2.360495097366056
230.0,15.143486755391807,11.31886519319338,8.424462769745347,0.9677918495842798,0.6194026469094215,1086.795191737792,30.295694745149692,2.3593203561750866
230.0,15.168722846467272,11.312001043019855,8.427742386453389,0.9676565212211885,0.6184858522324209,1086.6457623704434,30.326818108027762,2.358146588233647
230.0,15.193952062284872,11.305140946544705,8.431018684694138,0.9675211928580972,0.6175723503949954,1086.4963362737935,30.35794448749582,2.3569737931333674
230.0,15.219174403929635,11.29828490080588,8.434291682132411,0.967385864495006,0.6166621239826535,1086.3469134468655,30.38907388396134,2.3558019704630597
230.0,15.244389872464613,11.291432902865026,8.437561396348102,0.9672505361319147,0.6157551557033426,1086.1974938886797,30.420206297839176,2.354631119808814
230.0,15.26959846898213,11.284584949771657,8.440827844833997,0.9671152077688234,0.6148514283863722,1086.0480775982546,30.451341729551764,2.3534612407532425
230.0,15.294800194571913,11.277741038568289,8.44409104499978,0.9669798794057322,0.6139509249813502,1085.8986645746154,30.482480179529176,2.3522923328765035
230.0,15.319995050310865,11.270901166313093,8.447351014168916,0.9668445510426409,0.6130536285571495,1085.74925481678,30.513621648208606,2.35112439575491
230.0,15.345183037294223,11.26406533006086,8.450607769580749,0.9667092226795497,0.6121595223008554,1085.5998483237695,30.54476613603411,2.349957428963385
230.0,15.370364156614318,11.257233526870783,8.453861328392414,0.9665738943164585,0.6112685895167304,1085.4504450946076,30.575913643457994,2.3487914320720296
230.0,15.395538409379498,11.25040575376912,8.457111707674947,0.9664385659533672,0.6103808136252237,1085.3010451283158,30.607064170940383,2.347626404649556
230.0,15.420705796666592,11.24358200781905,8.460358924419168,0.9663032375902759,0.6094961781619351,1085.1516484239144,30.638217718946894,2.346462346259219
230.0,15.445866319588125,11.236762286093455,8.463602995533378,0.9661679092271847,0.6086146667766451,1085.002254980425,30.669374287951968,2.3452992564602866
230.0,15.471019979239777,11.22994658562126,8.46686590011523,0.9660325808640934,0.6077362632322988,1084.8528647968715,30.700533878435948,2.344137134806468
230.0,15.496166776728108,11.223134903475753,8.47023760351513,0.9658972525010021,0.6068609514040624,1084.7034778722723,30.731696490887106,2.342975980843073
230.0,15.521306713159085,11.216327236729462,8.473605760726947,0.9657619241379108,0.6059887152783362,1084.554094205653,30.762862125801192,2.341815794105264
230.0,15.546439789645374,11.209523582485838,8.476970390135264,0.9656265957748196,0.6051195389518069,1084.404713796036,30.794030783680917,2.340656574115298
230.0,15.571566007291228,11.202723937827272,8.480331510031768,0.9654912674117283,0.6042534066304961,1084.2553366424413,30.825202465034355,2.3394983203821687
230.0,15.596685367215127,11.195928299880277,8.483689138619305,0.965355939048637,0.6033903026288364,1084.105962743893,30.856377170379947,2.338341032401746
230.0,15.621797870531976,11.189136665789995,8.487043294010988,0.9652206106855458,0.6025302113687271,1083.9565920994137,30.887554900240087,2.3371847096626603
230.0,15.646903518357128,11.182349032709997,8.490393994233614,0.9650852823224545,0.6016731173786369,1083.8072247080243,30.91873565514581,2.3360293516570056
230.0,15.672002311813534,11.175565397778602,8.49374125722877,0.9649499539593633,0.6008190052926683,1083.6578605687503,30.949919435634175,2.3348749578905945
230.0,15.697094252019822,11.168785758077204,8.497085100852466,0.9648146255962721,0.5999678598496956,1083.5084996806113,30.981106242249748,2.333721527892091
230.0,15.722179340101109,11.162010110711185,8.500425542883022,0.9646792972331808,0.5991196658924465,1083.3591420426333,31.012296075544196,2.332569061210567
230.0,15.747257577184214,11.155238452664777,8.503762601009562,0.9645439688700895,0.5982744083666296,1083.209787653837,31.043488936074606,2.3314184932007067
230.0,15.772328964393362,11.148470781016947,8.50709629284355,0.9644086405069983,0.59743207232007,1083.0604365132456,31.07468482440677,2.3302701919350297
230.0,15.79739350287415,11.141707092766211,8.510426635907606,0.964273312143907,0.5965926429018416,1082.9110886198855,31.105883741113182,2.32912286896951
230.0,15.822451193742081,11.134947384948019,8.513753647640677,0.9641379837808157,0.5957561053614057,1082.7617439727746,31.137085686770416,2.3279765237472287
230.0,15.847502038135454,11.128191654611049,8.517077345396238,0.9640026554177245,0.5949224450477819,1082.612402570938,31.16829066196452,2.3268311556970174
230.0,15.872546037197859,11.121439898809877,8.520397746443379,0.9638673270546332,0.5940916474086885,1082.4630644134018,31.199498667287486,2.325686764236321
230.0,15.897583192051798,11.114692078276518,8.52371486054853,0.9637319986915419,0.5932636979897523,1082.3137294991836,31.23070970333763,2.3245433681907786
230.0,15.922613503851146,11.107948260346426,8.527028720222937,0.9635966703284506,0.5924385824336407,1082.1643978273103,31.26192377072001,2.3234009281974637
230.0,15.94763697373487,11.101208408263481,8.530339334473254,0.9634613419653594,0.5916162864792834,1082.0150693968053,31.293140870047086,2.322259462971946
230.0,15.972653602852523,11.094472519125457,8.533646720245734,0.9633260136022681,0.5907967959610525,1081.8657442066917,31.324361001936083,2.3211189719059733
230.0,15.997663392339796,11.087740590047966,8.536950894405763,0.9631906852391768,0.5899800968079824,1081.7164222559907,31.355584167012328,2.3199794543893724
230.0,16.022666343346685,11.081012618113755,8.540251873735073,0.9630553568760856,0.5891661750429645,1081.5671035437272,31.38681036590687,2.318840909811226
230.0,16.047662457023634,11.074288600422083,8.543549674935889,0.9629200285129944,0.5883550167819827,1081.4177880689235,31.41803959925812,2.317703337558824
230.0,16.072651734534727,11.06756853408699,8.546844314630412,0.9627847001499031,0.587546608233316,1081.268475830606,31.449271867709587,2.316566737017298
230.0,16.097634177019447,11.060852416213022,8.550135809361912,0.9626493717868119,0.5867409356968154,1081.1191668277936,31.48050717191243,2.3154311075702987
230.0,16.122609785629884,11.054140243896635,8.553424175593683,0.9625140434237206,0.5859379855631041,1080.969861059511,31.511745512522992,2.3142964485995146
230.0,16.14757856153652,11.047432014272035,8.556709429712143,0.9623787150606293,0.5851377443128535,1080.820558524783,31.54298689020525,2.313162759484282
230.0,16.172540505890698,11.040727724410589,8.559991588024154,0.9622433866975381,0.5843401985160419,1080.6712592226309,31.57423130562878,2.3120300396025
230.0,16.197495619858206,11.034027371460247,8.563270666762122,0.9621080583344468,0.5835453348311963,1080.521963152081,31.60547875946988,2.3108982883293376
230.0,16.222443904595078,11.027330952514655,8.566546682079583,0.9619727299713555,0.5827531400046989,1080.3726703121517,31.636729252410586,2.3097675050386015
230.0,16.247385361270158,11.020638464691544,8.569819650054072,0.9618374016082643,0.581963600870032,1080.2233807018695,31.667982785138793,2.3086376891016345
230.0,16.272319991044252,11.013949905110744,8.573089586688305,0.961702073245173,0.5811767043470878,1080.0740943202563,31.69923935834924,2.3075088398878365
230.0,16.29724779509075,11.007265270887025,8.576356507908862,0.9615667448820817,0.580392437441466,1079.9248111663358,31.73049897274403,2.3063809567646274
230.0,16.322168774577303,11.000584559152967,8.579620429568735,0.9614314165189904,0.579610787243747,1079.7755312391303,31.76176162902954,2.305254039097217
230.0,16.347082930678056,10.993907767005004,8.582987797362847,0.9612960881558992,0.5788317409288191,1079.6262545376653,31.793027327918423,2.3041280862492695
230.0,16.37199026456468,10.987234891588054,8.58637659726709,0.961160759792808,0.5780552857552015,1079.4769810609587,31.82429607013007,2.303003097581997
230.0,16.396890777407215,10.98056593000058,8.589762016497055,0.9610254314297167,0.5772814090643368,1079.327710808038,31.85556785639022,2.301879072454958
230.0,16.42178447038017,10.973900879377615,8.593144072269297,0.9608901030666255,0.576510098279953,1079.1784437779233,31.886842687429937,2.3007560102255273
230.0,16.446671344666182,10.967239736850402,8.596522781718733,0.9607547747035342,0.575741340907367,1079.0291799696383,31.918120563987067,2.2996339102491334
230.0,16.471551401450483,10.960582499558909,8.599898161901763,0.9606194463404429,0.5749751245328324,1078.8799193822074,31.94940148680447,2.2985127718792557
230.0,16.496424641897978,10.953929164615207,8.603270229791,0.9604841179773517,0.5742114368229053,1078.730662014648,31.980685456630933,2.2973925944676616
230.0,16.521291067213415,10.94727972912289,8.606639002281753,0.9603487896142604,0.5734502655237752,1078.5814078659885,32.01197247422319,2.296273377364213
230.0,16.54615067856513,10.940634190263172,8.610004496191507,0.9602134612511691,0.5726915984606331,1078.4321569352494,32.043262540341864,2.2951551199162776
230.0,16.57100347713813,10.933992545137775,8.613366728257311,0.9600781328880779,0.5719354235370342,1078.2829092214515,32.07455565575331,2.2940378214701185
230.0,16.595849464122356,10.927354790889765,8.616725715138521,0.9599428045249866,0.5711817287342742,1078.133664723617,32.10585182123081,2.292921481369668
230.0,16.620688640712945,10.920720924647272,8.620081473417414,0.9598074761618953,0.5704305021107534,1077.9844234407706,32.13715103755295,2.2918060989570486
230.0,16.645521008095294,10.914090943572305,8.623434019599024,0.959672147798804,0.5696817318013929,1077.8351853719316,32.16845330550449,2.29069167357233
230.0,16.67034656746134,10.907464844765641,8.62678337011063,0.9595368194357128,0.5689354060169819,1077.6859505161246,32.199758625876115,2.2895782045543482
230.0,16.69516532000564,10.900842625383953,8.630129541304804,0.9594014910726215,0.5681915130436,1077.53671887237,32.23106699946325,2.288465691239545
230.0,16.71997726692386,10.894224282579268,8.633472549457665,0.9592661627095304,0.5674500412420121,1077.387490439689,32.26237842706794,2.287354132962447
230.0,16.74478240940094,10.887609813463587,8.636812410768535,0.9591308343464391,0.5667109790470661,1077.2382652171032,32.29369290949651,2.2862435290561387
230.0,16.769580748657287,10.880999215192402,8.640149141364041,0.9589955059833478,0.5659743149671297,1077.0890432036372,32.32501044756479,2.285133878851795
230.0,16.794372285875827,10.874392484909354,8.643482757294365,0.9588601776202565,0.565240037583478,1076.9398243983094,32.35633104208979,2.2840251816785484
230.0,16.819157022259606,10.867789619781004,8.646813274537521,0.9587248492571653,0.564508135549727,1076.790608800141,32.38765469389503,2.2829174368636496
230.0,16.843934959011747,10.861190616918263,8.650140708994861,0.958589520894074,0.5637785975912791,1076.6413964081548,32.41898140381222,2.2818106437329786
230.0,16.86870609733291,10.85459547348867,8.653465076496481,0.9584541925309827,0.5630514125047459,1076.4921872213688,32.450311172676365,2.2807048016102907
230.0,16.893470438433962,10.848004186636457,8.6567863927962,0.9583188641678915,0.5623265691573682,1076.3429812388085,32.48164400132883,2.2795999098178505
230.0,16.91822798352167,10.841416753499729,8.660104673576697,0.9581835358048002,0.5616040564864981,1076.1937784594925,32.51297989061682,2.278495967676085
230.0,16.94297873379968,10.83483317126771,8.663419934447582,0.9580482074417089,0.5608838634990213,1076.044578882441,32.544318841391075,2.2773929745038326
230.0,16.967722690474613,10.828253437073855,8.666732190942213,0.9579128790786177,0.5601659792708161,1075.8953825066744,32.575660854509366,2.276290929618688
230.0,16.99245985476561,10.821677548077474,8.670041458521723,0.9577775507155264,0.5594503929462354,1075.7461893312145,32.60700593083702,2.2751898323371584
230.0,17.017190227876753,10.815105501458287,8.673362393269883,0.9576422223524351,0.5587370937375439,1075.5969993550798,32.638354071240585,2.2740896819742176
230.0,17.041913811026813,10.808537294392227,8.676684034557226,0.9575068939893439,0.5580260709243924,1075.447812577292,32.669705276594364,2.2729904778446386
230.0,17.0666306054198,10.80197292404368,8.680002751755922,0.9573715656262527,0.5573173138533174,1075.2986289968692,32.70105954777799,2.271892219262509
230.0,17.091340612283425,10.79541238762701,8.683318559963638,0.9572362372631614,0.5566108119372015,1075.1494486128317,32.7324168856762,2.2707949055414978
230.0,17.116043832832574,10.78885568228825,8.686631474199721,0.9571009089000702,0.5559065546547537,1075.0002714241998,32.76377729117921,2.269698535995791
230.0,17.14074026828058,10.78230280525414,8.68994150941404,0.9569655805369789,0.5552045315500129,1074.8510974299943,32.795140765182396,2.268603109938905
230.0,17.165429919850304,10.775753753692157,8.693248680476337,0.9568302521738876,0.5545047322318338,1074.701926629232,32.82650730858604,2.267508626684586
230.0,17.190112788761855,10.769208524756428,8.696598824175553,0.9566949238107963,0.5538071463733939,1074.5527590209326,32.85787692229652,2.2664150855461074
230.0,17.214788876240178,10.762667115598896,8.700028748654908,0.9565595954477051,0.5531117637116917,1074.403594604115,32.889249607224684,2.2653224858364105
230.0,17.23945818350725,10.756129523273188,8.703455443695816,0.9564242670846138,0.5524185740470541,1074.2544333777994,32.92062536428734,2.2642308268683
230.0,17.264120711783544,10.74959574482152,8.706878925372166,0.9562889387215225,0.5517275672426517,1074.1052753410024,32.95200419440625,2.2631401079535953
230.0,17.28877646230124,10.743065777235707,8.710299209677423,0.9561536103584313,0.551038733224018,1073.956120492744,32.98338609850789,2.2620503284025766
230.0,17.313425436282753,10.736539617497877,8.713716312571187,0.95601828199534,0.550352061978571,1073.806968832041,33.01477107752471,2.2609614875210933
230.0,17.338067634961753,10.730017262828198,8.717130250080793,0.9558829536322487,0.5496675435551266,1073.657820357913,33.046159132392894,2.259873584603136
230.0,17.362703059562744,10.723498710725163,8.720541038337032,0.9557476252691575,0.5489851680634614,1073.5086750693772,33.07755026405646,2.258786618928159
230.0,17.387331711314097,10.716983958785528,8.7239486934768,0.9556122969060662,0.5483049256738071,1073.3595329654515,33.10894447346105,2.257700589767264
230.0,17.41195359145604,10.71047300454628,8.727353231467276,0.955476968542975,0.5476268066164188,1073.2103940451507,33.140341761559775,2.2566154963949407
230.0,17.436568701220526,10.703965845274599,8.730754668024339,0.9553416401798838,0.5469508011811093,1073.0612583074974,33.171742129310566,2.25553133809529
230.0,17.461177041835786,10.69746247805905,8.734153018670767,0.9552063118167925,0.5462768997167934,1072.9121257515044,33.20314557767605,2.254448114160053
230.0,17.485778614532947,10.690962899934798,8.737548298827292,0.9550709834537012,0.5456050926310404,1072.762996376188,33.23455210762279,2.2533658238822665
230.0,17.51037342056781,10.684467107930036,8.740940523855677,0.95493565509061,0.5449353703896386,1072.61387018057,33.265961720124814,2.2522844665536086
230.0,17.534961461159064,10.677975099130103,8.744329709072261,0.9548003267275187,0.5442677235161367,1072.4647471636617,33.297374416157865,2.251204041463248
230.0,17.55954273755498,10.67148687064823,8.747715869746948,0.9546649983644274,0.5436021425914352,1072.315627324481,33.328790196706066,2.2501245478982304
230.0,17.584117250994517,10.665002419633481,8.751099021092983,0.9545296700013362,0.5429386182533283,1072.1665106620446,33.36020906275665,2.249045985143286
230.0,17.608685002714918,10.658521743275855,8.754479178265257,0.9543943416382449,0.5422771411960822,1072.017397175368,33.391631015301684,2.247968352481382
230.0,17.63324599396147,10.652044838726042,8.75785635634628,0.9542590132751536,0.5416177021700139,1071.8682868634667,33.4230560553379,2.246891649195368
230.0,17.657800225982964,10.64557170320026,8.761230570353632,0.9541236849120623,0.5409602919810758,1071.719179725356,33.45448418386839,2.2458158745662327
230.0,17.682347700012027,10.639102333845901,8.764601835231424,0.9539883565489711,0.5403049014904352,1071.5700757600505,33.4859154018995,2.2447410278747766
230.0,17.706888417301105,10.632636727907393,8.767970165857719,0.9538530281858798,0.5396515216140475,1071.4209749665674,33.51734971044414,2.2436671084005733
230.0,17.731422379088254,10.626174882590806,8.771335577034208,0.9537176998227885,0.5390001433222638,1071.2718773439183,33.5487871105177,2.24259411542326
230.0,17.755949586638884,10.619716795098118,8.774698083497356,0.9535823714596974,0.5383507576394184,1071.1227828911187,33.58022760314196,2.2415220482214213
230.0,17.78047004118554,10.61326246264625,8.778057699914775,0.9534470430966061,0.5377033556434321,1070.9736916071845,33.61167118934425,2.240450906073288
230.0,17.804983743982017,10.60681188248577,8.781414440896775,0.9533117147335148,0.5370579284653931,1070.8246034911283,33.64311787015422,2.2393806882562743
230.0,17.829490696278885,10.600365051831778,8.784768320987105,0.9531763863704236,0.5364144672892016,1070.6755185419615,33.67456764660842,2.238311394047106
230.0,17.853990899332985,10.593921967947976,8.788119354687055,0.9530410580073323,0.5357729633511323,1070.5264367587026,33.70602051974712,2.237243022720325
230.0,17.87848435438998,10.587482628084663,8.791467556443436,0.952905729644241,0.5351334079394805,1070.3773581403625,33.73747649061583,2.2361755735491755
230.0,17.90297106270887,10.581047029517395,8.794812940652982,0.9527704012811498,0.5344957923941511,1070.2282826859541,33.76893556026434,2.235109045804663
230.0,17.927451025540382,10.574615169503826,8.79815552166788,0.9526350729180585,0.5338601081063161,1070.0792103944896,33.80039772974755,2.234043438755571
230.0,17.951924244145527,10.568187045302327,8.8014953137832,0.9524997445549672,0.5332263465179798,1069.9301412649827,33.831863000123725,2.232978751668787
230.0,17.976390719774365,10.561762654169089,8.80483233123492,0.952364416191876,0.5325944991216623,1069.7810752964444,33.86333137245756,2.231914983808703
230.0,18.000850453682766,10.555341993376311,8.80816658820001,0.9522290878287847,0.5319645574599873,1069.6320124878869,33.8948028478177,2.2308521344390546
230.0,18.025303447146342,10.548925060174403,8.81149809878535,0.9520937594656934,0.5313365131253305,1069.4829528383243,33.92627742727672,2.2297902028211625
230.0,18.049749701402114,10.542511851840638,8.814931412270262,0.9519584311026021,0.5307103577594606,1069.3338963467654,33.95775511191289,2.2287291882164473
230.0,18.07418921772562,10.536102365619032,8.818383295664987,0.9518231027395109,0.5300860830531647,1069.1848430122216,33.98923590280783,2.227669089885214
230.0,18.09862199737117,10.529696598798989,8.821832083716217,0.9516877743764197,0.5294636807458907,1069.0357928337053,34.02071980104865,2.2266099070872114
230.0,18.123048041606022,10.523294548636322,8.825277791679568,0.9515524460133284,0.5288431426254016,1068.8867458102275,34.05220680772702,2.2255516390821355
230.0,18.147467351694853,10.516896212399338,8.828720434735637,0.9514171176502372,0.5282244605274221,1068.737701940797,34.08369692393817,2.22449428512969
230.0,18.17187992889464,10.510501587366498,8.832160027985452,0.9512817892871459,0.5276076263352805,1068.5886612244244,34.115190150783434,2.223437844489683
230.0,18.196285774477943,10.504110670795486,8.835596586446428,0.9511464609240546,0.5269926319795648,1068.4396236601203,34.14668648936606,2.2223823164226886
230.0,18.220684889702277,10.4977234599048,8.839030125050655,0.9510111325609634,0.5263794694377958,1068.290589246893,34.178185940797384,2.2213277001900087
230.0,18.24507727584146,10.491339951918617,8.84246065864432,0.9508758041978721,0.5257681307340583,1068.1415579837526,34.209688506189686,2.2202739950541748
230.0,18.26946293416679,10.48496014403334,8.845888201993255,0.9507404758347808,0.5251586079386847,1067.9925298697106,34.24119418666196,2.219221200277293
230.0,18.29384186593592,10.478584033435862,8.849312769790977,0.9506051474716896,0.5245508931679245,1067.8435049037703,34.272702983336266,2.2181693151214525
230.0,18.318214072433264,10.47221161732953,8.852734376674064,0.9504698191085983,0.5239449785835878,1067.6944830849466,34.304214897340344,2.2171183388466535
230.0,18.342579554915577,10.465842892917527,8.856153037224935,0.950334490745507,0.5233408563927525,1067.5454644122426,34.33572992980475,2.216068270711216
230.0,18.36693831466198,10.459477857435667,8.85956876598948,0.9501991623824158,0.5227385188474015,1067.396448884668,34.36724808186611,2.215019109970146
230.0,18.391290352935492,10.453116508137558,8.862981577463458,0.9500638340193245,0.5221379582441298,1067.247436501231,34.39876935466394,2.2139708558766755
230.0,18.415635671033115,10.446758842269492,8.866391486101172,0.9499285056562332,0.5215391669238089,1067.0984272609403,34.4302937493437,2.212923507681618
230.0,18.43997427020155,10.440404857124165,8.869798506305443,0.949793177293142,0.5209421372712667,1066.9494211627987,34.46182126705248,2.211877064633971
230.0,18.464306151730792,10.434054549960843,8.873202652418087,0.9496578489300508,0.5203468617149913,1066.8004182058169,34.493351908945236,2.2108315259826417
230.0,18.488631316887663,10.42770791807248,8.87660393872406,0.9495225205669595,0.5197533327268001,1066.6514183889985,34.52488567617806,2.209786890975068
230.0,18.51294976695448,10.42136495873299,8.880002379447262,0.9493871922038682,0.5191615428215365,1066.5024217113516,34.556422569913586,2.2087431588584074
230.0,18.537261503208725,10.415025669189028,8.883397988738643,0.949251863840777,0.5185714845567665,1066.3534281718814,34.58796259131703,2.2077003288799606
230.0,18.56156652693093,10.408690046733398,8.886790780693154,0.9491165354776857,0.5179831505324703,1066.2044377695945,34.619505741558925,2.206658400285847
230.0,18.585864839394315,10.402358088640419,8.89018076933771,0.9489812071145944,0.5173965333907514,1066.0554505034945,34.651052021814074,2.205617372322256
230.0,18.610156441882552,10.396029792181858,8.893567968634265,0.9488458787515032,0.516811625815521,1065.9064663725874,34.68260143326071,2.204577244235082
230.0,18.6344413356743,10.389705154618014,8.896952392485325,0.9487105503884119,0.5162284205322107,1065.757485375876,34.714153977081416,2.203538015269558
230.0,18.6587195220533,10.383384173229198,8.900334054719053,0.9485752220253206,0.5156469103074789,1065.6085075123683,34.74570965446377,2.2024996846710136
230.0,18.68299100230031,10.377066845306022,8.903712969116725,0.9484398936622294,0.5150670879489283,1065.4595327810644,34.777268466599075,2.201462251683376
230.0,18.70725577769652,10.370753168112508,8.90708914938402,0.9483045652991381,0.5144889463048025,1065.310561180971,34.80883041468317,2.2004257155514053
230.0,18.731513849532156,10.364443138953966,8.910462609174907,0.9481692369360468,0.513912478263689,1065.1615927110886,34.840395499913626,2.1993900755179854
230.0,18.755765219086186,10.35813675509749,8.913833362077632,0.9480339085729557,0.5133376767542781,1065.0126273704227,34.87196372349624,2.1983553308264736
230.0,18.78000988764681,10.35183401383686,8.91720142162044,0.9478985802098644,0.51276453474504,1064.8636651579757,34.90353508663757,2.1973214807194204
230.0,18.804247856487258,10.345534912485155,8.92056680127785,0.9477632518467731,0.5121930452439581,1064.7147060727461,34.935109590549374,2.196288524438373
230.0,18.82847912692085,10.339239448307064,8.923929514457797,0.9476279234836819,0.5116232012982603,1064.5657501137425,34.96668723644936,2.1952564612251155
230.0,18.852703700213358,10.332947618618979,8.927289574513985,0.9474925951205906,0.5110549959941402,1064.4167972799626,34.998268025556456,2.1942252903204578
230.0,18.876921577660813,10.32665942072618,8.930678926816718,0.9473572667574993,0.5104884224564747,1064.267847570408,35.02985195909418,2.193195010964534
230.0,18.90113276055023,10.320374851899993,8.934157484627676,0.947221938394408,0.5099234738485653,1064.1189009840812,35.0614390382916,2.192165622397474
230.0,18.925337250175478,10.314093909482065,8.93763305366884,0.9470866100313168,0.5093601433718694,1063.9699575199816,35.093029264380505,2.191137123858134
230.0,18.949535047825872,10.307816590749972,8.941105648393304,0.9469512816682255,0.508798424265738,1063.8210171771093,35.12462263859783,2.190109514585492
230.0,18.97372615479,10.30154289302523,8.944575283194325,0.9468159533051342,0.5082383098071337,1063.6720799544667,35.15621916218314,2.189082793817524
230.0,18.997910572361945,10.295272813603203,8.948041972402251,0.946680624942043,0.5076797933103966,1063.5231458510518,35.18781883638081,2.188056960791994
230.0,19.022088301834092,10.289006349818173,8.951505730286705,0.9465452965789517,0.5071228681269635,1063.3742148658644,35.21942166243924,2.1870320147458764
230.0,19.04625934449792,10.282743498947134,8.954966571053973,0.9464099682158604,0.5065675276451256,1063.2252869979034,35.251027641610825,2.1860079549159095
230.0,19.07042370164953,10.27648425834652,8.958424508852325,0.9462746398527692,0.5060137652897635,1063.0763622461661,35.282636775150664,2.184984780537919
230.0,19.09458137458533,10.27022862530326,8.961879557765783,0.9461393114896779,0.5054615745221005,1062.9274406096554,35.31424906432098,2.183962490847684
230.0,19.118732364602387,10.263976597153018,8.965331731822502,0.9460039831265867,0.5049109488394526,1062.7785220873645,35.345864510384274,2.1829410850798943
230.0,19.142876672988905,10.25772817122798,8.968781044988887,0.9458686547634955,0.5043618817749784,1062.6296066782918,35.3774831146085,2.181920562469076
230.0,19.167014301052763,10.25148334485656,8.972227511171369,0.9457333264004042,0.5038143668974299,1062.4806943814372,35.40910487826649,2.180900922249083
230.0,19.191145250084922,10.24524211536628,8.975671144217003,0.9455979980373129,0.5032683978109112,1062.3317851957959,35.44072980263301,2.1798821636531085
230.0,19.215269521379398,10.239004480121054,8.979111957919002,0.9454626696742217,0.5027239681546364,1062.1828791203645,35.47235788898767,2.1788642859140057
230.0,19.239387116239367,10.232770436461541,8.982549966007142,0.9453273413111304,0.5021810716026979,1062.0339761541395,35.50398913861568,2.177847288263669
230.0,19.26349803597115,10.226539981731824,8.985985182156448,0.9451920129480391,0.5016397018638047,1061.8850762961167,35.535623552803195,2.1768311699341836
230.0,19.287602281873898,10.220313113331017,8.989417619987655,0.9450566845849478,0.5010998526810629,1061.7361795452935,35.567261132841544,2.17581593015599
230.0,19.311699855231716,10.214089828639084,8.992847293061438,0.9449213562218566,0.5005615178317556,1061.5872859006613,35.59890188002538,2.174801568159793
230.0,19.335790757359863,10.207870125032125,8.996274214882426,0.9447860278587653,0.5000246911270718,1061.4383953612185,35.630545795655,2.173788083175569
230.0,19.359874989565984,10.20165399995053,8.999698398903895,0.944650699495674,0.4994893664119125,1061.2895079259567,35.662192881032645,2.172775474432622
230.0,19.3839525531435,10.195441450785093,9.00311985851856,0.9445153711325828,0.49895553756463196,1061.1406235938725,35.6938431374635,2.1717637411601376
230.0,19.40802344939783,10.18923247497366,9.006538607068471,0.9443800427694915,0.4984231984968425,1060.991742363959,35.725496566259764,2.17075288258699
230.0,19.432087679639682,10.183027069972173,9.009954657836857,0.9442447144064003,0.4978923431531629,1060.8428642352098,35.75715316873483,2.1697428979416977
230.0,19.456145245165526,10.176825233176856,9.013368024050735,0.9441093860433091,0.49736296551100984,1060.6939892066166,35.78881294620641,2.168733786453303
230.0,19.4801961472857,10.170626962061613,9.01677871888409,0.9439740576802178,0.4968350595803673,1060.5451172771727,35.82047589999659,2.1677255473502863
230.0,19.50424038729921,10.164432254020879,9.02018675544901,0.9438387293171265,0.4963086194035718,1060.3962484458712,35.852142031430276,2.1667181798621535
230.0,19.528277966518477,10.158241106484551,9.02359214680277,0.9437034009540353,0.495783639055098,1060.2473827117012,35.88381134183676,2.1657116832184227
230.0,19.552308886249214,10.152053461622813,9.026979539831594,0.943568072590944,0.49526011264133873,1060.0985200736575,35.91548383254948,2.164695399713419
230.0,19.57633314780131,10.145869425475565,9.03037815401212,0.9434327442278527,0.4947380343003728,1059.94966053073,35.94715950490361,2.1636907017839326
230.0,19.600350752482562,10.13968894124142,9.033774160520757,0.9432974158647615,0.49421739820180344,1059.8008040819097,35.97883836024118,2.1626868729205078
230.0,19.62436170160778,10.133512006333511,9.037167572252137,0.9431620875016702,0.4936981985464807,1059.6519507261876,36.01052039990533,2.1616839123472853
230.0,19.648365996477008,10.127338618072372,9.040558402041633,0.9430267591385789,0.49318042956635283,1059.5031004625514,36.042205625243305,2.160681819289293
230.0,19.672363638400732,10.12116877384305,9.043946662676625,0.9428914307754876,0.4926640855242085,1059.3542532899924,36.073894037606905,2.159680592970371
230.0,19.696354628696888,10.115002471038737,9.047357170567786,0.9427561024123964,0.4921491607135044,1059.2054092075,36.10558563835111,2.1586802326141985
230.0,19.720338968666567,10.108839706978756,9.05086214459643,0.9426207740493051,0.49163564945815447,1059.0565682140623,36.13728042883436,2.1576807374449434
230.0,19.744316659635007,10.10268047910413,9.054364225468312,0.9424854456862138,0.4911235461123182,1058.9077303086692,36.16897841042001,2.1566821066851123
230.0,19.76828770290546,10.096524784723096,9.057863427004946,0.9423501173231226,0.49061284506019537,1058.758895490307,36.20067958447288,2.155684339558611
230.0,19.79225209979333,10.090372621279577,9.06135976297601,0.9422147889600314,0.490103540715854,1058.610063757963,36.23238395236162,2.1546874352877023
230.0,19.816209851620048,10.08422398610938,9.064853247086496,0.9420794605969401,0.4895956275229973,1058.4612351106282,36.26409151546162,2.1536913930950425
230.0,19.840160959677473,10.078078876617273,9.068343892990178,0.9419441322338489,0.48908909995479904,1058.3124095472838,36.29580227514795,2.1526962122031463
230.0,19.864105425308942,10.071937290184577,9.071831714281082,0.9418088038707576,0.4885839525136793,1058.163587066921,36.327516232801045,2.151701891833852
230.0,19.888043249810412,10.06579922420509,9.075316724496354,0.9416734755076663,0.488080179731135,1058.0147676685242,36.35923338980555,2.150708431209243
230.0,19.911974434508682,10.059664676051428,9.078798937115522,0.9415381471445751,0.4875777761675452,1057.8659513510788,36.39095374754899,2.149715829551031
230.0,19.935898980710878,10.053533643125514,9.082278365564278,0.9414028187814838,0.4870767364119585,1057.7171381135713,36.422677307422006,2.148724086080827
230.0,19.95981688974492,10.047406122802272,9.085755023211448,0.9412674904183925,0.48657705508193116,1057.5683279549858,36.454404070819315,2.147733200019943
230.0,19.983728162918464,10.041282112515832,9.089228923369973,0.9411321620553013,0.4860787268233317,1057.4195208743063,36.48613403913877,2.146743170589149
230.0,20.00763280155465,10.035161609630771,9.09270007929723,0.94099683369221,0.4855817463101497,1057.2707168705178,36.51786721378222,2.145753997009772
230.0,20.031530806967915,10.029044611552267,9.096168504194658,0.9408615053291187,0.48508610824431625,1057.121915942603,36.5496035961549,2.144765678502693
230.0,20.055422180485206,10.022931115695057,9.099634211213413,0.9407261769660274,0.48459180735551893,1056.9731180895467,36.58134318766565,2.1437782142879365
230.0,20.079306923418642,10.016821119436633,9.103097213441664,0.9405908486029362,0.48409883840101814,1056.8243233103308,36.61308598972624,2.1427916035868613
230.0,20.10318503708981,10.010714620222965,9.106557523922767,0.940455520239845,0.4836071961654809,1056.6755316039373,36.64483200375296,2.1418058456190305
230.0,20.127056522828937,10.00461161542976,9.110015155638699,0.9403201918767538,0.4831168754607838,1056.5267429693502,36.67658123116556,2.1408209396050264
230.0,20.1509213819395,9.998512102476079,9.113470121521509,0.9401848635136625,0.48262787112584243,1056.3779574055486,36.70833367338452,2.139836884764916
230.0,20.174779615762755,9.99241607876823,9.116922434448028,0.9400495351505712,0.482140178026447,1056.2291749115159,36.74008933183847,2.138853680318677
230.0,20.198631225607247,9.98632354172749,9.120372107243654,0.9399142067874799,0.481653791055069,1056.080395486231,36.77184820795572,2.1378713254860764
230.0,20.222476212799624,9.980234488748819,9.123819152677669,0.9397788784243887,0.4811687051307021,1055.9316191286769,36.8036103031695,2.1368898194871284
230.0,20.246314578667135,9.974148917298653,9.127263583472342,0.9396435500612974,0.48068491519868034,1055.7828458378322,36.83537561891672,2.135909161540874
230.0,20.270146324527712,9.968066824750379,9.13070541229105,0.9395082216982061,0.4802024162305246,1055.634075612675,36.867144156636314,2.1349293508674245
230.0,20.293971451705097,9.961988208541156,9.134144651749324,0.9393728933351149,0.4797212032237502,1055.4853084521867,36.89891591777307,2.133950386686076
230.0,20.317789961531535,9.955913066112567,9.137581314409552,0.9392375649720236,0.4792412712017193,1055.3365443553457,36.93069090377264,2.1329722682161196
230.0,20.341601855323912,9.949841394856975,9.141015412781186,0.9391022366089323,0.47876261521345975,1055.1877833211288,36.96246911608568,2.131994994677125
230.0,20.365407134412305,9.943773192222398,9.144446959322877,0.9389669082458411,0.4782852303335123,1055.039025348515,36.994250556165404,2.131018565288138
230.0,20.389205800129922,9.937708455655544,9.147875966446456,0.9388315798827498,0.4778091116617556,1054.890270436484,37.02603522546938,2.130042979268419
230.0,20.412997853782997,9.931647182552222,9.15130244650544,0.9386962515196585,0.4773342543232593,1054.7415185840066,37.057823125457354,2.1290682358373245
230.0,20.436783296722098,9.925589370389854,9.154726411808241,0.9385609231565673,0.47686065346809575,1054.5927697900668,37.089614257593524,2.128094334213622
230.0,20.460562130261362,9.919535016563096,9.158147874610925,0.9384255947934761,0.47638830427121476,1054.4440240536362,37.12140862334531,2.1271212736169174
230.0,20.48433435573034,9.913484118517147,9.16156684711705,0.9382902664303848,0.47591720193225323,1054.2952813736913,37.15320622418187,2.126149053265971
230.0,20.508099974462315,9.907436673720277,9.1649833414873,0.9381549380672936,0.475447341675392,1054.1465417492088,37.18500706157866,2.1251776723797993
230.0,20.5318589877896,9.901392679599082,9.168477141020269,0.9380196097042023,0.4749787187492062,1053.9978051791638,37.21681113701189,2.1242071301775542
230.0,20.55561139702946,9.895352133602,9.172008321401883,0.937884281341111,0.4745113284264948,1053.8490716625295,37.248618451962265,2.123237425878293
230.0,20.579357203514054,9.889315033167412,9.175536712221167,0.9377489529780197,0.4740451660041327,1053.7003411982776,37.28042900791326,2.1222685587010064
230.0,20.603096408584044,9.883281375761838,9.17906232661273,0.9376136246149285,0.473580226802928,1053.5516137853876,37.312242806353005,2.121300527864592
230.0,20.626829013560787,9.877251158817723,9.182585177652292,0.9374782962518372,0.47311650616744416,1053.4028894228272,37.344059848770286,2.1203333325885314
230.0,20.65055501978472,9.871224379801875,9.186105278368892,0.9373429678887459,0.47265399946588227,1053.2541681095734,37.37588013666061,2.1193669720916
230.0,20.674274428576677,9.865201036158107,9.189622641733173,0.9372076395256547,0.47219270208990893,1053.1054498445963,37.40770367152032,2.118401445593057
230.0,20.697987241270468,9.859181125363946,9.193137280666711,0.9370723111625634,0.4717326094545105,1052.9567346268666,37.43953045484955,2.1174367523118964
230.0,20.721693459206893,9.853164644854798,9.196649208033868,0.9369369827994721,0.47127371699785725,1052.808022455358,37.47136048815207,2.116472891467486
230.0,20.74539308371894,9.847151592112628,9.200158436650518,0.9368016544363809,0.4708160201811452,1052.659313329041,37.50319377293495,2.115509862279093
230.0,20.769086116132737,9.84114196458951,9.203664979279573,0.9366663260732897,0.4703595144884578,1052.5106072468845,37.53503031070857,2.1145476639658307
230.0,20.792772557777987,9.835135759769491,9.207168848632435,0.9365309977101983,0.4699041954266161,1052.3619042078587,37.56687010298465,2.113586295747076
230.0,20.816452410012037,9.829132975096089,9.21067005736721,0.9363956693471072,0.46945005852504074,1052.2132042109376,37.59871315128285,2.112625756842505
230.0,20.840125674141348,9.823133475858786,9.214168591999261,0.9362603409840159,0.4689970993356151,1052.064507255085,37.63055945712077,2.111666049570769
230.0,20.863792351517304,9.817137523626235,9.217664516892647,0.9361250126209246,0.4685453134325338,1051.9158133392725,37.6624090220228,2.110707166938729
230.0,20.887452443472444,9.811144983985589,9.221157818842393,0.9359896842578334,0.46809469641216594,1051.7671224624671,37.69426184751442,2.1097491112789495
230.0,20.911105951344073,9.805155854435272,9.224648510306658,0.9358543558947421,0.4676452438929219,1051.6184346236382,37.72611793512604,2.108791881810784
230.0,20.934752876460923,9.799170132434538,9.22813660369119,0.9357190275316508,0.46719695151511326,1051.4697498217508,37.757977286389874,2.1078354777547235
230.0,20.95839322017133,9.793187815454454,9.231622111349928,0.9355836991685595,0.4667498149408134,1051.321068055774,37.78983990284274,2.106879898330607
230.0,20.98202698380448,9.787208901002595,9.235105045590927,0.9354483708054683,0.46630382985372065,1051.1723893246735,37.821705786022946,2.10592514275865
230.0,21.00565416870557,9.781233386538545,9.238585418671263,0.935313042442377,0.4658589919590374,1051.023713627416,37.853574937474185,2.104971210259091
230.0,21.029274776201397,9.7752612695861,9.242083786424246,0.9351777140792857,0.4654152969833155,1050.8750409629656,37.885447358740976,2.10401810005207
230.0,21.05288880764082,9.769292547602278,9.245581668554635,0.9350423857161945,0.4649727406743394,1050.7263713302896,37.91732305137264,2.103065811358499
230.0,21.07649626435615,9.763327218107813,9.249077035867344,0.9349070573531032,0.464531318800995,1050.5777047283495,37.94920201692069,2.102114343398708
230.0,21.100097147694974,9.757365278561204,9.25256990035416,0.9347717289900119,0.46409102715311973,1050.4290411561128,37.98108425694113,2.101163695394007
230.0,21.12369145899281,9.751406726493808,9.256060273970448,0.9346364006269208,0.46365186154140614,1050.2803806125423,38.01296977299241,2.1002138665647148
230.0,21.14727919958189,9.745451559384268,9.259548168614558,0.9345010722638295,0.46321381779723597,1050.1317230965988,38.044858566634524,2.0992648561321094
230.0,21.170860370810775,9.739499774748861,9.263033596142101,0.9343657439007382,0.4627768917725885,1049.9830686072492,38.07675063943422,2.0983166633175023
230.0,21.194434974022062,9.733551370084161,9.26651656835962,0.934230415537647,0.4623410793398815,1049.834417143453,38.10864599295766,2.0973692873424357
230.0,21.218003010554387,9.727606342879735,9.269997097025119,0.9340950871745557,0.4619063763918692,1049.6857687041734,38.14054462877636,2.0964227274283997
230.0,21.241564481741563,9.721664690659939,9.273475193852498,0.9339597588114644,0.4614727788415097,1049.5371232883697,38.17244654846467,2.0954769827970496
230.0,21.265119388942495,9.715726410925024,9.276950870506091,0.9338244304483732,0.4610402826218241,1049.3884808950074,38.20435175360027,2.0945320526706297
230.0,21.288667733480633,9.709791501204341,9.280424138606044,0.9336891020852819,0.4606088836858115,1049.2398415230407,38.236260245761486,2.093587936270881
230.0,21.31220951671429,9.703859958986369,9.28389500972498,0.9335537737221906,0.4601785780062902,1049.091205171435,38.26817202653371,2.0926446328203676
230.0,21.335744739982115,9.697931781804703,9.287381954809511,0.9334184453590993,0.4597493615757961,1048.942571839147,38.300087097502384,2.091702141541445
230.0,21.359273404619397,9.69200696717178,9.290965921093282,0.9332831169960081,0.45932123040645795,1048.7939415251371,38.33200546025822,2.090760461657025
230.0,21.382795511976408,9.68608551260557,9.294547189504513,0.9331477886329168,0.45889418052986664,1048.645314228363,38.36392711639263,2.0898195923898486
230.0,21.406311063400803,9.680167415626842,9.298125772537134,0.9330124602698255,0.4584682079969831,1048.4966899477836,38.395852067502666,2.088879532963181
230.0,21.429820060232654,9.674252673781073,9.30170168263762,0.9328771319067344,0.4580433088779975,1048.348068682356,38.427780315186894,2.0879402826000577
230.0,21.45332250381708,9.668341284538624,9.30527493219941,0.932741803543643,0.4576194792622164,1048.1994504310387,38.45971186104786,2.087001840524703
230.0,21.476818395505845,9.662433245507739,9.308845533572075,0.9326064751805518,0.45719671525794875,1048.0508351927863,38.49164670668929,2.0860642059601067
230.0,21.500307736635953,9.656528554148524,9.312413499049306,0.9324711468174606,0.45677501299239565,1047.9022229665577,38.52358485372019,2.085127378131084
230.0,21.523790528549107,9.6506272080191,9.315978840880604,0.9323358184543693,0.456354368611544,1047.7536137513043,38.55552630375178,2.084191356261457
230.0,21.547266772610843,9.644729204668353,9.319541571264715,0.932200490091278,0.45593477828001305,1047.6050075459852,38.58747105839849,2.083256139575756
230.0,21.570736470145732,9.638834541625442,9.32310170235467,0.9320651617281868,0.45551623818098763,1047.4564043495538,38.61941911927676,2.082321727298724
230.0,21.594199622516857,9.632943216411268,9.326659246250287,0.9319298333650955,0.4550987445160913,1047.307804160966,38.651370488008205,2.0813881186554646
230.0,21.61765623106703,9.627055226581053,9.33021421500657,0.9317945050020042,0.45468229350526085,1047.159206979173,38.68332516621463,2.080455312871422
230.0,21.641106297139228,9.621170569676249,9.333766620629909,0.931659176638913,0.45426688138666327,1047.01061280313,38.71528315552434,2.0795233091721053
230.0,21.66454982208051,9.615289243226698,9.337316475079623,0.9315238482758217,0.45385250441655617,1046.8620216317875,38.74724445756561,2.0785921067830353
230.0,21.687986807253807,9.60941134188452,9.340859031397457,0.9313885199127304,0.45343915886919434,1046.7134334641019,38.779209073971536,2.0776602467965026
230.0,21.71141725399144,9.603536671335094,9.344403175787072,0.9312531915496391,0.4530268410367341,1046.564848299022,38.811177006378145,2.076730669349381
230.0,21.73484116365038,9.597665323719966,9.347944797692506,0.9311178631865479,0.4526155472290924,1046.4162661354992,38.84314825642172,2.0758018913753387
230.0,21.7582585375762,9.591797296581943,9.351483908907868,0.9309825348234566,0.4522052737738843,1046.2676869724853,38.87512282574638,2.0748739121065536
230.0,21.78166937712863,9.585932587529163,9.355020521181693,0.9308472064603655,0.45179601701627714,1046.1191108089329,38.90710071599648,2.0739467307749173
230.0,21.80507368364498,9.58007119412964,9.35855464621472,0.9307118780972742,0.45138777331890884,1045.9705376437873,38.939081928817224,2.0730203466122004
230.0,21.828471458482817,9.574213113955762,9.362086295660866,0.9305765497341829,0.45098053906177477,1045.8219674760014,38.97106646586104,2.072094758850019
230.0,21.851862702984437,9.568358344603407,9.365615481129504,0.9304412213710916,0.4505743106421353,1045.673400304522,39.00305432878058,2.07116996671937
230.0,21.875247418514565,9.562506883613,9.369142214184265,0.9303058930080004,0.4501690844744015,1045.5248361282995,39.035045519234,2.0702459694519058
230.0,21.898625606413262,9.556658728588248,9.372666506346931,0.9301705646449091,0.44976485699003094,1045.3762749462796,39.06704003887916,2.0693227662781273
230.0,21.921997268042862,9.550813877090294,9.376188369095772,0.9300352362818178,0.4493616246374384,1045.2277167574134,39.09903788937963,2.0684003564286826
230.0,21.945362404740678,9.544972326707434,9.379707813866993,0.9298999079187266,0.44895938388189016,1045.0791615606436,39.131039072399695,2.067478739134665
230.0,21.96872101786904,9.539134075001545,9.383224852052834,0.9297645795556353,0.44855813120540444,1044.9306093549183,39.16304358960893,2.0665579136267214
230.0,21.99207310878046,9.53329911955026,9.386739495004342,0.929629251192544,0.44815786310664324,1044.7820601391848,39.195051442677666,2.065637879135304
230.0,22.015418678825796,9.527467457941432,9.390251754030515,0.9294939228294528,0.44775857610083575,1044.6335139123871,39.227062633280916,2.064718634891717
230.0,22.03875772935368,9.521639087757393,9.39376164039812,0.9293585944663615,0.44736026671965856,1044.4849706734692,39.25907716309525,2.0638001801265786
230.0,22.06209026172854,9.51581400654044,9.397269165328417,0.9292232661032702,0.4469629315111486,1044.3364304213792,39.291095033802485,2.0628825140716676
230.0,22.085416277294755,9.509992211927432,9.400774340007011,0.9290879377401791,0.446566567039609,1044.1878931550575,39.323116247084336,2.0619656359576055
230.0,22.108735777405723,9.504173701445614,9.404277175570378,0.9289526093770877,0.4461711698855154,1044.039358873447,39.35514080462679,2.0610495450170347
230.0,22.132048763426393,9.49835847269105,9.407777683116834,0.9288172810139965,0.4457767366454007,1043.8908275754955,39.38716870812079,2.0601342404817244
230.0,22.15535523670405,9.492546523246178,9.41138675478178,0.9286819526509053,0.44538326393178274,1043.7422992601407,39.41919995925565,2.05921972158382
230.0,22.178655198585762,9.486737850670165,9.414998627079264,0.928546624287814,0.4449907483730837,1043.5937739263247,39.45123455972772,2.058305987556567
230.0,22.201948650441615,9.48093245257895,9.418607880878684,0.9284112959247227,0.44459918661348524,1043.4452515729924,39.48327251123493,2.0573930376323633
230.0,22.225235593623818,9.475130249606297,9.422214461793667,0.9282759675616314,0.4442085753128926,1043.296732199083,39.51531381547786,2.0564808755355246
230.0,22.248516029481888,9.469331392940736,9.425818515082483,0.9281406391985402,0.443818911146808,1043.1482158035349,39.547358474160255,2.0555694915202545
230.0,22.271789959376157,9.463535803559527,9.429419985598466,0.9280053108354489,0.443430190806258,1042.9997023852907,39.57940648898775,2.054658889314101
230.0,22.295057384668215,9.45774347909545,9.433018885173396,0.9278699824723576,0.4430424109976873,1042.851191943289,39.61145786167119,2.0537490681505157
230.0,22.318318306706175,9.45195441712479,9.436615225590955,0.9277346541092664,0.4426555684428918,1042.7026844764682,39.64351259392243,2.0528400272638883
230.0,22.34157272684984,9.446168615266423,9.440209018600143,0.9275993257461751,0.442269659878897,1042.554179983767,39.67557068745602,2.0519317658882
230.0,22.364820646453275,9.440386071145078,9.443800275904628,0.9274639973830838,0.4418846820579012,1042.4056784641214,39.70763214399024,2.0510242832575085
230.0,22.388062066885382,9.434606782363083,9.447389009165853,0.9273286690199926,0.44150063174717313,1042.2571799164732,39.7396969652474,2.050117578606476
230.0,22.411296989487187,9.428830746536576,9.45097523000232,0.9271933406569013,0.4411175057289638,1042.1086843397536,39.77176515294915,2.0492116511694336
230.0,22.434525415619984,9.423057961290866,9.454558949989945,0.9270580122938101,0.44073530080041873,1041.9601917329016,39.803836708824754,2.0483065001816
230.0,22.457747346667052,9.41728842427544,9.458140180659106,0.9269226839307189,0.44035401377350564,1041.8117020948553,39.83591163460318,2.0474021248778858
230.0,22.480962783958464,9.411522133093532,9.461718933493247,0.9267873555676276,0.4399736414749014,1041.6632154245465,39.86798993201563,2.046498524494872
230.0,22.504171728864833,9.4057590853639,9.465295219931356,0.9266520272045363,0.43959418074594686,1041.514731720912,39.90007160279897,2.0455956982690395
230.0,22.527374182739557,9.399999278719056,9.46886905136546,0.926516698841445,0.43921562844252277,1041.3662509828835,39.93215664869072,2.044693645437715
230.0,22.55057014694862,9.39424271079445,9.472440439142218,0.9263813704783538,0.4388379814349851,1041.217773209397,39.9642450714314,2.0437923652386893
230.0,22.57375962284848,9.3884893791891,9.476009394561537,0.9262460421152625,0.4384612366080947,1041.069298399386,39.996336872767415,2.042891856911134
230.0,22.596942611803115,9.382739281558445,9.479575928882582,0.9261107137521712,0.43808539086090165,1040.9208265517814,40.02843205444297,2.041992119693533
230.0,22.620119115164876,9.376992415490577,9.483140053317548,0.92597538538908,0.43771044110668905,1040.7723576655158,40.060530618208524,2.041093152826323
230.0,22.643289134297817,9.371248778631648,9.486701779039032,0.9258400570259887,0.4373363842728976,1040.6238917395199,40.09263256581711,2.0401949555495578
230.0,22.666452670567708,9.365508368599405,9.490261117175683,0.9257047286628974,0.4369632173010132,1040.4754287727271,40.124737899024446,2.039297527103823
230.0,22.689609725333302,9.359771183035,9.49381807881926,0.9255694002998062,0.4365909371465139,1040.3269687640664,40.15684661958743,2.03840086672999
230.0,22.712760299949498,9.354037219565209,9.4973726750205,0.9254340719367149,0.4362195407787743,1040.1785117124684,40.18895872926745,2.037504973669392
230.0,22.735904395787045,9.348306475816091,9.500924916789081,0.9252987435736237,0.43584902518100893,1040.0300576168622,40.22107422982968,2.036609847163434
230.0,22.75904201420523,9.342578949427132,9.504474815096252,0.9251634152105324,0.435479387350164,1039.8816064761775,40.253193123039345,2.035715486454054
230.0,22.782173156561406,9.336854638039036,9.508022380875872,0.9250280868474412,0.4351106242968633,1039.7331582893405,40.285315410666186,2.0348218907830593
230.0,22.80529782421343,9.331133539307285,9.511567625022566,0.9248927584843499,0.43474273304530897,1039.5847130552806,40.31744109448275,2.033929059392571
230.0,22.82841601854302,9.325415650861279,9.515110558390056,0.9247574301212587,0.4343757106332232,1039.4362707729283,40.349570176264514,2.033036991525169
230.0,22.85152774090044,9.319700970369874,9.518651191795385,0.9246221017581674,0.4340095541117743,1039.2878314412044,40.38170265778961,2.0321456864234455
230.0,22.874632992644383,9.31398949546492,9.52218953601593,0.9244867733950761,0.43364426054547334,1039.1393950590386,40.41383854083749,2.0312551433308523
230.0,22.897731775147168,9.308281223805297,9.525725601789993,0.9243514450319849,0.4332798270121325,1038.9909616253556,40.44597782719417,2.03036536149047
230.0,22.92082408976637,9.302576153064882,9.529259399818109,0.9242161166688936,0.43291625060275746,1038.842531139081,40.47812051864303,2.0294763401461013
230.0,22.943909937868266,9.296874280869694,9.532863149462074,0.9240807883058023,0.4325535284215006,1038.6941035991404,40.510266616975315,2.0285880785418295
230.0,22.96698932082258,9.291175604927371,9.536506824276074,0.923945459942711,0.4321916575855799,1038.5456790044589,40.5424161239829,2.0277005759219477
230.0,22.990062239982635,9.285480122851872,9.540147949873074,0.9238101315796198,0.43183063522519444,1038.397257353955,40.574569041459604,2.0268138315315727
230.0,23.013128696717395,9.27978783235761,9.543786537776121,0.9236748032165285,0.43147045848345195,1038.2488386465568,40.60672537120378,2.025927844615463
230.0,23.03618869239703,9.27409873107919,9.547422599459964,0.9235394748534372,0.4311111245163186,1038.1004228811853,40.63888511501564,2.025042614419715
230.0,23.05924222837597,9.268412816722911,9.5510561463648,0.923404146490346,0.4307526304925186,1037.9520100567613,40.67104827469766,2.0241581401897095
230.0,23.08228930602759,9.26273008692124,9.554687189879765,0.9232688181272548,0.43039497359348217,1037.803600172207,40.70321485205654,2.0232744211725016
230.0,23.105329926713704,9.257050539364245,9.558315741359735,0.9231334897641635,0.4300381510132651,1037.6551932264435,40.73538484890076,2.022391456614804
230.0,23.12836409180902,9.251374171737897,9.561941812115393,0.9229981614010723,0.4296821599584801,1037.5067892183936,40.76755826704275,2.0215092457636916
230.0,23.1513918026568,9.245700981726358,9.565565413416719,0.922862833037981,0.4293269976482302,1037.3583881469706,40.79973510829466,2.0206277878668604
230.0,23.174413060651943,9.240030966984383,9.569186556490322,0.9227275046748897,0.42897266131402845,1037.2099900111007,40.831915374475095,2.0197470821726733
230.0,23.197427867142633,9.234364125216183,9.572805252524695,0.9225921763117985,0.4286191481997509,1037.0615948096988,40.8640990674038,2.0188671279296173
230.0,23.22043622350171,9.228700454107118,9.576421512667173,0.9224568479487072,0.42826645556153814,1036.9132025416832,40.89628618890247,2.017987924386578
230.0,23.243438131095544,9.223039951336727,9.580035348022605,0.9223215195856159,0.42791458066774796,1036.764813205974,40.9284767407978,2.0171094707931845
230.0,23.266433591280876,9.21738261460891,9.583646769657406,0.9221861912225247,0.4275635207988928,1036.6164268014845,40.96067072491641,2.0162317663990934
230.0,23.2894226054392,9.211728441606379,9.587255788597098,0.9220508628594334,0.4272132732475441,1036.4680433271337,40.99286814308931,2.0153548104547214
230.0,23.312405174935087,9.20607743000177,9.590862415825178,0.9219155344963421,0.4268638353182937,1036.3196627818375,41.02506899715123,2.0144786022113252
230.0,23.335381301131473,9.20042957751934,9.594466662289735,0.9217802061332508,0.42651520432766915,1036.171285164511,41.057273288937765,2.0136031409196007
230.0,23.35835098539449,9.194784881856695,9.598068538895653,0.9216448777701596,0.42616737760408974,1036.0229104740667,41.089481020287046,2.0127284258314226
230.0,23.381314229106902,9.189143340706222,9.601668056509808,0.9215095494070684,0.4258203524877664,1035.8745387094243,41.12169219304325,2.0118544561989875
230.0,23.404271033621505,9.183504951777188,9.605265225958803,0.921374221043977,0.4254741263306763,1035.7261698694933,41.15390680904915,2.010981231274879
230.0,23.427221400309055,9.177869712731404,9.608860058029052,0.9212388926808859,0.42512869649646373,1035.5778039531874,41.186124870152845,2.0101087503127575
230.0,23.450165330542625,9.172237621336702,9.612452563473298,0.9211035643177946,0.4247840603603944,1035.4294409594188,41.218346378202895,2.009237012565278
230.0,23.473102825692372,9.166608675279992,9.616042753000754,0.9209682359547033,0.4244402153092972,1035.2810808871027,41.25057133505463,2.0083660172868973
230.0,23.496033887116834,9.160982872246597,9.61963063728134,0.9208329075916121,0.42409715874147164,1035.132723735146,41.28279974256097,2.007495763732264
230.0,23.518958516205327,9.15536020997722,9.623216226950724,0.9206975792285208,0.4237548880666648,1034.984369502464,41.31503160258227,2.0066262511561055
230.0,23.541876714305804,9.149740686159692,9.626799532602078,0.9205622508654295,0.4234134007059761,1034.8360181879639,41.347266916977986,2.0057574788142527
230.0,23.564788482802285,9.144124298546513,9.63038056479541,0.9204269225023383,0.4230726940918122,1034.6876697905577,41.379505687612685,2.004889445962261
230.0,23.587693823062033,9.138511044829011,9.633959334048328,0.920291594139247,0.4227327656678191,1034.5393243091548,41.411747916353384,2.0040221518564914
230.0,23.61059273645073,9.132900922734422,9.637535850842106,0.9201562657761557,0.4223936128888227,1034.3909817426606,41.44399360506689,2.003155595754277
230.0,23.633485224335192,9.12729393000269,9.64111012562325,0.9200209374130645,0.42205523322076915,1034.2426420899862,41.47624275562752,2.0022897769124053
230.0,23.656371288099365,9.121690064318475,9.644682168795702,0.9198856090499732,0.421717624140653,1034.0943053500382,41.50849536990864,2.0014246945894945
230.0,23.67925092910595,9.116089323440743,9.648251990730778,0.9197502806868819,0.4213807831364766,1033.945971521724,41.54075144978766,2.0005603480432668
230.0,23.70212414872855,9.11049170508129,9.651819601760337,0.9196149523237906,0.421044707707181,1033.7976406039513,41.57301099714532,1.999696736533072
230.0,23.724990948338508,9.104897206995977,9.655430143282125,0.9194796239606995,0.4207093953625716,1033.649312595624,41.60527401386351,1.9988338593176445
230.0,23.74785132929653,9.099305826876156,9.659106185339388,0.9193442955976082,0.42037484362329247,1033.5009874956465,41.6375405018274,1.9979717156575967
230.0,23.77070529299058,9.093717562513103,9.66277974357962,0.919208967234517,0.42004105002073444,1033.352665302927,41.669810462925845,1.9971103048124863
230.0,23.79355284078643,9.088132411599476,9.666450829112954,0.9190736388714257,0.4197080120969907,1033.204346016368,41.70208389904972,1.9962496260435887
230.0,23.816393974048943,9.082550371881318,9.670119453013356,0.9189383105083344,0.41937572740481194,1033.0560296348722,41.73436081209184,1.995389678612313
230.0,23.839228694152013,9.076971441095427,9.673785626313965,0.9188029821452431,0.41904419350752437,1032.9077161573423,41.766641203948694,1.9945304617806665
230.0,23.862057002485095,9.071395617017242,9.677449360012114,0.9186676537821519,0.41871340797898093,1032.7594055826837,41.79892507652009,1.9936719748104323
230.0,23.884878900402114,9.065822897389843,9.681110665061716,0.9185323254190606,0.4183833684035199,1032.6110979097957,41.83121243170626,1.9928142169645777
230.0,23.907694389280902,9.060253279904652,9.684769552376096,0.9183969970559693,0.4180540723758899,1032.4627931375808,41.86350327141187,1.9919571875071753
230.0,23.93050347049251,9.054686762355951,9.688426032835004,0.9182616686928781,0.41772551750120446,1032.3144912649377,41.895797597545,1.9911008857016743
230.0,23.953306145413293,9.04912334249192,9.692080117277499,0.9181263403297868,0.41739770139486715,1032.1661922907701,41.92809541201433,1.9902453108123672
230.0,23.97610241541639,9.043563018079062,9.695731816503859,0.9179910119666955,0.41707062168255327,1032.017896213975,41.96039671673245,1.9893904621041638
230.0,23.998892281873598,9.038005786842666,9.699381141273866,0.9178556836036043,0.41674427600011976,1031.8696030334518,41.992701513614094,1.988536338842956
230.0,24.021675746158362,9.032451646550406,9.703028102311912,0.9177203552405131,0.4164186619935618,1031.7213127480993,42.02500980457705,1.9876829402944738
230.0,24.044452809643076,9.026900594979761,9.706672710305256,0.9175850268774218,0.4160937773189704,1031.5730253568145,42.05732159154195,1.986830265724948
230.0,24.06722347371161,9.021352629867005,9.710314975899536,0.9174496985143306,0.4157696196424622,1031.424740858498,42.08963687643288,1.9859783144021228
230.0,24.089987739722208,9.015807748999912,9.71395490970584,0.9173143701512393,0.41544618664013505,1031.2764592520414,42.12195566117312,1.9851270855928338
230.0,24.112745609068273,9.010265950132398,9.71759252229782,0.917179041788148,0.41512347599800375,1031.1281805363456,42.154277947693956,1.9842765785655314
230.0,24.135497083104326,9.004727231039693,9.721233309150456,0.9170437134250568,0.41480148541197553,1030.9799047103013,42.18660373792391,1.9834267925888127
230.0,24.15824216322057,8.999191589485577,9.7248918300592,0.9169083850619655,0.4144802125877554,1030.8316317728088,42.21893303379903,1.9825777269318348
230.0,24.180980850779935,8.993659023247607,9.728548064518534,0.9167730566988742,0.414159655240826,1030.6833617227592,42.25126583725498,1.9817293808642107
230.0,24.203713147170618,8.98812953010299,9.732202022903955,0.9166377283357829,0.41383981109638335,1030.5350945590467,42.283602150229754,1.9808817536562453
230.0,24.226439053752646,8.982603107808092,9.735853715553112,0.9165023999726917,0.4135206778892943,1030.3868302805645,42.31594197466614,1.980034844579017
230.0,24.24915857190676,8.977079754174103,9.739503152771768,0.9163670716096004,0.4132022533640344,1030.238568886205,42.34828531250851,1.9791886529032525
230.0,24.2718717030216,8.971559466964075,9.743150344825843,0.9162317432465091,0.4128845352746399,1030.0903103748612,42.38063216570489,1.9783431779010423
230.0,24.294578448459806,8.966042243958542,9.74679530194392,0.9160964148834179,0.4125675213846541,1029.9420547454251,42.41298253620341,1.977498418845232
230.0,24.317278809594885,8.960528082951658,9.750438034323608,0.9159610865203266,0.41225120946709565,1029.793801996785,42.44533642595665,1.976654375008164
230.0,24.339972787808627,8.955016981724576,9.7540785521239,0.9158257581572353,0.41193559730438317,1029.6455521278338,42.477693836920956,1.9758110456635452
230.0,24.36266038448043,8.949508938058024,9.757716865465786,0.9156904297941442,0.4116206826883004,1029.4973051374582,42.510054771053426,1.974968430085797
230.0,24.38534160098374,8.944003949781063,9.761352984442839,0.9155551014310529,0.4113064634199432,1029.3490610245526,42.54241923031417,1.974126527548701
230.0,24.408016438688264,8.93850201463423,9.764986919102157,0.9154197730679616,0.41099293730967557,1029.2008197880002,42.57478721666738,1.9732853373282147
230.0,24.43068489897825,8.933003130439312,9.76861867946517,0.9152844447048704,0.41068010217706835,1029.05258142669,42.60715873207615,1.972444858699755
230.0,24.453346983233914,8.927507294999499,9.772248275514798,0.9151491163417791,0.41036795585086583,1028.9043459395116,42.63953377851158,1.9716050909395495
230.0,24.47600269282058,8.922014506106423,9.775875717199796,0.9150137879786878,0.4100564961689251,1028.756113325349,42.671912357943285,1.9707660333243524
230.0,24.49865202912651,8.916524761555843,9.779531918443269,0.9148784596155966,0.4097457209781809,1028.6078835830908,42.70429447234541,1.9699276851318137
230.0,24.521294993520378,8.91103805916109,9.783266389136564,0.9147431312525053,0.40943562813458617,1028.4596567116214,42.73668012369455,1.9690900456396272
230.0,24.54393158739008,8.905554396726673,9.786998440539719,0.914607802889414,0.4091262155030661,1028.3114327098258,42.7690693139684,1.968253114126295
230.0,24.566561812103092,8.900073772062935,9.790728083345329,0.9144724745263227,0.4088174809574876,1028.1632115765883,42.801462045150295,1.9674168898709972
230.0,24.5891856690415,8.89459618297338,9.794455328208052,0.9143371461632315,0.4085094223805899,1028.014993310791,42.83385831922267,1.9665813721532839
230.0,24.61180315958552,8.889121627263041,9.798180185746808,0.9142018178001402,0.40820203766395236,1027.8667779113205,42.86625813817367,1.965746560253669
230.0,24.63441428510733,8.883650102753265,9.801902666542908,0.9140664894370489,0.4078953247079454,1027.7185653770568,42.898661503992635,1.9649124534525622
230.0,24.65701904699832,8.878181607237712,9.805622781139391,0.9139311610739578,0.4075892814216764,1027.5703557068844,42.931068418671025,1.9640790510317554
230.0,24.679617446618675,8.872716138577943,9.809340540047536,0.9137958327108665,0.4072839057229675,1027.4221488996805,42.963478884204,1.9632463522725538
230.0,24.702209485354796,8.867253694558567,9.813055953736395,0.9136605043477752,0.4069791955382808,1027.273944954328,42.9958929025894,1.9624143564579906
230.0,24.724795164585935,8.861794273009332,9.816769032641893,0.913525175984684,0.40667514880269073,1027.1257438697075,43.02831047582635,1.9615830628708533
230.0,24.74737448569879,8.856337871765563,9.820479787163706,0.9133898476215927,0.40637176345983744,1026.9775456447003,43.060731605918185,1.960752470794902
230.0,24.76994745006159,8.850884488642095,9.82418822766423,0.9132545192585014,0.4060690374618861,1026.8293502781817,43.09315629486995,1.9599225795142419
230.0,24.792514059055076,8.845434121447571,9.827894364470344,0.9131191908954102,0.4057669687694761,1026.6811577690323,43.12558454469001,1.959093388314089
230.0,24.815074314066393,8.839986768066293,9.831598207877427,0.9129838625323189,0.4054655553516721,1026.5329681161297,43.15801635738863,1.9582648964789418
230.0,24.837628216463102,8.834542426269286,9.835299768136785,0.9128485341692276,0.40516479518593407,1026.3847813183497,43.19045173497837,1.9574371032957816
230.0,24.86017576763213,8.829101093912227,9.838999055471625,0.9127132058061364,0.40486468625807126,1026.2365973745693,43.22289067947538,1.9566100080508475
230.0,24.882716968946905,8.823662768837048,9.842696080068023,0.9125778774430451,0.40456522656219557,1026.0884162836662,43.255333192899144,1.9557836100310737
230.0,24.9052518218033,8.818227448872461,9.846390852076162,0.9124425490799538,0.4042664141006658,1025.940238044513,43.28777927727028,1.9549579085244113
230.0,24.927780327566936,8.812795131879605,9.850083381613459,0.9123072207168625,0.40396824688406846,1025.7920626559871,43.32022893461131,1.9541329028187797
230.0,24.95030248762019,8.807365815657738,9.853773678758351,0.9121718923537713,0.40367072293116907,1025.6438901169597,43.35268216694944,1.9533085922039268
230.0,24.972818303348124,8.801939498093516,9.85746175356185,0.91203656399068,0.40337384026886774,1025.4957204263067,43.385138976313876,1.9524849759683232
230.0,24.995327776124626,8.796516176995247,9.861147616032078,0.9119012356275888,0.40307759693214534,1025.347553582899,43.417599364735516,1.9516620534029934
230.0,25.017830907333494,8.791095850245476,9.864831276150744,0.9117659072644976,0.4027819909640363,1025.1993895856115,43.45006333424848,1.9508398237977789
230.0,25.04032769835554,8.785678515660452,9.868512743859164,0.9116305789014063,0.40248702041560463,1025.051228433313,43.48253088689094,1.950018286444898
230.0,25.062818150565775,8.780264171109971,9.87219202906926,0.911495250538315,0.4021926833458512,1024.9030701248757,43.515002024701026,1.9491974406354449
230.0,25.08530226536736,8.77485281445728,9.875869141659196,0.9113599221752238,0.4018989778217238,1024.7549146591712,43.54747674972078,1.948377285662064
230.0,25.107780044114143,8.769444443525137,9.879544091468603,0.9112245938121325,0.4016059019180606,1024.606762035068,43.579955063994824,1.947557820818171
230.0,25.13025148819767,8.76403905618258,9.883216888308162,0.9110892654490412,0.4013134537175345,1024.458612251434,43.61243696957074,1.9467390453973992
230.0,25.152716599004865,8.758636650318573,9.886887541955808,0.91095393708595,0.40102163131063895,1024.3104653071407,43.644922468498606,1.9459209586934547
230.0,25.1751753779085,8.753237223747,9.890556062152037,0.9108186087228587,0.4007304327956282,1024.1623212010536,43.677411562830855,1.9451035600020652
230.0,25.197627826299147,8.747840774375687,9.894222458610237,0.9106832803597674,0.4004398562784801,1024.0141799320422,43.709904254621755,1.944286848617735
230.0,25.220073945552112,8.742447300029928,9.897886741004035,0.9105479519966762,0.4001498998728733,1023.8660414989706,43.742400545929435,1.9434708238374419
230.0,25.242513737053724,8.737056798597035,9.901548918980147,0.9104126236335849,0.3998605617001285,1023.7179059007084,43.77490043881445,1.942655484957458
230.0,25.26494720217414,8.731669267964657,9.905239639040673,0.9102772952704936,0.3995718398891903,1023.5697731361159,43.80740393533978,1.9418408312748137
230.0,25.287374342316017,8.726284705957086,9.909007470661622,0.9101419669074025,0.39928373257655386,1023.4216432040636,43.83991103757058,1.9410268620880946
230.0,25.309795158848168,8.720903110485388,9.912772940672824,0.9100066385443112,0.3989962379062758,1023.2735161034125,43.87242174757568,1.9402135766952466
230.0,25.33220965315096,8.715524479413736,9.91653605942762,0.9098713101812199,0.39870935402988444,1023.1253918330262,43.90493606742431,1.9394009743955454
230.0,25.354617826616764,8.710148810620105,9.920296837245502,0.9097359818181286,0.39842307910639374,1022.9772703917681,43.937453999191725,1.938589054488738
230.0,25.377019680625573,8.704776101974272,9.924055284410002,0.9096006534550374,0.3981374113022128,1022.8291517785024,43.969975544952234,1.9377778162752932
230.0,25.399415216545986,8.699406351376332,9.927811411172138,0.9094653250919461,0.3978523487911535,1022.6810359920875,44.00250070678522,1.9369672590557911
230.0,25.421804435780942,8.694039556687892,9.931565227745338,0.9093299967288548,0.3975678897543773,1022.5329230313858,44.03502948677128,1.9361573821321465
230.0,25.444187339709625,8.68867571579656,9.935316744309354,0.9091946683657636,0.3972840323803366,1022.3848128952596,44.06756188699621,1.9353481848065552
230.0,25.46656392970741,8.683314826594902,9.939065971011836,0.9090593400026723,0.39700077486477664,1022.2367055825679,44.10009790954381,1.9345396663816485
230.0,25.488934207154436,8.677956886979336,9.942812917964202,0.908924011639581,0.3967181154106706,1022.0886010921663,44.13263755650323,1.933731826160739
230.0,25.511298173450232,8.672601894837284,9.946557595244151,0.9087886832764898,0.3964360522281921,1021.9404994229191,44.16518082996723,1.9329246634479997
230.0,25.5336558299648,8.667249848054304,9.950300012896612,0.9086533549133985,0.39615458353468713,1021.7924005736797,44.19772773202895,1.9321181775480485
230.0,25.556007178088947,8.661900744513096,9.954040180930242,0.9085180265503072,0.3958737075546315,1021.6443045433091,44.23027826478716,1.9313123677663004
230.0,25.578352219204156,8.656554582162856,9.957778109324783,0.908382698187216,0.3955934225195818,1021.4962113306613,44.26283243033877,1.9305072334080418
230.0,25.600690954691693,8.65121135883019,9.961513808019973,0.9082473698241247,0.3953137266681661,1021.3481209345924,44.29539023078709,1.9297027737806423
230.0,25.62302338593252,8.64587107245656,9.965247286927458,0.9081120414610335,0.39503461824603253,1021.2000333539586,44.32795166823575,1.9288989881907257
230.0,25.645349514323623,8.640533720951645,9.968978555926185,0.9079767130979423,0.394756095505817,1021.0519485876165,44.36051674479388,1.928095875945845
230.0,25.66766934124127,8.63519930220066,9.972707624858515,0.907841384734851,0.39447815670710606,1020.9038666344171,44.393085462568614,1.9272934363546972
230.0,25.68998286807142,8.629867814118805,9.976434503535968,0.9077060563717597,0.3942008001164096,1020.7557874932157,44.42565782367361,1.9264916687261897
230.0,25.712290096194522,8.624539254611932,9.980159201737564,0.9075707280086684,0.39392402400712223,1020.607711162865,44.45823383022399,1.9256905723698987
230.0,25.734591026999876,8.61921362159745,9.983881729209592,0.9074353996455772,0.39364782665949327,1020.4596376422177,44.490813484337984,1.9248901465960628
230.0,25.756885661871134,8.613890912974808,9.987602095664506,0.9073000712824859,0.3933722063605772,1020.311566930123,44.52339678813348,1.9240903907155527
230.0,25.779174002193137,8.608571126659353,9.991320310785298,0.9071647429193946,0.39309716140421863,1020.1634990254356,44.55598374373521,1.923291304040045
230.0,25.80145604934901,8.603254260591335,9.99503638422268,0.9070294145563034,0.3928226900910177,1020.0154339270034,44.588574353267916,1.9224928858811385
230.0,25.823731804721653,8.597940312654734,9.99875032559148,0.9068940861932121,0.3925487907282807,1019.8673716336743,44.62116861885799,1.9216951355521608
230.0,25.846001269708125,8.592629280793467,10.002462144479821,0.9067587578301208,0.3922754616300061,1019.7193121443026,44.65376654263889,1.9208980523661592
230.0,25.868264445682094,8.587321162935716,10.00617185044166,0.9066234294670296,0.3920027011168326,1019.5712554577321,44.68636812674129,1.9201016356369442
230.0,25.890521334035473,8.582015956969473,10.009879452997687,0.9064881011039383,0.39173050751602917,1019.4232015728131,44.718973373302916,1.9193058846798754
230.0,25.912771936143564,8.576713660877104,10.013584961643232,0.9063527727408471,0.39145887916144406,1019.2751504883911,44.75158228445997,1.9185107988091952
230.0,25.93501625339851,8.57141427252531,10.017288385833877,0.9062174443777559,0.39118781439347083,1019.127102203313,44.78419486235403,1.9177163773418493
230.0,25.95725428718701,8.566117789889606,10.020989735002244,0.9060821160146646,0.3909173115590383,1018.9790567164254,44.816811109129226,1.9169226195934346
230.0,25.97948603889972,8.560824068158176,10.02469521029741,0.9059467876515733,0.3906473690115537,1018.8310140265736,44.84943102693174,1.9161250638499516
230.0,26.00171150991857,8.555533390838894,10.028392939927919,0.9058114592884821,0.3903779851108811,1018.6829741326017,44.882054617909255,1.9153325819333478
230.0,26.02393070161842,8.550245612997982,10.032111579216618,0.9056761309253908,0.3901091582233174,1018.5349370333513,44.91468188421297,1.9145407614670553
230.0,26.046143615405114,8.54496073255643,10.035913569935628,0.9055408025622995,0.3898408867215479,1018.3869027276701,44.94731282799775,1.9137496017712647
230.0,26.06835025264919,8.539678747466994,10.039713257621912,0.9054054741992082,0.38957316898462574,1018.2388712143969,44.97994745141935,1.912962161535178
230.0,26.090550614746064,8.534399655688185,10.043510652298345,0.905270145836117,0.38930600339792704,1018.0908424923763,45.01258575663724,1.9121782101942666
230.0,26.11274470307931,8.529123455146697,10.047305763953482,0.9051348174730257,0.3890393883531339,1017.9428165604489,45.04522774581238,1.9113949103758985
230.0,26.134932519031914,8.523850143817038,10.051098602544684,0.9049994891099344,0.3887733222482032,1017.7947934174526,45.0778734211091,1.9106122613945808
230.0,26.157114063996747,8.518579719641467,10.054889177994625,0.9048641607468432,0.3885078034873265,1017.6467730622321,45.11052278469524,1.9098302625663257
230.0,26.17928933935717,8.513312180560952,10.058677500193589,0.9047288323837519,0.38824283048090336,1017.4987554936229,45.143175838738706,1.9090489132079744
230.0,26.201458346503077,8.508047524542002,10.062463579002994,0.9045935040206606,0.3879784016455135,1017.3507407104665,45.17583258541186,1.9082682126363892
230.0,26.22362108681567,8.502785749559509,10.066247424252019,0.9044581756575694,0.38771451540389695,1017.2027287115989,45.2084930268899,1.9074881601693716
230.0,26.245777561684697,8.497526853556874,10.070029045730372,0.9043228472944782,0.3874511701848977,1017.0547194958585,45.24115716534957,1.9067087551259054
230.0,26.26792777250022,8.492270834494601,10.07380845320504,0.9041875189313869,0.3871883644234542,1016.9067130620817,45.2738250029701,1.9059299968254455
230.0,26.290071720645578,8.487017690370717,10.07758565640873,0.9040521905682957,0.38692609656057264,1016.7587094091047,45.30649654193484,1.905151884587381
230.0,26.312209407508746,8.481767419096535,10.081360665037444,0.9039168622052044,0.38666436504328666,1016.6107085357625,45.33917178442783,1.9043744177336341
230.0,26.334340834480226,8.476520018691323,10.085133488762601,0.9037815338421131,0.38640316832462585,1016.4627104408901,45.37185073263634,1.9035975955849405
230.0,26.35646600294143,8.471275487090532,10.08890413722019,0.9036462054790219,0.3861425048635965,1016.3147151233213,45.40453338875135,1.9028214174637608
230.0,26.37858491429053,8.466033822290012,10.092672620015286,0.9035108771159306,0.38588237312516355,1016.166722581891,45.43721975496547,1.902045882693108
230.0,26.40069756990373,8.46079502223809,10.096438946723318,0.9033755487528393,0.38562277158018515,1016.0187328154302,45.469909833473906,1.9012709905967027
230.0,26.42280397117585,8.45555908493898,10.100203126885773,0.903240220389748,0.3853636987054202,1015.8707458227722,45.50260362647338,1.9004967404989648
230.0,26.444904119489415,8.450326008356086,10.103965170018093,0.9031048920266568,0.3851051529834878,1015.7227616027468,45.53530113616547,1.89972313172491
230.0,26.466998016237095,8.44509579044886,10.107725085597922,0.9029695636635655,0.3848471329028298,1015.5747801541866,45.56800236475276,1.8989501636005133
230.0,26.489085662810133,8.439868429234867,10.111482883081592,0.9028342353004742,0.38458963695769277,1015.4268014759227,45.60070731444159,1.8981778354521293
230.0,26.51116706058316,8.434643922654661,10.115238571883225,0.902698906937383,0.38433266364811264,1015.2788255667797,45.633415987438404,1.8974061466073968
230.0,26.533242210965604,8.429422268688489,10.118992161393777,0.9025635785742918,0.38407621147985904,1015.1308524255927,45.666128385957094,1.8966350963944953
230.0,26.555311115320027,8.424203465333887,10.122743660973462,0.9024282502112005,0.3838202789644221,1014.982882051185,45.69884451220753,1.8958646841417452
230.0,26.57737377505377,8.418987510587536,10.126493079951082,0.9022929218481093,0.38356486461898925,1014.8349144423862,45.73156436840714,1.895094909178749
230.0,26.59943019155465,8.413774402417081,10.130240427627612,0.902157593485018,0.3833099669664159,1014.6869495980242,45.76428795677562,1.8943257708356853
230.0,26.62148036620155,8.408564138804076,10.133985713269183,0.9020222651219267,0.3830555845351888,1014.538987516922,45.79701527953209,1.8935572684436939
230.0,26.643524300390183,8.403356717757774,10.13772894611838,0.9018869367588355,0.38280171585941863,1014.3910281979083,45.8297463389019,1.892789401333912
230.0,26.665561995509194,8.398152137227651,10.141470135379485,0.9017516083957442,0.38254835947878857,1014.243071639806,45.862481137110436,1.8920221688395324
230.0,26.687593452941105,8.392950395220716,10.145209290235401,0.9016162800326529,0.38229551393855016,1014.095117841439,45.8952196763873,1.8912555702931544
230.0,26.70961867408134,8.387751489742065,10.148946419837694,0.9014809516695617,0.382043177789479,1013.9471668016308,45.927961958962776,1.89048960502863
230.0,26.731637660318018,8.382555418794572,10.152706759139242,0.9013456233064704,0.3817913495878669,1013.7992185192062,45.960707987072404,1.8897242723802965
230.0,26.753650413039924,8.37736218037499,10.156467863581598,0.9012102949433791,0.3815400278954757,1013.6512729929856,45.99345776295172,1.888959571683509
230.0,26.77565693363011,8.372171772432893,10.160277224780096,0.9010749665802879,0.3812892112795308,1013.5033302217893,46.02621128883977,1.8881955022746142
230.0,26.797657223487793,8.366984193027209,10.164141279191035,0.9009396382171966,0.3810388983126801,1013.3553902044413,46.05896856698093,1.8874320634898607
230.0,26.819651283996926,8.361799440129404,10.168003081793913,0.9008043098541053,0.38078908757297114,1013.2074529397587,46.091729599615945,1.8866692546668506
230.0,26.841639116552024,8.35661751174991,10.171862642290222,0.900668981491014,0.38053977764383645,1013.0595184265634,46.124494388994286,1.8859070751437552
230.0,26.863620722534954,8.351438405904206,10.17571997034459,0.9005336531279229,0.3802909671140619,1012.9115866636722,46.15726293736536,1.88514552425925
230.0,26.885596103337036,8.34626212060159,10.179575075597917,0.9003983247648316,0.3800426545777485,1012.7636576499032,46.1900352469802,1.8843846013529917
230.0,26.907565260352044,8.341088653821382,10.183427967649088,0.9002629964017403,0.3797948386343118,1012.6157313840756,46.22281132009526,1.8836243057655793
230.0,26.929528194971457,8.335918003645656,10.187278656080949,0.9001276680386491,0.3795475178884307,1012.4678078650048,46.25559115896733,1.8828646368371293
230.0,26.95148490857251,8.330750168019783,10.191127150432814,0.8999923396755578,0.3793006909500512,1012.3198870915066,46.28837476585508,1.882105593910294
230.0,26.97343540255867,8.325585144997099,10.1949734602222,0.8998570113124665,0.379054356434333,1012.1719690623959,46.321162143021546,1.8813471763269198
230.0,26.995379678317754,8.32042293258723,10.19881759492958,0.8997216829493753,0.3788085129616456,1012.0240537764903,46.353953292733394,1.8805893834306053
230.0,27.017317737230883,8.315263528818353,10.202659564011931,0.899586354586284,0.37856315915753674,1011.8761412325995,46.386748217256354,1.8798322145650146
230.0,27.0392495806966,8.310106931698856,10.206499376895941,0.8994510262231927,0.37831829365271147,1011.7282314295401,46.41954691886316,1.8790756690746457
230.0,27.06117521010272,8.304953139275659,10.210337042973663,0.8993156978601015,0.37807391508299243,1011.5803243661231,46.45234939982514,1.8783197463047703
230.0,27.083094626848474,8.299802149573928,10.214172571610888,0.8991803694970102,0.3778300220893199,1011.432420041163,46.48515566241816,1.8775644456015461
230.0,27.105007832309678,8.294653960598257,10.218005972143146,0.8990450411339189,0.3775866133177154,1011.2845184534671,46.51796570891988,1.8768097663118617
230.0,27.12691482788399,8.289508570411734,10.221837253876693,0.8989097127708277,0.3773436874192566,1011.136619601848,46.550779541611995,1.8760557077827467
230.0,27.148815614955648,8.284365977020455,10.225666426089985,0.8987743844077365,0.37710124305005377,1010.9887234851151,46.58359716277645,1.8753022693628116
230.0,27.17071019492358,8.279226178494715,10.229493498032305,0.8986390560446452,0.37685927887123416,1010.8408301020788,46.61641857470018,1.8745494504004148
230.0,27.192598569174706,8.27408917284662,10.233318478920317,0.898503727681554,0.3766177935489062,1010.6929394515464,46.64924377967131,1.8737972502455775
230.0,27.21448073910311,8.268954958116534,10.237141377943887,0.8983683993184627,0.3763767857541536,1010.5450515323269,46.68207277998174,1.8730456682485592
230.0,27.236356706094742,8.26382353234595,10.240962204268882,0.8982330709553714,0.37613625416299246,1010.3971663432269,46.714905577924256,1.8722947037603033
230.0,27.258226471544056,8.258694893580165,10.244780967021477,0.8980977425922801,0.3758961974563602,1010.2492838830517,46.74774217579485,1.871544356132758
230.0,27.2800900368385,8.253569039880606,10.248597675314004,0.8979624142291889,0.3756566143200974,1010.1014041506082,46.78058257589342,1.8707946247177838
230.0,27.301947403371706,8.24844596928845,10.25241233821795,0.8978270858660976,0.3754175034449098,1009.9535271447006,46.81342678052007,1.8700455088690677
230.0,27.323798572532088,8.243325679828041,10.256224964781872,0.8976917575030063,0.3751788635263607,1009.8056528641346,46.84627479198038,1.869297007940519
230.0,27.345643545717895,8.238208169569704,10.260035564027575,0.8975564291399151,0.37494069326483576,1009.6577813077134,46.87912661258054,1.8685491212865766
230.0,27.36748232431039,8.233093436579265,10.263844144946482,0.8974211007768238,0.3747029913655307,1009.5099124742385,46.911982244628945,1.867801848262411
230.0,27.389314909708126,8.22798147887583,10.26765071649988,0.8972857724137325,0.37446575653842995,1009.3620463625153,46.94484169043916,1.8670551882243467
230.0,27.411141303302497,8.222872294551955,10.271455287627468,0.8971504440506413,0.37422898749827177,1009.2141829713429,46.977704952324586,1.8663091405289032
230.0,27.432961506475806,8.217765881642665,10.275257867235183,0.89701511568755,0.3739926829645383,1009.066322299522,47.0105720326022,1.8655637045337696
230.0,27.454775520634502,8.212662238219147,10.279058464205946,0.8968797873244587,0.37375684166142914,1008.9184643458542,47.04344293359038,1.8648188795968683
230.0,27.476583347157316,8.207561362358808,10.282857087396224,0.8967444589613676,0.3735214623178491,1008.7706091091386,47.07631765761423,1.8640746650769058
230.0,27.498384987445547,8.202463252097136,10.286653745629359,0.8966091305982763,0.3732865436673682,1008.6227565881748,47.10919620699712,1.8633310603338933
230.0,27.52018044288218,8.197367905509966,10.290542501640843,0.896473802235185,0.3730520844482121,1008.4749067817594,47.14207858406673,1.8625880647279616
230.0,27.541969714867548,8.192275320673527,10.294440824444166,0.8963384738720938,0.37281808340324174,1008.3270596886907,47.17496479115308,1.861845677620103
230.0,27.563752804780975,8.187185495640865,10.298336946272734,0.8962031455090025,0.3725845392799307,1008.1792153077631,47.207854830587635,1.861103898372112
230.0,27.58552971402809,8.182098428502941,10.302230876571869,0.8960678171459112,0.3723514508303357,1008.031373637777,47.24074870470784,1.8603627263462617
230.0,27.607300443992166,8.177014117317414,10.306122624754401,0.89593248878282,0.37211881681109266,1007.8835346775234,47.273646415850436,1.8596221609059367
230.0,27.629064996067584,8.17193256018462,10.310012200212071,0.8957971604197287,0.3718866359833768,1007.7356984258014,47.30654796635597,1.8588822014145618
230.0,27.650823371647373,8.166853755148352,10.31389961229835,0.8956618320566374,0.3716549071129,1007.5878648813996,47.33945335856755,1.8581428472372143
230.0,27.672575572123677,8.161777700316156,10.317784870344788,0.8955265036935461,0.37142362896987086,1007.4400340431148,47.372362594830825,1.857404097738868
230.0,27.694321598889232,8.156704393740187,10.321667983649712,0.8953911753304549,0.3711928003289919,1007.2922059097401,47.405275677494004,1.8566659522855964
230.0,27.716061453340725,8.151633833535618,10.325548961486033,0.8952558469673636,0.37096241996942936,1007.1443804800654,47.4381926089082,1.855928410244078
230.0,27.737795136852487,8.146566017764705,10.32942781309469,0.8951205186042723,0.37073248667480246,1006.9965577528799,47.47111339142696,1.8551914709816677
230.0,27.759522650835663,8.141500944520768,10.333304547691569,0.8949851902411812,0.3705029992331427,1006.8487377269781,47.50403802740615,1.854455133866642
230.0,27.78124399667315,8.136438611876132,10.337179174461044,0.8948498618780899,0.3702739564368977,1006.7009204011468,47.53696651920457,1.8537193982678237
230.0,27.80295917576708,8.131379017964548,10.341051702564075,0.8947145335149986,0.3700453570828911,1006.5531057741774,47.569898869183525,1.8529842635544271
230.0,27.824668189503328,8.126322160823317,10.344922141129516,0.8945792051519074,0.36981719997232737,1006.4052938448559,47.602835079707795,1.8522497290970277
230.0,27.846371039270238,8.121268038588989,10.348790499259998,0.8944438767888161,0.36958948391074103,1006.257484611971,47.635775153142404,1.8515157942662828
230.0,27.868067726466208,8.11621664932937,10.352656786028499,0.8943085484257248,0.36936220770800404,1006.1096780743092,47.66871909185836,1.8507824584341386
230.0,27.889758252482192,8.111167991160778,10.356521010482162,0.8941732200626336,0.3691353701782917,1005.961874230656,47.70166689822539,1.8500497209728746
230.0,27.911442618713455,8.106122062182045,10.360383181642767,0.8940378916995423,0.3689089701400616,1005.8140730797979,47.734618574618814,1.849317581255213
230.0,27.933120826549604,8.101078860472255,10.364243308496796,0.893902563336451,0.3686830064160489,1005.6662746205194,47.76757412341659,1.8485860386555046
230.0,27.954792877386062,8.096038384148905,10.368101400013344,0.8937672349733597,0.3684574778332329,1005.5184788516033,47.800533546997116,1.8478550925480128
230.0,27.976458772612883,8.091000631333783,10.37195746512947,0.8936319066102685,0.3682323832228184,1005.370685771833,47.83349684774298,1.8471247423074793
230.0,27.99811851362735,8.085965600093244,10.375811512752591,0.8934965782471772,0.36800772142023336,1005.2228953799934,47.866464028038905,1.8463949873105678
230.0,28.019772101822124,8.080933288563115,10.37966355176605,0.8933612498840859,0.3677834912650787,1005.0751076748655,47.89943509027339,1.8456658269334953
230.0,28.041419538586364,8.075903694865984,10.383513591029242,0.8932259215209948,0.36755969160114876,1004.9273226552287,47.93241003683483,1.8449372605533432
230.0,28.063060825310796,8.0708768170823,10.38736163936953,0.8930905931579034,0.3673363212763781,1004.7795403198621,47.965388870116406,1.8442092875484
230.0,28.084695963393973,8.06585265334147,10.391207705589261,0.8929552647948122,0.3671133791428457,1004.6317606675494,47.998371592514474,1.8434819072974375
230.0,28.10632495423287,8.060831201766767,10.395051798467174,0.892819936431721,0.36689086405674154,1004.4839836970681,48.03135820642655,1.8427551191794853
230.0,28.127947799209505,8.055812460474582,10.398893926752478,0.8926846080686297,0.36666877487835375,1004.3362094071948,48.06434871425165,1.8420289225749564
230.0,28.149564499728903,8.050796427542851,10.402734099166024,0.8925492797055384,0.36644711047205686,1004.1884377967089,48.097343118395244,1.8413033168649826
230.0,28.171175057182758,8.04578310116194,10.40657232441064,0.8924139513424472,0.36622586970628884,1004.0406688643864,48.130341421262415,1.8405783014303372
230.0,28.1927794729574,8.04077247939209,10.410408611151597,0.8922786229793559,0.36600505145351914,1003.8929026090041,48.16334362526108,1.8398538756541716
230.0,28.21437774845034,8.0357645603901,10.414242968037556,0.8921432946162646,0.3657846545902586,1003.7451390293362,48.1963497328026,1.839130038918829
230.0,28.235969885050654,8.030759342296943,10.418125734925944,0.8920079662531734,0.36556467799701936,1003.5973781241581,48.22935974630064,1.8384067906074566
230.0,28.257555884160176,8.025756823213491,10.42206073151705,0.8918726378900821,0.3653451205583054,1003.4496198922426,48.262373668170966,1.8376841301054485
230.0,28.279135747166126,8.02075700125989,10.425993567965833,0.8917373095269908,0.3651259811625868,1003.3018643323637,48.29539150083279,1.8369620567974112
230.0,28.300709475468697,8.015759874608804,10.429924253514349,0.8916019811638995,0.36490725870229873,1003.154111443295,48.32841324670879,1.8362405700687947
230.0,28.322277070455552,8.010765441353922,10.433852797374662,0.8914666528008083,0.3646889520738143,1003.006361223807,48.36143890822266,1.8355196693064606
230.0,28.343838533526437,8.005773699643225,10.437779208727529,0.891331324437717,0.3644710601774152,1002.8586136726705,48.39446848780022,1.8347993538974292
230.0,28.365393866067006,8.000784647622913,10.441703496732131,0.8911959960746259,0.3642535819172938,1002.7108687886555,48.42750198787145,1.8340796232295504
230.0,28.386943069475592,7.995798283433968,10.445625670519107,0.8910606677115346,0.3640365162015304,1002.5631265705312,48.460539410867845,1.8333604766910891
230.0,28.408486145143883,7.990814299133673,10.4495641293856,0.8909253393484433,0.3638198619420717,1002.4153870170683,48.4935807592255,1.8326411716641782
230.0,28.43002309447542,7.985833304343301,10.453481229667645,0.890790010985352,0.3636036180547036,1002.2676501270342,48.526626035380716,1.831923262028868
230.0,28.45155391885318,7.980854991801216,10.457396240165787,0.8906546826222608,0.36338778345906875,1002.1199158991955,48.55967524177467,1.8312059350464693
230.0,28.47307861967288,7.975879359643183,10.46130916990245,0.8905193542591695,0.3631723570786082,1001.9721843323174,48.59272838084784,1.8304891901084612
230.0,28.494597198333068,7.9709064060232375,10.465220027873883,0.8903840258960782,0.3629573378405754,1001.8244554251697,48.62578545504773,1.8297730266075038
230.0,28.516109656226114,7.965936129089772,10.469128823050404,0.890248697532987,0.3627427246759987,1001.6767291765152,48.65884646682138,1.829057443936589
230.0,28.537615994747803,7.960968526998325,10.473035564375543,0.8901133691698957,0.3625285165196817,1001.5290055851186,48.691911418618716,1.8283424414892806
230.0,28.559116215283574,7.956003597893249,10.476940260763406,0.8899780408068044,0.3623147123101687,1001.3812846497414,48.72498031289296,1.8276280186605556
230.0,28.580610319239124,7.95104133993536,10.480842921105312,0.8898427124437132,0.36210131098974896,1001.2335663691496,48.75805315210022,1.8269141748453348
230.0,28.602098308002056,7.94608175126959,10.484743554261165,0.8897073840806219,0.3618883115044248,1001.0858507421036,48.79112993869912,1.8262009094399432
230.0,28.623580182971658,7.941124830055027,10.48864216906802,0.8895720557175306,0.3616757128038989,1000.9381377673675,48.82421067515213,1.825488221840786
230.0,28.645055945539923,7.93617057446616,10.492538774337467,0.8894367273544395,0.3614635138415614,1000.790427443699,48.857295363920024,1.824776111445281
230.0,28.666525597104652,7.931218982632673,10.496433378850568,0.8893013989913481,0.3612517135744676,1000.6427197698603,48.89038400747168,1.8240645776518152
230.0,28.687989139050245,7.9262700527535905,10.500325991367589,0.8891660706282569,0.3610403109633321,1000.4950147446073,48.923476608273724,1.8233536198587343
230.0,28.709446572779193,7.921323782978721,10.504216620619076,0.8890307422651657,0.3608293049724999,1000.3473123667014,48.95657316879949,1.8226432374657957
230.0,28.730897899682223,7.916380171485354,10.508105275312296,0.8888954139020744,0.3606186945699497,1000.1996126348982,48.98967369152277,1.821933429873101
230.0,28.75234312116027,7.911439216401691,10.511991964122764,0.8887600855389831,0.36040847872724685,1000.0519155479589,49.022778178921705,1.8212241964820062
230.0,28.773782238595857,7.906500915937045,10.515876695709153,0.8886247571758918,0.3601986564195649,999.9042211046337,49.05588663347336,1.820515536693799
230.0,28.795215253404006,7.90156526827381,10.51975947870158,0.8884894288128006,0.3599892266256376,999.7565293036845,49.08899905766359,1.8198074499104715
230.0,28.816642166963742,7.896632271565437,10.523640321700256,0.8883541004497093,0.35978018832776676,999.6088401438616,49.122115453974324,1.8190999355355195
230.0,28.83806298067376,7.891701923958532,10.527519233282291,0.888218772086618,0.35957154051179596,999.4611536239203,49.15523582489403,1.8183929929731013
230.0,28.859477695924937,7.886774223680106,10.531396222005668,0.8880834437235268,0.35936328216709285,999.3134697426138,49.18836017291293,1.817686621626815
230.0,28.88088631412059,7.881849168909339,10.535271296397916,0.8879481153604355,0.3591554122865392,999.1657884986962,49.22148850052396,1.8169808209019214
230.0,28.902288836644814,7.876926757794533,10.539144464957381,0.8878127869973442,0.3589479298665174,999.0181098909154,49.254620810222384,1.816275590204841
230.0,28.923685264902115,7.872006988540309,10.543015736166652,0.887677458634253,0.35874083390688843,998.8704339180263,49.28775710450675,1.8155709289416921
230.0,28.94507560028173,7.8670898593143255,10.546956056917146,0.8875421302711617,0.3585341234109811,998.7227605787772,49.32089738587762,1.814866836520019
230.0,28.96645984418012,7.862175368337316,10.5509269909605,0.8874068019080705,0.35832779738557485,998.5750898719182,49.35404165683808,1.8141633123473566
230.0,28.98783799799599,7.857263465900518,10.554895804698752,0.8872714735449793,0.358121854840895,998.4274217961977,49.38718991989552,1.8134603553551976
230.0,29.00921006312132,7.85235424623293,10.558891423956092,0.887136145181888,0.3579162947905776,998.2797563503649,49.42034217755758,1.8127579659155326
230.0,29.030576040954216,7.847447659358615,10.562885914936935,0.8870008168187967,0.35771111625167495,998.1320935331668,49.45349843233738,1.812056142953172
230.0,29.051935932885037,7.842543703494234,10.566878304352976,0.8868654884557055,0.3575063182446258,997.9844333433498,49.486658686747475,1.811354885878718
230.0,29.073289740305917,7.837642376822813,10.570868601139892,0.8867301600926142,0.3573018997932587,997.8367757796574,49.519822943304725,1.8106541941037912
230.0,29.094637464626057,7.832743677530718,10.574856814207763,0.8865948317295229,0.357097859924747,997.6891208408385,49.55299120452858,1.8099540670405858
230.0,29.115979107221662,7.827847603822407,10.578842952442372,0.8864595033664316,0.3568941976696356,997.541468525633,49.58616347294174,1.8092545041017691
230.0,29.137314669504836,7.82295415390909,10.582827024699581,0.8863241750033404,0.3566909120617896,997.3938188327883,49.61933975106934,1.8085555047010162
230.0,29.158644152857512,7.818063325976461,10.586809039813602,0.8861888466402491,0.35648800213840165,997.2461717610447,49.65252004143831,1.807857068252659
230.0,29.179967558691725,7.813175118258615,10.590789006593482,0.8860535182771578,0.3562854669399651,997.098527309146,49.685704346578746,1.8071591941711047
230.0,29.201284888384492,7.808289528920657,10.594766933815855,0.8859181899140666,0.35608330551027334,996.9508854758327,49.718892669024214,1.8064618818726939
230.0,29.222596143339945,7.803406556198403,10.598742830239438,0.8857828615509753,0.3558815168963944,996.8032462598434,49.752085011308694,1.8057651307732625
230.0,29.2439013249553,7.798526198291024,10.6027167045933,0.8856475331878841,0.35568010014866025,996.6556096599213,49.785281375971934,1.8050689402899682
230.0,29.265200434623285,7.7936484534057975,10.606688565580527,0.8855122048247928,0.35547905432064836,996.5079756748022,49.81848176555365,1.804373309840607
230.0,29.286493473741338,7.788773319770691,10.610658421884054,0.8853768764617016,0.3552783784691841,996.3603443032265,49.85168618259816,1.8036782388432542
230.0,29.307780443700178,7.7839007955924036,10.614626282156536,0.8852415480986103,0.35507807165431676,996.2127155439297,49.88489462965128,1.8029837267172337
230.0,29.32906134589806,7.779030879095743,10.618592155027834,0.8851062197355191,0.35487813293928583,996.0650893956503,49.918107109262436,1.8022897728821117
230.0,29.350336181734576,7.774163568463666,10.622556049099082,0.8849708913724278,0.35467856139054527,995.9174658571237,49.95132362398238,1.801596376758895
230.0,29.37160495259918,7.769298861944962,10.62651797295198,0.8848355630093365,0.3544793560777219,995.7698449270839,49.98454417636598,1.8009035377682387
230.0,29.392867659891174,7.764436757775095,10.630477935143617,0.8847002346462453,0.3542805160736086,995.6222266042666,50.01776876896943,1.8002112553319065
230.0,29.414124305004776,7.759577254142981,10.634435944201023,0.884564906283154,0.3540820404541703,995.4746108874033,50.05099740435334,1.7995195288726802
230.0,29.435374889336153,7.754720349296936,10.638392008631804,0.8844295779200627,0.35388392829848525,995.3269977752304,50.084230085078666,1.7988283578135942
230.0,29.45661941428326,7.749866041454963,10.642346136916126,0.8842942495569714,0.3536861786887882,995.179387266477,50.11746681371212,1.7981377415787418
230.0,29.477857881237714,7.745014328843039,10.646298337510572,0.8841589211938802,0.35348879071041217,995.0317793598755,50.15070759282037,1.7974476795926908
230.0,29.49909029159494,7.740165209704847,10.650248618849929,0.8840235928307889,0.35329176345179525,994.8841740541546,50.183952424973626,1.7967581712803435
230.0,29.52031664675757,7.735318682246513,10.65419698933991,0.8838882644676976,0.35309509600446676,994.7365713480484,50.21720131274647,1.7960692160682559
230.0,29.54153694811411,7.730474744708517,10.658143457364865,0.8837529361046064,0.35289878746302605,994.5889712402801,50.25045425871115,1.7953808133828084
230.0,29.56275119705662,7.7256333953474545,10.662088031288775,0.8836176077415152,0.3527028369251482,994.4413737295828,50.28371126545061,1.7946929626510848
230.0,29.583959394999592,7.720794632378933,10.666030719446631,0.8834822793784239,0.3525072434915381,994.2937788146822,50.31697233554306,1.7940056633013306
230.0,29.605161543319596,7.715958454035859,10.669971530150363,0.8833469510153327,0.3523120062659585,994.1461864943043,50.35023747157298,1.7933189147624338
230.0,29.62635764342539,7.711124858595728,10.673910471693233,0.8832116226522414,0.35211712435518033,993.9985967671756,50.38350667612758,1.7926327164631288
230.0,29.647547696696222,7.706293844246908,10.677918356857667,0.8830762942891501,0.3519225968690021,993.8510096320202,50.41677995179525,1.791947067834227
230.0,29.668731704545095,7.701465409297892,10.681955937438914,0.8829409659260589,0.3517284229201965,993.7034250875638,50.450057301167526,1.791261968305608
230.0,29.689909668362812,7.696639551921469,10.685991429282524,0.8828056375629676,0.35153460162454675,993.5558431325297,50.483338726840216,1.790577417309585
230.0,29.711081589541212,7.6918162704178705,10.690024841232407,0.8826703091998763,0.3513411321008027,993.4082637656396,50.51662423141102,1.7898934142777239
230.0,29.732247469483987,7.686995563013229,10.694056182103118,0.882534980836785,0.3511480134706663,993.2606869856168,50.54991381747827,1.7892099586428256
230.0,29.75340730957866,7.682177427950651,10.698085460684283,0.8823996524736938,0.35095524485880186,993.1131127911815,50.583207487646035,1.7885270498387889
230.0,29.774561111228838,7.677361863511141,10.702112685743359,0.8822643241106025,0.35076282539279896,992.9655411810554,50.616505244519665,1.7878446872989295
230.0,29.79570887582332,7.672548867915544,10.706137866018565,0.8821289957475112,0.3505707542031743,992.817972153957,50.649807090706446,1.7871628704587432
230.0,29.816850604763626,7.667738439441232,10.710161010224937,0.88199366738442,0.35037903042336777,992.6704057086049,50.68311302881863,1.7864815987534264
230.0,29.837986299440935,7.66293057633041,10.714182127052638,0.8818583390213288,0.35018765318970346,992.5228418437175,50.71642306146843,1.7858008716193172
230.0,29.85911596126184,7.6581252768625525,10.718201225170347,0.8817230106582374,0.34999662164140183,992.375280558015,50.74973719127429,1.785120688492777
230.0,29.88023959161341,7.6533225392536846,10.722218313213986,0.8815876822951463,0.3498059349205585,992.2277218502089,50.783055420853024,1.784441048812297
230.0,29.901357191893386,7.64852236183121,10.726233399806034,0.881452353932055,0.34961559217212695,992.0801657190173,50.81637775282633,1.783761952014933
230.0,29.922468763496727,7.643724742810534,10.730246493535034,0.8813170255689637,0.3494255925439211,991.932612163156,50.84970418982042,1.7830833975400016
230.0,29.94357430781968,7.638929680474592,10.734257602969194,0.8811816972058725,0.34923593518659124,991.785061181337,50.88303473446114,1.7824053848270263
230.0,29.96467382626444,7.634137173064411,10.73826673665149,0.8810463688427812,0.3490466192536161,991.6375127722762,50.916369389379405,1.7817279133166068
230.0,29.985767320220695,7.629347218885953,10.742273903104355,0.8809110404796899,0.3488576439012897,991.4899669346836,50.949708157206615,1.781050982448998
230.0,30.006854791085793,7.624559816186654,10.746279110820367,0.8807757121165987,0.3486690082887128,991.3424236672734,50.98305104057962,1.780374591666265
230.0,30.027936240261198,7.6197749632492275,10.750282368273922,0.8806403837535074,0.348480711577775,991.1948829687562,51.016398042135634,1.7796987404100113
230.0,30.049011669138967,7.614992658343829,10.7542836839108,0.8805050553904161,0.34829275293316436,991.0473448378406,51.04974916451601,1.779023428123454
230.0,30.070081079110206,7.61021289974104,10.758283066154618,0.8803697270273249,0.3481051315223095,990.8998092732365,51.083104410363106,1.778348654250289
230.0,30.09114447158173,7.60543568572594,10.76228052340928,0.8802343986642336,0.3479178465154229,990.7522762736536,51.11646378232431,1.777674418234619
230.0,30.112201847946196,7.600661014567704,10.766276064048839,0.8800990703011423,0.3477308970854569,990.6047458377993,51.14982728304787,1.7770007195211448
230.0,30.133253209594415,7.595888884571966,10.770269696428628,0.879963741938051,0.3475442824080965,990.4572179643798,51.18319491518613,1.7763275575552906
230.0,30.154298557923138,7.591119293959955,10.774261428873444,0.8798284135749599,0.3473580016617562,990.309692652101,51.21656668139333,1.7756549317840409
230.0,30.175337894344405,7.586352241094699,10.77825126969816,0.8796930852118686,0.3471720540275608,990.1621698996714,51.24994258432751,1.7749828416534166
230.0,30.19637122023955,7.5815877241892755,10.782239227179922,0.8795577568487774,0.346986438689339,990.0146497057923,51.28332262664743,1.7743112866115311
230.0,30.217398537007423,7.576825741587544,10.786225309584793,0.8794224284856861,0.346801154833614,989.8671320691691,51.31670681101626,1.7736402661059694
230.0,30.238419846045524,7.572066291541241,10.790209525145748,0.8792871001225948,0.34661620164957874,989.719616988505,51.35009514009951,1.7729697795861596
230.0,30.259435148747713,7.56730937236272,10.794191882080097,0.8791517717595035,0.3464315783291056,989.5721044625011,51.3834876165651,1.772299826501152
230.0,30.280444446514025,7.562554982321267,10.798172388578003,0.8790164433964123,0.3462472840667228,989.4245944898585,51.41688424308346,1.7716304063015609
230.0,30.301447740741892,7.557803119738868,10.802151052812178,0.878881115033321,0.3460633180596081,989.27708706928,51.45028502232941,1.7709615184378118
230.0,30.322445032825396,7.553053782881307,10.806127882923562,0.8787457866702297,0.3458796795075706,989.1295821994648,51.48368995697867,1.7702931623615472
230.0,30.34343632415995,7.548306970071748,10.810193801543157,0.8786104583071385,0.34569636761304945,988.9820798791105,51.51709904971146,1.769625337524966
230.0,30.364421616149695,7.5435626796031485,10.814268266843307,0.8784751299440472,0.3455133815810914,988.8345801069171,51.550512303208414,1.7689580433805512
230.0,30.385400910180064,7.5388209097702905,10.818340683612476,0.8783398015809559,0.34533072061936126,988.6870828815805,51.583929720154934,1.76829127938202
230.0,30.40637420765318,7.53408165885262,10.822411060522619,0.8782044732178647,0.3451483839381068,988.5395882017989,51.617351303237974,1.7676250449833766
230.0,30.42734150996767,7.5293449251670665,10.826479406228728,0.8780691448547735,0.3449663707501602,988.3920960662663,51.650777055147394,1.766959339639528
230.0,30.44830281851351,7.524610707048365,10.830545729362377,0.8779338164916821,0.3447846802709333,988.2446064736789,51.684206978576476,1.7662941628054585
230.0,30.469258134695515,7.519879002772961,10.834610038526456,0.877798488128591,0.3446033117183862,988.0971194227312,51.71764107622193,1.7656295139371423
230.0,30.490207459907012,7.515149810662459,10.83867234229919,0.8776631597654997,0.34442226431305384,987.9496349121155,51.751079350781254,1.764965392491575
230.0,30.51115079554342,7.510423129016821,10.842732649241682,0.8775278314024084,0.3442415372779824,987.8021529405257,51.78452180495542,1.7643017979259255
230.0,30.532088142998592,7.505698956144932,10.846790967880338,0.8773925030393172,0.34406112983877724,987.6546735066529,51.81796844144953,1.7636387296981277
230.0,30.553019503673838,7.500977290361338,10.850847306727758,0.8772571746762259,0.34388104122354796,987.5071966091876,51.85141926296958,1.7629761872667655
230.0,30.573944878961072,7.496258130001909,10.854901674270097,0.8771218463131346,0.3437012706629187,987.3597222468192,51.88487427222382,1.762314170090926
230.0,30.594864270265848,7.491541473357035,10.858954078966114,0.8769865179500433,0.3435218173900177,987.212250418239,51.91833347192702,1.7616526776302663
230.0,30.61577767897889,7.486827318740418,10.863004529253459,0.8768511895869521,0.3433426806404556,987.064781122137,51.951796864793906,1.7609917093457628
230.0,30.63668510649681,7.4821156644927465,10.867053033547563,0.8767158612238608,0.34316385965233437,986.9173143571962,51.985264453540424,1.7603312646981881
230.0,30.65758655421108,7.477406508952105,10.87109960024359,0.8765805328607695,0.34298535366621313,986.7698501221075,52.018736240888146,1.7596713431489814
230.0,30.678482023532315,7.472699850358617,10.875144237699239,0.8764452044976783,0.3428071619251289,986.6223884155547,52.05221222956153,1.759011944161506
230.0,30.69937151584588,7.467995687105488,10.879186954263025,0.876309876134587,0.34262928367455153,986.4749292362242,52.08569242228606,1.7583530671980596
230.0,30.720255032549204,7.463294017520937,10.88322775826416,0.8761745477714957,0.34245171816239733,986.3274725828003,52.119176821789196,1.757694711722437
230.0,30.7411325750415,7.4585948399063255,10.887266657986826,0.8760392194084046,0.3422744646390158,986.1800184539665,52.152665430804745,1.7570368771989722
230.0,30.762004144721477,7.4538981525953165,10.891303661716677,0.8759038910453133,0.3420975223571777,986.0325668484047,52.186158252066164,1.7563803595161867
230.0,30.78286974298723,7.4492039539401524,10.895338777706932,0.875768562682222,0.34192089057206076,985.8851177647994,52.21965528831102,1.7557294141569142
230.0,30.80372937121846,7.444512242267573,10.899372014189218,0.8756332343191308,0.34174456854124996,985.7376712018273,52.25315654227838,1.755078978332178
230.0,30.824583030841126,7.439823015919435,10.903403379375371,0.8754979059560395,0.34156855552471294,985.5902271581756,52.28666201671409,1.7544290515167227
230.0,30.845430723230987,7.435136273223203,10.907432881464018,0.8753625775929482,0.3413928507848149,985.4427856325191,52.320171714361734,1.7537796331870357
230.0,30.866272449792103,7.430452012584876,10.91146052863909,0.875227249229857,0.34121745358627537,985.2953466235367,52.35368563796957,1.753130722820364
230.0,30.887108211913258,7.425770232337395,10.915486329062873,0.8750919208667657,0.3410423631961904,985.1479101299063,52.387203790289064,1.7524823198958717
230.0,30.907938011003658,7.421090930838201,10.919510290886832,0.8749565925036744,0.3408675788840035,985.0004761503064,52.4207261740754,1.7518344238940247
230.0,30.928761848443894,7.416414106479189,10.923532422252451,0.8748212641405831,0.3406930999215045,984.853044683411,52.454252792082436,1.7511870342956772
230.0,30.94957972564444,7.411739757630234,10.927552731280493,0.8746859357774919,0.34051892558281555,984.7056157278984,52.4877836470721,1.7505401505832752
230.0,30.970391644005403,7.407067882579031,10.931571226055475,0.8745506074144006,0.3403450551443954,984.5581892824417,52.52131874180846,1.7498937722383803
230.0,30.99119760490626,7.402398479764037,10.935592011857054,0.8744152790513093,0.3401714878849992,984.4107653457137,52.55485807905295,1.7492478987417086
230.0,31.01199760975875,7.397731547452946,10.939669416134443,0.8742799506882182,0.3399982230857086,984.2633439163895,52.58840166157707,1.748602529573084
230.0,31.032791659947335,7.393067083996433,10.943814571610126,0.8741446223251268,0.3398252600298919,984.1159249931385,52.62194949214853,1.7479576642114287
230.0,31.053579756888823,7.388405087723493,10.94795770087093,0.8740092939620356,0.33965259800321096,983.9685085746354,52.655501573544306,1.7473133021343976
230.0,31.07436190195985,7.383745556881073,10.952098812400408,0.8738739655989444,0.3394802362936054,983.8210946595472,52.689057908538366,1.746669442820913
230.0,31.095138096562923,7.37908848985309,10.956237914670758,0.8737386372358531,0.33930817419128734,983.673683246546,52.72261849991111,1.7460260857496777
230.0,31.11590834209487,7.374433885006889,10.960375016134364,0.8736033088727618,0.3391364109887279,983.5262743342986,52.7561833504442,1.745383230400927
230.0,31.13667263995774,7.36978174060617,10.964510125200157,0.8734679805096706,0.3389649459806546,983.3788679214738,52.789752462922834,1.7447408762568424
230.0,31.15743099154271,7.365132055049288,10.968643250287563,0.8733326521465793,0.3387937784640325,983.2314640067398,52.82332584013566,1.7440990228005548
230.0,31.178183398249,7.360484826699424,10.972774399790268,0.873197323783488,0.33862290773806486,983.0840625887624,52.856903484871104,1.743457669516473
230.0,31.198929861472845,7.355840053930867,10.976903582084887,0.8730619954203968,0.3384523331041875,982.9366636662063,52.89048539992442,1.7428168158906887
230.0,31.21967038261011,7.35119773506336,10.981030805524412,0.8729266670573055,0.33828205386604365,982.789267237736,52.924071588090825,1.742176461410123
230.0,31.24040496306509,7.346557868504199,10.985156078444966,0.8727913386942142,0.33811206932948856,982.6418733020166,52.95766205217139,1.7415366055621326
230.0,31.261133604220152,7.341920452621138,10.989279409168631,0.8726560103311229,0.3379423788025776,982.4944818577078,52.991256794963455,1.740897247835521
230.0,31.28185630747944,7.337285485793456,10.993400805985729,0.8725206819680318,0.3377729815955573,982.347092903476,53.02485581927706,1.7402583877188464
230.0,31.30257307424672,7.3326529663709925,10.997520277172377,0.8723853536049404,0.33760387702085604,982.1997064379791,53.058459127915825,1.739620024702684
230.0,31.323283905907573,7.328022892768836,11.00163783098307,0.8722500252418492,0.3374350643930764,982.0523224598795,53.09206672369152,1.7389821582768996
230.0,31.3439888038633,7.323395263323671,11.00575347564459,0.8721146968787579,0.3372665430289893,981.9049409678363,53.12567860941759,1.7383447879331837
230.0,31.36468776951276,7.3187700764391845,11.0098672193689,0.8719793685156667,0.3370983122475155,981.757561960507,53.15929478791015,1.7377079131629232
230.0,31.385380804247408,7.314147330488088,11.013979070342295,0.8718440401525754,0.33693037136972764,981.6101854365509,53.19291526198726,1.7370715334584605
230.0,31.40606790947072,7.309527023856412,11.018089036727169,0.8717087117894842,0.33676271971884103,981.4628113946251,53.22654003447222,1.7364356483125631
230.0,31.42674908657521,7.304909154933789,11.022197126669994,0.8715733834263929,0.3365953566202015,981.3154398333844,53.26016910818765,1.735800257219174
230.0,31.447424336959273,7.300293722084967,11.02630334828796,0.8714380550633016,0.3364282814012686,981.1680707514859,53.293802485961564,1.7351653596722227
230.0,31.468093662011473,7.295680723701292,11.030407709681036,0.8713027267002104,0.33626149339163325,981.0207041475807,53.32744017062415,1.734530955166307
230.0,31.488757063143254,7.291070158178774,11.034510218930656,0.8711673983371191,0.33609499192298153,980.873340020326,53.36108216500846,1.7338970431971747
230.0,31.509414541744068,7.28646202388858,11.038610884087753,0.8710320699740278,0.3359287763291012,980.725978368375,53.3947284719526,1.7332636232607457
230.0,31.530066099208817,7.281856319233522,11.042709713188216,0.8708967416109366,0.3357628459458643,980.5786191903773,53.42837909429161,1.7326306948535253
230.0,31.550711736941786,7.277253042593512,11.046806714249207,0.8707614132478453,0.3355972001112344,980.4312624849855,53.46203403487104,1.7319982574729649
230.0,31.571351456333623,7.272652192375494,11.05090189525992,0.870626084884754,0.3354318381652458,980.2839082508488,53.49569329653314,1.731366310616931
230.0,31.591985258775352,7.268053760516089,11.054995353834137,0.8704907565216629,0.33526675944999557,980.1365564866152,53.52935688212381,1.7307348548781718
230.0,31.61261314566575,7.2634577584115485,11.059086919899535,0.8703554281585715,0.3351019633096385,979.9892071909356,53.5630247944961,1.7301038876065173
230.0,31.633235118418487,7.258864177903754,11.063176689785692,0.8702200997954803,0.33493744909038076,979.8418603624576,53.59669703650254,1.7294734093571076
230.0,31.653851178410054,7.254273017395865,11.067264671396822,0.870084771432389,0.33477321614047356,979.6945159998276,53.630373610997985,1.728843419630462
230.0,31.67446132704407,7.249684275280147,11.071350872619504,0.8699494430692978,0.33460926381019324,979.547174101691,53.66405452084081,1.7282139179272795
230.0,31.695065565722214,7.245097949968463,11.07552800331986,0.8698141147062065,0.33444559145185265,979.3998346666932,53.69773976889609,1.7275849037493916
230.0,31.71566389583908,7.240514039847039,11.079710042629415,0.8696787863431152,0.33428219841977097,979.2524976934798,53.73142935802457,1.726956376599091
230.0,31.736256318778544,7.235932543352037,11.083890096350622,0.869543457980024,0.3341190840702894,979.1051631806912,53.765123291095364,1.7263283359788881
230.0,31.75684283595219,7.231353458859855,11.0880681728569,0.8694081296169327,0.33395624776174526,978.9578311269715,53.79882157097843,1.725700781392789
230.0,31.777423448751048,7.226776784794167,11.092244280512674,0.8692728012538414,0.33379368885446875,978.8105015309636,53.832524200547205,1.7250737123448137
230.0,31.797998158579766,7.222202519533525,11.096418427653475,0.8691374728907502,0.3336314067107821,978.6631743913075,53.86623118267832,1.7244471283398717
230.0,31.818566966827213,7.217630661519186,11.100590622594488,0.8690021445276589,0.3334694006949835,978.5158497066427,53.899942520249766,1.723821028883532
230.0,31.839129874883294,7.213061209156491,11.104760873634042,0.8688668161645676,0.33330767017334223,978.368527475607,53.93365821614305,1.7231954134813798
230.0,31.85968688416034,7.20849416085217,11.108929189039237,0.8687314878014765,0.33314621451409304,978.221207696842,53.967378273244314,1.7225702816404065
230.0,31.880237996047214,7.203929515027726,11.113095577064236,0.8685961594383851,0.33298503308743177,978.0738903689828,54.001102694440554,1.7219456328679692
230.0,31.900783211932257,7.199367270085388,11.117260045933712,0.8684608310752939,0.33282412526549116,977.9265754906645,54.03483148262034,1.7213214666720904
230.0,31.921322533226757,7.194807424460166,11.121422603859429,0.8683255027122025,0.3326634904223555,977.779263060527,54.06856464068051,1.7206977825611889
230.0,31.94185596132368,7.190249976545527,11.125583259020992,0.8681901743491114,0.33250312793404224,977.6319530772014,54.102302171515525,1.7200745800446122
230.0,31.962383497608304,7.185694924792368,11.129742019585976,0.8680548459860201,0.33234303717849295,977.4846455393229,54.13604407802316,1.7194518586320389
230.0,31.982905143493788,7.181142267615928,11.13389889370017,0.8679195176229288,0.33218321753556673,977.3373404455255,54.1697903631093,1.7188296178339197
230.0,32.00342090036236,7.176592003423101,11.138053889481121,0.8677841892598376,0.33202366838703773,977.1900377944382,54.20354102967463,1.7182078571615162
230.0,32.02393076962382,7.172044130649797,11.142207015029925,0.8676488608967463,0.33186438911658395,977.0427375846954,54.23729608063059,1.7175865761264875
230.0,32.04443475266352,7.167498647728095,11.14635827842848,0.867513532533655,0.3317053791097779,976.8954398149255,54.27105551888521,1.7169657742409852
230.0,32.0649328508842,7.162955553077687,11.150507687732478,0.8673782041705638,0.3315466377540866,976.7481444837605,54.304819347353586,1.7163454510181835
230.0,32.0854250656797,7.158414845145699,11.154655250984035,0.8672428758074725,0.3313881644388506,976.6008515898261,54.338587568951766,1.715725605971452
230.0,32.10591139844619,7.1538765223342535,11.158800976189717,0.8671075474443812,0.3312299585553013,976.453561131752,54.3723601866008,1.7151062386150677
230.0,32.12639185058363,7.149340583081894,11.162944871354199,0.86697221908129,0.33107201949651965,976.3062731081645,54.40613720322051,1.71448734846417
230.0,32.146866423485655,7.1448070258491265,11.167086944448641,0.8668368907181987,0.3309143466574657,976.1589875176907,54.43991862173807,1.7138689350334453
230.0,32.1673351185479,7.140275849057279,11.171227203436352,0.8667015623551075,0.3307569394349394,976.0117043589531,54.473704445080536,1.7132509978394532
230.0,32.18779793717354,7.135747051134244,11.175365656240631,0.8665662339920162,0.33059979722759675,975.8644236305802,54.507494676180826,1.7126335363989607
230.0,32.20825488075062,7.131220630517774,11.179502310779696,0.866430905628925,0.33044291943592985,975.7171453311913,54.541289317972115,1.712016550228975
230.0,32.22870595067993,7.126696585675188,11.183637174947208,0.8662955772658337,0.3302863054622629,975.5698694594104,54.57508837338985,1.7114000388472255
230.0,32.2491511483559,7.122174915022281,11.187770256616304,0.8661602489027425,0.3301299547107515,975.422596013861,54.60889184537668,1.7107840017725842
230.0,32.26959047517374,7.117655617002159,11.191901563639156,0.8660249205396512,0.32997386658736044,975.2753249931603,54.64269973687323,1.7101684385241351
230.0,32.290023932538034,7.113138690066965,11.196031103848263,0.8658895921765599,0.3298180404998758,975.1280563959313,54.67651205082714,1.7095533486213408
230.0,32.310451521835255,7.10862413268318,11.200158885060759,0.8657542638134686,0.32966247585788444,974.9807902207913,54.71032879018497,1.7089387315846327
230.0,32.33087324446686,7.104111943259874,11.204284915063312,0.8656189354503774,0.32950717207277835,974.8335264663594,54.74414995790042,1.7083245869352814
230.0,32.35128910182662,7.09960212026834,11.208485432646341,0.8654836070872861,0.3293521285577243,974.6862651312514,54.777975556927274,1.707710914194572
230.0,32.371699095315115,7.095094662163268,11.212706517748316,0.8653482787241948,0.3291973447276964,974.5390062140852,54.81180559022231,1.7070977128845757
230.0,32.3921032263235,7.090589567400613,11.216925650623873,0.8652129503611036,0.3290428199994287,974.391749713476,54.84564006074719,1.706484982528253
230.0,32.41250149625152,7.086086834394598,11.221142839535759,0.8650776219980123,0.3288885537914377,974.2444956280369,54.87947897146478,1.7058727226491484
230.0,32.43289390649185,7.0815864616538375,11.225358092742203,0.8649422936349211,0.32873454552400067,974.0972439563825,54.91332232534203,1.7052609327709618
230.0,32.45328045845129,7.07708844759894,11.229571418468822,0.8648069652718298,0.32858079461914663,973.949994697129,54.9471701253487,1.7046496124186263
230.0,32.47366115351334,7.072592790703179,11.233782824925568,0.8646716369087386,0.3284273005006689,973.802747848882,54.98102237445385,1.7040387611170391
230.0,32.49403599308029,7.068099489433335,11.237992320302766,0.8645363085456472,0.3282740625940955,973.655503410257,55.0148790756359,1.7034283783920445
230.0,32.514404978545386,7.06360854222746,11.242199912758977,0.8644009801825561,0.328121080326694,973.5082613798633,55.04874023187209,1.7028184637704198
230.0,32.534768111311124,7.059119947567904,11.246405610443233,0.8642656518194648,0.3279683531274688,973.3610217563088,55.08260584614449,1.7022090167787607
230.0,32.55512539276503,7.054633703904876,11.250609421480362,0.8641303234563735,0.32781588042714466,973.2137845382024,55.11647592143464,1.7016000369450945
230.0,32.57547682430841,7.050149809725719,11.2548113539724,0.8639949950932823,0.32766366165816624,973.0665497241516,55.15035046073137,1.700991523797307
230.0,32.59582240734309,7.04566826347221,11.259011416002508,0.863859666730191,0.3275116962546932,972.9193173127652,55.184229467025716,1.7003834768643744
230.0,32.616162143252346,7.041189063636541,11.263209615637372,0.8637243383670997,0.32735998365258556,972.7720873026446,55.218112943308995,1.6997758956759548
230.0,32.636496033441574,7.0367122086756355,11.267405960909961,0.8635890100040085,0.32720852328940403,972.624859692398,55.25200089257712,1.6991687797616475
230.0,32.65682407930575,7.0322376970471,11.271600459846482,0.8634536816409172,0.32705731460441134,972.4776344806287,55.28589331783022,1.6985621286525991
230.0,32.677146282237096,7.027765527262901,11.275793120447211,0.8633183532778259,0.32690635703854243,972.3304116659385,55.31979022206911,1.697955941879299
230.0,32.697462643633706,7.023295697751562,11.279983950694401,0.8631830249147346,0.3267556500344207,972.1831912469283,55.3536916082974,1.6973502189745617
230.0,32.717773164893984,7.018828207036413,11.284172958547856,0.8630476965516434,0.3266051930363481,972.0359732222026,55.38759747952696,1.6967449594699846
230.0,32.73807784741633,7.0143630535296415,11.288360151941546,0.8629123681885522,0.32645498549028384,971.8887575903611,55.421507838764796,1.6961401628994703
230.0,32.758376692588406,7.009900235788258,11.29254553880235,0.8627770398254608,0.32630502684385554,971.7415443500015,55.45542268902714,1.6955358287954887
230.0,32.77866970181018,7.005439752252886,11.296729127034114,0.8626417114623697,0.32615531654634494,971.5943334997221,55.489342033328015,1.6949319566930705
230.0,32.798956876473504,7.000981601393697,11.30092719698871,0.8625063830992784,0.3260058540486848,971.4471250381207,55.52326587468904,1.694328546127095
230.0,32.819238217987866,6.996525781713213,11.305140365186212,0.8623710547361871,0.3258566388034464,971.2999189637958,55.55719421613379,1.6937255966324773
230.0,32.83951372773178,6.992072291695837,11.3093517451833,0.8622357263730959,0.3257076702648446,971.1527152753404,55.59112706068619,1.6931231077454947
230.0,32.85978340711385,6.98762112983014,11.31356134477575,0.8621003980100046,0.32555894788871825,971.0055139713522,55.62506441137635,1.6925210790025658
230.0,32.88004725753091,6.983172294585272,11.317769171741503,0.8619650696469133,0.325410471132539,970.8583150504239,55.6590062712356,1.6919195099411726
230.0,32.90030528036468,6.978725784465084,11.321975233846274,0.8618297412838221,0.32526223945538507,970.7111185111474,55.69295264329694,1.691318400098895
230.0,32.92055747702353,6.974281597956233,11.326179538829285,0.8616944129207308,0.32511425231796276,970.563924352117,55.72690353060116,1.6907177490141967
230.0,32.940803848897666,6.9698397335599,11.330382094400136,0.8615590845576395,0.32496650918257475,970.4167325719192,55.760858936186054,1.6901175562257387
230.0,32.96104439738847,6.965400189757957,11.334582908277994,0.8614237561945483,0.3248190095131236,970.2695431691516,55.79481886309861,1.6895178212734612
230.0,32.98127912388861,6.960962965042964,11.33878198813244,0.861288427831457,0.3246717527751216,970.1223561423984,55.82878331438378,1.6889185436974103
230.0,33.001508029792085,6.956528057922334,11.343061169707724,0.8611530994683658,0.3245247384356513,969.9751714902495,55.86275229309108,1.688319723038037
230.0,33.0217311164961,6.952095466885419,11.347354491994622,0.8610177711052744,0.3243779659633873,969.8279892112921,55.89672580227225,1.687721358836871
230.0,33.04194838539742,6.947665190447431,11.351645883245233,0.8608824427421833,0.3242314348285867,969.6808093041126,55.930703844985224,1.6871234506356798
230.0,33.06215983789079,6.94323724097495,11.355935242718807,0.8607471143790919,0.32408514450306497,969.5336317672985,55.96468642428801,1.6865259947609015
230.0,33.082365475371255,6.938811589429538,11.36022279605897,0.8606117860160007,0.3239390944602184,969.3864565994315,55.99867354324286,1.6859289971705522
230.0,33.10256529923745,6.9343882479825085,11.364508442763444,0.8604764576529095,0.3237932841749887,969.2392837990997,56.03266520491346,1.6853324542096315
230.0,33.122759310877846,6.929967215127328,11.36879219092934,0.8603411292898182,0.32364771312388685,969.0921133648814,56.066661412368056,1.6847363654231151
230.0,33.14294751169898,6.925548489377567,11.373074048615237,0.8602058009267269,0.32350238078495563,968.944945295362,56.10066216867853,1.6841407303554583
230.0,33.16312990308858,6.921132069235653,11.377354023866936,0.8600704725636357,0.32335728663779933,968.7977795891222,56.13466747691856,1.6835455485518276
230.0,33.18330648644559,6.916717953225911,11.381632124725982,0.8599351442005444,0.32321243016354,968.6506162447398,56.168677340162866,1.682950819558882
230.0,33.20347726316027,6.912306139834213,11.385908359173364,0.8597998158374531,0.3230678108448502,968.5034552607975,56.202691761494805,1.6823565429224594
230.0,33.223642234634234,6.907896627581229,11.390182735212754,0.8596644874743619,0.3229234281659134,968.3562966358711,56.236710743994585,1.681762718190253
230.0,33.24380140226253,6.903489414992231,11.394455260800996,0.8595291591112706,0.32277928161244324,968.2091403685398,56.27073429075155,1.681169344909706
230.0,33.26395476743348,6.8990845005844434,11.398725943881665,0.8593938307481793,0.3226353706716586,968.0619864573775,56.30476240485004,1.6805764226287256
230.0,33.284102331554664,6.8946818828471095,11.402994792381463,0.859258502385088,0.3224916948322999,967.914834900964,56.338795089387254,1.679983950896818
230.0,33.30424409601294,6.890281560340267,11.407261814218842,0.8591231740219969,0.3223482535846038,967.7676856978696,56.37283234745501,1.6793919292630215
230.0,33.32438006220162,6.885883531549152,11.411527017265904,0.8589878456589055,0.3222050464203029,967.6205388466701,56.406874182152855,1.6788003572774912
230.0,33.34451023152329,6.881487795000121,11.415790409393175,0.8588525172958144,0.32206207283262883,967.4733943459388,56.440920596582345,1.6782092344905573
230.0,33.364634605373,6.8770943492261845,11.420051998445622,0.8587171889327231,0.3219193323162904,967.3262521942478,56.474971593847634,1.6776185604537166
230.0,33.384753185139296,6.872703192733606,11.424311792260603,0.8585818605696318,0.32177682436749516,967.1791123901661,56.50902717705448,1.6770283347186092
230.0,33.40486597222716,6.868314324069581,11.428569798645768,0.8584465322065405,0.32163454848391243,967.0319749322655,56.543087349316025,1.6764385568375006
230.0,33.42497296801403,6.863927741749859,11.432826025381758,0.8583112038434493,0.32149250416468617,966.8848398191119,56.57715211374254,1.6758492263628948
230.0,33.44507417391509,6.859543444307071,11.437080480246495,0.858175875480358,0.32135069091043295,966.7377070492785,56.611221473454094,1.67526034284864
230.0,33.46516959132135,6.855161430269016,11.441333170987008,0.8580405471172667,0.3212091082232203,966.5905766213295,56.64529543156977,1.6746719058483832
230.0,33.485259221618996,6.850781698145522,11.445584105336813,0.8579052187541755,0.32106775560657497,966.4434485338317,56.67937399121009,1.6740839149172313
230.0,33.50534306620866,6.846404246500743,11.449833291008922,0.8577698903910842,0.3209266325654752,966.2963227853495,56.71345715550187,1.67349636960992
230.0,33.52542112648912,6.842029073858197,11.454080735705787,0.8576345620279929,0.32078573860634074,966.1491993744482,56.74754492757412,1.6729092694821053
230.0,33.54549340384632,6.837656178734205,11.458326447095537,0.8574992336649017,0.320645073237034,966.002078299692,56.78163731056015,1.6723226140903915
230.0,33.565559899686946,6.833285559687784,11.462570432829999,0.8573639053018105,0.3205046359668479,965.8549595596432,56.81573430759352,1.6717364029911255
230.0,33.58562061539605,6.82891721526016,11.466812700560624,0.8572285769387191,0.32036442630650963,965.7078431528614,56.84983592181159,1.6711506357418364
230.0,33.60567555237487,6.824551143965855,11.471053257902563,0.857093248575628,0.32022444376816195,965.5607290779097,56.88394215635654,1.6705653119010424
230.0,33.6257247120183,6.820187344362471,11.475304416969983,0.8569579202125366,0.32008468786537336,965.4136173333478,56.91805301437449,1.6699804310264628
230.0,33.645768095709535,6.815825814991704,11.47963862784421,0.8568225918494454,0.3199451581131244,965.2665079177322,56.952168499008785,1.6693959926775293
230.0,33.665805704859125,6.81146655439529,11.483970934814515,0.8566872634863542,0.3198058540278013,965.1194008296219,56.98628861341308,1.6688119964139787
230.0,33.685837540853846,6.8071095611150305,11.488301345933017,0.8565519351232629,0.31966677512719743,964.9722960675738,57.020413360739774,1.6682284417956303
230.0,33.70586360509701,6.80275475727328,11.492629556684797,0.8564166067601716,0.31952792093050336,964.825193630145,57.05454274414592,1.667645249570141
230.0,33.72588389897175,6.798402292797097,11.49695621868684,0.8562812783970803,0.31938929095829716,964.6780935158886,57.08867676678983,1.667062575673394
230.0,33.745898423882124,6.794052091278436,11.501281008745517,0.8561459500339891,0.31925088473255575,964.5309957233612,57.12281543183725,1.6664803421057128
230.0,33.765907181214246,6.789704151240582,11.50560393485275,0.8560106216708978,0.31911270177663453,964.3839002511114,57.15695874245214,1.6658985484294442
230.0,33.785910172369924,6.785358471303156,11.509925005002598,0.8558752933078065,0.31897474161525985,964.2368070976962,57.19110670180336,1.6653171942059684
230.0,33.80590739873678,6.781015049980707,11.514244227139265,0.8557399649447153,0.3188370037745419,964.0897162616639,57.225259313063276,1.664736278998974
230.0,33.82589886171989,6.7766738858534,11.51856160922106,0.855604636581624,0.3186994877819532,963.9426277415658,57.2594165794073,1.6641558023717615
230.0,33.84588456271388,6.772334977437894,11.522877159153225,0.8554693082185327,0.318562193166336,963.7955415359519,57.29357850401566,1.6635757638889492
230.0,33.86586450310022,6.767998323339442,11.527190884853255,0.8553339798554416,0.31842511945788243,963.6484576433685,57.32774509006738,1.6629961631149293
230.0,33.88583868428111,6.7636639221194,11.53150279419839,0.8551986514923502,0.31828826618814476,963.5013760623648,57.36191634074802,1.6624169996149236
230.0,33.90580710765489,6.759331772307724,11.53581289504745,0.855063323129259,0.31815163289002285,963.3542967914866,57.39609225924501,1.6618382729550438
230.0,33.925769774610174,6.755001872484069,11.54012119524247,0.8549279947661678,0.31801521909776304,963.2072198292784,57.43027284874914,1.6612599827016448
230.0,33.94572668654211,6.7506742212280955,11.544427702614392,0.8547926664030765,0.31787902434694015,963.060145174286,57.464458112454984,1.6606821284215363
230.0,33.965677844846994,6.7463488170846615,11.54873242496938,0.8546573380399852,0.3177430481744799,962.9130728250523,57.49864805355959,1.6601047096823467
230.0,33.98562325092211,6.742025658628778,11.553035370093163,0.854522009676894,0.31760729011862016,962.7660027801218,57.53284267526427,1.659527726052412
230.0,34.005562906154616,6.737704744452366,11.55733654575208,0.8543866813138027,0.31747174971894426,962.6189350380326,57.56704198076986,1.6589511770998606
230.0,34.02549681194469,6.7333860730792905,11.561635959695174,0.8542513529507114,0.3173364265163349,962.471869597328,57.601245973284534,1.6583750623949864
230.0,34.04542496968843,6.729069643121749,11.565933619651313,0.8541160245876201,0.3172013200530073,962.3248064565478,57.63545465601952,1.6577993815061918
230.0,34.06534738077454,6.724755453128356,11.570229533336025,0.8539806962245289,0.31706642987247363,962.1777456142297,57.66966803218404,1.657224134004896
230.0,34.08526404660366,6.72044350170402,11.574523708448794,0.8538453678614376,0.3169317555195622,962.0306870689119,57.70388610499655,1.6566493194610912
230.0,34.1051749685546,6.716133787404506,11.578816152648876,0.8537100394983463,0.31679729654039973,961.8836308191301,57.738108877676055,1.6560749374468018
230.0,34.125080148041995,6.711826308785605,11.583106873602787,0.8535747111352552,0.3166630524824093,961.7365768634227,57.772336353444246,1.6555009875343552
230.0,34.14497958644711,6.707521064456932,11.587395878937507,0.8534393827721638,0.31652902289430707,961.5895252003216,57.80656853552595,1.6549274692955098
230.0,34.16487328516833,6.703218052980706,11.59168317627919,0.8533040544090726,0.3163952073260988,961.4424758283637,57.84080542715184,1.6543579596482745
230.0,34.18476124560364,6.698917272948386,11.595968773235136,0.8531687260459813,0.3162616053290702,961.2954287460811,57.87504703155239,1.6537908664282002
230.0,34.20464346913725,6.694618722925196,11.60025267737604,0.8530333976828901,0.3161282164557854,961.1483839520038,57.909293351961956,1.6532241934132472
230.0,34.224519957172426,6.690322401502901,11.60453489627421,0.8528980693197988,0.3159950402600852,961.0013414446647,57.94354439161884,1.6526579401885981
230.0,34.244390711097566,6.686028307281032,11.60881543747341,0.8527627409567076,0.31586207629708163,960.8543012225938,57.97780015376587,1.652092106341229
230.0,34.26425573230758,6.681736438818654,11.613155933333786,0.8526274125936163,0.31572932412314664,960.7072632843197,58.01206064164598,1.6515266914582194
230.0,34.284115022200496,6.677446794697864,11.617529332977393,0.852492084230525,0.31559678329591956,960.560227628371,58.04632585850607,1.6509616951279869
230.0,34.303968582159506,6.673159373524752,11.621900865215295,0.8523567558674338,0.3154644533742879,960.4131942532731,58.080595807597724,1.6503971169381217
230.0,34.32381641359553,6.668874173887755,11.626270538020876,0.8522214275043425,0.31533233391840104,960.2661631575548,58.114870492177324,1.6498329564777598
230.0,34.343658517886844,6.664591194374158,11.630638359363253,0.8520860991412512,0.3152004244896431,960.1191343397403,58.149149915497716,1.6492692133360312
230.0,34.363494896436485,6.660310433553669,11.635004337189208,0.85195077077816,0.31506872465065483,959.9721077983536,58.18343408082295,1.6487058871035887
230.0,34.383325550628605,6.656031890050814,11.639368479416603,0.8518154424150687,0.31493723396530554,959.8250835319166,58.21772299141396,1.648142977370102
230.0,34.40315048186623,6.651755562436714,11.643730793962128,0.8516801140519774,0.3148059519987046,959.6780615389532,58.25201665053784,1.6475804837272194
230.0,34.42296969154872,6.647481449309339,11.64809128870533,0.8515447856888863,0.3146748783171886,959.5310418179878,58.28631506146717,1.6470184057663895
230.0,34.44278318105325,6.643209549268079,11.652477895696123,0.8514094573257949,0.3145440124883182,959.3840243675336,58.32061822747038,1.646456743079386
230.0,34.462590951778814,6.638939860902115,11.656869329735954,0.8512741289627037,0.3144133540808867,959.2370091861137,58.35492615182683,1.6458954952595004
230.0,34.4823930051221,6.634672382819995,11.661258951669943,0.8511388005996124,0.3142829026648855,959.0899962722469,58.38923883781588,1.645334661899468
230.0,34.50218934247717,6.630407113626821,11.665646769286546,0.8510034722365212,0.3141526578115345,958.9429856244506,58.4235562887196,1.6447742425928793
230.0,34.52197996523909,6.6261440519207175,11.67003279036578,0.8508681438734299,0.3140226190932532,958.7959772412406,58.45787850782496,1.644214236934326
230.0,34.541764874791276,6.621883196257395,11.674417022661196,0.8507328155103386,0.31389278608367477,958.6489711211306,58.492205498418585,1.6436546445188065
230.0,34.56154407253884,6.617624545303762,11.678799473922666,0.8505974871472474,0.3137631583576228,958.5019672626381,58.5265372637956,1.6430954649411453
230.0,34.58131755987197,6.613368097649739,11.683180151866921,0.8504621587841561,0.31363373549111967,958.3549656642754,58.56087380725034,1.6425366977974192
230.0,34.601085338179466,6.609113851873354,11.68755906419235,0.8503268304210648,0.31350451706138555,958.2079663245541,58.59521513208111,1.641978342684207
230.0,34.62084740885794,6.6048618066161575,11.69193621859037,0.8501915020579736,0.31337550264682434,958.0609692419848,58.629561241589805,1.641420399197949
230.0,34.640603773303184,6.60061196047091,11.696311622716784,0.8500561736948823,0.3132466918270133,957.9139744150822,58.66391213908443,1.6408628669365926
230.0,34.660354432898316,6.596364312044379,11.700685284230183,0.849920845331791,0.31311808418272835,957.7669818423503,58.6982678278689,1.6403057454978032
230.0,34.680099389047996,6.592118859937031,11.70505721075753,0.8497855169686999,0.31298967929590815,957.6199915223006,58.73262831125754,1.6397490344805261
230.0,34.699838643143025,6.5878756027980945,11.709427409912308,0.8496501886056085,0.31286147674966336,957.4730034534399,58.76699359256436,1.6391927334832828
230.0,34.719572196569146,6.583634702862871,11.713796016075996,0.8495148602425173,0.31273347612827557,957.3260176342754,58.8013636751082,1.6386368396087083
230.0,34.73930005072825,6.579395832034423,11.718162784002836,0.8493795318794259,0.31260567701718744,957.1790340633121,58.835738562212086,1.638081357481566
230.0,34.759022207004946,6.575159151969431,11.722527847283091,0.8492442035163348,0.31247807900300156,957.0320527390533,58.870118257196246,1.6375262841755034
230.0,34.778738666806746,6.57092466127865,11.726891213464057,0.8491088751532435,0.31235068167347346,956.8850736600052,58.90450276339269,1.636971619291577
230.0,34.79844943151213,6.566692358572164,11.731252890067829,0.8489735467901522,0.3122234846175125,956.7380968246677,58.93889208412981,1.6364173624316696
230.0,34.8181545025155,6.562462242512292,11.73561288460688,0.848838218427061,0.3120964874251693,956.5911222315447,58.973286222743454,1.6358635131970662
230.0,34.837853881218734,6.5582343116746635,11.739971204567484,0.8487028900639697,0.3119696896876508,956.4441498791342,59.007685182570576,1.6353100711912836
230.0,34.85754756899901,6.554008564718635,11.744327857420513,0.8485675617008784,0.3118430909972911,956.2971797659347,59.042088966951795,1.6347570360169799
230.0,34.87723556726798,6.549785000272113,11.748720656244103,0.8484322333377872,0.311716690947558,956.1502118904492,59.076497579231514,1.634204407277619
230.0,34.89691787740298,6.5455636169355715,11.753169528240548,0.8482969049746959,0.3115904891330572,956.0032462511718,59.110911022756255,1.6336521845779484
230.0,34.91659450080753,6.541344413356839,11.757616546724071,0.8481615766116046,0.31146448514952335,955.8562828466008,59.14532930087905,1.6331003675222489
230.0,34.936265438867885,6.537127388174743,11.76206171959199,0.8480262482485134,0.31133867859380626,955.7093216752306,59.17975241695188,1.6325489557156196
230.0,34.955930692976935,6.532912539990957,11.7665050547159,0.8478909198854221,0.31121306906388835,955.5623627355548,59.214180374332294,1.631997948764429
230.0,34.975590264530105,6.528699867479971,11.770946559968436,0.8477555915223309,0.3110876561588532,955.415406026069,59.2486131763808,1.6314473462741126
230.0,34.99524415491767,6.524489369225872,11.775386243180904,0.8476202631592396,0.3109624394789034,955.2684515452631,59.283050826460304,1.6308971478523346
230.0,35.01489236553356,6.520281043919028,11.779824112187555,0.8474849347961484,0.3108374186253516,955.1214992916318,59.31749332794018,1.6303473531054253
230.0,35.034534897766186,6.516074890155221,11.784260174786944,0.8473496064330571,0.31071259320060834,954.974549263662,59.35194068418769,1.6297979616417821
230.0,35.0541717530153,6.511870906605805,11.788694438767088,0.8472142780699659,0.31058796280818984,954.8276014598478,59.38639289857829,1.6292489730695068
230.0,35.07380293266207,6.50766909185332,11.79312691190038,0.8470789497068746,0.31046352705271285,954.6806558786711,59.42084997448751,1.6287003869978667
230.0,35.09342843811497,6.503469444609044,11.797557601935722,0.8469436213437833,0.31033928553987483,954.5337125186261,59.45531191529756,1.6281522030353792
230.0,35.11304827074744,6.499271963473892,11.80198651660912,0.846808292980692,0.3102152378764758,954.3867713781926,59.489778724389076,1.6276044207924754
230.0,35.132662431968825,6.49507664709053,11.806413663628971,0.8466729646176008,0.31009138367038985,954.2398324558619,59.52425040515111,1.627057039879479
230.0,35.152270923156664,6.490883494121367,11.810839050701375,0.8465376362545095,0.30996772253058436,954.092895750115,59.55872696097343,1.626510059907028
230.0,35.171873745715914,6.486692503211813,11.815262685500576,0.8464023078914182,0.3098442540670929,953.9459612594352,59.59320839524765,1.6259634804865204
230.0,35.191470901029255,6.482503672993309,11.819684575687731,0.846266979528327,0.3097209778910307,953.7990289823075,59.62769471137302,1.6254173012299797
230.0,35.211062390490625,6.478317002117632,11.824104728909852,0.8461316511652357,0.3095978936145862,953.6520989172097,59.662185912745045,1.6248715217499528
230.0,35.23064821549713,6.474132489251817,11.82852315279107,0.8459963228021445,0.30947500085100577,953.5051710626248,59.696682002772775,1.6243261416588837
230.0,35.25022837743446,6.4699501330278615,11.832939854940847,0.8458609944390532,0.30935229921460333,953.3582454170318,59.731182984858705,1.6237811605705286
230.0,35.269802877694666,6.465769932110651,11.837354842948969,0.845725666075962,0.30922978832076126,953.2113219789053,59.76568886241273,1.6232365780987528
230.0,35.28937171768099,6.461591885148604,11.841768124390585,0.8455903377128706,0.3091074677859067,953.064400746729,59.80019963885212,1.6226923938578472
230.0,35.30893489876613,6.457415990798853,11.846179706823314,0.8454550093497795,0.30898533722752214,952.917481718973,59.834715317589136,1.6221486074625744
230.0,35.3284924223534,6.45324224770162,11.850589597784534,0.8453196809866882,0.30886339626414044,952.770564894116,59.86923590204399,1.6216052185289482
230.0,35.34804428983569,6.449070654540513,11.854997804794849,0.8451843526235969,0.30874164451534186,952.6236502706302,59.903761395641844,1.6210622266722579
230.0,35.367590502601935,6.444901209951592,11.859404335357553,0.8450490242605057,0.30862008160174387,952.4767378469897,59.93829180180727,1.6205196315094355
230.0,35.387131062041966,6.440733912616906,11.86380919696176,0.8449136958974144,0.3084987071450069,952.3298276216686,59.972827123973005,1.619977432656977
230.0,35.40666596954532,6.436568761188073,11.868212397081143,0.8447783675343231,0.30837752076782515,952.1829195931329,60.00736736556853,1.6194356297323795
230.0,35.426195226506216,6.432405754321691,11.872613943163252,0.8446430391712318,0.3082565220939209,952.0360137598568,60.041912530031546,1.6188942223538008
230.0,35.44571883432351,6.428244890678553,11.877013842642931,0.8445077108081406,0.30813571074804874,951.8891101203089,60.07646262080431,1.6183532101395546
230.0,35.46523679438129,6.424086168953543,11.881412102951003,0.8443723824450493,0.308015086355985,951.7422086729559,60.11101764132667,1.6178125927082652
230.0,35.48474910806939,6.4199295877478155,11.885845566883553,0.844237054081958,0.307894648544532,951.5953094162655,60.14557759504794,1.6172723696802815
230.0,35.5042557767836,6.41577514579799,11.89033542994116,0.8441017257188668,0.3077743969414957,951.4484123487028,60.180142485415615,1.616732540674446
230.0,35.52375680190638,6.411622841747925,11.894823470684997,0.8439663973557756,0.3076543311757177,951.3015174687325,60.21471231588446,1.616193105311534
230.0,35.5432521848324,6.4074726742666135,11.899309696953623,0.8438310689926842,0.3075344508770296,951.1546247748195,60.24928708991108,1.615654063212575
230.0,35.56274192696251,6.403324642025138,11.90379411656103,0.8436957406295931,0.30741475567628,951.0077342654256,60.283866810954066,1.615115413998952
230.0,35.58222602968283,6.399178743687011,11.908276737300262,0.8435604122665018,0.30729524520532336,950.8608459390159,60.31845148247913,1.6145771572923235
230.0,35.60170449438013,6.395034977956292,11.912757566952955,0.8434250839034105,0.3071759190970094,950.713959794046,60.353041107951256,1.614039292715223
230.0,35.621177322449086,6.390893343466914,11.917236613283158,0.8432897555403193,0.30705677698518724,950.5670758289788,60.38763569084052,1.6135018198908064
230.0,35.64064451527253,6.386753838923597,11.92171388402872,0.843154427177228,0.3069378185046976,950.4201940422712,60.42223523462063,1.612964738441964
230.0,35.66010607425317,6.382616462997587,11.926189386920292,0.8430190988141367,0.30681904329137905,950.2733144323819,60.4568397427689,1.6124280479927784
230.0,35.679562000775334,6.378481214358443,11.930663129661419,0.8428837704510455,0.3067004509820475,950.1264369977679,60.491449218766036,1.6118917481677026
230.0,35.699012296231466,6.37434809169602,11.935135119946267,0.8427484420879542,0.3065820412145065,949.9795617368835,60.52606366609434,1.6113558385914282
230.0,35.71845696201779,6.370217093694846,11.93960536544575,0.8426131137248629,0.30646381362754166,949.8326886481852,60.560683088242385,1.6108203188892911
230.0,35.737895999508126,6.366088219026334,11.944073873818404,0.8424777853617716,0.30634576786091366,949.6858177301223,60.59530748869818,1.610285188687089
230.0,35.75732941011183,6.36196146637831,11.94854065269867,0.8423424569986804,0.30622790355535806,949.5389489811517,60.62993687095692,1.6097504476111937
230.0,35.7767571952124,6.357836834457392,11.953005709712464,0.8422071286355892,0.30611022035258406,949.3920823997215,60.66457123851567,1.6092160952880934
230.0,35.796179356196525,6.353714321913828,11.957469052458983,0.8420718002724978,0.3059927178952565,949.2452179842841,60.69921059487611,1.6086821313454591
230.0,35.815595894459186,6.349593927451191,11.96193068852407,0.8419364719094067,0.30587539582702206,949.0983557332872,60.73385494353966,1.608148555410847
230.0,35.835006811385455,6.3454756497631415,11.966390625476519,0.8418011435463153,0.305758253792476,948.9514956451795,60.768504288015414,1.607615367112661
230.0,35.85441210837744,6.341359487540856,11.970848870876026,0.8416658151832241,0.30564129143717206,948.8046377184087,60.80315863181394,1.6070825660792567
230.0,35.87381178681225,6.337245439464821,11.975305432250508,0.8415304868201329,0.3055245084076255,948.6577819514214,60.837817978451085,1.606550151940079
230.0,35.89320584809288,6.333133504252288,11.979760317121546,0.8413951584570416,0.3054079043512946,948.5109283426611,60.87248233144133,1.6060181243245313
230.0,35.912594293593614,6.32902368055473,11.984213532990227,0.8412598300939503,0.3052914789165922,948.364076890571,60.907151694306265,1.6054864828634363
230.0,35.93197712472006,6.3249159670938155,11.988669950248735,0.8411245017308591,0.30517523175287703,948.2172275935966,60.941826070573555,1.604955227186924
230.0,35.9513543428535,6.320810362573206,11.993155729369128,0.8409891733677678,0.30505916251043635,948.0703804501782,60.97650546376792,1.6044243569259178
230.0,35.97072594938584,6.316706865684059,11.997639843468873,0.8408538450046765,0.3049432708405149,947.9235354587566,61.01118987742194,1.6038938717123588
230.0,35.99009194570735,6.312605475099977,12.002122299962451,0.8407185166415853,0.3048275563952793,947.776692617771,61.04587931506814,1.6033637711786168
230.0,36.00945233320601,6.308506189570293,12.00660310626467,0.840583188278494,0.30471201882783927,947.6298519256604,61.08057378024816,1.602834054956401
230.0,36.0288071132762,6.304409007765944,12.011082269755406,0.8404478599154027,0.30459665779222084,947.4830133808642,61.115273276500595,1.6023047226792773
230.0,36.04815628730543,6.30031392837289,12.015559797803675,0.8403125315523114,0.3044814729433926,947.3361769818168,61.14997780737324,1.6017757739809921
230.0,36.06749985668354,6.296220950120183,12.020035697766298,0.8401772031892203,0.30436646393723094,947.189342726955,61.1846873764125,1.6012472084949774
230.0,36.08683782280177,6.292130071698197,12.024568497042019,0.8400418748261289,0.30425163043054687,947.0425106147121,61.21940198717204,1.6007190258561796
230.0,36.10617018704526,6.2880412918392725,12.029135338179323,0.8399065464630378,0.30413697208105145,946.8956806435222,61.25412164320498,1.6001912256988946
230.0,36.125496950804816,6.283954609231119,12.033700371265851,0.8397712180999465,0.3040224885473868,946.748852811815,61.28884634807146,1.599663807659096
230.0,36.144818115475324,6.279870022583084,12.038263604063701,0.8396358897368552,0.3039081794890987,946.6020271180266,61.32357610533464,1.5991367713722107
230.0,36.16413368244283,6.2757875306049575,12.042825044300827,0.8395005613737639,0.30379404456663744,946.4552035605831,61.35831091855928,1.5986101164749589
230.0,36.18344365309201,6.271707132007525,12.04738469971119,0.8393652330106727,0.3036800834413655,946.3083821379144,61.39305079131283,1.5980838426040258
230.0,36.202748028821794,6.267628825504806,12.051942578001643,0.8392299046475814,0.30356629577554156,946.1615628484501,61.42779572717065,1.597557949396776
230.0,36.22204681101598,6.263552609803258,12.056498686847647,0.8390945762844901,0.3034526812323325,946.0147456906165,61.46254572970987,1.5970324364908957
230.0,36.241340001062305,6.259478483639215,12.061053033934137,0.8389592479213989,0.3033392394757904,945.8679306628376,61.497300802506295,1.5965073035241388
230.0,36.26062760035686,6.255406445705946,12.065605626905358,0.8388239195583076,0.3032259701708622,945.7211177635419,61.53206094914723,1.5959825501359133
230.0,36.27990961028755,6.251336494736222,12.070156473399564,0.8386885911952163,0.30311287298339273,945.5743069911495,61.566826173215716,1.5954581759649549
230.0,36.29918603222772,6.247268629430849,12.074705581038764,0.8385532628321251,0.3029999475801132,945.4274983440832,61.60159647830308,1.5949341806509933
230.0,36.31845686758995,6.243202848510338,12.079252957425531,0.8384179344690339,0.30288719362862837,945.2806918207671,61.63637186800389,1.5944105638342778
230.0,36.337722117746395,6.2391391507249505,12.083798610140006,0.8382826061059425,0.3027746107974382,945.1338874196183,61.671152345912255,1.593887325154897
230.0,36.356981784093975,6.235077534767636,12.088342546760096,0.8381472777428514,0.3026621987559138,944.9870851390599,61.705937915633754,1.5933644642544498
230.0,36.37623586801842,6.231017999362702,12.092884774836193,0.8380119493797601,0.3025499571743046,944.8402849775067,61.74072858076739,1.5928419807738157
230.0,36.3954843709062,6.226960543260462,12.097425301898866,0.8378766210166688,0.30243788572372826,944.6934869333787,61.77552434492361,1.5923198743551374
230.0,36.41472729415327,6.222905165136339,12.101964135469117,0.8377412926535776,0.30232598407618294,944.5466910050903,61.81032521171217,1.591798144641321
230.0,36.43396463914357,6.2188518637696495,12.106501283054683,0.8376059642904863,0.30221425190451967,944.3998971910574,61.84513118474809,1.5912767912746113
230.0,36.45319640726849,6.214800637872377,12.111036752132705,0.837470635927395,0.30210268888246494,944.2531054896941,61.879942267649604,1.5907558138984828
230.0,36.472422599910345,6.210751486173022,12.115570550182255,0.8373353075643037,0.30199129468460767,944.1063158994114,61.91475846403723,1.5902352121566432
230.0,36.49164321846887,6.2067044073876065,12.120102684647918,0.8371999792012125,0.30188006898638914,943.9595284186242,61.94957977753824,1.5897149856934214
230.0,36.510858264325705,6.202659400247628,12.12463316297174,0.8370646508381212,0.3017690114641068,943.812743045742,61.98440621178013,1.589195134153683
230.0,36.53006773886703,6.198616463511892,12.129161992571667,0.8369293224750299,0.3016581217949135,943.6659597791727,62.019237770393154,1.5886756571823086
230.0,36.549271643485355,6.194575595887433,12.133689180854489,0.8367939941119387,0.30154739965681543,943.5191786173259,62.0540744570148,1.5881565544251948
230.0,36.56846997956008,6.1905367961291,12.138214735209104,0.8366586657488474,0.3014368447286612,943.3723995586087,62.088916275283445,1.587637825528034
230.0,36.58766274849139,6.186500062973278,12.142738663002902,0.8365233373857561,0.30132645669014735,943.2256226014287,62.123763228842456,1.5871194701375118
230.0,36.60684995166682,6.1824653951348285,12.147260971592743,0.836388009022665,0.3012162352218134,943.078847744192,62.158615321340626,1.5866014879007155
230.0,36.62603159046598,6.178432791373028,12.151781668324496,0.8362526806595736,0.3011061800050337,942.9320749852985,62.1934725564215,1.5860838784649607
230.0,36.64520766628534,6.174402250416085,12.15630076051378,0.8361173522964824,0.3009962907220273,942.7853043231569,62.22833493774471,1.5855666414784135
230.0,36.66437818050355,6.170373771005963,12.160827219838367,0.8359820239333912,0.300886567055833,942.6385357561633,62.263202468962454,1.585049776589104
230.0,36.68354313451923,6.166347351916474,12.165436804476395,0.8358466955702999,0.30077700869033935,942.4917692827223,62.298075153737436,1.5845332834454826
230.0,36.702702529712695,6.162322991837721,12.170044607337417,0.8357113672072086,0.300667615310249,942.3450049012333,62.33295299573419,1.5840171616975125
230.0,36.72185636747442,6.15830068955722,12.174650636144868,0.8355760388441174,0.3005583866011013,942.1982426100939,62.36783599861873,1.5835014109944814
230.0,36.7410046491874,6.154280443788731,12.179254898596561,0.8354407104810261,0.30044932224924265,942.051482407702,62.40272416606194,1.5829860309868022
230.0,36.76014737624973,6.150262253318507,12.183857402382664,0.8353053821179348,0.3003404219418601,941.9047242924548,62.437617501740185,1.5824710213243853
230.0,36.77928455004327,6.146246116852468,12.188458155153917,0.8351700537548435,0.300231685366945,941.7579682627468,62.47251600933072,1.5819563816592164
230.0,36.79841617195673,6.142232033175654,12.193057164574803,0.8350347253917523,0.3001231122133126,941.6112143169732,62.507419692516045,1.5814421116420516
230.0,36.81754224337227,6.138220001008598,12.197654438266795,0.834899397028661,0.3000147021705764,941.4644624535249,62.54232855497968,1.580928210925316
230.0,36.83666276568294,6.134210019128658,12.202249983854195,0.8347640686655697,0.2999064549291781,941.3177126707958,62.57724260041056,1.5804146791607587
230.0,36.85577774027489,6.130202086263615,12.20684380892726,0.8346287403024786,0.2997983701803565,941.1709649671789,62.612161832504775,1.5799015160020877
230.0,36.87488716853656,6.126196201181975,12.211435921077907,0.8344934119393872,0.2996904476161568,941.0242193410588,62.64708625495468,1.5793908087558979
230.0,36.89399105185069,6.122192362661307,12.216026327871916,0.834358083576296,0.2995826869294225,940.8774757908285,62.68201587146108,1.57888363376332
230.0,36.913089391611145,6.118190569408092,12.22061503684882,0.8342227552132048,0.29947508781380877,940.730734314873,62.71695068572725,1.5783768163245095
230.0,36.9321821892,6.114190820223743,12.225202055550568,0.8340874268501135,0.2993676499637552,940.5839949115808,62.75189070146038,1.577870356105888
230.0,36.95126944600485,6.110193113848366,12.22978739149341,0.8339520984870222,0.29926037307450076,940.4372575793363,62.78683592237153,1.5773642527760083
230.0,36.97035116342053,6.106197449033595,12.234371052172996,0.833816770123931,0.2991532568420762,940.2905223165236,62.821786352173994,1.5768585060030782
230.0,36.989427342817784,6.1022038245727535,12.238953045082212,0.8336814417608397,0.2990463009633031,940.1437891215252,62.85674199458481,1.5763531154558168
230.0,37.00849798560031,6.098212239197737,12.243533377684388,0.8335461133977484,0.29893950513578443,939.9970579927244,62.89170285332509,1.5758480808033437
230.0,37.02756309314534,6.09422269167707,12.248112057431584,0.8334107850346572,0.2988328690579179,939.8503289285022,62.92666893212218,1.5753434017155556
230.0,37.04662266684562,6.090235180785959,12.25268909176232,0.8332754566715659,0.29872639242887056,939.7036019272384,62.96164023470142,1.5748390778622376
230.0,37.06567670807689,6.086249705271011,12.257264488091863,0.8331401283084746,0.2986200749486,939.5568769873095,62.99661676479636,1.5743351089142674
230.0,37.084725218239576,6.082266263910605,12.261838253831284,0.8330047999453833,0.2985139163178324,939.4101541070964,63.031598526145395,1.573831494542383
230.0,37.10376819871761,6.078284855487536,12.266410396364442,0.8328694715822921,0.29840791623807456,939.2634332849736,63.0665855224838,1.5733282344176829
230.0,37.12280565088682,6.074305478761493,12.270980923071392,0.8327341432192008,0.29830207441159645,939.1167145193151,63.101577757554544,1.5728253282121634
230.0,37.14183757614471,6.070328132491841,12.275549841300005,0.8325988148561096,0.2981963905414512,938.9699978084982,63.13657523510847,1.5723227755979456
230.0,37.160863975870384,6.066352815455476,12.280117158392017,0.8324634864930183,0.2980908643314419,938.8232831508931,63.171577958890616,1.5718205762480786
230.0,37.179884851453004,6.062379526440384,12.284682881681128,0.8323281581299271,0.29798549548615405,938.6765705448727,63.20658593265963,1.5713187298348992
230.0,37.198900204283,6.0584081937188135,12.289247012096062,0.8321928297668358,0.29788028371091996,938.5298599888082,63.24159916016951,1.570817240785697
230.0,37.21791003573842,6.054438957134752,12.293809569038126,0.8320575014037446,0.2977752287118406,938.383151481069,63.27661764518308,1.5703160992565972
230.0,37.236914347214025,6.050471744900187,12.29837055405089,0.8319221730406533,0.29767033019576894,938.236445020024,63.31164139146402,1.5698153096862844
230.0,37.25591314008944,6.046506555753027,12.303005977643672,0.831786844677562,0.297565587870319,938.0897406040408,63.34667040278306,1.5693148717495573
230.0,37.274906415755076,6.04254338850884,12.30765681100769,0.8316515163144708,0.2974610014438503,937.9430382314838,63.381704682909714,1.5688147851215006
230.0,37.29389417559132,6.038582241928003,12.312305898289097,0.8315161879513795,0.29735657062548176,937.7963379007199,63.41674423562229,1.5683150494779559
230.0,37.31287642099224,6.034623114792491,12.316953247149906,0.8313808595882882,0.29725229512506574,937.649639610114,63.451789064698495,1.5678156644948937
230.0,37.33185315333821,6.030666005899258,12.321629103551423,0.831245531225197,0.2971481746532137,937.5029433580269,63.4868391739225,1.5673166298483263
230.0,37.35082437401593,6.02671091402239,12.32631009715088,0.8311102028621057,0.29704420892127237,937.3562491428202,63.52189456707994,1.5668179452156172
230.0,37.36979008440495,6.022757837937131,12.330989354392301,0.8309748744990144,0.2969403976413327,937.2095569628543,63.55695524796128,1.5663196102741892
230.0,37.38875028590426,6.018806776443301,12.335666882868885,0.8308395461359233,0.29683674052621783,937.0628668164927,63.59202122036332,1.5658216247010759
230.0,37.40770497988589,6.014857728324398,12.340342690147274,0.8307042177728319,0.2967332372894982,936.9161787020879,63.62709248807931,1.5653239881748744
230.0,37.42665416774437,6.010910692368766,12.345016783778071,0.8305688894097407,0.2966298876454665,936.7694926180022,63.66216905491571,1.5648267003740934
230.0,37.445597850861546,6.00696566735311,12.349689171300987,0.8304335610466494,0.2965266913091538,936.6228085625877,63.69725092467455,1.5643297609777174
230.0,37.464536030621005,6.003022652079859,12.354359860234752,0.8302982326835582,0.2964236479963131,936.4761265342005,63.732338101164686,1.5638331696650662
230.0,37.4834687084151,5.9990816453256635,12.359028858088635,0.8301629043204669,0.29632075742343256,936.3294465311952,63.76743058820068,1.5633369261160603
230.0,37.5023958856225,5.995142645910062,12.363696172350652,0.8300275759573756,0.2962180193077218,936.1827685519241,63.80252838959847,1.5628410300104996
230.0,37.52131756362766,5.991205652624737,12.368361810494633,0.8298922475942844,0.2961154333671069,936.0360925947388,63.83763150917599,1.5623454810290884
230.0,37.54023374382153,5.987270664219134,12.373025779977212,0.8297569192311931,0.29601299932024144,935.8894186579888,63.872739950759545,1.5618502788535957
230.0,37.55914442758314,5.983337679541137,12.377688088237718,0.8296215908681018,0.2959107168864914,935.7427467400236,63.90785371817404,1.5613554231646332
230.0,37.578049616295694,5.979406697354962,12.382348742710207,0.8294862625050106,0.29580858578594177,935.5960768391903,63.94297281525212,1.560860913644403
230.0,37.59694931135632,5.975477716503335,12.387007750799484,0.8293509341419193,0.2957066057393861,935.4494089538375,63.97809724582874,1.5603667499748346
230.0,37.61584351413883,5.971550735726067,12.391665119904651,0.829215605778828,0.2956047764683353,935.3027430823109,64.01322701374411,1.5598729318389961
230.0,37.63473222602822,5.967625753856338,12.39632085739796,0.8290802774157368,0.2955030976950023,935.1560792229521,64.04836212283575,1.559379458919925
230.0,37.65361544841081,5.963702769688098,12.400974970652499,0.8289449490526455,0.29540156914231064,935.0094173741078,64.08350257695385,1.558886330901161
230.0,37.67249318267554,5.959781782020041,12.405627467009237,0.8288096206895543,0.2953001905338863,934.8627575341187,64.11864837994752,1.5583935474663695
230.0,37.69136543020472,5.9558627896662975,12.410278353805971,0.828674292326463,0.29519896159405556,934.7160997013266,64.1537995356693,1.5579011083000263
230.0,37.71023219238058,5.951945791441269,12.414927638362949,0.8285389639633718,0.295097882047847,934.5694438740712,64.1889560479769,1.5574090130865381
230.0,37.72909347058773,5.948030786141376,12.419575327987827,0.8284036356002805,0.2949969516209855,934.4227900506899,64.22411792072977,1.5569172615112266
230.0,37.747949266211016,5.944117772555824,12.424221429952112,0.8282683072371892,0.29489617003989543,934.2761382295234,64.25928515779702,1.5564258532599162
230.0,37.76679958063334,5.94020674951538,12.42886595154691,0.828132978874098,0.2947955370316864,934.1294884089034,64.29445776304041,1.555934788018288
230.0,37.78564441524036,5.936297715820293,12.433508900014445,0.8279976505110067,0.294695052324167,933.9828405871693,64.32963574033857,1.555444065472415
230.0,37.804483771419825,5.932390670272882,12.438150282604857,0.8278623221479154,0.2945947156458288,933.8361947626529,64.36481909356428,1.5549536853097974
230.0,37.82331765055008,5.928485611689807,12.442862667913344,0.8277269937848242,0.2944945267258536,933.6895509336894,64.40000782659817,1.5544636472169477
230.0,37.84214605401255,5.924582538913726,12.447593383983268,0.8275916654217329,0.2943944852941032,933.5429090986075,64.43520194332258,1.5539739508811032
230.0,37.8609689832028,5.92068145069711,12.45232236262792,0.8274563370586416,0.2942945910811316,933.3962692557409,64.47040144762724,1.553484595991385
230.0,37.87978643949606,5.91678234593301,12.4570496114521,0.8273210086955504,0.2941948438181607,933.2496314034167,64.5056063434003,1.5529955822346944
230.0,37.89859842427105,5.912885223351121,12.46177513806252,0.8271856803324591,0.29409524323709724,933.102995539963,64.54081663453717,1.5525069093011485
230.0,37.91740493892998,5.908990081826197,12.46649895003494,0.8270503519693679,0.29399578907053026,932.9563616637104,64.57603232494029,1.5520185768792145
230.0,37.936205984833464,5.905096920182624,12.471221054947932,0.8269150236062766,0.29389648105171257,932.8097297729804,64.61125341850715,1.551530584657977
230.0,37.95500156338118,5.901205737189104,12.47594146033844,0.8267796952431854,0.29379731891456606,932.6630998661,64.64647991914514,1.5510429323283483
230.0,37.97379167594828,5.8973165317311675,12.480660173758892,0.8266443668800941,0.2936983023936975,932.5164719413925,64.68171183076545,1.5505556195798094
230.0,37.992576323918996,5.89342930258768,12.485377202720585,0.8265090385170029,0.29359943122437,932.36984599718,64.7169491572819,1.5500686461035311
230.0,38.011355508689505,5.8895440485567265,12.490092554722372,0.8263737101539116,0.2935007051425157,932.2232220317848,64.75219190261195,1.5495820115912091
230.0,38.03012923162341,5.8856607685250895,12.494806237267106,0.8262383817908203,0.29340212388472725,932.0766000435252,64.78744007067574,1.5490957157330956
230.0,38.04889749411449,5.881779461284899,12.499518257824398,0.826103053427729,0.29330368718826516,931.9299800307208,64.82269366539987,1.5486097582220755
230.0,38.06766029754423,5.877900125666636,12.504228623847183,0.8259677250646378,0.2932053947910397,931.7833619916894,64.8579526907114,1.548124138750071
230.0,38.086417643296194,5.874022760485809,12.508937342784023,0.8258323967015465,0.29310724643163405,931.6367459247481,64.89321715054699,1.5476388570102126
230.0,38.10516953275144,5.870147364597546,12.51364442205908,0.8256970683384552,0.293009241849268,931.4901318282111,64.92848704883907,1.5471539126947669
230.0,38.12391596729316,5.866273936804444,12.518349869084687,0.825561739975364,0.29291138078383255,931.3435197003929,64.9637623895299,1.5466693054980245
230.0,38.14265694830701,5.862402475940889,12.523053691259653,0.8254264116122727,0.29281366297585587,931.1969095396068,64.99904317656514,1.5461850351138617
230.0,38.16139247716829,5.85853298084355,12.527755895962287,0.8252910832491814,0.292716088166525,931.0503013441618,65.03432941388883,1.545701101236208
230.0,38.18012255527169,5.854665450354708,12.53245649056352,0.8251557548860902,0.2926186560976696,930.9036951123742,65.06962110545834,1.5452175035598459
230.0,38.198847183991376,5.850799883299947,12.537155482404302,0.825020426522999,0.2925213665117688,930.7570908425487,65.1049182552256,1.5447342417795011
230.0,38.21756636471346,5.846936278524753,12.541852878840887,0.8248850981599076,0.29242421915193606,930.6104885329952,65.1402208671519,1.544251315591092
230.0,38.23628009881608,5.843074634835515,12.546548687174619,0.8247497697968165,0.2923272137619374,930.46388818202,65.17552894519936,1.5437687246905403
230.0,38.2549883876849,5.8392149510790174,12.551242914719715,0.8246144414337252,0.2922303500861743,930.3172897879305,65.21084249333722,1.5432864687739696
230.0,38.27369123269804,5.835357226122461,12.555935568766586,0.8244791130706339,0.2921336278696869,930.1706933490271,65.24616151553364,1.5428045475375338
230.0,38.292388635243775,5.831501458764327,12.560626656594103,0.8243437847075427,0.2920370468581429,930.0240988636192,65.28148601576787,1.5423229606789595
230.0,38.31108059670113,5.827647647883804,12.565316185461176,0.8242084563444514,0.29194060679785366,929.8775063300046,65.316815998014,1.5418417078948936
230.0,38.32976711845227,5.823795792287309,12.57000416261512,0.8240731279813601,0.29184430743576234,929.7309157464853,65.35215146625868,1.541360788883716
230.0,38.34844820187598,5.819945890845058,12.574690595284515,0.8239377996182689,0.29174814851942993,929.5843271113619,65.38749242448681,1.5408802033431575
230.0,38.367123848361445,5.816097942372979,12.57937549079773,0.8238024712551776,0.2916521297970581,929.4377404229327,65.42283887668948,1.5403999509720632
230.0,38.38579405928597,5.812251945743076,12.584150947232487,0.8236671428920863,0.2915562510174711,929.2911556794951,65.45819082686054,1.5399200314691344
230.0,38.404458836030216,5.808407899796841,12.58892468983562,0.823531814528995,0.291460511930111,929.1445728793449,65.49354827899778,1.5394404445337682
230.0,38.423118179975596,5.804565803363715,12.593696726203092,0.8233964861659038,0.29136491228505323,928.9979920207774,65.52891123710566,1.5389611898656463
230.0,38.44177209251136,5.800725655292187,12.598467063908188,0.8232611578028126,0.291269451832981,928.8514131020871,65.56427970518762,1.5384822671650338
230.0,38.460420575012044,5.7968874544511175,12.603235710530619,0.8231258294397212,0.2911741303252024,928.7048361215659,65.5996536872542,1.5380036761320788
230.0,38.479063628854526,5.793051199672669,12.60800267361153,0.8229905010766301,0.2910789475136435,928.5582610775049,65.63503318732053,1.5375254164676317
230.0,38.4977012554279,5.789216889809318,12.612767960689276,0.8228551727135388,0.29098390315084194,928.4116879681944,65.67041820940287,1.5370474878732678
230.0,38.51633345611416,5.785384523732859,12.617531579285242,0.8227198443504475,0.2908889969899477,928.2651167919247,65.70580875752366,1.5365698900498648
230.0,38.534960232289954,5.781554100274389,12.622293536896002,0.8225845159873563,0.29079422878472544,928.1185475469815,65.74120483570798,1.5360926227001068
230.0,38.553581585336104,5.777725618296611,12.627053841020128,0.822449187624265,0.2906995982895412,927.9719802316512,65.77660644798385,1.5356156855260246
230.0,38.572197516637516,5.773899076646466,12.63181249912518,0.8223138592611737,0.29060510525937533,927.8254148442215,65.8120135983868,1.5351390782303265
230.0,38.5908080275739,5.7700744741937875,12.636569518671443,0.8221785308980825,0.2905107494498116,927.6788513829762,65.84742629095422,1.534662800516192
230.0,38.609413119523154,5.766251809776975,12.64133681229675,0.8220432025349912,0.29041653061703415,927.5322898461966,65.88284452972574,1.534186852087517
230.0,38.62801279386409,5.7624310822902745,12.646128857071204,0.8219078741718999,0.2903224485178332,927.3857302321635,65.91826831874621,1.5337112326467686
230.0,38.64660705199488,5.7586122905552255,12.650919262513561,0.8217725458088087,0.2902285029095983,927.2391725391626,65.95369766206919,1.533235941899676
230.0,38.66519589527577,5.75479543344623,12.655708036025466,0.8216372174457174,0.29013469355031224,927.0926167654675,65.98913256374249,1.5327609795501276
230.0,38.683779325086846,5.7509805098298035,12.660495184975773,0.8215018890826261,0.29004102019855516,926.9460629093563,66.02457302782308,1.5322863453033333
230.0,38.70235734282896,5.7471675185594355,12.665280716731196,0.8213665607195348,0.289947482613507,926.7995109691113,66.0600190583751,1.5318120388645848
230.0,38.720929949859006,5.7433564585078996,12.670064638634251,0.8212312323564437,0.2898540805549361,926.6529609430015,66.09547065946064,1.5313380599393513
230.0,38.73949714758247,5.739547328537424,12.674846958019579,0.8210959039933523,0.28976081378319624,926.5064128293076,66.13092783515106,1.5308644082339473
230.0,38.75805893735289,5.735740127511156,12.679627682207766,0.8209605756302611,0.2896676820592426,926.3598666262969,66.16639058951637,1.5303910834548244
230.0,38.77661532056868,5.731934854294575,12.684406818499255,0.8208252472671699,0.289574685144611,926.2133223322444,66.20185892663507,1.5299180853088026
230.0,38.795166298600435,5.728131507772825,12.689184374182803,0.8206899189040786,0.2894818228014159,926.0667799454214,66.23733285058756,1.529445413502857
230.0,38.81371187283382,5.724330086780832,12.693960356526965,0.8205545905409873,0.2893890947923693,925.9202394640955,66.27281236545723,1.5289730677450228
230.0,38.832252044644875,5.720530590213345,12.698734772800904,0.8204192621778961,0.2892965008807505,925.7737008865344,66.30829747533203,1.5285010477430045
230.0,38.85078681541905,5.71673301695371,12.703507630246023,0.8202839338148048,0.2892040408304319,925.6271642110094,66.34378818430976,1.528029353204603
230.0,38.86931618653208,5.712937365843374,12.708278936088902,0.8201486054517135,0.289111714405855,925.4806294357815,66.37928449648064,1.5275579838393643
230.0,38.8878401593557,5.709143635765859,12.713048697548954,0.8200132770886223,0.2890195213720424,925.3340965591167,66.41478641594733,1.5270869393557844
230.0,38.90635873528637,5.705351825609515,12.717816921834213,0.819877948725531,0.28892746149459303,925.187565579279,66.45029394681596,1.5266162194633632
230.0,38.9248719156874,5.701561934232479,12.722626434390634,0.8197426203624397,0.28883553453967353,925.0410364945294,66.48580709319273,1.5261458238720882
230.0,38.94337970195286,5.69777396050282,12.727483134500012,0.8196072919993485,0.2887437402740267,924.8945093031308,66.52132585919279,1.5256757522919402
230.0,38.961882095454634,5.6939879033419185,12.732338130604454,0.8194719636362573,0.2886520784649622,924.7479840033407,66.55685024893002,1.525206004433029
230.0,38.98037909757376,5.690203761578345,12.737191430260147,0.8193366352731659,0.28856054888035865,924.6014605934189,66.59238026652612,1.5247365800068504
230.0,38.99887070968792,5.686421534119728,12.74204304100897,0.8192013069100748,0.2884691512886621,924.4549390716217,66.62791591610645,1.5242674787243335
230.0,39.01735693317257,5.682641219844507,12.746892970387101,0.8190659785469835,0.28837788545888304,924.3084194362035,66.66345720179592,1.5237987002968725
230.0,39.03583776940927,5.678862817623934,12.751741225895678,0.8189306501838922,0.2882867511605927,924.1619016854211,66.69900412773111,1.5233302444365882
230.0,39.05431321978547,5.675086326348709,12.756587815042387,0.818795321820801,0.28819574816392796,924.0153858175287,66.73455669804777,1.5228621108560092
230.0,39.072783285665956,5.671311744899062,12.76143274531642,0.8186599934577097,0.2881048762395831,923.8688718307745,66.7701149168843,1.5223942992675632
230.0,39.091247968438196,5.667539072154105,12.766276024166416,0.8185246650946184,0.28801413515880714,923.7223597234134,66.80567878838818,1.5219268093845617
230.0,39.10970726948157,5.663768307007663,12.77111765905613,0.8183893367315271,0.28792352469340793,923.5758494936932,66.84124831670592,1.5214596409198782
230.0,39.12816119016916,5.659999448347707,12.775957657425664,0.8182540083684359,0.28783304461574893,923.4293411398625,66.87682350599063,1.5209927935877863
230.0,39.14660973188393,5.65623249506144,12.780796026698802,0.8181186800053446,0.28774269469874325,923.2828346601692,66.91240436040019,1.5205285034380995
230.0,39.165052896007445,5.652467446023801,12.785632774287336,0.8179833516422533,0.28765247471586336,923.1363300528576,66.94799088409408,1.520067252176593
230.0,39.183490683904516,5.648704300140321,12.790467907578131,0.8178480232791621,0.2875623844411209,922.989827316173,66.98358308123643,1.5196063115602905
230.0,39.20192309696987,5.644943056302681,12.795301433954364,0.8177126949160708,0.2874724236490815,922.8433264483593,67.0191809559982,1.5191456813172337
230.0,39.2203501365678,5.641183713383316,12.8001333607858,0.8175773665529795,0.28738259211485656,922.696827447657,67.05478451255067,1.518685361176739
230.0,39.238771804083285,5.63742627030856,12.804963695412752,0.8174420381898884,0.287292889614103,922.5503303123089,67.09039375507045,1.5182253508673278
230.0,39.25718810090452,5.633670725949652,12.809792445188556,0.817306709826797,0.2872033159230159,922.4038350405565,67.12600868774331,1.5177656501189432
230.0,39.275599028388115,5.629917079187879,12.814619617411914,0.8171713814637058,0.28711387081833967,922.2573416306316,67.1616293147466,1.517306258661255
230.0,39.29400458792813,5.62616532895951,12.819445219418533,0.8170360531006146,0.2870245540773521,922.1108500807784,67.19725564027581,1.5168471762239784
230.0,39.31240478089124,5.62241547411815,12.824269258469648,0.8169007247375233,0.2869353654778706,921.9643603892271,67.23288766851948,1.516388402538208
230.0,39.33079960866883,5.618667513597627,12.829091741865696,0.816765396374432,0.28684630479825524,921.8178725542167,67.26852540367997,1.5159299373340904
230.0,39.34918907262608,5.614921446283107,12.833912676875713,0.8166300680113407,0.28675737181739064,921.6713865739779,67.30416884995505,1.5154717803433622
230.0,39.36757317414299,5.611177271056537,12.838732070732135,0.8164947396482495,0.2866685663147058,921.5249024467424,67.33981801155068,1.5150139312973412
230.0,39.385951914608775,5.607434986843492,12.843549930683109,0.8163594112851582,0.28657988807015394,921.3784201707437,67.375472892679,1.5145563899277028
230.0,39.404325295378044,5.603694592535727,12.848366263945614,0.8162240829220669,0.2864913368642222,921.2319397442085,67.41113349754907,1.514099155966719
230.0,39.422693317847106,5.599956087055763,12.853181077731975,0.8160887545589757,0.28640291247792576,921.0854611653662,67.44679983038314,1.5136422291465281
230.0,39.44105598338924,5.596219469260678,12.857994379230014,0.8159534261958844,0.28631461469280667,920.938984432443,67.48247189540048,1.5131856092006355
230.0,39.459413293378276,5.592484738114831,12.862823154841038,0.8158180978327931,0.2862264432909387,920.7925095436653,67.51814969682928,1.5127292958616778
230.0,39.47776524918705,5.588751892467483,12.86772458951642,0.815682769469702,0.2861383980549052,920.6460364972571,67.55383323889656,1.5122732888638086
230.0,39.49611185220227,5.585020931274583,12.87262434722335,0.8155474411066106,0.2860504787678283,920.4995652914422,67.58952252584079,1.5118175879397453
230.0,39.51445310379602,5.581291853431318,12.877522435509263,0.8154121127435194,0.28596268521333756,920.3530959244421,67.62521756189597,1.511362192824554
230.0,39.53278900534064,5.577564657821566,12.882418861894344,0.8152767843804282,0.28587501717559904,920.2066283944758,67.6609183513069,1.5109071032525851
230.0,39.551119558226766,5.5738393433767435,12.88731363389629,0.8151414560173369,0.28578747443927727,920.0601626997665,67.69662489832143,1.510452318958739
230.0,39.569444763817714,5.570115909001949,12.892206759018833,0.8150061276542456,0.28570005678956645,919.9136988385297,67.73233720718991,1.5099978396779499
230.0,39.587764623489825,5.566394353612991,12.897098244734593,0.8148707992911544,0.28561276401217084,919.7672368089801,67.76805528216349,1.5095436651460625
230.0,39.60607913862385,5.562674676125109,12.901988098529557,0.8147354709280631,0.2855255958933115,919.6207766093358,67.80377912750582,1.5090897950985935
230.0,39.6243883105997,5.558956875461068,12.906876327846234,0.8146001425649718,0.2854385522197173,919.4743182378112,67.83950874747828,1.5086362292717
230.0,39.64269214078665,5.555240950520182,12.911762940129321,0.8144648142018805,0.2853516327786308,919.3278616926178,67.87524414634713,1.5081829674020337
230.0,39.6609906305629,5.551526900192752,12.91664794279894,0.8143294858387893,0.28526483735780234,919.1814069719668,67.91098532838602,1.5077300092270847
230.0,39.6792837813092,5.547814723469112,12.921531343282716,0.814194157475698,0.2851781657454869,919.0349540740718,67.94673229786987,1.5072773544827354
230.0,39.69757159439683,5.544104419197345,12.926413148957984,0.8140588291126067,0.28509161773045416,918.8885029971374,67.98248505907891,1.5068250029074113
230.0,39.71585407120288,5.540395986327956,12.931293367220022,0.8139235007495155,0.285005193101966,918.7420537393754,68.01824361629731,1.5063729542387547
230.0,39.734131213100405,5.536689423787414,12.936172005439593,0.8137881723864242,0.2849188916497991,918.5956062989884,68.05400797381152,1.5059212082145514
230.0,39.7524030214677,5.532984730482535,12.941049070957746,0.813652844023333,0.2848327131642208,918.4491606741834,68.08977813591453,1.5054697645735609
230.0,39.77066949768126,5.529281905346134,12.945924571125033,0.8135175156602417,0.2847466574360133,918.3027168631655,68.12555410690557,1.505018623054881
230.0,39.78893064311564,5.525580947287181,12.950798513266442,0.8133821872971505,0.28466072425643946,918.156274864136,68.16133589108317,1.504567783397208
230.0,39.807186459142265,5.521881871260723,12.955678658368129,0.8132468589340592,0.284574913417273,918.009834675295,68.19712349275147,1.5041172462382544
230.0,39.82543694714576,5.518184643271708,12.960588907355998,0.813111530570968,0.2844892247107788,917.8633962948446,68.23291691622182,1.5036670095309785
230.0,39.84368210849479,5.514489279130621,12.965497594996194,0.8129762022078767,0.2844036579297125,917.716959720981,68.26871616580465,1.503217073904526
230.0,39.86192194456421,5.51079577776029,12.970404728560013,0.8128408738447854,0.28431821286732833,917.5705249519041,68.3045212458198,1.5027674390994306
230.0,39.880156456729324,5.507104138104908,12.975310315303181,0.8127055454816942,0.28423288931737306,917.4240919858081,68.34033216059048,1.5023181048560135
230.0,39.898385646364986,5.5034143590668085,12.98021436246055,0.8125702171186029,0.2841476870740769,917.2776608208883,68.37614891443886,1.5018690709160694
230.0,39.916609514855224,5.499726439597193,12.985116877253361,0.8124348887555116,0.284062605932157,917.1312314553401,68.41197151169796,1.5014203370204984
230.0,39.934828063557894,5.496040378616315,12.990017866899883,0.8122995603924204,0.2839776456868342,916.9848038873516,68.44779995670022,1.5009719029111595
230.0,39.95304129385635,5.49235617506255,12.994917338592066,0.8121642320293291,0.2838928061337939,916.838378115116,68.48363425378638,1.5005237683299868
230.0,39.97124920713313,5.4886738278712075,12.999815299518517,0.8120289036662378,0.2838080870692216,916.6919541368246,68.51947440729998,1.5000759330196467
230.0,39.98945180474974,5.484993335965447,13.00472610515532,0.8118935753031467,0.28372348828977395,916.5455319506625,68.55532042158417,1.4996283967225443
230.0,40.00764908808686,5.481314698303398,13.009711789096945,0.8117582469400553,0.28363900959260135,916.3991115548173,68.59117230099434,1.4991811591816693
230.0,40.025841058522836,5.477637913796274,13.01469579969418,0.8116229185769641,0.2835546507753218,916.2526929474762,68.6270300498845,1.4987342201406022
230.0,40.044027717420015,5.473962981382434,13.019678144465587,0.8114875902138728,0.2834704116360445,916.1062761268215,68.66289367261383,1.498287579343115
230.0,40.06220906616472,5.470289900024332,13.024658830930433,0.8113522618507816,0.28338629197334414,915.9598610910385,68.69876317354895,1.4978412365325096
230.0,40.08038510611825,5.466618668631981,13.029637866580892,0.8112169334876903,0.283302291586277,915.8134478383047,68.73463855705256,1.4973951914537535
230.0,40.098555838670805,5.462949286166099,13.03461525890278,0.811081605124599,0.2832184102743782,915.6670363668057,68.77051982750457,1.496949443851091
230.0,40.11672126518205,5.459281751564498,13.03959101536126,0.8109462767615078,0.28313464783764863,915.5206266747158,68.8064069892774,1.496503993469479
230.0,40.13488138703346,5.455616063748565,13.04456514341185,0.8108109483984165,0.28305100407656897,915.3742187602159,68.84230004675386,1.4960588400544346
230.0,40.1530362056011,5.451952221688601,13.049537650499182,0.8106756200353252,0.28296747879207956,915.227812621481,68.87819900431947,1.495613983350955
230.0,40.17118572224513,5.448290224315582,13.054508544041248,0.810540291672234,0.28288407178560215,915.0814082566861,68.91410386636286,1.49516942310551
230.0,40.18932993835613,5.444630070576031,13.059477831456498,0.8104049633091427,0.2828007828590139,914.935005664005,68.95001463727834,1.4947251590639845
230.0,40.207468855297265,5.440971759409156,13.064445520137369,0.8102696349460514,0.2827176118146712,914.7886048416119,68.98593132146569,1.494281190972891
230.0,40.22560247444213,5.437315289785409,13.06941161746743,0.8101343065829602,0.2826345584553882,914.642205787674,69.02185392332674,1.4938375185787902
230.0,40.243730797158626,5.433660660614803,13.074376130821712,0.8099989782198689,0.282551622584442,914.4958085003634,69.05778244726642,1.4933941416294285
230.0,40.261853824836464,5.430007870894643,13.07933906756007,0.8098636498567777,0.28246880400557167,914.349412977849,69.09371689769849,1.4929510598715119
230.0,40.27997155883625,5.4263569195324255,13.084300435003954,0.8097283214936863,0.28238610252298846,914.2030192182974,69.12965727903817,1.4925082730531427
230.0,40.29808400053464,5.422707805499475,13.089260240502853,0.8095929931305952,0.2823035179413488,914.0566272198739,69.16560359570447,1.4920657809225548
230.0,40.316191151299996,5.41906052773097,13.094218491364316,0.8094576647675039,0.2822210500657739,913.9102369807423,69.20155585212125,1.4916235832280416
230.0,40.33429301251702,5.4154150851956055,13.099175194886016,0.8093223364044126,0.2821386987018463,913.7638484990688,69.2375140527206,1.4911816797181505
230.0,40.35238958554469,5.4117714768617216,13.104130358355121,0.8091870080413214,0.2820564636555965,913.6174617730105,69.27347820192907,1.490740070141416
230.0,40.370480871757415,5.408129701652233,13.109083989050404,0.8090516796782301,0.281974344733513,913.4710768007295,69.30944830418791,1.4902987542479567
230.0,40.38856687253617,5.404489758538554,13.114036094223726,0.8089163513151388,0.2818923417425371,913.3246935803874,69.34542436393744,1.4898577317870976
230.0,40.40664758924969,5.400851646483083,13.118986681123742,0.8087810229520476,0.28181045449006864,913.1783121101396,69.3814063856264,1.489417002508225
230.0,40.42472302326806,5.397215364412479,13.123935756981389,0.8086456945889563,0.28172868278395263,913.0319323881424,69.41739437370059,1.4889765661625736
230.0,40.44279317595996,5.393580911322267,13.128883329024113,0.808510366225865,0.28164702643247586,912.8855544125511,69.45338833261611,1.4885364224997424
230.0,40.46085804870389,5.389948286159151,13.133829404446999,0.8083750378627738,0.281565485244384,912.7391781815195,69.48938826683312,1.4880965712710894
230.0,40.47891764286779,5.386317487886682,13.138773990453053,0.8082397094996825,0.28148405902887036,912.5928036931992,69.52539418081227,1.487657012227471
230.0,40.496971959830525,5.382688515462442,13.14371709421362,0.8081043811365913,0.2814027475955643,912.4464309457437,69.56140607902455,1.4872177451204
230.0,40.51502100095421,5.379061367849357,13.148693407335799,0.8079690527735,0.2813215507545515,912.3000599372992,69.59742396593879,1.4867787697018096
230.0,40.533064767616985,5.375436043998975,13.153723857548954,0.8078337244104088,0.2812404683163459,912.1536906660168,69.6334478460334,1.4863400857236106
230.0,40.551103261193035,5.371812542908923,13.15875266504824,0.8076983960473175,0.2811595000919191,912.0073231300424,69.66947772378883,1.4859016929378912
230.0,40.569136483043955,5.368190863510745,13.163779837327603,0.8075630676842263,0.28107864589267223,911.8609573275212,69.70551360368941,1.4854635910978125
230.0,40.587164434547724,5.364571004772269,13.168805381886472,0.807427739321135,0.28099790553045023,911.7145932565978,69.7415554902246,1.4850257799563436
230.0,40.605187117075026,5.36095296569918,13.173829306221954,0.8072924109580437,0.2809172788175323,911.5682309154142,69.77760338788666,1.4845882592660231
230.0,40.623204531993416,5.357336745202961,13.178851617804753,0.8071570825949524,0.2808367655666418,911.4218703021137,69.81365730117889,1.4841510287815742
230.0,40.64121668068439,5.353722342313428,13.18387232408427,0.8070217542318612,0.28075636559093053,911.2755114148351,69.84971723459955,1.4837140882554396
230.0,40.65922356450319,5.350109755953043,13.188891432510937,0.8068864258687699,0.2806760787039899,911.1291542517166,69.88578319265625,1.4832774374430162
230.0,40.677225184839294,5.346498985113293,13.19390895051265,0.8067510975056786,0.28059590471983814,910.9827988108977,69.92185517986282,1.4828410760983748
230.0,40.695221543046834,5.342890028750112,13.198924885507402,0.8066157691425874,0.28051584345293107,910.8364450905136,69.95793320073295,1.4824050039763688
230.0,40.71321264050059,5.3392828858696975,13.20393924489558,0.8064804407794961,0.28043589471815233,910.6900930886978,69.99401725978717,1.481969220831574
230.0,40.731198478578776,5.335677555418308,13.20895203607055,0.8063451124164048,0.2803560583308175,910.5437428035847,70.03010736155119,1.4815337264199033
230.0,40.749179058645666,5.332074036393361,13.213963266397528,0.8062097840533136,0.280276334106663,910.397394233306,70.06620351055292,1.4810985204965352
230.0,40.76715438206978,5.3284723277497115,13.21897294325192,0.8060744556902224,0.28019672186186234,910.2510473759934,70.10230571132658,1.480663602817929
230.0,40.78512445023291,5.324872428456956,13.223981073964254,0.805939127327131,0.28011722141301226,910.1047022297751,70.13841396841164,1.4802289731405207
230.0,40.80308926449254,5.321274337524667,13.228987665883773,0.8058037989640399,0.28003783257712916,909.9583587927792,70.1745282863474,1.4797946312200951
230.0,40.82104882621907,5.317678053905974,13.233992726326548,0.8056684706009486,0.2799585551716571,909.8120170631308,70.21064866968405,1.479360576814241
230.0,40.83900313678928,5.31408357657825,13.23899626259513,0.8055331422378573,0.2798793890144604,909.6656770389567,70.24677512297082,1.4789268096800172
230.0,40.85695219757162,5.310490904544399,13.243998281989704,0.805397813874766,0.2798003339238259,909.5193387183808,70.28290765076432,1.4784933295744191
230.0,40.874896009936855,5.306900036772091,13.248998791780984,0.8052624855116748,0.27972138971846167,909.3730020995253,70.3190462576259,1.478060136255474
230.0,40.89283457524799,5.303310972266347,13.253997799249738,0.8051271571485835,0.2796425562174851,909.2266671805099,70.35519094811791,1.4776272294809467
230.0,40.91076789488256,5.2997237099700465,13.258995311636617,0.8049918287854922,0.27956383324044737,909.0803339594543,70.39134172681014,1.477194609009699
230.0,40.92869597020723,5.296138248886179,13.263996545487664,0.804856500422401,0.279485220607299,908.93400243448,70.42749859827886,1.4767622746003628
230.0,40.94661880259283,5.292554588014387,13.269031572809261,0.8047211720593097,0.27940671813842194,908.7876726037014,70.46366156710064,1.476330226011249
230.0,40.964536393405794,5.288972726301129,13.274065099519078,0.8045858436962184,0.27932832565459487,908.6413444652317,70.49983063785615,1.4758984630024976
230.0,40.982448744012785,5.2853926627966406,13.279097132810037,0.8044505153331272,0.2792500429770273,908.4950180171886,70.53600581513504,1.475466985332303
230.0,41.00035585578874,5.281814396440981,13.284127679866664,0.804315186970036,0.2791718699273283,908.3486932576833,70.57218710352903,1.4750357927615476
230.0,41.018257730097694,5.278237926242859,13.289156747872951,0.8041798586069446,0.27909380632751596,908.2023701848259,70.60837450763216,1.4746048850499185
230.0,41.036154368311685,5.27466325116636,13.294262072967959,0.8040445302438535,0.27901585200002804,908.0560487967283,70.64456803204673,1.4741742619583045
230.0,41.05404577180713,5.271090370233225,13.299378039983978,0.8039092018807622,0.2789380067677021,907.9097290915017,70.6807676813812,1.4737439232466112
230.0,41.071931941939596,5.2675192824284345,13.304492369527303,0.8037738735176709,0.278860270453787,907.7634110672468,70.71697346023844,1.473313868676217
230.0,41.08981288008079,5.263949986756253,13.309605069118566,0.8036385451545797,0.2787826428819361,907.617094722072,70.75318537323636,1.4728842411262215
230.0,41.10768858760335,5.260382482158782,13.314716146219062,0.8035032167914884,0.2787051238762037,907.4707800540833,70.78940342499318,1.472459445671178
230.0,41.12555906587392,5.256816767705757,13.319825608330817,0.8033678884283971,0.27862771326105645,907.3244670613822,70.82562762013227,1.4720349244381523
230.0,41.14342431625903,5.253252842319742,13.324933462901349,0.8032325600653059,0.2785504108613573,907.1781557420693,70.86185796328053,1.4716106772037412
230.0,41.161284340132774,5.249690705039428,13.330039717384977,0.8030972317022146,0.2784732165023726,907.0318460942478,70.89809445907257,1.4711867037427464
230.0,41.1791391388578,5.246130354875234,13.335144379212679,0.8029619033391233,0.27839613000976576,906.8855381160146,70.93433711214365,1.470763003830519
230.0,41.19698871380113,5.242571790783806,13.340247455808665,0.802826574976032,0.278319151209607,906.7392318054659,70.97058592713401,1.4703395772434216
230.0,41.21483306633234,5.239015011796047,13.345348954573856,0.8026912466129408,0.2782422799283553,906.592927160701,71.00684090869342,1.4699164237577877
230.0,41.23267219782315,5.2354600168793075,13.350448882907486,0.8025559182498495,0.2781655159928767,906.4466241798109,71.04310206146951,1.469493543150146
230.0,41.25050610963583,5.231906805086199,13.355547248191577,0.8024205898867582,0.2780888592304212,906.3003228608902,71.07936939011726,1.4690709351965117
230.0,41.26833480313897,5.2283553753674,13.360644057795945,0.8022852615236671,0.278012309468644,906.1540232020295,71.1156428992959,1.468648599674885
230.0,41.28615827970281,5.224805751790844,13.365725854111531,0.8021499331605757,0.27793586653559,906.0077252013228,71.15192259367304,1.4682218033711043
230.0,41.30397654069178,5.221257883297395,13.370818338270254,0.8020146047974845,0.2778595302596953,905.8614288568548,71.18820847791349,1.467800127063908
230.0,41.32178958747283,5.217711793936846,13.375909288299766,0.8018792764343933,0.27778330046979055,905.7151341667145,71.22450055669277,1.4673787227021153
230.0,41.33959742141932,5.214167482676701,13.38099871148863,0.801743948071302,0.27770717699509273,905.5688411289881,71.26079883468886,1.4669575900641878
230.0,41.35740004389115,5.210624948546175,13.38608661515889,0.8016086197082107,0.27763115966521384,905.4225497417606,71.29710331658261,1.4665367289279752
230.0,41.375197456259656,5.207084190506919,13.391173006562788,0.8014732913451195,0.27755524831015055,905.2762600031157,71.33341400706341,1.4661161390727373
230.0,41.39298965988815,5.203545207609809,13.39625789300733,0.8013379629820282,0.27747944276028386,905.1299719111342,71.36973091082294,1.4656958202769477
230.0,41.4107766561453,5.2000079988633425,13.401341281744422,0.8012026346189369,0.2774037428463885,904.9836854638966,71.40605403255589,1.4652757723195842
230.0,41.428558446398156,5.196472563260726,13.40642318001688,0.8010673062558457,0.2773281483996183,904.8374006594813,71.44238337696274,1.4648559949806572
230.0,41.44633503200613,5.1929388998257,13.411503595072297,0.8009319778927544,0.2772526592515108,904.6911174959664,71.47871894875051,1.4644364880391072
230.0,41.46410641434915,5.18940700755522,13.41658253411017,0.8007966495296631,0.2771772752339942,904.5448359714287,71.51506075262981,1.4640172512753273
230.0,41.48187259478375,5.185876885484215,13.421660004362472,0.8006613211665718,0.27710199617936876,904.3985560839436,71.55140879331654,1.463598284469553
230.0,41.4996335746821,5.182348532591458,13.426736013023174,0.8005259928034807,0.277026821920319,904.2522778315838,71.58776307552729,1.4631795874026128
230.0,41.51738935540386,5.178821947923961,13.431839054489894,0.8003906644403893,0.27695175228991087,904.1060012124203,71.62412360398811,1.46276115985456
230.0,41.53513993832402,5.175297130465859,13.437001872182114,0.8002553360772982,0.27687678712159075,903.9597262245235,71.6604903834267,1.4623430016072925
230.0,41.55288532479733,5.171774079266412,13.442163071225863,0.8001200077142069,0.2768019262491807,903.813452865963,71.69686341857623,1.4619251124412793
230.0,41.57062551619671,5.168252793324617,13.447322659141484,0.7999846793511156,0.2767271695068755,903.6671811348072,71.73324271417731,1.4615074921388433
230.0,41.58836051388435,5.164733271665189,13.452480643424323,0.7998493509880243,0.276652516729248,903.5209110291199,71.76962827496817,1.461090140481359
230.0,41.606090319227654,5.161215513276955,13.457637031574558,0.7997140226249331,0.2765779677512531,903.3746425469677,71.80602010570072,1.4606730572515927
230.0,41.62381493359342,5.157699517242928,13.462791831084587,0.7995786942618418,0.2765035224082038,903.2283756864139,71.8424182111241,1.4602562422309504
230.0,41.64153435834512,5.154185282516137,13.467945049401294,0.7994433658987505,0.2764291805358029,903.0821104455193,71.87882259599574,1.45983969520316
230.0,41.65924859485306,5.150672808155334,13.473096693993405,0.7993080375356593,0.27635494197011384,902.9358468223467,71.9152332650805,1.4594234159505206
230.0,41.676957644472715,5.147162093190615,13.478246772293772,0.799172709172568,0.2762808065475716,902.7895848149512,71.95165022313759,1.4590074042563377
230.0,41.69466150857694,5.143653136598529,13.483395291732803,0.7990373808094767,0.2762067741049877,902.6433244213932,71.98807347494316,1.458591659904549
230.0,41.71236018853023,5.140145937451353,13.488542259719381,0.7989020524463855,0.2761328444795298,902.4970656397292,72.02450302527119,1.4581761826783033
230.0,41.73005368569098,5.136640494758227,13.493687683657804,0.7987667240832942,0.2760590175087434,902.350808468011,72.06093887890019,1.457760972361845
230.0,41.74774200142749,5.133136807526758,13.498831570938329,0.7986313957202029,0.27598529303053665,902.2045529042939,72.09738104061607,1.4573460287395568
230.0,41.765425137113034,5.129634874817749,13.503973928924061,0.7984960673571118,0.27591167088318785,902.0582989466308,72.1338295152123,1.4569313515958773
230.0,41.78310309409663,5.12613469563258,13.509114764992354,0.7983607389940204,0.2758381509053285,901.9120465930692,72.17028430747641,1.4565169407153655
230.0,41.800775873756486,5.122636269007441,13.514254086476804,0.7982254106309292,0.2757647329359678,901.765795841659,72.20674542221255,1.456102795883507
230.0,41.8184434774445,5.119139593976764,13.519391900711959,0.798090082267838,0.2756914168144618,901.6195466904461,72.2432128642188,1.4556889168853675
230.0,41.836105906533895,5.115644669558113,13.524528215022329,0.7979547539047467,0.2756182023805463,901.4732991374806,72.27968663831055,1.4552753035067019
230.0,41.85376316238239,5.112151494820039,13.529663036725957,0.7978194255416554,0.27554508947430223,901.3270531808029,72.31616674929604,1.4548619555331552
230.0,41.87141524636276,5.108660068717835,13.534796373120898,0.7976840971785641,0.27547207793617773,901.1808088184578,72.35265320199463,1.4544488727511948
230.0,41.88906215983398,5.105170390362557,13.539928231469817,0.7975487688154729,0.27539916760697786,901.0345660484875,72.38914600123087,1.4540360549466966
230.0,41.906703904155194,5.101682458739139,13.545058619062225,0.7974134404523816,0.275326358327866,900.8883248689299,72.42564515182893,1.4536235019070705
230.0,41.92434048069492,5.098196272926333,13.550187543147736,0.7972781120892903,0.2752536499403561,900.7420852778255,72.46215065862262,1.4532112134180502
230.0,41.94197189081632,5.0947118319099545,13.555315010962874,0.7971427837261991,0.2751810422863302,900.5958472732107,72.49866252645018,1.4527991892679883
230.0,41.959598135884704,5.091229134762815,13.560441029750606,0.7970074553631078,0.2751085352080118,900.4496108531225,72.53518076015067,1.4523874292435444
230.0,41.97721921726167,5.087748180508388,13.565565606734161,0.7968721270000165,0.2750361285479869,900.303376015593,72.57170536457043,1.451975933132616
230.0,41.994835136306136,5.084268968182619,13.570688749103335,0.7967367986369254,0.27496382214919163,900.1571427586566,72.60823634456234,1.4515647007232213
230.0,42.012445894384754,5.08079149684847,13.575851245288426,0.796601470273834,0.27489161585491284,900.0109110803428,72.64477370498146,1.451153731803244
230.0,42.030051492869106,5.077315765481713,13.581102367827718,0.7964661419107428,0.27481950950878853,899.864680978685,72.68131745069117,1.45074302616196
230.0,42.04765193310261,5.073841773184153,13.586351871235621,0.7963308135476516,0.27474750295480965,899.7184524517063,72.71786758655055,1.450332583587424
230.0,42.065247216469125,5.070369519003631,13.591599763055541,0.7961954851845603,0.27467559603731206,899.57222549744,72.75442411743924,1.4499224038681193
230.0,42.08283734431274,5.066899027280503,13.596846081810348,0.796060156821469,0.2746037886009814,899.4260001139052,72.79098704822297,1.4495124847680962
230.0,42.10042231801025,5.063430245816923,13.60209077203978,0.7959248284583778,0.27453208049085315,899.2797762991305,72.8275563837888,1.4491028301140676
230.0,42.11800213891454,5.059963199576185,13.607333873150097,0.7957895000952865,0.2744604715523019,899.1335540511368,72.8641321290189,1.4486934376849425
230.0,42.13557680839397,5.056497887598418,13.612575392631875,0.7956541717321952,0.2743889616310559,898.987333367944,72.90071428880285,1.4482843072706248
230.0,42.153146327807384,5.053034308950146,13.617815337924641,0.795518843369104,0.2743175505731787,898.8411142475737,72.937302868034,1.4478754386614032
230.0,42.17071069851995,5.049572462644898,13.623053716502227,0.7953835150060127,0.27424623822508676,898.6948966880423,72.97389787161345,1.4474668316478783
230.0,42.18826992188886,5.046112347775721,13.628290535784139,0.7952481866429214,0.27417502443353214,898.5486806873656,73.01049930444348,1.447058486020535
230.0,42.20582399927721,5.042653963345814,13.633525803192327,0.7951128582798301,0.27410390904560905,898.40246624356,73.04710717143321,1.4466504015709356
230.0,42.223372932050154,5.039197308442864,13.638759526134692,0.7949775299167389,0.2740328919087589,898.2562533546399,73.08372147749877,1.446242578089839
230.0,42.24091672156498,5.035742382068772,13.64399171201922,0.7948422015536476,0.27396197287075247,898.1100420186151,73.12034222755472,1.4458350153693815
230.0,42.25845536918871,5.0322891833246715,13.649222368213174,0.7947068731905564,0.2738911517797052,897.9638322334987,73.1569694265279,1.4454277132009035
230.0,42.27598887628123,5.02883771124372,13.654451502094496,0.7945715448274651,0.27382042848407245,897.8176239972993,73.19360307934593,1.4450206713762626
230.0,42.29351724420011,5.025387964864937,13.659679121018407,0.7944362164643739,0.273749802832644,897.6714173080228,73.23024319094274,1.4446138896884453
230.0,42.31104047430568,5.0219399432781895,13.66490523234851,0.7943008881012826,0.27367927467454556,897.525212163675,73.26688976625258,1.4442073679292005
230.0,42.32855856796518,5.018493645485467,13.670129843383762,0.7941655597381914,0.27360884385923373,897.3790085622641,73.30354281022201,1.4438011058922025
230.0,42.34607152653813,5.015049070601162,13.675352961460497,0.7940302313751001,0.27353851023650666,897.2328065017898,73.3402023277985,1.4433951033695165
230.0,42.36357935138032,5.011606217626699,13.680574593882547,0.7938949030120088,0.2734682736564963,897.0866059802552,73.37686832393362,1.4429893601554384
230.0,42.38108204385653,5.008165085664011,13.685794747957758,0.7937595746489176,0.273398133969659,896.9404069956604,73.41354080358536,1.4425838760427174
230.0,42.398579605325686,5.0047256737506265,13.691013430949305,0.7936242462858263,0.2733280910267877,896.7942095460027,73.45021977171548,1.4421786508256018
230.0,42.416072037150414,5.0012879809338795,13.696230650140883,0.793488917922735,0.27325814467900617,896.6480136292818,73.4869052332921,1.4417736842979176
230.0,42.433559340689776,4.997852006296202,13.701446412765137,0.7933535895596437,0.2731882947777703,896.5018192434908,73.52359719328821,1.4413689762543374
230.0,42.45104151730336,4.994417748889427,13.70666072608988,0.7932182611965525,0.27311854117485834,896.3556263866236,73.56029565667792,1.440964526489179
230.0,42.46851856834993,4.990985207769752,13.711873597334234,0.7930829328334612,0.2730488837223835,896.2094350566756,73.59700062844674,1.4405603347973797
230.0,42.485990495195686,4.987554381995949,13.717085033724686,0.79294760447037,0.27297932227278265,896.063245251636,73.63371211358118,1.4401564009738965
230.0,42.503457299191055,4.9841252706652535,13.722349476994815,0.7928122761072787,0.27290985667881634,895.9170569694934,73.67043011707035,1.439752724813583
230.0,42.52091898170821,4.980697872794585,13.727647110715424,0.7926769477441875,0.27284048679357736,895.770870208239,73.70715464391465,1.4393493061127947
230.0,42.53837554409921,4.977272187467646,13.732943155989474,0.7925416193810962,0.27277121247047864,895.6246849658572,73.74388569911606,1.438946144666763
230.0,42.555826987717005,4.973848213765189,13.738237620340989,0.792406291018005,0.272702033563254,895.4785012403319,73.78062328767551,1.4385432402720457
230.0,42.5732733139313,4.970425950741539,13.743530511302652,0.7922709626549137,0.27263294992597337,895.3323190296472,73.81736741461054,1.4381405927241395
230.0,42.59071452409834,4.96700539743074,13.748821836380152,0.7921356342918224,0.2725639614130094,895.1861383317872,73.85411808493683,1.4377382018207827
230.0,42.60815061957844,4.963586552960284,13.75411160306384,0.7920003059287312,0.27249506787906697,895.0399591447307,73.8908753036741,1.437336067357497
230.0,42.625581601731625,4.960169416363602,13.75939981883483,0.7918649775656399,0.27242626917917306,894.8937814664578,73.92763907585146,1.4369341891317957
230.0,42.64300747190796,4.956754000735377,13.764679950448759,0.7917296492025486,0.2723575651686706,894.7476052949436,73.96440940649737,1.4365312642926373
230.0,42.66042823147938,4.953340277449513,13.76996548181802,0.7915943208394574,0.27228895570322115,894.6014306281668,74.00118630065136,1.436129862704651
230.0,42.677843881795404,4.949928259296582,13.77524948369203,0.7914589924763661,0.27222044063880285,894.4552574640992,74.03796976335086,1.4357287167878579
230.0,42.6952544242236,4.946517945363602,13.780531963495378,0.7913236641132748,0.27215201983171294,894.3090858007168,74.07475979964973,1.4353278263400893
230.0,42.71265986010529,4.943109334741004,13.785812928664534,0.7911883357501837,0.2720836931385637,894.1629156359861,74.11155641458956,1.4349271911588324
230.0,42.730060190822336,4.939702426505935,13.791092386609407,0.7910530073870923,0.27201546041628377,894.0167469678836,74.14835961323645,1.4345268110419884
230.0,42.747455417709574,4.93629721974019,13.796370344721268,0.7909176790240011,0.27194732152211637,893.87057979437,74.18516940064457,1.4341266857883106
230.0,42.76484554214321,4.9328937135273945,13.801646810377818,0.7907823506609097,0.2718792763136175,893.7244141134171,74.22198578188465,1.4337268151965907
230.0,42.782230565470385,4.929491906986499,13.806921790971302,0.7906470222978186,0.2718113246486502,893.5782499229894,74.25880876202419,1.433327199064805
230.0,42.799610489054025,4.926091799167864,13.812195293836695,0.7905116939347273,0.27174346638540314,893.4320872210493,74.29563834614521,1.4329278371933407
230.0,42.816985314252676,4.922693389201171,13.817467326339802,0.790376365571636,0.27167570138236147,893.28592600556,74.33247453932539,1.432528729380647
230.0,42.83435504242249,4.919296676152838,13.82273789579896,0.7902410372085448,0.2716080294983329,893.1397662744804,74.36931734665208,1.4321312302441578
230.0,42.851719674921405,4.915901659172389,13.828007009557936,0.7901057088454535,0.27154045059242904,892.9936080257723,74.40616677321879,1.4317370583473699
230.0,42.86907921309829,4.912508337327508,13.833274674908871,0.7899703804823622,0.27147296452405956,892.8474512573888,74.44302282411523,1.4313431311700355
230.0,42.886433658322844,4.9091167096959865,13.838540899155106,0.789835052119271,0.27140557115296743,892.7012959672904,74.47988550445385,1.4309494485245944
230.0,42.90378301195472,4.90572677537382,13.84380568957856,0.7896997237561797,0.2713382703391771,892.5551421534321,74.51675481933552,1.4305560102245118
230.0,42.92112727533914,4.902338533465068,13.849069053455473,0.7895643953930884,0.27127106194303363,892.4089898137612,74.5536307738704,1.4301628160822701
230.0,42.9384664498321,4.898951983007645,13.854330998039451,0.7894290670299972,0.27120394582518487,892.2628389462315,74.59051337317692,1.4297698659119986
230.0,42.95580053680472,4.895567123071362,13.859591530584694,0.7892937386669059,0.27113692184658006,892.1166895487942,74.62740262237989,1.429377159526195
230.0,42.97312953760237,4.892183952639682,13.864850658311546,0.7891584103038147,0.27106998986847525,891.9705416193968,74.66429852660121,1.4289846967386939
230.0,42.99045345358141,4.8888024706292486,13.870189642602796,0.7890230819407233,0.2710031497524277,891.8243951559848,74.70120109097569,1.4285924773630605
230.0,43.007772286105755,4.885422676022083,13.875569707185711,0.7888877535776322,0.2709364013602989,891.6782501565057,74.7381103206421,1.4282005012112118
230.0,43.02508603652835,4.882044567595674,13.880955622867475,0.7887524252145409,0.27086974455425367,891.5321066189018,74.77502622074252,1.4278087680975695
230.0,43.04239470619723,4.878668144304759,13.886339958201695,0.7886170968514497,0.2708031791967479,891.3859645411119,74.81194879641929,1.4274172778334104
230.0,43.05969829648599,4.875293404983447,13.89172272073695,0.7884817684883584,0.2707367051505515,891.2398239210825,74.84887805283194,1.427026030231643
230.0,43.07699680873133,4.871920348599063,13.89710391795088,0.7883464401252671,0.2706703222787205,891.0936847567461,74.88581399513126,1.4266350251071922
230.0,43.094290244303494,4.86854897421208,13.902483557412992,0.7882111117621758,0.2706040304446163,890.9475470460454,74.9227566284862,1.426244262273089
230.0,43.11157860454954,4.865179281019888,13.90786164659918,0.7880757833990846,0.27053782951190075,890.8014107869119,74.9597059580598,1.425853741545849
230.0,43.12886189083271,4.861811268293995,13.913238193006178,0.7879404550359933,0.270471719344521,890.6552759772819,74.99666198902764,1.4254634627421179
230.0,43.14614010449954,4.8584449354281585,13.918613204146482,0.787805126672902,0.270405699806734,890.5091426150874,75.03362472656843,1.4250734256786888
230.0,43.16341324691064,4.8550802817428345,13.923986687469203,0.7876697983098108,0.27033977076308063,890.3630106982597,75.07059417586115,1.4246836301740184
230.0,43.180681319422796,4.85171730656317,13.92935865045039,0.7875344699467195,0.27027393207840356,890.2168802247273,75.10757034209864,1.4242940760462246
230.0,43.197944323389756,4.848356009099154,13.93472910050069,0.7873991415836283,0.27020818361783633,890.0707511924198,75.1445532304739,1.4239047631136799
230.0,43.2152022601641,4.844996388638188,13.940098045080447,0.787263813220537,0.2701425252468014,889.9246235992621,75.18154284618262,1.4235156911934774
230.0,43.232455131098924,4.841638444307519,13.945465491592735,0.7871284848574458,0.27007695683102334,889.7784974431778,75.2185391944309,1.423126860103378
230.0,43.249702937558666,4.838282175185387,13.950831447436293,0.7869931564943544,0.2700114782365087,889.6323727220932,75.25554228042859,1.4227382696613657
230.0,43.26694568089053,4.834927580440594,13.956195919995402,0.7868578281312633,0.2699460893295597,889.4862494339264,75.29255210938736,1.4223499196846068
230.0,43.284183362451124,4.831574659133816,13.961558916635369,0.786722499768172,0.2698807899767659,889.3401275766006,75.3295686865289,1.4219618099910862
230.0,43.30141598359086,4.828223410308139,13.966920444719996,0.7865871714050807,0.26981558004500766,889.1940071480301,75.36659201707481,1.421573940399054
230.0,43.318643545668124,4.824873833106974,13.972280511609483,0.7864518430419895,0.26975045940145265,889.0478881461362,75.40362210625763,1.4211863107252696
230.0,43.335866050037744,4.821525926554308,13.977639124628823,0.7863165146788982,0.26968542791356187,888.9017705688312,75.44065895931305,1.4207989207889427
230.0,43.35308349804938,4.818179689773707,13.982996291118885,0.7861811863158069,0.2696204854490696,888.7556544140284,75.47770258147648,1.420411770407507
230.0,43.37029589105777,4.8148351217736325,13.988352018366555,0.7860458579527156,0.269555631876011,888.609539679641,75.51475297799706,1.4200248594009874
230.0,43.38750323042251,4.811492221712101,13.993706313699569,0.7859105295896244,0.2694908670626969,888.4634263635802,75.55181015412606,1.4196381875866548
230.0,43.404705517492665,4.808150988648911,13.999059184399327,0.7857752012265331,0.2694261908777303,888.3173144637531,75.58887411511633,1.4192517547840442
230.0,43.42190275361918,4.804811421674263,14.004410637729555,0.7856398728634418,0.26936160318999225,888.171203978066,75.62594486622925,1.4188655608129426
230.0,43.43909494016178,4.80147351989065,14.009760680968704,0.7855045445003506,0.26929710386864547,888.0250949044278,75.66302241273122,1.4184796054920572
230.0,43.45628207847208,4.798137282409971,14.01517132358034,0.7853692161372594,0.26923269278314343,887.8789872407403,75.70010675989536,1.4180938886410734
230.0,43.47346416989341,4.794802708288957,14.020607057524032,0.785233887774168,0.2691683698032167,887.7328809849066,75.7371979129978,1.417708410080579
230.0,43.49064121579431,4.791469796666522,14.02604123081472,0.7850985594110769,0.2691041347988751,887.586776134828,75.77429587732148,1.4173231696303465
230.0,43.50781321752138,4.788138546636521,14.031473851029103,0.7849632310479856,0.26903998764041015,887.440672688402,75.8114006581487,1.4169381671104784
230.0,43.52498017642394,4.784808957282657,14.036904925715966,0.7848279026848943,0.2689759281983949,887.2945706435279,75.84851226077714,1.4165534023420747
230.0,43.54214209385537,4.781481027767683,14.04233446242474,0.7846925743218031,0.26891195634367704,887.1484699980998,75.88563069050103,1.4161688751450487
230.0,43.55929897116982,4.778154757142686,14.047762468685344,0.7845572459587118,0.2688480719473896,887.0023707500135,75.9227559526259,1.415784585341217
230.0,43.57645080971941,4.774830144541915,14.053188952011878,0.7844219175956205,0.2687842748809341,886.8562728971622,75.95988805245824,1.4154005327513703
230.0,43.59359761085607,4.771507189102044,14.058613919920383,0.7842865892325293,0.26872056501599556,886.7101764374358,75.99702699531207,1.415016717196645
230.0,43.610739375937136,4.768185889879242,14.064037379887248,0.784151260869438,0.26865694222453124,886.5640813687257,76.03417278650673,1.414633138499442
230.0,43.627876106306616,4.7648662460382,14.069459339414195,0.7840159325063467,0.2685934063787799,886.4179876889168,76.07132543136665,1.4142497964804248
230.0,43.645007803321334,4.761548256654993,14.074879805954566,0.7838806041432554,0.268529957351242,886.2718953958988,76.1084849352206,1.4138666909624122
230.0,43.66213446832858,4.758231920852801,14.080298786959943,0.7837452757801642,0.26846659501470566,886.1258044875541,76.14565130340256,1.4134838217681533
230.0,43.67925610268556,4.754917237768393,14.085716289896162,0.783609947417073,0.26840331924222827,885.9797149617658,76.18282454125344,1.4131011887183575
230.0,43.69637270773813,4.751604206504725,14.09113232217392,0.7834746190539816,0.26834012990713446,885.8336268164161,76.22000465411834,1.4127187916372002
230.0,43.71348428484343,4.74829282619966,14.096546891226062,0.7833392906908905,0.2682770268830237,885.6875400493859,76.25719164734863,1.4123366303464306
230.0,43.73059083534665,4.744983095921876,14.101960004448365,0.7832039623277991,0.2682140100437673,885.5414546585524,76.29438552630057,1.4119547046700005
230.0,43.747692360601874,4.741675014854368,14.107371669252991,0.7830686339647079,0.2681510792635093,885.3953706417905,76.33158629633057,1.411573014429958
230.0,43.764788861967105,4.738368582060483,14.112781893001916,0.7829333056016167,0.2680882344166634,885.2492879969786,76.36879396281368,1.4111915594510085
230.0,43.78188034078151,4.73506379668941,14.118190683076016,0.7827979772385254,0.26802547537790483,885.1032067219878,76.40600853111653,1.4108103395561145
230.0,43.798966798403335,4.731760657873373,14.12359804684494,0.7826626488754341,0.26796280202218364,884.9571268146891,76.44323000661704,1.4104293545687734
230.0,43.816048236169294,4.728459164731556,14.129003991647394,0.7825273205123429,0.26790021422471905,884.811048272952,76.4804583946959,1.4100486043131317
230.0,43.833124655452224,4.725159316350689,14.13440852481552,0.7823919921492516,0.26783771186099,884.6649710946486,76.51769370074652,1.409668088614282
230.0,43.850196057583915,4.72186111189972,14.139811653677107,0.7822566637861603,0.26777529480675016,884.5188952776421,76.55493593015709,1.4092878072957
230.0,43.86726244392946,4.718564550492185,14.14521338555344,0.782121335423069,0.26771296293801716,884.3728208198012,76.59218508833264,1.4089077601821267
230.0,43.8843238158258,4.715269631249786,14.150613727742972,0.7819860070599778,0.26765071613106345,884.2267477189857,76.62944118067115,1.4085279470987762
230.0,43.90138017462656,4.71197635329802,14.156012687524942,0.7818506786968865,0.2675885542624379,884.0806759730586,76.66670421258486,1.4081483678706126
230.0,43.91843152168818,4.708684715785987,14.16147564213842,0.7817153503337952,0.26752647720895184,883.934605579881,76.70397418948862,1.4077690223223571
230.0,43.93547785835177,4.705394717823044,14.166969709163297,0.7815800219707041,0.26746448484767155,883.7885365373116,76.74125111680355,1.4073899102801224
230.0,43.952519185967894,4.702106358557933,14.172496063239436,0.7814446936076127,0.2674025770559341,883.6424688432044,76.77853499995238,1.4070110315689779
230.0,43.969555505897176,4.698819637094651,14.178020860355565,0.7813093652445215,0.2673407537113355,883.4964024954197,76.8158258443715,1.4066323860153618
230.0,43.98658681946926,4.695534552602031,14.183544108113423,0.7811740368814303,0.2672790146917274,883.3503374918054,76.85312365549213,1.4062539734447248
230.0,44.00361312805295,4.692251104174893,14.189065814057727,0.781038708518339,0.26721735987523226,883.204273830219,76.89042843876192,1.4058757936843578
230.0,44.0206344329831,4.688969290944085,14.194585985775056,0.7809033801552477,0.26715578914021837,883.0582115085064,76.9277401996234,1.4054978465599743
230.0,44.03765073562063,4.685689112113404,14.200104630818572,0.7807680517921565,0.2670943023653274,882.9121505245201,76.965058943533,1.4051201318975384
230.0,44.05466203730084,4.682410566772593,14.20562175671251,0.7806327234290652,0.2670328994294515,882.7660908761021,77.00238467594639,1.4047426495246536
230.0,44.07166833938584,4.6791336540057,14.211137370967714,0.7804973950659739,0.2669715802117402,882.6200325611034,77.03971740232961,1.4043653992697054
230.0,44.08866964321152,4.675858373035431,14.216651481127165,0.7803620667028827,0.26691034459160395,882.4739755773624,77.07705712815033,1.4039883809581686
230.0,44.105665950133876,4.672584722979305,14.222164094681055,0.7802267383397914,0.26684919244870686,882.3279199227244,77.11440385888534,1.4036115944176328
230.0,44.12265726149805,4.669312702937908,14.22767521910918,0.7800914099767001,0.26678812366296495,882.1818655950304,77.15175760001223,1.403235039476976
230.0,44.139643578655345,4.666042312094986,14.23318486190419,0.7799560816136089,0.2667271381145588,882.0358125921168,77.18911835701837,1.4028587159629569
230.0,44.15662490295365,4.662773549576498,14.238693030518107,0.7798207532505177,0.26666623568391673,881.8897609118214,77.22648613539494,1.4024826237041255
230.0,44.1736012357372,4.659506414532998,14.244199732418949,0.7796854248874263,0.26660541625171924,881.7437105519797,77.26386094063757,1.4021067625285881
230.0,44.19057257835418,4.656240906072752,14.249704975032628,0.7795500965243352,0.2665446796989109,881.5976615104256,77.30124277825105,1.4017311322652755
230.0,44.20753893215395,4.652977125710725,14.255208695808392,0.7794147681612438,0.2664840259066737,881.4516137849895,77.33863165373917,1.401355735717316
230.0,44.224500298482624,4.649714866478577,14.260711041963178,0.7792794397981526,0.2664234547564503,881.3055673735031,77.37602757261509,1.4009805667255284
230.0,44.241456678685694,4.64645423135921,14.266211951128938,0.7791441114350613,0.26636296612993715,881.1595222737947,77.41343054040253,1.4006056281324815
230.0,44.25840807411827,4.643195219471239,14.271711430664396,0.7790087830719701,0.2663025599090754,881.013478483692,77.45084056262269,1.4002309197686917
230.0,44.27535448611729,4.639937829969841,14.27720948797596,0.7788734547088788,0.2662422359760541,880.8674360010195,77.48825764480287,1.399856441462977
230.0,44.29229591604181,4.636682061999026,14.282706130402268,0.7787381263457875,0.26618199421332134,880.7213948236013,77.52568179248252,1.3994821930451717
230.0,44.3092323652266,4.633427914709612,14.288201365327552,0.7786027979826963,0.2661218345035637,880.5753549492595,77.56311301120023,1.3991081743450429
230.0,44.32616383501544,4.630175387250592,14.293695200093183,0.778467469619605,0.26606175672972704,880.429316375812,77.60055130650025,1.3987343851925678
230.0,44.34309032677129,4.626924478753349,14.299187642027398,0.7783321412565137,0.26600176077499393,880.283279101081,77.63799668394019,1.3983608254182784
230.0,44.360011841832105,4.623675188375239,14.304681680524766,0.7781968128934225,0.26594184652280106,880.1372431228808,77.67544914907363,1.397991477580494
230.0,44.37692838153809,4.6204275152721985,14.310259505201214,0.7780614845303312,0.2658820138568237,879.991208439027,77.71290870746263,1.39762258966806
230.0,44.39383994724088,4.617181458599578,14.31583578903669,0.7779261561672399,0.265822262660994,879.8451750473337,77.75037536467855,1.397253922284695
230.0,44.41074654028751,4.613937017485576,14.321410539654039,0.7777908278041488,0.26576259281947795,879.6991429456128,77.78784912629469,1.3968854752734485
230.0,44.42764816202015,4.610694191100207,14.326983764673557,0.7776554994410574,0.2657030042166924,879.5531121316724,77.82532999788651,1.3965172484778283
230.0,44.44454481378689,4.607452978593684,14.33255547171408,0.7775201710779662,0.265643496737299,879.4070826033221,77.86281798504584,1.3961492417401622
230.0,44.461436496933175,4.604213379107386,14.338125668351111,0.777384842714875,0.26558407026619607,879.2610543583698,77.9003130933598,1.3957814549047458
230.0,44.47832321280807,4.600975391840719,14.343694362193801,0.7772495143517837,0.2655247246885336,879.1150273946216,77.93781532842966,1.3954138878142344
230.0,44.49520496274464,4.597739015879318,14.349261560788868,0.7771141859886924,0.2654654598896928,878.9690017098758,77.97532469584765,1.3950465403139451
230.0,44.512081748101785,4.594504250448828,14.354827271719286,0.7769788576256011,0.2654062757553091,878.8229773019372,78.01284120123198,1.3946794122461683
230.0,44.5289535702192,4.591271094652181,14.360391502512925,0.7768435292625099,0.2653471721712465,878.6769541686056,78.05036485018968,1.3943125034560222
230.0,44.5458204304339,4.588039547653139,14.365954260711113,0.7767082008994186,0.2652881490236182,878.5309323076784,78.0878956483422,1.3939458137881096
230.0,44.5626823301062,4.584809608656093,14.371515553851836,0.7765728725363273,0.26522920619876994,878.3849117169526,78.12543360131326,1.3935793430858092
230.0,44.57953927057378,4.581581276770233,14.377075389432036,0.7764375441732361,0.26517034358329045,878.2388923942237,78.16297871473387,1.3932130911949387
230.0,44.596391253172534,4.578354551191646,14.382633774962862,0.7763022158101448,0.26511156106401057,878.0928743372824,78.20053099423824,1.3928470579594143
230.0,44.613238279255775,4.575129431059404,14.3881907179315,0.7761668874470535,0.26505285852799026,877.9468575439216,78.23809044547018,1.3924812432246698
230.0,44.63008035016902,4.571905915532452,14.393746225804712,0.7760315590839624,0.2649942358625315,877.8008420119315,78.275657074074,1.3921156468367508
230.0,44.646917467252166,4.568684003796515,14.399300306066237,0.775896230720871,0.26493569295517827,877.654827739099,78.31323088570647,1.3917502686394259
230.0,44.66374963184625,4.5654636950002985,14.404852966156447,0.7757609023577798,0.2648772296936973,877.5088147232101,78.3508118860217,1.3913851084795101
230.0,44.68057684530653,4.562244988302993,14.410404213530441,0.7756255739946885,0.2648188459661072,877.3628029620504,78.38840008068965,1.391020166202269
230.0,44.697399108962195,4.559027882878488,14.415954055608667,0.7754902456315973,0.26476054166064233,877.2167924534002,78.42599547537209,1.3906554416538828
230.0,44.7142164241647,4.5558123778958155,14.421502499818935,0.775354917268506,0.26470231666579397,877.0707831950431,78.46359807575365,1.3902909346800618
230.0,44.73102879225351,4.552598472523758,14.427049553569077,0.7752195889054148,0.2646441708702656,876.9247751847557,78.50120788750813,1.38992664512746
230.0,44.74783621457539,4.549386165920898,14.432595224259302,0.7750842605423235,0.26458610416300754,876.778768420317,78.53882491632409,1.3895625728418586
230.0,44.76463869247295,4.546175457250075,14.438139519267244,0.7749489321792322,0.2645281164331986,876.632762899503,78.57644916789647,1.389198717670945
230.0,44.78143622728795,4.542966345693423,14.443682445961379,0.774813603816141,0.2644702075702523,876.4867586200886,78.61408064792553,1.3888350794607736
230.0,44.7982288203638,4.53975883040832,14.44922401172033,0.7746782754530497,0.2644123774638056,876.3407555798443,78.6517193621095,1.388471658058857
230.0,44.81501647304505,4.536552910580515,14.454815410654753,0.7745429470899584,0.2643546260037341,876.1947537765416,78.6893653161621,1.3881084533119994
230.0,44.83179918666616,4.53334858538054,14.460474844185768,0.7744076187268671,0.2642969530801417,876.048753207948,78.72701851579716,1.3877454650671992
230.0,44.848576962577624,4.530145853968221,14.46614441472605,0.7742722903637759,0.2642393585833654,875.9027538718324,78.76467896673867,1.3873826931725954
230.0,44.86534980211712,4.526944715531171,14.471812450514186,0.7741369620006846,0.26418184240396225,875.7567557659588,78.80234667470972,1.3870201374755267
230.0,44.882117706635746,4.523745169236181,14.477478959199251,0.7740016336375934,0.2641244044327253,875.6107588880923,78.84002164544636,1.3866577978239671
230.0,44.89888067745753,4.520547214240048,14.483143948428335,0.7738663052745021,0.26406704456067526,875.4647632359912,78.87770388468428,1.3862956740661425
230.0,44.915638715949285,4.517350849738034,14.488807425821626,0.7737309769114109,0.26400976267906,875.318768807422,78.91539339817182,1.3859337660499993
230.0,44.93239182342597,4.514156074910993,14.4944693989993,0.7735956485483196,0.2639525586793492,875.1727756001376,78.95309019165668,1.3855720736240624
230.0,44.94914000124753,4.510962888920364,14.500129875580845,0.7734603201852284,0.26389543245324554,875.0267836118971,78.99079427089555,1.3852105966365416
230.0,44.965883250743154,4.507771290947579,14.50578886314117,0.7733249918221371,0.26383838389267555,874.8807928404523,79.02850564164541,1.384849334936642
230.0,44.982621573268325,4.504581280200271,14.511446369276435,0.7731896634590458,0.26378141288979223,874.7348032835599,79.06622430968137,1.3844882883726912
230.0,44.999354970151636,4.501392855787418,14.517102401533458,0.7730543350959546,0.2637245193369653,874.5888149389706,79.10395028077022,1.3841274567947668
230.0,45.01608344273448,4.49820601696775,14.522756967500335,0.7729190067328633,0.26366770312680293,874.4428278044319,79.14168356069582,1.3837668400510186
230.0,45.03280699236877,4.495020762876628,14.528410074715083,0.772783678369772,0.26361096415212665,874.2968418776936,79.17942415524193,1.3834064379913156
230.0,45.049525620382425,4.491837092684095,14.534061730708727,0.7726483500066808,0.2635543023059817,874.1508571565009,79.2171720701968,1.3830462504655823
230.0,45.066239328126535,4.488655005615224,14.539711942999652,0.7725130216435895,0.2634977174816387,874.0048736385988,79.2549273113597,1.382686277323097
230.0,45.08294811693288,4.485474500847844,14.545360719111608,0.7723776932804982,0.2634412095725895,873.8588913217285,79.29268988453134,1.3823265184135825
230.0,45.099651988137886,4.482295577507398,14.551008066535665,0.772242364917407,0.2633847784725462,873.7129102036306,79.33045979551834,1.3819669735879312
230.0,45.11635094309673,4.479118234854113,14.556653992776974,0.7721070365543157,0.2633284240754468,873.5669302820461,79.36823705013914,1.3816076426957966
230.0,45.13304498313792,4.475942472040371,14.562298505293548,0.7719717081912245,0.26327214627544004,873.4209515547111,79.40602165421116,1.3812485255878457
230.0,45.149734109603536,4.472768288228431,14.56794161156062,0.7718363798281331,0.26321594496690476,873.2749740193607,79.443813613559,1.3808896221147635
230.0,45.166418323838336,4.469595682655153,14.573583319045461,0.771701051465042,0.2631598200444334,873.1289976737289,79.48161293401571,1.3805309321266248
230.0,45.18309762717068,4.466424654450948,14.579223635179025,0.7715657231019507,0.2631037714028391,872.9830225155464,79.51941962141898,1.380172455475723
230.0,45.199772020951436,4.463255202841488,14.584862567388178,0.7714303947388594,0.2630477989371509,872.8370485425457,79.55723368161141,1.3798141920121998
230.0,45.21644150651291,4.460087326997095,14.590500123110365,0.7712950663757682,0.26299190254262006,872.6910757524539,79.59505512044363,1.3794561415877802
230.0,45.23310608519912,4.456921026140326,14.596136309751401,0.7711597380126769,0.26293608211471,872.5451041429975,79.63288394376944,1.3790983040532436
230.0,45.249765758343564,4.453756299411471,14.601804747180623,0.7710244096495856,0.2628803375491052,872.3991337119004,79.67072015744867,1.3787406792610668
230.0,45.26642052728765,4.450593146026162,14.607525918957279,0.7708890812864944,0.26282466874170346,872.2531644568879,79.70856376735361,1.3783832670629652
230.0,45.28307039336987,4.447431565194927,14.61324557625607,0.7707537529234031,0.2627690755886195,872.1071963756779,79.74641477935113,1.3780260673100575
230.0,45.29971535792991,4.444271556078433,14.618963726762608,0.7706184245603118,0.2627135579861806,871.9612294659934,79.7842731993236,1.3776690798554714
230.0,45.31635542229734,4.44111311789585,14.624680378170787,0.7704830961972206,0.26265811583093407,871.8152637255479,79.82213903315157,1.3773123045508855
230.0,45.3329905878292,4.437956249829486,14.630395538156321,0.7703477678341293,0.2626027490196351,871.669299152062,79.86001228673143,1.376955741248967
230.0,45.349620855841785,4.434800951065109,14.636109214375004,0.7702124394710381,0.26254745744925767,871.5233357432452,79.89789296595681,1.3765993898025546
230.0,45.36624622768648,4.431647220816797,14.641821414500392,0.7700771111079467,0.2624922410169851,871.37737349681,79.93578107672757,1.3762432500637543
230.0,45.3828667046988,4.428495058270909,14.647532146147022,0.7699417827448556,0.2624370996202141,871.2314124104706,79.97367662495543,1.3758873218862526
230.0,45.399482288214564,4.425344462611842,14.653241416954337,0.7698064543817643,0.26238203315655706,871.0854524819334,80.01157961655814,1.375531605123309
230.0,45.41609297957681,4.422195433066015,14.658949234548295,0.769671126018673,0.2623270415238306,870.9394937089064,80.04949005745107,1.375176099627429
230.0,45.43269878010415,4.419047968808789,14.664655606527582,0.7695357976555818,0.2622721246200703,870.7935360890901,80.0874079535606,1.3748208052525293
230.0,45.44929969115883,4.415902069039016,14.670360540483642,0.7694004692924905,0.2622172823435164,870.6475796201944,80.12533331082152,1.3744657218525336
230.0,45.46589571405731,4.412757732951304,14.67606404399649,0.7692651409293992,0.2621625145926191,870.5016242999127,80.16326613516748,1.3741108492812175
230.0,45.482486850153656,4.409614959778243,14.681766124660678,0.769129812566308,0.26210782126604604,870.3556701259531,80.20120643255146,1.373756187391473
230.0,45.49907310077049,4.4064737486871435,14.687466790008017,0.7689944842032167,0.2620532022626638,870.2097170960075,80.23915420891625,1.3734017360388273
230.0,45.51565446725607,4.403334034877872,14.693165793215684,0.7688591558401254,0.2619986574815503,870.0637652077747,80.27710947022263,1.3730474977875429
230.0,45.53223095093645,4.400195941406911,14.69886364597299,0.7687238274770342,0.2619441868219983,869.9178144589464,80.31507222242905,1.3726934670714082
230.0,45.54880255315118,4.397059407598156,14.704560106046017,0.7685884991139429,0.2618897901834964,869.7718648472159,80.3530424715062,1.3723396464547108
230.0,45.56536927523464,4.3939244326495075,14.7102551809581,0.7684531707508517,0.26183546746575115,869.6259163702739,80.39102022342811,1.3719860357923357
230.0,45.58193111853331,4.39079101577108,14.715948878209083,0.7683178423877604,0.261781218568667,869.479969025811,80.4290054841775,1.3716326349397494
230.0,45.59848808436446,4.387659156212635,14.721641205319187,0.7681825140246692,0.2617270433923598,869.3340228115093,80.46699825973832,1.3712794437504927
230.0,45.61504017407991,4.384528853158191,14.727332169763628,0.7680471856615778,0.26167294183715106,869.1880777250576,80.50499855610062,1.3709264620807173
230.0,45.63158738901056,4.381400105816839,14.733021779005838,0.7679118572984867,0.2616189138035624,869.0421337641401,80.5430063792721,1.370573689786225
230.0,45.64812973049156,4.378272913381634,14.738710040521175,0.7677765289353954,0.26156495919232564,868.8961909264349,80.58102173524796,1.370221126722496
230.0,45.66466719985835,4.375147275104678,14.744406557513486,0.7676412005723041,0.26151107790437167,868.7502492096224,80.61904463004197,1.3698687727446175
230.0,45.681199798441384,4.372023190198145,14.750175666925394,0.7675058722092128,0.2614572698408386,868.6043086113809,80.65707506967435,1.369516627708663
230.0,45.69772752757512,4.368900657823636,14.755992726660578,0.7673705438461216,0.2614035349030643,868.458369129385,80.69511306016189,1.3691646914717945
230.0,45.71425038860097,4.365779677243917,14.761808265132728,0.7672352154830303,0.2613498729925935,868.3124307613089,80.73315860753586,1.3688163613988433
230.0,45.73076838285208,4.362660247680759,14.767622290107525,0.767099887119939,0.26129628401117255,868.1664935048269,80.77121171783484,1.3684688707193329
230.0,45.74728151166044,4.359542368338163,14.773434809319866,0.7669645587568478,0.26124276786074463,868.0205573576075,80.80927239709875,1.3681215804166187
230.0,45.763789776361584,4.356426038435002,14.779245830481713,0.7668292303937565,0.26118932444345794,867.8746223173193,80.84734065137239,1.3677744903585816
230.0,45.78029317828238,4.353311257161128,14.78505536132559,0.7666939020306652,0.2611359536616587,867.7286883816274,80.88541648670792,1.3674276004140853
230.0,45.79679171877295,4.350198023780913,14.79086340954256,0.766558573667574,0.2610826554178993,867.5827555482002,80.9234999091714,1.367080910450709
230.0,45.81328539915524,4.34708633750454,14.796669982848215,0.7664232453044828,0.2610294296149237,867.4368238146991,80.96159092482341,1.3667344203369225
230.0,45.829774220764264,4.343976197542402,14.802475088905993,0.7662879169413914,0.2609762761556799,867.2908931787836,80.99968953973702,1.3663881299414646
230.0,45.8462581849309,4.34086760311216,14.808278735398176,0.7661525885783003,0.26092319494331556,867.1449636381129,81.03779575998934,1.366042039133119
230.0,45.86273729299903,4.337760553436908,14.814080929970196,0.766017260215209,0.26087018588117034,866.9990351903475,81.07590959166662,1.3656961477814635
230.0,45.87921154629119,4.334655047749656,14.819881680276836,0.7658819318521177,0.2608172488727959,866.85310783314,81.1140310408612,1.3653504557546736
230.0,45.89568094614856,4.331551085309064,14.825680993967772,0.7657466034890265,0.26076438382191874,866.7071815641458,81.1521601136628,1.3650049629216594
230.0,45.912145493891686,4.328448665249501,14.831478878627308,0.7656112751259352,0.26071159063248284,866.5612563810132,81.19029681617593,1.3646596691530801
230.0,45.92860519086875,4.32534778687286,14.837275341916559,0.7654759467628439,0.2606588692086204,866.4153322813974,81.22844115451454,1.3643145743173792
230.0,45.94506003839895,4.322248449354674,14.843070391390127,0.7653406183997526,0.26060621945465845,866.2694092629425,81.26659313478926,1.363969678284812
230.0,45.961510037825775,4.319150651934305,14.848864034652344,0.7652052900366614,0.2605536412751225,866.1234873232959,81.3047527631231,1.363624980925118
230.0,45.97795519047193,4.316054393844558,14.854656279294467,0.7650699616735701,0.2605011345747298,865.9775664601016,81.34292004564203,1.3632804821076554
230.0,45.99439549767345,4.312959674329846,14.860447132878477,0.7649346333104788,0.26044869925839614,865.8316466710011,81.38109498847993,1.3629361817025172
230.0,46.01083096076786,4.309866492542485,14.86623660292998,0.7647993049473876,0.2603963352312255,865.6857279536376,81.41927759777866,1.362592079581241
230.0,46.027261581085845,4.306774847774936,14.87202469701181,0.7646639765842964,0.26034404239852443,865.5398103056502,81.45746787968402,1.362248175612743
230.0,46.04368735994667,4.30368473923473,14.877811422649797,0.764528648221205,0.2602918206657863,865.3938937246711,81.49566584034636,1.3619044696680724
230.0,46.060108298686224,4.30059616612079,14.883596787367424,0.7643933198581139,0.26023966993869513,865.2479782083378,81.5338714859241,1.3615609616181645
230.0,46.07652439864427,4.297509127692202,14.889380798652326,0.7642579914950225,0.26018759012313436,865.102063754285,81.57208482258393,1.3612176513334502
230.0,46.09293566115044,4.294423623124652,14.89516346400552,0.7641226631319313,0.2601355811251726,864.956150360142,81.61030585649755,1.360874538685345
230.0,46.10934208753549,4.29133965167872,14.90100957431055,0.7639873347688401,0.26008364285107416,864.8102380235384,81.64853459383926,1.3605316235444307
230.0,46.12574367912009,4.288257212555988,14.906876891951164,0.7638520064057488,0.26003177520729365,864.6643267421014,81.68677104079484,1.360188905782603
230.0,46.142140437249616,4.285176304990569,14.912742720624657,0.7637166780426575,0.25997997810047246,864.5184165134569,81.7250152035533,1.3598463852706326
230.0,46.15853236323796,4.282096928208693,14.91860706809868,0.7635813496795663,0.25992825143745135,864.3725073352261,81.76326708831076,1.3595040618798753
230.0,46.174919458431305,4.279019081416118,14.924469942127047,0.763446021316475,0.2598765951252478,864.2265992050357,81.8015267012703,1.3591619354832625
230.0,46.19130172415465,4.2759427638458165,14.930331350464797,0.7633106929533837,0.25982500907107653,864.080692120502,81.83979404864105,1.358820005951223
230.0,46.20767916173548,4.272867974691614,14.936191300842921,0.7631753645902924,0.25977349318234294,863.9347860792437,81.87806913664012,1.3584782731568488
230.0,46.224051772502136,4.26979471319268,14.942049800993296,0.7630400362272012,0.2597220473666324,863.7888810788753,81.91635197148088,1.3581367369717479
230.0,46.24041955779247,4.266722978569648,14.947906858613067,0.7629047078641099,0.2596706715317247,863.6429771170142,81.95464255940142,1.357795397268187
230.0,46.25678251892932,4.263652770047888,14.95376248142503,0.7627693795010186,0.2596193655855867,863.49707419127,81.99294090662937,1.3574542539187064
230.0,46.273140657246934,4.260584086839954,14.959616677103028,0.7626340511379275,0.25956812943636903,863.351172299255,82.03124701940756,1.3571133067958874
230.0,46.28949397406727,4.2575169281533825,14.965469453326378,0.7624987227748361,0.2595169629924113,863.2052714385745,82.06956090398134,1.3567725557724226
230.0,46.30584247072548,4.254451293242594,14.97132081777707,0.7623633944117449,0.25946586616223705,863.0593716068374,82.10788256660157,1.3564320007208541
230.0,46.322186148552,4.25138718128139,14.977170778091455,0.7622280660486537,0.25941483885455635,862.9134728016484,82.14621201353236,1.3560916415150803
230.0,46.33852500886448,4.24832459155325,14.98301934193433,0.7620927376855624,0.25936388097826957,862.7675750206079,82.1845492510371,1.3557514780269508
230.0,46.354859053005356,4.2452635232011655,14.988866516918755,0.7619574093224711,0.2593129924424524,862.6216782613201,82.22289428538936,1.3554115101312572
230.0,46.37118828229584,4.242203975524394,14.994712310700722,0.7618220809593799,0.25926217315637157,862.4757825213809,82.26124712286594,1.3550717376998858
230.0,46.387512698067276,4.2391459477031725,15.000556730879005,0.7616867525962886,0.2592114230294771,862.3298877983881,82.29960776975237,1.3547321606074145
230.0,46.40383230164543,4.23608943897481,15.00639978505854,0.7615514242331973,0.25916074197140054,862.1839940899382,82.33797623234261,1.3543927787275514
230.0,46.42014709436432,4.23303444859014,15.01224148084647,0.7614160958701061,0.2591101298919532,862.0381013936235,82.37635251692883,1.3540535919332797
230.0,46.4364570775377,4.229980975727814,15.018081825814193,0.7612807675070148,0.2590595867011411,861.8922097070316,82.4147366298186,1.3537146000994653
230.0,46.45276225250348,4.226929019673087,15.023920827550791,0.7611454391439235,0.25900911230913815,861.7463190277554,82.45312857732262,1.3533758030998577
230.0,46.469062620591295,4.223878579623018,15.029781744877305,0.7610101107808322,0.2589587066263089,861.6004293533822,82.49152836575648,1.3530372008085778
230.0,46.48535818312198,4.220829654786813,15.035664289452207,0.7608747824177411,0.2589083695631973,861.4545406814952,82.52993600144451,1.3526987931009526
230.0,46.50164894142911,4.217782244458909,15.04154547482571,0.7607394540546497,0.25885810103052875,861.3086530096812,82.56835149071927,1.3523605798500813
230.0,46.51793489683777,4.214736347843705,15.047451156127508,0.7606041256915586,0.25880790093920253,861.1627663355183,82.60677483991093,1.3520225609313756
230.0,46.53421605067574,4.211691964169846,15.05341690429659,0.7604687973284672,0.2587577692003107,861.016880656589,82.64520605536873,1.3516847362200717
230.0,46.550492404263466,4.208649092725684,15.059381151196776,0.760333468965376,0.25870770572511437,860.8709959704682,82.68364514343685,1.3513471055903667
230.0,46.566763958929926,4.205607732685967,15.065343904650547,0.7601981406022847,0.2586577104250592,860.7251122747324,82.72209211047381,1.3510096689177817
230.0,46.58303071600452,4.202567883359586,15.071305172516333,0.7600628122391935,0.2586077832117648,860.5792295669546,82.7605469628383,1.3506724260768308
230.0,46.59929267681241,4.199529543915513,15.077264962590263,0.7599274838761022,0.2585579239970375,860.4333478447095,82.79900970690453,1.350335376944521
230.0,46.61554984268293,4.196492713674956,15.083223282713604,0.7597921555130109,0.25850813269285483,860.2874671055641,82.83748034904397,1.3499985213946557
230.0,46.631802214931696,4.193457391840902,15.089180140678224,0.7596568271499197,0.2584584092113734,860.1415873470862,82.87595889563703,1.3496618593033702
230.0,46.648049794900416,4.190423577676947,15.095135544273596,0.7595214987868284,0.25840875346492875,859.995708566844,82.91444535307687,1.3493253905471332
230.0,46.66429258390069,4.1873912704555005,15.10108950130109,0.7593861704237371,0.2583591653660304,859.8498307623996,82.95293972775382,1.348989115000859
230.0,46.680530583262296,4.184360469363214,15.107042019512527,0.7592508420606459,0.2583096448273678,859.7039539313141,82.99144202606875,1.3486530325416277
230.0,46.69676379431061,4.181331173710895,15.112993106685764,0.7591155136975546,0.25826019176180315,859.5580780711493,83.02995225443127,1.3483171430446566
230.0,46.71299221836939,4.178303382751125,15.11894277056328,0.7589801853344633,0.25821080608237623,859.4122031794636,83.06847041925741,1.347981446386879
230.0,46.72921585677736,4.17527709572395,15.12489101888876,0.7588448569713722,0.25816148770230385,859.2663292538139,83.10699652696607,1.3476459424443592
230.0,46.74543471083686,4.172252311901342,15.130837859398987,0.7587095286082808,0.2581122365349734,859.1204562917509,83.14553058398349,1.3473106310939738
230.0,46.76164878188029,4.169229030489086,15.136783299793052,0.7585742002451896,0.258063052493946,858.9745842908277,83.18407259674237,1.3469755122127183
230.0,46.77785807123966,4.166207250823084,15.1427273477928,0.7584388718820984,0.2580139354929612,858.828713248597,83.22262257168619,1.3466405856770722
230.0,46.794062580231206,4.163187179505971,15.14866998521579,0.7583035435190071,0.2579648854459332,858.6828431626037,83.26118051526106,1.3463058510070283
230.0,46.8102623101867,4.160168404813631,15.154611274547499,0.7581682151559158,0.2579159022669428,858.5369740303977,83.29974643392086,1.345971308796772
230.0,46.82645726242349,4.157151129744848,15.160551194854882,0.7580328867928245,0.2578669858702534,858.3911058495212,83.33832033412762,1.3456369585626018
230.0,46.84264743826501,4.154135353554238,15.16648975378397,0.7578975584297333,0.2578181361702855,858.2452386175155,83.37690222234299,1.3453028001819136
230.0,46.85883283904299,4.151121075447456,15.172426958974555,0.757762230066642,0.25776935308164856,858.0993723319247,83.41549210504694,1.34496883353248
230.0,46.87501346607022,4.148108294693009,15.178362818036526,0.7576269017035507,0.2577206365191108,857.9535069902829,83.45408998871329,1.344635058491715
230.0,46.89118932067752,4.1450970104742435,15.184297338570062,0.7574915733404595,0.25767198639762023,857.8076425901279,83.49269587983208,1.3443014749387947
230.0,46.907360404181404,4.142087222115819,15.190230528208772,0.7573562449773682,0.2576234026322917,857.6617791289957,83.53130978489673,1.3439680827495415
230.0,46.92352671791181,4.139078928801153,15.196171165504552,0.7572209166142769,0.2575748851384097,857.5159166044159,83.56993171040429,1.34363488180327
230.0,46.939688263187854,4.136072129790589,15.20218888473272,0.7570855882511858,0.2575264338314335,857.3700550139217,83.60856166286662,1.3433054457861338
230.0,46.95584504133344,4.133066824305719,15.208205131858032,0.7569502598880944,0.2574780486269856,857.2241943550405,83.64719964879387,1.342976488130183
230.0,46.97199705366962,4.13006301163372,15.214219914759909,0.7568149315250032,0.2574297294408631,857.0783346252964,83.6858456747034,1.3426477136784607
230.0,46.98814430151776,4.127060691020399,15.220233241276718,0.7566796031619119,0.2573814761890264,856.9324758222168,83.7244997471244,1.3423191223212334
230.0,47.00428678620055,4.124059861668346,15.226245119251011,0.7565442747988207,0.2573332887876149,856.7866179433228,83.76316187259276,1.3419907139487186
230.0,47.020424509049285,4.121060522919426,15.232255556557703,0.7564089464357294,0.2572851671529232,856.6407609861383,83.80183205764685,1.3416624884493331
230.0,47.03655747136861,4.118062673979793,15.238264561010944,0.7562736180726382,0.25723711120142106,856.4949049481744,83.84051030882695,1.34133444571343
230.0,47.052685674492196,4.11506631412308,15.24427214041068,0.7561382897095469,0.25718912084974516,856.3490498269533,83.8791966326937,1.3410065856309676
230.0,47.068809119739456,4.112071442591678,15.250278302573427,0.7560029613464556,0.25714119601470026,856.2031956199882,83.91789103580774,1.3406789080924375
230.0,47.08492780842617,4.1090780587130755,15.256283055321177,0.7558676329833643,0.25709333661325146,856.0573423247893,83.9565935247281,1.3403514129866065
230.0,47.101041741881744,4.106086161721744,15.26228640643864,0.7557323046202731,0.2570455425625382,855.9114899388701,83.99530410603613,1.3400241002051871
230.0,47.11715092141897,4.103095750896248,15.268288363678279,0.7555969762571818,0.25699781377985914,855.7656384597365,84.03402278630773,1.339696969637769
230.0,47.13325534836404,4.100106825507248,15.274288934848705,0.7554616478940905,0.2569501501826835,855.6197878848965,84.07274957213235,1.339370021175602
230.0,47.149355024038705,4.09711938484887,15.280288127719743,0.7553263195309993,0.25690255168864046,855.4739382118536,84.11148447010105,1.3390432547086168
230.0,47.16544994975671,4.0941334281895125,15.28628595001338,0.755190991167908,0.25685501821553075,855.3280894381105,84.15022748681605,1.338716670127549
230.0,47.18154012685053,4.091148954842498,15.29228240951772,0.7550556628048168,0.25680754968131453,855.1822415611688,84.18897862888575,1.3383902673236765
230.0,47.19762555662893,4.088165964031255,15.298277513924823,0.7549203344417255,0.2567601460041172,855.0363945785248,84.227737902924,1.3380640461879978
230.0,47.21370624040991,4.0851844551204195,15.30427127102051,0.7547850060786343,0.2567128071022247,854.8905484876735,84.26650531554533,1.3377380066111382
230.0,47.229782179521024,4.082204427335391,15.310286490796479,0.754649677715543,0.25666553289409305,854.7447032861106,84.30528087338243,1.3374121484844343
230.0,47.245853375280944,4.079225879973782,15.316324670876256,0.7545143493524518,0.25661832329833706,854.5988589713315,84.34406458307353,1.3370864716998796
230.0,47.26191982900173,4.076248812349663,15.322361486256732,0.7543790209893605,0.25657117823373216,854.4530155408198,84.38285645125023,1.3367609761476753
230.0,47.27798154201493,4.0732732237065346,15.328396944601224,0.7542436926262692,0.2565240976192226,854.3071729920706,84.4216564845716,1.3364356617206499
230.0,47.29403851563036,4.070299113362379,15.334431053623497,0.754108364263178,0.2564770813739025,854.1613313225644,84.46046468968174,1.336110528309911
230.0,47.31009075116366,4.067326480614695,15.3404638210231,0.7539730359000867,0.2564301294170401,854.0154905297862,84.49928107324483,1.3357855758066586
230.0,47.3261382499449,4.06435532470708,15.346508639220247,0.7538377075369954,0.2563832416680603,853.86965061122,84.5381056419355,1.3354608041039113
230.0,47.34218101328835,4.061385644970461,15.35262579863116,0.7537023791739041,0.25633641804654805,853.7238115643462,84.57693840242541,1.3351362130933668
230.0,47.35821904251166,4.05841744062531,15.358741476311032,0.7535670508108129,0.2562896584722482,853.5779733866409,84.615779361396,1.334811802666562
230.0,47.374252338926865,4.055450711047775,15.36485568025784,0.7534317224477216,0.25624296286506065,853.4321360755794,84.6546285255338,1.3344875727160654
230.0,47.390280903863534,4.052485455453875,15.370968418379121,0.7532963940846304,0.25619633114505946,853.2862996286377,84.69348590154092,1.3341635231346507
230.0,47.40630473863125,4.049521673140469,15.377079698641658,0.7531610657215391,0.2561497632324586,853.1404640432871,84.73235149611473,1.333839653814949
230.0,47.422323844544295,4.046559363402122,15.383189528997669,0.7530257373584479,0.2561032590476537,852.994629316993,84.77122531596576,1.333515964648409
230.0,47.4383382229276,4.043598525534338,15.38929791735027,0.7528904089953565,0.25605681851117484,852.8487954472274,84.81010736780914,1.333192455528801
230.0,47.454347875097916,4.040639158787707,15.39540487160022,0.7527550806322654,0.256010441543726,852.7029624314566,84.84899765837145,1.3328691263484491
230.0,47.47035280237586,4.0376812624559255,15.401510399655146,0.7526197522691741,0.25596412806616603,852.5571302671431,84.88789619438433,1.3325459770009327
230.0,47.48635300607309,4.034724835826938,15.407614509408681,0.7524844239060828,0.2559178779995121,852.4112989517466,84.9268029825822,1.332223007378439
230.0,47.50234848749824,4.031769878172923,15.413717208723945,0.7523490955429916,0.25587169126493153,852.2654684827265,84.96571802970618,1.3319002173752514
230.0,47.51833924797952,4.028816388776081,15.419818505489616,0.7522137671799003,0.2558255677837598,852.1196388575418,85.00464134251247,1.3315776068834961
230.0,47.5343252888339,4.025864366931874,15.425918407545133,0.752078438816809,0.255779507477478,851.973810073648,85.043572927759,1.3312551757972155
230.0,47.5503066113776,4.0229138118794,15.432016922723491,0.7519431104537178,0.2557335102677296,851.8279821284965,85.08251279220626,1.3309329240103298
230.0,47.56628321691133,4.01996472290868,15.43811405885525,0.7518077820906265,0.2556875760763137,851.6821550195385,85.12146094262972,1.330610851416223
230.0,47.5822551067704,4.017017099324925,15.444209823786537,0.7516724537275352,0.2556417048251756,851.5363287442246,85.16041738580421,1.330288957908132
230.0,47.59822228226408,4.014070940386295,15.450304225314966,0.751537125364444,0.25559589643643565,851.3905033000013,85.19938212852541,1.329967243380587
230.0,47.6141847447066,4.011126245379878,15.456397271231168,0.7514017970013527,0.2555501508323486,851.2446786843133,85.23835517757608,1.3296457077278987
230.0,47.63014249541238,4.008183013582273,15.46248896934653,0.7512664686382615,0.2555044679353341,851.0988548946025,85.27733653975965,1.3293243508431116
230.0,47.64609553569734,4.005241244288805,15.468579327409188,0.7511311402751701,0.25545884766796106,850.9530319283101,85.31632622188067,1.3290031726209273
230.0,47.662043866877184,4.0023009367375435,15.474668353215634,0.750995811912079,0.25541328995295876,850.8072097828746,85.35532423075676,1.328682172956532
230.0,47.677987490265,3.9993620902381255,15.48075605449047,0.7508604835489877,0.2553677947132026,850.6613884557308,85.39433057320346,1.328361351743611
230.0,47.69392640718475,3.996424704079269,15.486842438982194,0.7507251551858964,0.25532236187172286,850.5155679443188,85.43334525605702,1.3280407088763553
230.0,47.70986061893426,3.993488777484438,15.49292751443096,0.7505898268228052,0.25527699135170867,850.3697482460644,85.47236828614504,1.327720244251132
230.0,47.72579012684464,3.990554309805912,15.499050787329502,0.7504544984597139,0.2552316830764934,850.2239293584016,85.51139967031307,1.3273999577608515
230.0,47.74171493221559,3.9876213003052112,15.505220177418536,0.7503191700966226,0.2551864369695618,850.0781112787557,85.55043941540536,1.3270798493012745
230.0,47.75763503637463,3.9846897482249677,15.511388119320898,0.7501838417335314,0.2551412529545597,849.9322940045568,85.58948752828445,1.3267599187681776
230.0,47.773550440620035,3.9817596529576096,15.517554621079348,0.7500485133704401,0.25509613095527767,849.7864775332239,85.62854401580961,1.3264401660548026
230.0,47.789461146282925,3.9788310136560376,15.523719690640839,0.7499131850073488,0.25505107089565326,849.6406618621832,85.66760888485027,1.3261205910586868
230.0,47.80536715466745,3.975903829708749,15.529883336046225,0.7497778566442577,0.2550060726997863,849.4948469888523,85.70668214228678,1.3258011936733871
230.0,47.82126846707895,3.9729781003535103,15.536045565228598,0.7496425282811663,0.25496113629191924,849.3490329106463,85.74576379499918,1.3254819737951669
230.0,47.83716508484684,3.9700538248736366,15.542206386158421,0.7495071999180751,0.25491626159643993,849.2032196249866,85.78485384988349,1.3251629313200057
230.0,47.85305700927302,3.9671310025692863,15.548365806781097,0.7493718715549837,0.2548714485378991,849.0574071292814,85.82395231383693,1.3248440661436418
230.0,47.868944241677,3.9642096327883043,15.554523835064302,0.7492365431918926,0.2548266970409811,848.9115954209444,85.8630591937617,1.3245253781605717
230.0,47.88482678336226,3.9612897147487254,15.560680478894204,0.7491012148288012,0.25478200703053633,848.7657844973819,85.90217449657291,1.3242068672676626
230.0,47.90070463564687,3.9583712477847186,15.566835746236043,0.74896588646571,0.25473737843154826,848.619974356005,85.94129822919105,1.323888533361173
230.0,47.916577799845115,3.955454231148182,15.572989644967961,0.7488305581026188,0.25469281116916126,848.4741649942168,85.98043039854574,1.3235703763376374
230.0,47.93244627726957,3.952538664195521,15.579142183005857,0.7486952297395275,0.25464830516865805,848.3283564094196,86.01957101156705,1.3232523960920943
230.0,47.948310069221485,3.949624546209254,15.585295358930352,0.7485599013764362,0.25460386035547145,848.182548599013,86.0587200751949,1.3229345925216078
230.0,47.96416917702943,3.9467118764753275,15.59149318015519,0.748424573013345,0.2545594766551869,848.0367415603989,86.09787759638404,1.3226169655223063
230.0,47.98002360198178,3.94380065430025,15.597689621908444,0.7482892446502537,0.25451515399353125,847.8909352909665,86.1370435820782,1.3222995149913361
230.0,47.995873345411944,3.94089087896649,15.603884692078722,0.7481539162871624,0.2544708922963845,847.7451297881194,86.17621803925633,1.321982240825296
230.0,48.01171840862289,3.9379825498163328,15.610078398567431,0.7480185879240712,0.2544266914897641,847.5993250492446,86.21540097488,1.321665142920377
230.0,48.02755879292846,3.935075666123942,15.616270749207771,0.7478832595609799,0.2543825514998386,847.4535210717323,86.25459239592496,1.3213482211742165
230.0,48.04339449962892,3.932170227212887,15.622461751841875,0.7477479311978887,0.25433847225292533,847.3077178529705,86.2937923093783,1.3210327689657233
230.0,48.059225530048906,3.9292661445749535,15.628651296147765,0.7476126028347974,0.2542944536754775,847.1619153903447,86.3330007222302,1.3207199136397132
230.0,48.07505188548468,3.926363594648756,15.634839630914847,0.7474772744717062,0.25425049569410785,847.016113681238,86.37221764148059,1.3204072276472967
230.0,48.090873567255365,3.9234624875843167,15.641026641451141,0.7473419461086148,0.25420659823556274,846.8703127230318,86.4114430741345,1.3200947100173275
230.0,48.1066905766692,3.9205628227139724,15.647212342713807,0.7472066177455237,0.25416276122673165,846.7245125131064,86.45067702720635,1.319782360657247
230.0,48.12250291503802,3.9176645993232015,15.653483630973902,0.7470712893824323,0.2541189845946606,846.5787130488379,86.4899195077174,1.31947017947551
230.0,48.13831058367305,3.9147678167992725,15.65975345676366,0.7469359610193411,0.25407526826652677,846.4329143276026,86.52917052269476,1.319158166378508
230.0,48.15411358387269,3.9118724743928595,15.666021828118474,0.7468006326562499,0.2540316121696538,846.2871163467706,86.56843007917088,1.31884632127577
230.0,48.1699119169601,3.9089785713756053,15.672288753095302,0.7466653042931586,0.25398801623151773,846.1413191037155,86.60769818419446,1.318534644075023
230.0,48.185705584233254,3.9060861071217223,15.678554239824471,0.7465299759300673,0.2539444803797267,845.9955225958033,86.64697484480894,1.3182231346842983
230.0,48.20149458700739,3.903195080870507,15.684818296308114,0.746394647566976,0.25390100454203474,845.8497268204007,86.68626006807563,1.3179117930130568
230.0,48.21727892658919,3.900305492026876,15.691080930650024,0.7462593192038848,0.25385758864633806,845.7039317748713,86.72555386105314,1.3176006189678993
230.0,48.23305860428266,3.897417339834291,15.69734215083681,0.7461239908407935,0.2538142326206796,845.5581374565778,86.76485623081902,1.3172896124590598
230.0,48.248833621408565,3.8945306236201747,15.703601964932012,0.7459886624777023,0.2537709363932381,845.4123438628808,86.8041671844482,1.3169787733940024
230.0,48.264603979261594,3.8916453426766555,15.70986038090144,0.745853334114611,0.25372769989233285,845.2665509911367,86.8434867290302,1.3166681016825907
230.0,48.280369679158774,3.8887614963358814,15.716117406774863,0.7457180057515198,0.25368452304643163,845.120758838701,86.88281487165742,1.3163575972326298
230.0,48.29613072240196,3.88587908390332,15.722373050543787,0.7455826773884284,0.2536414057841371,844.9749674029262,86.92215161942873,1.3160472599543558
230.0,48.31188711030461,3.8829981047022013,15.728627320176413,0.7454473490253373,0.2535983480341932,844.8291766811632,86.96149697945407,1.315737089755134
230.0,48.327638844170494,3.8801185580520703,15.734880223677884,0.7453120206622459,0.25355534972548793,844.6833866707634,87.00085095884994,1.3154270865448565
230.0,48.34338592530228,3.8772404432064316,15.741131768928199,0.7451766922991547,0.25351241078703896,844.537597369069,87.04021356473521,1.3151172502343054
230.0,48.35912835501477,3.874363759555205,15.747381963931211,0.7450413639360635,0.2534695311480197,844.3918087734279,87.07958480424621,1.3148075807304007
230.0,48.374866134613455,3.8714885063276663,15.753630816600015,0.7449060355729722,0.2534267107377273,844.2460208811818,87.11896468451798,1.31449807794477
230.0,48.39059926540181,3.8686146828857635,15.759878334837197,0.7447707072098809,0.25338394948560783,844.1002336896707,87.15835321269704,1.3141887417857987
230.0,48.40632774868913,3.8657422885942148,15.766124526588484,0.7446353788467897,0.2533412473212411,843.954447196232,87.19775039593229,1.313879572162737
230.0,48.42205158577867,3.8628713226661446,15.772369399726635,0.7445000504836984,0.2532986041743456,843.8086613981999,87.23715624138396,1.3135705689860733
230.0,48.43777077798322,3.8600017844506693,15.778612962143008,0.7443647221206071,0.2532560199747846,843.6628762929114,87.2765707562249,1.313261732166022
230.0,48.45348532659627,3.8571336732577293,15.784855221700605,0.7442293937575158,0.25321349465254545,843.5170918776925,87.31599394762186,1.312953061612053
230.0,48.46919523293309,3.854266988449761,15.79109618627762,0.7440940653944246,0.2531710281377708,843.371308149877,87.35542582276611,1.3126445572332985
230.0,48.48490049830482,3.8514017292968483,15.797335863747946,0.7439587370313334,0.2531286203607248,843.2255251067919,87.39486638884263,1.3123362189407046
230.0,48.500601124004646,3.8485378950673046,15.803642956561136,0.743823408668242,0.25308627125181543,843.0797427457579,87.43431565304606,1.3120280466456609
230.0,48.51629711133912,3.8456754851386585,15.809966790869574,0.7436880803051509,0.25304398074158946,842.9339610640994,87.4737736225856,1.3117200402566698
230.0,48.531988461618575,3.842814498814989,15.816289200670703,0.7435527519420595,0.2530017487607248,842.7881800591364,87.51324030467013,1.3114121996848673
230.0,48.54767517614335,3.8399549353726923,15.822610194092377,0.7434174235789683,0.25295957524003787,842.6423997281861,87.55271570652037,1.3111045248407636
230.0,48.56335725622177,3.8370967941604004,15.828929779231364,0.743282095215877,0.25291746011048116,842.4966200685673,87.59219983536376,1.3107970156342847
230.0,48.57903470315948,3.8342400744649967,15.835247964197556,0.7431467668527858,0.25287540330314834,842.3508410775896,87.6316926984381,1.310489671977274
230.0,48.594707518254445,3.8313847756154877,15.84156475705931,0.7430114384896945,0.25283340474925353,842.2050627525673,87.67119430298007,1.3101824937794182
230.0,48.610375702813045,3.82853089694484,15.847880165920238,0.7428761101266033,0.2527914643801564,842.0592850908075,87.71070465624119,1.3098754809512339
230.0,48.62603925814025,3.8256784377406574,15.854194198828324,0.742740781763512,0.2527495821273527,841.9135080896173,87.75022376547899,1.3095686334047736
230.0,48.641698185539994,3.822827397307348,15.860510489834269,0.7426054534004207,0.25270775792246647,841.7677317463015,87.78975163795707,1.3092619510502281
230.0,48.65735248631619,3.819977774987729,15.86687062476512,0.7424701250373295,0.2526659916972595,841.621956058163,87.82928828094977,1.3089554337987832
230.0,48.67300216177084,3.817129570100245,15.873229363661302,0.7423347966742382,0.2526242833836246,841.4761810225024,87.86883370173737,1.3086490815610514
230.0,48.68864721320786,3.8142827819434255,15.87958671457205,0.742199468311147,0.25258263291359256,841.3304066366153,87.90838790760309,1.3083428942492077
230.0,48.70428764192499,3.811437409868906,15.88594268556254,0.7420641399480556,0.2525410402193225,841.1846328977983,87.94795090584306,1.3080368717733777
230.0,48.719923449236006,3.808593453134859,15.892297284649032,0.7419288115849645,0.25249950523311027,841.0388598033472,87.98752270376625,1.3077310140461311
230.0,48.7355546364294,3.805750911135401,15.898650519876433,0.7417934832218731,0.25245802788737687,840.8930873505491,88.02710330867201,1.3074253209779332
230.0,48.75118120481506,3.8029097831838325,15.90500239927767,0.741658154858782,0.25241660811469163,840.7473155366954,88.06669272788844,1.3071197924799958
230.0,48.76680315570444,3.8000700685781448,15.911352930859607,0.7415228264956906,0.25237524584773735,840.601544359074,88.10629096873636,1.3068144284644903
230.0,48.78242049038209,3.797231766630702,15.917702122622536,0.7413874981325994,0.2523339410193365,840.4557738149656,88.1458980385459,1.3065092288435105
230.0,48.79803321016088,3.7943948767250064,15.924049982595307,0.7412521697695081,0.25229269356244544,840.3100039016551,88.18551394466057,1.3062041935274287
230.0,48.8136413163349,3.7915593981553495,15.930396518767422,0.7411168414064169,0.25225150341015223,840.1642346164206,88.2251386944303,1.3058993224293463
230.0,48.829244810210916,3.7887253302571064,15.936741739136785,0.7409815130433256,0.25221037049566863,840.0184659565413,88.26477229520734,1.3055946154601314
230.0,48.844843693090155,3.7858926723946613,15.943085651670408,0.7408461846802343,0.25216929475234645,839.8726979192921,88.30441475435742,1.30529007253225
230.0,48.86043796626814,3.7830614238714,15.949428264369978,0.7407108563171431,0.25212827611365946,839.7269305019443,88.34406607924949,1.3049856935578918
230.0,48.87602763104938,3.7802315840551923,15.955841188477024,0.7405755279540518,0.2520873145132155,839.5811637017708,88.38372627726551,1.3046814784484406
230.0,48.89161268873274,3.777403152246706,15.962267872613886,0.7404401995909605,0.2520464098847577,839.4353975160396,88.42339535579092,1.304377427117471
230.0,48.90719314062923,3.774576127843602,15.968693120551926,0.7403048712278693,0.2520055621621469,839.2896319420176,88.46307332222243,1.3040735394757137
230.0,48.92276898802094,3.7717505101418753,15.97511694052951,0.7401695428647781,0.25196477127937905,839.1438669769667,88.50276018395434,1.3037698154369273
230.0,48.93834023221768,3.768926298508007,15.98153934079005,0.7400342145016867,0.25192403717058,838.99810261815,88.54245594840157,1.3034662549125653
230.0,48.95390687452205,3.766103492280207,15.987960329576921,0.7398988861385956,0.2518833597700097,838.8523388628279,88.58216062298474,1.3031628578162808
230.0,48.96946891622685,3.7632820908091453,15.994379915103508,0.7397635577755042,0.2518427390120442,838.706575708256,88.62187421512364,1.3028596240600423
230.0,48.98502635863341,3.7604620934767854,16.000798105625556,0.739628229412413,0.25180217483119727,838.5608131516883,88.66159673225252,1.3025565535562982
230.0,49.00057920304291,3.757643499581829,16.007214909328297,0.7394929010493216,0.2517616671621045,838.4150511903795,88.70132818181189,1.3022536462188126
230.0,49.01612745075136,3.7548263085068054,16.01363033440463,0.7393575726862305,0.2517212159395353,838.2692898215784,88.74106857124892,1.3019509019605222
230.0,49.03167110306397,3.7520105196064577,16.020044389070968,0.7392222443231392,0.25168082109838574,838.1235290425352,88.78081790802797,1.3016483206937468
230.0,49.04721016126789,3.749196132209006,16.026457081474398,0.7390869159600479,0.25164048257366967,837.9777688504903,88.82057619959676,1.3013459023328369
230.0,49.06274462667495,3.746383145676381,16.032868419820893,0.7389515875969567,0.251600200300542,837.832009242694,88.86034345344392,1.3010452261857706
230.0,49.07827450056694,3.743571559395367,16.039278412227773,0.7388162592338654,0.2515599742142707,837.6862502163814,88.90011967703792,1.30074671190088
230.0,49.093799784261805,3.7407613726663262,16.04568706686075,0.7386809308707741,0.25151980425026066,837.5404917687965,88.93990487787187,1.3004483531311968
230.0,49.10932047904037,3.73795258487413,16.052094391859484,0.7385456025076829,0.25147969034403744,837.3947338971707,88.97969906343495,1.300150149800239
230.0,49.12483658620894,3.7351451953686787,16.05850039534579,0.7384102741445917,0.25143963243125544,837.2489765987413,89.0195022412365,1.2998521018309028
230.0,49.14034810706176,3.7323392035002843,16.064905085422964,0.7382749457815003,0.25139963044769076,837.1032198707381,89.05931441878275,1.2995542091478236
230.0,49.155855042899695,3.7295346086303813,16.07130847019166,0.7381396174184092,0.2513596843292477,836.9574637103946,89.09913560359728,1.2992564716740687
230.0,49.171357395019385,3.726731410111369,16.077710557754045,0.7380042890553178,0.25131979401195315,836.8117081149344,89.13896580320205,1.2989588893337207
230.0,49.18685516470462,3.723929607291131,16.084111356185133,0.7378689606922266,0.2512799594319625,836.6659530815812,89.17880502512949,1.2986614620504695
230.0,49.202348353262025,3.7211291995516036,16.090510873537298,0.7377336323291352,0.251240180525553,836.5201986075582,89.21865327692504,1.2983641897486526
230.0,49.21783696199924,3.7183301861947995,16.096909117860555,0.7375983039660441,0.25120045722912815,836.3744446900896,89.25851056614333,1.2980670723528052
230.0,49.23332099219754,3.715532566613303,16.10331483842522,0.7374629756029528,0.2511607894792101,836.2286913263914,89.2983769003355,1.2977701097862193
230.0,49.24880044515379,3.7127363401655593,16.10979728107818,0.7373276472398615,0.25112117721245064,836.0829385136765,89.33825228706648,1.2974733019731224
230.0,49.264275322165865,3.709941506175795,16.116278314840123,0.7371923188767703,0.2510816203656229,835.937186249159,89.37813673391312,1.2971766488385243
230.0,49.27974562453694,3.707148071999192,16.122757945959783,0.737056990513679,0.2510421188756251,835.7914345300536,89.41803024846153,1.2968801470929157
230.0,49.29521135354988,3.7043560245032965,16.12923619639222,0.7369216621505877,0.25100267267947496,835.6456833535641,89.45793283829302,1.2965838030768118
230.0,49.310672510510685,3.701565367568798,16.13573745230581,0.7367863337874965,0.2509632817143135,835.4999327169,89.4978445110114,1.296287613513588
230.0,49.32612909670487,3.698776100505468,16.142262586789677,0.7366510054244052,0.2509239459174086,835.3541826172632,89.53776527421742,1.295991578328625
230.0,49.34158111343004,3.6959882226824585,16.148786307623226,0.7365156770613139,0.2508846652261433,835.2084330518543,89.57769513552626,1.2956956974468938
230.0,49.35702856198795,3.693201733514019,16.15530862311404,0.7363803486982228,0.25084543957802785,835.0626840178766,89.61763410256098,1.295399970791126
230.0,49.372471443659215,3.690416632283925,16.161829541503323,0.7362450203351314,0.25080626891069563,834.9169355125211,89.65758218294846,1.2951043982879342
230.0,49.387909759752155,3.6876329183622465,16.168349071043636,0.7361096919720402,0.2507671531618932,834.7711875329883,89.69753938432788,1.2948089798625824
230.0,49.403343511554304,3.6848505911237774,16.174867219987306,0.7359743636089489,0.25072809226949666,834.6254400764667,89.73750571434351,1.294513715438903
230.0,49.418772700358105,3.682069649922277,16.181383996567888,0.7358390352458577,0.25068908617150226,834.4796931401469,89.77748118065033,1.2942186049429916
230.0,49.434197327460424,3.6792900941055473,16.18789940901795,0.7357037068827663,0.25065013480602005,834.3339467212161,89.81746579090795,1.2939236482989707
230.0,49.44961739415027,3.676511923044253,16.194413465550852,0.7355683785196752,0.2506112381112889,834.1882008168589,89.85745955278557,1.2936288454327045
230.0,49.46503290172376,3.6737351361178003,16.200926174380072,0.7354330501565839,0.2505723960256599,834.0424554242593,89.89746247396,1.2933341962691436
230.0,49.48044385147348,3.670959732637212,16.20743754368295,0.7352977217934926,0.25053360848761524,833.8967105405974,89.93747456212085,1.2930397007345953
230.0,49.495850244689436,3.668185712028527,16.213947581656498,0.7351623934304014,0.2504948754357428,833.7509661630495,89.97749582495533,1.2927453587528699
230.0,49.511252082669884,3.6654130735917634,16.22045629648248,0.7350270650673101,0.2504561968087614,833.6052222887927,90.01752627017072,1.2924511702514785
230.0,49.52664936670162,3.662641816752359,16.2269636963429,0.7348917367042188,0.2504175725455064,833.4594789150004,90.05756590547595,1.2921571351539878
230.0,49.542042098078355,3.6598719408374727,16.23346978936754,0.7347564083411275,0.250379002584926,833.3137360388407,90.09761473858421,1.2918632533878567
230.0,49.55743027809635,3.657103445237846,16.23997458372918,0.7346210799780364,0.25034048686609034,833.1679936574866,90.13767277722478,1.291569524877213
230.0,49.57281390804276,3.6543363292997846,16.246478087558337,0.734485751614945,0.25030202532819884,833.0222517681012,90.17774002913335,1.2912759495496862
230.0,49.5881929892046,3.6515705924022805,16.252980308967523,0.7343504232518538,0.2502636179105501,832.8765103678469,90.21781650204568,1.290982527329543
230.0,49.603567522879544,3.6488062339062406,16.259534733421013,0.7342150948887625,0.2502252645525749,832.7307694538862,90.25790220371667,1.2906892581433147
230.0,49.61893751035899,3.64604325321425,16.26612102071398,0.7340797665256713,0.2501869651938169,832.5850290233797,90.29799714190615,1.2903961419173835
230.0,49.63430295293175,3.643281649681313,16.272705890586998,0.7339444381625799,0.250148719773934,832.4392890734831,90.33810132437601,1.2901031785774704
230.0,49.64966385189153,3.640521422707336,16.279289351471753,0.7338091097994888,0.2501105282327127,832.2935496013492,90.37821475890637,1.2898103680492443
230.0,49.66502020852,3.6377625716348927,16.28587141171753,0.7336737814363975,0.2500723905100406,832.1478106041297,90.41833745327129,1.289517710259722
230.0,49.68037202411823,3.6350050958204783,16.292452079700567,0.7335384530733062,0.2500343065459342,832.0020720789742,90.4584694152686,1.289225205135857
230.0,49.69571929997213,3.632248994746058,16.299031363813242,0.733403124710215,0.24999627628052265,831.856334023032,90.49861065269786,1.288932852601861
230.0,49.711062037367526,3.629494267678086,16.305609272322535,0.7332677963471237,0.2499582996540525,831.7105964334442,90.5387611733613,1.2886406525868077
230.0,49.726400237599314,3.626740914084109,16.312185813618115,0.7331324679840324,0.2499203766068811,831.5648593073533,90.57892098507682,1.2883486050147634
230.0,49.74173390195399,3.6239889333119026,16.31876099600121,0.7329971396209412,0.2498825070794951,831.4191226419009,90.61909009567229,1.288056709813942
230.0,49.75706303172313,3.621238324758273,16.32533482779631,0.7328618112578499,0.24984469101247864,831.2733864342231,90.65926851297476,1.287764966911015
230.0,49.772387628190295,3.61848908781866,16.33190731724809,0.7327264828947586,0.2498069283465401,831.1276506814537,90.69945624482128,1.2874733762325905
230.0,49.787707692653385,3.615741221877678,16.33847847268018,0.7325911545316675,0.24976921902250965,830.9819153807275,90.73965329906818,1.2871819377055087
230.0,49.803023226386905,3.612994726370766,16.345048302315675,0.7324558261685761,0.24973156298131977,830.8361805291693,90.77985968356133,1.2868906512565186
230.0,49.81833423069723,3.6102496006428195,16.3516168143777,0.7323204978054849,0.24969396016402848,830.6904461239145,90.82007540617963,1.286599516813927
230.0,49.83364070686206,3.6075058441074397,16.358184017115363,0.7321851694423935,0.24965641051180454,830.5447121620823,90.86030047478542,1.286308534304724
230.0,49.84894265616439,3.6047634561632647,16.364749918666718,0.7320498410793024,0.2496189139659233,830.3989786407967,90.90053489726498,1.2860177036560225
230.0,49.86424007989846,3.6020224362198223,16.37131452721073,0.731914512716211,0.24958147046778642,830.2532455571774,90.94077868150436,1.2857270247961778
230.0,49.8795329793556,3.599282783651207,16.3778778508527,0.7317791843531198,0.2495440799588983,830.1075129083445,90.98103183540366,1.285436497652961
230.0,49.89482135581635,3.5965444978379595,16.384439897641144,0.7316438559900286,0.24950674238088932,829.961780691412,91.02129436687069,1.2851461221550637
230.0,49.910105210569355,3.5938075781650074,16.391000675608836,0.7315085276269373,0.24946945767548978,829.8160489034923,91.06156628381663,1.2848558982305762
230.0,49.92538454490274,3.591072023914682,16.397560192693618,0.731373199263846,0.24943222578455723,829.6703175416956,91.1018475941674,1.2845658258086945
230.0,49.94065936010502,3.5883378343882146,16.404129043009753,0.7312378709007548,0.24939504665004403,829.5245866031311,91.14213830585234,1.284275904819564
230.0,49.955929657453524,3.585605008866562,16.41076870344981,0.7311025425376635,0.24935792021403227,829.3788560849025,91.18243842681035,1.2839861351913964
230.0,49.97119543824479,3.5828735463771073,16.417461536740348,0.7309672141745722,0.24932084641870766,829.2331259841162,91.22274796499354,1.2836965168547063
230.0,49.98645670376629,3.5801434460494725,16.424152933493637,0.7308318858114811,0.24928382520637202,829.0873962978715,91.26306692835679,1.2834070497385213
230.0,50.00171345529139,3.577414706616469,16.430842901650813,0.7306965574483897,0.24924685651943052,828.9416670232634,91.30339532485846,1.2831200028089684
230.0,50.01696569411576,3.5746873268369628,16.437531449434275,0.7305612290852985,0.24920994030041327,828.7959381573917,91.34373316247958,1.2828342910538661
230.0,50.032213421518506,3.571961305257436,16.44421858517304,0.7304259007222071,0.24917307649195186,828.6502096973463,91.38408044919525,1.282548723412722
230.0,50.047456638789775,3.5692366885419444,16.450904610708918,0.730290572359116,0.24913626503679648,828.5044816402207,91.42443719300002,1.2822632952009088
230.0,50.0626953472171,3.56651338846976,16.457588962577034,0.7301552439960246,0.24909950587779983,828.3587539831038,91.46480340189466,1.281978015783789
230.0,50.07792954807587,3.563791447830962,16.464271929733087,0.7300199156329334,0.24906279895793237,828.2130267230796,91.50517908388014,1.28169288023141
230.0,50.093159242658544,3.561070865403111,16.47095352282973,0.7298845872698422,0.24902614422027108,828.0672998572311,91.54556424697232,1.2814078884629498
230.0,50.10838443224147,3.5583516401554793,16.477633751383223,0.7297492589067509,0.24898954160800574,827.9215733826402,91.58595889919563,1.281123040418591
230.0,50.12360511812061,3.55563377141719,16.484312624115056,0.7296139305436596,0.24895299106443627,827.7758472963858,91.62636304858651,1.2808383360457196
230.0,50.138821301565095,3.552917258572574,16.490990149370404,0.7294786021805684,0.24891649253297227,827.630121595541,91.66677670317735,1.280553775293563
230.0,50.15403298387274,3.5502019179597535,16.497665997655588,0.7293432738174771,0.24888004595713148,827.4843962771839,91.70719987102409,1.2802693618102592
230.0,50.169240166318716,3.547488094929606,16.504340861363126,0.7292079454543858,0.2488436512805416,827.3386713383821,91.74763256018093,1.279985088023846
230.0,50.18444285018675,3.5447756288822623,16.51101440548593,0.7290726170912946,0.24880730844694457,827.1929467762046,91.78807477871439,1.2797009576909537
230.0,50.199641036760134,3.54206451933874,16.517686637181832,0.7289372887282033,0.24877101740018132,827.047222587719,91.8285265347003,1.279416970759423
230.0,50.21483472732246,3.5393547655853883,16.524357563658853,0.7288019603651121,0.2487347780842121,826.9014987699859,91.86898783621884,1.2791331271733173
230.0,50.230023923154846,3.5366463667754924,16.531027192372385,0.7286666320020208,0.2486985904430997,826.7557753200673,91.90945869136432,1.278849426876953
230.0,50.245208625548706,3.5339393219348505,16.53769553094032,0.7285313036389296,0.24866245442101795,826.6100522350248,91.9499391082376,1.2785658698112694
230.0,50.26038883577131,3.5312336301213754,16.54436258723375,0.7283959752758382,0.24862636996224347,826.4643295119097,91.99042909494409,1.2782824559166963
230.0,50.27556455511816,3.528529290469185,16.551028369248492,0.7282606469127471,0.24859033701117206,826.3186071477808,92.03092865960609,1.2779991851330568
230.0,50.29073578485497,3.525826302056855,16.557692885036197,0.7281253185496557,0.24855435551229393,826.1728851396815,92.0714378103395,1.2777160573982789
230.0,50.30590252627887,3.5231246640487295,16.564387527608126,0.7279899901865645,0.24851842541021618,826.0271634846664,92.11195655528893,1.2774330726523664
230.0,50.3210647806628,3.520424375659538,16.571136152104167,0.7278546618234732,0.24848254664965388,825.8814421797811,92.15248490259587,1.2771502308328022
230.0,50.33622254929081,3.517725436176351,16.577883376465195,0.727719333460382,0.2484467191754194,825.7357212220651,92.19302286040391,1.276867531877533
230.0,50.35137583343834,3.515027844804245,16.584629209178424,0.7275840050972907,0.24841094293244195,825.5900006085617,92.23357043688097,1.2765849757256993
230.0,50.36652463439472,3.5123316008988783,16.591373658812408,0.7274486767341994,0.24837521786575498,825.4442803363112,92.27412764019564,1.2763025623150264
230.0,50.381668953435046,3.509636703713358,16.598116733909954,0.7273133483711082,0.24833954392049687,825.2985604023453,92.31469447852315,1.2760202915851186
230.0,50.396808791841565,3.5069431526000634,16.60485844297353,0.7271780200080169,0.2483039210419134,825.1528408037018,92.35527096005161,1.2757381634741334
230.0,50.4119441508913,3.504250946908733,16.61159879457503,0.7270426916449257,0.2482683491753522,825.0071215374082,92.3958570929732,1.275456177920337
230.0,50.427075031864646,3.501560085997493,16.618337797144655,0.7269073632818344,0.2482328282662754,824.8614026004934,92.43645288549239,1.2751743348632887
230.0,50.442201436041074,3.498870569173777,16.625075459202755,0.7267720349187432,0.24819735826024353,824.7156839899825,92.47705834581967,1.274892634242552
230.0,50.45732336470455,3.496182395802027,16.631811789192803,0.7266367065556518,0.24816193910292436,824.5699657029011,92.51767348217915,1.274611075997296
230.0,50.472440819123165,3.4934955652974216,16.63854679556654,0.7265013781925607,0.24812657074009256,824.4242477362648,92.55829830279515,1.2743296600662302
230.0,50.4875538005849,3.4908100769868105,16.645280486713204,0.7263660498294693,0.24809125311762764,824.2785300870967,92.59893281591154,1.274048386389213
230.0,50.50266231036901,3.488125930204557,16.65201287104035,0.7262307214663781,0.24805598618151764,824.1328127524135,92.63957702977781,1.2737672549065824
230.0,50.51776634975284,3.4854431243781345,16.658743956939894,0.7260953931032869,0.24802076987783864,823.9870957292228,92.68023095263982,1.2734862655580659
230.0,50.53286592000388,3.4827616587673997,16.665473752748944,0.7259600647401956,0.24798560415279414,823.8413790145361,92.72089459276648,1.2732054182840102
230.0,50.54796102241456,3.480081532829839,16.67221025626236,0.7258247363771043,0.24795048895267574,823.6956626053651,92.76156795843414,1.272924713024702
230.0,50.56305165825128,3.477402745898759,16.67898877821964,0.725689408014013,0.2479154242238871,823.5499464987096,92.80225105791862,1.2726441497205603
230.0,50.57813782880224,3.474725297235777,16.685765985355395,0.7255540796509218,0.24788040991293175,823.404230691578,92.84294389951596,1.2723637283125346
230.0,50.59321953533895,3.472049186362031,16.692541886089785,0.7254187512878305,0.24784544596641883,823.258515180966,92.88364649152284,1.2720834487400174
230.0,50.608296779135465,3.4693744124916956,16.69931648870159,0.7252834229247392,0.24781053233106054,823.1127999638744,92.92435884224982,1.2718033109442832
230.0,50.62336956147492,3.4667009749898834,16.706089801618774,0.725148094561648,0.2477756689536713,822.9670850372956,92.96508096001159,1.2715233148652338
230.0,50.63843788362779,3.464028873281338,16.712861833506516,0.7250127661985568,0.2477408557811687,822.8213703982228,93.00581285313314,1.2712434604410765
230.0,50.65350174687303,3.4613581066817507,16.71968356447548,0.7248774378354654,0.24770609276057226,822.6756560436463,93.04655452995084,1.270963747608834
230.0,50.66856115248554,3.458688674654955,16.7265396413556,0.7247421094723743,0.24767137983901105,822.5299419705525,93.08730599880954,1.2706841763035297
230.0,50.683616101744995,3.4560205765258747,16.733394305917344,0.7246067811092829,0.24763671696370412,822.3842281759283,93.12806726805955,1.2704047464573784
230.0,50.69866659592718,3.4533538120335066,16.74024756849088,0.7244714527461917,0.24760210408198718,822.2385146567532,93.1688383460643,1.2701254579962016
230.0,50.713712636292726,3.4506883807606434,16.747099439653866,0.7243361243831004,0.2475675411412825,822.0928014100065,93.20961924118917,1.2698463108437912
230.0,50.72875422414303,3.448024579052622,16.75395027625335,0.7242007960200092,0.24753302808912853,821.9470884326687,93.25040996182005,1.2695672991953035
230.0,50.74379136072658,3.445361809348742,16.760799381569143,0.7240654676569179,0.2474985648731528,821.8013757217087,93.29121051633318,1.269288434562883
230.0,50.758824047340454,3.442700372885323,16.767647118061085,0.7239301392938267,0.24746415144109907,821.6556632741048,93.33202091314408,1.269009711068063
230.0,50.773852285242825,3.4400402691174388,16.774493495146473,0.7237948109307354,0.247429787740796,821.5099510868192,93.372841160639,1.2687311286439003
230.0,50.78887607572042,3.437381497257614,16.78133852191192,0.7236594825676441,0.24739547372018436,821.3642391568247,93.4136712672473,1.268452687228648
230.0,50.8038954200352,3.4347240565906665,16.788182207403615,0.7235241542045528,0.24736120932730224,821.2185274810803,93.45451124138236,1.2681743867606055
230.0,50.81891031946637,3.432067946287566,16.79502456026799,0.7233888258414616,0.24732699451028542,821.0728160565487,93.49536109147955,1.2678962271822567
230.0,50.83392077529088,3.4294131655526976,16.801865589207885,0.7232534974783704,0.24729282921737886,820.9271048801901,93.53622082598346,1.2676182084356942
230.0,50.8489267887757,3.4267597136029293,16.808705302813834,0.723118169115279,0.24725871339691832,820.7813939489581,93.57709045333958,1.2673403304619886
230.0,50.863928361204344,3.424107589623333,16.81554370958184,0.7229828407521879,0.2472246469973442,820.6356832598099,93.6179699820143,1.2670644055123828
230.0,50.87892549383395,3.4214567928637343,16.822380818089393,0.7228475123890965,0.2471906299671985,820.4899728096914,93.65885942046825,1.2667901495373044
230.0,50.89391818795033,3.418807322626677,16.829216636791656,0.7227121840260053,0.24715666225511546,820.3442625955556,93.69975877718443,1.2665160274942178
230.0,50.90890644481987,3.416159178170169,16.83605117415255,0.722576855662914,0.24712274380983873,820.1985526143445,93.74066806064614,1.266242039336378
230.0,50.92389026571542,3.413512358673276,16.84288443864797,0.7224415272998228,0.24708887458020298,820.0528428630016,93.78158727934726,1.2659681850175586
230.0,50.93886965190806,3.410866863432882,16.849716438689484,0.7223061989367315,0.2470550545151499,819.907133338468,93.82251644179692,1.26569446449003
230.0,50.953844604673755,3.4082226917404737,16.856547182581764,0.7221708705736403,0.247021283563708,819.7614240376811,93.863455556503,1.2654208777056664
230.0,50.96881512528255,3.4055798427708757,16.863376678672736,0.722035542210549,0.24698756167501984,819.6157149575777,93.90440463199513,1.2651474246188605
230.0,50.98378121500134,3.402938315952423,16.870209007455955,0.7219002138474577,0.24695388879831484,819.4700060950868,93.94536367679856,1.264874105182217
230.0,50.9987428751079,3.40029811053534,16.877122709454568,0.7217648854843665,0.24692026488292568,819.3242974471407,93.98633269945735,1.264600919348537
230.0,51.013700106865464,3.397659225818987,16.884035030365958,0.7216295571212752,0.24688668987828244,819.1785890106644,94.0273117085179,1.264327867071498
230.0,51.02865291154846,3.3950216610971626,16.890945978512867,0.7214942287581839,0.24685316373391347,819.0328807825832,94.0683007125416,1.264054948304008
230.0,51.04360129043042,3.3923854159730786,16.89785556246658,0.7213589003950927,0.24681968639944235,818.8871727598212,94.10929972009743,1.263782162996088
230.0,51.058545244771466,3.389750489662565,16.90476379065008,0.7212235720320015,0.2467862578245936,818.7414649392923,94.15030873975729,1.2635095111015988
230.0,51.07348477585592,3.3871168817617585,16.911670671646746,0.7210882436689101,0.24675287795919276,818.5957573179196,94.19132778011792,1.2632369925695488
230.0,51.088419884944784,3.384484591626811,16.918576213899136,0.720952915305819,0.24671954675314725,818.450049892612,94.23235684976359,1.2629646073515644
230.0,51.10335057330795,3.3818536189149184,16.9254804261112,0.7208175869427276,0.24668626415648484,818.3043426602826,94.27339595730535,1.2626923553958334
230.0,51.11827684221342,3.379223822966004,16.93238318222052,0.7206822585796364,0.24665303011930437,818.1586356178374,94.31444511134937,1.2624202373750593
230.0,51.13319869293116,3.376595485924206,16.939298402205353,0.720546930216545,0.246619844591825,818.012928762186,94.35550432052878,1.2621482516907494
230.0,51.14811612672724,3.373968464709425,16.946250750020333,0.7204116018534539,0.2465867075243437,817.8672220902278,94.39657359346553,1.2618763991063897
230.0,51.16302914487965,3.371342758728242,16.95320175280547,0.7202762734903626,0.2465536188672721,817.7215155988662,94.4376529388119,1.261604679574476
230.0,51.17793774864994,3.3687183674743824,16.960151419200777,0.7201409451272713,0.2465205785710973,817.5758092849977,94.47874236520644,1.2613330930452016
230.0,51.19284193929657,3.3660952903939734,16.967099757877286,0.7200056167641801,0.24648758658641898,817.4301031455162,94.51984188131674,1.2610616394692202
230.0,51.20774171810851,3.3634735269381673,16.974046777458213,0.7198702884010888,0.24645464286392577,817.2843971773169,94.56095149581124,1.260790318797262
230.0,51.22263708633557,3.3608530765842244,16.980992486543215,0.7197349600379975,0.2464217473543976,817.1386913772864,94.60207121736319,1.2605191309803054
230.0,51.237528045251295,3.358233938769549,16.987936893756185,0.7195996316749063,0.24638890000871982,816.9929857423132,94.64320105466284,1.2602480759698698
230.0,51.25241459611952,3.3556161129995927,16.994880007702335,0.7194643033118151,0.24635610077786654,816.8472802692804,94.6843410164071,1.2599771537147628
230.0,51.267296740217134,3.352999598653571,17.001821836931455,0.7193289749487237,0.24632334961291089,816.7015749550729,94.72549111130313,1.259706364167602
230.0,51.28217447880104,3.3503843951892325,17.008762390030363,0.7191936465856326,0.24629064646501328,816.5558697965677,94.7666513480656,1.2594357072795677
230.0,51.29704781313673,3.347770502095618,17.015701675541067,0.7190583182225412,0.2462579912854374,816.4101647906372,94.80782173541247,1.2591651830008168
230.0,51.31191674449563,3.3451579942562444,17.02263932747745,0.71892298985945,0.24622538402553626,816.2644599341613,94.84900228208897,1.2588947929460903
230.0,51.326781274141446,3.3425467186304525,17.02964003214749,0.7187876614963586,0.24619282463676037,816.1187552240069,94.89019299682899,1.2586245337365796
230.0,51.341641403336375,3.339936751821018,17.036662149534806,0.7186523331332675,0.24616031307064762,815.9730506570414,94.93139388838598,1.2583544069889823
230.0,51.35649713335447,3.3373280933330425,17.04368287550811,0.7185170047701762,0.24612784927884676,815.8273462301338,94.97260496553,1.2580844126549522
230.0,51.37134846545033,3.334720742540988,17.050702218935584,0.718381676407085,0.24609543321307756,815.681641940143,95.01382623702355,1.2578145506850382
230.0,51.38619540089883,3.3321146988431813,17.05772018865762,0.7182463480439937,0.246063064825168,815.5359377839313,95.05505771164982,1.2575448210314186
230.0,51.40103794095636,3.329509961680903,17.06473679353614,0.7181110196809024,0.24603074406703956,815.3902337583536,95.09629939819747,1.2572752236439384
230.0,51.4158760868904,3.326906530438713,17.071752042450072,0.7179756913178111,0.24599847089069618,815.2445298602667,95.1375513054671,1.2570057584742336
230.0,51.43070983996563,3.3243044045448764,17.078765944283987,0.7178403629547199,0.24596624524825134,815.0988260865206,95.17881344226893,1.256736425472472
230.0,51.44553920144677,3.321703583397215,17.085778507922008,0.7177050345916286,0.24593406709189514,814.9531224339654,95.22008581741915,1.256467224589745
230.0,51.4603641725938,3.3191040664423705,17.092789742218407,0.7175697062285373,0.24590193637392194,814.8074188994469,95.2613684397455,1.2561981557770332
230.0,51.47518475467213,3.316505853044289,17.099799656037106,0.7174343778654462,0.2458698530467107,814.6617154798075,95.30266131808271,1.2559292189853515
230.0,51.490000948947596,3.3139089426628883,17.10680825823799,0.7172990495023548,0.2458378170627417,814.516012171889,95.34396446128248,1.255660414165565
230.0,51.504812756680025,3.311313334751869,17.113815557627767,0.7171637211392636,0.24580582837457643,814.3703089725312,95.3852778781974,1.2553917412679285
230.0,51.51962017913148,3.3087190286364425,17.120821563059827,0.7170283927761723,0.24577388693487734,814.2246058785641,95.42660157768952,1.2551232002455612
230.0,51.534423217566086,3.306126023827956,17.127826283347076,0.7168930644130811,0.24574199269639888,814.078902886826,95.46793556864192,1.2548547910479533
230.0,51.549221873247994,3.3035343197394775,17.134829727284014,0.7167577360499897,0.2457101456119774,813.933199994143,95.50927985993201,1.2545865136271486
230.0,51.56401614743419,3.300943915784185,17.141831903678103,0.7166224076868986,0.245678345634552,813.7874971973423,95.55063446045384,1.2543183679333052
230.0,51.57880604138799,3.2983548114064103,17.148832821296516,0.7164870793238073,0.24564659271714964,813.6417944932501,95.59199937911531,1.2540503539185461
230.0,51.59359155637421,3.295767006034707,17.155832488929605,0.716351750960716,0.245614886812887,813.4960918786871,95.63337462482897,1.2537824715343022
230.0,51.60837269364871,3.2931804991152847,17.162830915332336,0.7162164225976247,0.24558322787496434,813.3503893504706,95.67476020651019,1.2535147207319353
230.0,51.62314945447929,3.290595290080128,17.169828109257047,0.7160810942345335,0.24555161585669077,813.2046869054174,95.71615613309896,1.2532471014625417
230.0,51.637921840121,3.2880113783505025,17.176824079448735,0.7159457658714422,0.24552005071145536,813.0589845403405,95.75756241353146,1.2529796136785047
230.0,51.65268985183515,3.285428763402432,17.1838758161052,0.7158104375083509,0.24548853239273377,812.9132822520504,95.79897905676361,1.2527122573305205
230.0,51.66745349088378,3.2828474446740152,17.19095599448535,0.7156751091452598,0.24545706085409744,812.7675800373537,95.84040607174931,1.2524473614552631
230.0,51.682212758524564,3.2802674216110677,17.198034818015437,0.7155397807821684,0.24542563604921216,812.6218778930566,95.88184346746544,1.2521835032138802
230.0,51.69696765601985,3.277688693659258,17.205136929649257,0.7154044524190772,0.24539425793182396,812.4761758159607,95.92329125288937,1.2519197697974473
230.0,51.71171818462737,3.275111260288545,17.21226590478129,0.7152691240559859,0.24536292645577784,812.330473802864,95.96474943701038,1.25165616116608
230.0,51.7264643456059,3.2725351209463116,17.2193934988589,0.7151337956928947,0.24533164157499984,812.1847718505642,96.00621802882581,1.2513926772810062
230.0,51.7412061402151,3.2699602750739647,17.226519720904427,0.7149984673298033,0.2453004032435157,812.039069955854,96.04769703735026,1.2511293181022665
230.0,51.75594356971279,3.2673867221724993,17.233644579906624,0.7148631389667122,0.2452692114154293,811.8933681155246,96.08918647159493,1.2508660835897465
230.0,51.77067663536347,3.2648144616627377,17.24076808483653,0.7147278106036209,0.2452380660449443,811.7476663263647,96.13068634059411,1.25060297370531
230.0,51.78540533841565,3.262243493071558,17.24789024468449,0.7145924822405296,0.2452069670863457,811.601964585158,96.17219665338153,1.2503399884076276
230.0,51.80012968013115,3.2596736924112086,17.255011241070285,0.7144571538774384,0.24517591449400994,811.4562628886864,96.21371741900396,1.2500771282073013
230.0,51.81484966176987,3.2571052956852466,17.26213069985002,0.7143218255143471,0.24514490822240323,811.3105612337318,96.25524864652226,1.2498143921915088
230.0,51.82956528459109,3.254538188250339,17.26924883858417,0.7141864971512558,0.2451139482260822,811.1648596170708,96.29679034500445,1.2495517806528853
230.0,51.84427654984579,3.251972369601105,17.276365666614367,0.7140511687881645,0.24508303445968632,811.0191580354749,96.33834252352345,1.2492892935503237
230.0,51.85898345879331,3.2494078392826817,17.28348119332577,0.7139158404250733,0.2450521668779477,810.8734564857162,96.37990519116441,1.2490269308418196
230.0,51.87368601268813,3.246844596835435,17.29059542822165,0.713780512061982,0.24502134543568294,810.7277549645623,96.4214783570245,1.248764692485219
230.0,51.88838421279416,3.2442826418574495,17.297708380821668,0.7136451836988909,0.24499057008780414,810.5820534687816,96.46306203021673,1.2485025784371746
230.0,51.90307806036659,3.2417219739390166,17.304820060657427,0.7135098553357995,0.2449598407892985,810.4363519951352,96.50465621984783,1.2482405886563324
230.0,51.917767556653246,3.239162592729562,17.311930477242264,0.7133745269727083,0.24492915749525393,810.2906505403793,96.54626093504486,1.247978723099693
230.0,51.93245270291552,3.2366044978077704,17.319039640091546,0.7132391986096169,0.24489852016083752,810.1449491012747,96.58787618494644,1.247716981725189
230.0,51.947133500403616,3.2340476888194143,17.326147558526237,0.7131038702465258,0.24486792874130578,809.9992476745741,96.62950197869444,1.2474553644919595
230.0,51.96180995038003,3.2314921653594695,17.33325424184975,0.7129685418834344,0.24483738319200635,809.8535462570305,96.67113832544726,1.24719387135837
230.0,51.97648205410026,3.228938215285286,17.34042969786828,0.7128332135203432,0.24480688346836568,809.7078448453918,96.71278523436904,1.2469324993992927
230.0,51.99114981280766,3.2263852737271925,17.347620594108236,0.712697885157252,0.244776429525903,809.5621434363997,96.75444271462868,1.2466712543013327
230.0,52.005813227770474,3.223833614618646,17.354810118141422,0.7125625567941607,0.2447460213202241,809.4164420268007,96.7961107754172,1.246410133227912
230.0,52.02047230023593,3.2212832371708937,17.361998278726162,0.7124272284310694,0.24471565880701984,809.2707406133337,96.83778942592669,1.2461491361428298
230.0,52.03512703145385,3.218734140583497,17.369185084837504,0.7122919000679782,0.24468534194206368,809.1250391927352,96.87947867536,1.2458882630075463
230.0,52.04977742269017,3.216186324119658,17.376370545571525,0.7121565717048869,0.24465507068122477,808.9793377617408,96.92117853293496,1.2456275137837434
230.0,52.06442347518683,3.213639787121242,17.38355467024956,0.7120212433417956,0.24462484498044815,808.8336363170805,96.96288900787346,1.2453668884313247
230.0,52.079065190201106,3.211094529046842,17.390737468287547,0.7118859149787045,0.244594664795772,808.6879348554806,97.00461010940639,1.245106386909864
230.0,52.09370256898366,3.208550549398802,17.397918949274946,0.7117505866156131,0.2445645300833138,808.5422333736699,97.04634184678046,1.2448460091778486
230.0,52.108335612792445,3.2060078478420584,17.405099122817056,0.7116152582525219,0.24453444079928727,808.3965318683693,97.08808422925203,1.2445857551916717
230.0,52.122964322876484,3.203466424003741,17.412277998548284,0.7114799298894305,0.24450439689997439,808.2508303362993,97.1298372660799,1.2443256249097678
230.0,52.13758870048814,3.200926277523356,17.419455585976984,0.7113446015263394,0.24447439834176654,808.1051287741766,97.17160096654622,1.2440656182912095
230.0,52.15220874687403,3.198387408137884,17.42663189458473,0.711209273163248,0.2444444450811077,807.9594271787128,97.21337533991964,1.243805735292936
230.0,52.166824463299065,3.1958498154940895,17.4338069337282,0.7110739448001568,0.2444145370745617,807.8137255466225,97.2551603955094,1.2435459758756142
230.0,52.18143585100457,3.193313499213081,17.44098071263111,0.7109386164370656,0.2443846742787551,807.6680238746129,97.29695614261291,1.2432863399981589
230.0,52.19604291124053,3.190778458900245,17.448153240459817,0.7108032880739743,0.24435485665039897,807.5223221593865,97.3387625905384,1.2430268276219054
230.0,52.21064564526461,3.188244694113277,17.455324526237142,0.710667959710883,0.24432508414630713,807.37662039765,97.38057974862453,1.2427674387076877
230.0,52.22524405432105,3.1857122044701724,17.462494578993493,0.7105326313477918,0.24429535672335095,807.2309185860984,97.42240762618665,1.2425081732166436
230.0,52.2398381396655,3.183180989361831,17.46970156312409,0.7103973029847005,0.24426567433851176,807.085216721431,97.46424623258277,1.2422490311115315
230.0,52.25442790253922,3.1806510483872312,17.47692276320292,0.7102619746216092,0.24423603694883642,806.9395148003399,97.50609557715829,1.2419900123528824
230.0,52.26901334420003,3.178122380976898,17.484142702009933,0.710126646258518,0.24420644451146561,806.7938128195168,97.54795566928121,1.2417311169048342
230.0,52.283594465902,3.1755949865700965,17.49137667454732,0.7099913178954267,0.2441768969836246,806.6481107756506,97.58982651833003,1.2414723447289386
230.0,52.298171268880736,3.173068864691927,17.49868090769896,0.7098559895323355,0.24414739432261073,806.5024086654231,97.63170813368019,1.2412136957866342
230.0,52.31274375439465,3.1705440147424726,17.505983749169715,0.7097206611692441,0.2441179364858217,806.3567064855207,97.67360052473589,1.240955170042539
230.0,52.327311923692825,3.168020436189034,17.513285208171787,0.709585332806153,0.24408852343072002,806.2110042326166,97.71550370088843,1.2406967674567728
230.0,52.34187577801451,3.1654981285075494,17.5205852937666,0.7094500044430616,0.24405915511486648,806.0653019033903,97.7574176715619,1.2404384879932053
230.0,52.35643531862184,3.1629770910796644,17.527884015168432,0.7093146760799705,0.24402983149589882,805.9195994945159,97.79934244618275,1.2401803316139004
230.0,52.37099054675184,3.1604573233841906,17.5351813814654,0.7091793477168791,0.24400055253154024,805.7738970026609,97.84127803418167,1.2399222982819094
230.0,52.38554146365337,3.1579388248265117,17.542477401797605,0.7090440193537879,0.24397131817958603,805.6281944244936,97.88322444500042,1.2396643879601499
230.0,52.40008807058007,3.1554215949151763,17.549772085294812,0.7089086909906966,0.2439421283979324,805.4824917566792,97.92518168809994,1.2394066006096065
230.0,52.414630368773715,3.1529056330535594,17.557065441101507,0.7087733626276054,0.24391298314454332,805.3367889958784,97.9671497729471,1.2391516522175534
230.0,52.42916835948452,3.150390938694941,17.56435747830694,0.7086380342645141,0.24388388237746875,805.1910861387505,98.0091287090146,1.2388972490527594
230.0,52.44370204395682,3.147877511304681,17.57164820604963,0.7085027059014228,0.24385482605484313,805.0453831819475,98.05111850578427,1.2386429624664597
230.0,52.458231423437965,3.1453653502988446,17.57893763344544,0.7083673775383316,0.24382581413488258,804.8996801221263,98.09311917275929,1.238388792430189
230.0,52.472756499172526,3.1428544551552475,17.586225769578753,0.7082320491752403,0.24379684657588085,804.7539769559341,98.13513071944205,1.2381347389141408
230.0,52.487277272408825,3.1403448253482393,17.593512623564294,0.7080967208121491,0.24376792333622432,804.608273680018,98.1771531553548,1.2378808018886502
230.0,52.50179374438964,3.1378364602976694,17.600798204448495,0.7079613924490578,0.2437390443743635,804.4625702910209,98.21918649001707,1.2376269813259657
230.0,52.516305916364864,3.1353293594542224,17.608082521402714,0.7078260640859666,0.24371020964884554,804.3168667855861,98.26123073297363,1.2373732771961257
230.0,52.530813789569436,3.1328235223004888,17.61536558347592,0.7076907357228752,0.2436814191182876,804.1711631603448,98.30328589375925,1.2371196894699799
230.0,52.54531736526564,3.13031920598034,17.622647944457263,0.7075554073597841,0.24365267274140495,804.0254594119414,98.34535198195313,1.2368662155102914
230.0,52.55981664468139,3.127815897628782,17.629928527159834,0.7074200789966927,0.2436239704769722,803.8797555369995,98.38742900710459,1.236612860482194
230.0,52.5743116290696,3.1253138511772907,17.637207881936746,0.7072847506336015,0.24359531228386053,803.734051532151,98.42951697880123,1.2363596217737753
230.0,52.588802319666,3.1228128855177104,17.644485213749093,0.7071494222705103,0.24356669812101167,803.5883473940191,98.47161590662687,1.2361064813767968
230.0,52.60328871772483,3.120313359500103,17.65183039967731,0.707014093907419,0.24353812794745813,803.4426431192312,98.51372580018644,1.2358534800553513
230.0,52.6177708244811,3.1178151846515383,17.659192832126408,0.7068787655443277,0.2435096017223033,803.2969387044027,98.55584666908423,1.2356005923121596
230.0,52.63224864118747,3.1153181805844827,17.666553851737184,0.7067434371812364,0.2434811194047399,803.1512341461533,98.59797852295017,1.2353478224219725
230.0,52.646722169078885,3.112822435921782,17.673913537194544,0.7066081088181452,0.24345268095402686,803.0055294410945,98.64012137140027,1.2350951682291575
230.0,52.66119140939683,3.1103279499339664,17.68127189767062,0.7064727804550539,0.24342428632952268,802.8598245858386,98.68227522408779,1.234842629702451
230.0,52.67565636338785,3.1078347221508777,17.688628942261424,0.7063374520919626,0.2433959354906459,802.714119576992,98.72444009065711,1.2345902068096337
230.0,52.69011703229487,3.105342752090306,17.695984680548726,0.7062021237288714,0.24336762839691176,802.5684144111602,98.7666159807742,1.234337899517408
230.0,52.704573417358695,3.1028520391861054,17.703339121859365,0.7060667953657802,0.24333936500790274,802.4227090849452,98.80880290410924,1.2340857077946812
230.0,52.71902551981822,3.100362582900163,17.710692275387714,0.7059314670026888,0.24331114528328915,802.2770035949446,98.85100087034692,1.2338336316103027
230.0,52.73347334091216,3.0978743827806206,17.71804415049433,0.7057961386395977,0.2432829691828092,802.1312979377536,98.89320988917446,1.2335816709297756
230.0,52.747916881890966,3.095387438194655,17.725394756430497,0.7056608102765063,0.24325483666629427,801.9855921099675,98.935429970305,1.2333298257241982
230.0,52.762356143993514,3.092901748703179,17.732795956847177,0.7055254819134151,0.24322674769365202,801.8398861081748,98.97766112344974,1.2330780959583203
230.0,52.776791128452125,3.090417313742407,17.74019853525548,0.7053901535503238,0.24319870222485493,801.6941799289594,99.01990335832643,1.2328264816028733
230.0,52.791221836512165,3.0879341328192784,17.74759981586675,0.7052548251872326,0.24317070021997217,801.5484735689072,99.06215668467881,1.2325749826218138
230.0,52.80564826941848,3.0854522053998608,17.754999808288076,0.7051194968241413,0.24314274163914115,801.4027670245997,99.10442111225105,1.2323235989872316
230.0,52.820070428398026,3.0829715308790093,17.762398521569082,0.70498416846105,0.24311482644258106,801.257060292612,99.14669665079516,1.232072330665013
230.0,52.83448831469879,3.080492108893663,17.76979596547382,0.7048488400979588,0.24308695459059132,801.1113533695178,99.1889833100822,1.2318211776231962
230.0,52.84890192956321,3.0780139387808823,17.777192148668483,0.7047135117348675,0.243059126043545,800.9656462518931,99.23128109989258,1.2315701398301093
230.0,52.863311274221616,3.0755370200586416,17.784587080697577,0.7045781833717762,0.2430313407618956,800.8199389363008,99.27359003000817,1.231319217254757
230.0,52.877716349916604,3.0730613522119,17.791980770699176,0.704442855008685,0.2430035987061767,800.6742314193095,99.31591011023202,1.2310684098645652
230.0,52.89211715788946,3.070586934765848,17.79937322813246,0.7043075266455938,0.2429758998369952,800.5285236974806,99.3582413503737,1.2308177176262887
230.0,52.90651369936786,3.0681137672071612,17.806813731870903,0.7041721982825024,0.24294824411503763,800.3828157673698,99.40058376024815,1.2305671405058718
230.0,52.92090597560532,3.065641848912938,17.814290441648843,0.7040368699194113,0.24292063150107285,800.2371076255403,99.44293734969526,1.2303166784771162
230.0,52.935293987826036,3.0631711794182075,17.821765789463598,0.7039015415563199,0.24289306195593457,800.0913992685381,99.48530212854492,1.2300663315062088
230.0,52.949677737269106,3.060701758219452,17.829239784188076,0.7037662131932287,0.24286553544054987,799.9456906929153,99.527678106656,1.2298160995571132
230.0,52.96405722517625,3.05823358479122,17.836712436081903,0.7036308848301374,0.24283805191591168,799.7999818952214,99.57006529389437,1.229565982603035
230.0,52.978432452783586,3.0557666586120322,17.844183754146407,0.7034955564670462,0.24281061134309462,799.6542728719965,99.6124637001292,1.2293159806097516
230.0,52.99280342132613,3.053300979122354,17.851653747823796,0.7033602281039549,0.24278321368324898,799.5085636197842,99.65487333524887,1.2290660935441045
230.0,53.007170132036585,3.0508365458734747,17.859122426704715,0.7032248997408637,0.24275585889759652,799.3628541351186,99.69729420913903,1.228816321376815
230.0,53.021532586158145,3.0483733582847687,17.86658980029749,0.7030895713777724,0.2427285469474493,799.2171444145372,99.73972633171537,1.2285666640746886
230.0,53.03589078492075,3.0459114158844183,17.874055877825377,0.7029542430146811,0.24270127779418563,799.0714344545718,99.78216971289396,1.228317121606474
230.0,53.05024472955599,3.0434507181648325,17.881520668841127,0.7028189146515899,0.24267405139925394,798.9257242517456,99.82462436259256,1.2280676939389907
230.0,53.0645944213073,3.04099126454539,17.888984182675493,0.7026835862884986,0.24264686772419608,798.7800138025901,99.86709029075891,1.2278183810397127
230.0,53.07893986139871,3.0385330545098683,17.89644642866648,0.7025482579254073,0.2426197267306189,798.6343031036217,99.90956750733487,1.2275691828805535
230.0,53.09328105107762,3.0360760876726687,17.903907416629153,0.702412929562316,0.24259262838020215,798.4885921513632,99.95205602228553,1.2273200994265807
230.0,53.10761799157217,3.0336203633470955,17.911367155326595,0.7022776011992249,0.24256557263471543,798.3428809423311,99.99455584558463,1.2270735978425873
230.0,53.1219506841138,3.0311658810827637,17.918825654664545,0.7021422728361335,0.24253855945598776,798.1971694730339,100.03706698720228,1.2268278069416374
230.0,53.13627912993997,3.0287126404080102,17.926282923645154,0.7020069444730423,0.2425115888059324,798.0514577399848,100.07958945713924,1.2265821245811797
230.0,53.15060333027661,3.026260640832039,17.93373897190949,0.701871616109951,0.24248466064653995,797.9057457396876,100.12212326539512,1.226336550740552
230.0,53.1649232863646,3.0238098816905223,17.94119380860746,0.7017362877468598,0.24245777493987006,797.7600334686472,100.16466842198396,1.2260910853970308
230.0,53.1792389994327,3.0213603625202907,17.948647442899656,0.7016009593837684,0.24243093164806148,797.614320923363,100.20722493693175,1.2258457285239905
230.0,53.19355047071666,3.0189120829122955,17.95609988464515,0.7014656310206773,0.2424041307333281,797.468608100333,100.24979282027415,1.2256004801015754
230.0,53.20785770144351,3.0164650422668404,17.963600137958622,0.701330302657586,0.24237737215796076,797.3228949960505,100.2923720820605,1.2253553401022224
230.0,53.22216069285065,3.014019240107622,17.971136965137134,0.7011949742944947,0.24235065588431462,797.1771816070061,100.33496273234036,1.225110308505261
230.0,53.2364594461681,3.0115746758661865,17.97867247030007,0.7010596459314035,0.2423239818748382,797.0314679296896,100.37756478119488,1.2248653852839582
230.0,53.25075396262273,3.0091313490995266,17.986219549233248,0.7009243175683122,0.2422973500920348,796.8857539605814,100.42017823869236,1.224620570416717
230.0,53.265044243449495,3.0066892592688634,17.99380773870287,0.7007889892052209,0.24227076049849355,796.740039696165,100.46280311492607,1.2243758638807918
230.0,53.27933028988056,3.0042484058438093,18.001394577003246,0.7006536608421297,0.24224421305687743,796.5943251329198,100.50543942000293,1.2241312656509944
230.0,53.29361210314102,3.001808788311815,18.008980073839126,0.7005183324790385,0.24221770772991924,796.4486102673193,100.54808716402935,1.2238867757051728
230.0,53.30788968446098,2.999370406184127,18.016564238653714,0.7003830041159471,0.24219124448042895,796.302895095834,100.59074635712669,1.2236423940182162
230.0,53.322163035078944,2.996933258904674,18.02414708118272,0.700247675752856,0.2421648232712905,796.1571796149357,100.63341700943741,1.2233981205668218
230.0,53.336432156216354,2.9944973460768014,18.03172861098929,0.7001123473897646,0.2421384440654605,796.011463821087,100.67609913110115,1.2231539553265098
230.0,53.35069704910561,2.992062667052705,18.039308837629548,0.6999770190266734,0.2421121068259709,795.865747710752,100.71879273227744,1.2229098982776396
230.0,53.364957714972945,2.989629221367344,18.046887770504597,0.699841690663582,0.24208581151592587,795.7200312803894,100.76149782313449,1.2226659493913516
230.0,53.37921415505074,2.9871970085366044,18.054465419326966,0.6997063623004909,0.24205955809850355,795.574314526455,100.80421441384816,1.2224221086477136
230.0,53.393466370562386,2.9847660280761814,18.062041793614895,0.6995710339373996,0.24203334653695474,795.4285974454003,100.84694251460988,1.2221783760213312
230.0,53.40771436274253,2.9823362793486217,18.069616902788347,0.6994357055743083,0.24200717679460423,795.282880033678,100.88968213562366,1.221934751490912
230.0,53.421958132814396,2.9799077619651495,18.07719075636696,0.6993003772112171,0.2419810488348457,795.1371622877314,100.93243328709296,1.2216912350298161
230.0,53.43619768200397,2.977480475428905,18.084763364092787,0.6991650488481258,0.2419549626211595,794.9914442040051,100.9751959792525,1.221447826615776
230.0,53.450433011541215,2.9750544191254265,18.092334735200296,0.6990297204850345,0.24192891811707878,794.8457257789385,101.0179702223259,1.2212045262258544
230.0,53.46466412265561,2.9726295926594433,18.09990487930302,0.6988943921219433,0.24190291528622923,794.70000700897,101.06075602657184,1.2209613338345364
230.0,53.47889101657078,2.9702059954724853,18.10747380598302,0.698759063758852,0.2418769540922898,794.5542878905296,101.10355340223073,1.2207182494211841
230.0,53.49311369451106,2.9677836270203914,18.1150415243208,0.6986237353957607,0.2418510344990292,794.40856842005,101.14636235957906,1.220475272959532
230.0,53.507332157708255,2.9653624868976176,18.12267529690012,0.6984884070326696,0.24182515647027758,794.26284859396,101.18918290890115,1.2202324044275104
230.0,53.52154640738174,2.962942574540842,18.13032739655368,0.6983530786695782,0.24179931996994442,794.1171284086812,101.23201506048125,1.2199896437993865
230.0,53.53575644476198,2.960523889544673,18.13797815969952,0.698217750306487,0.24177352496200544,793.9714078606348,101.2748588246201,1.2197469910524887
230.0,53.5499622710716,2.9581064317577077,18.145627596075414,0.6980824219433956,0.24174777141050866,793.8256869462381,101.31771421163126,1.2195044461551334
230.0,53.5641638875284,2.955690205391029,18.153275717946876,0.6979470935803045,0.2417220592795817,793.6799656619023,101.36058123183804,1.2192620090322854
230.0,53.57836129537605,2.9532751896542186,18.16092252604595,0.6978117652172131,0.24169638853341688,793.5342440040469,101.40345989558585,1.2190196799489994
230.0,53.5925544958201,2.9508614089989944,18.168568039457305,0.697676436854122,0.24167075913627883,793.3885219690716,101.44635021320819,1.2187774584686053
230.0,53.60674349009037,2.94844885260408,18.176212265087962,0.6975411084910307,0.24164517105250388,793.2427995533832,101.48925219506887,1.2185353447763396
230.0,53.62092827941537,2.9460375202132405,18.183855212352334,0.6974057801279394,0.24161962424650113,793.0970767533832,101.5321658515346,1.218293338830369
230.0,53.63510886501409,2.943627411425212,18.191496890955705,0.6972704517648481,0.24159411868275166,792.9513535654701,101.57509119298987,1.2180514406060312
230.0,53.649285248108654,2.9412185256918972,18.19913731044104,0.6971351234017569,0.24156865432580538,792.805629986038,101.61802822982294,1.217809650077736
230.0,53.663457429924385,2.9388108624852927,18.206776480712136,0.6969997950386656,0.24154323114028686,792.6599060114801,101.6609769724427,1.2175679672261395
230.0,53.67762541168563,2.9364044212927567,18.21441441162051,0.6968644666755743,0.24151784909088603,792.5141816381814,101.70393743125742,1.2173263920318462
230.0,53.69178919460863,2.9339992016340126,18.222051113715125,0.6967291383124832,0.24149250814237377,792.3684568625288,101.74690961669882,1.21708492448518
230.0,53.70594877992131,2.931595204366577,18.229686600130407,0.6965938099493918,0.24146720825957488,792.2227316809051,101.78989353919971,1.2168435646016698
230.0,53.72010416883871,2.9291925344209955,18.23732094646551,0.6964584815863006,0.24144194940740527,792.0770060896848,101.83288920921042,1.2166023115083442
230.0,53.73425536258906,2.926790917959175,18.244977789478654,0.6963231532232093,0.241416731550835,791.9312800852496,101.87589663719778,1.2163611660138507
230.0,53.74840236238979,2.924390552472723,18.25266572203455,0.6961878248601181,0.24139155465491133,791.7855536639643,101.91891583362181,1.2161210265264837
230.0,53.76254516946286,2.92199142854956,18.2603524141389,0.6960524964970267,0.24136641868475095,791.6398268222033,101.96194680897786,1.2158830831539758
230.0,53.77668378502861,2.91959352685889,18.26803787351212,0.6959171681339356,0.24134132360554275,791.494099556328,102.00498957374977,1.2156452412701704
230.0,53.7908182103046,2.9171968444916154,18.27573904473399,0.6957818397708443,0.24131626938254092,791.3483718627004,102.0480441384512,1.2154075009105942
230.0,53.80494844651349,2.914801380378961,18.283508992489516,0.695646511407753,0.24129125598107776,791.2026437376819,102.09111051359906,1.2151698620746993
230.0,53.81907449487373,2.9124071336884203,18.29127757968945,0.6955111830446618,0.24126628336654715,791.0569151776261,102.13418870972095,1.2149323247509396
230.0,53.833196356602016,2.910014103907214,18.299044816641327,0.6953758546815705,0.24124135150441142,790.911186178884,102.1772787373547,1.2146948889304308
230.0,53.8473140329247,2.907622290391694,18.30681071264342,0.6952405263184792,0.24121646036021452,790.7654567378095,102.2203806070633,1.2144575545941787
230.0,53.86142752504848,2.9052316926746893,18.314575277785053,0.6951051979553879,0.2411916098995539,790.6197268507398,102.26349432939574,1.2142203217269434
230.0,53.87553683419943,2.9028423102152616,18.322338522107714,0.6949698695922967,0.24116680008811253,790.473996514024,102.30661991493821,1.2139831903159435
230.0,53.88964196159892,2.9004541425275363,18.33010045519596,0.6948345412292054,0.2411420308916264,790.3282657239977,102.34975737427068,1.2137461603422892
230.0,53.903742908461616,2.898067189106788,18.337861087108664,0.6946992128661142,0.24111730227592182,790.1825344769991,102.39290671800501,1.2135092317922933
230.0,53.917839676003304,2.8956814494276846,18.345620427547516,0.6945638845030229,0.24109261420687,790.036802769358,102.43606795673625,1.2132724046479577
230.0,53.93193226544149,2.8932969230483594,18.353378486454012,0.6944285561399317,0.2410679666504285,789.891070597404,102.47924110109614,1.2130356788956422
230.0,53.94602067799151,2.8909136094175247,18.36113527355112,0.6942932277768403,0.2410433595726163,789.7453379574622,102.52242616171544,1.212799054517687
230.0,53.96010491487287,2.888531508075756,18.368890798596468,0.6941578994137492,0.2410187929395186,789.5996048458562,102.56562314923549,1.2125625314971555
230.0,53.974184977298826,2.886150618564955,18.376645071602077,0.6940225710506578,0.24099426671730062,789.4538712589012,102.60883207431816,1.2123261098192304
230.0,53.98826086648643,2.8837709403141316,18.384398102007054,0.6938872426875666,0.2409697808721838,789.3081371929173,102.65205294763051,1.212089789465988
230.0,54.002332583651246,2.8813924729086335,18.392149899996888,0.6937519143244754,0.24094533537046317,789.1624026442134,102.69528577985014,1.2118535704238873
230.0,54.016400130008236,2.879015215791552,18.399900475134793,0.6936165859613841,0.24092093017850408,789.0166676091001,102.73853058167569,1.2116174526752186
230.0,54.03046350677423,2.876639168532842,18.40764983722824,0.6934812575982928,0.24089656526273717,788.8709320838819,102.78178736380426,1.2113814362043986
230.0,54.0445227151636,2.8742643306721596,18.41539799603443,0.6933459292352016,0.2408722405896599,788.7251960648617,102.8250561369559,1.2111455209931024
230.0,54.058577756389305,2.871890701603082,18.423144961257286,0.6932106008721103,0.24084795612584325,788.5794595483393,102.86833691185952,1.2109097070294064
230.0,54.07262863166287,2.869518280960173,18.430890742660573,0.693075272509019,0.24082371183791867,788.4337225306082,102.91162969924855,1.2106739942908555
230.0,54.08667534220323,2.8671470681886806,18.438707068135635,0.6929399441459279,0.24079950769259195,788.2879850079593,102.95493450987482,1.2104383827670149
230.0,54.10071788922087,2.86477706284643,18.4465374064513,0.6928046157828365,0.24077534365663184,788.142246976683,102.99825135450348,1.2102028724398803
230.0,54.11475627393231,2.8624082643880335,18.45436643309054,0.6926692874197453,0.2407512196968788,787.9965084330664,103.0415802439128,1.2099674632915913
230.0,54.12879049754113,2.860040672377795,18.462194158138665,0.6925339590566539,0.24072713578023527,787.8507693733852,103.08492118887654,1.2097321553075526
230.0,54.14282056127332,2.8576742863629816,18.470020591652386,0.6923986306935628,0.24070309187367933,787.705029793924,103.12827420020805,1.2094969484700553
230.0,54.156846466328204,2.855309105804581,18.477845743513086,0.6922633023304714,0.24067908794424756,787.5592896909544,103.17163928870589,1.209261842765658
230.0,54.170868213923946,2.852945130235765,18.48566962375954,0.6921279739673802,0.24065512395904384,787.4135490607506,103.21501646519528,1.2090268381752416
230.0,54.1848858052703,2.8505823591062067,18.493492242221258,0.691992645604289,0.24063119988524845,787.2678078995782,103.25840574051095,1.2087919346854323
230.0,54.198899241584314,2.8482207920609985,18.501341390928573,0.6918573172411977,0.24060731569010269,787.1220662037056,103.30180712550323,1.2085571322771453
230.0,54.212908524064424,2.845860428488174,18.50921833381942,0.6917219888781064,0.24058347134091151,786.9763239693885,103.34522063102106,1.2083224309350868
230.0,54.226913653934595,2.843501268050134,18.517093983730888,0.6915866605150152,0.24055966680505086,786.8305811928908,103.38864626793905,1.208087830643569
230.0,54.2409146324005,2.8411433101628747,18.524968350431713,0.6914513321519239,0.24053590204996247,786.684837870464,103.43208404713907,1.2078533313861561
230.0,54.254911460668445,2.838786554369413,18.53284144386675,0.6913160037888326,0.24051217704315558,786.5390939983598,103.475533979513,1.2076189331455358
230.0,54.26890413995415,2.836431000188407,18.5407132741092,0.6911806754257414,0.24048849175220396,786.393349572828,103.5189960759708,1.207384635908309
230.0,54.28289267145738,2.8340766471092294,18.54858385089745,0.6910453470626501,0.2404648461447489,786.2476045901082,103.56247034742088,1.2071504396537547
230.0,54.29687705639854,2.831723494717986,18.556453184337933,0.6909100186995589,0.24044124018849194,786.1018590464462,103.60595680480093,1.2069163443683477
230.0,54.310857295973975,2.8293715424999464,18.564321284393465,0.6907746903364675,0.24041767385121116,785.956112938074,103.64945545904207,1.2066823500364252
230.0,54.32483339140579,2.827020789935205,18.572188160843716,0.6906393619733764,0.24039414710074755,785.8103662612332,103.69296632111498,1.2064484566403568
230.0,54.33880534389384,2.824671236569549,18.58005382372098,0.690504033610285,0.24037065990500275,785.6646190121483,103.73648940197293,1.20621466416508
230.0,54.35277315464996,2.822322881979278,18.58791828284751,0.6903687052471938,0.2403472122319444,785.5188711870496,103.78002471259613,1.2059811504916653
230.0,54.366736824875396,2.819975725645616,18.59583901141181,0.6902333768841025,0.24032380404961212,785.373122782157,103.82357226397117,1.2057504732119106
230.0,54.38069635578349,2.817629767079348,18.603788088687764,0.6900980485210113,0.24030043532611187,785.2273737936961,103.86713206711012,1.205519891045698
230.0,54.39465174857594,2.8152850058086667,18.61173583491675,0.68996272015792,0.24027710602960523,785.081624217879,103.91070413301688,1.2052894039836568
230.0,54.40860300446659,2.8129414413838476,18.619682260245703,0.6898273917948288,0.2402538161283253,784.9358740509225,103.95428847271955,1.2050590120153921
230.0,54.42255012465037,2.8105990733085666,18.627627374666176,0.6896920634317375,0.24023056559057193,784.7901232890322,103.99788509725973,1.2048287151335364
230.0,54.436493110340464,2.8082579011132687,18.635571188395467,0.6895567350686462,0.24020735438470764,784.644371928417,104.04149401768368,1.2045985133282693
230.0,54.45043196274653,2.805917924302766,18.643513711620407,0.689421406705555,0.2401841824791648,784.4986199652823,104.08511524506228,1.2043684065904534
230.0,54.464366683067304,2.8035791423942493,18.651454954251008,0.6892860783424637,0.24016104984242836,784.3528673958234,104.12874879046014,1.2041383949132927
230.0,54.47829727250658,2.801241554927446,18.659394926582326,0.6891507499793725,0.24013795644306485,784.2071142162374,104.17239466497004,1.2039084782852094
230.0,54.49222373227566,2.7989051614690537,18.66733363874352,0.6890154216162812,0.24011490224969173,784.0613604227188,104.21605287969257,1.203678656698006
230.0,54.506146063572096,2.7965699614867363,18.6752711006336,0.68888009325319,0.24009188723100058,783.9156060114522,104.25972344573424,1.2034489301424254
230.0,54.52006426759727,2.794235954561103,18.683207322494283,0.6887447648900986,0.24006891135573935,783.7698509786253,104.3034063742188,1.2032192986113095
230.0,54.533978345570866,2.7919031401460437,18.691142314320906,0.6886094365270075,0.24004597459272745,783.6240953204228,104.3471016762877,1.2029897620952144
230.0,54.54788829867311,2.789571517846005,18.69907608625246,0.6884741081639161,0.24002307691084637,783.4783390330183,104.3908093630854,1.2027603205820148
230.0,54.56179412812628,2.7872410871307842,18.707008648227315,0.6883387798008249,0.24000021827904233,783.3325821125909,104.43452944577561,1.2025309740656975
230.0,54.575695835122836,2.784911847589906,18.71494001052207,0.6882034514377336,0.23997739866632278,783.1868245553078,104.4782619355251,1.2023017225364074
230.0,54.589593420873356,2.78258379865384,18.72287018297984,0.6880681230746424,0.23995461804176343,783.0410663573416,104.5220068435281,1.2020725659853186
230.0,54.60348688657053,2.7802569399960038,18.730799175669365,0.6879327947115511,0.23993187637449773,782.8953075148544,104.56576418097634,1.2018435044018778
230.0,54.61737623342037,2.777931270986439,18.738726998591872,0.6877974663484598,0.23990917363373496,782.7495480240051,104.60953395908115,1.2016145377792797
230.0,54.631261462621765,2.775606791291537,18.746653661923492,0.6876621379853686,0.23988650978873383,782.6037878809516,104.65331618906066,1.2013856661074067
230.0,54.64514257537715,2.773283500341712,18.754662273959866,0.6875268096222773,0.23986388480882698,782.4580270818498,104.69711088215588,1.201156889376404
230.0,54.659019572893676,2.77096139773644,18.762731302017883,0.687391481259186,0.2398412986634059,782.3122656228503,104.74091804961347,1.2009282075769792
230.0,54.672892456357104,2.768640482970904,18.770798980224313,0.6872561528960948,0.23981875132192387,782.1665035000952,104.78473770268458,1.2006996207006189
230.0,54.68676122698918,2.766320755607737,18.778865319069425,0.6871208245330036,0.23979624275391265,782.0207407097355,104.82856985266,1.2004711287383305
230.0,54.700625885964335,2.7640022151663373,18.786930328650442,0.6869854961699122,0.23977377292893917,781.8749772479018,104.87241451080187,1.2002427316793274
230.0,54.71448643449955,2.7616848611256497,18.79499401937774,0.6868501678068211,0.23975134181666102,781.7292131107356,104.91627168841862,1.2000144295164314
230.0,54.72834287378564,2.7593686930973425,18.80305640160919,0.6867148394437297,0.23972894938678432,781.5834482943675,104.9601413968194,1.1997862222386997
230.0,54.74219520502709,2.7570537105902555,18.81111748549889,0.6865795110806385,0.23970659560908095,781.4376827949288,105.00402364732744,1.1995581098376202
230.0,54.756043429418206,2.754739913140119,18.819177281406244,0.6864441827175471,0.23968428045338624,781.2919166085416,105.04791845127147,1.1993300923035517
230.0,54.76988754815944,2.7524273002649733,18.827235799578737,0.686308854354456,0.2396620038896018,781.1461497313295,105.09182582000581,1.1991021696276887
230.0,54.78372756244436,2.750115871486185,18.835293050232146,0.6861735259913647,0.23963976588768202,781.0003821594095,105.13574576488013,1.1988743418011343
230.0,54.79756347347163,2.7478056263916977,18.843349043524967,0.6860381976282734,0.2396175664176575,780.8546138888964,105.17967829727283,1.198646608811544
230.0,54.81139528244555,2.7454965645167544,18.851403789981887,0.6859028692651822,0.2395954054496116,780.7088449159038,105.22362342857345,1.198418970652216
230.0,54.82522299055487,2.7431886853739917,18.8594572996374,0.6857675409020909,0.2395732829536947,780.5630752365377,105.26758117017083,1.198191427313319
230.0,54.839046598996966,2.740881988459697,18.86750958270647,0.6856322125389996,0.23955119890011806,780.4173048468981,105.3115515334768,1.1979639787847358
230.0,54.852866108970794,2.73857647335629,18.87556064944937,0.6854968841759084,0.23952915325915297,780.2715337430901,105.35553452991597,1.1977366250590977
230.0,54.86668152166896,2.7362721396018985,18.88361051007346,0.6853615558128172,0.2395071460011376,780.1257619212087,105.39953017092272,1.1975093661234717
230.0,54.8804928382881,2.7339689867418704,18.89165917476584,0.6852262274497258,0.23948517709646971,779.9799893773453,105.44353846794338,1.1972822019710512
230.0,54.89430006002508,2.7316670142977233,18.899706653820175,0.6850908990866347,0.23946324651560622,779.8342161075907,105.4875594324364,1.197055132591926
230.0,54.908103188074904,2.729366221807356,18.90775295723377,0.6849555707235433,0.23944135422907323,779.6884421080337,105.53159307588479,1.1968281579749418
230.0,54.92190222362496,2.727066608832466,18.91588009857245,0.6848202423604521,0.23941950020745217,779.5426673747511,105.57563940976044,1.1966012781116457
230.0,54.935697167875766,2.7247681748986694,18.92401119788873,0.6846849139973608,0.23939768442139306,779.396891903825,105.61969844557633,1.1963770595631265
230.0,54.94948802202322,2.7224709195396124,18.9321409949439,0.6845495856342696,0.23937590684159604,779.2511156913289,105.66377019483213,1.1961532085053712
230.0,54.96327478725769,2.7201748422751297,18.940269500140587,0.6844142572711783,0.23935416743883364,779.1053387333355,105.70785466905966,1.1959294465600911
230.0,54.977057464767995,2.717879942713157,18.948396724184718,0.6842789289080871,0.23933246618393544,778.9595610259101,105.75195187978908,1.1957057737262802
230.0,54.99083605574794,2.7155862203372343,18.95652267707836,0.6841436005449958,0.239310803047791,778.8137825651178,105.79606183856848,1.1954821900000456
230.0,55.004610561394315,2.7132936747321796,18.964647369586118,0.6840082721819045,0.23928917800135946,778.6680033470184,105.84018455696867,1.195258695381543
230.0,55.01838098290086,2.7110023054329404,18.972770811875122,0.6838729438188133,0.23926759101565118,778.522223367671,105.88432004656374,1.195035289862787
230.0,55.032147321453095,2.708712111933248,18.980893014442046,0.683737615455722,0.23924604206173997,778.3764426231261,105.92846831893819,1.1948119734471536
230.0,55.04590957824968,2.7064230938318468,18.9890139875833,0.6836022870926307,0.239224531110765,778.2306611094364,105.97262938569612,1.194588746130125
230.0,55.05966775446884,2.704135250651421,18.997133741818235,0.6834669587295394,0.23920305813392045,778.0848788226436,106.01680325844461,1.1943656079102405
230.0,55.07342185131222,2.701848581944114,19.005256845050397,0.6833316303664483,0.2391816231024674,777.9390957587907,106.0609899488129,1.1941425587817844
230.0,55.08717186996691,2.69956308721654,19.01343255210196,0.6831963020033569,0.23916022598772382,777.7933119139167,106.10518946844354,1.1939195987461686
230.0,55.100917811626196,2.6972787661304993,19.02160700662614,0.6830609736402657,0.23913886676106924,777.6475272840584,106.1494018289903,1.1936967277967285
230.0,55.114659677475245,2.694995618065225,19.0297802189465,0.6829256452771744,0.23911754539394914,777.5017418652442,106.19362704211834,1.193473945935735
230.0,55.128397468702794,2.692713642711767,19.037952199425277,0.6827903169140832,0.23909626185785304,777.3559556534994,106.2378651194932,1.193251253155479
230.0,55.14213118650146,2.69043283950584,19.046122958459925,0.6826549885509918,0.23907501612435123,777.2101686448547,106.28211607282358,1.1930286494583155
230.0,55.15586083205692,2.688153208100093,19.054292506511807,0.6825196601879007,0.23905380816506389,777.0643808353235,106.32637991380709,1.1928061348363648
230.0,55.169586406554956,2.685874747913178,19.062460853796523,0.6823843318248094,0.2390326379516671,776.9185922209228,106.37065665415214,1.1925837092915876
230.0,55.183307911195456,2.683597458637288,19.070661178805974,0.6822490034617181,0.2390115054559122,776.7728027976708,106.41494630560615,1.192361372818468
230.0,55.19702534715444,2.6813213397300517,19.07891444968547,0.6821136750986269,0.2389904106495942,776.6270125615708,106.45924887990014,1.1921391254157068
230.0,55.21073871561907,2.6790463907888307,19.087166393574698,0.6819783467355356,0.23896935350457327,776.4812215086287,106.50356438878808,1.1919169670792138
230.0,55.224448017785996,2.676772611302771,19.095417020889386,0.6818430183724443,0.23894833399278353,776.3354296348475,106.54789284405271,1.1916948978085504
230.0,55.23815325483098,2.6745000477945724,19.10366677486044,0.681707690009353,0.2389273520861943,776.1896369362253,106.59223425746563,1.1914729117900018
230.0,55.251854427941886,2.672228602777008,19.11191479336783,0.6815723616462619,0.2389064077568503,776.0438434087527,106.63658864082032,1.191251020754427
230.0,55.26555153830722,2.6699583259896817,19.120161526939246,0.6814370332831705,0.23888550097685785,775.8980490484226,106.68095600593504,1.1910292187749452
230.0,55.279244587120715,2.6676892169504716,19.12840698629772,0.6813017049200794,0.23886463171837252,775.7522538512238,106.72533636462765,1.1908075058499044
230.0,55.292933575550094,2.665421275225375,19.13665118187364,0.681166376556988,0.23884379995361368,775.6064578131338,106.76972972872599,1.1905858819744024
230.0,55.30661850479588,2.663154500359174,19.144894124339423,0.6810310481938968,0.23882300565486542,775.460660930137,106.81413611008877,1.1903643471482275
230.0,55.32029937603064,2.6608888919389675,19.153135824303433,0.6808957198308054,0.23880224879446332,775.3148631982035,106.85855552056842,1.1901429013639946
230.0,55.33397619044661,2.6586244494560898,19.161376292319915,0.6807603914677143,0.2387815293448073,775.1690646133092,106.90298797204466,1.1899215446232085
230.0,55.34764894922644,2.6563611725261462,19.169615538857432,0.680625063104623,0.23876084727835378,775.0232651714208,106.94743347640294,1.1897002769229905
230.0,55.361317653544916,2.65409906066738,19.17785357463452,0.6804897347415317,0.23874020256762088,774.8774648685014,106.9918920455465,1.189479098254851
230.0,55.37498230459586,2.651838113455459,19.186090409977176,0.6803544063784405,0.2387195951851842,774.7316637005098,107.03636369138681,1.1892580086201534
230.0,55.38864290356129,2.6495783304347276,19.194326055625154,0.6802190780153492,0.2386990251036753,774.5858616634079,107.08084842585274,1.1890370080157975
230.0,55.40229945161648,2.6473197111520235,19.20256052200495,0.6800837496522579,0.23867849229578716,774.4400587531435,107.12534626087985,1.1888160964348187
230.0,55.4159519499512,2.6450622551673186,19.210793819745568,0.6799484212891667,0.23865799673427585,774.2942549656689,107.16985720843286,1.1885952738762713
230.0,55.42960039973721,2.642805962021746,19.219025959132395,0.6798130929260754,0.2386375383919449,774.1484502969245,107.21438128046225,1.1883745403365769
230.0,55.443244802166,2.6405508312925035,19.22725835787199,0.6796777645629841,0.23861711724167217,774.0026447428578,107.25891848896455,1.188153895812511
230.0,55.45688515841089,2.6382968625412784,19.235575657524993,0.679542436199893,0.2385967332563798,773.8568382994006,107.30346884592471,1.187933340299944
230.0,55.47052146965586,2.636044055300507,19.243891672719514,0.6794071078368016,0.23857638640905382,773.7110309624896,107.34803236335037,1.1877147076452461
230.0,55.48415373708218,2.6337924090875022,19.252206414176932,0.6792717794737104,0.23855607667274184,773.5652227280565,107.39260905326685,1.1874971059263508
230.0,55.49778196186789,2.6315419235315067,19.260551616350067,0.679136451110619,0.23853580402054017,773.4194135920249,107.43719892770162,1.1872795877203264
230.0,55.51140614519529,2.629292598135907,19.268922923248237,0.6790011227475279,0.23851556842561852,773.2736035503193,107.48180199870892,1.187062153040261
230.0,55.52502628823996,2.62704443244764,19.277292922438917,0.6788657943844365,0.23849536986119033,773.1277925988558,107.52641827834407,1.1868448018832705
230.0,55.53864239217855,2.624797426085777,19.28566162436433,0.6787304660213453,0.23847520830053004,772.9819807335493,107.57104777868051,1.1866275342588624
230.0,55.5522544581978,2.622551578484471,19.294029040085967,0.6785951376582541,0.23845508371697396,772.8361679503148,107.61569051180828,1.1864103501646932
230.0,55.565862487467456,2.620306889305123,19.302395180197095,0.6784598092951628,0.2384349960839207,772.6903542450555,107.660346489829,1.186193249608986
230.0,55.5794664811717,2.6180633580671864,19.31076005540939,0.6783244809320715,0.23841494537481334,772.5445396136749,107.70501572485728,1.1859762325943384
230.0,55.59306644047737,2.615820984286107,19.319123676605017,0.6781891525689803,0.2383949315631631,772.3987240520734,107.74969822901471,1.1857592991222246
230.0,55.60666236657694,2.6135797675839867,19.327486054368542,0.678053824205889,0.23837495462253477,772.252907556147,107.79439401445168,1.1855424491977833
230.0,55.62025426063895,2.611339707478003,19.335847199472354,0.6779184958427977,0.23835501452655058,772.1070901217882,107.83910309331891,1.185325682823971
230.0,55.63384212383456,2.6091008035422467,19.344207122502766,0.6777831674797066,0.23833511124889567,771.9612717448822,107.88382547778679,1.1851090000070301
230.0,55.64742595735147,2.6068630552473953,19.352565834355765,0.6776478391166152,0.23831524476330465,771.8154524213173,107.92856118003934,1.1848924007466293
230.0,55.66100576235004,2.604626462211784,19.360923345526473,0.677512510753524,0.2382954150435705,771.6696321469666,107.97331021225926,1.1846758850494028
230.0,55.67458154001504,2.6023910240656827,19.3692796667121,0.6773771823904327,0.23827562206354938,771.5238109177126,108.01807258666993,1.1844594529181331
230.0,55.688153291525616,2.600156740186183,19.377634808681,0.6772418540273415,0.23825586579714983,771.3779887294273,108.06284831549132,1.1842431043554318
230.0,55.701721018050165,2.5979236102488548,19.38598878193224,0.6771065256642501,0.23823614621834116,771.2321655779797,108.10763741096336,1.1840268393665592
230.0,55.715284720760586,2.5956916337769487,19.39441576374039,0.676971197301159,0.23821646330114257,771.0863414592291,108.1524398853224,1.1838106579534333
230.0,55.72884440083459,2.5934608103175907,19.40285484411298,0.6768358689380677,0.23819681701963707,770.9405163690425,108.1972557508473,1.1835945601208244
230.0,55.74240005944252,2.591231139438045,19.411292630035874,0.6767005405749764,0.23817720734796166,770.7946903032748,108.24208501980928,1.1833785458737178
230.0,55.75595169776626,2.5890026206447274,19.419729132472384,0.6765652122118851,0.23815763426031042,770.6488632577805,108.2869277045044,1.1831626152130457
230.0,55.76949931696638,2.586775253583028,19.428164362246978,0.6764298838487939,0.23813809773093317,770.5030352284049,108.33178381722836,1.1829467681431887
230.0,55.78304291821964,2.584549037787703,19.436598330191813,0.6762945554857026,0.23811859773414196,770.3572062109962,108.37665337030705,1.1827310046704906
230.0,55.79658250269949,2.582323841747056,19.44503074451363,0.6761592271226113,0.23809913424429507,770.2113762013945,108.421536376069,1.182515323076151
230.0,55.810118071576056,2.5800999221719714,19.453462214932685,0.6760238987595202,0.23807970723581448,770.0655451954389,108.46643284686476,1.1822997268196058
230.0,55.823649626019524,2.5778771525407023,19.46189245548809,0.6758885703964288,0.23806031668317693,769.9197131889612,108.51134279504831,1.1820842141738888
230.0,55.83717716719963,2.575655532490515,19.470321477180477,0.6757532420333376,0.2380409625609194,769.7738801777914,108.55626623300124,1.1818687851466845
230.0,55.850700696293934,2.5734352172447053,19.478749692044133,0.6756179136702463,0.2380216448436248,769.6280461577568,108.60120317310292,1.1816534390236144
230.0,55.8642202144666,2.5712158949128665,19.487176311893627,0.6754825853071551,0.2380023635059409,769.4822111246762,108.64615362775825,1.1814381772370905
230.0,55.877735722889526,2.5689977209251595,19.495601745407946,0.6753472569440637,0.23798311852257678,769.3363750743719,108.69111760939278,1.1812229990768839
230.0,55.89124722272865,2.5667806947209177,19.504026003160718,0.6752119285809726,0.23796390986827703,769.1905380026536,108.73609513041936,1.1810079045490722
230.0,55.904754715157075,2.56456481608258,19.512492705104215,0.6750766002178813,0.23794473751786432,769.0446999053337,108.78108620329046,1.180792893654919
230.0,55.918258201340734,2.5623500843456397,19.52097445745732,0.67494127185479,0.23792560144620428,768.8988607782168,108.82609084046044,1.1805779663957285
230.0,55.931757682442296,2.560136499266532,19.52945499862578,0.6748059434916988,0.2379065016282182,768.7530206171039,108.87110905439374,1.1803631227792837
230.0,55.94525315964445,2.557924060379358,19.53793433949491,0.6746706151286075,0.23788743803889656,768.6071794177979,108.91614085759228,1.1801483628029807
230.0,55.95874463410012,2.5557127672795827,19.54641249085592,0.6745352867655162,0.2378684106532669,768.4613371760869,108.9611862625379,1.1799336864775414
230.0,55.972232106989324,2.5535026195441763,19.55496574781362,0.674399958402425,0.2378494194464273,768.3154938877674,109.00624528175638,1.179719599480727
230.0,55.985715579463914,2.5512936166991835,19.56352906417456,0.6742646300393337,0.2378304643935199,768.1696495486193,109.05131792776157,1.1795078076745023
230.0,55.99919505270496,2.5490857584443325,19.572091066010845,0.6741293016762424,0.23781154546974928,768.0238041544287,109.09640421310473,1.17929609415923
230.0,56.0126705278667,2.546879044200652,19.580651763995405,0.6739939733131513,0.2377926626503753,767.8779577009731,109.14150415033815,1.17908445894035
230.0,56.02614200612053,2.544673473709118,19.589211169749305,0.6738586449500599,0.23777381591071217,767.7321101840271,109.18661775203118,1.1788729020341744
230.0,56.03960948863186,2.542469046441,19.597769294084344,0.6737233165869687,0.23775500522612308,767.5862615993581,109.23174503075944,1.178661423444414
230.0,56.053072976559775,2.540265761986987,19.606326148062045,0.6735879882238773,0.23773623057203752,767.4404119427356,109.27688599912999,1.1784500231802173
230.0,56.06653247107849,2.53806361994143,19.614881742745226,0.6734526598607862,0.23771749192393157,767.2945612099232,109.32204066975197,1.178238701252037
230.0,56.07998797334604,2.5358626198661565,19.62343608940769,0.6733173314976948,0.23769878925733393,767.1487093966754,109.36720905524392,1.1780274576730907
230.0,56.09343948452033,2.533662761332748,19.631989199039424,0.6731820031346036,0.23768012254784351,767.0028564987459,109.4123911682495,1.1778162924494118
230.0,56.10688700577371,2.531464043902403,19.640541082379357,0.6730466747715124,0.23766149177109475,766.8570025118903,109.45758702142436,1.1776052055899222
230.0,56.120330538271816,2.5292664671809177,19.649091750939643,0.6729113464084211,0.23764289690279242,766.7111474318508,109.50279662743624,1.177394197106199
230.0,56.13377008316852,2.527070030689205,19.65764121536853,0.6727760180453298,0.2376243379186871,766.5652912543702,109.54801999896584,1.1771832670064597
230.0,56.1472056416253,2.5248747340349413,19.666189486804136,0.6726406896822386,0.23760581479458265,766.419433975185,109.5932571487037,1.17697241529814
230.0,56.160637214815395,2.5226805767916862,19.67473657651678,0.6725053613191473,0.2375873275063462,766.2735755900351,109.63850808937157,1.1767616419977012
230.0,56.174064803888726,2.52048755851385,19.683282494964125,0.672370032956056,0.23756887602988883,766.1277160946457,109.68377283368244,1.1765509471028095
230.0,56.18748841000765,2.518295678758839,19.691827253657365,0.6722347045929649,0.23755046034118543,765.9818554847418,109.72905139438086,1.1763403306348932
230.0,56.2009080343397,2.5161049370804682,19.700370863078483,0.6720993762298735,0.2375320804162606,765.8359937560496,109.77434378422036,1.1761297925959306
230.0,56.21432367803596,2.5139153330618687,19.708920646711114,0.6719640478667823,0.23751373623119193,765.6901309042836,109.81965001596699,1.175919332997476
230.0,56.22773534226484,2.5117268663346852,19.717549733931826,0.6718287195036909,0.23749542776211324,765.5442669251589,109.86497010239893,1.1757089518483286
230.0,56.241143028178584,2.5095395364319444,19.726177546749213,0.6716933911405998,0.23747715498521244,765.3984018143861,109.9103040563176,1.17549864915877
230.0,56.25454673694536,2.5073533429025203,19.734804096585606,0.6715580627775084,0.23745891787673606,765.2525355676713,109.95565189053646,1.1752884249384163
230.0,56.267946469712854,2.5051682853345736,19.74342939446609,0.6714227344144172,0.2374407164129744,765.1066681807149,110.0010136178721,1.1750782791968337
230.0,56.28134222764529,2.502984363278582,19.75205345138893,0.671287406051326,0.23742255057027867,764.9607996492128,110.04638925116424,1.1748682119387852
230.0,56.294734011897,2.50080157639869,19.76071412261291,0.6711520776882347,0.23740442032505318,764.8149299688625,110.09177880327165,1.1746582231808742
230.0,56.30812182363674,2.498619924122964,19.769396293009073,0.6710167493251434,0.23738632565375217,764.6690591353533,110.13718228706084,1.17444831292803
230.0,56.321505664010196,2.496439406153077,19.77807718638521,0.6708814209620522,0.2373682665328923,764.5231871443681,110.18259971541492,1.1742384811892042
230.0,56.33488553417586,2.49426002196429,19.78675681407214,0.6707460925989609,0.23735024293903403,764.3773139915874,110.22803110122321,1.1740287279774264
230.0,56.34826143529415,2.4920817712671908,19.795435187112098,0.6706107642358696,0.23733225484879383,764.2314396726912,110.27347645740582,1.173819053296602
230.0,56.36163336851731,2.489904653507907,19.80411231678582,0.6704754358727784,0.2373143022388497,764.0855641833508,110.31893579688551,1.173609457161232
230.0,56.375001335001066,2.487728668305128,19.812788214148206,0.6703401075096871,0.23729638508592185,763.9396875192364,110.3644091326015,1.1733999395771266
230.0,56.38836533590428,2.4855538152707326,19.821462890627046,0.6702047791465959,0.23727850336678935,763.793809676011,110.40989647750841,1.1731905005563728
230.0,56.40172537237629,2.4833800939403865,19.830136356926424,0.6700694507835045,0.23726065705828597,763.647930649338,110.4553978445796,1.1729811401028878
230.0,56.415081445574984,2.4812075039145594,19.838808624927772,0.6699341224204134,0.23724284613729346,763.5020504348703,110.5009132467915,1.1727718582330202
230.0,56.42843355665408,2.4790360447998494,19.84747970539067,0.669798794057322,0.23722507058075615,763.3561690282627,110.54644269714959,1.1725626549538575
230.0,56.44178170676492,2.476865716144397,19.85614960943159,0.6696634656942309,0.23720733036565772,763.2102864251627,110.59198620865874,1.1723535302703312
230.0,56.4551258970689,2.4746965174832303,19.864818348103586,0.6695281373311395,0.23718962546904968,763.0644026212192,110.63754379436284,1.1721454141674492
230.0,56.46846612870596,2.4725284484981387,19.87352847383998,0.6693928089680483,0.23717195586802378,762.9185176120643,110.68311546728779,1.1719391053280988
230.0,56.481802402834965,2.4703615087391597,19.88228270601271,0.669257480604957,0.23715432153973073,762.7726313933367,110.72870124049093,1.1717328698586282
230.0,56.49513472061172,2.4681956978215593,19.891035648255063,0.6691221522418658,0.23713672246138126,762.6267439606706,110.77430112705753,1.1715267077776033
230.0,56.50846308318265,2.4660310151980145,19.89978731146863,0.6689868238787745,0.23711915861022176,762.4808553096915,110.8199151400622,1.171320619102149
230.0,56.52178749169864,2.4638674605869038,19.908537707520196,0.6688514955156832,0.23710162996356526,762.3349654360227,110.86554329260674,1.1711146038454574
230.0,56.53510794731833,2.461705033552211,19.917286847751747,0.668716167152592,0.23708413649877197,762.1890743352836,110.91118559781128,1.1709086620247744
230.0,56.54842445118308,2.4595437336197197,19.92603474331515,0.6685808387895007,0.23706667819325722,762.0431820030908,110.95684206880586,1.1707027936552157
230.0,56.56173700444579,2.4573835604258223,19.93478140569748,0.6684455104264095,0.237049255024484,761.8972884350541,111.00251271873373,1.1704969987508849
230.0,56.57504560826056,2.4552245135159945,19.943526845938187,0.6683101820633182,0.23703186696997797,761.7513936267794,111.04819756076084,1.170291277326068
230.0,56.588350263767765,2.453066592561653,19.95227107604488,0.668174853700227,0.23701451400729992,761.6054975738695,111.0938966080457,1.1700856294003745
230.0,56.60165097212389,2.4509097970274714,19.961014106821004,0.6680395253371356,0.23699719611408357,761.4596002719226,111.13960987379629,1.1698800549865096
230.0,56.61494773446649,2.448754126639332,19.969755950088206,0.6679041969740445,0.23697991326799636,761.3137017165307,111.1853373712045,1.1696745541022069
230.0,56.62824055196211,2.4465995809145853,19.978496616496187,0.6677688686109531,0.23696266544677277,761.1678019032895,111.23107911349865,1.1694691267573891
230.0,56.64152942574531,2.4444461593675264,19.98723611729519,0.6676335402478619,0.2369454526281899,761.0219008277792,111.27683511390751,1.1692637729692155
230.0,56.65481435696602,2.442293861701455,19.995974464681655,0.6674982118847707,0.236928274790078,760.8759984855848,111.32260538568298,1.1690584927575085
230.0,56.66809534676693,2.440142687517312,20.004723723765878,0.6673628835216794,0.23691113191032367,760.7300948722796,111.36838994208715,1.1688532861331882
230.0,56.681372396306024,2.4379926362790028,20.013521125144464,0.6672275551585881,0.23689402396686576,760.5841899834405,111.4141887963997,1.1686481531114639
230.0,56.69464550671697,2.4358437076623973,20.022317334952973,0.6670922267954968,0.23687695093768493,760.4382838146329,111.46000196191203,1.1684430937135852
230.0,56.70791467915177,2.433695901302576,20.03111853025367,0.6669568984324056,0.23685991280082658,760.2923763614252,111.50582945193723,1.1682381079467024
230.0,56.72117991475225,2.431549216697182,20.04000036146963,0.6668215700693143,0.23684290953437973,760.1464676193724,111.55167127979531,1.1680331958263726
230.0,56.73444121467024,2.429403653545794,20.048880876644873,0.666686241706223,0.23682594111648977,760.0005575840365,111.59752745882982,1.1678283573715327
230.0,56.74769858003982,2.4272592112812172,20.057760087281984,0.6665509133431318,0.23680900752534717,759.8546462509639,111.64339800238605,1.1676235926004028
230.0,56.760952012012524,2.4251158896153195,20.066638004767576,0.6664155849800406,0.23679210873920664,759.7087336157044,111.68928292384287,1.1674189015232164
230.0,56.77420151172861,2.4229736881153454,20.07551464048411,0.6662802566169492,0.2367752447363551,759.5628196738018,111.73518223657518,1.1672142841504178
230.0,56.78744708033547,2.420832606367289,20.084390006314834,0.6661449282538581,0.23675841549515,759.4169044207954,111.7810959539902,1.1670097405051107
230.0,56.80068871896997,2.4186926439601866,20.093264113669186,0.6660095998907667,0.2367416209939887,759.2709878522182,111.82702408949608,1.1668052705984508
230.0,56.81392642878212,2.4165538005309997,20.102136974412822,0.6658742715276755,0.23672486121132919,759.1250699636023,111.87296665652894,1.166600874447969
230.0,56.82716021090224,2.4144160755884587,20.111008599621805,0.6657389431645842,0.236708136125663,758.9791507504717,111.91892366852107,1.166396552065183
230.0,56.840390066477134,2.412279468840324,20.119879001276196,0.665603614801493,0.2366914457155517,758.8332302083489,111.9648951389361,1.1661923034654316
230.0,56.85361599665374,2.410143979743068,20.128748190509913,0.6654682864384017,0.23667478995960328,758.6873083327531,112.01088108125856,1.1659881286670375
230.0,56.866838002571164,2.4080096080387787,20.13761617924161,0.6653329580753105,0.23665816883647264,758.541385119197,112.05688150897123,1.1657840276829559
230.0,56.88005608536273,2.405876353225871,20.146482978755333,0.6651976297122192,0.23664158232486338,758.3954605631873,112.10289643557414,1.165580000528809
230.0,56.89327024617262,2.4037442149507915,20.155348600417128,0.6650623013491279,0.23662503040353916,758.2495346602306,112.14892587459539,1.1653760472143972
230.0,56.906480486142115,2.401613192717622,20.164213055909713,0.6649269729860366,0.23660851305130587,758.1036074058268,112.19496983956574,1.165172248847019
230.0,56.91968680640667,2.399483286227925,20.17307635678536,0.6647916446229454,0.23659203024702632,757.9576787954711,112.24102834403492,1.1649710488263232
230.0,56.93288920811057,2.397354495015433,20.181938514167,0.6646563162598542,0.23657558196961057,757.8117488246592,112.28710140157798,1.1647699175397617
230.0,56.94608769238204,2.39522681871236,20.19079954010349,0.6645209878967628,0.23655916819802106,757.6658174888698,112.33318902575908,1.1645688550175277
230.0,56.95928226036794,2.3931002569924726,20.19973340206818,0.6643856595336717,0.2365427889112697,757.5198847835946,112.37929123019342,1.1643678612727009
230.0,56.97247291320063,2.3909748092749243,20.208680166376894,0.6642503311705803,0.23652644408841886,757.3739507043078,112.42540802848121,1.1641669363320217
230.0,56.98565965202436,2.3888504753248534,20.21762567468753,0.6641150028074891,0.2365101337085837,757.2280152464866,112.47153943425545,1.1639660802109408
230.0,56.9988424779661,2.386727254710953,20.22656993909537,0.6639796744443978,0.2364938577509304,757.082078405598,112.5176854611582,1.163765292936094
230.0,57.0120213921681,2.384605146933402,20.235512970413396,0.6638443460813066,0.23647761619466917,756.9361401771082,112.56384612284353,1.163564574520777
230.0,57.02519639576376,2.3824841516779363,20.24445478088641,0.6637090177182153,0.23646140901906829,756.7902005564794,112.61002143298869,1.1633639249885996
230.0,57.038367489885914,2.380364268600554,20.253421361041063,0.6635736893551241,0.23644523620343952,756.6442595391665,112.65621140527843,1.1631633443620197
230.0,57.05153467567489,2.3782454972829425,20.26242280939915,0.6634383609920328,0.23642909772715073,756.4983171206242,112.70241605342244,1.1629628326676427
230.0,57.0646979542619,2.376127837140093,20.27142299794204,0.6633030326289415,0.23641299356961443,756.3523732962991,112.74863539113359,1.1627623899116222
230.0,57.07785732678786,2.3740112880839987,20.28042193950419,0.6631677042658503,0.23639692371030596,756.2064280616377,112.79486943215971,1.1625620161251249
230.0,57.091012794371174,2.3718958495187574,20.289419645493517,0.663032375902759,0.23638088812872676,756.0604814120745,112.84111819023407,1.1623617113260134
230.0,57.10416435815461,2.3697815211145814,20.29841612748863,0.6628970475396677,0.23636488680445286,755.9145333430469,112.88738167913536,1.1621614755337755
230.0,57.117312019272,2.3676683024606673,20.30741139760128,0.6627617191765764,0.23634891971709987,755.7685838499862,112.93365991264375,1.1619613087747795
230.0,57.130455778859336,2.3655561932788993,20.316405467257084,0.6626263908134853,0.2363329868463304,755.6226329283187,112.9799529045573,1.1617612110621092
230.0,57.143595638033226,2.3634451930260254,20.325398348204494,0.6624910624503939,0.23631708817185618,755.4766805734624,113.02626066867829,1.1615611824202963
230.0,57.156731597947854,2.3613353013709957,20.334390052065316,0.6623557340873027,0.2363012236734528,755.3307267808426,113.07258321885875,1.1613612228708512
230.0,57.16986365971401,2.3592265179336445,20.343380590785927,0.6622204057242114,0.23628539333092824,755.1847715458641,113.11892056892032,1.161161332430887
230.0,57.18299182446845,2.3571188423954195,20.352369975891904,0.6620850773611202,0.23626959712414786,755.038814863937,113.16527273273057,1.1609615111239975
230.0,57.196116093346106,2.355012274227216,20.361427900234368,0.6619497489980288,0.23625383503302327,754.892856730467,113.21163972416198,1.1607617589692183
230.0,57.20923646746956,2.352906813169862,20.37050311078167,0.6618144206349377,0.23623810703752574,754.7468971408524,113.25802155711206,1.1605620759879505
230.0,57.22235294797473,2.3508024587882708,20.379577043873425,0.6616790922718464,0.23622241311766445,754.6009360904906,113.30441824548686,1.1603624621989597
230.0,57.23546553598851,2.348699210733506,20.388649711603374,0.6615437639087551,0.23620675325350318,754.4549735747701,113.35082980320716,1.1601629176280996
230.0,57.24857423263855,2.34659706855188,20.397721125549175,0.6614084355456639,0.2361911274251533,754.3090095890776,113.39725624421105,1.1599634422897007
230.0,57.26167903905146,2.3444960318853805,20.406791297876957,0.6612731071825726,0.23617553561277677,754.1630441287936,113.44369758244933,1.159764036209948
230.0,57.27477995635748,2.3423961004297666,20.415860240311087,0.6611377788194813,0.2361599777965842,754.0170771892965,113.490153831896,1.159564699403717
230.0,57.28787698568269,2.340297273691341,20.424927964915895,0.6610024504563901,0.23614445395683728,753.8711087659607,113.53662500653876,1.1593654318945934
230.0,57.30097012815073,2.338199551359376,20.43399448351788,0.6608671220932989,0.23612896407384293,753.7251388541513,113.58311112037434,1.159166233704268
230.0,57.31405938488707,2.3361029329349567,20.44305980766049,0.6607317937302075,0.23611350812795884,753.5791674492322,113.62961218741823,1.158967104850047
230.0,57.32714475703038,2.3340074181766868,20.452123949925145,0.6605964653671164,0.23609808609960106,753.4331945465701,113.67612822172009,1.158768045356721
230.0,57.34022624569408,2.3319130065959417,20.461186921530025,0.660461137004025,0.2360826979692142,753.2872201415107,113.7226592373078,1.1585693722123347
230.0,57.35330385200493,2.329819697927128,20.470248734665187,0.6603258086409338,0.2360673437173091,753.1412442294063,113.76920524825486,1.1583730045685348
230.0,57.366377577091605,2.327727491639131,20.479309401080414,0.6601904802778424,0.23605202332444145,752.9952668056062,113.81576626864477,1.1581767012949309
230.0,57.37944742207177,2.3256363875166355,20.488368932754497,0.6600551519147513,0.2360367367712118,752.8492878654484,113.86234231256948,1.157980462420364
230.0,57.3925133880765,2.3235463849206752,20.497444000692475,0.65991982355166,0.23602148403827344,752.7033074042714,113.90893339414487,1.157784287967947
230.0,57.40557547621973,2.321457483691343,20.506564079693696,0.6597844951885687,0.23600626510632577,752.557325417406,113.95553952749746,1.1575881779632295
230.0,57.418633687633125,2.3193696833136452,20.51568298429806,0.6596491668254775,0.2359910799561243,752.4113419001807,114.00216072677689,1.1573921324396823
230.0,57.43168802343577,2.3172829835354953,20.524881917801544,0.6595138384623862,0.2359759285684612,752.2653568479205,114.0487970061412,1.1571961514178144
230.0,57.44473848475158,2.3151973838885445,20.53408671159623,0.6593785100992949,0.23596081092418406,752.1193702559443,114.09544837976857,1.1570002349235766
230.0,57.45778507269509,2.313112883874019,20.54329020708761,0.6592431817362037,0.23594572700418515,751.9733821195613,114.14211486184168,1.1568043829822763
230.0,57.47082778839335,2.3110294832666165,20.552492416557257,0.6591078533731124,0.2359306767894122,751.8273924340843,114.1887964665805,1.1566085956248229
230.0,57.48386663296908,2.3089471816165847,20.561693352062708,0.6589725250100211,0.23591566026086294,751.6814011948206,114.23549320821745,1.1564128728744922
230.0,57.496901607540025,2.3068659785850687,20.570893025641368,0.65883719664693,0.2359006773995659,751.5354083970686,114.28220510097667,1.1562172147589482
230.0,57.509932713220714,2.3047858736756512,20.580091449329515,0.6587018682838386,0.23588572818661363,751.3894140361215,114.32893215911905,1.1560216213009535
230.0,57.52295995114118,2.302706866677779,20.589288635466282,0.6585665399207474,0.23587081260314735,751.2434181072765,114.37567439692619,1.155826092529202
230.0,57.535983322404924,2.30062895698499,20.59848459571892,0.658431211557656,0.2358559306303476,751.0974206058131,114.42243182867571,1.1556306284702609
230.0,57.54900282814011,2.298552144300412,20.6076793423753,0.6582958831945649,0.23584108224945136,750.9514215270189,114.46920446868154,1.1554352291473726
230.0,57.562018469468576,2.296476428311055,20.616872887562486,0.6581605548314735,0.2358262674417374,750.805420866169,114.51599233126389,1.1552398945902889
230.0,57.57503024750344,2.2944018085892135,20.626065243264712,0.6580252264683824,0.23581148618854006,750.6594186185408,114.56279543076874,1.1550446248203263
230.0,57.58803816335566,2.2923282847138897,20.63525642151275,0.6578898981052911,0.23579673847123103,750.5134147793958,114.60961378153594,1.1548494198671369
230.0,57.60104221815057,2.290255856350998,20.644446434363154,0.6577545697421998,0.23578202427123576,750.3674093440026,114.65644739794483,1.1546542797570054
230.0,57.614042413006125,2.2881845230473616,20.65363529382219,0.6576192413791085,0.23576734357003779,750.2214023076208,114.7032962943887,1.154459204514857
230.0,57.627038749025765,2.2861142845164593,20.662823011966694,0.6574839130160173,0.23575269634914697,750.0753936654992,114.75016048525328,1.1542641941644196
230.0,57.64003122733824,2.2840451402694866,20.672009600750776,0.657348584652926,0.23573808259013548,749.9293834128958,114.79703998497304,1.1540692487350332
230.0,57.65301984904475,2.2819770899623135,20.681214986706067,0.6572132562898347,0.2357235022746223,749.7833715450477,114.84393480797668,1.153874368248032
230.0,57.666004615272655,2.2799101333107843,20.690487796111782,0.6570779279267436,0.2357089553842694,749.6373580572025,114.89084496871897,1.1536795527362125
230.0,57.67898552712664,2.277844269782848,20.699759352486225,0.6569425995636522,0.2356944419007902,749.4913429445917,114.93777048166639,1.15348480222055
230.0,57.69196258572273,2.275779499050448,20.709029668134647,0.656807271200561,0.23567996180594805,749.3453262024481,114.98471136130887,1.1532901167274423
230.0,57.704935792179555,2.273715820723019,20.71829875527574,0.6566719428374697,0.23566551508154399,749.1993078260007,115.03166762214528,1.153095496280774
230.0,57.71790514760025,2.2716532344182787,20.727566626112257,0.6565366144743785,0.2356511017094377,749.053287810468,115.07863927869363,1.1529009409100408
230.0,57.73087065310493,2.269591739811658,20.73683329311902,0.6564012861112871,0.23563672167153174,748.907266151071,115.12562634549376,1.1527064506398452
230.0,57.743832309797405,2.2675313364556935,20.74614407481841,0.656265957748196,0.23562237494977042,748.761242843016,115.17262883707983,1.1525120254941
230.0,57.756790118798015,2.265472024001546,20.75547183981469,0.6561306293851047,0.23560806152616004,748.6152178815184,115.21964676804004,1.1523189962230937
230.0,57.76974408121206,2.26341380203745,20.764798360423384,0.6559953010220134,0.2355937813827358,748.4691912617789,115.26668015294828,1.152127202890818
230.0,57.782694198149294,2.2613566702420558,20.774123649058907,0.6558599726589222,0.23557953450159294,748.3231629789963,115.31372900640591,1.151935469808021
230.0,57.7956404707177,2.2593006282032824,20.78344771799163,0.6557246442958309,0.2355653208648712,748.1771330283608,115.36079334302443,1.1517437970086701
230.0,57.80858290002927,2.2572456755235173,20.792770579432148,0.6555893159327396,0.23555114045475817,748.0311014050664,115.40787317744814,1.1515521845225787
230.0,57.82152148719519,2.255191811878814,20.80209224568335,0.6554539875696483,0.23553699325348587,747.8850681042977,115.45496852432616,1.1513606323793917
230.0,57.83445623332202,2.253139036827716,20.811412728953236,0.6553186592065571,0.23552287924332943,747.7390331212328,115.50207939831719,1.1511691406119193
230.0,57.847387139515206,2.2510873500541413,20.82073204146193,0.6551833308434658,0.2355087984066248,747.592996451047,115.54920581411301,1.1509777092518845
230.0,57.860314206883984,2.249036751052738,20.830050195333683,0.6550480024803746,0.23549475072574172,747.4469580889115,115.59634778641293,1.1507863383271215
230.0,57.873237436539085,2.246987239698313,20.839367203133474,0.6549126741172833,0.23548073618309767,747.3009180299908,115.64350532992533,1.1505950278743633
230.0,57.88615682958305,2.24493881536032,20.848745616515064,0.6547773457541921,0.23546675476116716,747.1548762694468,115.69067845939371,1.1504037779198062
230.0,57.899072387116256,2.242891477804803,20.858148867652496,0.6546420173911007,0.23545280644246266,747.0088328024348,115.73786718956407,1.1502125884984675
230.0,57.9119841102568,2.2408452266273224,20.867550849338144,0.6545066890280096,0.23543889120954595,746.8627876241088,115.78507153520756,1.1500214596410496
230.0,57.924892000099945,2.238800061408892,20.87695157389023,0.6543713606649182,0.2354250090450243,746.7167407296128,115.83229151110174,1.1498303913742431
230.0,57.937796057756024,2.2367559818248197,20.886351053940572,0.654236032301827,0.23541115993155776,746.5706921140894,115.8795271320576,1.1496393837333767
230.0,57.95069628432304,2.2347129875385536,20.895749301993327,0.6541007039387358,0.23539734385183958,746.4246417726766,115.92677841288044,1.1494484367505218
230.0,57.963592680914175,2.2326710781089436,20.905146330348792,0.6539653755756445,0.23538356078862238,746.2785897005058,115.97404536840912,1.1492575504527411
230.0,57.97648524862595,2.230630253161682,20.914542151402145,0.6538300472125532,0.2353698107247038,746.1325358927073,116.02132801350311,1.149066724873738
230.0,57.98937398855738,2.2285905123205385,20.923936777737076,0.653694718849462,0.23535609364292087,745.9864803443999,116.06862636301814,1.148875960043618
230.0,58.00225890182212,2.226551855266043,20.93333022165902,0.6535593904863707,0.23534240952616342,745.8404230507056,116.11594043184874,1.1486852559943204
230.0,58.015139989516136,2.2245142816386974,20.94272249568389,0.6534240621232794,0.2353287583573679,745.6943640067369,116.16327023489517,1.1484946127574303
230.0,58.02801725273184,2.222477790977711,20.952113612174756,0.6532887337601883,0.23531514011950821,745.5483032075962,116.21061578706377,1.1483040303637577
230.0,58.040890692587865,2.220442382983292,20.96150358345315,0.6531534053970969,0.23530155479562048,745.4022406483971,116.25797710331368,1.1481135088416514
230.0,58.05376031017155,2.2184080572964087,20.970892422046948,0.6530180770340057,0.23528800236876762,745.256176324233,116.30535419857843,1.1479230482257567
230.0,58.06662610658489,2.2163748134697316,20.980280140199305,0.6528827486709143,0.23527448282207863,745.1101102301984,116.35274708783751,1.1477326485447432
230.0,58.079488082933125,2.2143426511966697,20.98971427217739,0.6527474203078232,0.23526099613871082,744.9640423613827,116.40015578607178,1.1475423098304218
230.0,58.09234624030739,2.2123115700832883,20.999163969509418,0.6526120919447318,0.23524754230188466,744.8179727128708,116.44758030829266,1.1473520321120283
230.0,58.105200579816255,2.210281569790433,21.008644368221006,0.6524767635816406,0.23523412129485147,744.6719012797433,116.49502066951926,1.1471618154212928
230.0,58.11805110254675,2.2082526499278163,21.018180445137872,0.6523414352185494,0.2352207331009161,744.5258280570738,116.54247688478277,1.1469716597929913
230.0,58.13089780912027,2.206224811604256,21.027715225612297,0.6522061068554581,0.23520737769852318,744.3797530396793,116.58994896573502,1.1467815652181035
230.0,58.14374070159957,2.204198051464697,21.03724872010484,0.6520707784923668,0.2351940550808956,744.2336762231314,116.63743693428307,1.1465919365729857
230.0,58.156579780596125,2.202172370699224,21.046780942560147,0.6519354501292756,0.23518076522654313,744.0875976022361,116.6849408020699,1.1464044202450077
230.0,58.16941504720338,2.2001477688879603,21.056311905624604,0.6518001217661843,0.23516750811896134,743.9415171720472,116.73246058421287,1.146216960235419
230.0,58.18224650252581,2.1981242456420107,21.06584162193595,0.651664793403093,0.2351542837416964,743.7954349276201,116.7799962958713,1.1460295565796623
230.0,58.19507414764725,2.1961018006601254,21.07537010405079,0.6515294650400018,0.2351410920783177,743.6493508639961,116.82754795215253,1.1458422093135658
230.0,58.20789798366316,2.194080433521113,21.084897364782563,0.6513941366769105,0.23512793311243488,743.5032649762155,116.87511556819551,1.1456549184759597
230.0,58.220718011685236,2.1920601439023555,21.09442341653297,0.6512588083138193,0.23511480682775568,743.3571772593197,116.92269915924746,1.1454676840965892
230.0,58.2335342327854,2.190040931379752,21.10394827204133,0.651123479950728,0.23510171320795079,743.2110877083329,116.97029874040828,1.1452805062189375
230.0,58.24634664807245,2.188022795649292,21.113471943979135,0.6509881515876368,0.23508865223682185,743.064996318286,117.0179143269691,1.1450933848755749
230.0,58.25915525862955,2.1860057363199994,21.12299444498719,0.6508528232245454,0.23507562389815934,742.9189030841991,117.06554593412604,1.1449063201036036
230.0,58.27196006555453,2.1839897530461676,21.132515787528853,0.6507174948614542,0.23506262817581916,742.7728080010884,117.11319357712532,1.1447193119388106
230.0,58.28476106993571,2.18197484545267,21.14203598423375,0.6505821664983629,0.2350496650536956,742.6267110639628,117.16085727121897,1.1445323604172608
230.0,58.29755827286012,2.1799610131214293,21.1515550477448,0.6504468381352717,0.2350367345157215,742.480612267827,117.20853703166719,1.1443454655771539
230.0,58.310351675431804,2.177948255806107,21.16107299070864,0.6503115097721804,0.2350238365459168,742.3345116076911,117.25623287383532,1.144158627452286
230.0,58.32314127873138,2.1759365730391966,21.17060606644978,0.6501761814090892,0.23501097112828678,742.188409078545,117.30394481297009,1.143971846079024
230.0,58.335927083849384,2.173925964491156,21.18021066475107,0.6500408530459979,0.2349981382469359,742.0423046753817,117.35167286445729,1.1437851214944426
230.0,58.348709091871086,2.171916429862288,21.18981401951408,0.6499055246829066,0.23498533788595846,741.8961983931839,117.39941704357743,1.1435984537319641
230.0,58.36148730389975,2.1699079686852576,21.199416143708135,0.6497701963198154,0.23497257002955388,741.7500902269406,117.44717736576162,1.143411842832236
230.0,58.37426172101326,2.167900580622229,21.209017049631242,0.6496348679567241,0.23495983466193412,741.6039801716263,117.49495384638891,1.1432252888281136
230.0,58.387032344297694,2.1658942521379796,21.218617432984267,0.6494995395936329,0.23494713176734144,741.4578682222086,117.54274650082056,1.1430387926575603
230.0,58.39979917483881,2.163889007806214,21.228236959275726,0.6493642112305416,0.23493446133008894,741.3117543736547,117.59055534448689,1.1428523525884922
230.0,58.412562213733494,2.1618848355586935,21.237899218869835,0.6492288828674504,0.23492182333453757,741.1656386209319,117.63838039285382,1.1426659695238637
230.0,58.4253214620617,2.1598817350167523,21.247560231113034,0.649093554504359,0.23490921776507723,741.0195209589921,117.68622166135718,1.142479643498227
230.0,58.43807692090876,2.157879705784309,21.257220008842232,0.6489582261412679,0.2348966446061446,740.8734013827883,117.73407916546286,1.1422933745511628
230.0,58.45082859136812,2.15587874755377,21.266878564986655,0.6488228977781765,0.23488410384223044,740.7272798872705,117.78195292067517,1.1421071627137338
230.0,58.463576474507825,2.1538788599346796,21.276535912304894,0.6486875694150853,0.23487159545786393,740.5811564673738,117.82984294248864,1.1419210080251672
230.0,58.476320571430996,2.1518800425566025,21.28619206363507,0.648552241051994,0.2348591194376197,740.4350311180399,117.87774924643861,1.1417349105216261
230.0,58.48906088320404,2.149882295118155,21.295847031796583,0.6484169126889028,0.23484667576611692,740.2889038341967,117.9256718480481,1.141548870237158
230.0,58.50179741093263,2.147885617201486,21.30550082961762,0.6482815843258115,0.23483426442803768,740.1427746107786,117.97361076293467,1.141362887208171
230.0,58.51453015567422,2.1458900084777093,21.315153469908296,0.6481462559627202,0.23482188540805987,739.9966434426987,118.02156600659528,1.1411769614719052
230.0,58.52725911853254,2.143895468606563,21.324804965400695,0.648010927599629,0.23480953869096483,739.8505103248801,118.06953759468837,1.1409933706386843
230.0,58.53998430057228,2.141901997213782,21.33447091010185,0.6478755992365377,0.2347972242615337,739.7043752522275,118.11752554278637,1.1408099664436384
230.0,58.55270570288673,2.139909593936355,21.34420915735423,0.6477402708734464,0.234784942104618,739.5582382196532,118.16552986654192,1.1406266148727935
230.0,58.565423326545435,2.137918258441887,21.353946137106924,0.6476049425103552,0.2347726922051042,739.4120992220555,118.21355058159465,1.1404433159652505
230.0,58.5781371726463,2.135927943926283,21.3636818803981,0.647469614147264,0.2347604745479393,739.2659582543345,118.2615877036508,1.1402600675033483
230.0,58.59084724225372,2.133938739965863,21.373416354347924,0.6473342857841726,0.23474828911807838,739.119815311377,118.30964124833717,1.1400768740202385
230.0,58.603553536455856,2.131950602772853,21.383149599755477,0.6471989574210815,0.23473613590056674,738.9736703880747,118.35771123141413,1.1398937333189192
230.0,58.61625605631992,2.129963531955814,21.392881629952925,0.6470636290579901,0.23472401488043637,738.8275234792998,118.40579766852916,1.1397106454481922
230.0,58.62895480293505,2.127977527196743,21.402612457836845,0.6469283006948989,0.2347119260428259,738.6813745799365,118.45390057547716,1.1395276104451115
230.0,58.6416497773803,2.125992582999688,21.41234210299138,0.6467929723318075,0.2346998693728821,738.5352236848544,118.50201996800928,1.1393446289671816
230.0,58.65434098073073,2.124008709143543,21.42207056509024,0.6466576439687164,0.23468784485581842,738.389070788921,118.55015586191875,1.1391616998268834
230.0,58.667028414053696,2.1220259002690134,21.431797863804178,0.6465223156056251,0.23467585247684786,738.2429158869908,118.59830827293653,1.1389788236782585
230.0,58.67971207843758,2.1200441559189844,21.44152401193024,0.6463869872425339,0.2346638922212839,738.0967589739241,118.64647721693056,1.138796000567553
230.0,58.69239197495997,2.1180634758671335,21.45124902256844,0.6462516588794426,0.23465196407445224,737.9506000445741,118.69466270971775,1.138613230528089
230.0,58.70506810468465,2.1160838597090463,21.460972908109206,0.6461163305163513,0.2346400680217269,737.8044390937803,118.74286476713885,1.1384305136015507
230.0,58.71774046868317,2.1141053070900453,21.470724839164927,0.64598100215326,0.23462820404850504,737.6582761163822,118.79108340501132,1.138247849838405
230.0,58.730409068046065,2.1121278176914027,21.48051213676208,0.6458456737901688,0.2346163721402915,737.5121111072223,118.83931863930562,1.13806523926556
230.0,58.74307390383475,2.1101512694848226,21.490298214484163,0.6457103454270776,0.2346045722825628,737.3659440611225,118.88757048585411,1.1378826854536148
230.0,58.755734977136406,2.108175905048783,21.5001129543555,0.6455750170639862,0.23459280446090075,737.2197749729165,118.93583896064219,1.1377001814491357
230.0,58.76839228900112,2.106201602817325,21.5099859102981,0.6454396887008951,0.2345810686608664,737.073603837415,118.98412407952988,1.1375177307624709
230.0,58.781045840517876,2.104228362110443,21.519857574373653,0.6453043603378037,0.234569364868128,736.9274306494377,119.03242585853803,1.1373353334437448
230.0,58.79369563275986,2.102256182173532,21.5297279556874,0.6451690319747125,0.23455769306835805,736.7812554037944,119.08074431360906,1.137152989564773
230.0,58.80634166678943,2.1002851333160018,21.539597358952584,0.6450337036116212,0.23454605324728114,736.6350780952883,119.12907946073935,1.1369706963580357
230.0,58.81898394368037,2.0983150118344955,21.549464985223445,0.64489837524853,0.23453444539067367,736.488898718717,119.17743131594405,1.1367884618692439
230.0,58.83162246450707,2.096346014610907,21.559331616638538,0.6447630468854387,0.23452286948434764,736.342717268876,119.22579989524728,1.1366062784206357
230.0,58.84425723032743,2.094378078066321,21.569197027929427,0.6446277185223475,0.23451132551417134,736.1965337405513,119.27418521470925,1.1364241485087372
230.0,58.85688824222423,2.0924112015303304,21.57906122898423,0.6444923901592562,0.23449981346603627,736.0503481285307,119.32258729038288,1.1362420721916826
230.0,58.869515501256735,2.0904453844699815,21.588924232904937,0.6443570617961649,0.23448833332589034,735.9041604275887,119.37100613834663,1.136060049515382
230.0,58.882139008493574,2.0884806264788436,21.59878605242755,0.6442217334330737,0.23447688507972625,735.7579706324988,119.41944177471808,1.1358799702685458
230.0,58.89475876500823,2.0865169272757957,21.608646700267705,0.6440864050699824,0.23446546871357626,735.6117787380296,119.46789421560308,1.1357004190857356
230.0,58.90737477186896,2.084554286508831,21.61850619055322,0.6439510767068911,0.2344540842135249,735.4655847389463,119.51636347716811,1.1355209169813136
230.0,58.91998703012354,2.082592703798689,21.628364535586613,0.6438157483437998,0.23444273156567028,735.3193886299979,119.56484957551746,1.1353414639899986
230.0,58.93259554086663,2.080632030273013,21.63823054655189,0.6436804199807087,0.23443141075621673,735.1731904059484,119.61335252691337,1.1351626103912553
230.0,58.945200305143146,2.0786577410675555,21.648105166301605,0.6435450916176173,0.2344201217713302,735.0269900615347,119.66187234746566,1.134983663855422
230.0,58.9578013240204,2.076716053803948,21.65793022684673,0.6434097632545261,0.23440886459727725,734.8807875915015,119.71040905341836,1.1348032581030671
230.0,58.970398598568366,2.074758285340197,21.667843739290582,0.6432744348914348,0.23439763922036075,734.7345829905868,119.75896266102013,1.1346241551828562
230.0,58.98299212984376,2.0728020727032517,21.677790885546976,0.6431391065283436,0.23438644562689434,734.5883762535161,119.80753318647366,1.134444896666753
230.0,58.9955819189199,2.0708444535176365,21.687726080906216,0.6430037781652522,0.23437528380328873,734.4421673750234,119.8561206461078,1.134265781190583
230.0,59.00816796685278,2.0688915044971368,21.697669531823088,0.6428684498021611,0.23436415373595712,734.2959563498246,119.90472505619236,1.1340866402200893
230.0,59.020750274698514,2.066938746671289,21.707611176314327,0.6427331214390698,0.23435305541135304,734.1497431726309,119.95334643299365,1.1339075685121145
230.0,59.03332884353213,2.064986450925744,21.71761425016907,0.6425977930759785,0.23434198881600454,734.0035278381591,120.00198479288306,1.133728568361175
230.0,59.04590367440507,2.063035004045717,21.727598079423263,0.6424624647128873,0.23433095393645165,733.85731034111,120.05064015217727,1.1335496019698832
230.0,59.05847476838201,2.061083618452402,21.737630634870797,0.642327136349796,0.23431995075929868,733.711090676184,120.09931252724607,1.133370644986064
230.0,59.07104212652393,2.059136014261871,21.747619999531146,0.6421918079867047,0.23430897927119007,733.5648688380753,120.14800193448772,1.1331918421269764
230.0,59.08360574989237,2.057189145418492,21.75762056852108,0.6420564796236135,0.2342980394588102,733.4186448214728,120.19670839029433,1.1330130129253377
230.0,59.09616563953422,2.055242389461424,21.767615023084822,0.6419211512605223,0.23428713130886816,733.2724186210569,120.24543191105978,1.1328342953970263
230.0,59.10872179652199,2.0532978554844523,21.777588336546508,0.6417858228974309,0.23427625480814512,733.12619023151,120.29417251324291,1.1326559052848306
230.0,59.12127422190726,2.0513480722191164,21.787481352297313,0.6416504945343398,0.23426540994345205,732.9799596474999,120.34293021329465,1.1324782179858133
230.0,59.133822916739064,2.049407002142688,21.797597360019473,0.6415151661712484,0.23425459670163037,732.8337268636932,120.3917050276646,1.1322983660421828
230.0,59.14636788208589,2.0474659512589723,21.807591934770016,0.6413798378081572,0.23424381506959416,732.6874918747566,120.44049697288165,1.1321197805876109
230.0,59.15890911900699,2.0455222001817766,21.81759010871287,0.6412445094450658,0.2342330650342906,732.541254675346,120.48930606547138,1.1319411057316353
230.0,59.171446628551486,2.0435832061461334,21.827597772820816,0.6411091810819747,0.2342223465826821,732.3950152601117,120.53813232192124,1.1317631142813065
230.0,59.183980411770044,2.0416446278119444,21.837673526317936,0.6409738527188834,0.23421165970180882,732.2487736236973,120.58697575881054,1.1315846725567484
230.0,59.19651046972528,2.0397055552666266,21.84777003913888,0.6408385243557921,0.23420100437873026,732.1025297607449,120.63583639268828,1.131407434360071
230.0,59.209036803463626,2.0377688463312515,21.857859602085163,0.6407031959927009,0.23419038060056527,731.9562836658874,120.6847142401565,1.131230645677703
230.0,59.22155941404745,2.035829620977106,21.86791765663652,0.6405678676296096,0.23417978835446737,731.8100353337575,120.73360931782707,1.1310508601735787
230.0,59.24659346995078,2.0319626002863838,21.88804156178137,0.6402972109034271,0.23415869840729137,731.5175319361693,120.83145123026547,1.1306992920869525
230.0,59.259104917375666,2.030027730427675,21.898145926552026,0.6401618825403358,0.2341482006807327,731.3712768599414,120.88039809833897,1.130520029977626
230.0,59.27161264584437,2.028097258009968,21.908212023492297,0.6400265541772445,0.23413773443528568,731.2250195249026,120.92936226322762,1.1303443843017156
230.0,59.28411665641427,2.0261646243862628,21.918278421815913,0.6398912258141534,0.23412729965831525,731.0787599256569,120.9783437416381,1.1301687644744636
230.0,59.29661695013545,2.0242364085327718,21.928342625488632,0.639755897451062,0.23411689633722757,730.9324980568014,121.02734255028199,1.1299937023002191
230.0,59.3091135280589,2.02230688081307,21.93840584191401,0.6396205690879708,0.2341065244594777,730.7862339129268,121.07635870590488,1.1298182827265046
230.0,59.32160639122903,2.0204153470214714,21.94842511956262,0.6394852407248794,0.23409618401255342,730.6399674886193,121.12539222525425,1.1296418710055163
230.0,59.33409554070249,2.018452407336041,21.958529375723394,0.6393499123617883,0.23408587498401603,730.493698778463,121.17444312515887,1.1294678446410906
230.0,59.34658097752027,2.0165274965419218,21.968599519812813,0.6392145839986969,0.23407559736140812,730.3474277770264,121.22351142233954,1.1292927052581305
230.0,59.35906270272791,2.0146015706634586,21.978744452940767,0.6390792556356057,0.2340653511323732,730.201154478883,121.27259713366428,1.1291176397554115
230.0,59.37154071737781,2.0126780833932143,21.98895009340627,0.6389439272725145,0.23405513628457447,730.0548788785984,121.32170027596491,1.1289424860698232
230.0,59.38401502251066,2.0107557130992695,21.999164127508465,0.6388085989094232,0.23404495280569973,729.9086009707262,121.37082086605896,1.1287675254785
230.0,59.40895250842087,2.0069199255026686,22.01948025529917,0.6385379421832407,0.23402467990582784,729.6160382104407,121.46911445729305,1.1284164198524869
230.0,59.42141569129497,2.004993228353221,22.029793930892573,0.6384026138201494,0.2340145904604423,729.4697533471181,121.51828749222699,1.1282427930972105
230.0,59.43387516882062,2.003075169937564,22.040005075381067,0.6382672854570581,0.23400453233522586,729.323466154384,121.56747804255713,1.1280679912817149
230.0,59.446330942067654,2.0011577711951984,22.050206010910216,0.638131957093967,0.23399450551812864,729.1771766267829,121.61668612532493,1.1278932619780417
230.0,59.45878301206432,1.9992418966674457,22.060411620124054,0.6379966287308756,0.23398450999709336,729.0308847588338,121.66591175746471,1.1277185710245596
230.0,59.48367604647547,1.9954115123027756,22.080830590824995,0.637725972004693,0.23396461279523484,728.7382939799626,121.76441573778436,1.1273691006995448
230.0,59.50855428040862,1.9915905344206923,22.101221166553774,0.6374553152785105,0.23394484063419743,728.4456937738753,121.86299011976861,1.1270202382375283
230.0,59.520987849789485,1.9896759370141366,22.11141926416154,0.6373199869154194,0.2339350014143135,728.2993901218757,121.91230375398442,1.1268458364244303
230.0,59.53341772216164,1.987766318814331,22.12162037904759,0.6371846585523281,0.23392519341912232,728.1530840965632,121.96163503979348,1.1266713494380056
230.0,59.54584389858142,1.985870121405204,22.131834228443243,0.6370493301892368,0.23391541663689897,728.0067756924344,122.01098399436376,1.126496214397528
230.0,59.558266380073725,1.9839492029702188,22.14210737460548,0.6369140018261455,0.23390567105590884,727.8604649039588,122.06035063475964,1.1263224309622997
230.0,59.570685167679414,1.9820402928528977,22.152402019430237,0.6367786734630543,0.23389595666449972,727.7141517256174,122.10973497814518,1.12614839133186
230.0,59.583100262432474,1.9801348433506594,22.162684710376638,0.636643345099963,0.2338862734510532,727.5678361518783,122.1591370417061,1.1259741249271946
230.0,59.59551166537553,1.9782299910798469,22.172967303633612,0.6365080167368717,0.23387662140398485,727.4215181772073,122.20855684261353,1.1258008535706943
230.0,59.60791937754467,1.9763258704873008,22.183243792490302,0.6363726883737805,0.2338670005117638,727.2751977960627,122.25799439808995,1.1256292035829165
230.0,59.620323399969784,1.9744241257177102,22.193518577631757,0.6362373600106892,0.23385741076288402,727.1288750028964,122.30744972534522,1.1254575348374718
230.0,59.632723733685914,1.9725220106578782,22.20381063583568,0.636102031647598,0.23384785214588671,726.982549792157,122.35692284161634,1.125285263017796
230.0,59.645120379736426,1.9706208218612675,22.21408998859888,0.6359667032845067,0.23383832464937462,726.836222158287,122.40641376420655,1.1251134847956215
230.0,59.65751333914108,1.968722804994341,22.22437876073758,0.6358313749214155,0.23382882826196053,726.6898920957173,122.45592251036346,1.1249421135113753
230.0,59.66990261294045,1.9668226394299755,22.234719094390687,0.6356960465583241,0.2338193629723117,726.5435595988824,122.50544909739578,1.1247703717580968
230.0,59.68228820217006,1.9649256734394627,22.24504157816176,0.635560718195233,0.23380992876915535,726.3972246622101,122.55499354265643,1.1245985453018348
230.0,59.69467010786295,1.9630270631090536,22.255396538096242,0.6354253898321416,0.2338005256412529,726.2508872801178,122.60455586351101,1.1244271099514607
230.0,59.70704833104469,1.961132732496193,22.265717906571947,0.6352900614690504,0.23379115357736774,726.104547447016,122.65413607725563,1.1242555014462507
230.0,59.719422872746286,1.9592372751423668,22.2760670313558,0.6351547331059592,0.2337818125663541,725.9582051573141,122.70373420132066,1.124084084471948
230.0,59.73179373399995,1.9573467009479755,22.286376407025422,0.6350194047428679,0.2337725025970827,725.8118604054149,122.75335025310018,1.1239126191546158
230.0,59.74416091583796,1.9554482799787527,22.29676338906328,0.6348840763797766,0.23376322365847962,725.6655131857148,122.80298425002647,1.123741241083334
230.0,59.75652441928588,1.9535602805680414,22.307185659075635,0.6347487480166853,0.23375397573950402,725.5191634926045,122.8526362095503,1.1235699626641018
230.0,59.7688842453742,1.9516652992855503,22.31761588293168,0.6346134196535941,0.23374475882915577,725.3728113204687,122.90230614912556,1.123398717647977
230.0,59.78124039512537,1.9497795857061069,22.32803091567841,0.6344780912905028,0.2337355729164616,725.2264566636858,122.95199408621495,1.1232274474463035
230.0,59.793592869574354,1.9478898917181768,22.338452792086052,0.6343427629274117,0.2337264179905345,725.0800995166295,123.00170003837657,1.123056187733174
230.0,59.80594166974455,1.9460055505400944,22.348871287145894,0.6342074345643203,0.23371729404048958,724.9337398736693,123.05142402311117,1.122885228581582
230.0,59.818286796664076,1.9441168899372094,22.359289974564945,0.6340721062012291,0.23370820105548454,724.7873777291665,123.10116605795561,1.1227139377071997
230.0,59.83062825134807,1.9422339243884392,22.369706774166687,0.6339367778381377,0.2336991390247184,724.6410130774743,123.15092616045257,1.1225429644930514
230.0,59.84296603483707,1.9403542790589259,22.380118196611896,0.6338014494750466,0.2336901079374698,724.4946459129505,123.20070434825061,1.122372010631702
230.0,59.85530014814958,1.9384629727969243,22.390537295793393,0.6336661211119552,0.2336811077830148,724.3482762299338,123.25050063892553,1.122200313755207
230.0,59.867630592304465,1.9365832184525393,22.400951153980458,0.633530792748864,0.23367213855067517,724.2019040227641,123.30031505007933,1.1220301366959613
230.0,59.87995736832969,1.9347028303618876,22.411363303656362,0.6333954643857728,0.23366320022983322,724.0555292857767,123.35014759938802,1.1218591629165664
230.0,59.89228047724493,1.9328223426327271,22.421775084702347,0.6332601360226815,0.23365429280989816,723.909152013297,123.39999830450523,1.1216882774533679
230.0,59.90459992008179,1.930940930320636,22.432186361098196,0.6331248076595902,0.23364541628034158,723.7627721996519,123.44986718315732,1.1215172415589905
230.0,59.91691569784678,1.9290640558481948,22.4425900105621,0.632989479296499,0.23363657063063303,723.6163898391479,123.49975425298868,1.1213478424534684
230.0,59.929227811568005,1.9271885452487265,22.453000177828372,0.6328541509334077,0.23362775585032067,723.4700049261021,123.54965953175513,1.1211797981594414
230.0,59.94153626226775,1.9253138158674008,22.463671136380974,0.6327188225703164,0.23361897192898715,723.323617454817,123.59958303722058,1.121014575867155
230.0,59.95384105095647,1.9234443405417943,22.474010427084146,0.6325834942072251,0.2336102188562364,723.1772274195897,123.64952478711692,1.1208437650014746
230.0,59.96614217866786,1.9215677815430359,22.484573905255154,0.6324481658441339,0.2336014966217504,723.030834814716,123.69948479927932,1.1206752134741556
230.0,59.97843964640692,1.9196905042248336,22.49512606997113,0.6323128374810427,0.23359280521520756,722.8844396344791,123.74946309147386,1.1205062239353445
230.0,59.99073345519729,1.9178191724355174,22.50568627638895,0.6321775091179513,0.2335841446263621,722.7380418731611,123.7994596815565,1.1203379798658148
230.0,60.00302360605799,1.9159474202107853,22.516269037364488,0.6320421807548602,0.23357551484499084,722.5916415250383,123.84947458736563,1.120170382320098
230.0,60.01531010000393,1.9140790770139853,22.526808538693285,0.6319068523917688,0.23356691586092904,722.4452385843805,123.89950782680029,1.1200017568177965
230.0,60.027592938050404,1.9122098954911741,22.537362132413485,0.6317715240286776,0.23355834766402084,722.29883304545,123.94955941771245,1.119833534936106
230.0,60.03987212120883,1.910342871035818,22.54790505848625,0.6316361956655863,0.23354981024417648,722.152424902501,123.99962937801328,1.1196653563219248
230.0,60.05214765049793,1.9084753370216996,22.558465246606758,0.6315008673024951,0.2335413035913513,722.0060141497901,124.04971772567272,1.119497353434386
230.0,60.06441952692844,1.9066095039343418,22.5690190673823,0.6313655389394038,0.23353282769551628,721.8596007815574,124.09982447859763,1.1193293503181523
230.0,60.07668775152356,1.9047449890209185,22.57957138314153,0.6312302105763126,0.23352438254672078,721.7131847920499,124.14994965481353,1.1191613871840609
230.0,60.08895232528262,1.902882932702884,22.590123676539065,0.6310948822132213,0.23351596813501002,721.5667661754961,124.20009327227186,1.1189934687610306
230.0,60.10121324922815,1.9010181594553255,22.60066837202505,0.63095955385013,0.2335075844505007,721.4203449261265,124.25025534900463,1.1188256105556726
230.0,60.12572415171147,1.8972965320223973,22.621772328335688,0.6306888971239475,0.2334909092237237,721.127494505818,124.35063495245522,1.11849000905878
230.0,60.13797413227186,1.8954369292261959,22.632400417906894,0.6305535687608563,0.23348261766186587,720.9810653233052,124.40085251528473,1.1183221106792764
230.0,60.15022046705961,1.893575709303599,22.64303936200588,0.630418240397765,0.23347435678805833,720.8346334848293,124.45108860967144,1.1181543735275299
230.0,60.16246315707974,1.8917205870796234,22.65367541385458,0.6302829120346738,0.2334661265925991,720.688198984587,124.50134325371019,1.1179868479141268
230.0,60.174702203345525,1.8898653810459576,22.66430912909683,0.6301475836715824,0.23345792706584567,720.5417618167722,124.55161646555563,1.1178193094482238
230.0,60.186937606862784,1.8880025932838398,22.67494331998467,0.6300122553084913,0.23344975819818034,720.3953219755705,124.60190826334771,1.1176514869452598
230.0,60.1991693686346,1.886154737664574,22.68556655542922,0.6298769269453999,0.23344161998004248,720.2488794551597,124.65221866527072,1.1174839487807908
230.0,60.21139748967178,1.8843035006090592,22.69620348439319,0.6297415985823087,0.2334335124019059,720.102434249717,124.70254768953977,1.1173168806362035
230.0,60.22362197098397,1.882436960911485,22.70686639432983,0.6296062702192174,0.23342543545428124,719.9559863534112,124.75289535436535,1.117150878501408
230.0,60.23584281356789,1.8805995195795884,22.717480424249032,0.6294709418561262,0.23341738912772259,719.8095357604017,124.80326167799517,1.116983993697535
230.0,60.26027358659334,1.8769024055430392,22.738893939554302,0.6292002851299436,0.23340138830023796,719.5166264609036,124.90405037478163,1.1166552382502672
230.0,60.272483519033194,1.8750497567141151,22.749573345125995,0.6290649567668524,0.23339343378059968,719.3701677427028,124.9544727844832,1.1164898609833038
230.0,60.28468981677033,1.8732024233807139,22.760282388946017,0.6289296284037611,0.23338550984466086,719.2237063043926,125.00491392620182,1.1163250351092926
230.0,60.29689248079367,1.8713585849659176,22.77097016193244,0.6287943000406698,0.23337761648314978,719.0772421401007,125.05537381823733,1.1161600196582204
230.0,60.30909151212141,1.8695086334713535,22.7817159495687,0.6286589716775786,0.23336975368689838,718.9307752439581,125.10585247902152,1.1159953404926997
230.0,60.32128691174321,1.8676667147545083,22.792405621065733,0.6285236433144874,0.2333619214467014,718.7843056100811,125.15634992687335,1.1158298096522057
230.0,60.333478680663035,1.8658236802821742,22.803183577478784,0.628388314951396,0.23335411975345785,718.6378332325842,125.20686618023922,1.1156647979473648
230.0,60.34566681987554,1.863984337560213,22.813951041197953,0.6282529865883049,0.23334634859808023,718.4913581055744,125.25740125755276,1.1155002078918057
230.0,60.357851330379546,1.8621408749485384,22.82472978990733,0.6281176582252135,0.233338607971507,718.3448802231532,125.30795517722542,1.1153352169010131
230.0,60.370032213191095,1.8603003279845565,22.835501699886322,0.6279823298621223,0.23333089786478292,718.1983995794258,125.35852795784407,1.1151705398167795
230.0,60.38220946928479,1.8584530321744936,22.84622455888784,0.6278470014990309,0.23332321826889174,718.0519161684695,125.40911961777934,1.115004339924672
230.0,60.39438309967652,1.8566241689590792,22.857040391616938,0.6277116731359398,0.23331556917494783,717.9054299843765,125.45973017564131,1.1148410551897887
230.0,60.406553105345964,1.854784959800278,22.867806321920106,0.6275763447728485,0.23330795057404097,717.7589410212188,125.51035964990254,1.1146759226597671
230.0,60.41871948730066,1.8529461343042617,22.878578238628172,0.6274410164097572,0.233300362457351,717.6124492730714,125.56100805917362,1.1145120737488803
230.0,60.43088224653356,1.8511151134814798,22.88933821893606,0.627305688046666,0.2332928048160532,717.4659547339993,125.61167542199598,1.1143461807861796
230.0,60.44304138403319,1.8492812591042649,22.900085708743028,0.6271703596835747,0.23328527764140186,717.3194573980577,125.66236175699763,1.1141838673638726
230.0,60.45519690080196,1.8474502847840573,22.910872550205305,0.6270350313204834,0.23327778092466875,717.1729572593067,125.71306708280578,1.1140178767264621
230.0,60.46734879782744,1.8456145930579837,22.921630459223444,0.6268997029573922,0.23327031465716314,717.0264543117869,125.76379141803952,1.1138542727606506
230.0,60.479497076104956,1.8437863600670694,22.932388762213307,0.626764374594301,0.23326287883025199,716.8799485495422,125.81453478138886,1.1136900365559061
230.0,60.49164173662782,1.8419549000873268,22.94329468358765,0.6266290462312096,0.23325547343533376,716.7334399666086,125.86529719155536,1.1135281847564842
230.0,60.50378278038435,1.8401277710648394,22.95416795879987,0.6264937178681185,0.23324809846384614,716.5869285570104,125.91607866723594,1.1133630002369153
230.0,60.52805402155861,1.836472830520731,22.975839633332882,0.6262230611419359,0.23323343975706468,716.293897233907,126.01769889001648,1.1130367684571252
230.0,60.54018422096103,1.834645572139488,22.98670665179604,0.6260877327788446,0.2332261560048687,716.1473773084319,126.06853767470056,1.1128717972247204
230.0,60.56443378233202,1.8310029800756553,23.00848217637668,0.6258170760526621,0.23321167966082496,715.8543288996442,126.17027268457025,1.1125468248602324
230.0,60.576553146276545,1.8291743916171177,23.019489348953513,0.6256817476895709,0.23320448705228736,715.7078004043216,126.22116894741824,1.1123874098461943
230.0,60.58866890037268,1.8273571646900906,23.030407811483478,0.6255464193264796,0.2331973248083453,715.5612690403605,126.27208440734036,1.1122257117412324
230.0,60.60078104562223,1.8255338613027465,23.041304676109533,0.6254110909633883,0.23319019292077112,715.4147348017447,126.3230190832613,1.1120633582100128
230.0,60.61288958299085,1.8237138642436155,23.052224199011164,0.625275762600297,0.23318309138133408,715.2681976824413,126.37397299402458,1.1119015523369407
230.0,60.62499451346665,1.8218914728293876,23.06308543348426,0.6251404342372058,0.23317602018188419,715.1216576764153,126.42494615859063,1.1117391910357468
230.0,60.637095838049355,1.820075993907726,23.074018548992015,0.6250051058741145,0.23316897931429637,714.9751147776341,126.47593859591377,1.1115776437388922
230.0,60.649193557708266,1.8182560656474087,23.084936685262164,0.6248697775110232,0.23316196877049217,714.8285689800487,126.52695032497553,1.111415818807382
230.0,60.66128767342702,1.8164496567400086,23.095870145246025,0.6247344491479321,0.23315498854239974,714.6820202776,126.57798136470518,1.1112536688919494
230.0,60.673378186190725,1.8146317181941356,23.106704439527213,0.6245991207848407,0.23314803862203487,714.5354686642359,126.62903173417585,1.1110926311530478
230.0,60.68546509698235,1.8128176237735067,23.11770097348696,0.6244637924217495,0.23314111900143994,714.388914133892,126.68010145243132,1.1109310838178887
230.0,60.70962811656572,1.809193197078283,23.139565077538983,0.624193135695567,0.23312737062782005,714.0957962979612,126.78229901142038,1.110606303273237
230.0,60.74584565563097,1.803758352347596,23.172641218174984,0.6237871506062932,0.23310697511867196,713.6560975147083,126.93574094275947,1.1101237809516187
230.0,60.75791097514473,1.8019575415182592,23.183617824339855,0.6236518222432019,0.23310023713149292,713.5095253547433,126.98692715447689,1.1099599293553062
230.0,60.76997269954674,1.8001435435347413,23.19463705576951,0.6235164938801107,0.23309352938943823,713.3629502351702,127.0381328488776,1.1098032733940937
230.0,60.78203082979605,1.798344805631561,23.205686543246117,0.6233811655170194,0.2330868518848176,713.216372149863,127.08935804508432,1.109638260446871
230.0,60.794085366874036,1.7965403845856769,23.21674578948653,0.6232458371539281,0.2330802046100311,713.0697910927024,127.14060276235536,1.1094791412889673
230.0,60.80613631175786,1.7947345630055345,23.227735594503507,0.6231105087908368,0.23307358755750984,712.9232070575606,127.19186701995436,1.1093185914785313
230.0,60.81818366541855,1.7929356407449417,23.238713295509555,0.6229751804277457,0.23306700071971917,712.7766200383036,127.24315083714721,1.1091583533406484
230.0,60.83022742882677,1.7911333991168237,23.249694888027335,0.6228398520646543,0.23306044408915308,712.6300300287852,127.2944542332145,1.1089983564046877
230.0,60.84226760296196,1.7893295430486642,23.260965870626197,0.6227045237015632,0.2330539176583821,712.483437022863,127.3457772275201,1.1088424687183753
230.0,60.85430418879486,1.7875329830144535,23.271903863846205,0.6225691953384718,0.23304742141999063,712.3368410143835,127.39711983940757,1.1086813452957254
230.0,60.866337187291755,1.7857327445962503,23.283102033477533,0.6224338669753806,0.23304095536657718,712.19024199718,127.44848208818823,1.1085244203928233
230.0,60.87836659943111,1.7839366177534604,23.294149605750704,0.6222985386122892,0.23303451949083773,712.0436399650929,127.4998639933174,1.1083649431642013
230.0,60.890392426170784,1.7821397300079327,23.305283295455475,0.6221632102491981,0.23302811378545202,711.8970349119413,127.55126557414853,1.1082058857303774
230.0,60.9024146684856,1.7803421972950726,23.316430431870614,0.6220278818861068,0.23302173824316805,711.7504268315472,127.60268685012903,1.1080467029275358
230.0,60.92644840372786,1.7767466179417273,23.33869740864946,0.6217572251599243,0.23300907761912049,711.4572015642932,127.70558856548121,1.1077288161246779
230.0,60.93845989859164,1.7749635010792186,23.349815745351776,0.621621896796833,0.23300279252302653,711.310584365039,127.75706904379855,1.1075702252863733
230.0,60.950467812884895,1.7731691936178449,23.360936536493284,0.6214865684337417,0.23299653756137798,711.1639641137522,127.80856929517286,1.1074109532091037
230.0,60.9624721476046,1.7713785058532687,23.37205759028282,0.6213512400706505,0.2329903127271646,711.0173408042345,127.86008933926193,1.107251814724238
230.0,60.97447290369764,1.7695948751134232,23.383188704770195,0.6212159117075592,0.2329841180133447,710.8707144302601,127.91162919558116,1.107094293561116
230.0,60.98647008213885,1.7678040115202192,23.39431040096652,0.6210805833444679,0.23297795341293745,710.7240849856069,127.96318888372849,1.106934338499598
230.0,61.01045370988876,1.7642286210545308,23.416544822626662,0.6208099266182854,0.2329657145245924,710.4308168593194,128.06636783390042,1.1066190769370892
230.0,61.02244016113393,1.762442884028662,23.42766373693854,0.6206745982551942,0.23295964022290883,710.2841781652057,128.1179871352597,1.1064606472138594
230.0,61.03442303856857,1.7606656483843206,23.43892465538554,0.6205392698921028,0.23295359600708393,710.1375363754446,128.1696263470019,1.106299979925426
230.0,61.046402343152465,1.758875374783615,23.45016026714944,0.6204039415290117,0.23294758187034342,709.9908914837756,128.22128548884322,1.106141740821167
230.0,61.07035023763299,1.7553173202160477,23.472667153149878,0.6201332848028291,0.23293564380718917,709.6975923696652,128.3246636418205,1.1058285200299924
230.0,61.082318829675614,1.753534287130676,23.483947864310956,0.6199979564397379,0.23292971986959668,709.5509381348062,128.3763826943212,1.1056728922773218
230.0,61.09428385247223,1.7517528364126356,23.495215071352366,0.6198626280766466,0.23292382598210554,709.4042807728109,128.42812175407616,1.1055149525017365
230.0,61.10624530721441,1.7499532450405775,23.50648033237107,0.6197272997135553,0.2329179621403502,709.2576202775201,128.47988084278043,1.1053574445562555
230.0,61.11820319486082,1.74819870613764,23.51776070751619,0.6195919713504641,0.2329121283377827,709.1109566426395,128.53165998028743,1.1052024011611696
230.0,61.13015751636915,1.746415233849387,23.528989905459298,0.6194566429873728,0.23290632456788726,708.9642898618655,128.58345918645523,1.1050448989348243
230.0,61.14210827268995,1.7446471220065258,23.54029703391512,0.6193213146242815,0.23290055082418493,708.8176199288849,128.6352784811575,1.1048897399775068
230.0,61.15405546478205,1.7428786147361606,23.551492476329926,0.6191859862611904,0.23289480710025418,708.6709468373858,128.6871178843275,1.10473270072862
230.0,61.165999093595964,1.7410961801512623,23.562846395308803,0.619050657898099,0.23288909338968233,708.524270581038,128.73897741586507,1.104577413354398
230.0,61.17793916008547,1.739311750244291,23.574142586448566,0.6189153295350078,0.23288340968612545,708.3775911535138,128.79085709574483,1.1044209373122156
230.0,61.189875665209144,1.7375507051539165,23.585375185325184,0.6187800011719164,0.23287775598326071,708.2309085484783,128.84275694394,1.1042650625183723
230.0,61.20180860990815,1.735783222109802,23.596630770304948,0.6186446728088253,0.2328721322747982,708.0842227595828,128.8946769804334,1.1041090353696934
230.0,61.21373799514346,1.7340031137504859,23.60793643711154,0.6185093444457339,0.2328665385545132,707.9375337804828,128.94661722527067,1.1039522072131003
230.0,61.22566382185422,1.732243155405031,23.61920890854656,0.6183740160826428,0.2328609748161897,707.7908416048144,128.99857769847273,1.1037969329652704
230.0,61.237586091005056,1.7304751816453285,23.63051352465584,0.6182386877195515,0.23285544105367462,707.6441462262209,129.05055842012808,1.1036403482897048
230.0,61.24950480353199,1.7287181293283254,23.641976878479376,0.6181033593564602,0.2328499372608423,707.4974476383281,129.1025594103203,1.103480942951822
230.0,61.27333156251557,1.7251835330134835,23.66462155848543,0.6178327026302777,0.23283901955991124,707.2040408091261,129.20662227678608,1.103173319301793
230.0,61.28523961086527,1.723419187188594,23.676044562569473,0.6176973742671864,0.23283360563975927,707.057332555044,129.258684193358,1.1030173678048323
230.0,61.29714410638392,1.7216588533467516,23.68754141778185,0.6175620459040951,0.23282822166517864,706.9106210661129,129.31076645905912,1.1028650712596604
230.0,61.32094244270876,1.71813585272653,23.710383931358116,0.6172913891779126,0.23281754352905237,706.6171883580843,129.4149921187117,1.102553688983723
230.0,61.33283628539599,1.7163715343813057,23.72172922735445,0.6171560608148214,0.23281224935575967,706.4704671261559,129.4671355531385,1.1023978961204455
230.0,61.36849652289927,1.7111033740988446,23.755727340356188,0.6167500757255475,0.23279654634532201,706.0302838416083,129.6236885182353,1.1019354417606253
230.0,61.38037617501549,1.7093479076080993,23.767503600260866,0.6166147473624564,0.23279137182586504,705.883549529044,129.67591379494326,1.1017835147000568
230.0,61.45157966943689,1.698835983291263,23.836277713068604,0.6158027771839087,0.2327609523972458,705.003074415684,129.9896969099353,1.1008570129706594
230.0,61.463434524209575,1.6970884459729687,23.847681485082163,0.6156674488208175,0.2327559870556048,704.8563169633563,130.04206619577246,1.1007079506397701
230.0,61.48713361848764,1.6935980528776544,23.87079006985087,0.615396792094635,0.23274614594900947,704.5627920573235,130.14686675203365,1.1003974294901953
230.0,61.498977859863786,1.6918484820210973,23.88234081049088,0.6152614637315437,0.23274127017339824,704.4160245905997,130.19929806360835,1.1002446899109177
230.0,61.510818565306145,1.690104866080205,23.893641499950157,0.6151261353684525,0.23273642424253146,704.2692537727131,130.25175009160327,1.1000967255145757
230.0,61.54631947534986,1.6848787863135783,23.9283265531568,0.6147201502791786,0.23272206546624885,703.828921146768,130.40923068053448,1.0996355493616687
230.0,61.55814604637474,1.6831374028093022,23.939869122025833,0.6145848219160874,0.23271733886240226,703.6821368588903,130.46176578075168,1.0994870511839494
230.0,61.56996908611059,1.6813985389956094,23.951777349743097,0.6144494935529962,0.23271264207750897,703.5353491871416,130.5143217007593,1.0993349362023142
230.0,61.58178859549932,1.6796595407664505,23.963112308798053,0.6143141651899049,0.232707975106538,703.3885581249668,130.56689846133418,1.0991794619070652
230.0,61.711570460052116,1.6606056728292897,24.091116414484624,0.612825553195901,0.23265860474060368,701.7736307890722,131.1466242614354,1.097518861056543
230.0,61.723347677296026,1.6588717680281588,24.102718824738478,0.6126902248328097,0.23265429515730482,701.6267985273898,131.1994527355712,1.0973686006956154
230.0,61.77042137185849,1.6519759610909566,24.149657270887793,0.6121489113804447,0.23263735429789048,701.0394346503484,131.41097796747047,1.0967681129781606
230.0,61.79393712730512,1.6485356420060537,24.173280657083204,0.6118782546542622,0.23262906229032324,700.7457317202266,131.5168676803852,1.0964662097547728
230.0,61.80568973526888,1.6468144164484657,24.185050544627657,0.6117429262911709,0.23262496087681062,700.59887498386,131.56984438518933,1.0963157144454567
230.0,61.8291844162406,1.6433798913458826,24.208637138288466,0.6114722695649883,0.23261684720895043,700.3051509350087,131.675861597637,1.0960186294013048
230.0,61.85266505668275,1.6399578824893206,24.232107727689776,0.6112016128388058,0.2326088523919328,700.0114127398957,131.78196402234988,1.095718486030382
230.0,61.93473683398686,1.6279633410797967,24.31465011322193,0.610254314297167,0.23258180600994,698.9832168770894,132.15399602067197,1.0946765741550024
230.0,61.94644735847853,1.626256121722121,24.326688597263292,0.6101189859340758,0.23257806097883377,698.8363174186495,132.2072292598747,1.0945321567976458
230.0,62.051684638974145,1.6109298502306384,24.433977340820455,0.6089010306662543,0.23254569053032859,697.5140592898001,132.68729927659803,1.0932017876527453
230.0,62.11002749866806,1.6024416113202662,24.49389169786788,0.6082243888507981,0.23252874452219202,696.7793434646447,132.95476375013192,1.0924666409245067
230.0,62.1799238191504,1.5923045008308652,24.56544718296167,0.6074124186722505,0.23250938685153616,695.8975622998524,133.27644145719782,1.0915922656649317
230.0,62.203194717731925,1.5889291258301868,24.589747349448437,0.607141761946068,0.232503171163638,695.6036053872127,133.3838427476918,1.0913027063541842
230.0,62.22645169068441,1.585563665160003,24.61414710597974,0.6068711052198855,0.23249707386976667,695.3096334531936,133.49133202606387,1.0910087322541098
230.0,62.238074957249985,1.5838755172455845,24.62605126225084,0.6067357768567943,0.2324940696132514,695.162641835759,133.54510971593874,1.0908673299310776
230.0,62.261311054990664,1.5805122401828562,24.65034279051686,0.6064651201306117,0.23248814986675895,694.8686472651839,133.65273130784502,1.090573206358514
230.0,62.272923887922616,1.578829185319214,24.66249826498329,0.6063297917675204,0.23248523437116114,694.7216442980699,133.70657525423354,1.0904289923686707
230.0,62.30774153353244,1.5738112347159918,24.69888276484808,0.6059238066782466,0.23247666536206865,694.2806125854537,133.8682399619297,1.0899977886796262
230.0,62.31934046726495,1.5721231547896124,24.711169012526888,0.6057884783151555,0.2324738681760213,694.1335943874512,133.9221725615813,1.0898544324789337
230.0,62.330935928388016,1.570438969407544,24.723240349507265,0.6056531499520641,0.23247110056076736,693.9865723641784,133.97612738029852,1.0897094702076782
230.0,62.35411643631779,1.5670746609476147,24.74740478195863,0.6053824932258816,0.23246565403242764,693.6925168136783,134.0841037643386,1.0894204273082757
230.0,62.37728306431964,1.5637498574007933,24.77194890387005,0.605111836499699,0.2324603257570252,693.398445877595,134.1921692931876,1.0891339826227968
230.0,62.38886117552176,1.5620722138985852,24.784040232240315,0.6049765081366079,0.23245770595807275,693.2514046223089,134.24623554298444,1.0889910671301597
230.0,62.42357470842265,1.5570655255932795,24.820546352409302,0.604570523047334,0.232450023887894,692.8102576225983,134.4085685037408,1.088559190939358
230.0,62.44669973845161,1.55374208715442,24.845605819598994,0.6042998663211515,0.23244505025713263,692.5161401903504,134.51690254573703,1.088274869247558
230.0,62.46981091638349,1.5504159647748657,24.870048661562898,0.6040292095949691,0.23244019480521816,692.2220071458373,134.62532645307226,1.0879894034731739
230.0,62.504451725756454,1.5454282300292825,24.90686213072064,0.6036232245056952,0.23243313317566208,691.780778181408,134.78813120803537,1.0875597333624696
230.0,62.562117245480565,1.5371357301841435,24.968205789792414,0.6029465826902389,0.23242195445505534,691.0453177037734,135.0599243655099,1.0868491161556786
230.0,62.60818747684598,1.530510883454357,25.017810454565385,0.6024052692378739,0.23241354293970892,690.45687782189,135.277767243922,1.0862856989828422
230.0,62.619696405107675,1.5288833084439961,25.030698868397067,0.6022699408747826,0.23241151386035816,690.309757860897,135.3322848700222,1.0861447750970668
230.0,62.63120188324362,1.5272173187242535,25.04269967639504,0.6021346125116913,0.23240951429751727,690.1626338892554,135.386825304684,1.0860023419575853
230.0,62.64270391210802,1.5255700174980176,25.055002321995197,0.6019992841486002,0.23240754424961207,690.0155058997254,135.44138857092827,1.0858635385288797
230.0,62.65420249255039,1.5239194570597598,25.067425900896463,0.6018639557855088,0.23240560371509053,689.8683738850658,135.4959746917903,1.085722187498235
230.0,62.68867755186692,1.518981625723829,25.104966699002603,0.6014579706962351,0.23239995917706924,689.4269536177698,135.659870413081,1.085298408138189
230.0,62.70016234713651,1.5173171071687475,25.1173640991542,0.6013226423331437,0.23239813668148707,689.2798054300106,135.71454818350531,1.0851579340594155
230.0,62.711643698231576,1.515698523370795,25.129824515028034,0.6011873139700525,0.23239634369216777,689.1326531807906,135.76924892420666,1.0850188924071535
230.0,62.73459607127875,1.5124051031066532,25.15482037971198,0.60091665724387,0.23239284622710052,688.8383364687933,135.87871940928264,1.0847380051767888
230.0,62.74606709492765,1.5107657381344317,25.167025754503182,0.6007813288807787,0.23239114174884842,688.6911719914153,135.93348920017138,1.0845985521403245
230.0,62.76899882068187,1.507495198080956,25.192439749088194,0.6005106721545962,0.23238782129489446,688.3968307573224,136.04309799505066,1.0843200205644024
230.0,62.803370618109035,1.5025831221085832,25.230071900711067,0.6001046870653224,0.2323830618535137,687.9552880979046,136.20768457030292,1.0839007590916532
230.0,62.81482100962266,1.5009456224443667,25.242369358046197,0.5999693587022312,0.23238153436603157,687.8080989665126,136.26259309104415,1.0837632121241716
230.0,62.826267965388375,1.499311397110859,25.255006140513117,0.5998340303391398,0.2323800363733934,687.6609057003986,136.31752481534608,1.08362497160229
230.0,62.8377114862369,1.497680613901217,25.267783787652846,0.5996987019760487,0.23237856787465544,687.5137082921908,136.37247976667155,1.0834824134073961
230.0,62.86058822654374,1.4943748746021768,25.292695160451792,0.5994280452498661,0.23237571935534052,687.2193010199729,136.4824594444355,1.0832073676722702
230.0,62.87202144767545,1.4927822533831068,25.305413956358173,0.5992927168867749,0.23237433933308546,687.0720911411855,136.53748421796337,1.0830702994679127
230.0,62.88345123723291,1.4911551409383077,25.318237848044625,0.5991573885236836,0.23237298880137425,686.9248770907434,136.59253231268744,1.082930075392789
230.0,62.91772002479017,1.486270238511526,25.35644076774669,0.5987514034344098,0.232369114142218,686.4832098353395,136.7578167602119,1.082513140513954
230.0,62.940548740541416,1.4830231627521155,25.380741130293565,0.5984807467082273,0.23236667847616072,686.1887440040538,136.8681234313986,1.0822390474048929
230.0,63.020341351433025,1.4716842313833527,25.470445302220455,0.5975334481665884,0.23235908244941755,685.1579803907729,137.25493712268351,1.0812761882998705
230.0,63.031726605986506,1.4700621986174904,25.4827439701344,0.5973981198034972,0.23235811524062405,685.0107114314951,137.31029055106848,1.0811407061304918
230.0,63.099966341930624,1.4604066173497485,25.56018263840268,0.5965861496249496,0.23235293113579458,684.1270076131046,137.6429086992394,1.0803213295096352
230.0,63.11132767365441,1.4587808516688672,25.573499157716583,0.5964508212618584,0.2323521703084962,683.9797085624919,137.69842821142853,1.080186602102474
230.0,63.14539118637077,1.4539900305824944,25.611426232247666,0.5960448361725845,0.232350064723662,683.5377854063443,137.8651297806047,1.0797781760267
230.0,63.326545184168516,1.4283623116503135,25.818044670099304,0.5938795823631244,0.23234331655901258,681.1801954062392,138.75785294181807,1.0776237139177627
230.0,63.33783838350594,1.4267713068816668,25.83124067248393,0.5937442540000331,0.23234314543972526,681.0328083253289,138.81385353214074,1.0774916460483845
230.0,63.34912818462584,1.4251889882986308,25.844132360343636,0.5936089256369419,0.2323430038113476,680.885416762159,138.8698784339156,1.0773573078459295
230.0,63.37169759539314,1.4220011261803807,25.870018380975004,0.5933382689107594,0.23234280903058685,680.5906201580225,138.9820012708022,1.0770899039021442
230.0,63.38297720661838,1.4204333719643552,25.883392390887998,0.5932029405476681,0.23234275587990594,680.4432151015226,139.0380992554431,1.0769584981376958
230.0,63.394253422796766,1.4188259618589403,25.89658695645395,0.5930676121845768,0.2323427322235784,680.2958055317052,139.09422165064626,1.0768218431818117
230.0,63.40552624470484,1.4171989566721228,25.909728822853644,0.5929322838214856,0.23234273806254097,680.148391440775,139.15036848122844,1.076687876867171
230.0,63.41679567314427,1.4156714723444448,25.922758633385456,0.5927969554583943,0.23234277339779316,680.0009728209424,139.20653977208306,1.0765565127792218
230.0,63.46183946787733,1.409346266129315,25.974958033421274,0.5922556420060292,0.23234320972281536,679.411252896363,139.43147003660553,1.076025599229014
230.0,63.54053564097792,1.3982564101614383,26.0670689333878,0.5913083434643904,0.2323451091616883,678.3790668569477,139.82604549084394,1.0751035268534903
230.0,63.66386613147214,1.38102882010021,26.213706854980984,0.5898197314703866,0.23235101581697085,676.7566014838926,140.4485473176117,1.0736644435992309
230.0,63.90930276018657,1.3469174869497957,26.508771307906997,0.5868425074823789,0.23237355125143594,673.5099500374945,141.70267485779667,1.0708263146461614
230.0,63.9204202808677,1.345359700192663,26.522844158551365,0.5867071791192875,0.2323749155578078,673.3623194063168,141.7599730647059,1.0706991953654146
230.0,63.964856787314304,1.3392295055307128,26.57673261836935,0.5861658656669224,0.2323806686385141,672.7717478290174,141.98942250727052,1.0701918227255651
230.0,63.97595752354141,1.337673126041061,26.589680365889535,0.5860305373038313,0.2323821808866283,672.624092630403,142.0468491529959,1.0700652663821395
230.0,63.987054905076626,1.3361156124662088,26.60556350779045,0.58589520894074,0.23238372273169083,672.4764324935775,142.1043015653657,1.0699349983748243
230.0,63.99814893265806,1.3346289662449147,26.618796967161032,0.5857598805776487,0.2323852941766829,672.3287674102849,142.1617797707971,1.0698083324443104
230.0,64.02032692888237,1.3315436371431661,26.64517777506172,0.5854892238514662,0.23238852587843367,672.0334223712039,142.27681366639467,1.0695551792321971
230.0,64.03141089898456,1.3300019447739309,26.658865211416995,0.5853538954883749,0.23239018614131002,671.8857423988452,142.3343694094638,1.0694300063767639
230.0,64.04249151804521,1.328370486600907,26.671666007419496,0.5852185671252836,0.2323918760163213,671.7380574468777,142.39195105135184,1.0693034793964789
230.0,64.05356878679801,1.3269382800952796,26.686245199637128,0.5850832387621925,0.23239359550661703,671.5903675069968,142.4495586185815,1.069177312980138
230.0,64.06464270596925,1.325399780976713,26.69948649476953,0.5849479103991011,0.23239534461538125,671.4426725708838,142.50719213770074,1.069051469760435
230.0,64.07571327627733,1.3239241830460067,26.712111213304752,0.5848125820360099,0.2323971233458446,671.2949726302109,142.56485163528944,1.0689285569815687
230.0,64.15311356094632,1.3132180881237427,26.809611652338468,0.5838652834943711,0.23241040414549963,670.2609322164246,142.96919775440983,1.06804755181715
230.0,64.2854187836272,1.2950269184653935,26.97763307289897,0.5822413431372759,0.2324365519149504,668.4877117475814,143.66535356651033,1.0665490338056154
230.0,64.47202948181786,1.2694950231198532,27.214947719913624,0.5799407609647245,0.23248091603269616,665.9743707051447,144.65812188805575,1.0644641529372847
230.0,64.65767985910561,1.2442582335303738,27.456728233925986,0.577640178792173,0.23253388331797437,663.4594922979805,145.65868851218204,1.062409254606216
230.0,65.1767135434118,1.1743550842481179,28.158205678352587,0.5711444173637925,0.2327301024354837,656.3499831100517,148.52711560091072,1.056783230548222
230.0,65.26248230014968,1.1629433302838987,28.276779501305576,0.5700617904590624,0.2327695396760222,655.1637696079964,149.01156155551664,1.055872011770653
230.0,65.27318864358448,1.1614567294215552,28.29090779157429,0.5699264620959712,0.2327746052005996,655.0154661050948,149.07224788786309,1.0557602521337264
230.0,65.28389171093337,1.1600542989709146,28.30809901842745,0.5697911337328798,0.23277970094317363,654.8671566118159,149.13296333969362,1.0556438805021062
230.0,65.29459150277768,1.1586545320157178,28.32253987491444,0.5696558053697887,0.23278482691128005,654.7188411186941,149.19370794106584,1.0555301856617565
230.0,65.3159812622803,1.155761741869345,28.35364147462655,0.5693851486436061,0.2327951695544786,654.4221920950001,149.3152847129657,1.0553015267138144
230.0,65.32667123109069,1.1543817748459326,28.367968558988224,0.5692498202805147,0.23280038624484484,654.2738585454381,149.3761169437829,1.0551919762892796
230.0,65.3693983801763,1.1486837120657492,28.42740632565408,0.5687085068281498,0.23282155564477905,653.6804638737218,149.61973887119453,1.0547401311003692
230.0,65.40140939551887,1.144441012917242,28.473478009653952,0.568302521738876,0.2328377506839594,653.2353541055486,149.8027638194853,1.0544032993425247
230.0,65.55040534325697,1.1247569200250105,28.687420439138528,0.5664079246555983,0.23291693810132078,651.1574445227257,150.66040199822663,1.0528444884140455
230.0,65.56102343235447,1.1233457842182861,28.70170982888881,0.566272596292507,0.23292282227337618,651.0089759243263,150.7218852071313,1.05273322159712
230.0,65.5716382605547,1.1219246594055117,28.716711677877264,0.5661372679294159,0.2329287368807972,650.8605010760231,150.78339835887775,1.052625130390136
230.0,65.59285813645494,1.11920323784376,28.75020416136034,0.5658666112032333,0.23294065743622336,650.5635325906377,150.90651461488235,1.0523993011431423
230.0,65.63525878134884,1.113564485800624,28.81065031390873,0.5653252977508683,0.23296486415281942,649.9695201904608,151.15310780588712,1.0519627794219693
230.0,65.64585079842158,1.1121500502714898,28.82536304544942,0.565189969387777,0.2329709920509935,649.8210013186758,151.21483142649794,1.0518523588523572
230.0,65.65643955890033,1.1107553766461866,28.84198361221516,0.5650546410246857,0.23297715045447331,649.67247611851,151.27658523857264,1.0517418895876456
230.0,65.67760731219713,1.1079890477705245,28.871445047519114,0.5647839842985032,0.23298955881309977,649.3754066935767,151.4001835621136,1.0515245409593428
230.0,65.79379733414412,1.0928170779027506,29.044528210453578,0.5632953723044993,0.23305998979586356,647.7410681303418,152.08214647261852,1.0503287131917303
230.0,66.01452343682598,1.0639433090441643,29.369903219612766,0.5604534766795828,0.23320475288229972,644.6187828180134,153.39440371229617,1.0480895671080768
230.0,69.18409533031829,0.6757401915453534,35.155245870999146,0.5174190572165617,0.23713188034300448,596.9177923520688,175.1408272818038,1.0199928558811755
230.0,74.01519271193139,0.20457244892184662,49.34498039896792,0.4405525469807252,0.2540303743083721,508.5854842359576,225.9801418519075,1.0
230.0,74.10439732993044,0.19760724340536698,49.665508014565674,0.4389286066236301,0.25456059357161803,506.6540014893497,227.27181855697995,1.0
230.0,74.17826662632879,0.19189590243037175,49.932106877681456,0.4375753229927174,0.25500895854589034,505.0417384909405,228.35628716377192,1.0
230.0,74.2003437760431,0.19019893275730634,50.01192526811043,0.4371693379034437,0.25514463256022063,504.5575761047518,228.68306806169323,1.0
230.0,74.21504032072824,0.1890716431948876,50.06518810262285,0.43689868117726116,0.2552353819720024,504.2346762906807,228.9012927694616,1.0
230.0,74.23705271660123,0.18738792216546318,50.144950552871144,0.43649269608798735,0.2553719573795909,503.75013849387767,229.2291871689826,1.0
230.0,74.31014492967562,0.18182675965665823,50.41059295505171,0.43513941245707477,0.25583113932347906,502.13337038556557,230.32701788360296,1.0
230.0,74.31743013588071,0.1812768989856097,50.43709399309648,0.4350040840939835,0.2558773916474019,501.9715536617869,230.43721280087092,1.0
230.0,74.32471095736295,0.18072611289485618,50.463558717989144,0.43486875573089223,0.25592370496362643,501.80971134801933,230.54748283537833,1.0
230.0,74.33925942769919,0.17962809912261507,50.516579117315715,0.4345980990047097,0.2560165148160873,501.48594979842295,230.76824849350925,1.0
230.0,74.3465270672557,0.17908056732839409,50.54311675799743,0.4344627706416184,0.25606301147390437,501.32403048634563,230.87874423553123,1.0
230.0,74.35379030351862,0.1785331684799962,50.569632052814114,0.43432744227852715,0.2561095693672792,501.1620854318083,230.98931533178978,1.0
230.0,74.36830354746316,0.17744145412880885,50.62256320667231,0.4340567855523446,0.2562028691051338,500.8381179421895,231.21068382473135,1.0
230.0,74.37555354574378,0.1768969310669789,50.64900330406229,0.43392145718925335,0.25624961107192196,500.67609543034354,231.32148134010853,1.0
230.0,74.38279912194356,0.17635351605016947,50.67548602501203,0.4337861288261621,0.2562964145189723,500.51404702252063,231.43235444727586,1.0
230.0,74.39727698916923,0.17526835915611777,50.72837008184249,0.43351547209997954,0.25639020609956736,500.18987236472293,231.65432767495312,1.0
230.0,74.41896050569414,0.17364762592122204,50.80765948768823,0.43310948701070584,0.25653135611030803,499.7034151925047,231.9878559427153,1.0
230.0,74.4261794495961,0.17310800176794408,50.83410448194532,0.43297415864761457,0.2565785297314462,499.5412105971323,232.0991838506572,1.0
230.0,74.43339393801514,0.17257068285423482,50.86053840745724,0.4328388302845233,0.2566257652645334,499.37897983459993,232.2105877673864,1.0
230.0,74.44060396613132,0.17203413136565368,50.88694572646976,0.43270350192143203,0.2566730627716169,499.21672286590285,232.32206775263586,1.0
230.0,74.44780952909927,0.1714978689328181,50.9133264639835,0.43256817355834076,0.2567204223147603,499.05443965196224,232.43362386603536,1.0
230.0,74.45501062206752,0.17096215958510627,50.93967356216063,0.4324328451952495,0.2567678439562014,498.89213015363805,232.5452561674049,1.0
230.0,74.46220724017277,0.17042781004756463,50.965999666367075,0.4322975168321582,0.2568153277583009,498.7297943317323,232.65696471664927,1.0
230.0,74.47658703225117,0.169361328035913,51.018793700182954,0.4320268601059757,0.2569104820940379,498.4050435599949,232.88061079795946,1.0
230.0,74.48377019642294,0.16882890819151616,51.04517314221681,0.4318915317428844,0.2569581527527935,498.2426285314157,232.99254844989895,1.0
230.0,74.49094886612598,0.16829849057602492,51.07153729797139,0.43175620337979315,0.25700588582236034,498.08018702175207,233.1045625893127,1.0
230.0,74.49812303641826,0.16776750132838342,51.09786088699422,0.4316208750167019,0.25705368136544315,497.91771899144936,233.21665327607207,1.0
230.0,74.50529270235806,0.1672385562473393,51.12416036263839,0.4314855466536107,0.2571015394450045,497.7552244009093,233.32882057038208,1.0
230.0,74.5124578589837,0.16670978960574911,51.150433930086315,0.43135021829051945,0.2571494601240222,497.59270321045415,233.44106453234903,1.0
230.0,74.51961850130562,0.16618207594246032,51.17676099884079,0.4312148899274282,0.2571974434654493,497.43015538032023,233.55338522188748,1.0
230.0,74.52677462434083,0.16565492912901678,51.2030536823387,0.4310795615643369,0.257245489532512,497.2675808706996,233.66578269928124,1.0
230.0,74.53392622308593,0.16512870518619305,51.229379292502095,0.43094423320124564,0.257293598388499,497.1049796417134,233.77825702479984,1.0
230.0,74.54107329251661,0.16460355890818423,51.25567874062342,0.43080890483815437,0.25734177009667863,496.94235165339796,233.89080825853142,1.0
230.0,74.54821582760017,0.16407936531233447,51.281951761575634,0.4306735764750631,0.25739000472053125,496.7796968657377,234.00343646082237,1.0
230.0,74.56248727451265,0.1630328485173207,51.33446566506448,0.43040291974888056,0.2574866629694238,496.45430673193164,234.2289240122261,1.0
230.0,74.56961617621786,0.1625103059506861,51.36072766313688,0.4302675913857893,0.25753508672194897,496.29157130541444,234.3417834823083,1.0
230.0,74.57674052329273,0.16198981445909746,51.38697100865667,0.430132263022698,0.2575835736448073,496.1288089187618,234.4547201623152,1.0
230.0,74.58386031064254,0.1614694246059016,51.413176762154286,0.42999693465960676,0.2576321238020037,495.966019531618,234.56773411287497,1.0
230.0,74.59097553314172,0.16094993922771156,51.43936025437045,0.4298616062965155,0.2576807372575041,495.80320310353477,234.6808253943932,1.0
230.0,74.59808618566673,0.16043171926548294,51.46557427087384,0.4297262779334242,0.2577294140755147,495.64035959401866,234.79399406759444,1.0
230.0,74.60519226306677,0.15991388424382208,51.49178246964857,0.42959094957033306,0.25777815432023066,495.47748896248993,234.9072401930385,1.0
230.0,74.61229376017545,0.15939660655163052,51.518016292832016,0.4294556212072418,0.2578269580559246,495.314591168291,235.02056383128283,1.0
230.0,74.6193906718149,0.15888071222443134,51.544221353385865,0.4293202928441505,0.2578758253469831,495.15166617070213,235.1339650429609,1.0
230.0,74.62648299280413,0.15836521524795608,51.570388293330794,0.42918496448105925,0.2579247562580023,494.9887139289482,235.24744388896292,1.0
230.0,74.63357071793091,0.1578511977439517,51.59654720161711,0.429049636117968,0.2579737508535375,494.8257344021593,235.36100042994397,1.0
230.0,74.64065384197998,0.15733685802796787,51.62266395325152,0.4289143077548767,0.2580228091983045,494.6627275494126,235.47463472673937,1.0
230.0,74.64773235971462,0.15682458054292817,51.64875374393233,0.42877897939178544,0.258071931357131,494.499693329704,235.5883468402278,1.0
230.0,74.65480626588513,0.156308783202597,51.67487454758064,0.4286436510286942,0.25812111739492816,494.336631701962,235.70213683131007,1.0
230.0,74.66187555522963,0.15580099022434482,51.701063557406385,0.4285083226656029,0.2581703673766596,494.1735426250404,235.81600476084904,1.0
230.0,74.66894022247139,0.1552904384810754,51.72720529420495,0.42837299430251163,0.2582196813674784,494.01042605773034,235.92995068991033,1.0
230.0,74.67600026231896,0.15478187400694782,51.75331949984075,0.42823766593942036,0.25826905943260053,493.8472819587468,236.04397467953874,1.0
230.0,74.68305566945865,0.1542732814431078,51.77940241839218,0.4281023375763291,0.258318501637257,493.6841102867228,236.1580767906627,1.0
230.0,74.69010643857483,0.15376521564453702,51.805455854074935,0.4279670092132378,0.25836800804693966,493.5209110002372,236.27225708454603,1.0
230.0,74.6971525643304,0.15325818126959465,51.83151665517831,0.42783168085014656,0.25841757872716953,493.3576840577906,236.38651562236893,1.0
230.0,74.70419404137499,0.15348342048290486,51.859081060743684,0.4276963524870554,0.2584672137435283,493.1944294178069,236.50085246528445,1.0
230.0,74.71123086433816,0.15224667525990665,51.8836344553177,0.42756102412396413,0.25851691316169223,493.0311470386373,236.6152676744818,1.0
230.0,74.71826302784011,0.15174211461075723,51.90965798242241,0.42742569576087286,0.25856667704752595,492.8678368785633,236.7297613113325,1.0
230.0,74.72529052648511,0.15123902626210095,51.93570541315684,0.4272903673977816,0.2586165054669413,492.704498895798,236.84433343718015,1.0
230.0,74.73231335486963,0.15073593763800155,51.96172089159924,0.4271550390346903,0.2586663984860035,492.54113304848414,236.95898411349742,1.0
230.0,74.73933150755256,0.15023387909916355,51.98770804389194,0.42701971067159905,0.25871635617070415,492.37773929466476,237.07371340147463,1.0
230.0,74.74634497911192,0.14973175354409643,52.01374110062275,0.4268843823085078,0.25876637858744983,492.2143175923567,237.18852136292963,1.0
230.0,74.75335376407075,0.14923250121708914,52.03974602290947,0.4267490539454165,0.25881646580238843,492.0508678994492,237.30340805905027,1.0
230.0,74.76035785697337,0.14873254082723553,52.065718708035234,0.42661372558232524,0.2588666178820909,491.88739017380533,237.41837355167027,1.0
230.0,74.76735725232993,0.1482342420878816,52.09166476116151,0.426478397219234,0.2589168348930395,491.72388437318796,237.53341790231696,1.0
230.0,74.77435194463968,0.1477339483127266,52.11758273890374,0.4263430688561427,0.25896711690189944,491.5603504552976,237.64854117270676,1.0
230.0,74.78134192838911,0.14723969656011418,52.14347561409871,0.42620774049305143,0.2590174639754163,491.3967883777576,237.76374342456356,1.0
230.0,74.78832719803843,0.1467430613009835,52.16943128741336,0.42607241212996017,0.2590678761804146,491.23319809810516,237.8790247195968,1.0
230.0,74.79530774804913,0.1462474652758068,52.19539048594116,0.4259370837668689,0.2591183535838994,491.0695795738259,237.9943851197226,1.0
230.0,74.8022835728608,0.1457554805941643,52.221326871753156,0.42580175540377774,0.259168896252943,490.9059327623219,238.10982468683343,1.0
230.0,74.80925466688774,0.14526102576806582,52.24723160186182,0.42566642704068647,0.25921950425463497,490.7422576209046,238.22534348269946,1.0
230.0,74.81622102454375,0.14476768251706582,52.273100560785714,0.4255310986775952,0.2592701776563046,490.5785541068344,238.34094156939324,1.0
230.0,74.8231826402146,0.14427493055969634,52.29894081457539,0.42539577031450393,0.25932091652529876,490.414822177279,238.4566190088725,1.0
230.0,74.83013950828716,0.14378339152847477,52.324757294707574,0.42526044195141266,0.259371720929184,490.2510617893506,238.57237586335165,1.0
230.0,74.83709162311696,0.14328113863320324,52.35061894472846,0.4251251135883214,0.2594225909354715,490.0872729000648,238.68821219480552,1.0
230.0,74.84403897905439,0.1428032329360426,52.37644993323253,0.4249897852252301,0.25947352661195416,489.9234554663816,238.80412806556723,1.0
230.0,74.85098157042545,0.14231496216479242,52.40231140819819,0.42485445686213885,0.2595245280263947,489.7596094451689,238.9201235377802,1.0
230.0,74.85791939154282,0.14182692053110402,52.42813319064108,0.4247191284990476,0.2595755952466711,489.5957347932172,239.0361986736446,1.0
230.0,74.8648524367094,0.1413402420847845,52.453928015324365,0.4245838001359563,0.2596267283408384,489.431831467259,239.15235353554908,1.0
230.0,74.87178070021052,0.1408538823246453,52.47969315447422,0.42444847177286504,0.2596779273770649,489.2678994239389,239.2685881859339,1.0
230.0,74.87870417631265,0.1403681976254941,52.505470056520174,0.4243131434097738,0.25972919242355536,489.10393861982845,239.38490268717052,1.0
230.0,74.88562285927102,0.13988454546976611,52.53124905281524,0.4241778150466825,0.25978052354870956,488.9399490114226,239.50129710182384,1.0
230.0,74.89253674332141,0.13940050376904767,52.55699891786768,0.42404248668359124,0.2598319208209825,488.77593055513915,239.6177714924303,1.0
230.0,74.89944582267482,0.13891708160038604,52.58271993778426,0.4239071583205001,0.25988338430881414,488.6118832073023,239.73432592134193,1.0
230.0,74.90635009155807,0.13843398318502131,52.60841060701726,0.4237718299574088,0.25993491408113634,488.44780692420903,239.8509604516698,1.0
230.0,74.91324954414476,0.137953493153729,52.63412297213412,0.42363650159431754,0.2599865102065651,488.28370166202006,239.9676751457925,1.0
230.0,74.92014417461138,0.13747438888607288,52.65981491494709,0.42350117323122627,0.26003817275404423,488.1195673768514,240.08447006654518,1.0
230.0,74.92703397711564,0.13699308234854016,52.68554296105856,0.423365844868135,0.26008990179257224,487.9554040247332,240.20134527671465,1.0
230.0,74.9339189458016,0.13651436165423766,52.711242016827526,0.42323051650504373,0.26014169739131204,487.7912115616222,240.3183008392369,1.0
230.0,74.94079907479666,0.13603560807855972,52.73690733645328,0.42309518814195246,0.2601935596194976,487.62698994339894,240.43533681704065,1.0
230.0,74.94767435820661,0.13556188855096535,52.762547772943094,0.4229598597788612,0.2602454885464568,487.4627391258564,240.55245327306685,1.0
230.0,74.95454479013745,0.13508246599158416,52.78814696100692,0.4228245314157699,0.26029748424173604,487.2984590647266,240.66965027050574,1.0
230.0,74.96141036464806,0.13460726595441497,52.81372463075827,0.42268920305267865,0.26034954677475686,487.1341497156319,240.78692787218,1.0
230.0,74.96827107581635,0.1341339238708033,52.839303550597506,0.4225538746895874,0.2604016762153723,486.9698110341544,240.9042861415397,1.0
230.0,74.97512691767923,0.13365923637748775,52.86495183472716,0.4224185463264961,0.2604538726332456,486.80544297576745,241.02172514155345,1.0
230.0,74.98197788426965,0.13318587524485637,52.890563380165844,0.42228321796340484,0.26050613609836576,486.6410454958821,241.13924493562388,1.0
230.0,74.98882396960416,0.132713381618563,52.916146935028365,0.4221478896003136,0.26055846668077615,486.4766185498316,241.2568455871102,1.0
230.0,74.9956651676729,0.132242064241677,52.94169826604592,0.4220125612372224,0.26061086445056475,486.31216209285043,241.37452715929257,1.0
230.0,75.00250147246409,0.13177162454490646,52.96721940915882,0.42187723287413115,0.26066332947805076,486.1476760801214,241.4922897157357,1.0
230.0,75.00933287794068,0.131301343317663,52.99270854060734,0.4217419045110399,0.2607158618335852,485.9831604667288,241.61013331990404,1.0
230.0,75.01615937804766,0.13083312569959907,53.018233635695914,0.4216065761479486,0.26076846158761385,485.81861520767694,241.72805803528772,1.0
230.0,75.02298096672203,0.13036450166945399,53.04373269630138,0.42147124778485734,0.26082112881082564,485.6540402579062,241.84606392566977,1.0
230.0,75.0297976378845,0.12989732720863936,53.06920396376538,0.42133591942176607,0.2608738635739668,485.48943557226943,241.96415105478528,1.0
230.0,75.03660938541736,0.1294318172271024,53.09469283890961,0.4212005910586748,0.26092666594772174,485.3248011055155,242.08231948610091,1.0
230.0,75.04341620321378,0.12896426319139154,53.12015321982111,0.42106526269558353,0.26097953600310947,485.16013681234557,242.20056928355507,1.0
230.0,75.05021808514644,0.12849977981951097,53.14558503153067,0.42092993433249226,0.26103247381130457,484.99544264737773,242.31890051120473,1.0
230.0,75.05701502505708,0.12803101738986433,53.171008357748775,0.420794605969401,0.2610854794434119,484.8307185651312,242.43731323283376,1.0
230.0,75.06380701677598,0.1275732110156601,53.1964502217902,0.4206592776063097,0.2611385529707137,484.66596452004563,242.55580751239174,1.0
230.0,75.07059405413393,0.1271104048679241,53.221859360174825,0.42052394924321845,0.26119169446473745,484.5011804665071,242.67438341413987,1.0
230.0,75.07737613090865,0.12664878156307116,53.24723640432521,0.4203886208801272,0.26124490399685124,484.3363663587696,242.79304100187025,1.0
230.0,75.08415324090753,0.12618798099646958,53.27258542532904,0.4202532925170359,0.2612981816389283,484.17152215107,242.9117803401669,1.0
230.0,75.09092537788071,0.12572794920357014,53.29790135693398,0.42011796415394476,0.2613515274626292,484.006647797508,243.0306014930532,1.0
230.0,75.09769253558264,0.12526903410491783,53.32322202295556,0.4199826357908535,0.26140494153984345,483.84174325212683,243.1495045248344,1.0
230.0,75.10445470774624,0.12481053491722276,53.34858138379215,0.4198473074277622,0.26145842394262664,483.6768084688841,243.26848949995167,1.0
230.0,75.11121188809145,0.12435631091295044,53.37392334673104,0.41971197906467095,0.261511974743154,483.5118434016633,243.38755648291828,1.0
230.0,75.11796407031518,0.12388606345947006,53.39925175020793,0.4195766507015797,0.26156559401370977,483.3468480042528,243.5067055382776,1.0
230.0,75.12471124809585,0.12344027904531969,53.42453400902979,0.4194413223384884,0.261619281826552,483.1818222303548,243.6259367303963,1.0
230.0,75.13145341509971,0.12298482400433498,53.449781232983405,0.41930599397539714,0.2616730382542402,483.0167660335983,243.74525012401054,1.0
230.0,75.13819056498569,0.12253104398546359,53.47500920454207,0.41917066561230587,0.2617268633695182,482.85167936754505,243.86464578405537,1.0
230.0,75.14492269137453,0.12207750710400998,53.5001989631201,0.4190353372492146,0.2617807572450198,482.68656218564075,243.9841237750947,1.0
230.0,75.15164978787907,0.12162495794342794,53.525427256593595,0.41890000888612333,0.26183471995359736,482.52141444126016,244.10368416195013,1.0
230.0,75.15837184810574,0.12117300090921856,53.5506505442234,0.41876468052303206,0.26188875156833585,482.3562360877122,244.2233270097056,1.0
230.0,75.16508886562713,0.12057728082610447,53.57600590568684,0.4186293521599408,0.26194285216228647,482.19102707819434,244.34305238321934,1.0
230.0,75.17180083400916,0.12027150908035575,53.60105969395437,0.4184940237968495,0.2619970218087256,482.0257873658392,244.4628603476138,1.0
230.0,75.17850774679836,0.11982253586194651,53.626215233955236,0.41835869543375825,0.262051260581018,481.8605169036924,244.58275096801552,1.0
230.0,75.18520959752422,0.11937809192840376,53.651328882976344,0.4182233670706671,0.26210556855262734,481.6952156447089,244.70272430957536,1.0
230.0,75.19190637968902,0.1189260980890013,53.676456519123064,0.4180880387075758,0.26215994579715507,481.5298835417542,244.82278043752135,1.0
230.0,75.19859808680084,0.11847889252343102,53.70158805702754,0.41795271034448456,0.2622143923884572,481.36452054763674,244.9429194174112,1.0
230.0,75.20528471232566,0.11803268356156768,53.72668525449799,0.4178173819813933,0.26226890840027706,481.1991266150473,245.06314131443136,1.0
230.0,75.2119662497298,0.11758735590267501,53.751753369616004,0.417682053618302,0.26232349390666704,481.0337016966124,245.18344619417186,1.0
230.0,75.21864269244675,0.11714298599074283,53.776797893654624,0.41754672525521075,0.2623781489817162,480.86824574485786,245.30383412212558,1.0
230.0,75.22531403390866,0.11669940874731032,53.801851145742596,0.4174113968921195,0.26243287369970175,480.7027587122414,245.42430516397985,1.0
230.0,75.23198026752148,0.1162568637364684,53.82687660081761,0.4172760685290282,0.2624876681350217,480.53724055112497,245.5448593854775,1.0
230.0,75.23864138666711,0.11581305185096664,53.85191594850619,0.41714074016593694,0.2625425323620498,480.3716912137751,245.66549685216532,1.0
230.0,75.24529738472205,0.11537312386794879,53.876943303459946,0.41700541180284567,0.2625974664555499,480.20611065239564,245.78621763012885,1.0
230.0,75.25194825503685,0.11493230161491408,53.90193888339765,0.4168700834397544,0.2626524704901693,480.0404988190788,245.90702178509395,1.0
230.0,75.25859399095576,0.1144926625474886,53.92690242736677,0.41673475507666313,0.2627075445409223,479.87485566586133,246.02790938329323,1.0
230.0,75.26523458579105,0.11405423790054958,53.95183853370936,0.41659942671357186,0.26276268868275454,479.7091811446633,246.1488804906642,1.0
230.0,75.27187003285073,0.1136166306945361,53.97673641760814,0.4164640983504806,0.2628179029908533,479.543475207339,246.26993517343863,1.0
230.0,75.2785003254056,0.11317876975908571,54.001599071526044,0.41632876998738944,0.26287318754039374,479.3777378056347,246.39107349766013,1.0
230.0,75.28512545672316,0.11274228394222567,54.026546065726706,0.41619344162429817,0.26292854240680463,479.2119688912182,246.5122955296614,1.0
230.0,75.29174542006277,0.1123063790868024,54.051468482989364,0.4160581132612069,0.26298396766569515,479.0461684156932,246.63360133597263,1.0
230.0,75.29836020864707,0.11167745742372844,54.0764718963792,0.4159227848981156,0.26303946339274703,478.8803363305485,246.75499098305696,1.0
230.0,75.30496981568336,0.11144101745421188,54.101210915560756,0.41578745653502436,0.2630950296636804,478.71447258718524,246.87646453731335,1.0
230.0,75.3115742343707,0.11100461149158727,54.12604193362054,0.4156521281719331,0.2631506665544899,478.54857713693065,246.9980220654627,1.0
230.0,75.31817345787812,0.1105720723884765,54.15083435355075,0.4155167998088418,0.26320637414113873,478.38264993100734,247.1196636340214,1.0
230.0,75.32476747936394,0.11014076614238984,54.175609919036354,0.41538147144575055,0.2632621524998359,478.2166909205595,247.2413893097821,1.0
230.0,75.33135629198152,0.10970942000970246,54.20040266396863,0.4152461430826593,0.26331800170710756,478.0507000566693,247.36319915995276,1.0
230.0,75.33793988883413,0.10928000860238282,54.225168035049506,0.415110814719568,0.2633739218391833,477.88467729027053,247.48509325103544,1.0
230.0,75.34451826303363,0.10885081463177333,54.24992206932423,0.41497548635647674,0.26342991297275187,477.7186225722547,247.60707165021515,1.0
230.0,75.35109140766237,0.10842253891501882,54.274667975054165,0.41484015799338547,0.2634859751845826,477.55253585341063,247.72913442464358,1.0
230.0,75.35765931578696,0.10799483075019863,54.29938546500489,0.4147048296302942,0.263542108551471,477.3864170844347,247.8512816413742,1.0
230.0,75.36422198045739,0.10756819429484343,54.3240654447081,0.41456950126720293,0.26359831315046606,477.2202662159367,247.97351336774432,1.0
230.0,75.370779394699,0.1071420396450168,54.34874512637029,0.4144341729041118,0.2636545890586282,477.05408319843167,248.09582967096046,1.0
230.0,75.37733155152894,0.10671696717770536,54.37343222652681,0.4142988445410205,0.2637109363533487,476.88786798236015,248.21823061865155,1.0
230.0,75.38387844394707,0.10629273902505638,54.398084592000714,0.41416351617792924,0.26376735511209454,476.7216205180692,248.34071627842943,1.0
230.0,75.39042006490455,0.10586918235185121,54.42270431417662,0.41402818781483797,0.263823845412118,476.5553407557715,248.46328671734904,1.0
230.0,75.3969564073734,0.10544628103965316,54.44728508776467,0.4138928594517467,0.2638804073313135,476.3890286456502,248.58594200346272,1.0
230.0,75.4034874642956,0.10502430685638782,54.47184157724078,0.41375753108865543,0.2639370409475574,476.2226841377825,248.7086822046357,1.0
230.0,75.41001322857868,0.10460314228295713,54.496411231789125,0.41362220272556416,0.2639937463386796,476.0563071821233,248.83150738846322,1.0
230.0,75.41653369313131,0.10418301842237782,54.52098933307649,0.4134868743624729,0.2640505235828712,475.8898977285735,248.95441762305393,1.0
230.0,75.42304885083045,0.1037633730043215,54.54556232527344,0.4133515459993816,0.26410737275832596,475.72345572691745,249.07741297633615,1.0
230.0,75.42955869454426,0.10334498711373814,54.570098304729555,0.41321621763629035,0.26416429394346275,475.5569811268673,249.20049351650266,1.0
230.0,75.43606321710139,0.10292679263972498,54.5946053073591,0.4130808892731991,0.26422128721662963,475.3904738780096,249.32365931142223,1.0
230.0,75.44256241134696,0.10250923185432469,54.61906962547742,0.4129455609101078,0.2642783526567322,475.22393392988994,249.4469104298264,1.0
230.0,75.44905627008531,0.10209308118611375,54.64351222887131,0.41281023254701654,0.2643354903425264,475.05736123193327,249.57024694001342,1.0
230.0,75.45554478608649,0.1016778502481006,54.66791770946651,0.4126749041839253,0.2643927003528021,474.890755733449,249.69366891015463,1.0
230.0,75.46202795213725,0.10126287277349659,54.692340459535316,0.4125395758208341,0.26444998276678605,474.72411738369976,249.8171764090688,1.0
230.0,75.46850576097764,0.1008491305278779,54.716770194419965,0.41240424745774285,0.2645073376636116,474.55744613181935,249.94076950522373,1.0
230.0,75.47497820534852,0.10043583655577094,54.74118767460633,0.4122689190946516,0.2645647651228055,474.3907419268806,250.06444826763317,1.0
230.0,75.48144527794813,0.1000234635801911,54.76558044100865,0.4121335907315603,0.26462226522365584,474.22400471782083,250.18821276471954,1.0
230.0,75.48790697148394,0.09961206086992021,54.78993295453522,0.41199826236846904,0.264679838046046,474.0572344535341,250.3120630658064,1.0
230.0,75.49436327861424,0.09920120265227772,54.814253868746505,0.41186293400537777,0.2647374836695758,473.890431082767,250.43599923953627,1.0
230.0,75.50081419200075,0.0987918282624366,54.83853864556083,0.4117276056422865,0.2647952021742921,473.7235945542132,250.56002135518875,1.0
230.0,75.50725970428563,0.09838238133821005,54.86284814435315,0.41159227727919523,0.26485299364039533,473.55672481646945,250.68412948215817,1.0
230.0,75.51369980807137,0.09797373744256646,54.887132465785974,0.41145694891610396,0.26491085814791976,473.3898218180076,250.80832368937132,1.0
230.0,75.52013449596613,0.09756638154841649,54.9113854014511,0.4113216205530127,0.26496879577740057,473.22288550723806,250.93260404648225,1.0
230.0,75.526563760538,0.09715920921936777,54.93560187115861,0.4111862921899214,0.26502680660923633,473.0559158324489,251.05697062273654,1.0
230.0,75.53298759434946,0.09675346511363277,54.959829838141886,0.41105096382683015,0.265084890724233,472.88891274185926,251.18142348793796,1.0
230.0,75.5394059899373,0.09634821657979485,54.98403226155541,0.4109156354637389,0.2651430482031213,472.72187618357134,251.30596271158953,1.0
230.0,75.54581893982187,0.09594367857830106,55.008192919292824,0.4107803071006476,0.26520127912689223,472.5548061056071,251.4305883635008,1.0
230.0,75.55222643650174,0.09554017679216673,55.03239022997141,0.41064497873755645,0.2652595835767129,472.3877024558827,251.55530051360395,1.0
230.0,75.55862847245962,0.0951375674509687,55.056552870156004,0.4105096503744652,0.2653179616338475,472.220565182229,251.68009923186534,1.0
230.0,75.56502504015096,0.09473538377661124,55.08068587303054,0.4103743220113739,0.2653764133796755,472.0533942323652,251.80498458827137,1.0
230.0,75.57141613202792,0.09433446915848008,55.10477935060174,0.41023899364828265,0.26543493889589215,471.8861895539402,251.92995665320623,1.0
230.0,75.57780174049381,0.09393377688704871,55.12884338295771,0.4101036652851914,0.26549353826399885,471.71895109446285,252.05501549654394,1.0
230.0,75.58418185795684,0.09353438455820802,55.152866792127156,0.4099683369221001,0.2655522115659705,471.5516788013794,252.18016118882016,1.0
230.0,75.59055647680387,0.09313542140018871,55.17686916341465,0.40983300855900884,0.265610958883892,471.3843726220438,252.30539380062274,1.0
230.0,75.59692558939591,0.09273718041373442,55.2009386659263,0.40969768019591757,0.2656697802999178,471.21703250369507,252.43071340247732,1.0
230.0,75.60328918807123,0.09234030878954859,55.224978782105886,0.4095623518328263,0.2657286758963431,471.04965839347244,252.55612006498234,1.0
230.0,75.60964726514872,0.09194345727413718,55.24898243354178,0.40942702346973503,0.26578764575563396,470.8822502384266,252.68161385888985,1.0
230.0,75.61599981294192,0.09154883076758069,55.27295955205071,0.40929169510664376,0.2658466899605231,470.71480798551755,252.80719485524685,1.0
230.0,75.62234682371881,0.09115344084476702,55.2968856432713,0.4091563667435525,0.26590580859363333,470.54733158157956,252.9328631247348,1.0
230.0,75.62868828974783,0.09075933077353025,55.3207961975248,0.4090210383804612,0.2659650017379982,470.3798209733754,253.0586187385923,1.0
230.0,75.63502420327187,0.09036581949464158,55.34466181271621,0.40888571001736995,0.26602426947674285,470.21227610756284,253.18446176805827,1.0
230.0,75.64135455650884,0.08997364082714895,55.36855405032391,0.4087503816542788,0.26608361189304874,470.0446969306951,253.3103922843002,1.0
230.0,75.64767934166792,0.08958153902133022,55.392413502298666,0.4086150532911875,0.26614302907043685,469.8770833892362,253.43641035890818,1.0
230.0,75.65399855092339,0.08919071204625578,55.41626768279149,0.40847972492809625,0.26620252109235115,469.7094354295325,253.56251606317318,1.0
230.0,75.66031217643503,0.08880024365381482,55.4401004070398,0.408344396565005,0.2662620880425429,469.54175299784384,253.68870946875523,1.0
230.0,75.66662021035276,0.08841275660680403,55.463902270765246,0.4082090682019137,0.2663217300049753,469.37403604034125,253.81499064752484,1.0
230.0,75.67292264479052,0.0880222599347197,55.487678954519566,0.40807373983882245,0.2663814470636254,469.2062845030724,253.94135967119766,1.0
230.0,75.67921947184745,0.08763409657687776,55.51141921187969,0.4079384114757312,0.2664412393026466,469.03849833199394,254.06781661163404,1.0
230.0,75.68551068361185,0.08724800508697862,55.535179481343505,0.4078030831126399,0.26650110680652334,468.8706774729779,254.1943615411167,1.0
230.0,75.69179627212704,0.08686177663928639,55.558913462551125,0.40766775474954864,0.26656104965960553,468.70282187175684,254.320994531492,1.0
230.0,75.69807622944639,0.0864762473552663,55.58261175326825,0.40753242638645737,0.2666210679467001,468.5349314740077,254.4477156552759,1.0
230.0,75.70435054757911,0.0860915071990793,55.60627645524892,0.4073970980233661,0.26668116175253775,468.36700622527184,254.57452498465375,1.0
230.0,75.71061921853219,0.08570745157458332,55.629906527880934,0.40726176966027483,0.26674133116226884,468.19904607101836,254.70142259239378,1.0
230.0,75.71688223426673,0.08532460846856058,55.653524272759014,0.40712644129718356,0.26680157626081474,468.0310509565734,254.8284085506704,1.0
230.0,75.72313958675683,0.08494203760390961,55.67712700050186,0.4069911129340923,0.26686189713376046,467.86302082721465,254.95548293267504,1.0
230.0,75.72939126792156,0.08456043686697255,55.70075176293025,0.40685578457100113,0.2669222938663082,467.6949556280622,255.0826458107389,1.0
230.0,75.73563726969343,0.08417944024373761,55.72435443258851,0.40672045620790986,0.2669827665444445,467.52685530419336,255.20989725841062,1.0
230.0,75.74187758395348,0.08380019317389881,55.74791411068766,0.4065851278448186,0.2670433152537482,467.35871980052843,255.33723734833623,1.0
230.0,75.7481122025745,0.08342072040620371,55.77144142703155,0.4064497994817273,0.267103940080238,467.1905490619116,255.46466615377278,1.0
230.0,75.75434111741092,0.08304210555606449,55.794938232962096,0.40631447111863606,0.26716464111003907,467.02234303307233,255.5921837479797,1.0
230.0,75.76056432029202,0.08266475138125678,55.81840006702298,0.4061791427555448,0.26722541842945796,466.8541016586505,255.71979020437576,1.0
230.0,75.76678180303581,0.08228763645625799,55.841820725469944,0.4060438143924535,0.2672862721250763,466.6858248831861,255.84748559668293,1.0
230.0,75.77299355742208,0.08191160845619527,55.865257232095146,0.40590848602936225,0.26734720228342335,466.5175126510903,255.97526999835358,1.0
230.0,75.77919957522005,0.08153663516942847,55.88869308012687,0.405773157666271,0.26740820899127726,466.3491649066858,256.1031434831078,1.0
230.0,75.78539984817512,0.08116261034552026,55.912122536198574,0.4056378293031797,0.267469292335663,466.1807815941921,256.23110612491723,1.0
230.0,75.79159436801952,0.08078944939962503,55.935506919359376,0.40550250094008844,0.26753045240378326,466.0123626577294,256.35915799790274,1.0
230.0,75.7977831264484,0.08041526284675335,55.958873040650005,0.40536717257699717,0.2675916892828306,465.8439080412909,256.48729917597416,1.0
230.0,75.80396611515044,0.08004324650508791,55.98219482272134,0.4052318442139059,0.2676530030603514,465.6754176887925,256.6155297335125,1.0
230.0,75.81014332579069,0.07967167202423617,56.00548246897505,0.40509651585081463,0.26771439382408524,465.5068915440372,256.7438497450384,1.0
230.0,75.81631474999611,0.07930118878177736,56.02877737647828,0.4049611874877235,0.2677758616616281,465.3383295506909,256.87225928464517,1.0
230.0,75.822480379394,0.07892974769876723,56.05206145872846,0.4048258591246322,0.2678374066611177,465.1697316523606,257.0007584272211,1.0
230.0,75.82864020558517,0.07856383851543484,56.07529793671166,0.40469053076154093,0.2678990289107913,465.0010977925292,257.129347247631,1.0
230.0,75.83479422013392,0.07819426772577524,56.09850168981227,0.40455520239844966,0.2679607284987748,464.83242791455183,257.25802582037807,1.0
230.0,75.84094241460257,0.07782647717637746,56.12169156442045,0.4044198740353584,0.26802250551371776,464.66372196171324,257.38679422070754,1.0
230.0,75.84708478052441,0.07745970066193103,56.14487202127367,0.4042845456722671,0.26808436004433267,464.4949798771709,257.51565252379146,1.0
230.0,75.85322130940676,0.07709373565625097,56.16801841721234,0.40414921730917586,0.26814629217944913,464.326201603978,257.6446008048286,1.0
230.0,75.85935199273173,0.07672869213144828,56.19116083119205,0.4040138889460846,0.2682083020079194,464.15738708506444,257.77363913887876,1.0
230.0,75.86547682197835,0.07636416904407371,56.214297697249975,0.4038785605829933,0.26827038961920985,463.988536263295,257.90276760191625,1.0
230.0,75.87159578857963,0.07600055717384457,56.23739697881669,0.40374323221990205,0.2683325551024804,463.8196490813744,258.0319862691724,1.0
230.0,75.87770888397418,0.0756375853790633,56.26046563665178,0.4036079038568108,0.2683947985474959,463.6507254819526,258.1612952167851,1.0
230.0,75.88381609955285,0.07527554713046404,56.28349740027649,0.4034725754937195,0.2684571200438957,463.4817654075287,258.2906945204722,1.0
230.0,75.88991742669296,0.07491659329436937,56.30647610192709,0.40333724713062824,0.2685195196815074,463.31276880050416,258.42018425611553,1.0
230.0,75.8960128567642,0.07455372374641446,56.32944713874872,0.40320191876753697,0.2685819975506018,463.1437356031977,258.54976450019694,1.0
230.0,75.90210238108203,0.07419421454561702,56.352390962513525,0.4030665904044458,0.268644553741169,462.97466575775974,258.6794353284996,1.0
230.0,75.9081859909822,0.07383521142542211,56.37538168874865,0.40293126204135454,0.2687071883440442,462.805559206313,258.80919681813674,1.0
230.0,75.91426367773987,0.07347703687821668,56.39833634999253,0.4027959336782633,0.2687699014495141,462.63641589079475,258.9390490450651,1.0
230.0,75.92033543262676,0.07311944006205903,56.42125817147969,0.402660605315172,0.2688326931485003,462.46723575307306,259.0689920861747,1.0
230.0,75.92640124689385,0.07276260879206042,56.44414165946128,0.40252527695208073,0.26889556353205757,462.29801873490294,259.199026018405,1.0
230.0,75.9324611117651,0.0724069263886061,56.466990766482375,0.40238994858898947,0.26895851269130594,462.1287647779231,259.3291509186379,1.0
230.0,75.93851501843385,0.07205180049087709,56.4898066373361,0.4022546202258982,0.26902154071751533,461.95947382364614,259.4593668638135,1.0
230.0,75.94456295808881,0.07169680778415763,56.51259291937658,0.4021192918628069,0.2690846477023791,461.7901458135078,259.5896739314542,1.0
230.0,75.95060492187962,0.0713436737232079,56.53539232028507,0.40198396349971566,0.2691478337374293,461.6207806888003,259.72007219860774,1.0
230.0,75.95664090095181,0.07099086741490164,56.55815752322712,0.4018486351366244,0.26921109891479916,461.45137839073885,259.85056174319226,1.0
230.0,75.96267088640548,0.07063852938714453,56.58088403055973,0.4017133067735331,0.26927444332640504,461.281938860384,259.9811426425489,1.0
230.0,75.96869486933466,0.07028737988627588,56.60360699145432,0.40157797841044185,0.269337867064529,461.11246203871355,260.1118149744983,1.0
230.0,75.97471284080312,0.06993615213485233,56.62631148395084,0.4014426500473506,0.2694013702216663,460.942947866589,260.24257881703187,1.0
230.0,75.98072479186524,0.06958693034540901,56.64897171032721,0.4013073216842593,0.2694649528905758,460.77339628476756,260.37343424843465,1.0
230.0,75.98673071352698,0.06923804195655918,56.67160258854249,0.40117199332116815,0.26952861516388676,460.60380723386066,260.50438134655604,1.0
230.0,75.99273059679258,0.06888980698495517,56.694240806957616,0.4010366649580769,0.2695923571347003,460.434180654399,260.6354201899062,1.0
230.0,75.9987244326409,0.06854217298905546,56.71685683362987,0.4009013365949856,0.26965617889625537,460.26451648679375,260.766550857044,1.0
230.0,76.00471221202213,0.06819535664215229,56.73944011814148,0.40076600823189434,0.2697200805419616,460.0948146713383,260.8977734266417,1.0
230.0,76.01069392586268,0.06784946250969401,56.76198588623724,0.4006306798688031,0.2697840621653255,459.92507514820414,261.02908797734966,1.0
230.0,76.01666956507381,0.06750434403495716,56.784487428407445,0.4004953515057118,0.2698481238602345,459.7552978574688,261.16049458830486,1.0
230.0,76.02263912053712,0.06715997591983305,56.806958100634404,0.40036002314262054,0.26991226572058485,459.58548273907684,261.2919933384723,1.0
230.0,76.0286025831088,0.0668162488027236,56.82939633573453,0.40022469477952927,0.2699764878404873,459.4156297328624,261.4235843070002,1.0
230.0,76.03455994363316,0.06647318278908625,56.85187997517943,0.400089366416438,0.27004079031443123,459.24573877855835,261.55526757351385,1.0
230.0,76.04051119291633,0.06612941551574614,56.87433469035659,0.3999540380533467,0.27010517323686833,459.0758098157596,261.68704321738136,1.0
230.0,76.04645632174925,0.06579012221615586,56.89676098819216,0.39981870969025546,0.27016963670246447,458.9058427839555,261.8189113181608,1.0
230.0,76.05239532091119,0.06544848139007993,56.91915502403663,0.3996833813271642,0.2702341808064061,458.7358376225446,261.9508719561365,1.0
230.0,76.05832818113457,0.0651128810232857,56.94148754070106,0.3995480529640729,0.2702988056436224,458.5657942707643,262.0829252109374,1.0
230.0,76.06425489313446,0.06476988162135994,56.9638257531762,0.39941272460098165,0.27036351130936614,458.3957126677533,262.21507116258243,1.0
230.0,76.07017544762961,0.06443170844840265,56.98609635534157,0.3992773962378905,0.2704282978994917,458.2255927525735,262.34730989196083,1.0
230.0,76.07608983526048,0.06409406063503664,57.008350585386566,0.3991420678747992,0.2704931655092027,458.0554344640779,262.47964147860006,1.0
230.0,76.08199804671023,0.0637572164439019,57.030617444580564,0.39900673951170795,0.27055811423497306,457.8852377411198,262.6120660041033,1.0
230.0,76.0879000725864,0.06342099738190354,57.05285347866716,0.3988714111486167,0.2706231441725664,457.71500252233807,262.74458354860144,1.0
230.0,76.09379590348426,0.06308554560503309,57.07506247547047,0.3987360827855254,0.2706882554182429,457.54472874628493,262.87719419292006,1.0
230.0,76.09968553000982,0.06275103665934026,57.0972629936069,0.39860075442243414,0.27075344806887297,457.37441635144,263.0098980187744,1.0
230.0,76.10556894269284,0.06241708189196646,57.11942719557349,0.3984654260593429,0.2708187222208653,457.20406527608736,263.1426951068404,1.0
230.0,76.11144613207084,0.062084173312557514,57.14154642307514,0.3983300976962516,0.27088407797112074,457.03367545843787,263.2755855385011,1.0
230.0,76.11731708865676,0.061751793848853744,57.16363118341174,0.39819476933316034,0.2709495154169826,456.8632468365894,263.4085693956972,1.0
230.0,76.12318180292696,0.06142030542890816,57.185740459342185,0.39805944097006907,0.27101503465557236,456.6927793484921,263.54164675979786,1.0
230.0,76.12904026534721,0.06108927359641913,57.20780569967033,0.3979241126069778,0.271080635784547,456.5222729320068,263.67481771291557,1.0
230.0,76.13489246634327,0.06075921894969442,57.229841059501695,0.39778878424388653,0.27114631890148266,456.3517275248407,263.8080823368141,1.0
230.0,76.14073839633085,0.06042983512029813,57.25184509432285,0.39765345588079526,0.27121208410437814,456.1811430646092,263.941440713819,1.0
230.0,76.14657804568924,0.06010139445613037,57.27380397961733,0.397518127517704,0.271277931491229,456.01051948878694,264.07489292604595,1.0
230.0,76.15241140479438,0.0597732831968427,57.295732731156086,0.39738279915461283,0.27134386116063264,455.8398567347624,264.20843905647115,1.0
230.0,76.15823846398264,0.05944666523311232,57.317633066773766,0.39724747079152156,0.27140987321106574,455.66915473977593,264.3420791876678,1.0
230.0,76.16405921355634,0.05912242119125554,57.33953327126712,0.3971121424284303,0.27147596774115956,455.4984134409338,264.475813402261,1.0
230.0,76.16987364381205,0.05879442840311619,57.361455064479216,0.396976814065339,0.27154214484993056,455.3276327752472,264.6096417833829,1.0
230.0,76.17568174501572,0.05846984914931745,57.383331274334424,0.39684148570224775,0.2716084046365674,455.15681267959957,264.7435644142515,1.0
230.0,76.18148350740724,0.05814585264919421,57.405170459196626,0.3967061573391565,0.2716747472004782,454.98595309074864,264.87758137827524,1.0
230.0,76.18727892119702,0.057822236584398445,57.42697108285107,0.3965708289760652,0.2717411726411057,454.8150539453222,265.0116927587303,1.0
230.0,76.19306797658845,0.05750092846725107,57.44873814910261,0.39643550061297395,0.2718076810585184,454.64411517985445,265.14589863978335,1.0
230.0,76.19885066373594,0.05717817374318186,57.470471235344206,0.3963001722498827,0.27187427255248015,454.4731367307152,265.2801991048654,1.0
230.0,76.2046269727818,0.05685714847756005,57.49216293008381,0.3961648438867914,0.27194094722319645,454.3021185341707,265.4145942379901,1.0
230.0,76.21039689385228,0.05653683319290818,57.51386173856325,0.39602951552370014,0.27200770517134126,454.1310605263838,265.5490841237833,1.0
230.0,76.21616041703031,0.05621707361874391,57.53553488993791,0.39589418716060887,0.2720745464972972,453.9599626433572,265.68366884617336,1.0
230.0,76.22191753238316,0.05589845836140542,57.55717600237358,0.3957588587975176,0.2721414713020063,453.78882482098766,265.81834848984465,1.0
230.0,76.2276682299633,0.055580361147903365,57.57880925949134,0.39562353043442633,0.2722084796867159,453.61764699506506,265.95312313983817,1.0
230.0,76.23341249977719,0.055262635864092594,57.60041185344901,0.39548820207133517,0.2722755717524777,453.44642910121723,266.0879928806416,1.0
230.0,76.23915033182423,0.054946123498271965,57.62197444238981,0.3953528737082439,0.2723427476010171,453.2751710749815,266.22295779771093,1.0
230.0,76.2506066424511,0.05431512019699546,57.6650136205082,0.39508221698206136,0.27247735105311693,452.93253436677713,266.49317350113654,1.0
230.0,76.2563251008917,0.054000778597299695,57.68653400963464,0.3949468886189701,0.2725447788608944,452.7611555552354,266.6284244587503,1.0
230.0,76.2620370812751,0.05368731523713417,57.70799521808185,0.3948115602558788,0.27261229085945965,452.58973635212215,266.7637709344004,1.0
230.0,76.26774257347215,0.0533741111069312,57.72943232259706,0.39467623189278755,0.27267988715147806,452.4182766923366,266.8992130141865,1.0
230.0,76.27344156732504,0.05306212900211333,57.75082220831712,0.3945409035296963,0.27274756783985127,452.2467765106561,267.03475078441306,1.0
230.0,76.27913405265603,0.0527505007203706,57.772179831885055,0.394405575166605,0.27281533302777244,452.07523574172603,267.170384331681,1.0
230.0,76.28482001923331,0.05244014423369197,57.793504671537704,0.39427024680351375,0.27288318281807294,451.9036543200206,267.30611374175896,1.0
230.0,76.29049945683353,0.05213024430776652,57.81480686317957,0.3941349184404225,0.2729511173144441,451.7320321799446,267.4419391017208,1.0
230.0,76.29617235520284,0.05182069335853536,57.83614424337911,0.3939995900773312,0.2730191366208173,451.5603692557713,267.57786049884544,1.0
230.0,76.30183870404474,0.051512079922178565,57.85744104983644,0.39386426171423994,0.27308724084092056,451.3886654816114,267.7138780198542,1.0
230.0,76.30749849304355,0.051204798204191486,57.87870649338356,0.39372893335114867,0.2731554300788537,451.216920791454,267.84999175190467,1.0
230.0,76.31315171186861,0.050898061020515674,57.89993004879814,0.3935936049880575,0.2732237044391464,451.04513511918816,267.98620178271784,1.0
230.0,76.31879835015565,0.05059182507470784,57.921118215861114,0.39345827662496624,0.27329206402644296,450.87330839855326,268.1225081999821,1.0
230.0,76.32443839750256,0.050286698368320996,57.94226735099889,0.39332294826187497,0.2733605089454119,450.70144056314217,268.2589110912343,1.0
230.0,76.33007184350836,0.0499812780522027,57.963388163951166,0.3931876198987837,0.27342903930140144,450.529531546463,268.39541054498886,1.0
230.0,76.33569867771529,0.04967684265819691,57.984487600194655,0.39305229153569243,0.2734976551993665,450.3575812818374,268.5320066488677,1.0
230.0,76.34693246885769,0.0490709719257654,58.02663985080011,0.3927816348095099,0.2736351440442637,450.0135567415494,268.8054891620384,1.0
230.0,76.35253940478079,0.04876923353553774,58.04766050582613,0.3926463064464186,0.2737040172029439,449.84148233194105,268.94237574873955,1.0
230.0,76.35813968687243,0.048468341146550936,58.068658272470536,0.39251097808332736,0.2737729763271886,449.6693664064817,269.07935934051886,1.0
230.0,76.36373330457471,0.048167537310806655,58.08963891209737,0.3923756497202361,0.2738420215236915,449.49720889789774,269.2164400269959,1.0
230.0,76.36932024726909,0.04786783694598893,58.11057715200709,0.3922403213571448,0.273911152898849,449.3250097387118,269.3536178970238,1.0
230.0,76.37490050434579,0.04756904975718522,58.13148197816128,0.39210499299405355,0.2739803705598755,449.15276886139225,269.49089304071686,1.0
230.0,76.38047406514895,0.04727111876804235,58.15239755352924,0.3919696646309623,0.274049674613844,448.9804861982265,269.62826554770186,1.0
230.0,76.38604091899157,0.046973592719661124,58.17328084021983,0.391834336267871,0.2741190651680773,448.80816168136715,269.76573550782916,1.0
230.0,76.39160105517138,0.04667657938065699,58.19412662942531,0.39169900790477985,0.27418854233028045,448.635795242857,269.90330301141677,1.0
230.0,76.39715446295168,0.04638076834275491,58.21493368688435,0.3915636795416886,0.2742581062082374,448.46338681458093,270.04096814869285,1.0
230.0,76.40270113158456,0.0460855027134373,58.23570269216709,0.3914283511785973,0.27432775691031935,448.2909363283267,270.17873101070916,1.0
230.0,76.40824105027478,0.045790905812918455,58.25643441013574,0.39129302281550604,0.27439749454465734,448.1184437157047,270.31659168787786,1.0
230.0,76.41377420819994,0.045497088907950935,58.277129280392536,0.3911576944524148,0.2744673192197401,447.94590890819626,270.4545502710146,1.0
230.0,76.41930059454411,0.045203575513744515,58.297810498830046,0.3910223660893235,0.27453723104481526,447.7733318372009,270.59260685206056,1.0
230.0,76.42482019842129,0.044911309688348305,58.31848445901565,0.39088703772623223,0.2746072301286064,447.60071243391087,270.73076152181585,1.0
230.0,76.46873154772587,0.04259842832882809,58.48286059857122,0.3898044108215022,0.2751703772861894,446.21822494712654,271.8395411188828,1.0
230.0,77.11168949389301,0.014474911996667696,60.627489021147966,0.37234705198272944,0.2850738339476991,423.51933394208174,290.6288418392249,1.0
230.0,77.16034364959813,0.012946561874169983,59.53572509563184,0.3708584399887256,0.2859949514088492,421.5453236393296,292.3145399760208,1.0
230.0,77.21221378316086,0.011412471218264391,-62.20582293678541,0.36923449963163035,0.2870145455111797,419.3843594274611,294.16930902326317,1.0
230.0,77.2292193455765,0.010930672739733962,0.0,0.3686931861792654,0.2873578734079633,418.6622721142586,294.7912744513953,1.0
230.0,77.23344828241248,0.010812639757023734,-47.66068163377291,0.3685578578161741,0.2874439782248412,418.4816109690434,294.9470575564547,1.0
230.0,77.29169940337277,0.009251297243262287,51.84482391284624,0.36666326073289646,0.28866101429833807,415.94643894195076,297.1403693505082,1.0
230.0,77.3039475515936,0.008938384458053597,61.94855898986443,0.36625727564362265,0.2889246427690392,415.4017359923011,297.61338580567997,1.0
230.0,77.30801169394854,0.00883610709680379,0.0,0.3661219472805314,0.2890127433067022,415.2200532823989,297.7712966702452,1.000000000000248
230.0,77.31611201562066,0.008633757489029158,61.688766767091366,0.36585129055434884,0.2891892819783866,414.8565146693633,298.08747736298693,1.0
230.0,77.32014816064876,0.008534286073210731,63.132215671393624,0.36571596219125757,0.2892777204559497,414.674658564425,298.24574749121115,1.0
230.0,77.32819233304616,0.008336183303856786,0.0,0.36544530546507503,0.2894549365573254,414.31077225154337,298.56264806569044,1.0
230.0,77.33220032587911,0.008238047605655847,60.528572643928825,0.36530997710198376,0.28954371452770417,414.1287418404871,298.7212788151487,1.0
230.0,77.34018803812965,0.00804562821127197,-61.43626112906949,0.36503932037580133,0.2897216111772254,413.7645059996576,299.03890199905595,1.0
230.0,77.34813793638654,0.007840762889042745,-54.00288927900024,0.3647686636496188,0.2898999632682619,413.40003611854416,299.3570084466311,1.0000000007136187
230.0,77.35209866161239,0.007762143713029589,-63.08124412486546,0.3646333352865275,0.28998931054413724,413.21771315640746,299.5162432804944,1.0
230.0,77.35999157645463,0.00757729736013721,-62.65332086585996,0.364362678560345,0.2901683484353433,412.8528906737769,299.8350769365458,1.0
230.0,77.38344076406904,0.007041506609989265,60.94971611515943,0.36355070838179737,0.29070822161370374,411.75700329771837,300.79450103450085,1.0
230.0,77.38731529828985,0.006954764017284414,-61.70471273354485,0.3634153800187061,0.290798604781312,411.57414723473045,300.9548329882611,1.0
230.0,77.40654262040827,0.006533409777861351,0.0,0.36273873820324987,0.291252264177705,410.6589684752353,301.75833628789667,1.0000000009903314
230.0,77.41035888850756,0.006451086741008948,60.34824773888722,0.3626034098401586,0.2913433460427219,410.4757522941299,301.91940677501003,1.0
230.0,77.42174897280563,0.0062089872707724305,62.68033654175656,0.3621974247508848,0.2916172949087525,409.92574097831624,302.4033607971361,1.0
230.0,77.42552603325613,0.006129394134596386,-59.55862495820855,0.3620620963877935,0.29170884623664045,409.7422825924938,302.5649268677609,1.0000000000003748
230.0,77.42929324590374,0.006051004683816537,-62.74950941518871,0.36192676802470225,0.29180051539141627,409.5587633875092,302.72661723982856,1.0
230.0,77.43305059234854,0.005973347341213921,53.957628405161095,0.361791439661611,0.29189230256073057,409.3751832558149,302.88843208018505,1.0
230.0,77.44798094574057,0.005669365858373449,61.740483810769504,0.361250126209246,0.29226063511739325,408.64025130066256,303.53693941792096,1.0
230.0,77.4516886830189,0.005595003249417131,-61.86283263408678,0.36111479784615474,0.2923530151654568,408.4563649124159,303.69937907600047,1.0
230.0,77.45538644250527,0.005521270784570879,-62.175529649863094,0.3609794694830635,0.2924455143538872,408.2724169465612,303.8619441961363,1.0
230.0,77.45907420546584,0.0054485724680186556,62.79517947522072,0.3608441411199722,0.29253813287316693,408.08840729383223,304.02463494748594,1.0
230.0,77.46641966653195,0.005304806200393196,0.0,0.36057348439378967,0.2927237286643493,407.7202024892195,304.35039401562767,1.0000000014195582
230.0,77.47007732686482,0.005233870772772653,-56.814240769886105,0.3604381560306984,0.2928167063168338,407.53600711740745,304.5134626683423,1.0
230.0,77.4737249151934,0.005163789464447173,61.31531758688611,0.36030282766760713,0.29290980406428546,407.3517496190391,304.67665762903556,1.0
230.0,77.47736241252426,0.00509367134954311,0.0,0.36016749930451586,0.2930030220986869,407.1674298835675,304.83997906761476,1.0
230.0,77.5096426364613,0.0044983186571384065,59.9285249248813,0.35894954403669455,0.293847429268531,405.5057332313929,306.3155918279316,1.0
230.0,77.51317816892393,0.004434947980088836,-61.30223163931876,0.3588142156736033,0.2939418608561759,405.32078499036203,306.4801875192959,1.0
230.0,77.52021830524315,0.004307137044998644,63.49184134810612,0.35854355894742074,0.29413109153761063,404.9506979862873,306.8097642336291,1.0
230.0,77.52372286991864,0.004250617251429848,0.0,0.35840823058432947,0.29422589102914437,404.76555899588084,306.9747456103342,1.0000000000001292
230.0,77.53070089407727,0.004128897890201961,65.63571532775471,0.35813757385814693,0.2944158593156159,404.3950894682246,307.3050952967593,1.0
230.0,77.53417431410409,0.00406885697030043,56.26624093101607,0.35800224549505566,0.29451102851203653,404.2097587021146,307.47046396424435,1.0
230.0,77.53763731299254,0.004011404363929214,-62.70136854464464,0.3578669171319644,0.29460632134356257,404.02436378134996,307.635962083586,1.0
230.0,77.54108987095445,0.003953147017925148,-62.02733520014198,0.3577315887688731,0.29470173801507005,403.83890459101457,307.8015898396055,1.0
230.0,77.54796358434912,0.003839071448878431,60.987580125376084,0.3574609320426907,0.2948929436856383,403.46779293978227,308.1332349793434,1.0
230.0,77.5547952944171,0.0037271878096293586,0.0,0.35719027531650815,0.2950846471484842,403.09642282241,308.4654008309439,1.0000000002480545
230.0,77.56158484060458,0.0036171998238308965,0.0,0.3569196185903256,0.2952768500434005,402.72479330900006,308.79808886081906,1.0
230.0,77.56496375183754,0.0035644619413283183,-66.23019826697433,0.35678429022723435,0.29537313929194237,402.5388809870034,308.9646291519311,1.0
230.0,77.56833206146963,0.0035099518175202137,-62.03579065597613,0.3566489618641431,0.29546955401442865,402.3529034652155,309.1313005364862,1.0
230.0,77.57168974925202,0.003450645075468447,62.46725854028664,0.3565136335010518,0.2955660944209813,402.1668606263378,309.2981032045922,1.0
230.0,77.57503679481573,0.0034063552039413757,51.84364112069989,0.35637830513796054,0.2956627607179945,401.980752352613,309.4650373398781,1.0
230.0,77.58169887761663,0.003302216868134337,0.0,0.356107648411778,0.2958564718185819,401.60833902842745,309.7993007602149,1.0
230.0,77.5850138738785,0.003251321782812329,0.0,0.35597232004868673,0.2959535170394264,401.4220337411659,309.9666304179885,1.000000000000154
230.0,77.58831814601537,0.003201490252331514,0.0,0.35583699168559546,0.29605068898860365,401.2356625455697,310.13409229380056,1.0000000000001144
230.0,77.59161167340719,0.003152377928014748,0.0,0.3557016633225043,0.2961479878762064,401.0492253225518,310.30168657544846,1.0000000000002613
230.0,77.59489443539255,0.003103502860914359,64.98900050999625,0.35556633495941303,0.2962454139133634,400.8627219527791,310.46941345206153,1.0
230.0,77.59816641125836,0.003054895917530402,-66.17727094983248,0.35543100659632176,0.29634296731184356,400.6761523166498,310.63727311343666,1.0
230.0,77.60142758026522,0.0030073075353320836,57.45469019699507,0.3552956782332305,0.2964406482855726,400.4895162943558,310.80526575252804,1.0
230.0,77.60467792156074,0.0029591691180933955,45.077378989270066,0.3551603498701392,0.29653845704512904,400.3028137656511,310.9733915564364,1.000000000014022
230.0,77.60791741430323,0.002913337921491557,0.0,0.35502502150704796,0.29663639380601864,400.11604461018237,311.14165071992323,1.000000000052361
230.0,77.61114603759077,0.002867162649329266,63.21404046951716,0.3548896931439567,0.296734458782964,399.92920870730023,311.31004343613245,1.0
230.0,77.6175705918194,0.002775915226285724,61.43671313289455,0.35461903641777415,0.29693097424359854,399.5553361750254,311.6472302967052,1.0
230.0,77.6207664806495,0.0027317041225447883,60.44496322537756,0.3544837080546829,0.29702942515811365,399.3682993028284,311.81602482764066,1.0000000000000595
230.0,77.62395141580123,0.0026877191682978716,0.0,0.3543483796915916,0.29712800515068555,399.18119519761336,311.98495368500727,1.0000000004019018
230.0,77.62712537611846,0.0026437710852093912,62.00554927641435,0.35421305132850034,0.2972267144400323,398.9940237373649,312.1540170665392,1.000000000000038
230.0,77.6302883403942,0.002600665120864223,-62.14214771805949,0.35407772296540907,0.29732555324573334,398.8067847997942,312.3232151709842,1.0
230.0,77.63658119544442,0.002516109119881594,0.0,0.35380706623922664,0.29752362027153395,398.432104001386,312.6620163204101,1.0000000000000613
230.0,77.63971104351498,0.0024741047594364954,-60.26229378798144,0.3536717378761354,0.2976228489322426,398.2446618945005,312.8316197633239,1.0
230.0,77.64282981004067,0.002433305458222257,-33.15799973685995,0.3535364095130441,0.29772220798559745,398.0571518179446,313.0013587169241,1.0000000000007947
230.0,77.64593747353322,0.0023923654101487227,-75.77925268782512,0.35340108114995283,0.2978216976533144,397.86957364798735,313.1712333815106,1.0
230.0,77.64903401243001,0.0023527270359264183,-56.96584398545569,0.35326575278686156,0.29792131815677825,397.68192726054815,313.3412439564246,1.0000000007563825
230.0,77.65211940510876,0.0023139905087227455,-62.6527268936866,0.3531304244237703,0.29802106971759096,397.49421253125234,313.51139064097663,1.0
230.0,77.65519362991992,0.002274997207908991,-61.90631827732161,0.352995096060679,0.2981209525595114,397.30642933549893,313.6816736375997,1.0
230.0,77.65825666513946,0.002234939828391962,63.38531908091003,0.35285976769758776,0.2982209669058899,397.1185775483643,313.8520931476698,1.0
230.0,77.6613084890008,0.0021968322957383493,55.08119629406314,0.3527244393344965,0.29832111298142266,396.93065704465675,314.02264937434853,1.0
230.0,77.66434907967515,0.0021593662728761867,0.0,0.3525891109714052,0.2984213910109062,396.7426676988758,314.19334252057274,1.0000000010555634
230.0,77.6673784152951,0.0021214825227529035,70.64855352474726,0.35245378260831395,0.29852180122066846,396.55460938527125,314.36417279137225,1.0
230.0,77.67039647388115,0.002085150424338826,64.770731341875,0.3523184542452227,0.2986223438345902,396.36648197765953,314.5351403873758,1.00000000000109
230.0,77.67340323349893,0.0020489264099670616,62.58136889611152,0.3521831258821314,0.29872301908298304,396.1782853498249,314.7062455193121,1.0
230.0,77.67639867207691,0.002012724145130105,-53.61884917660887,0.35204779751904025,0.2988238271917257,395.9900193750405,314.8774883902754,1.0000000000001261
230.0,77.679382767496,0.0019782084900010336,67.52455252487727,0.351912469155949,0.2989247683882854,395.8016839263094,315.0488692055267,1.0
230.0,77.68235549764518,0.0019422716854316968,29.370741498507613,0.3517771407928577,0.2990258429042123,395.6132788765137,315.22038817660155,1.000000004131165
230.0,77.68531684025612,0.0019074694200553587,43.783268213739234,0.35164181242976644,0.2991270509659307,395.4248040979603,315.3920455062449,1.0000000000169318
230.0,77.6882667730917,0.0018796956884633525,-64.40284622048335,0.3515064840666752,0.299228392805422,395.2362594629011,315.5638414058801,1.0000000000040212
230.0,77.69120527384798,0.0018393658942591265,64.57194850639759,0.3513711557035839,0.299329868655118,395.04764484325636,315.7357760872254,1.0000000003712235
230.0,77.69413232007918,0.0018056181490672951,69.75396387588349,0.35123582734049263,0.2994314787426361,394.85896011041956,315.9078497537534,1.0
230.0,77.69995195926387,0.0017419311714944616,-50.19094621433943,0.3509651706143101,0.2996351025672793,394.48137979023375,316.25241489603167,1.0
230.0,77.7028445071736,0.001709742393812694,70.59794309259873,0.3508298422512188,0.2997371167710086,394.29248394452674,316.4249067951938,1.0
230.0,77.70572551051714,0.0016781569900889371,0.0,0.35069451388812756,0.2998392661486507,394.1035174690378,316.59753853105144,1.000000001360411
230.0,77.70859494660553,0.0016471330150408903,0.0,0.3505591855250363,0.29994155093426594,393.9144802337663,316.77031031547,1.0000000005002707
230.0,77.71145279270944,0.001616195618821339,0.0,0.350423857161945,0.30004397136243643,393.72537210845024,316.9432223608097,1.0
230.0,77.71429902605298,0.0015862182240022138,-52.58207789759651,0.35028852879885375,0.30014652766999755,393.5361929625593,317.11627488263576,1.0
230.0,77.71713362381514,0.0015563638539398288,-65.89275224411402,0.3501532004357626,0.30024922009530985,393.346942665287,317.2894680985673,1.0
230.0,77.71995656311381,0.0015259489922712327,64.29453213935038,0.3500178720726713,0.3003520488765985,393.1576210855163,317.46280222561444,1.0
230.0,77.72276782093853,0.0014987677705670833,-56.66138158304388,0.34988254370958005,0.300455014248998,392.96822809162603,317.63627747530245,1.0
230.0,77.72556737432726,0.0014691438184530033,-63.387784798424505,0.3497472153464888,0.3005581164546195,392.7787635519777,317.8098940701003,1.0
230.0,77.72835520016592,0.0014397645497176473,57.66397823920503,0.3496118869833975,0.30066135573048497,392.5892273343681,317.98365222376503,1.0000000010488233
230.0,77.73113127540775,0.0014130086854901947,-63.61604117199059,0.34947655862030624,0.30076473232238365,392.3996193066357,318.157552163888,1.0
230.0,77.7338955767718,0.0013858184183504181,0.0,0.349341230257215,0.30086824646551175,392.20993933580974,318.33159410040054,1.000000000000295
230.0,77.73664808102495,0.001358435623797468,-67.52787279378121,0.3492059018941237,0.3009718984027569,392.0201872889164,318.50577825531207,1.0
230.0,77.73938876493602,0.0013316968296768939,-58.79746872067002,0.34907057353103244,0.30107568838127363,391.83036303282984,318.6801048571468,1.0
230.0,77.74211760509547,0.0013052356135539321,-67.90498100010585,0.34893524516794117,0.30117961664196163,391.64046643378225,318.85457412379446,1.0
230.0,77.74483457803257,0.0012797418298228693,67.28019510159989,0.3487999168048499,0.3012836834255418,391.4504973576859,319.02918627246726,1.0
230.0,77.74753966032881,0.001253798088780595,-58.186047621182624,0.3486645884417586,0.30138788898109037,391.2604556704457,319.2039415334888,1.000000000000047
230.0,77.75023282839443,0.0012283542407664026,-58.83011395296436,0.34852926007866736,0.3014922335508337,391.0703412373363,319.37884012563336,1.0000000000693792
230.0,77.75291405868627,0.0012036230699663066,53.91379238018072,0.3483939317155761,0.30159671738538457,390.880153923624,319.55388228083353,1.0
230.0,77.75558332744409,0.0011793385664655399,58.66169311087975,0.34825860335248493,0.3017013407247232,390.68989359379896,319.7290682133594,1.0
230.0,77.75824061104149,0.0011551834951815635,51.819907434505076,0.34812327498939366,0.30180610382361617,390.499560112592,319.90439816098916,1.0
230.0,77.76088588567302,0.0011317452337398389,66.76282020649312,0.3479879466263024,0.30191100692894046,390.3091533440706,320.07987234828613,1.0
230.0,77.76351912746907,0.0011080959223991702,59.32068650931974,0.3478526182632111,0.30201605028791206,390.11867315197173,320.25549099993185,1.0
230.0,77.76614031251636,0.0010849592627467973,66.83496217073234,0.34771728990011985,0.30212123414987646,389.9281193997587,320.43125434361,1.0
230.0,77.76874941691312,0.0010624669884637024,-61.947843606271974,0.3475819615370286,0.30222655877033106,389.73749195077744,320.6071626164987,1.0
230.0,77.7713464165245,0.0010404157651903916,-65.36882161905714,0.3474466331739373,0.30233202439257395,389.54679066755614,320.7832160356288,1.00000000000053
230.0,77.77650400519815,0.0010083540267233548,0.0,0.3471759764477548,0.3025433796691504,389.1651660487582,321.1357592649789,1.0000000000000777
230.0,77.77906454587288,0.0009708895121159367,0.0,0.3470406480846635,0.30264926982788065,388.97424243714437,321.3122495357944,1.0
230.0,77.78161288506836,0.0009525251987195315,0.0,0.34690531972157224,0.3027553020038875,388.7832444394603,321.48888588485045,1.0000000000354572
230.0,77.78667286172714,0.0009127455249735339,52.48613952328445,0.3466346629953897,0.3029677934376141,388.40102473064627,321.84259776797245,1.0
230.0,77.7891844503013,0.0009271852141395811,48.805379959338104,0.34649933463229843,0.3030742532058852,388.2098027408331,322.0196737689695,1.0
230.0,77.79168373971123,0.0008731002244669799,-57.87045549927213,0.34636400626920727,0.303180856019394,388.01850580784014,322.196896793138,1.0000000003173077
230.0,77.794170705329,0.0008539498238855776,-69.30537399935646,0.346228677906116,0.30328760213287626,387.82713379140944,322.37426707195357,1.0
230.0,77.7966453225549,0.000834896989860199,0.0,0.34609334954302473,0.3033944918099023,387.6356865512238,322.55178485064954,1.00000000149974
230.0,77.79910756665937,0.0008160249121197375,-39.46461179736805,0.34595802117993346,0.3035015253083304,387.44416394642093,322.72945036483475,1.0
230.0,77.80155741283077,0.0007975125406462484,-52.169811041939674,0.3458226928168422,0.30360870288636416,387.2525658357567,322.9072638501841,1.0
230.0,77.80399483628683,0.0007796653622842222,-65.60647022512319,0.3456873644537509,0.30371602480967835,387.0608920779195,323.0852255539826,1.0
230.0,77.80641981212764,0.0007616123591963424,69.18319939066895,0.34555203609065965,0.3038234913411733,386.86914253109154,323.26333571852854,1.0000000000001736
230.0,77.80883231526994,0.0007440747001259568,-63.77998509668371,0.3454167077275684,0.3039311027340333,386.67731705278356,323.4415945700953,1.0
230.0,77.81123232079439,0.0007271328383675882,0.0,0.3452813793644771,0.30403885926139,386.4854155008125,323.6200023665361,1.0000000000216445
230.0,77.81361980355386,0.0007095938747776199,67.08583479246356,0.34514605100138585,0.304146761183632,386.29343773218693,323.7985593447621,1.0
230.0,77.81599473843079,0.0006958783261862846,38.96426994932084,0.3450107226382946,0.3042548087697671,386.10138360384224,323.97726575507653,1.0000000009881767
230.0,77.81835710014329,0.0006767308207838415,0.0,0.3448753942752033,0.30436300228138774,385.90925297207656,324.15612183538343,1.0000000040808947
230.0,77.82070686347045,0.0006603225847156955,67.1825230434315,0.34474006591211204,0.30447134199137704,385.71704569321423,324.33512784127703,1.0
230.0,77.82304400290188,0.0006445407845496356,65.66836794332325,0.34460473754902077,0.30457982815443624,385.5247616225801,324.51428399868365,1.0
230.0,77.82536849323668,0.0006298729084860406,-67.18035231756626,0.3444694091859296,0.3046884610580026,385.33240061623445,324.6935905856109,1.0
230.0,77.8276803087797,0.0006139331308611144,70.93710388396005,0.34433408082283834,0.3047972409536065,385.13996252864354,324.8730478219597,1.0000000000025016
230.0,77.82997942404546,0.0005984560373576096,0.0,0.34419875245974707,0.30490616811738425,384.94744721472716,325.05265596665356,1.0
230.0,77.83226581350107,0.0005830018155109064,71.62341719341535,0.3440634240966558,0.30501524282835374,384.75485452911556,325.23241528274445,1.0
230.0,77.83453945136212,0.0005701869818775867,0.0,0.34392809573356453,0.3051244653493786,384.5621843255304,325.4123260069202,1.0
230.0,77.8368003118857,0.000555588767650297,60.034420726463345,0.34379276737047326,0.30523383595394116,384.3694364576571,325.5923883924139,1.0
230.0,77.83904836927675,0.0005418501229807589,-60.154157058208156,0.343657439007382,0.3053433549184822,384.1766107788851,325.7726026967041,1.0
230.0,77.84128359765499,0.000528048906642307,67.2821669876223,0.3435221106442907,0.3054530225171929,383.9837071421732,325.95296917321514,1.0
230.0,77.84350597095285,0.0005143621115422957,0.0,0.34338678228119945,0.3055628390149952,383.79072539977966,326.1334880600384,1.0000000000001037
230.0,77.84571546332207,0.0005011668668047695,-70.2479943754335,0.3432514539181082,0.305672804704113,383.59766540444656,326.3141596384758,1.0000000000823497
230.0,77.84791204856735,0.00048791506417905113,-63.79051314019114,0.3431161255550169,0.3057829198519144,383.40452700773466,326.4949841495659,1.0
230.0,77.85009570056025,0.0004752476176432173,69.76089848311771,0.34298079719192565,0.3058931847382171,383.21131006123835,326.67596185381353,1.0
230.0,77.85226639305559,0.00046315955505466265,-77.60713141283276,0.3428454688288344,0.30600359964012247,383.0180144160462,326.85709300685926,1.0
230.0,77.85442409974291,0.00045080962496402203,69.96296807277155,0.3427101404657431,0.30611416483529086,382.8246399228905,327.0383778647693,1.0
230.0,77.8565687943111,0.0004376997976378425,-59.36587795521818,0.34257481210265195,0.3062248806090156,382.63118643233815,327.2198166953095,1.0000000000000482
230.0,77.85870045030593,0.0004275634819961396,-42.721118989149865,0.3424394837395607,0.30633574724005375,382.43765379438094,327.40140975533194,1.0000000001751195
230.0,77.86081904115181,0.0004150175063519327,63.590797794799954,0.3423041553764694,0.30644676500334245,382.2440418584728,327.5831572950669,1.0
230.0,77.86292454040534,0.0004042079114103126,0.0,0.34216882701337814,0.30655793419352245,382.05035047430505,327.7650595957582,1.0
230.0,77.86501692138273,0.00039315567536230445,26.686304121620285,0.34203349865028687,0.30666925509069587,381.8565794906954,327.9471169148938,1.000000001130353
230.0,77.86709615729548,0.00038413871656609445,0.0,0.3418981702871956,0.3067807279709774,381.6627287559753,328.12932950314485,1.0000000000000873
230.0,77.86916222146198,0.0003717364941338929,-58.76783784112032,0.34176284192410433,0.3068923531298408,381.46879811864045,328.31169764155334,1.0000000000007931
230.0,77.87121508695557,0.00036094189391742477,-59.625434944131534,0.34162751356101306,0.30700413084530964,381.27478742628386,328.49422158285336,1.0
230.0,77.87325472693779,0.00035110870307005827,45.3443968096816,0.3414921851979218,0.3071160614134351,381.08069652660504,328.6769016079847,1.0000000002742595
230.0,77.87528111437071,0.00034124890900923675,58.546260572637195,0.3413568568348305,0.3072281451170593,380.88652526653595,328.85973797636467,1.0
230.0,77.87729422213704,0.00033090183824933776,0.0,0.34122152847173925,0.3073403822397638,380.69227349260456,329.0427309480608,1.0000000012530437
230.0,77.87929402321461,0.0003213108448932871,61.176701650285395,0.341086200108648,0.30745277308243973,380.49794105147083,329.2258808102504,1.0
230.0,77.8812804903359,0.0003121486464662575,-47.28964423551689,0.3409508717455567,0.3075653179292796,380.3035277888782,329.40918782297416,1.000000000276075
230.0,77.88325359625503,0.000303339971490177,-67.35067950560786,0.34081554338246545,0.30767801707540304,380.1090335504779,329.5926522631696,1.0
230.0,77.88521331351745,0.00029416051942159353,65.52397751091158,0.3406802150193743,0.30779087080184814,379.91445818112095,329.77627438486763,1.0
230.0,77.88715961486734,0.00028529650663853314,-61.350070116160865,0.340544886656283,0.3079038794186943,379.71980152609234,329.9600544878201,1.0
230.0,77.8890924727118,0.0002765151358277853,-60.11333531314959,0.34040955829319175,0.30801704321060036,379.5250634294997,330.14399283076597,1.0
230.0,77.8910118594924,0.00026772957276199123,-38.19949846959962,0.3402742299301005,0.30813036247280756,379.3302437353802,330.32808968882443,1.0
230.0,77.8929177475965,0.0002602108561974819,77.38542983089516,0.3401389015670092,0.3082438375042278,379.1353422874433,330.5123453424079,1.0
230.0,77.89481010930456,0.00025222996738080835,53.49188276331786,0.34000357320391794,0.3083574686015806,378.94035892890184,330.69676006790644,1.0
230.0,77.89668891680527,0.0002438927116901777,59.69730471212396,0.33986824484082667,0.30847125605874426,378.74529350253016,330.88133413674944,1.0
230.0,77.89855414232936,0.00023675814366211852,68.12333247058578,0.3397329164777354,0.3085852001859953,378.55014585105874,331.06606784579844,1.0
230.0,77.90040575781376,0.0002288280667073104,-64.03774429322958,0.33959758811464413,0.3086993012670756,378.3549158161524,331.25096144934486,1.000000000001119
230.0,77.90224373535172,0.00022128723080485542,-64.6534993766352,0.33946225975155286,0.30881355961401413,378.15960323978805,331.43601524603855,1.0
230.0,77.90406804684095,0.00021410695715521797,54.835857545551754,0.3393269313884616,0.30892797552748147,377.9642079631812,331.62122951592573,1.0000000000130702
230.0,77.90587866408899,0.00020733082711792123,-48.61503480354547,0.3391916030253703,0.30904254930384367,377.7687298270882,331.80660453179394,1.00000000083724
230.0,77.90767555887997,0.0002011536927713405,0.0,0.33905627466227906,0.3091572812493079,377.57316867203394,331.99214058143946,1.0000000041895285
230.0,77.90945870295744,0.0001951768538725173,0.0,0.3389209462991878,0.30927217167325666,377.37752433825545,332.17783795722147,1.0
230.0,77.91122806786571,0.00018846241655950507,65.32279943040044,0.33878561793609663,0.3093872208730963,377.1817966651972,332.3636969319224,1.0
230.0,77.91298362523555,0.00017919320235499983,0.0,0.33865028957300536,0.3095024291652366,376.98598549240654,332.5497178079556,1.0
230.0,77.91472534660987,0.00017449342449123834,-50.14252145617402,0.3385149612099141,0.30961779686681357,376.79009065899226,332.73590088830673,1.0
230.0,77.91645320313994,0.00016968382345346073,-70.27524882704245,0.3383796328468228,0.30973332425605044,376.5941120026705,332.92224641385053,1.0
230.0,77.91816716617294,0.0001628870778575583,50.387876206658675,0.33824430448373155,0.3098490116455653,376.39804936159965,333.10875467939314,1.0
230.0,77.91986720718205,0.00015784714362586784,0.0,0.3381089761206403,0.30996485937605206,376.2019025741695,333.2954260235756,1.0000000008212084
230.0,77.9215532971466,0.00015259282508725848,70.45925822145912,0.337973647757549,0.31008086773534177,376.00567147705425,333.48226070089765,1.0000000000314146
230.0,77.92322540713016,0.00014789240651779436,66.99116682789911,0.33783831939445774,0.3101970370317267,375.8093559070151,333.6692589977177,1.000000000000283
230.0,77.92488350822762,0.00014082284691727183,-67.8783302022331,0.3377029910313665,0.31031336759125083,375.6129557007505,333.8564212278465,1.0
230.0,77.92652757144329,0.00013664502870090473,66.72127278368362,0.3375676626682752,0.3104298597375152,375.4164706945082,334.04374770072815,1.0
230.0,77.92815756759767,0.00013136440412707997,-37.06824495743702,0.33743233430518393,0.3105465137820929,375.219900723778,334.231238706223,1.0000000001867604
230.0,77.93137524114142,0.00012150698755228405,-61.85181270508791,0.3371616775790014,0.31078030875106066,374.8265052272589,334.60671537493727,1.0
230.0,77.9329628601696,9.277851992245815e-05,62.641333178397,0.3370263492159101,0.31089745035536737,374.6296793716054,334.79470170482216,1.0
230.0,77.93453629466552,0.0012867312408296491,-54.820997882401464,0.33689102085281897,0.31101475511629123,374.43276788936197,334.98285374037255,1.0000000008699723
230.0,77.93609551512033,0.0001083901988585967,75.67176205226056,0.3367556924897277,0.3111322233590183,374.23577061413545,335.17117179021307,1.0
230.0,77.93764049192913,0.00010492279683286144,58.472274217110574,0.33662036412663643,0.31124985540641287,374.038687379044,335.3596561587654,1.0
230.0,77.93917119531494,0.00010052974775574511,82.58893572032748,0.33648503576354516,0.31136765157101287,373.8415180165013,335.54830713358865,1.0
230.0,77.94068759548705,9.455500319754719e-05,68.79930245231508,0.3363497074004539,0.31148561217403764,373.64426235869314,335.7371250154099,1.0
230.0,77.94218966281038,9.309286021741173e-05,0.0,0.3362143790373626,0.311603737574689,373.44692023814474,335.9261101641604,1.000000000000096
230.0,77.94367736708362,8.853792367372989e-05,62.9100503702967,0.33607905067427135,0.3117220280594848,373.24949148538417,336.1152628247943,1.0
230.0,77.9451506784071,8.52275834979173e-05,53.618602054167596,0.3359437223111801,0.31184048397351255,373.051975931744,336.3045833339123,1.000000000000969
230.0,77.94660956652928,8.155275334655015e-05,47.92678334912789,0.3358083939480888,0.3119591056225239,372.85437340725616,336.4940719656427,1.0000000007562149
230.0,77.9480540015886,7.80488860261994e-05,44.06124161534677,0.33567306558499754,0.31207789338454145,372.6566837430273,336.6837291072408,1.0
230.0,77.94948395302195,7.53944595019675e-05,0.0,0.3355377372219063,0.31219684754582266,372.45890676773985,336.8735550010141,1.000000000183295
230.0,77.95089939047587,7.154904484430516e-05,-13.649612763626692,0.335402408858815,0.3123159684352511,372.2610423105712,337.06354995582535,1.0000000006293919
230.0,77.95230028355162,6.971987633786739e-05,33.06654418172054,0.33526708049572373,0.31243525638888225,372.0630902003915,337.25371429123953,1.0
230.0,77.95368660203945,6.25079018022916e-05,-34.34542554679344,0.33513175213263247,0.31255471179308913,371.86505026650025,337.4440484051428,1.0000000000009797
230.0,77.95505831484094,6.254149309411332e-05,71.89861789721067,0.3349964237695413,0.3126743348980569,371.6669223351514,337.63455248111393,1.0
230.0,77.95641539161015,5.9573119578772096e-05,0.0,0.33486109540645004,0.31279412609500945,371.4687062348627,337.82522692355457,1.0000000037714265
230.0,77.95775780141864,5.888076709619781e-05,0.0,0.33472576704335877,0.31291408569318196,371.2704017920884,338.01607200758895,1.0000000026245885
230.0,77.9590855134679,5.475840802292623e-05,55.87985693689236,0.3345904386802675,0.31303421403910664,371.07200883352675,338.2070880662833,1.0
230.0,77.96039849698994,5.4147010560873236e-05,-41.93252233761734,0.33445511031717623,0.3131545115023368,370.8735271858129,338.39827546817446,1.0000000006046936
230.0,77.96169672065973,4.336117454200575e-05,74.44656332328556,0.33431978195408496,0.3132749783659928,370.6749566735813,338.589634445814,1.0
230.0,77.96298015355319,4.524028544303291e-05,71.99806266072324,0.3341844535909937,0.3133956150057128,370.4762971226029,338.7811653760735,1.0
230.0,77.96424876422886,4.4881728919108354e-05,11.892666859521617,0.3340491252279024,0.313516421714704,370.2775483567802,338.97286850621464,1.0
230.0,77.96550252187726,4.2753552765107086e-05,54.43925254438741,0.33391379686481115,0.3136373989244705,370.0787102019196,339.16474429937267,1.000000000496422
230.0,77.96674139476903,4.029139079488232e-05,-37.4566787551514,0.3337784685017199,0.31375854691102417,369.8797824806242,339.35679297466817,1.000000002652083
230.0,77.96796535161279,3.811301640060264e-05,64.72688530143645,0.3336431401386286,0.3138798660473655,369.6807650167708,339.5490149025114,1.0
230.0,77.96917436079592,3.669904927017341e-05,66.20347192979408,0.33350781177553734,0.3140013566670771,369.481657632999,339.74141039095434,1.0
230.0,77.97036839067395,3.251829544848988e-05,46.82143158441547,0.3333724834124461,0.31412301911286383,369.2824601516602,339.93397976177147,1.0
230.0,77.97154740960326,3.268795799514009e-05,41.25063808922664,0.3332371550493548,0.3142448537471935,369.083172394951,340.1267233670319,1.0
230.0,77.97271138593908,3.102565291942483e-05,58.232202941935434,0.33310182668626365,0.3143668609498356,368.88379418487307,340.3196415852239,1.0
230.0,77.97386028729976,2.964592042341792e-05,60.33796367925801,0.3329664983231724,0.3144890409692648,368.6843253408194,340.51273458916,1.0
230.0,77.97499408212502,5.324222564458068e-05,0.0,0.3328311699600811,0.3146113942463213,368.484765684724,340.7060028514431,1.000000000229854
230.0,77.9761127383528,3.464758281423201e-05,0.0,0.33269584159698984,0.3147339211316185,368.28511503668284,340.89944670322933,1.0000000000005578
230.0,77.97721622381675,2.4356650559957415e-05,45.06480877406329,0.33256051323389857,0.31485662198007297,368.08537321627574,341.09306648169354,1.0
230.0,77.97830450585246,2.1790276730744155e-05,30.03446933269841,0.3324251848708073,0.3149794970530124,367.88554004123034,341.28686237750446,1.0000000000013098
230.0,77.97937755256704,2.1350851653360224e-05,0.0,0.33228985650771603,0.31510254680284366,367.68561533167923,341.4808348787739,1.0000000002772107
230.0,77.98043533184342,1.5979267781131058e-05,0.0,0.33215452814462476,0.315225771657977,367.4855989068406,341.67498443541643,1.0
230.0,77.98147781004067,1.9444328477829913e-05,0.0,0.3320191997815335,0.3153491717185853,367.2854905806326,341.86931098523814,1.0
230.0,77.98250495580781,1.9413785360702603e-05,-58.10590772322826,0.3318838714184422,0.31547274763666416,367.0852901744894,342.06381532528644,1.0000000002360219
230.0,77.98351673580832,1.7359591784679648e-05,37.06201158205746,0.33174854305535095,0.315596499621629,366.8849975029938,342.2584975624679,1.0000000000004234
230.0,77.98451311716005,1.560951976859542e-05,54.603200469221036,0.3316132146922597,0.3157204280110248,366.6846123820844,342.45335800275507,1.0
230.0,77.9854940672167,1.4852914284010694e-05,0.0,0.3314778863291684,0.31584453322669903,366.48413462830587,342.64839708264543,1.000000000457877
230.0,77.98645955313064,1.4246769357714584e-05,-62.4550177845712,0.33134255796607714,0.315968815662021,366.28356405735934,342.8436151937027,1.0
230.0,77.98740954161968,1.3536412548810403e-05,-61.88290592790637,0.331207229602986,0.3160932756307077,366.08290048329036,343.03901260288427,1.0000000000004214
230.0,77.98834399981703,1.2253160774071147e-05,-51.582229030309676,0.3310719012398947,0.3162179135735313,365.88214372137764,343.23458977416175,1.0000000000761307
230.0,77.98926289388918,1.1179060244148787e-05,-64.07361930679755,0.33093657287680345,0.31634272970767835,365.68129358344146,343.4303468232814,1.0000000000008284
230.0,77.99016619105231,1.0521875262020332e-05,47.24338728642124,0.3308012445137122,0.3164677245459605,365.4803498846862,343.62628432493,1.000000000000651
230.0,77.99105385762996,9.160055036818448e-06,34.31683849015549,0.3306659161506209,0.31659289840066035,365.27931243710503,343.8224025413785,1.0
230.0,77.99192586021867,9.924827976847154e-06,-67.07798469442002,0.33053058778752964,0.31671825167685314,365.07818105344,344.01870187851443,1.0
230.0,77.99278216507315,9.786504627181784e-06,58.24985156790922,0.33039525942443837,0.3168437847161637,364.87695554509054,344.2151826430214,1.0
230.0,77.99362273842797,7.678584318082358e-06,62.462189759458354,0.3302599310613471,0.31696949787759204,364.67563572321154,344.4118451680082,1.0
230.0,77.99444754657023,6.257774740570312e-06,-36.20855858562919,0.33012460269825583,0.31709539157051575,364.47422139894474,344.6086898640049,1.0000000001583687
230.0,77.99525655539162,6.7091155052276e-06,61.70608583840316,0.32998927433516456,0.3172214661083631,364.2727123819113,344.8057169922101,1.000000001405612
230.0,77.9960497308949,-1.3075160389016673e-05,46.40493301851204,0.3298539459720733,0.3173477218708873,364.0711084819238,345.0029269160096,1.0000000000009945
230.0,77.99682703960951,6.119808651501443e-06,-49.54257056976956,0.329718617608982,0.3174741594422564,363.869409510435,345.2003203147783,1.0000000002411473
230.0,77.99758844704296,5.7621236660907015e-06,27.236131976304527,0.32958328924589075,0.31760077911306045,363.667615275202,345.3978974122846,1.0
230.0,77.99833391800307,3.2729840330102887e-06,0.0,0.3294479608827995,0.31772758097128845,363.4657255813845,345.595658118133,1.0000000000274314
230.0,77.99906341986605,3.435901829643626e-06,-23.33536404948407,0.3293126325197083,0.3178545659961576,363.2637402428284,345.79360372107885,1.0000000010824999
230.0,77.9997769159931,4.573332556628884e-06,0.0,0.32917730415661706,0.31798173384362244,363.0616590593179,345.99173346089816,1.0000000001350358
230.0,78.00047437343534,3.913664705351039e-06,0.0,0.3290419757935258,0.3181090854635304,362.85948184323024,346.19004857926683,1.0000000000012708
230.0,78.0011557563679,2.699290583923357e-06,60.538855007472485,0.3289066474304345,0.3182366208422682,362.6572083967985,346.38854882647723,1.0000000002720133
230.0,78.0018210315225,2.1258780223979555e-06,-44.84568123756256,0.32877131906734325,0.31836434093286914,362.4548385309412,346.5872354469083,1.0000000000041458
230.0,78.00247016156442,3.0762179534031022e-06,30.30079021311706,0.328635990704252,0.3184922452011718,362.25237204226545,346.786107385524,1.0000000000011278
230.0,78.00310311470308,2.2549344192157148e-07,0.0,0.3285006623411607,0.3186203352760062,362.0498087464981,346.9851669290654,1.0000000004264753
230.0,78.00371985354342,-5.830946628702804e-07,0.0,0.32836533397806944,0.3187486106577937,361.8471484396533,347.1844130750186,1.0000000014298254
230.0,78.00432034273635,1.9716450598025404e-06,46.920604233119114,0.32823000561497817,0.31887707165978874,361.6443909246924,347.38384607653353,1.0000000000011893
230.0,78.00490454872474,1.553098799931831e-06,-47.08139533090455,0.3280946772518869,0.3190057193996541,361.4415360106617,347.58346742742157,1.0000000064572176
230.0,78.00547243490279,-7.939334779246565e-05,0.0,0.32795934888879563,0.319134553781515,361.23858349576784,347.78327674749033,1.000000000940662
230.0,78.00602396504998,6.3329037159019215e-06,52.263670856339715,0.32782402052570436,0.31926357484903883,361.0355331793689,347.9832738722495,1.0
230.0,78.00655910462227,4.966820385143365e-06,-40.8555876457661,0.3276886921626131,0.31939278348672595,360.8323848665169,348.18345993295407,1.000000015985467
230.0,78.00707781950325,8.098025628532922e-07,-17.098542961600568,0.3275533637995218,0.31952218089006784,360.62913836362753,348.3838365384608,1.0000000307526207
230.0,78.0075800698688,6.694443394189874e-07,-15.155557335702536,0.32741803543643067,0.3196517654569166,360.4257934568024,348.5844009865903,1.0000000253146826
230.0,78.00806582454294,3.4130733121583034e-06,-39.051465891546485,0.3272827070733394,0.31978154003039366,360.22234996246726,348.78515742239495,1.0000000054127745
230.0,78.00853504251688,5.464271435539558e-07,-47.28359180039273,0.3271473787102481,0.3199115023720991,360.01880766213634,348.9861021644636,1.0000000034988832
230.0,78.00898769158125,3.801125024983776e-07,-27.21388625713259,0.32701205034715686,0.3200416549988379,359.81516636825546,349.1872388522975,1.000000010506399
230.0,78.00942373372901,5.026625890604919e-07,-52.16384865179621,0.3268767219840656,0.32017199733699003,359.61142587257467,349.3885663671562,1.0000000011980323
230.0,78.00984313353345,2.727508509997278e-07,-53.02876122667942,0.3267413936209743,0.3203025303347265,359.40758597579634,349.59008593140567,1.0000000015825607
230.0,78.01024585347045,3.519692530699104e-07,0.0,0.32660606525788305,0.3204332537373449,359.20364647099683,349.7917969167839,1.0000000131209643
230.0,78.01063185786809,1.6745922421250724e-07,0.0,0.3264707368947918,0.3205641685076159,358.9996071576513,349.993700566322,1.0000000007577086
230.0,78.01100110967408,1.4309052612588856e-08,-60.767672668849656,0.3263354085317005,0.32069527480869026,358.7954678301425,350.1957968930085,1.0000000001398572
230.0,78.01135357212365,1.142060679194401e-07,0.0,0.32620008016860924,0.32082657304345813,358.5912282836902,350.3980862777888,1.0000000041614683
230.0,78.01168920990258,4.5046897661450205e-07,0.0,0.32606475180551797,0.3209580648504705,358.38688831853005,350.60057099750185,1.0000000031952136
230.0,78.01200798519906,2.2622402922934272e-07,-73.23136078264872,0.3259294234424267,0.3210897501438229,358.18244772578316,350.80325067978583,1.0000000005149707
230.0,78.01230985469881,2.585692565298814e-07,-70.04424057458407,0.32579409507933543,0.321221623914134,357.97790627659583,351.0061174010562,1.0000000004391822
230.0,78.01259479113877,4.886808401352027e-09,-51.687287824009935,0.32565876671624416,0.321353695091174,357.77326379957486,351.20918462085035,1.0000000005991325
230.0,78.01286275261253,2.4610039273284195e-07,-74.59559700151996,0.325523438353153,0.32148596020884934,357.5685200705681,351.41244678043785,1.0000000008965624
230.0,78.01311369884051,3.853295712360705e-08,-27.521453431965835,0.32538810999006174,0.32161841652770146,357.36367487101984,351.61589944208635,1.0000000068132904
230.0,78.01334760100704,1.4905512301083943e-07,22.6047122718888,0.32525278162697047,0.32175107391601615,357.1587280235711,351.8195574847151,1.000000005413853
230.0,78.01356441488285,9.633672231757373e-08,0.0,0.3251174532638792,0.32188392597597854,356.9536792950653,352.02341086104684,1.0000000001427927
230.0,78.01376409922324,-8.534704054909524e-08,0.0,0.3249821249007879,0.32201696815436626,356.7485284628418,352.22745236073115,1.000000007599825
230.0,78.01394662185929,-1.3089196436339989e-08,0.0,0.32484679653769666,0.322150207765309,356.5432753369361,352.4316929414612,1.0000000031983958
230.0,78.01411194098935,-3.876064542055246e-08,0.0,0.3247114681746054,0.3222836391918566,356.33791969229435,352.63612376676014,1.0000000028918954
230.0,78.01426003348578,-1.1932759143746808e-08,0.0,0.3245761398115141,0.3224172895426891,356.132461371605,352.8407860500499,1.0000000011544732
230.0,78.01439083250519,1.6772626078818575e-07,0.0,0.32444081144842285,0.32255110640114326,355.92690005825983,353.04559939453,1.0
230.0,78.01450430702727,1.0337769799662054e-08,0.0,0.3243054830853316,0.322685092947365,355.72123556568533,353.2505684645033,1.000000000153428
230.0,78.01460047527164,1.5420463096234018e-08,0.0,0.3241701547222403,0.3228194059601173,355.5154678874168,353.45593252471065,1.0
230.0,78.01467921290443,1.0158988166949711e-07,0.0,0.32403482635914904,0.3229538142467524,355.30959649578426,353.66133812272466,1.0
230.0,78.01474052486245,-3.9928189798956736e-08,0.0,0.3238994979960578,0.32308843628493655,355.1036213353668,353.8669660162264,1.0000000001426157
230.0,78.01478431068685,5.38430473079643e-08,5.6766047159240305,0.3237641696329665,0.32322282283296194,354.89754196423576,354.0721304773159,1.0000000010719394
230.0,78.01481022561889,9.761158302353579e-08,-6.859825312470704,0.32362884126987534,0.3233509996614006,354.6913570399844,354.2677198559389,1.000000000154574
230.0,78.01481948933694,-1.0773539543151856e-11,0.0,0.323493512906784,0.323493512906784,354.48507097860977,354.48507097860977,1.0
