Branch,Pressure [bar],x_CO2 [-],x_CH4 [-],y_CO2 [-],y_CH4 [-],rho_L [kg/m3],rho_V [kg/m3],rho_L_mol_cm3 [mol/cm3],rho_V_mol_cm3 [mol/cm3],M_liq [kg/mol],M_vap [kg/mol]
Dew,5.997767594990497,0.9999882787988943,1.1721201105690879e-05,0.999,0.0010000000000000009,1166.1070442876742,15.832179278609296,0.026496740605606812,0.00035977778697988196,0.044009452394341717,0.0440054385
Dew,6.004366958508217,0.9999765468597313,2.345314026875124e-05,0.9980010010010011,0.001998998998998913,1166.1039069012165,15.847199934727811,0.026496698004801436,0.00036015233047149634,0.044009404745070806,0.044001381065565566
Dew,6.010979335951582,0.9999647923807907,3.520761920925238e-05,0.9970020020020021,0.0029979979979979365,1166.1007635492817,15.862252478642535,0.026496655323470175,0.00036052766781065977,0.04400935700425459,0.04399732363113113
Dew,6.017604771836801,0.9999530152817648,4.6984718235208697e-05,0.996003003003003,0.00399699699699696,1166.097614210173,15.877337015017796,0.02649661256131587,0.0003609038015961172,0.04400930917156689,0.043993266196696704
Dew,6.024243310848724,0.999941215482047,5.878451795302815e-05,0.995004004004004,0.004995995995995983,1166.094458862114,15.89245364896771,0.026496569718040285,0.00036128073443779754,0.04400926124668033,0.04398920876226226
Dew,6.030894997842236,0.9999293929007304,7.060709926964197e-05,0.9940050050050051,0.0059949949949948955,1166.0912974832463,15.907602486059508,0.026496526793344053,0.0003616584689568941,0.04400921322926631,0.04398515132782783
Dew,6.0375598778430355,0.9999175474566053,8.245254339465431e-05,0.9930060060060061,0.006993993993993919,1166.0881300516305,15.922783632315054,0.026496483786926685,0.00036203700778590436,0.044009165118995004,0.04398109389339339
Dew,6.044237996049128,0.9999056790681574,9.432093184249007e-05,0.9920070070070071,0.007992992992992942,1166.0849565452465,15.937997194214516,0.026496440698486636,0.0003624163535687189,0.044009116915535315,0.043977036458958965
Dew,6.0509293978316245,0.9998937876535655,0.0001062123464345533,0.991008008008008,0.008991991991991966,1166.0817769419914,15.953243278697903,0.02649639752772118,0.00036279650896066173,0.04400906861855496,0.043972979024524524
Dew,6.057634128736318,0.9998818731306987,0.0001181268693014039,0.990009009009009,0.009990990990990989,1166.0785912196784,15.968521993168974,0.02649635427432648,0.0003631774766285837,0.04400902022772034,0.04396892159009009
Dew,6.064352234484296,0.999869935417115,0.00013006458288492844,0.9890100100100101,0.010989989989989901,1166.075399356035,15.9838334454963,0.026496310937997494,0.00036355925925089284,0.04400897174269661,0.043964864155655654
Dew,6.071083760973737,0.9998579744300594,0.00014202556994053452,0.9880110110110111,0.011988988988988925,1166.0722013287098,15.999177744017718,0.026496267518428138,0.0003639418595176605,0.04400892316314769,0.04396080672122122
Dew,6.077828754280566,0.9998459900864607,0.000154009913539338,0.987012012012012,0.012987987987987948,1166.068997115263,16.014554997541577,0.026496224015311102,0.0003643252801306553,0.04400887448873616,0.043956749286786785
Dew,6.084587260659982,0.9998339823029296,0.00016601769707037692,0.986013013013013,0.013986986986986971,1166.0657866931697,16.029965315350406,0.026496180428337898,0.00036470952380343184,0.04400882571912335,0.04395269185235235
Dew,6.091359326547296,0.9998219509957572,0.0001780490042428151,0.9850140140140141,0.014985985985985883,1166.0625700398189,16.04540880720269,0.026496136757198887,0.0003650945932613768,0.04400877685396927,0.04394863441791792
Dew,6.0981449985593725,0.9998098960809118,0.0001901039190881843,0.9840150150150151,0.015984984984984907,1166.059347132512,16.060885583336294,0.026496093001583208,0.00036548049124179204,0.04400872789293263,0.04394457698348349
Dew,6.10494432349585,0.9997978174740374,0.00020218252596259704,0.9830160160160161,0.01698398398398393,1166.0561179484655,16.076395754471314,0.026496049161178863,0.00036586722049396507,0.044008678835670806,0.043940519549049054
Dew,6.11175734834025,0.999785715090451,0.00021428490954900276,0.982017017017017,0.017982982982982954,1166.0528824648063,16.091939431812577,0.026496005235672613,0.00036625478377923156,0.04400862968183987,0.04393646211461462
Dew,6.118584120260884,0.9997735888451406,0.00022641115485943505,0.981018018018018,0.018981981981981977,1166.0496406585728,16.107516727051564,0.026495961224750005,0.00036664318387102457,0.04400858043109454,0.043932404680180184
Dew,6.125424686612818,0.9997614386527628,0.00023856134723727784,0.9800190190190191,0.01998098098098089,1166.0463925067131,16.123127752371428,0.026495917128095348,0.00036703242355499445,0.0440085310830882,0.04392834724574575
Dew,6.132279094938341,0.9997492644276404,0.00025073557235954315,0.9790200200200201,0.020979979979979912,1166.0431379860897,16.138772620447575,0.026495872945391814,0.0003674225056290277,0.04400848163747287,0.043924289811311315
Dew,6.139147392968361,0.9997370660837609,0.0002629339162391367,0.9780210210210211,0.021978978978978936,1166.0398770734698,16.154451444451073,0.02649582867632123,0.0003678134329033302,0.044008432093899194,0.04392023237687688
Dew,6.146029628623994,0.9997248435347728,0.0002751564652271679,0.977022022022022,0.02297797797797796,1166.0366097455317,16.170164338052516,0.026495784320564215,0.0003682052082005208,0.04400838245201648,0.043916174942442446
Dew,6.15292585001745,0.9997125966939847,0.00028740330601525744,0.976023023023023,0.023976976976976982,1166.0333359788626,16.185911415423906,0.026495739877800163,0.00036859783435568027,0.04400833271147263,0.04391211750800801
Dew,6.1598361054532615,0.9997003254743623,0.00029967452563782915,0.9750240240240241,0.024975975975975895,1166.0300557499554,16.20169279124148,0.02649569534770715,0.00036899131421642116,0.04400828287191413,0.04390806007357357
Dew,6.166760443429784,0.9996880297885256,0.0003119702114744651,0.9740250250250251,0.025974974974974918,1166.0267690352098,16.217508580689397,0.02649565072996197,0.0003693856506429772,0.044008232932986106,0.04390400263913914
Dew,6.173698912640056,0.9996757095487477,0.00032429045125221005,0.9730260260260261,0.02697397397397394,1166.0234758109373,16.23335889946147,0.026495606024240278,0.0003697808465082494,0.04400818289433224,0.04389994520470471
Dew,6.180651561973511,0.999663364666952,0.00033663533304794605,0.972027027027027,0.027972972972972965,1166.0201760533475,16.249243863765468,0.026495561230216236,0.0003701769046979094,0.04400813275559483,0.04389588777027027
Dew,6.187618440516865,0.9996509950547092,0.00034900494529073613,0.9710280280280281,0.028971971971971877,1166.01686973856,16.26516359032496,0.02649551634756284,0.00037057382811044764,0.0440080825164147,0.04389183033583583
Dew,6.194599597555685,0.9996386006232358,0.0003613993767642022,0.9700290290290291,0.0299709709709709,1166.013556842597,16.281118196383158,0.02649547137595171,0.00037097161965726625,0.04400803217643128,0.0438877729014014
Dew,6.201595082575345,0.9996261812833912,0.0003738187166088873,0.9690300300300301,0.030969969969969924,1166.010237341385,16.297107799704992,0.026495426315053205,0.00037137028226273314,0.0440079817352825,0.04388371546696697
Dew,6.208604945262528,0.9996137369456752,0.00038626305432468415,0.968031031031031,0.03196896896896895,1166.0069112107526,16.31313251858074,0.02649538116453631,0.0003717698188642702,0.044007931192604856,0.043879658032532534
Dew,6.21562923550652,0.9996012675202268,0.0003987324797731901,0.967032032032032,0.03296796796796797,1166.0035784264342,16.329192471829092,0.026495335924068712,0.00037217023241242937,0.0440078805480334,0.04387560059809809
Dew,6.222668003400344,0.9995887729168198,0.0004112270831801811,0.9660330330330331,0.03396696696696688,1166.00023896406,16.345287778799698,0.026495290593316685,0.0003725715258709564,0.04400782980120166,0.043871543163663665
Dew,6.229721299242187,0.999576253044862,0.0004237469551379836,0.9650340340340341,0.034965965965965906,1165.9968927991679,16.361418559376656,0.026495245171945243,0.0003729737022168772,0.044007778951741704,0.04386748572922924
Dew,6.236789173536677,0.999563707813392,0.0004362921866079497,0.9640350350350351,0.03596496496496493,1165.9935399071906,16.377584933981424,0.026495199659617937,0.00037337676444056984,0.04400772799928409,0.0438634282947948
Dew,6.243871676996257,0.999551137131077,0.00044886286892289914,0.963036036036036,0.03696396396396395,1165.990180263466,16.393787023576156,0.02649515405599706,0.0003737807155458468,0.04400767694345787,0.043859370860360354
Dew,6.250968860542389,0.9995385409062104,0.0004614590937895949,0.9620370370370371,0.037962962962962865,1165.9868138432248,16.41002494966648,0.026495108360743376,0.00037418555855002445,0.04400762578389057,0.043855313425925926
Dew,6.2580807753069,0.9995259190467088,0.0004740809532912,0.9610380380380381,0.03896196196196189,1165.9834406216014,16.426298834304664,0.02649506257351637,0.00037459129648400203,0.04400757452020822,0.0438512559914915
Dew,6.265207472633398,0.9995132714601102,0.0004867285398897681,0.9600390390390391,0.03996096096096091,1165.9800605736261,16.442608800093016,0.026495016693974117,0.0003749979323923451,0.04400752315203524,0.043847198557057064
Dew,6.272349004078624,0.9995005980535712,0.0004994019464287814,0.9590400400400401,0.040959959959959935,1165.9766736742251,16.45895497018711,0.02649497072177321,0.00037540546933336524,0.04400747167899458,0.04384314112262262
Dew,6.279505421413689,0.9994878987338643,0.0005121012661356153,0.958041041041041,0.04195895895895896,1165.9732798982236,16.475337468298655,0.026494924656568903,0.000375813910379192,0.044007420100707594,0.04383908368818819
Dew,6.286676776625454,0.9994751734073758,0.0005248265926241203,0.9570420420420421,0.04295795795795787,1165.9698792203383,16.491756418698774,0.02649487849801493,0.0003762232586158546,0.044007368416794056,0.04383502625375375
Dew,6.293863121917946,0.9994624219801028,0.0005375780198971113,0.9560430430430431,0.043956956956956894,1165.9664716151863,16.5082119462214,0.026494832245763697,0.000376633517143365,0.04400731662687219,0.043830968819319326
Dew,6.301064509713756,0.999449644357651,0.0005503556423489698,0.9550440440440441,0.04495595595595592,1165.9630570572738,16.524704176266624,0.026494785899466054,0.00037704468907580145,0.044007264730558604,0.043826911384884884
Dew,6.308280992655334,0.9994368404452318,0.0005631595547681814,0.9540450450450451,0.04595495495495494,1165.959635521003,16.54123323480374,0.026494739458771434,0.0003774567775413841,0.04400721272746831,0.04382285395045045
Dew,6.315512623606453,0.9994240101476601,0.0005759898523399283,0.9530460460460461,0.04695395395395385,1165.95620698067,16.557799248374756,0.026494692923327824,0.0003778697856825618,0.04400716061721473,0.043818796516016015
Dew,6.322759455653406,0.9994111533693513,0.0005888466306487018,0.9520470470470471,0.047952952952952876,1165.9527714104588,16.574402344097145,0.026494646292781657,0.00037828371665608136,0.04400710839940963,0.04381473908158159
Dew,6.330021542106824,0.9993982700143191,0.0006017299856808793,0.9510480480480481,0.0489519519519519,1165.9493287844512,16.591042649668445,0.026494599566778004,0.00037869857363309975,0.044007056073663155,0.043810681647147146
Dew,6.337298936502655,0.9993853599861726,0.0006146400138273816,0.9500490490490491,0.04995095095095092,1165.9458790766125,16.607720293368324,0.026494552744960268,0.00037911435979923674,0.04400700363958384,0.04380662421271271
Dew,6.48435513640886,0.999999999998946,1.0540457395791236e-12,0.94905005005005,0.050949949949949946,1166.2214242517382,17.02972842242359,0.02649931092722825,0.00038878380138372725,0.04400949999999572,0.04380256677827828
Dew,6.49306790147917,0.9999999999989282,1.0718093079731261e-12,0.9480510510510511,0.05194894894894886,1166.2233887060113,17.05047389981978,0.026499355564278772,0.00038929347494371584,0.04400949999999565,0.04379850934384385
Dew,6.501749676650176,0.9999999999989104,1.0895728763671286e-12,0.9470520520520521,0.05294794794794788,1166.2253461433465,17.071120629970547,0.02649940004188786,0.00038980098815445506,0.04400949999999557,0.04379445190940941
Dew,6.510400955223182,0.9999999999988928,1.1072254224586686e-12,0.9460530530530531,0.053946946946946905,1166.2272966752837,17.091670094482932,0.02649944436258996,0.0003903063742495026,0.044009499999995504,0.04379039447497497
Dew,6.519022228354706,0.9999999999988752,1.124766946247746e-12,0.9450540540540541,0.05494594594594593,1166.2292404128693,17.112123768193662,0.02649948852890831,0.0003908096663201132,0.044009499999995434,0.04378633704054054
Dew,6.527613994319381,0.9999999999988577,1.1423084700368236e-12,0.9440550550550552,0.05594494494494484,1166.2311774687462,17.1324831460561,0.026499532543402423,0.00039131089792927804,0.044009499999995365,0.04378227960610611
Dew,6.536176758134205,0.9999999999988403,1.1597389715234385e-12,0.9430560560560561,0.056943943943943864,1166.233107957072,17.152749742006073,0.02649957640866624,0.00039181010308603605,0.04400949999999529,0.04377822217167168
Dew,6.54471103118099,0.9999999999988229,1.177058450707591e-12,0.9420570570570571,0.05794294294294289,1166.235031993427,17.17292508782384,0.026499620127325995,0.00039230731621968336,0.044009499999995226,0.04377416473723724
Dew,6.55321733080216,0.9999999999988056,1.1943779298917434e-12,0.9410580580580581,0.05894194194194191,1166.2369496947326,17.19301073192008,0.02649966370203845,0.0003928025721522307,0.04400949999999515,0.043770107302802806
Bubble,6.554640640279866,0.999,0.0010000000000000009,0.9211567481955522,0.07884325180444793,1165.8429248256637,17.106807107451456,0.026493155495443222,0.00039155618583246594,0.0440054385,0.043689278132796244
Dew,6.56169617996563,0.9999999999987884,1.2115863867734333e-12,0.9400590590590591,0.059940940940940934,1166.2388611791691,17.21300823832383,0.026499707135488913,0.00039329590607546275,0.04400949999999509,0.04376604986836838
Dew,6.57014810682899,0.9999999999987712,1.2287948436551233e-12,0.9390600600600602,0.06093993993993985,1166.2407665660767,17.232919185379608,0.026499750430389088,0.0003937873535213367,0.04400949999999502,0.043761992433933944
Dew,6.5785736444259655,0.9999999999987541,1.2458922782343507e-12,0.9380610610610611,0.06193893893893887,1166.2426659758876,17.252745164800956,0.026499793589475493,0.0003942769503405106,0.04400949999999494,0.0437579349994995
Dew,6.586973330262608,0.999999999998737,1.262989712813578e-12,0.9370620620620621,0.0629379379379379,1166.2445595300358,17.272487780463432,0.02649983661550737,0.000394764732674905,0.04400949999999487,0.04375387756506507
Dew,6.595347705976883,0.99999999999872,1.279976125090343e-12,0.9360630630630631,0.06393693693693692,1166.246447350878,17.292148647383176,0.026499879511264972,0.00039525073693449074,0.0440094999999948,0.04374982013063063
Dew,6.603697316956268,0.999999999998703,1.2969625373671079e-12,0.9350640640640641,0.06493593593593594,1166.2483295616087,17.311729390575145,0.026499922279547554,0.0003957349997713136,0.04400949999999474,0.043745762696196205
Dew,6.612022712000048,0.9999999999986862,1.3138379273414102e-12,0.9340650650650651,0.06593493493493485,1166.2502062861824,17.33123164404258,0.026499964923171675,0.00039621755805650403,0.044009499999994664,0.043741705261761764
Dew,6.620324442982063,0.9999999999986693,1.3307133173157126e-12,0.9330660660660661,0.06693393393393388,1166.2520776492408,17.350657049769353,0.02650000744496947,0.0003966984488573399,0.0440094999999946,0.04373764782732733
Dew,6.6286030644813625,0.9999999999986525,1.3474776849875525e-12,0.9320670670670671,0.0679329329329329,1166.2539437760233,17.37000725662078,0.02650004984778669,0.00039717770941220424,0.04400949999999453,0.043733590392892895
Dew,6.636859133487024,0.9999999999986358,1.3642420526593924e-12,0.9310680680680681,0.06893193193193192,1166.2558047923105,17.389283919461082,0.02650009213448136,0.00039765537711048267,0.04400949999999446,0.04372953295845847
Dew,6.645093209023284,0.999999999998619,1.3810064203312322e-12,0.9300690690690692,0.06993093093093083,1166.2576608243287,17.408488698041353,0.02650013430792164,0.0003981314894672016,0.044009499999994386,0.043725475524024025
Dew,6.65330585186978,0.9999999999986023,1.3976597657006096e-12,0.9290700700700701,0.07092992992992986,1166.2595119986947,17.42762325616483,0.026500176370984563,0.0003986060841039939,0.044009499999994324,0.04372141808958959
Dew,6.661497624227782,0.9999999999985858,1.4142020887675244e-12,0.9280710710710711,0.07192892892892888,1166.2613584423395,17.446689260697145,0.026500218326554303,0.0003990791987265093,0.04400949999999426,0.043717360655155156
Dew,6.669669089410681,0.9999999999985691,1.4308554341369017e-12,0.9270720720720721,0.0729279279279279,1166.2632002824323,17.465688380648437,0.026500260177520447,0.00039955087110345525,0.0440094999999942,0.043713303220720715
Dew,6.6778208115648585,0.9999999999985526,1.4473977572038166e-12,0.9260730730730731,0.07392692692692693,1166.2650376463264,17.484622286344973,0.026500301926776763,0.00040002113904767374,0.04400949999999413,0.04370924578628629
Dew,6.685953355351348,0.9999999999985361,1.4639400802707314e-12,0.9250740740740742,0.07492592592592584,1166.2668706614825,17.503492648488805,0.026500343577219462,0.000400490040394647,0.04400949999999406,0.04370518835185186
Dew,6.6940672856799255,0.9999999999985196,1.4803713810351837e-12,0.9240750750750751,0.07592492492492486,1166.268699455406,17.522301137370665,0.026500385131745765,0.0004009576129844964,0.04400949999999399,0.043701130917417425
Dew,6.702163167448609,0.9999999999985032,1.496802681799636e-12,0.9230760760760761,0.07692392392392389,1166.2705241555996,17.54104942210006,0.026500426593252836,0.00040142389464436546,0.04400949999999392,0.04369707348298299
Dew,6.710241565223112,0.9999999999984868,1.5132339825640884e-12,0.9220770770770771,0.07792292292292291,1166.2723448894758,17.559739169663022,0.026500467964635784,0.00040188892316684883,0.04400949999999386,0.043693016048548555
Dew,6.718303043043696,0.9999999999984703,1.5296652833285407e-12,0.9210780780780782,0.07892192192192182,1166.2741617843253,17.57837204434999,0.026500509248786962,0.0004023527362968806,0.04400949999999379,0.04368895861411412
Dew,6.726348164139343,0.999999999998454,1.5459855617905305e-12,0.9200790790790792,0.07992092092092085,1166.275974967248,17.596949706916877,0.02650055044859438,0.0004028153717125086,0.04400949999999372,0.043684901179679686
Dew,6.734377490671701,0.9999999999984377,1.5623058402525203e-12,0.9190800800800801,0.08091991991991987,1166.2777845650958,17.615473813833802,0.026500591566940405,0.00040327686700766357,0.04400949999999366,0.04368084374524525
Dew,6.742391583546745,0.9999999999984214,1.57862611871451e-12,0.9180810810810811,0.08191891891891889,1166.2795907044278,17.633946016730903,0.026500632606700776,0.00040373725967943246,0.04400949999999359,0.04367678631081081
Dew,6.750391002147694,0.999999999998405,1.5949463971764999e-12,0.9170820820820821,0.08291791791791792,1166.2813935114564,17.652367961617838,0.026500673570743316,0.000404196587110141,0.044009499999993526,0.04367272887637638
Dew,6.758376304138498,0.9999999999983888,1.6111556533360272e-12,0.9160830830830832,0.08391691691691683,1166.2831931119972,17.670741288308577,0.02650071446192687,0.0004046548865541296,0.04400949999999346,0.04366867144194195
Dew,6.766348045245261,0.9999999999983725,1.627475931798017e-12,0.9150840840840841,0.08491591591591585,1166.2849896314215,17.6890676297838,0.02650075528310016,0.00040511219512309016,0.044009499999993394,0.04366461400750751
Dew,6.774306779067201,0.9999999999983563,1.6436851879575443e-12,0.9140850850850851,0.08591491491491487,1166.286783194614,17.70734861163973,0.02650079603710087,0.0004055685497733771,0.044009499999993325,0.04366055657307307
Dew,6.782253056869319,0.9999999999983401,1.6598944441170715e-12,0.9130860860860861,0.0869139139139139,1166.288573925929,17.725585851485473,0.026500836726754625,0.00040602398729212933,0.04400949999999326,0.043656499138638644
Dew,6.790187427409066,0.9999999999983239,1.6761037002765988e-12,0.9120870870870871,0.08791291291291292,1166.2903619491437,17.74378095843963,0.026500877354873928,0.00040647854428566156,0.04400949999999319,0.04365244170420421
Dew,6.7981104367849445,0.9999999999983077,1.6923129564361261e-12,0.9110880880880882,0.08891191191191183,1166.2921473874335,17.761935532691435,0.02650091792425762,0.00040693225716932407,0.044009499999993124,0.043648384269769774
Dew,6.806022628208783,0.9999999999982916,1.7084111902931909e-12,0.9100890890890891,0.08991091091091086,1166.2939303633152,17.780051164842597,0.02650095843768957,0.0004073851621523352,0.04400949999999306,0.04364432683533533
Dew,6.813924541896973,0.9999999999982754,1.7246204464527182e-12,0.9090900900900901,0.09090990990990988,1166.2957109986226,17.798129435593697,0.02650099889793813,0.0004078372952304982,0.044009499999993,0.043640269400900905
Dew,6.821816714903543,0.9999999999982592,1.7408297026122455e-12,0.9080910910910911,0.0919089089089089,1166.2974894144702,17.81617191526364,0.02650103930775531,0.00040828869217509077,0.044009499999992936,0.04363621196646647
Dew,6.829699680980217,0.9999999999982431,1.7569279364693102e-12,0.9070920920920922,0.09290790790790782,1166.299265731224,17.83418016338801,0.02650107966987612,0.0004087393885235544,0.04400949999999287,0.04363215453203204
Dew,6.837573970433221,0.999999999998227,1.773026170326375e-12,0.9060930930930932,0.09390690690690684,1166.3010400684623,17.85215572830898,0.026501119987017645,0.00040918941956998657,0.0440094999999928,0.0436280970975976
Dew,6.845440109995846,0.9999999999982108,1.7892354264859023e-12,0.9050940940940941,0.09490590590590586,1166.3028125449566,17.87010014681168,0.026501160261878667,0.0004096388203566916,0.044009499999992735,0.04362403966316316
Dew,6.853298622712276,0.9999999999981947,1.805333660342967e-12,0.9040950950950951,0.09590490490490489,1166.3045832786363,17.8880149437938,0.026501200497138812,0.00041008762566648873,0.04400949999999267,0.04361998222872873
Dew,6.861150027827508,0.9999999999981786,1.821431894200032e-12,0.9030960960960961,0.09690390390390391,1166.3063523865721,17.905901631953647,0.026501240695458214,0.00041053587001544083,0.044009499999992596,0.0436159247942943
Dew,6.868994840671016,0.9999999999981624,1.837641150359559e-12,0.9020970970970972,0.09790290290290282,1166.3081199849446,17.92376171146107,0.026501280859476756,0.00041098358764518313,0.04400949999999254,0.04361186735985986
Dew,6.876833572556356,0.9999999999981463,1.853739384216624e-12,0.9010980980980982,0.09890190190190185,1166.3098861890196,17.94159666967491,0.026501320991813564,0.00041143081251631737,0.04400949999999247,0.04360780992542543
Dew,6.884666730710086,0.9999999999981302,1.8698376180736886e-12,0.9000990990990991,0.09990090090090087,1166.3116511131416,17.95940798094586,0.026501361095066803,0.0004118775783037587,0.044009499999992416,0.043603752490991
Dew,6.892494818149434,0.999999999998114,1.886046874233216e-12,0.8991001001001001,0.10089989989989989,1166.3134148706977,17.977197106272193,0.026501401171812915,0.0004123239183887082,0.044009499999992346,0.043599695056556566
Dew,6.900318333637943,0.9999999999980979,1.9021451080902807e-12,0.8981011011011012,0.1018988988988988,1166.3151775741087,17.99496549318091,0.026501441224606355,0.0004127698658557884,0.04400949999999228,0.043595637622122124
Dew,6.908137771593745,0.9999999999980816,1.918354364249808e-12,0.8971021021021022,0.10289789789789783,1166.3169393348119,18.012714575472952,0.02650148125597924,0.000413215453487061,0.04400949999999221,0.04359158018768769
Dew,6.91595362200785,0.9999999999980655,1.9344525981068728e-12,0.8961031031031031,0.10389689689689685,1166.3187002632421,18.030445772997968,0.026501521268440912,0.0004136607137567189,0.044009499999992145,0.043587522753253255
Dew,6.923766370432664,0.9999999999980493,1.9506618542664e-12,0.8951041041041041,0.10489589589589587,1166.3204604688258,18.048160491631712,0.026501561264477797,0.000414105678830424,0.04400949999999208,0.04358346531881883
Dew,6.931576497867045,0.9999999999980332,1.966760088123465e-12,0.8941051051051051,0.1058948948948949,1166.3222200599612,18.065860122956224,0.026501601246552972,0.00041455038055782497,0.044009499999992006,0.043579407884384386
Dew,6.9393844807566225,0.999999999998017,1.982969344282992e-12,0.8931061061061062,0.10689389389389381,1166.3239791440092,18.083546044272186,0.02650164121710591,0.00041499485047269326,0.04400949999999195,0.04357535044994995
Dew,6.947190790907901,0.9999999999980008,1.9991786004425194e-12,0.8921071071071072,0.10789289289289283,1166.3257378272847,18.101219618363697,0.02650168117855235,0.00041543911978737797,0.04400949999999189,0.043571293015515516
Dew,6.954995895478748,0.9999999999979846,2.0153878566020467e-12,0.8911081081081081,0.10889189189189186,1166.3274962150467,18.11888219348319,0.026501721133284032,0.0004158832193923098,0.04400949999999182,0.04356723558108109
Dew,6.962800256939833,0.9999999999979684,2.031597112761574e-12,0.8901091091091091,0.10989089089089088,1166.3292544114943,18.136535103253188,0.026501761083668588,0.0004163271798535957,0.04400949999999176,0.04356317814664665
Dew,6.970604333018774,0.9999999999979522,2.0478063689211012e-12,0.8891101101101102,0.11088988988988979,1166.331012519752,18.15417966651875,0.02650180103204927,0.0004167710314094805,0.04400949999999168,0.04355912071221222
Dew,6.978408576731466,0.9999999999979359,2.064126647383091e-12,0.8881111111111112,0.11188888888888882,1166.332770641877,18.171817187450745,0.026501840980745046,0.00041721480397256556,0.04400949999999162,0.04355506327777778
Dew,6.986213436301392,0.9999999999979197,2.0803359035426183e-12,0.8871121121121122,0.11288788788788784,1166.33452887884,18.189448955327745,0.02650188093205021,0.00041765852712464857,0.044009499999991555,0.04355100584334334
Dew,6.994019355177434,0.9999999999979033,2.096656182004608e-12,0.8861131131131131,0.11388688688688686,1166.3362873305327,18.207076244600984,0.026501920888234543,0.0004181022301180615,0.04400949999999149,0.04354694840890891
Dew,7.001826772026679,0.999999999997887,2.112976460466598e-12,0.8851141141141141,0.11488588588588589,1166.3380460957633,18.22470031488783,0.026501960851543202,0.00041854594187536686,0.044009499999991424,0.043542890974474474
Dew,7.009636120709989,0.9999999999978707,2.1292967389285877e-12,0.8841151151151152,0.1158848848848848,1166.3398052722534,18.24232241091606,0.026502000824196653,0.00041898969098792447,0.044009499999991354,0.043538833540040046
Dew,7.0174478302928955,0.9999999999978544,2.1456170173905775e-12,0.8831161161161162,0.11688388388388382,1166.3415649566355,18.259943762569645,0.026502040808390605,0.0004194335057167887,0.04400949999999129,0.04353477610560561
Dew,7.025262325026231,0.999999999997838,2.16204831815503e-12,0.8821171171171172,0.11788288288288284,1166.3433252444556,18.277565584847988,0.0265020808062961,0.0004198774139916178,0.04400949999999122,0.04353071867117118
Dew,7.033080024388571,0.9999999999978216,2.1783685966170196e-12,0.8811181181181181,0.11888188188188187,1166.3450862301781,18.29518907800253,0.026502120820059587,0.0004203214434136586,0.04400949999999116,0.04352666123673674
Dew,7.040901343053508,0.9999999999978052,2.194799897381472e-12,0.8801191191191192,0.11988088088088078,1166.3468480071813,18.312815427457988,0.026502160851802847,0.000420765621253783,0.04400949999999109,0.04352260380230231
Dew,7.048726690931838,0.9999999999977888,2.2112311981459243e-12,0.8791201201201202,0.1208798798798798,1166.348610667763,18.330445803948532,0.026502200903623107,0.0004212099744554635,0.04400949999999102,0.04351854636786787
Dew,7.056556473147709,0.9999999999977722,2.227773521212839e-12,0.8781211211211212,0.12187887887887883,1166.3503743031415,18.348081363464676,0.026502240977593048,0.0004216545296334003,0.04400949999999096,0.04351448893343343
Dew,7.064391090109163,0.9999999999977558,2.2442048219772914e-12,0.8771221221221221,0.12287787787787785,1166.352139003464,18.3657232474709,0.026502281075761035,0.0004220993130783688,0.04400949999999089,0.043510431498999004
Dew,7.072230937480572,0.9999999999977393,2.2607471450442063e-12,0.8761231231231231,0.12387687687687687,1166.3539048578048,18.383372582842053,0.026502321200151065,0.00042254435075560784,0.04400949999999081,0.04350637406456457
Dew,7.080076406232047,0.9999999999977227,2.277289468111121e-12,0.8751241241241242,0.12487587587587579,1166.3556719541807,18.401030482020502,0.02650236135276306,0.0004229896683082797,0.04400949999999075,0.043502316630130135
Dew,7.087927882658668,0.9999999999977061,2.2939428134804984e-12,0.8741251251251252,0.1258748748748748,1166.357440379544,18.418698043086682,0.02650240153557279,0.00042343529105894143,0.04400949999999069,0.04349825919569569
Dew,7.095785748394576,0.9999999999976895,2.3104851365474133e-12,0.8731261261261262,0.12687387387387383,1166.3592102197963,18.436376349815124,0.026502441750532155,0.0004238812440106843,0.04400949999999062,0.043494201761261266
Dew,7.098261335541806,0.9980373510392615,0.0019626489607384857,0.8561431431431432,0.14385685685685679,1165.585834043324,18.362740484278014,0.02648966680128817,0.0004228588412687689,0.04400152870124597,0.04342522537587588
Dew,7.103650380462688,0.9999999999976729,2.3271384819167906e-12,0.8721271271271271,0.12787287287287286,1166.3609815597958,18.454066471832324,0.026502481999569328,0.0004243275518506146,0.04400949999999055,0.04349014432682683
Dew,7.107276110141277,0.9980213971793366,0.0019786028206634273,0.8551441441441442,0.1448558558558558,1165.5815737960395,18.383650104135704,0.026489608989418757,0.0004233799083646994,0.04400146390464388,0.04342116794144145
Dew,7.111522151306968,0.9999999999976561,2.3439028495886305e-12,0.8711281281281281,0.12887187187187188,1166.3627544833646,18.47176946472469,0.02650252228458894,0.00042477423895218784,0.04400949999999048,0.043486086892392396
Dew,7.116312632246647,0.9980054050436028,0.001994594956397294,0.8541451451451452,0.14585485485485483,1165.5773033307141,18.404612700299154,0.02648955103874599,0.0004239022930217539,0.0440013989525846,0.04341711050700701
Bubble,7.118798837124945,0.9980010010010011,0.001998998998998913,0.8538704463989261,0.14612955360107385,1165.5761267465539,18.41037923190444,0.026489535067314194,0.0004240460067553429,0.044001381065565566,0.04341599481804924
Dew,7.119401428808412,0.9999999999976394,2.360556194958008e-12,0.8701291291291292,0.1298708708708708,1166.3645290732895,18.48948637009988,0.026502562607472108,0.0004252213293764739,0.04400949999999041,0.043482029457957955
Dew,7.125370985541373,0.99798937448103,0.002010625518969937,0.8531461461461461,0.14685385385385386,1165.5730226064743,18.425628477871346,0.026489492948709017,0.0004244260003338088,0.044001333844454704,0.04341305307257257
Dew,7.127288576331729,0.9999999999976227,2.3773205626298477e-12,0.8691301301301302,0.13086986986986981,1166.3663054113413,18.507218215735897,0.02650260297007685,0.0004256688468754399,0.04400949999999035,0.04347797202352353
Dew,7.134451254125562,0.9979733053398281,0.0020266946601719305,0.8521471471471472,0.14785285285285277,1165.5687315822363,18.446697643011657,0.026489434718744032,0.00042495103542098116,0.044001268579637716,0.04340899563813814
Dew,7.135183952767066,0.9999999999976059,2.3940849303016876e-12,0.8681311311311312,0.13186886886886884,1166.3680835782711,18.524966015715897,0.02650264337423803,0.0004261168148949075,0.044009499999990286,0.04347391458908909
Dew,7.143087912563654,0.9999999999975892,2.4108492979735274e-12,0.8671321321321321,0.13286786786786786,1166.3698636538336,18.542730770539936,0.02650268382176787,0.00042656525657698005,0.04400949999999021,0.04346985715465466
Dew,7.143553522518937,0.9979571974674405,0.0020428025325595145,0.8511481481481482,0.1488518518518518,1165.564430216707,18.46782040294355,0.02648937634828437,0.0004254774034298176,0.04400120315751401,0.04340493820370371
Dew,7.151000805775932,0.9999999999975723,2.42772468794783e-12,0.8661331331331332,0.13386686686686677,1166.3716457167827,18.560513467272123,0.026502724314455835,0.00042701419476328653,0.04400949999999014,0.04346579972022022
Dew,7.152677875663496,0.9979410507105403,0.0020589492894597227,0.8501491491491492,0.14985085085085081,1165.5601184683853,18.4889969659612,0.026489317836760472,0.0004260051095334601,0.04400113757746086,0.04340088076926927
Dew,7.158922978105082,0.9999999999975554,2.444600077922132e-12,0.8651341341341342,0.1348658658658658,1166.37342984489,18.578315079674685,0.026502764854069077,0.0004274636519979261,0.04400949999999008,0.04346174228578579
Dew,7.161824398926111,0.9979248649150245,0.002075135084975425,0.8491501501501502,0.15084984984984984,1165.5557962955597,18.5102275414361,0.02648925918359991,0.00042653415893180956,0.04400107183885237,0.043396823334834835
Dew,7.166854770937691,0.9999999999975384,2.461586490198897e-12,0.8641351351351352,0.13586486486486482,1166.3752161149505,18.5961365683337,0.026502805442352572,0.0004279136505302223,0.04400949999999,0.04345768485135136
Dew,7.170993178101341,0.9979086399260094,0.0020913600739905316,0.8481511511511511,0.15184884884884886,1165.551463656301,18.53151233982418,0.02648920038822722,0.0004270645568517028,0.04400100594105948,0.0433927659004004
Dew,7.17479652139688,0.9999999999975214,2.478572902475662e-12,0.8631361361361362,0.13686386386386384,1166.3770046027978,18.61397888082027,0.026502846081029426,0.00042836421231829465,0.04400949999998993,0.04345362741691692
Dew,7.180184299414418,0.9978923755878248,0.0021076244121750617,0.8471521521521522,0.15284784784784777,1165.5471205084696,18.55285157267343,0.026489141450064025,0.0004275963085471018,0.044000939883449955,0.043388708465965965
Dew,7.182748562388696,0.9999999999975044,2.495559314752427e-12,0.8621371371371371,0.13786286286286287,1166.3787953833066,18.631842951838088,0.026502886771800984,0.0004288153590323188,0.04400949999998986,0.043449569982482485
Dew,7.18939784952355,0.9978760717440096,0.0021239282559904512,0.8461531531531532,0.1538468468468468,1165.54276680971,18.57424545262963,0.02648908236852902,0.0004281294192992368,0.044000873665388296,0.04338465103153153
Dew,7.190711222649497,0.9999999999974875,2.5125457270291918e-12,0.8611381381381382,0.13886186186186178,1166.3805885304112,18.64972970337366,0.026502927516347186,0.0004292671120578497,0.0440094999999898,0.04344551254804805
Dew,7.198633915523386,0.9978597282373052,0.002140271762694784,0.8451541541541542,0.15484584584584582,1165.5384025174462,18.595694193445265,0.026489023143037794,0.00042866389441682595,0.04400080728623581,0.043380593597097096
Dew,7.198684826792561,0.9999999999974704,2.529643161608419e-12,0.8601391391391392,0.1398608608608608,1166.382384117112,18.667640044844166,0.0265029683163268,0.00042971949249909284,0.04400949999998973,0.04344145511361362
Dew,7.206669695356864,0.9999999999974533,2.5467405961876466e-12,0.8591401401401402,0.14085985985985983,1166.3841822154882,18.685574873251408,0.026503009173377622,0.00043017252118231637,0.044009499999989654,0.04343739767917919
Dew,7.207892584947242,0.9978433449096519,0.0021566550903480653,0.8441551551551552,0.15584484484484484,1165.5340275888855,18.617198009985074,0.02648896377300295,0.0004291997392362152,0.04400074074535055,0.04337653616266266
Dew,7.214666144860772,0.999999999997436,2.5639490530693365e-12,0.8581411411411412,0.14185885885885885,1166.385982896711,18.703535073349553,0.02650305008911683,0.0004306262186595838,0.044009499999989585,0.043433340244744746
Dew,7.217173945770471,0.9978269216021824,0.002173078397817584,0.8431561561561562,0.15684384384384376,1165.5296419810152,18.63875711823468,0.026488904257834085,0.0004297369591215907,0.04400067404208727,0.043372478728228234
Dew,7.222674487858089,0.9999999999974188,2.5811575099510264e-12,0.8571421421421422,0.14285785785785776,1166.3877862310533,18.72152151781945,0.026503091065141184,0.0004310806052126395,0.04400949999998952,0.04342928281031031
Dew,7.226478086413026,0.9978104581552167,0.0021895418447832487,0.8421571571571572,0.15784284284284278,1165.5252456505998,18.66037173530706,0.026488844596937705,0.00043027555946514097,0.044000607175797415,0.0433684212937938
Dew,7.235805095742066,0.9977939544082569,0.0022060455917430376,0.8411581581581582,0.1588418418418418,1165.5208385541823,18.682042079449026,0.026488784789717258,0.00043081554568721907,0.04400054014582913,0.043364363859359364
Dew,7.245155063075933,0.9977774101999816,0.002222589800018434,0.8401591591591592,0.15984084084084083,1165.516420648079,18.70376837005168,0.02648872483557304,0.0004313569232365973,0.044000472951527224,0.04336030642492493
Dew,7.25452807818601,0.9977608253682401,0.0022391746317599335,0.8391601601601602,0.16083983983983985,1165.5119918883806,18.725550827654796,0.026488664733902254,0.00043189969759058135,0.04400040559223311,0.0433562489904905
Dew,7.263924231300076,0.9977441997500474,0.0022558002499525904,0.8381611611611612,0.16183883883883876,1165.5075522309498,18.747389673955475,0.026488604484098933,0.0004324438742552237,0.044000338067284823,0.043352191556056054
Dew,7.273343613105324,0.9977275331815784,0.0022724668184216155,0.8371621621621622,0.16283783783783778,1165.5031016314206,18.769285131815803,0.02648854408555398,0.0004329894587655127,0.04400027037601698,0.043348134121621626
Dew,7.28278631475157,0.997710825498162,0.002289174501837926,0.8361631631631632,0.1638368368368368,1165.498640045196,18.791237425271095,0.026488483537655077,0.0004335364566855779,0.04400020251776079,0.04334407668718719
Dew,7.292252427853913,0.9976940765342762,0.0023059234657238706,0.8351641641641642,0.16483583583583583,1165.494167427447,18.813246779536545,0.026488422839786717,0.0004340848736088555,0.04400013449184397,0.04334001925275276
Dew,7.301742044496109,0.997677286123541,0.0023227138764590222,0.8341651651651653,0.16583483483483474,1165.4896837331082,18.835313421015908,0.02648836199133011,0.0004346347151583037,0.04400006629759076,0.043335961818318315
Dew,7.31125525723324,0.9976604540987142,0.0023395459012858083,0.8331661661661662,0.16683383383383377,1165.4851889168813,18.857437577308172,0.026488300991663265,0.0004351859869865696,0.04399999793432193,0.04333190438388389
Dew,7.320792159095324,0.9976435802916847,0.0023564197083152786,0.8321671671671672,0.1678328328328328,1165.4806829332292,18.8796194772169,0.026488239840160886,0.00043573869477621927,0.04399992940135468,0.04332784694944945
Dew,7.330352843590196,0.9976266645334668,0.002373335466533163,0.8311681681681682,0.1688318318318318,1165.4761657363765,18.90185935075749,0.026488178536194364,0.0004362928442399192,0.04399986069800268,0.04332378951501502
Dew,7.339937404706549,0.9976097066541945,0.002390293345805551,0.8301691691691692,0.16983083083083084,1165.4716372803077,18.924157429164914,0.026488117079131807,0.0004368484411206287,0.04399979182357601,0.043319732080580584
Dew,7.349545936917414,0.997592706483115,0.0024072935168848674,0.8291701701701703,0.17082982982982975,1165.4670975187655,18.94651394490265,0.026488055468337955,0.0004374054911918207,0.04399972277738117,0.04331567464614615
Dew,7.359178535183069,0.9975756638485839,0.0024243361514160494,0.8281711711711712,0.17182882882882877,1165.4625464052453,18.96892913167003,0.026487993703174124,0.00043796400025766574,0.04399965355872102,0.043311617211711714
Dew,7.368835294954463,0.9975585785780577,0.0024414214219422832,0.8271721721721722,0.1728278278278278,1165.457983893003,18.991403224411023,0.026487931782998346,0.0004385239741532489,0.043999584166894784,0.04330755977727728
Dew,7.378516312176298,0.9975414504980887,0.0024585495019113016,0.8261731731731732,0.17382682682682682,1165.4534099350442,19.013936459322075,0.026487869707165178,0.00043908541874476535,0.04399951460119799,0.04330350234284284
Dew,7.388221683290334,0.9975242794343187,0.0024757205656813826,0.8251741741741743,0.17482582582582573,1165.4488244841227,19.036529073860496,0.026487807475025677,0.0004396483399297286,0.043999444860922485,0.04329944490840841
Dew,7.3979515052390195,0.9975070652114724,0.0024929347885276395,0.8241751751751752,0.17582482482482475,1165.4442274927478,19.05918130675389,0.026487745085927553,0.00044021274363720324,0.0439993749453564,0.04329538747397398
Dew,7.40770587546846,0.9974898076533518,0.0025101923466481863,0.8231761761761762,0.17682382382382378,1165.4396189131714,19.081893398007566,0.026487682539214928,0.0004407786358279909,0.04399930485378409,0.04329133003953955
Dew,7.41748489193164,0.9974725065828297,0.002527493417170294,0.8221771771771772,0.1778228228228228,1165.4349986973964,19.104665588912805,0.02648761983422851,0.0004413460224948358,0.043999234585486165,0.0432872726051051
Dew,7.427288653092338,0.997455161821843,0.002544838178156939,0.8211781781781782,0.17882182182182182,1165.430366797166,19.12749812205696,0.026487556970305397,0.00044191490966267284,0.043999164139739415,0.04328321517067067
Dew,7.4371172579281,0.997437773191387,0.002562226808613028,0.8201791791791793,0.17982082082082074,1165.4257231639663,19.15039124133091,0.026487493946779114,0.00044248530338881586,0.04399909351581682,0.043279157736236244
Dew,7.446970805933837,0.9974203405115082,0.0025796594884917997,0.8191801801801802,0.18081981981981976,1165.4210677490255,19.173345191938402,0.02648743076297966,0.00044305720976318795,0.04399902271298749,0.04327510030180181
Dew,7.456849397125147,0.9974028636012986,0.002597136398701401,0.8181811811811812,0.18181881881881878,1165.416400503313,19.19636022040441,0.026487367418233432,0.0004436306349085302,0.04399895173051668,0.04327104286736737
Dew,7.466753132042072,0.9973853422788885,0.0026146577211114026,0.8171821821821822,0.1828178178178178,1165.4117213775276,19.219436574584872,0.026487303911863064,0.0004442055849806416,0.0439988805676657,0.04326698543293293
Dew,7.476682111752334,0.9973677763614408,0.0026322236385591924,0.8161831831831833,0.18381681681681672,1165.407030322111,19.242574503674877,0.026487240243187663,0.0004447820661685848,0.043998809223691995,0.0432629279984985
Dew,7.486636437854987,0.9973501656651431,0.0026498343348568985,0.8151841841841843,0.18481581581581574,1165.4023272872373,19.26577425821804,0.026487176411522637,0.00044536008469491737,0.04399873769784898,0.04325887056406407
Dew,7.496616212483915,0.9973325100052022,0.002667489994797793,0.8141851851851852,0.18581481481481477,1165.39761222281,19.289036090115452,0.026487112416179636,0.0004459396468159153,0.04399866598938613,0.04325481312962963
Dew,7.5066215383118875,0.9973148091958367,0.0026851908041632747,0.8131861861861862,0.1868138138138138,1165.3928850784619,19.312360252636175,0.026487048256466552,0.00044652075882183073,0.043998594097548895,0.043250755695195195
Dew,7.516652518553336,0.9972970630502705,0.0027029369497294136,0.8121871871871872,0.1878128128128128,1165.3881458035569,19.33574700042414,0.026486983931687583,0.0004471034270370678,0.04399852202157868,0.04324669826076077
Dew,7.526709256968642,0.997279271380726,0.002720728619273985,0.8111881881881883,0.18881181181181173,1165.3833943471825,19.359196589509263,0.026486919441143102,0.000447687657820456,0.04399844976071282,0.04324264082632633
Dew,7.536791857867896,0.9972614339984166,0.002738566001583346,0.8101891891891893,0.18981081081081075,1165.3786306581503,19.38270927731717,0.02648685478412963,0.00044827345756549044,0.04399837731418457,0.04323858339189189
Dew,7.546900426114095,0.9972435507135408,0.0027564492864592437,0.8091901901901902,0.19080980980980977,1165.3738546849954,19.4062853226772,0.026486789959939902,0.00044886083270053383,0.043998304681223045,0.043234525957457456
Dew,7.557035067127218,0.9972256213352739,0.0027743786647260378,0.8081911911911912,0.1918088088088088,1165.3690663759737,19.42992498583295,0.02648672496786278,0.0004494497896890768,0.043998231861053214,0.04323046852302302
Dew,7.567195886887959,0.9972076456717625,0.0027923543282375464,0.8071921921921922,0.19280780780780782,1165.3642656790566,19.453628528451887,0.026486659807183156,0.0004500403350299761,0.04399815885289586,0.043226411088588594
Dew,7.577382991941683,0.9971896235301155,0.0028103764698844194,0.8061931931931933,0.19380680680680673,1165.359452541933,19.477396213635455,0.026486594477182043,0.0004506324752577063,0.043998085655967564,0.04322235365415416
Dew,7.587596489401904,0.9971715547163988,0.0028284452836011254,0.8051941941941942,0.19480580580580575,1165.3546269120084,19.50122830592799,0.026486528977136537,0.00045122621694258135,0.043998012269480656,0.04321829621971972
Dew,7.597836486954356,0.9971534390356268,0.002846560964373188,0.8041951951951952,0.19580480480480478,1165.349788736398,19.525125071327178,0.026486463306319704,0.0004518215666910139,0.0439979386926432,0.04321423878528529
Dew,7.608103092860813,0.9971352762917554,0.0028647237082446483,0.8031961961961962,0.1968038038038038,1165.3449379619285,19.54908677729386,0.026486397464000607,0.0004524185311457601,0.04399786492465897,0.043210181350850856
Dew,7.618396415963543,0.9971170662876746,0.0028829337123253804,0.8021971971971973,0.1978028028028027,1165.340074535133,19.573113692763595,0.026486331449444244,0.00045301711698620285,0.04399779096472739,0.04320612391641642
Dew,7.628716565688187,0.9970988088252015,0.0029011911747983898,0.8011981981981983,0.19880180180180174,1165.3351984022527,19.597206088153797,0.02648626526191159,0.00045361733092853514,0.04399771681204355,0.043202066481981986
Dew,7.639063652048735,0.9970805037050727,0.0029194962949273245,0.8001991991991992,0.19980080080080076,1165.3303095092358,19.621364235376767,0.026486198900659563,0.0004542191797260785,0.04399764246579816,0.04319800904754755
Dew,7.649437785651177,0.9970621507269358,0.002937849273064211,0.7992002002002002,0.20079979979979978,1165.325407801726,19.64558840784898,0.026486132364940847,0.00045482267016951593,0.04399756792517746,0.043193951613113124
Dew,7.65983907769728,0.9970437496893432,0.0029562503106567465,0.7982012012012012,0.2017987987987988,1165.3204932250712,19.669878880500725,0.026486065654004045,0.0004554278090871324,0.04399749318936327,0.04318989417867868
Dew,7.670267639989411,0.9970253003897437,0.0029746996102563527,0.7972022022022023,0.20279779779779772,1165.315565724316,19.694235929788697,0.02648599876709353,0.0004560346033451237,0.04399741825753295,0.04318583674424425
Dew,7.680723584933816,0.9970068026244745,0.0029931973755254757,0.7962032032032033,0.20379679679679674,1165.310625244201,19.718659833704223,0.026485931703449508,0.00045664305984780576,0.043997343128859306,0.04318177930980981
Bubble,7.6834323839962115,0.9970020020020021,0.0029979979979979365,0.7959443503237953,0.20405564967620482,1165.309341952563,19.724985260087013,0.026485914273386087,0.00045680066509654185,0.04399732363113113,0.0431807279788401
Dew,7.691207025545226,0.9969882561887544,0.0030117438112456417,0.7952042042042042,0.20479579579579577,1165.305671729162,19.74315087178523,0.02648586446230795,0.0004572531855379085,0.04399726780251063,0.04317772187537538
Dew,7.701718075451572,0.9969696608766746,0.0030303391233254275,0.7942052052052052,0.2057947947947948,1165.3007051233228,19.76770932512848,0.02648579704290048,0.0004578649873968783,0.04399719227765062,0.043173664440940944
Dew,7.712256848896701,0.9969510164811919,0.0030489835188080437,0.7932062062062063,0.2067937937937937,1165.2957253704978,19.792335476396246,0.026485729444454476,0.0004584784724450503,0.04399711655343836,0.04316960700650651
Dew,7.722823460746051,0.9969323227941204,0.0030676772058796397,0.7922072072072073,0.20779279279279272,1165.29073241419,19.817029609831234,0.026485661666192966,0.00045909364774201247,0.043997040629028324,0.043165549572072075
Dew,7.733418026490494,0.9969135796061229,0.0030864203938771218,0.7912082082082083,0.20879179179179175,1165.285726197585,19.841792011266364,0.026485593707334613,0.0004597105203868507,0.04399696450357027,0.04316149213763764
Dew,7.744040662250616,0.9968947867067035,0.0031052132932964543,0.7902092092092092,0.20979079079079077,1165.2807066635514,19.86662296813582,0.02648552556709366,0.00046032909751842345,0.043996888176209274,0.043157434703203205
Dew,7.754691484780944,0.9968759438841992,0.0031240561158008126,0.7892102102102102,0.2107897897897898,1165.2756737546392,19.891522769485885,0.02648545724467995,0.00046094938631563144,0.04399681164608568,0.04315337726876877
Dew,7.765370611474557,0.9968570509257714,0.0031429490742287103,0.7882112112112113,0.2117887887887887,1165.2706274130744,19.916491705986886,0.026485388739298843,0.00046157139399771345,0.04399673491233503,0.043149319834334336
Dew,7.7760781603675,0.9968381076173974,0.0031618923826025906,0.7872122122122123,0.21278778778778773,1165.2655675807587,19.941530069944566,0.02648532005015118,0.00046219512782452857,0.04399665797408807,0.04314526239989991
Dew,7.786814250143253,0.9968191137438631,0.0031808862561369237,0.7862132132132132,0.21378678678678675,1165.2604941992697,19.96663815531161,0.026485251176433362,0.0004628205950968432,0.043996580830470707,0.04314120496546546
Dew,7.797579000136965,0.9968000690887531,0.0031999309112468862,0.7852142142142142,0.21478578578578578,1165.2554072098526,19.991816257698513,0.02648518211733712,0.0004634478031566007,0.04399650348060397,0.04313714753103103
Dew,7.808372530340569,0.9967809734344432,0.0032190265655568646,0.7842152152152152,0.2157847847847848,1165.2503065534243,20.0170646743869,0.026485112872049677,0.0004640767593872515,0.04399642592360399,0.0431330900965966
Dew,7.819194961406822,0.996761826562091,0.0032381734379089864,0.7832162162162163,0.2167837837837837,1165.2451921705651,20.04238370433981,0.026485043439753587,0.0004647074712140097,0.04399634815858193,0.04312903266216217
Dew,7.830046414654096,0.9967426282516281,0.003257371748371991,0.7822172172172173,0.21778278278278274,1165.2400640015205,20.067773648214136,0.026484973819626733,0.0004653399461041618,0.043996270184644,0.04312497522772773
Dew,7.840927012071287,0.9967233782817504,0.0032766217182496255,0.7812182182182182,0.21878178178178176,1165.2349219861983,20.093234808373346,0.02648490401084238,0.0004659741915673811,0.04399619200089133,0.0431209177932933
Dew,7.851836876322303,0.99670407642991,0.0032959235700900113,0.7802192192192192,0.21978078078078078,1165.2297660641616,20.11876748889901,0.026484834012568934,0.00046661021515601557,0.043996113606420084,0.04311686035885886
Dew,7.8627761307506105,0.996684722472306,0.0033152775276940436,0.7792202202202203,0.2207797797797797,1165.2245961746337,20.144371995602526,0.02648476382397015,0.0004672480244653789,0.04399603500032128,0.04311280292442443
Dew,7.873744899384187,0.9966653161838753,0.003334683816124629,0.7782212212212213,0.22177877877877872,1165.219412256491,20.17004863603794,0.02648469344420497,0.0004678876271340696,0.04399595618168081,0.04310874548998999
Dew,7.884743306940684,0.9966458573382843,0.003354142661715773,0.7772222222222223,0.22277777777777774,1165.2142142482605,20.19579771951538,0.02648462287242746,0.0004685290308443014,0.04399587714957945,0.043104688055555555
Dew,7.895771478831877,0.9966263457079184,0.0033736542920816655,0.7762232232232232,0.22377677677677676,1165.2090020881178,20.221619557112454,0.026484552107786836,0.0004691722433221895,0.043995797903092715,0.04310063062112113
Dew,7.9068295411684275,0.9966067810638742,0.0033932189361258265,0.7752242242242242,0.2247757757757758,1165.203775713886,20.247514461686556,0.026484481149427423,0.00046981727233805627,0.04399571844129093,0.04309657318668669
Dew,7.91791762076519,0.9965871631759494,0.0034128368240505386,0.7742252252252253,0.2257747747747747,1165.198535063029,20.273482747888647,0.026484409996488545,0.0004704641257067718,0.04399563876323912,0.04309251575225225
Dew,7.929035845146258,0.996567491812634,0.0034325081873659404,0.7732262262262263,0.22677377377377372,1165.1932800726597,20.29952473217634,0.02648433864810472,0.0004711128112880785,0.04399555886799702,0.04308845831781782
Dew,7.940184342549515,0.9965477667410999,0.003452233258900018,0.7722272272272273,0.22777277277277275,1165.188010679518,20.325640732825594,0.026484267103405203,0.00047176333698688386,0.043995478754618976,0.04308440088338339
Dew,7.951363241932028,0.9965279877271924,0.003472012272807515,0.7712282282282282,0.22877177177177177,1165.1827268199886,20.351831069944676,0.026484195361514393,0.00047241571075360604,0.043995398422154,0.043080343448948955
Dew,7.962572672975296,0.99650815453542,0.0034918454645800827,0.7702292292292293,0.22977077077077068,1165.1774284300855,20.378096065487878,0.02648412342155152,0.00047306994058451317,0.04399531786964561,0.04307628601451451
Dew,7.973812766090176,0.9964882669289444,0.0035117330710555473,0.7692302302302303,0.2307697697697697,1165.172115445455,20.404436043268145,0.02648405128263072,0.00047372603452203844,0.04399523709613191,0.04307222858008008
Dew,7.985083652421871,0.9964683246695719,0.0035316753304280675,0.7682312312312313,0.23176876876876873,1165.166787801369,20.43085132896998,0.026483978943860925,0.0004743840006551013,0.043995156100645465,0.043068171145645644
Dew,7.996385463855682,0.9964483275177424,0.003551672482257648,0.7672322322322322,0.23276776776776775,1165.16144543273,20.457342250164476,0.02648390640434597,0.0004750438471194789,0.04399507488221332,0.043064113711211216
Dew,8.007718333021995,0.9964282752325194,0.003571724767480523,0.7662332332332332,0.23376676676676678,1165.1560882740534,20.48390913632213,0.026483833663184287,0.00047570558209812533,0.043994993439856876,0.043060056276776774
Dew,8.019082393301689,0.9964081675715811,0.003591832428418792,0.7652342342342343,0.2347657657657657,1165.150716259481,20.51055231882691,0.02648376071946912,0.00047636921382152026,0.043994911772591974,0.04305599884234235
Dew,8.030477778831242,0.9963880042912092,0.003611995708790725,0.7642352352352353,0.2357647647647647,1165.1453293227719,20.537272130989454,0.02648368757228845,0.00047703475056799896,0.04399482987942875,0.043051941407907905
Dew,8.041904624508804,0.996367785146279,0.0036322148537210534,0.7632362362362363,0.23676376376376373,1165.139927397295,20.56406890806289,0.02648361422072481,0.00047770220066414105,0.043994747759371615,0.04304788397347348
Dew,8.05336306599884,0.9963475098902489,0.0036524901097511843,0.7622372372372372,0.23776276276276276,1165.134510416031,20.59094298725479,0.02648354066385532,0.00047837157248507226,0.04399466541141925,0.04304382653903904
Dew,8.06485323973839,0.9963271782751506,0.0036728217248494805,0.7612382382382383,0.23876176176176167,1165.1290783115733,20.617894707743517,0.026483466900751804,0.0004790428744548658,0.04399458283456453,0.04303976910460461
Dew,8.07637528294223,0.9963067900515779,0.0036932099484221176,0.7602392392392393,0.2397607607607607,1165.1236310161123,20.644924410691516,0.0264833929304804,0.0004797161150468755,0.04399450002779449,0.043035711670170174
Dew,8.087929333608237,0.9962863449686769,0.0037136550313231816,0.7592402402402403,0.24075975975975972,1165.1181684614492,20.672032439259265,0.026483318752101914,0.0004803913027840822,0.04399441699009029,0.043031654235735746
Dew,8.099515530524023,0.9962658427741342,0.0037341572258657767,0.7582412412412413,0.24175875875875874,1165.1126905789781,20.699219138622627,0.026483244364671463,0.00048106844623952154,0.04399433372042715,0.043027596801301304
Dew,8.111134013271302,0.9962452832141675,0.0037547167858325106,0.7572422422422422,0.24275775775775776,1165.1071972996936,20.726484855983944,0.02648316976723864,0.0004817475540365642,0.043994250217774346,0.04302353936686687
Dew,8.122784922233127,0.9962246660335135,0.0037753339664865445,0.7562432432432433,0.24375675675675668,1165.1016885541803,20.753829940591142,0.02648309495884733,0.0004824286348493845,0.043994166481095116,0.043019481932432435
Dew,8.134468398597951,0.9962039909754177,0.0037960090245822893,0.7552442442442443,0.2447557557557557,1165.0961642726168,20.78125474374794,0.0264830199385358,0.00048311169740322175,0.04399408250934666,0.043015424497998
Dew,8.146184584367187,0.9961832577816232,0.0038167422183768415,0.7542452452452453,0.24575475475475472,1165.090624384764,20.808759618833804,0.02648294470533649,0.0004837967504748677,0.04399399830148006,0.043011367063563566
Dew,8.157933622360222,0.9961624661923593,0.003837533807640759,0.7532462462462463,0.24675375375375375,1165.0850688199716,20.83634492131684,0.02648286925827616,0.0004844838028929912,0.04399391385644027,0.04300730962912913
Dew,8.169715656220585,0.9961416159463303,0.0038583840536695804,0.7522472472472473,0.24775275275275266,1165.0794975071685,20.864011008769847,0.026482793596375724,0.0004851728635385357,0.04399382917316602,0.0430032521946947
Dew,8.181530830421586,0.996120706780705,0.0038792932192950177,0.7512482482482483,0.24875175175175168,1165.0739103748606,20.891758240884915,0.026482717718650194,0.0004858639413450835,0.043993744250589835,0.04299919476026026
Dew,8.1933792902731,0.9960997384311034,0.0039002615688965396,0.7502492492492493,0.2497507507507507,1165.068307351127,20.91958697949123,0.026482641624108676,0.0004865570452992946,0.04399365908763792,0.04299513732582583
Dew,8.205261181927138,0.9960787106315871,0.003921289368412801,0.7492502502502503,0.25074974974974973,1165.062688363623,20.94749758856943,0.026482565311754396,0.00048725218444126573,0.043993573683230196,0.04299107989139139
Dew,8.21717665238421,0.9960576231146466,0.003942376885353394,0.7482512512512512,0.25174874874874875,1165.057053339567,20.97549043426824,0.02648248878058449,0.00048794936786494266,0.04399348803628014,0.04298702245695696
Dew,8.229125849499626,0.9960364756111895,0.003963524388810504,0.7472522522522523,0.25274774774774766,1165.0514022057455,21.003565884920864,0.02648241202959013,0.0004886486047185266,0.043993402145694846,0.042982965022522523
Dew,8.241108921989545,0.9960152678505291,0.003984732149470959,0.7462532532532533,0.2537467467467467,1165.0457348885059,21.031724311060692,0.02648233505775635,0.000489349904204866,0.043993316010374935,0.04297890758808809
Bubble,8.248030699159413,0.996003003003003,0.00399699699699696,0.7456767788139713,0.2543232211860286,1165.0424554291803,21.047986956257432,0.026482290499191423,0.0004897549711186929,0.043993266196696704,0.042976566237152944
Dew,8.25312601943746,0.9959939995603719,0.00400600043962806,0.7452542542542543,0.2547457457457457,1165.0400513137522,21.05996608543824,0.026482257864062053,0.0004900532755818755,0.04399322962921445,0.04297485015365366
Dew,8.265177292300669,0.9959726704668064,0.0040273295331936364,0.7442552552552553,0.25574474474474473,1165.0343514069448,21.088291583037982,0.026482180447479953,0.0004907587281629548,0.04399314300110094,0.04297079271921922
Dew,8.277262891916731,0.9959512802942896,0.004048719705710334,0.7432562562562562,0.25674374374374376,1165.0286350930962,21.11670118109522,0.026482102806976573,0.0004914662713174064,0.043993056124915254,0.042966735284784785
Dew,8.289382970509402,0.9959298287656361,0.004070171234363967,0.7422572572572573,0.25774274274274267,1165.0229022967656,21.145195259111418,0.026482024941512108,0.0004921759144708198,0.04399296899953163,0.04296267785035035
Dew,8.294083553913683,0.9999999999949806,5.019429316632795e-12,0.7412582582582583,0.2587417417417417,1166.628821939827,21.153000887269595,0.02650856796692458,0.0004924041014928061,0.04400949999997962,0.04295862041591592
Dew,8.304966857792452,0.9999999999949546,5.045408535409024e-12,0.7402592592592593,0.2597407407407407,1166.6312680639867,21.17802878659543,0.026508623548654946,0.0004930332732223506,0.04400949999997951,0.04295456298148149
Dew,8.315884554277806,0.9999999999949284,5.0716097987901776e-12,0.7392602602602603,0.26073973973973974,1166.6337218717856,21.20314192255402,0.026508679304975778,0.0004936645483562134,0.04400949999997941,0.042950505547047046
Dew,8.326836818397133,0.9999999999949022,5.097811062171331e-12,0.7382612612612613,0.26173873873873865,1166.6361834021236,21.228340733241165,0.026508735236770983,0.0004942979376915405,0.044009499999979294,0.04294644811261261
Dew,8.337823795999258,0.9999999999948759,5.1241233478549475e-12,0.7372622622622623,0.2627377377377377,1166.6386526873387,21.253625575249362,0.026508791344775337,0.0004949334501315902,0.04400949999997919,0.04294239067817818
Dew,8.348845643389645,0.9999999999948495,5.150546655841026e-12,0.7362632632632633,0.2637367367367367,1166.6411297621148,21.278996834089877,0.026508847629776962,0.0004955710952564814,0.044009499999979086,0.04293833324374375
Dew,8.359902517301823,0.9999999999948229,5.1770809861295675e-12,0.7352642642642643,0.2647357357357357,1166.6436146612286,21.304454896251915,0.026508904092566062,0.0004962108826727323,0.04400949999997897,0.042934275809309315
Dew,8.370994574912086,0.9999999999947963,5.203726338720571e-12,0.7342652652652653,0.26573473473473475,1166.646107419552,21.330000149243453,0.026508960733934998,0.0004968528220142235,0.044009499999978864,0.04293021837487487
Dew,8.382121973854447,0.9999999999947696,5.230371691311575e-12,0.7332662662662663,0.26673373373373366,1166.6486080720551,21.355632981632603,0.02650901755467838,0.0004974969229431745,0.04400949999997876,0.04292616094044044
Dew,8.39328487223439,0.9999999999947428,5.257239088507504e-12,0.7322672672672673,0.2677327327327327,1166.6511166538094,21.38135378308559,0.026509074555593117,0.0004981431951510423,0.04400949999997865,0.04292210350600601
Dew,8.404483428674663,0.9999999999947158,5.284217508005895e-12,0.7312682682682683,0.2687317317317317,1166.6536332000017,21.40716294449393,0.026509131737478736,0.0004987916483614987,0.044009499999978545,0.042918046071571576
Dew,8.415717802267427,0.9999999999946887,5.311306949806749e-12,0.7302692692692693,0.26973073073073073,1166.6561577459142,21.433060857840875,0.026509189101136935,0.0004994422923273326,0.044009499999978434,0.042913988637137135
Dew,8.426988152651045,0.9999999999946615,5.338507413910065e-12,0.7292702702702704,0.27072972972972964,1166.6586903269524,21.45904791641478,0.026509246647372208,0.0005000951368354365,0.044009499999978316,0.04290993120270271
Dew,8.438294639992655,0.9999999999946342,5.365818900315844e-12,0.7282712712712713,0.27172872872872866,1166.6612309786367,21.485124514760095,0.026509304376991654,0.0005007501917056813,0.04400949999997821,0.042905873768268266
Dew,8.449637425020416,0.9999999999946068,5.3932414090240854e-12,0.7272722722722723,0.2727277277277277,1166.6637797366045,21.51129104876672,0.02650936229080506,0.0005014074667930126,0.044009499999978094,0.04290181633383384
Dew,8.461016669019626,0.9999999999945792,5.420774940034789e-12,0.7262732732732733,0.2737267267267267,1166.6663366366195,21.537547915658664,0.026509420389625032,0.0005020669719872058,0.04400949999997799,0.042897758899399396
Dew,8.472432533863048,0.9999999999945516,5.448419493347956e-12,0.7252742742742743,0.27472572572572573,1166.6689017145686,21.563895514077906,0.026509478674267034,0.0005027287172148345,0.04400949999997788,0.04289370146496497
Dew,8.483885182024597,0.9999999999945238,5.476175068963585e-12,0.7242752752752754,0.27572472472472465,1166.6714750064727,21.590334244121898,0.026509537145549537,0.000503392712440165,0.04400949999997776,0.042889644030530534
Dew,8.49537477658133,0.999999999994496,5.504041666881676e-12,0.7232762762762763,0.27672372372372367,1166.674056548483,21.616864507348527,0.02650959580429397,0.0005040589676652883,0.04400949999997765,0.0428855865960961
Dew,8.506901481238097,0.999999999994468,5.53201928710223e-12,0.7222772772772773,0.2777227227227227,1166.6766463768847,21.64348670684407,0.02650965465132483,0.0005047274929317233,0.04400949999997754,0.04288152916166166
Dew,8.518465460359758,0.9999999999944399,5.5601079296252465e-12,0.7212782782782783,0.2787217217217217,1166.6792445281103,21.670201247312054,0.026509713687469953,0.0005053982983225072,0.04400949999997742,0.04287747172722723
Dew,8.530066878926752,0.9999999999944117,5.5883075944507254e-12,0.7202792792792793,0.27972072072072074,1166.6818510387236,21.697008534949216,0.02650977291356015,0.000506071393959323,0.0440094999999773,0.042873414292792796
Dew,8.541705902636874,0.9999999999943834,5.616618281578667e-12,0.7192802802802803,0.28071971971971965,1166.6844659454482,21.72390897772752,0.026509832330429858,0.0005067467900090959,0.04400949999997719,0.04286935685835836
Dew,8.553382697837108,0.9999999999943548,5.6451510133115335e-12,0.7182812812812813,0.2817187187187187,1166.6870892851434,21.750902985204142,0.026509891938916626,0.0005074244966795813,0.044009499999977074,0.042865299423923926
Dew,8.565097431589766,0.9999999999943263,5.6736837450444e-12,0.7172822822822823,0.2827177177177177,1166.6897210948316,21.777990968704408,0.026509951739861676,0.0005081045242236528,0.044009499999976956,0.04286124198948949
Dew,8.576850271659147,0.9999999999942977,5.702327499079729e-12,0.7162832832832833,0.2837167167167167,1166.692361411682,21.80517334128403,0.026510011734109586,0.0005087868829384426,0.044009499999976845,0.04285718455505506
Dew,8.588641386545548,0.9999999999942688,5.731193297719983e-12,0.7152842842842844,0.28471571571571563,1166.695010273028,21.832450517822735,0.026510071922508663,0.000509471583167547,0.04400949999997673,0.04285312712062063
Dew,8.600470945485416,0.9999999999942398,5.7601701186627e-12,0.7142852852852853,0.28571471471471466,1166.697667716361,21.859822915023866,0.026510132305910792,0.0005101586353010391,0.04400949999997661,0.04284906968618618
Dew,8.61233911847233,0.9999999999942109,5.789146939605416e-12,0.7132862862862863,0.2867137137137137,1166.7003337793412,21.88729095147184,0.026510192885171712,0.0005108480497768316,0.04400949999997649,0.04284501225175175
Dew,8.624246076245077,0.9999999999941817,5.818345805153058e-12,0.7122872872872873,0.2877127127127127,1166.7030084997891,21.914855047598213,0.026510253661150784,0.0005115398370799082,0.04400949999997637,0.042840954817317325
Dew,8.636191990368392,0.9999999999941523,5.847655693003162e-12,0.7112882882882883,0.2887117117117117,1166.7056919157055,21.942515625904758,0.02651031463471148,0.0005122340077475528,0.044009499999976255,0.042836897382882884
Dew,8.64817703316213,0.9999999999941229,5.877076603155729e-12,0.7102892892892894,0.28971071071071064,1166.7083840652567,21.97027311076619,0.026510375806721033,0.0005129305723647686,0.04400949999997614,0.04283283994844845
Dew,8.660201377778185,0.9999999999940934,5.906608535610758e-12,0.7092902902902903,0.29070970970970966,1166.7110849867915,21.99812792864253,0.02651043717805082,0.0005136295415692593,0.04400949999997601,0.042828782514014015
Dew,8.672265198180504,0.9999999999940636,5.936362512670712e-12,0.7082912912912913,0.2917087087087087,1166.7137947188353,22.026080508022776,0.026510498749576217,0.0005143309260501389,0.04400949999997589,0.04282472507957958
Dew,8.684368669170755,0.9999999999940339,5.966116489730666e-12,0.7072922922922923,0.2927077077077077,1166.7165133000967,22.054131279495127,0.026510560522176776,0.0005150347365495957,0.044009499999975776,0.04282066764514515
Dew,8.696511966408746,0.9999999999940039,5.9960925113955454e-12,0.7062932932932934,0.2937067067067066,1166.7192407694718,22.082280675802586,0.026510622496736327,0.0005157409838642162,0.044009499999975644,0.04281661021071071
Dew,8.708695266401357,0.9999999999939738,6.026179555362887e-12,0.7052942942942944,0.29470570570570565,1166.7219771660434,22.11052913181134,0.026510684674142908,0.0005164496788442722,0.044009499999975527,0.042812552776276276
Dew,8.720918746545593,0.9999999999939437,6.056266599330229e-12,0.7042952952952953,0.29570470470470467,1166.7247225290864,22.138877084629037,0.026510747055288938,0.0005171608323965097,0.0440094999999754,0.04280849534184185
Dew,8.733182585125913,0.9999999999939133,6.086686710204958e-12,0.7032962962962963,0.2967037037037037,1166.727476898072,22.167324973596326,0.0265108096410713,0.0005178744554839771,0.04400949999997528,0.042804437907407414
Dew,8.745486961325831,0.9999999999938829,6.1171068210796875e-12,0.7022972972972973,0.2977027027027027,1166.7302403126664,22.19587324031803,0.026510872432391305,0.0005185905591267814,0.04400949999997515,0.04280038047297297
Dew,8.757832055250239,0.9999999999938524,6.147637954256879e-12,0.7012982982982984,0.2987017017017016,1166.7330128127385,22.2245223287238,0.02651093543015486,0.000519309154403531,0.044009499999975034,0.04279632303853854
Dew,8.770218047931872,0.9999999999938216,6.178391132038996e-12,0.7002992992992993,0.29970070070070065,1166.7357944383612,22.253272685085065,0.02651099863527253,0.0005200302524517609,0.04400949999997491,0.04279226560410411
Dew,8.78264512133408,0.9999999999937907,6.2092553321235755e-12,0.6993003003003003,0.3006996996996997,1166.7385852298105,22.282124758021517,0.02651106204865947,0.0005207538644681118,0.044009499999974784,0.042788208169669675
Dew,8.795113458415349,0.9999999999937598,6.240230554510617e-12,0.6983013013013013,0.3016986986986987,1166.741385227577,22.311078998678642,0.026511125671235727,0.0005214800017125074,0.04400949999997466,0.042784150735235234
Dew,8.807623243056021,0.9999999999937287,6.271316799200122e-12,0.6973023023023024,0.3026976976976976,1166.7441944723578,22.340135860523755,0.02651118950392604,0.0005222086755034162,0.04400949999997453,0.0427800933008008
Bubble,8.812253572812617,0.995004004004004,0.004995995995995983,0.7017174843445072,0.29828251565549274,1164.7753901404349,22.377623784185527,0.02647866199265852,0.000522865797895747,0.04398920876226226,0.042798025562665216
Dew,8.820174660152407,0.9999999999936975,6.302514066192089e-12,0.6963033033033034,0.30369669669669663,1166.747013005071,22.369295799605332,0.026511253547660152,0.0005229398972239431,0.04400949999997441,0.04277603586636637
Dew,8.832767895573001,0.9999999999936661,6.3339333777889806e-12,0.6953043043043043,0.30469569569569566,1166.7498408668448,22.39855927443066,0.026511317803372604,0.0005236736783189983,0.044009499999974284,0.04277197843193194
Dew,8.845403136220716,0.9999999999936345,6.365463711688335e-12,0.6943053053053053,0.3056946946946947,1166.7526780990372,22.427926746136865,0.026511382272003146,0.0005244100302993265,0.04400949999997415,0.042767920997497495
Dew,8.858080570006372,0.9999999999936029,6.397105067890152e-12,0.6933063063063063,0.3066936936936937,1166.7555247432276,22.45739867841636,0.02651144695449656,0.0005251489647397939,0.04400949999997403,0.04276386356306306
Dew,8.870800385874398,0.9999999999935711,6.4288574463944315e-12,0.6923073073073074,0.3076926926926926,1166.7583808412169,22.486975537586726,0.026511511851802658,0.0005258904932810535,0.04400949999997389,0.04275980612862863
Dew,8.883562773836658,0.9999999999935393,6.4607208472011735e-12,0.6913083083083084,0.30869169169169164,1166.7612464350457,22.516657792683027,0.0265115769648767,0.0005266346276317356,0.044009499999973764,0.0427557486941942
Dew,8.896367924933127,0.9999999999935072,6.4928062926128405e-12,0.6903093093093093,0.30969069069069066,1166.7641215669762,22.54644591534787,0.026511642294679,0.0005273813795659079,0.04400949999997363,0.04275169125975976
Dew,8.909216031310995,0.999999999993475,6.52500276032697e-12,0.6893103103103103,0.3106896896896897,1166.7670062795137,22.576340380048812,0.02651170784217535,0.0005281307609281927,0.04400949999997351,0.04274763382532532
Dew,8.922107286190487,0.9999999999934426,6.5574212726460246e-12,0.6883113113113114,0.3116886886886886,1166.769900615398,22.60634166398262,0.02651177360833693,0.0005288827836315603,0.04400949999997337,0.042743576390890894
Dew,8.935041883903027,0.9999999999934102,6.589839784965079e-12,0.6873123123123124,0.3126876876876876,1166.7728046176162,22.636450247179457,0.026511839594140486,0.0005296374596597997,0.04400949999997324,0.04273951895645647
Dew,8.94802001988538,0.9999999999933775,6.622480341889059e-12,0.6863133133133134,0.31368668668668664,1166.775718329394,22.666666612485418,0.026511905800568215,0.0005303948010671432,0.04400949999997311,0.04273546152202202
Dew,8.96104189071754,0.9999999999933448,6.655231921115501e-12,0.6853143143143143,0.31468568568568567,1166.7786417942052,22.69699124566588,0.026511972228607954,0.0005311548199807175,0.04400949999997297,0.04273140408758759
Dew,8.974107694090462,0.9999999999933118,6.688205544946868e-12,0.6843153153153153,0.3156846846846847,1166.7815750557738,22.72742463531508,0.026512038879253203,0.0005319175285984641,0.04400949999997284,0.042727346653153156
Dew,8.98721762888812,0.9999999999932787,6.721290191080698e-12,0.6833163163163164,0.3166836836836836,1166.7845181580797,22.757967273081384,0.026512105753503296,0.0005326829391944438,0.0440094999999727,0.04272328921871872
Dew,9.00037188560543,0.9999999999932455,6.75448585951699e-12,0.6823173173173174,0.3176826826826826,1166.7874711432146,22.788619627214228,0.026512172852314657,0.0005334510634996435,0.04400949999997257,0.04271923178428429
Dew,9.013570685224233,0.9999999999932122,6.7877925502557446e-12,0.6813183183183184,0.31868168168168165,1166.7904340601108,22.819382249884985,0.02651224017679914,0.0005342219152141937,0.04400949999997243,0.042715174349849845
Dew,9.026814219881588,0.9999999999931787,6.821321285599424e-12,0.6803193193193193,0.3196806806806807,1166.7934069512155,22.850255613386977,0.02651230772792124,0.000534995506173237,0.0440094999999723,0.04271111691541542
Dew,9.040102693197436,0.999999999993145,6.8549610432455665e-12,0.6793203203203203,0.3206796796796797,1166.796389861548,22.88124022147186,0.02651237550670392,0.0005357718489530217,0.04400949999997216,0.04270705948098099
Dew,9.053436310013236,0.9999999999931113,6.888711823194171e-12,0.6783213213213214,0.3216786786786786,1166.7993828363967,22.91233658101727,0.02651244351417622,0.0005365509562077784,0.04400949999997203,0.04270300204654655
Dew,9.066815276407103,0.9999999999930773,6.922684647747701e-12,0.6773223223223224,0.32267767767767763,1166.802385921317,22.94354520206718,0.02651251175137328,0.0005373328406707024,0.044009499999971884,0.042698944612112114
Dew,9.080239799706087,0.9999999999930432,6.956768494603693e-12,0.6763233233233233,0.32367667667667666,1166.8053991621448,22.974866597864338,0.026512580219336595,0.0005381175151547506,0.044009499999971745,0.04269488717767768
Dew,9.093710088502014,0.9999999999930089,6.991074386064611e-12,0.6753243243243243,0.3246756756756757,1166.8084226049878,23.00630128489258,0.02651264891911384,0.0005389049925536719,0.044009499999971606,0.042690829743243244
Dew,9.107226352652846,0.9999999999929745,7.0254912998279906e-12,0.6743253253253254,0.3256746746746746,1166.8114562962332,23.037849782879114,0.02651271785175904,0.0005396952858420978,0.044009499999971474,0.04268677230880881
Dew,9.12078880331644,0.99999999999294,7.060019235893833e-12,0.6733263263263264,0.3266736736736736,1166.814500282553,23.069512614886232,0.0265127870183327,0.0005404884080777296,0.044009499999971335,0.042682714874374375
Dew,9.134397652948747,0.9999999999929052,7.0947692165646e-12,0.6723273273273274,0.32767267267267264,1166.8175546109019,23.101290307304865,0.026512856419901743,0.0005412843724012274,0.04400949999997119,0.04267865743993994
Dew,9.148053115322595,0.9999999999928704,7.12963021953783e-12,0.6713283283283283,0.32867167167167166,1166.8206193285278,23.133183389904886,0.026512926057539743,0.0005420831920374283,0.04400949999997105,0.04267460000550551
Dew,9.161755405541092,0.9999999999928354,7.164602244813523e-12,0.6703293293293293,0.3296706706706707,1166.8236944829644,23.165192395870637,0.026512995932326786,0.000542884880296219,0.044009499999970905,0.04267054257107107
Dew,9.17550474005379,0.9999999999928002,7.19979631469414e-12,0.6693303303303304,0.3306696696696696,1166.8267801220452,23.197317861843974,0.026513066045349757,0.0005436894505735843,0.044009499999970766,0.04266648513663664
Dew,9.18930133666663,0.9999999999927648,7.235212429179683e-12,0.6683313313313314,0.3316686686686686,1166.829876293898,23.229560327950182,0.026513136397702246,0.0005444969163522564,0.04400949999997062,0.0426624277022022
Dew,9.20314541455879,0.9999999999927294,7.270628543665225e-12,0.6673323323323324,0.33266766766766764,1166.8329830469524,23.26192033784294,0.02651320699048467,0.0005453072912028101,0.044009499999970475,0.042658370267767774
Dew,9.217037194297536,0.9999999999926936,7.306377725058155e-12,0.6663333333333333,0.33366666666666667,1166.8361004299438,23.29439843874367,0.026513277824804428,0.0005461205887846269,0.04400949999997033,0.04265431283333333
Dew,9.230976897841337,0.9999999999926579,7.342126906451085e-12,0.6653343343343344,0.3346656656656656,1166.839228491912,23.32699518144869,0.026513348901775813,0.0005469368228461048,0.044009499999970184,0.0426502553988989
Dew,9.244964748578981,0.9999999999926218,7.378209154751403e-12,0.6643353353353354,0.3356646646646646,1166.8423672822062,23.359711120435353,0.02651342022252015,0.0005477560072271896,0.04400949999997004,0.04264619796446446
Dew,9.259000971313888,0.9999999999925857,7.41429140305172e-12,0.6633363363363364,0.3366636636636636,1166.845516850491,23.39254681381735,0.026513491788165953,0.0005485781558583705,0.044009499999969885,0.042642140530030036
Dew,9.273085792298918,0.9999999999925494,7.450595695956963e-12,0.6623373373373374,0.33766266266266265,1166.8486772467472,23.425502823439043,0.026513563599848883,0.0005494032827629354,0.044009499999969746,0.042638083095595594
Dew,9.287219439240687,0.9999999999925129,7.48712203346713e-12,0.6613383383383383,0.3386616616616617,1166.8518485212737,23.458579714885776,0.026513635658711867,0.0005502314020572569,0.044009499999969594,0.04263402566116116
Dew,9.301402141323083,0.9999999999924762,7.523759393279761e-12,0.6603393393393394,0.3396606606606606,1166.8550307246921,23.491778057547073,0.02651370796590514,0.0005510625279523191,0.04400949999996944,0.04262996822672673
Dew,9.31563412921313,0.9999999999924394,7.560618797697316e-12,0.6593403403403404,0.3406596596596596,1166.8582239079503,23.525098424631206,0.02651378052258636,0.0005518966747541043,0.044009499999969295,0.0426259107922923
Dew,9.32991563507641,0.9999999999924024,7.597589224417334e-12,0.6583413413413414,0.34165865865865863,1166.8614281223245,23.558541393206106,0.026513853329920647,0.0005527338568645984,0.04400949999996914,0.042621853357857856
Dew,9.344246892592778,0.9999999999923653,7.634670673439814e-12,0.6573423423423423,0.34265765765765765,1166.8646434194234,23.592107544240992,0.02651392638908066,0.0005535740887828126,0.044009499999969,0.04261779592342343
Dew,9.358628136990637,0.9999999999923279,7.672085189369682e-12,0.6563433433433433,0.3436566566566567,1166.8678698511926,23.62579746269914,0.026513999701246748,0.000554417385107008,0.044009499999968844,0.04261373848898899
Dew,9.373059605004334,0.9999999999922905,7.70949970529955e-12,0.6553443443443444,0.3446556556556556,1166.8711074699106,23.659611737419063,0.026514073267606783,0.0005552637605319527,0.04400949999996869,0.04260968105455456
Bubble,9.37583643974327,0.9940050050050051,0.0059949949949948955,0.6629959429130914,0.3370040570869085,1164.508085761806,23.7125795418029,0.026475027381003085,0.0005561012665274377,0.04398515132782783,0.04264075802214152
Dew,9.38754153497975,0.9999999999922528,7.747247288136805e-12,0.6543453453453454,0.3456546546546546,1166.874356328208,23.693550961403414,0.02651414708935667,0.0005561132298557496,0.04400949999996853,0.042605623620120124
Dew,9.40207416679163,0.9999999999922149,7.785105893276523e-12,0.6533463463463464,0.34665365365365364,1166.8776164790486,23.727615731589932,0.026514221167699855,0.0005569658079745086,0.044009499999968386,0.04260156618568568
Dew,9.41665774192843,0.9999999999921769,7.823075520718703e-12,0.6523473473473473,0.34765265265265266,1166.8808879757528,23.761806649083265,0.02651429550384792,0.0005578215098878356,0.044009499999968234,0.042597508751251255
Dew,9.431292503480938,0.9999999999921387,7.861267192765808e-12,0.6513483483483484,0.3486516516516516,1166.8841708719917,23.796124319122022,0.0265143700990204,0.0005586803506981082,0.044009499999968074,0.04259345131681682
Dew,9.445978696161847,0.9999999999921003,7.899680909417839e-12,0.6503493493493494,0.3496506506506506,1166.8874652217878,23.830569351130986,0.026514444954444803,0.0005595423456117508,0.044009499999967915,0.04258939388238238
Dew,9.460716566320333,0.9999999999920618,7.938205648372332e-12,0.6493503503503504,0.3506496496496496,1166.890771079527,23.865142358759563,0.02651452007135691,0.0005604075099401862,0.044009499999967755,0.04258533644794795
Dew,9.475506361940077,0.999999999992023,7.97695243193175e-12,0.6483513513513514,0.35164864864864864,1166.8940884999513,23.899843959874744,0.026514595451000586,0.0005612758590997217,0.0440094999999676,0.042581279013513516
Dew,9.490348332701146,0.9999999999919841,8.015921260096093e-12,0.6473523523523523,0.35264764764764767,1166.897417538173,23.934674776729516,0.02651467109462812,0.0005621474086155531,0.04400949999996744,0.04257722157907908
Dew,9.505242729947717,0.999999999991945,8.055001110562898e-12,0.6463533533533534,0.3536466466466466,1166.9007582496708,23.96963543587256,0.026514747003500108,0.0005630221741196971,0.04400949999996729,0.04257316414464465
Dew,9.520189806722728,0.9999999999919057,8.094303005634629e-12,0.6453543543543544,0.3546456456456456,1166.904110690297,24.00472656824182,0.026514823178885663,0.0005639001713532382,0.04400949999996713,0.04256910671021021
Dew,9.535189817797798,0.9999999999918663,8.133715923008822e-12,0.6443553553553554,0.3556446446446446,1166.9074749162787,24.03994880924505,0.026514899622062386,0.000564781416168275,0.04400949999996697,0.04256504927577578
Dew,9.550243019660044,0.9999999999918266,8.17335088498794e-12,0.6433563563563564,0.35664364364364365,1166.9108509842208,24.075302798721967,0.026514976334316476,0.0005656659245270825,0.044009499999966804,0.04256099184134134
Dew,9.56534967055521,0.9999999999917868,8.213207891571983e-12,0.6423573573573574,0.35764264264264256,1166.9142389511137,24.110789181061058,0.02651505331694289,0.0005665537125049102,0.044009499999966645,0.04255693440690691
Dew,9.580510030478148,0.9999999999917467,8.253286942760951e-12,0.6413583583583584,0.3586416416416416,1166.91763887433,24.146408605171786,0.02651513057124527,0.0005674447962893823,0.04400949999996648,0.042552876972472474
Dew,9.59572436122078,0.9999999999917065,8.293477016252382e-12,0.6403593593593594,0.3596406406406406,1166.9210508116366,24.182161724614655,0.02651520809853622,0.0005683391921836081,0.04400949999996632,0.04254881953803804
Dew,9.610992926365526,0.9999999999916661,8.333889134348738e-12,0.6393603603603604,0.36063963963963963,1166.924474821192,24.218049197581482,0.026515285900137228,0.0005692369166057736,0.04400949999996616,0.042544762103603605
Dew,9.626315991303846,0.9999999999916255,8.374523297050018e-12,0.6383613613613613,0.36163863863863865,1166.927910961553,24.25407168694465,0.02651536397737885,0.0005701379860903544,0.04400949999996599,0.04254070466916917
Dew,9.641693823260338,0.9999999999915847,8.415268482053762e-12,0.6373623623623624,0.36263763763763757,1166.9313592916737,24.2902298603216,0.026515442331600678,0.0005710424172896869,0.044009499999965826,0.042536647234734735
Dew,9.657126691302409,0.9999999999915438,8.45623571166243e-12,0.6363633633633634,0.3636366366366366,1166.934819870913,24.326524390099692,0.026515520964151464,0.0005719502269746089,0.04400949999996565,0.0425325898003003
Dew,9.672614866372328,0.9999999999915026,8.497424985876023e-12,0.6353643643643644,0.3646356356356356,1166.9382927590439,24.362955953522544,0.026515599876389392,0.0005728614320365468,0.04400949999996549,0.042528532365865866
Dew,9.68815862128014,0.9999999999914612,8.538836304694541e-12,0.6343653653653654,0.36563463463463464,1166.9417780162448,24.39952523266887,0.02651567906968187,0.0005737760494870747,0.04400949999996532,0.04252447493143143
Dew,9.703758230755453,0.9999999999914195,8.580469668117985e-12,0.6333663663663665,0.36663363363363355,1166.9452757031145,24.436232914592907,0.026515758545405842,0.0005746940964612757,0.04400949999996515,0.042520417496997
Dew,9.719413970723242,0.9999999999913778,8.62221405384389e-12,0.6323673673673674,0.36763263263263257,1166.9487858805128,24.473079689336767,0.026515838304944188,0.0005756155901710489,0.044009499999964986,0.04251636006256257
Dew,9.73512612145669,0.9999999999913358,8.664180484174722e-12,0.6313683683683684,0.3686316316316316,1166.9523086102586,24.510066258574934,0.026515918349701573,0.0005765405481084887,0.04400949999996482,0.04251230262812813
Dew,9.750894962356675,0.9999999999912936,8.706368959110478e-12,0.6303693693693694,0.3696306306306306,1166.9558439539694,24.547193321295946,0.026515998681078106,0.0005774689877091808,0.044009499999964646,0.04250824519369369
Dew,9.766720775921652,0.9999999999912512,8.748779478651159e-12,0.6293703703703704,0.37062962962962964,1166.9593919739466,24.58446158468797,0.026516079300489413,0.0005784009266082824,0.044009499999964466,0.04250418775925926
Dew,9.782603846649042,0.9999999999912086,8.791412042796765e-12,0.6283713713713714,0.37162862862862855,1166.9629527329273,24.62187176112407,0.026516160209361022,0.0005793363825696823,0.0440094999999643,0.042500130324824824
Dew,9.79854446102642,0.9999999999911658,8.834155629244833e-12,0.6273723723723724,0.3726276276276276,1166.9665262940841,24.65942456813639,0.026516241409128383,0.0005802753734854547,0.04400949999996412,0.042496072890390396
Dew,9.814542907580417,0.9999999999911229,8.877121260297827e-12,0.6263733733733734,0.3736266266266266,1166.970112721038,24.69712072854849,0.026516322901237094,0.0005812179173790351,0.04400949999996395,0.042492015455955955
Dew,9.830599476873429,0.9999999999910796,8.920419958258208e-12,0.6253743743743744,0.3746256256256256,1166.9737120778543,24.734960970464694,0.026516404687142888,0.000582164032405032,0.04400949999996377,0.04248795802152152
Dew,9.846714461532901,0.9999999999910362,8.963829678521051e-12,0.6243753753753755,0.37562462462462454,1166.977324429049,24.772946027348684,0.026516486768311715,0.0005831137368511397,0.04400949999996359,0.04248390058708709
Dew,9.862888156258697,0.9999999999909925,9.00746144338882e-12,0.6233763763763764,0.37662362362362356,1166.980949839592,24.81107663804195,0.02651656914621984,0.0005840670491386365,0.044009499999963425,0.04247984315265266
Dew,9.879120857866438,0.9999999999909487,9.051315252861514e-12,0.6223773773773774,0.3776226226226226,1166.9845883749192,24.849353546880966,0.026516651822354128,0.0005850239878252063,0.04400949999996324,0.042475785718218216
Dew,9.895412865280987,0.9999999999909046,9.095391106939132e-12,0.6213783783783784,0.3786216216216216,1166.9882401009231,24.88777750367761,0.02651673479821181,0.0005859845716045433,0.044009499999963064,0.04247172828378379
Dew,9.911764479563569,0.9999999999908603,9.139689005621676e-12,0.6203793793793794,0.37962062062062063,1166.9919050839676,24.92634926379179,0.026516818075300826,0.0005869488193081276,0.044009499999962884,0.04246767084934935
Dew,9.928176004989341,0.9999999999908158,9.184208948909145e-12,0.6193803803803805,0.38061961961961954,1166.995583391121,24.965069591080397,0.026516901655145142,0.0005879167499747364,0.044009499999962697,0.04246361341491492
Bubble,9.938605123297293,0.9930060060060061,0.006993993993993919,0.62865957645278,0.37134042354722,1164.2405021957163,25.051941796402854,0.026471385750835144,0.0005894394120586966,0.04398109389339339,0.04250130086976297
Dew,9.94464774488977,0.9999999999907712,9.228839914499076e-12,0.6183813813813814,0.38161861861861857,1166.999275089235,25.00393924651111,0.026516985539263765,0.0005888883825823786,0.04400949999996252,0.04245955598048048
Dew,9.961180007824069,0.9999999999907262,9.273803946996395e-12,0.6173823823823824,0.3826176176176176,1167.0029802463146,25.042959005060045,0.02651706972920195,0.0005898637364462733,0.044009499999962336,0.04245549854604605
Dew,9.977773102694842,0.999999999990681,9.318990024098639e-12,0.6163833833833834,0.3836166166166166,1167.0066989304337,25.0821296423359,0.026517154226506485,0.0005908428309039257,0.044009499999962155,0.042451441111611615
Dew,9.994427343564592,0.9999999999906356,9.364398145805808e-12,0.6153843843843844,0.38461561561561564,1167.010431210808,25.12145194776353,0.026517239032750124,0.0005918256856257235,0.04400949999996197,0.04244738367717718
Dew,10.011143043736507,0.99999999999059,9.410028312117902e-12,0.6143853853853855,0.38561461461461455,1167.0141771564738,25.160926708379368,0.026517324149501524,0.0005928123202333032,0.04400949999996178,0.04244332624274274
Dew,10.027920519801462,0.9999999999905441,9.45588052303492e-12,0.6133863863863864,0.38661361361361357,1167.017936837188,25.200554719908187,0.026517409578345728,0.0005938027545605284,0.0440094999999616,0.04243926880830831
Dew,10.044760090657503,0.999999999990498,9.501954778556865e-12,0.6123873873873874,0.3876126126126126,1167.0217103232148,25.240336784077183,0.02651749532087931,0.0005947970085902982,0.04400949999996141,0.04243521137387388
Dew,10.061662076196443,0.9999999999904517,9.548251078683734e-12,0.6113883883883884,0.3886116116116116,1167.0254976850285,25.2802737050214,0.02651758137870362,0.0005957951023699023,0.04400949999996122,0.04243115393943944
Dew,10.078626801792474,0.9999999999904052,9.594769423415528e-12,0.6103893893893895,0.38961061061061053,1167.029298994317,25.32036630156213,0.026517667753447556,0.0005967970563004509,0.04400949999996104,0.042427096505005
Dew,10.095654592740766,0.9999999999903585,9.641509812752247e-12,0.6093903903903904,0.39060960960960955,1167.0331143227402,25.360615391989707,0.02651775444673942,0.0005978028907783437,0.044009499999960844,0.04242303907057057
Dew,10.112745777341448,0.9999999999903115,9.688472246693891e-12,0.6083913913913914,0.3916086086086086,1167.036943742617,25.401021802499578,0.026517841460222465,0.0005988126263941424,0.04400949999996065,0.04241898163613614
Dew,10.12990068631952,0.9999999999902642,9.735767747542923e-12,0.6073923923923924,0.3926076076076076,1167.0407873267943,25.441586365603566,0.026517928795551933,0.000599826283895206,0.04400949999996046,0.042414924201701704
Dew,10.14711965281823,0.9999999999902168,9.783174270694417e-12,0.6063933933933934,0.3936066066066066,1167.0446451486528,25.482309920110136,0.02651801645439522,0.0006008438841853004,0.04400949999996027,0.04241086676726727
Dew,10.164403012448446,0.9999999999901691,9.830913860753299e-12,0.6053943943943945,0.39460560560560554,1167.0485172821066,25.5231933112578,0.026518104438431823,0.0006018654483278197,0.044009499999960074,0.042406809332832834
Dew,10.181751103280378,0.9999999999901211,9.878875495417105e-12,0.6043953953953954,0.39560460460460456,1167.0524038016115,25.564237390690906,0.026518192749353558,0.0006028909975452913,0.04400949999995988,0.0424027518983984
Dew,10.199164265903525,0.9999999999900729,9.927059174685837e-12,0.6033963963963964,0.3966036036036036,1167.056304782173,25.60544301662193,0.026518281388864723,0.0006039205532232799,0.044009499999959685,0.042398694463963965
Dew,10.216642843421347,0.9999999999900244,9.975575920861957e-12,0.6023973973973974,0.3976026026026026,1167.0602202993443,25.646811053815387,0.026518370358682073,0.0006049541369100855,0.044009499999959484,0.04239463702952953
Dew,10.234187181481978,0.9999999999899758,1.0024203689340538e-11,0.6013983983983985,0.3986016016016015,1167.0641504292362,25.68834237367011,0.026518459660535017,0.000605991770318763,0.04400949999995929,0.042390579595095096
Dew,10.2517976283036,0.9999999999899268,1.0073164524726508e-11,0.6003993993993995,0.39960060060060054,1167.06809524852,25.730037854287144,0.026518549296165712,0.0006070334753288026,0.04400949999995909,0.04238652216066066
Dew,10.269474534704734,0.9999999999898777,1.0122347404717402e-11,0.5994004004004004,0.40059959959959957,1167.0720548344357,25.771898380550937,0.02651863926732923,0.0006080792739881244,0.044009499999958894,0.042382464726226234
Dew,10.287218254119566,0.9999999999898281,1.0171863351615684e-11,0.5984014014014014,0.4015985985985986,1167.0760292647956,25.813924844169605,0.02651872957579366,0.0006091291885141107,0.04400949999995869,0.042378407291791785
Dew,10.30502914262092,0.9999999999897785,1.0221490320816429e-11,0.5974024024024024,0.4025975975975976,1167.0800186179854,25.85611814373634,0.026518820223340105,0.0006101832412951346,0.044009499999958485,0.04237434985735736
Dew,10.322907558951986,0.9999999999897285,1.027145035692456e-11,0.5964034034034035,0.4035965965965965,1167.084022972978,25.898479184814352,0.02651891121176301,0.000611241454892648,0.04400949999995828,0.04237029242292293
Dew,10.340853864551944,0.9999999999896783,1.032174345994008e-11,0.5954044044044045,0.40459559559559555,1167.088042409332,25.941008880005523,0.026519002542870145,0.0006123038520428843,0.04400949999995808,0.04236623498848849
Dew,10.35886842357208,0.9999999999896279,1.0372147585258062e-11,0.5944054054054054,0.40559459459459457,1167.0920770071998,25.983708148992864,0.02651909421848276,0.000613370455657944,0.044009499999957874,0.042362177554054053
Dew,10.376951602912332,0.9999999999895771,1.0422884777483432e-11,0.5934064064064064,0.4065935935935936,1167.0961268473347,26.026577918638807,0.026519186240435755,0.0006144412888282004,0.044009499999957666,0.042358120119619626
Dew,10.395103772227088,0.999999999989526,1.047395503661619e-11,0.5924074074074074,0.4075925925925926,1167.1001920110887,26.069619122999597,0.02651927861057764,0.0006155163748227242,0.044009499999957465,0.042354062685185184
Dew,10.413325303983896,0.9999999999894748,1.0525247340353872e-11,0.5914084084084085,0.40859159159159153,1167.1042725804307,26.112832703484166,0.026519371330770952,0.0006165957370931201,0.044009499999957256,0.04235000525075076
Dew,10.431616573461728,0.9999999999894232,1.0576761688696479e-11,0.5904094094094094,0.40959059059059055,1167.1083686379432,26.156219608847888,0.026519464402892157,0.0006176793992734681,0.04400949999995704,0.042345947816316315
Dew,10.449977958785418,0.9999999999893715,1.0628498081644011e-11,0.5894104104104104,0.4105895895895896,1167.1124802668264,26.199780795285125,0.026519557828831756,0.0006187673851825951,0.04400949999995683,0.04234189038188188
Dew,10.468409840965718,0.9999999999893194,1.0680567541498931e-11,0.5884114114114114,0.4115885885885886,1167.1166075509168,26.243517226537286,0.026519651610494716,0.0006198597188267168,0.044009499999956625,0.04233783294744745
Dew,10.486912603898054,0.999999999989267,1.0732970068261238e-11,0.5874124124124125,0.4125875875875875,1167.1207505746756,26.287429873887852,0.02651974574980019,0.0006209564243994098,0.04400949999995641,0.04233377551301302
Bubble,10.500425247943369,0.9920070070070071,0.007992992992992942,0.5980245303185152,0.4019754696814848,1163.9726081731924,26.3950115986871,0.02646773638918247,0.0006228635448812324,0.043977036458958965,0.04237687662988865
Dew,10.505486634408093,0.9999999999892144,1.078559463962847e-11,0.5864134134134135,0.41358658658658654,1167.1249094232048,26.331519716285463,0.02651984024868191,0.0006220575262846085,0.044009499999956195,0.042329718078578576
Dew,10.524132322299359,0.9999999999891616,1.0838441255600628e-11,0.5854144144144144,0.41458558558558556,1167.1290841822574,26.375787740472415,0.02651993510908837,0.0006231630490597331,0.04400949999995599,0.04232566064414415
Dew,10.542850060334171,0.9999999999891084,1.0891620938480173e-11,0.5844154154154154,0.4155845845845846,1167.1332749382302,26.42023494093132,0.02652003033298272,0.0006242730174945217,0.04400949999995577,0.042321603209709714
Dew,10.561640244305785,0.9999999999890549,1.0945133688267106e-11,0.5834164164164164,0.4165835835835836,1167.1374817781827,26.46486232008055,0.026520125922343166,0.000625387456555741,0.04400949999995555,0.04231754577527528
Dew,10.580503273034566,0.9999999999890011,1.0998868482658963e-11,0.5824174174174175,0.4175825825825825,1167.1417047898337,26.509670888262505,0.026520221879162868,0.0006265063914070035,0.044009499999955334,0.04231348834084084
Dew,10.59943954842167,0.9999999999889471,1.1052936343958208e-11,0.5814184184184185,0.41858158158158154,1167.145944061576,26.554661663888727,0.026520318205450335,0.0006276298474122912,0.04400949999995511,0.0423094309064064
Dew,10.61844947546402,0.9999999999888928,1.1107226249862379e-11,0.5804194194194194,0.41958058058058056,1167.150199682478,26.599835673479422,0.0265204149032294,0.000628757850136987,0.04400949999995489,0.042305373471971976
Dew,10.637533462289934,0.9999999999888382,1.1161849222673936e-11,0.5794204204204204,0.4205795795795796,1167.1544717422873,26.645193951759406,0.02652051197453935,0.000629890425350239,0.04400949999995467,0.04230131603753754
Dew,10.656691920183297,0.9999999999887833,1.1216694240090419e-11,0.5784214214214215,0.4215785785785785,1167.158760331444,26.69073754172272,0.026520609421435193,0.0006310275990265851,0.044009499999954446,0.0422972586031031
Dew,10.675925263619776,0.9999999999887281,1.127187232441429e-11,0.5774224224224225,0.4225775775775775,1167.1630655410822,26.736467494730203,0.026520707245987714,0.0006321693973483593,0.044009499999954224,0.04229320116866867
Dew,10.695233910303447,0.9999999999886726,1.1327383475645547e-11,0.5764234234234235,0.42357657657657655,1167.1673874630403,26.78238487060808,0.026520805450283694,0.0006333158467081232,0.044009499999954,0.04228914373423424
Dew,10.714618281168718,0.9999999999886168,1.1383227693784193e-11,0.5754244244244244,0.42457557557557557,1167.1717261898625,26.828490737652043,0.026520904036425964,0.000634466973708862,0.04400949999995377,0.0422850862997998
Dew,10.734078800452252,0.9999999999885607,1.1439293956527763e-11,0.5744254254254254,0.4255745745745746,1167.1760818148111,26.874786172822212,0.026521003006533664,0.0006356228051686977,0.04400949999995354,0.04228102886536536
Dew,10.753615895695825,0.9999999999885043,1.1495693286178721e-11,0.5734264264264265,0.4265735735735735,1167.1804544318704,26.92127226174964,0.02652110236274233,0.0006367833681211455,0.044009499999953315,0.042276971430930926
Dew,10.773229997782384,0.9999999999884476,1.1552425682737066e-11,0.5724274274274275,0.42757257257257253,1167.184844135752,26.9679500988336,0.02652120210720404,0.0006379486898175189,0.044009499999953086,0.0422729139964965
Dew,10.792921540985835,0.9999999999883906,1.1609380123900337e-11,0.5714284284284284,0.42857157157157155,1167.1892510219088,27.01482078737609,0.026521302242087718,0.0006391187977302168,0.04400949999995285,0.042268856562062064
Dew,10.81269096298772,0.9999999999883332,1.1666778654273458e-11,0.5704294294294294,0.4295705705705706,1167.193675186533,27.061885439626256,0.02652140276957906,0.0006402937195538796,0.044009499999952614,0.04226479912762762
Dew,10.832538704904934,0.9999999999882756,1.1724399229251503e-11,0.5694304304304305,0.4305695695695695,1167.198116726569,27.10914517685485,0.02652150369188088,0.0006414734832072583,0.04400949999995239,0.042260741693193195
Dew,10.852465211345512,0.9999999999882176,1.1782352871136936e-11,0.5684314314314315,0.4315685685685685,1167.2025757397191,27.156601129505184,0.026521605011213215,0.0006426581168368952,0.044009499999952156,0.04225668425875877
Dew,10.872470930414002,0.9999999999881595,1.1840528557627295e-11,0.5674324324324325,0.43256756756756753,1167.207052324452,27.204254437206806,0.0265217067298135,0.0006438476488175558,0.044009499999951913,0.042252626824324326
Dew,10.892556313768962,0.9999999999881009,1.1899148333327503e-11,0.5664334334334334,0.43356656656656656,1167.2115465800052,27.252106248931202,0.02652180884993665,0.0006450421077560237,0.04400949999995167,0.0422485693898899
Dew,10.912721816654372,0.9999999999880419,1.1958101175935099e-11,0.5654344344344344,0.4345655655655656,1167.2160586064012,27.300157723076307,0.0265219113738554,0.0006462415224932139,0.044009499999951435,0.04224451195545545
Dew,10.932967897915578,0.9999999999879827,1.201727606314762e-11,0.5644354354354355,0.4355645645645645,1167.2205885044452,27.34841002750916,0.02652201430386029,0.0006474459221052933,0.0440094999999512,0.04224045452102102
Dew,10.953295020073806,0.9999999999879231,1.207689503956999e-11,0.5634364364364365,0.4365635635635635,1167.2251363757455,27.396864339767866,0.026522117642260114,0.0006486553359085769,0.04400949999995095,0.042236397086586594
Dew,10.973703649315055,0.9999999999878633,1.2136736060597286e-11,0.5624374374374375,0.43756256256256254,1167.229702322708,27.445521847030527,0.026522221391381752,0.0006498697934589068,0.04400949999995071,0.04223233965215216
Dew,10.994194265609934,0.999999999987803,1.2197021170834432e-11,0.5614384384384384,0.43856156156156156,1167.234286450796,27.494383773668325,0.0265223255536216,0.0006510893252042469,0.04400949999995046,0.04222828221771772
Dew,11.014767323180369,0.9999999999877425,1.2257528325676503e-11,0.5604394394394395,0.4395605605605605,1167.2388888596972,27.543451273602912,0.026522430131244792,0.000652313959935801,0.04400949999995021,0.04222422478328329
Dew,11.035423308929586,0.9999999999876815,1.2318479569728424e-11,0.5594404404404405,0.4405595595595595,1167.2435096563834,27.59272558940289,0.026522535126681974,0.000653543728555477,0.04400949999994997,0.04222016734884885
Dew,11.056162704170426,0.9999999999876203,1.237965285838527e-11,0.5584414414414415,0.4415585585585585,1167.2481489465538,27.642207948072247,0.026522640542334885,0.0006547786616083731,0.04400949999994973,0.04221610991441442
Bubble,11.061195199641457,0.991008008008008,0.008991991991991966,0.5705379368431499,0.4294620631568501,1163.7043797179365,27.74125439735272,0.026464078748654203,0.0006563609838395212,0.043972979024524524,0.04226523983048845
Dew,11.0769859940885,0.9999999999875587,1.2441270236251967e-11,0.5574424424424425,0.44255755755755755,1167.2528068367515,27.691899586817545,0.02652274638062445,0.0006560187898930301,0.04400949999994947,0.04221205247997998
Dew,11.097893667762783,0.9999999999874968,1.250322068102605e-11,0.5564434434434434,0.44355655655655657,1167.2574834343666,27.74180175310339,0.026522852643990805,0.0006572641444628662,0.04400949999994922,0.042207995045545545
Dew,11.118886218254735,0.9999999999874345,1.2565504192707522e-11,0.5554444444444445,0.4445555555555555,1167.2621788476558,27.791915704894347,0.026522959334893813,0.0006585147566320331,0.04400949999994897,0.04220393761111112
Dew,11.13996414258867,0.9999999999873719,1.262812077129638e-11,0.5544454454454455,0.4455545545545545,1167.266893185742,27.842242710601017,0.026523066455813,0.0006597706579742626,0.044009499999948715,0.04219988017667668
Dew,11.161127941840554,0.9999999999873089,1.2691070416792627e-11,0.5534464464464465,0.44655355355355353,1167.2716265586234,27.892784049321108,0.026523174009247794,0.0006610318803287046,0.04400949999994845,0.04219582274224224
Dew,11.18237812113226,0.9999999999872455,1.2754464151498723e-11,0.5524474474474474,0.44755255255255255,1167.2763790771846,27.94354101082337,0.02652328199771773,0.000662298455799674,0.0440094999999482,0.04219176530780781
Dew,11.203715189716965,0.9999999999871819,1.2818079930809745e-11,0.5514484484484484,0.4485515515515516,1167.2811508532059,27.994514895779492,0.026523390423762744,0.0006635704167622751,0.04400949999994795,0.04218770787337338
Dew,11.225139660986272,0.9999999999871179,1.2882139799330616e-11,0.5504494494494495,0.4495505505505505,1167.28594199937,28.04570701578314,0.026523499289943252,0.0006648477958629836,0.04400949999994769,0.042183650438938944
Dew,11.246652052544349,0.9999999999870534,1.2946643757061338e-11,0.5494504504504505,0.4505495495495495,1167.2907526292745,28.097118693551238,0.02652360859884046,0.0006661306260245482,0.04400949999994742,0.0421795930045045
Dew,11.268252886213826,0.9999999999869886,1.3011369759396985e-11,0.5484514514514515,0.45154854854854853,1167.2955828574363,28.14875126293979,0.026523718353056454,0.0006674189404464989,0.04400949999994715,0.04217553557007007
Dew,11.28994268810166,0.9999999999869235,1.3076539850942481e-11,0.5474524524524524,0.45254754754754756,1167.3004327993042,28.200606069122774,0.026523828555214502,0.0006687127726095227,0.0440094999999469,0.04217147813563564
Dew,11.311721988643658,0.9999999999868578,1.3142154031697828e-11,0.5464534534534535,0.45354654654654647,1167.3053025712666,28.25268446871295,0.026523939207959243,0.0006700121562784638,0.044009499999946626,0.042167420701201205
Dew,11.333591322641603,0.999999999986792,1.32079902570581e-11,0.5454544544544545,0.4545455455455455,1167.3101922906637,28.304987829862835,0.026524050313956906,0.0006713171255048545,0.04400949999994636,0.042163363266766764
Dew,11.355551229295065,0.9999999999867256,1.3274381593930684e-11,0.5444554554554555,0.4555445445445445,1167.3151020757907,28.35751753235104,0.02652416187589545,0.0006726277146291013,0.044009499999946085,0.042159305832332336
Dew,11.377602252287016,0.999999999986659,1.3340994975408194e-11,0.5434564564564565,0.45654354354354354,1167.320032045919,28.410274967815024,0.02652427389648499,0.000673943958286146,0.044009499999945814,0.0421552483978979
Dew,11.399744939773033,0.999999999986592,1.3408052446095553e-11,0.5424574574574574,0.45754254254254256,1167.3249823212923,28.4632615397218,0.02652438637845776,0.0006752658914049112,0.044009499999945544,0.04215119096346347
Dew,11.42197984448048,0.9999999999865244,1.3475554005992763e-11,0.5414584584584585,0.4585415415415415,1167.3299530231473,28.516478663637635,0.026524499324568532,0.0006765935492148423,0.04400949999994527,0.04214713352902903
Dew,11.444307523708236,0.9999999999864566,1.354338863279736e-11,0.5404594594594595,0.4595405405405405,1167.3349442737144,28.56992776722744,0.02652461273759469,0.0006779269672460362,0.044009499999944995,0.04214307609459459
Dew,11.466728539423714,0.9999999999863883,1.3611667348811807e-11,0.5394604604604605,0.4605395395395395,1167.339956196243,28.623610290518787,0.026524726620336732,0.0006792661813356523,0.04400949999994472,0.04213901866016016
Dew,11.489243458265953,0.9999999999863196,1.3680390154036104e-11,0.5384614614614615,0.46153853853853855,1167.3449889149888,28.677527685910448,0.026524840975618046,0.0006806112276282629,0.04400949999994445,0.042134961225725735
Dew,11.511852851606681,0.9999999999862506,1.3749446026167789e-11,0.5374624624624625,0.46253753753753746,1167.3500425552472,28.73168141833873,0.02652495580628565,0.0006819621425799496,0.04400949999994416,0.042130903791291294
Dew,11.534557295644312,0.9999999999861812,1.3818834965206861e-11,0.5364634634634635,0.4635365365365365,1167.3551172433533,28.786072965533368,0.02652507111521017,0.0006833189629645265,0.04400949999994388,0.04212684635685686
Dew,11.55735737136313,0.9999999999861112,1.3888779015758246e-11,0.5354644644644645,0.4645355355355355,1167.360213106687,28.84070381790701,0.026525186905285977,0.0006846817258710707,0.044009499999943594,0.04212278892242243
Dew,11.580253664662548,0.9999999999860409,1.3959056133217018e-11,0.5344654654654655,0.4655345345345345,1167.3653302736957,28.895575478906995,0.0265253031794317,0.0006860504687124264,0.04400949999994331,0.04211873148798799
Dew,11.603246766378527,0.9999999999859702,1.402977733988564e-11,0.5334664664664664,0.46653353353353355,1167.3704688738978,28.950689465074166,0.026525419940590305,0.0006874252292267559,0.044009499999943025,0.042114674053553555
Bubble,11.620847274378745,0.990009009009009,0.009990990990990989,0.5457492026075906,0.45425079739240926,1163.4358004743465,29.090283817434045,0.026460412454977447,0.000689922616312238,0.04396892159009009,0.042164560386390736
Dew,11.626337272334712,0.9999999999858992,1.410083161346165e-11,0.5324674674674675,0.46753253253253246,1167.3756290378954,29.006047306182438,0.026525537191729388,0.0006888060454810123,0.044009499999942726,0.04211061661911912
Dew,11.649525783394584,0.9999999999858276,1.4172440998549973e-11,0.5314684684684685,0.4685315315315315,1167.3808108973885,29.061650545381244,0.026525654935841473,0.0006901929558744797,0.04400949999994244,0.042106559184684686
Dew,11.672812905527497,0.9999999999857556,1.4244383450545683e-11,0.5304694694694695,0.4695305305305305,1167.3860145851797,29.117500739375757,0.02652577317594415,0.0006915859991432144,0.04400949999994215,0.04210250175025026
Dew,11.696199249827133,0.9999999999856832,1.4316769991751244e-11,0.5294704704704705,0.47052952952952953,1167.3912402351898,29.173599458477884,0.02652589191508043,0.000692985214361419,0.04400949999994185,0.04209844431581582
Dew,11.719685432626836,0.9999999999856103,1.4389711644469116e-11,0.5284714714714714,0.47152852852852856,1167.396487982476,29.22994828692057,0.026526011156319116,0.0006943906409490706,0.04400949999994156,0.04209438688138138
Dew,11.743272075481224,0.999999999985537,1.4462986364094377e-11,0.5274724724724725,0.47252752752752747,1167.401757963228,29.286548822808825,0.02652613090275477,0.0006958023186709255,0.04400949999994126,0.042090329446946954
Dew,11.766959805281003,0.9999999999854633,1.4536705172929487e-11,0.5264734734734735,0.4735265265265265,1167.4070503147952,29.343402678432767,0.026526251157508292,0.0006972202876441226,0.044009499999940964,0.04208627201251252
Dew,11.790749254278134,0.9999999999853891,1.4610868070974448e-11,0.5254744744744745,0.4745255255255255,1167.4123651756918,29.40051148033715,0.026526371923727057,0.0006986445883400058,0.04400949999994066,0.04208221457807808
Dew,11.814641060152722,0.9999999999853145,1.4685475058229258e-11,0.5244754754754755,0.47552452452452454,1167.4177026856055,29.457876869504346,0.026526493204585094,0.0007000752615886429,0.04400949999994035,0.042078157143643644
Dew,11.838635866073536,0.9999999999852395,1.476052613469392e-11,0.5234764764764765,0.47652352352352345,1167.423062985421,29.515500501520076,0.026526615003283637,0.0007015123485829383,0.04400949999994005,0.04207409970920921
Dew,11.862734320747684,0.9999999999851639,1.4836132322670892e-11,0.5224774774774775,0.4775225225225225,1167.428446217222,29.57338404670974,0.02652673732305117,0.0007029558908820483,0.04400949999993974,0.04207004227477478
Dew,11.886937078483966,0.9999999999850879,1.4912071577555253e-11,0.5214784784784785,0.4785215215215215,1167.4338525243086,29.631529190312076,0.0265268601671438,0.000704405930415686,0.04400949999993944,0.04206598484034034
Dew,11.911244799262327,0.9999999999850114,1.4988565943951926e-11,0.5204794794794795,0.4795205205205205,1167.4392820512107,29.6899376326694,0.0265269835388456,0.0007058625094888219,0.044009499999939125,0.042061927405905905
Dew,11.93565814877488,0.9999999999849345,1.506550439955845e-11,0.5194804804804805,0.48051951951951954,1167.444734943696,29.74861108934072,0.026527107441468755,0.0007073256707845566,0.04400949999993881,0.04205786997147148
Dew,11.960177798506098,0.9999999999848571,1.5142886944374823e-11,0.5184814814814815,0.48151851851851846,1167.4502113487924,29.807551291321364,0.02652723187835408,0.0007087954573695234,0.0440094999999385,0.04205381253703704
Dew,11.984804425784732,0.9999999999847792,1.522082460070351e-11,0.5174824824824825,0.4825175175175175,1167.4557114147922,29.866759985185865,0.026527356852871133,0.0007102719126974728,0.04400949999993818,0.0420497551026026
Dew,12.009538713851741,0.9999999999847008,1.5299206346242045e-11,0.5164834834834835,0.4835165165165165,1167.4612352912723,29.92623893327448,0.026527482368418648,0.0007117550806138947,0.04400949999993787,0.04204569766816817
Dew,12.034381351921946,0.999999999984622,1.537803218099043e-11,0.5154844844844845,0.4845155155155155,1167.4667831291029,29.985989913862692,0.026527608428424766,0.00071324500536024,0.04400949999993754,0.04204164023373373
Dew,12.059333035255698,0.9999999999845427,1.5457302104948667e-11,0.5144854854854856,0.48551451451451444,1167.4723550804679,30.04601472135815,0.02652773503634745,0.000714741731578795,0.044009499999937224,0.042037582799299304
Dew,12.084394465204396,0.9999999999844628,1.5537238162721678e-11,0.5134864864864865,0.48651351351351346,1167.4779512988673,30.106315166426473,0.0265278621956746,0.0007162453043158698,0.0440094999999369,0.04203352536486487
Dew,12.109566349307412,0.9999999999843825,1.5617507287402077e-11,0.5124874874874875,0.4875125125125125,1167.4835719391472,30.166893076256986,0.026527989909924676,0.0007177557690283148,0.044009499999936565,0.04202946793043043
Dew,12.134849401327878,0.9999999999843017,1.569833152359479e-11,0.5114884884884885,0.4885115115115115,1167.489217157502,30.227750294662467,0.026528118182646776,0.0007192731715860917,0.044009499999936245,0.042025410495996
Dew,12.160244341366353,0.9999999999842203,1.5779710871299812e-11,0.5104894894894895,0.48951051051051053,1167.4948871114946,30.288888682390358,0.026528247017421118,0.0007207975582798805,0.04400949999993591,0.042021353061561566
Bubble,12.179302412850259,0.9890100100100101,0.010989989989989901,0.5232879787110569,0.4767120212889431,1163.1668513617885,30.441720825550995,0.026456737071759117,0.0007235395401448692,0.043964864155655654,0.042073334125534954
Dew,12.185751895862376,0.9999999999841384,1.586164533051715e-11,0.5094904904904906,0.49050950950950944,1167.5005819600717,30.35031011712991,0.02652837641785934,0.0007223289758214521,0.04400949999993558,0.042017295627127124
Dew,12.211372797731922,0.999999999984056,1.5944023878944336e-11,0.5084914914914915,0.49150850850850847,1167.5063018635717,30.41201649388828,0.02652850638760471,0.0007238674713528223,0.044009499999935246,0.042013238192692696
Dew,12.237107786390258,0.9999999999839732,1.6026846516581372e-11,0.5074924924924925,0.4925075075075075,1167.51204698375,30.474009725055588,0.026528636930332694,0.0007254130924480106,0.04400949999993491,0.04200918075825826
Dew,12.26295760785835,0.9999999999838897,1.6110335288033184e-11,0.5064934934934935,0.4935065065065065,1167.5178174837902,30.536291740697084,0.026528768049751215,0.0007269658871202022,0.044009499999934566,0.04200512332382383
Dew,12.288923014811681,0.9999999999838057,1.6194268148694846e-11,0.5054944944944946,0.4945055055055054,1167.5236135283176,30.598864488688964,0.02652889974960094,0.0007285259038251947,0.044009499999934226,0.04200106588938939
Dew,12.315004766668762,0.9999999999837212,1.627875612086882e-11,0.5044954954954955,0.49550450450450445,1167.5294352834162,30.66172993496213,0.02652903203365569,0.0007300931914674162,0.044009499999933886,0.04199700845495496
Dew,12.341203629665511,0.9999999999836362,1.6363799204555107e-11,0.5034964964964965,0.4965035035035035,1167.535282916649,30.724890063707726,0.026529164905722904,0.0007316677994050364,0.04400949999993354,0.04199295102052052
Dew,12.367520376913015,0.9999999999835506,1.6449397399753707e-11,0.5024974974974975,0.4975025025025025,1167.541156597067,30.788346877537702,0.02652929836964381,0.0007332497774540092,0.04400949999993319,0.041988893586086096
Dew,12.39395578850032,0.9999999999834644,1.653555070646462e-11,0.5014984984984985,0.4985015015015015,1167.547056495233,30.85210239776773,0.026529432429294005,0.000734839175895034,0.044009499999932845,0.04198483615165165
Dew,12.42051065156235,0.9999999999833777,1.6622259124687844e-11,0.5004994994994995,0.49950050050050054,1167.5529827832331,30.916158664605657,0.0265295670885837,0.0007364360454782673,0.044009499999932485,0.04198077871721722
Dew,12.447185582102938,0.9999999999832905,1.6709516070989676e-11,0.49950050050050054,0.5004994994994995,1167.5589355949207,30.98051725378299,0.026529702350554338,0.0007380404259083948,0.04400949999993214,0.041976721282782785
Dew,12.473981731616618,0.9999999999832027,1.6797339991061737e-11,0.4985015015015015,0.5014984984984985,1167.5649151835964,31.04518119355733,0.026529838220961523,0.0007396523915119335,0.044009499999931784,0.04197266384834835
Dew,12.500899736863483,0.9999999999831143,1.688573560106314e-11,0.49750250250250255,0.5024974974974974,1167.5709216876448,31.110152115530248,0.026529974702949686,0.0007412719833655533,0.04400949999993142,0.041968606413913916
Dew,12.5279404139407,0.9999999999830252,1.6974708176347272e-11,0.49650350350350353,0.5034964964964965,1167.5769552854222,31.175432137635827,0.026530111800571493,0.0007428992541509383,0.04400949999993106,0.04196454897947948
Dew,12.555104586419535,0.9999999999829358,1.7064263055386407e-11,0.4955045045045045,0.5044954954954954,1167.583016156903,31.24102339788536,0.0265302495179164,0.0007445342570486282,0.044009499999930694,0.041960491545045046
Dew,12.582393085385245,0.9999999999828456,1.715440564066307e-11,0.49450550550550554,0.5054944944944945,1167.5891044836853,31.30692805448077,0.026530387859110733,0.0007461770457409623,0.04400949999993033,0.04195643411061062
Dew,12.60980674955986,0.9999999999827549,1.7245141399631254e-11,0.4935065065065065,0.5064934934934935,1167.595220449023,31.373148286152947,0.02653052682831845,0.0007478276744203878,0.044009499999929966,0.04195237667617618
Dew,12.637346653126711,0.9999999999826635,1.7336476030747735e-11,0.49250750750750755,0.5074924924924924,1167.60136428864,31.43968691008855,0.026530666430895782,0.0007494862125203741,0.0440094999999296,0.04194831924174174
Dew,12.665013202730504,0.9999999999825716,1.7428414810617168e-11,0.4915085085085085,0.5084914914914915,1167.6075360892928,31.506544932739807,0.026530806668814026,0.0007511526863312421,0.044009499999929216,0.041944261807307315
Dew,12.720730362285055,0.9999999999823859,1.7614128038343585e-11,0.48951051051051053,0.5104894894894895,1167.6199644772098,31.641229968187606,0.026531089071202982,0.0007545097076905134,0.04400949999992847,0.04193614693843844
Bubble,12.736521149932102,0.9880110110110111,0.011988988988988925,0.5028476729931941,0.4971523270068057,1162.8975222918211,31.79532768016864,0.026453052366995237,0.0007572062047244784,0.04396080672122122,0.04199031582386185
Dew,12.74878271511015,0.999999999982292,1.7707914026126636e-11,0.4885115115115115,0.5114884884884885,1167.6262214450926,31.709061514401345,0.026531231244322266,0.0007562003680110794,0.04400949999992808,0.041932089504004004
Dew,12.77696543074233,0.9999999999821977,1.780232741115309e-11,0.48751251251251254,0.5124874874874874,1167.6325071867802,31.77722215278622,0.02653137407125049,0.000757899204524064,0.0440094999999277,0.04192803206956957
Dew,12.80527940375743,0.9999999999821026,1.78973741432011e-11,0.4865135135135135,0.5134864864864865,1167.6388218976062,31.845714212443607,0.026531517556426104,0.0007596062751587186,0.044009499999927315,0.04192397463513514
Dew,12.833725537102602,0.999999999982007,1.7993060245082474e-11,0.48551451451451455,0.5144854854854854,1167.6451657747066,31.914540045046433,0.026531661704328503,0.0007613216384051678,0.044009499999926927,0.0419199172007007
Dew,12.86230474218383,0.9999999999819106,1.808939181377089e-11,0.4845155155155155,0.5154844844844845,1167.6515390170498,31.983702025083957,0.026531806519478725,0.0007630453533205187,0.04400949999992653,0.041915859766266265
Dew,12.891017938927726,0.9999999999818137,1.818637502147059e-11,0.48351651651651656,0.5164834834834835,1167.6579418254437,32.05320255003678,0.026531952006439596,0.0007647774795333129,0.04400949999992614,0.04191180233183184
Dew,12.919866055938648,0.999999999981716,1.8284016116790256e-11,0.48251751751751754,0.5174824824824824,1167.6643744025694,32.12304404081069,0.026532098169816505,0.0007665180772541553,0.04400949999992575,0.041907744897397396
Dew,12.948850030562438,0.9999999999816177,1.8382321425883294e-11,0.48151851851851857,0.5184814814814814,1167.670836953001,32.1932289419176,0.026532245014257872,0.0007682672072803126,0.044009499999925344,0.04190368746296296
Dew,12.977970809002779,0.9999999999815187,1.8481297353597565e-11,0.48051951951951954,0.5194804804804805,1167.6773296832205,32.263759721799254,0.026532392544455444,0.0007700249310037242,0.04400949999992494,0.041899630028528534
Dew,13.007229346419777,0.9999999999814191,1.858095038470589e-11,0.4795205205205205,0.5204794794794795,1167.6838528016492,32.33463887310318,0.026532540765145062,0.0007717913104178771,0.04400949999992453,0.04189557259409409
Dew,13.036626607046047,0.9999999999813187,1.868128708509242e-11,0.47852152152152155,0.5214784784784785,1167.6904065186645,32.40586891300624,0.026532689681106978,0.0007735664081258194,0.04400949999992413,0.041891515159659665
Dew,13.066163564277515,0.9999999999812177,1.8782314102997593e-11,0.47752252252252253,0.5224774774774774,1167.6969910466253,32.477452383469924,0.026532839297166502,0.0007753502873465519,0.04400949999992372,0.04188745772522522
Dew,13.09584120080155,0.999999999981116,1.8884038170280323e-11,0.47652352352352356,0.5234764764764764,1167.7036065998932,32.54939185159724,0.02653298961819444,0.000777143011923846,0.044009499999923304,0.04188340029079079
Dew,13.098418537639937,0.987360971315006,0.012639028684993987,0.49050950950950956,0.5094904904904904,1162.7220646058186,32.677178409262325,0.026450649672970825,0.0007791373193783977,0.04395816658499589,0.04194020437287287
Dew,13.125660508691833,0.9999999999810135,1.8986466103690514e-11,0.47552452452452454,0.5244754754754755,1167.7102533948582,32.62168990989952,0.026533140649107674,0.0007789446463329181,0.04400949999992289,0.04187934285635636
Dew,13.155622489533263,0.9999999999809104,1.908960480618918e-11,0.47452552552552557,0.5254744744744744,1167.716931649964,32.694349176645076,0.02653329239486977,0.0007807552556890615,0.04400949999992247,0.04187528542192192
Dew,13.185728154524137,0.9999999999808066,1.9193461268252325e-11,0.47352652652652655,0.5264734734734735,1167.7236415857262,32.767372296146625,0.02653344486049136,0.0007825749057548206,0.04400949999992205,0.041871227987487485
Dew,13.21597852460027,0.999999999980702,1.9298042569255446e-11,0.4725275275275276,0.5274724724724724,1167.7303834247666,32.840761939108326,0.026533598051030942,0.000784403662948594,0.044009499999921625,0.04186717055305306
Dew,13.24637463053715,0.9999999999805966,1.9403355878800302e-11,0.47152852852852856,0.5284714714714714,1167.737157391824,32.91452080291359,0.026533751971595108,0.0007862415943518271,0.044009499999921195,0.04186311311861862
Dew,13.276917513107414,0.9999999999804906,1.9509408458186398e-11,0.47052952952952953,0.5294704704704705,1167.7439637137982,32.9886516120635,0.026533906627339565,0.000788088767719807,0.044009499999920765,0.04185905568418419
Bubble,13.292465521819146,0.987012012012012,0.012987987987987948,0.48417247940727687,0.5158275205927231,1162.6278034537372,33.15089379164158,0.02644935811491452,0.0007909177078939925,0.043956749286786785,0.04191446652511266
Dew,13.307608223142214,0.9999999999803838,1.9616207661774673e-11,0.46953053053053057,0.5304694694694694,1167.7508026197595,33.06315711835458,0.02653406202346933,0.0007899452514862371,0.04400949999992033,0.04185499824974975
Dew,13.338447821708929,0.9999999999802762,1.972376093847244e-11,0.46853153153153154,0.5314684684684685,1167.757674340981,33.138040101372624,0.026534218165239473,0.0007918111147753645,0.0440094999999199,0.04185094081531532
Dew,13.369437380209526,0.999999999980168,1.9832075833222404e-11,0.4675325325325326,0.5324674674674674,1167.7645791109721,33.21330336877162,0.026534375057955875,0.0007936864274089812,0.04400949999991946,0.041846883380880884
Dew,13.400577980492393,0.9999999999800588,1.994115998847488e-11,0.46653353353353355,0.5334664664664664,1167.7715171654884,33.28894975658963,0.026534532706975478,0.0007955712599143111,0.044009499999919016,0.04184282594644645
Dew,13.43187071501777,0.9999999999799489,2.0051021145756e-11,0.4655345345345346,0.5344654654654655,1167.7784887425748,33.364982129710334,0.026534691117707218,0.0007974656835353835,0.04400949999991856,0.04183876851201201
Dew,13.463316686953267,0.9999999999798383,2.016166714722581e-11,0.46453553553553556,0.5354644644644644,1167.7854940825882,33.44140338213534,0.02653485029561256,0.0007993697702398892,0.04400949999991812,0.04183471107757758
Dew,13.494917010327514,0.9999999999797269,2.0273105937261786e-11,0.46353653653653654,0.5364634634634635,1167.7925334282213,33.51821643741463,0.02653501024620607,0.0008012835927298235,0.04400949999991766,0.04183065364314315
Dew,13.526672810146072,0.9999999999796146,2.0385345564093183e-11,0.46253753753753757,0.5374624624624624,1167.799607024538,33.59542424897485,0.026535170975056182,0.00080320722444969,0.044009499999917205,0.04182659620870871
Dew,13.558585222543622,0.9999999999795016,2.0498394181443024e-11,0.46153853853853855,0.5384614614614615,1167.8067151189962,33.673029800546814,0.026535332487785713,0.0008051407395970816,0.04400949999991675,0.041822538774274276
Dew,13.590655394910062,0.9999999999793877,2.061226005022e-11,0.4605395395395396,0.5394604604604605,1167.8138579614808,33.75103610652209,0.026535494790072646,0.000807084213131575,0.04400949999991629,0.04181848133983985
Dew,13.622884486032786,0.999999999979273,2.07269515402331e-11,0.45954054054054055,0.5404594594594594,1167.8210358043314,33.82944621235437,0.026535657887650735,0.0008090377207846977,0.044009499999915824,0.04181442390540541
Dew,13.655273666252736,0.9999999999791576,2.0842477131958735e-11,0.4585415415415416,0.5414584584584584,1167.8282489023777,33.9082631949985,0.02653582178631032,0.0008110013390708038,0.044009499999915346,0.04181036647097098
Dew,13.687824117581249,0.9999999999790412,2.0958845418281503e-11,0.45754254254254256,0.5424574574574574,1167.835497512962,33.987490163243486,0.026535986491898814,0.0008129751452954192,0.04400949999991488,0.04180630903653653
Dew,13.72053703385043,0.999999999978924,2.1076065106332646e-11,0.45654354354354354,0.5434564564564565,1167.8427818959722,34.06713025813714,0.02653615201032149,0.0008149592175657833,0.0440094999999144,0.0418022516021021
Dew,13.753413620902231,0.9999999999788058,2.119414501937355e-11,0.45554454454454457,0.5444554554554555,1167.8501023138842,34.14718665351597,0.026536318347542425,0.0008169536348039165,0.04400949999991392,0.041798194167667675
Dew,13.786455096677726,0.9999999999786869,2.1313094098604612e-11,0.45454554554554555,0.5454544544544544,1167.857459031775,34.22766255626501,0.026536485509584797,0.0008189584767532325,0.04400949999991344,0.041794136733233234
Dew,13.819662691423888,0.999999999978567,2.1432921405167908e-11,0.4535465465465466,0.5464534534534534,1167.8648523173733,34.30856120689678,0.02653665350253203,0.00082097382399279,0.04400949999991295,0.0417900792987988
Bubble,13.847105084859212,0.986013013013013,0.013986986986986971,0.4670474850878225,0.5329525149121775,1162.3576867089864,34.50824760096909,0.02644565412770679,0.0008246700692990719,0.04395269185235235,0.041844913360684195
Dew,13.853037647806328,0.9999999999784464,2.155363612204838e-11,0.45254754754754756,0.5474524524524524,1167.872282441081,34.38988587987572,0.026536822332528298,0.0008229997579454636,0.04400949999991246,0.041786021864364364
Dew,13.88658122110523,0.9999999999783248,2.1675247556106016e-11,0.4515485485485486,0.5484514514514514,1167.8797496760135,34.47163988416883,0.026536992005779424,0.0008250363608915323,0.044009499999911966,0.04178196442992993
Dew,13.92029467932221,0.9999999999782022,2.1797765140070284e-11,0.45054954954954957,0.5494504504504505,1167.887254298025,34.553826563555226,0.026537162528553482,0.0008270837159765046,0.04400949999991147,0.0417779069954955
Dew,13.954179303419313,0.9999999999780788,2.192119843467152e-11,0.4495505505505506,0.5504494494494494,1167.894796585756,34.63644929729462,0.026537333907181826,0.0008291419072275428,0.044009499999910974,0.04177384956106106
Dew,13.988236387408115,0.9999999999779544,2.204555713070385e-11,0.4485515515515516,0.5514484484484484,1167.9023768206569,34.71951150038995,0.026537506148059692,0.0008312110195601765,0.04400949999991046,0.041769792126626626
Dew,14.022467238561587,0.9999999999778292,2.2170851051198657e-11,0.44755255255255255,0.5524474474474474,1167.9099952870279,34.803016624183364,0.026537679257647037,0.0008332911387930053,0.04400949999990996,0.0417657346921922
Dew,14.056873177571738,0.999999999977703,2.2297090153637955e-11,0.4465535535535536,0.5534464464464464,1167.917652272058,34.8869681568059,0.02653785324246949,0.0008353823516589053,0.04400949999990945,0.04176167725775776
Dew,14.091455538724176,0.9999999999775757,2.2424284532167464e-11,0.44555455455455456,0.5544454454454455,1167.9253480658556,34.971369623673645,0.026538028109118997,0.0008374847458173543,0.04400949999990893,0.04175761982332332
Dew,14.126215670065374,0.9999999999774476,2.2552444419903137e-11,0.4445555555555556,0.5554444444444444,1167.9330829614912,35.056224587964685,0.026538203864254806,0.0008395984098663053,0.04400949999990841,0.041753562388888894
Dew,14.16115493359564,0.9999999999773184,2.2681580191248714e-11,0.44355655655655657,0.5564434434434434,1167.9408572550324,35.14153665116645,0.02653838051460428,0.0008417234333557535,0.04400949999990788,0.04174950495445446
Dew,14.196274705437236,0.9999999999771882,2.281170236427772e-11,0.4425575575575576,0.5574424424424425,1167.9486712455837,35.227309453556416,0.02653855806696378,0.0008438599067997132,0.04400949999990735,0.041745447520020025
Dew,14.2315763760241,0.9999999999770571,2.2942821603161388e-11,0.4415585585585586,0.5584414414414414,1167.9565252353264,35.31354667474192,0.026538736528199575,0.000846007921689619,0.044009499999906825,0.04174139008558558
Dew,14.26706135028777,0.999999999976925,2.3074948720610272e-11,0.4405595595595596,0.5594404404404404,1167.964419529553,35.40025203419056,0.026538915905248643,0.000848167570507508,0.04400949999990628,0.04173733265115115
Dew,14.302731047841664,0.9999999999767919,2.3208094680406022e-11,0.4395605605605606,0.5604394394394394,1167.9723544367143,35.487429291756705,0.02653909620511971,0.0008503389467391197,0.04400949999990574,0.04173327521671672
Dew,14.338586903187561,0.9999999999766578,2.334227059977317e-11,0.43856156156156156,0.5614384384384384,1167.9803302684568,35.57508224826905,0.026539277434894124,0.0008525221448884621,0.044009499999905194,0.04172921778228229
Dew,14.374630365894756,0.9999999999765226,2.347748775068255e-11,0.4375625625625626,0.5624374374374375,1167.9883473396667,35.663214746044865,0.026539459601726833,0.0008547172604906323,0.04400949999990465,0.041725160347847845
Bubble,14.400415239832096,0.9850140140140141,0.014985985985985883,0.4512909349352037,0.5487090650647962,1162.087165217799,35.86724806532368,0.02644194024704473,0.0008584600259812745,0.04394863441791792,0.04178091813223933
Dew,14.410862900812958,0.9999999999763862,2.3613757551784008e-11,0.4365635635635636,0.5634364364364364,1167.996405968506,35.75183066949644,0.026539642712847256,0.0008569243901268525,0.04400949999990409,0.04172110291341342
Dew,14.447285988268527,0.9999999999762489,2.3751091479819238e-11,0.4355645645645646,0.5644354354354354,1168.0045064764658,35.840933945693195,0.02653982677556041,0.0008591436314384553,0.04400949999990354,0.04171704547897898
Dew,14.48390100109211,0.9999999999761104,2.388950163299671e-11,0.4345655655655656,0.5654344344344344,1168.0126491610079,35.930528210880034,0.02654001179662534,0.0008613750751327253,0.04400949999990297,0.04171298804454455
Dew,14.52070969309528,0.999999999975971,2.4028999673238443e-11,0.4335665665665666,0.5664334334334333,1168.0208344041973,36.02061813529188,0.02654019778472347,0.0008636188367428582,0.044009499999902404,0.041708930610110106
Dew,14.557713473355676,0.9999999999758304,2.4169597754265645e-11,0.4325675675675676,0.5674324324324325,1168.0290625113098,36.11120745501161,0.026540384746791372,0.0008658750094478992,0.04400949999990184,0.04170487317567567
Dew,14.669910968554817,0.9999999999754019,2.4598115928871872e-11,0.4295705705705706,0.5704294294294294,1168.054007408167,36.386013319785626,0.026540951553887648,0.0008727190265550004,0.0440094999999001,0.04169270087237237
Dew,14.707710714680463,0.9999999999752568,2.4743238653559035e-11,0.4285715715715716,0.5714284284284283,1168.0624103596288,36.47864172619125,0.026541142488833,0.0008750258755840102,0.04400949999989951,0.04168864343793794
Dew,14.745713438236814,0.9999999999751105,2.4889524560330833e-11,0.4275725725725726,0.5724274274274275,1168.0708578870826,36.57179050956295,0.026541334436650396,0.0008773456573729474,0.044009499999898914,0.04168458600350351
Dew,14.783920768458533,0.999999999974963,2.5036986830987886e-11,0.4265735735735736,0.5734264264264264,1168.0793503439686,36.66546400846065,0.02654152740537083,0.0008796784797894795,0.04400949999989831,0.04168052856906907
Dew,14.8223343522492,0.9999999999748144,2.518563883953191e-11,0.4255745745745746,0.5744254254254254,1168.0878880875114,36.75966661039566,0.026541721403111288,0.0008820244519178368,0.044009499999897714,0.041676471134634636
Dew,14.86095585444942,0.9999999999746645,2.5335494155611197e-11,0.42457557557557557,0.5754244244244244,1168.0964714787808,36.85440275259805,0.02654191643807614,0.0008843836840778195,0.0440094999998971,0.041672413700200195
Dew,14.899786958058232,0.9999999999745134,2.5486566548003058e-11,0.4235765765765766,0.5764234234234233,1168.1051008827428,36.949676922658625,0.026542112518558272,0.0008867562878408056,0.044009499999896486,0.04166835626576577
Dew,14.938829364495533,0.9999999999743612,2.5638869988140574e-11,0.4225775775775776,0.5774224224224225,1168.113776668307,37.04549365928332,0.026542309652940178,0.0008891423760484672,0.044009499999895875,0.04166429883133134
Bubble,14.952375980584964,0.9840150150150151,0.015984984984984907,0.4367481570855471,0.5632518429144528,1161.816233160308,37.22777825649608,0.026438216337751414,0.0008922848795262282,0.04394457698348349,0.04172185264000295
Dew,14.97808479385139,0.9999999999742076,2.5792418653769977e-11,0.4215785785785786,0.5784214214214214,1168.122499208384,37.141857553013054,0.026542507849695272,0.0008915420628306682,0.04400949999989526,0.04166024139689689
Dew,15.017554985129117,0.9999999999740528,2.594722693263684e-11,0.4205795795795796,0.5794204204204204,1168.1312688799358,37.23877324692803,0.026542707117389045,0.000893955463622998,0.04400949999989461,0.04165618396246246
Dew,15.057241696545052,0.9999999999738967,2.6103309426315203e-11,0.4195805805805806,0.5804194194194194,1168.1400860640417,37.33624543750699,0.026542907464680483,0.0008963826951880391,0.04400949999989398,0.041652126528028036
Dew,15.097146705746292,0.9999999999737393,2.6260680954009114e-11,0.4185815815815816,0.5814184184184183,1168.1489511459397,37.43427887526518,0.026543108900323128,0.0008988238756313294,0.04400949999989334,0.041648069093593594
Dew,15.137271810118174,0.9999999999735807,2.641935655656589e-11,0.41758258258258263,0.5824174174174174,1168.1578645150976,37.53287836563716,0.026543311433166607,0.0009012791244232159,0.0440094999998927,0.04164401165915916
Dew,15.159474570030714,0.9836395563044568,0.01636044369554319,0.43156856856856857,0.5684314314314314,1161.7143024005657,37.73950188345427,0.026436814194632327,0.0009050063221216721,0.04394305205793055,0.041700815741241244
Dew,15.17761882704595,0.9999999999734206,2.6579351500462585e-11,0.4165835835835836,0.5834164164164164,1168.166826565262,37.6320487697366,0.02654351507215777,0.0009037485624177672,0.04400949999989205,0.041639954224724725
Dew,15.20008839587206,0.9835658828133567,0.016434117186643334,0.4305695695695696,0.5694304304304304,1161.694293969136,37.8399343776709,0.026436538884644076,0.0009075030269557838,0.043942752833046446,0.04169675830680681
Dew,15.218189594178577,0.9999999999732593,2.6740681281940436e-11,0.4155845845845846,0.5844154154154154,1168.1758376945174,37.73179500512319,0.026543719826342044,0.0009062323118718664,0.0440094999998914,0.04163589679029029
Dew,15.258985969752697,0.9999999999730966,2.690336163123642e-11,0.4145855855855856,0.5854144144144144,1168.184898305357,37.8321220467344,0.026543925704865023,0.0009087304964682757,0.04400949999989073,0.04163183935585586
Dew,15.30000983283318,0.9999999999729325,2.7067408516831752e-11,0.4135865865865866,0.5864134134134134,1168.194008804727,37.933034927592075,0.026544132716973493,0.0009112432413333067,0.04400949999989007,0.041627781921421414
Dew,15.341263083649253,0.9999999999727671,2.7232838149896002e-11,0.4125875875875876,0.5874124124124124,1168.2031696041054,38.03453873977017,0.026544340872017208,0.0009137706730607704,0.044009499999889394,0.041623724486986986
Dew,15.382747643867736,0.9999999999726004,2.7399666988736707e-11,0.4115885885885886,0.5884114114114114,1168.212381119554,38.13663863519305,0.02654455017945007,0.0009163129197318773,0.04400949999988872,0.04161966705255256
Dew,15.424465456906836,0.999999999972432,2.7567911743404184e-11,0.41058958958958963,0.5894104104104103,1168.2216437717875,38.23933982654569,0.02654476064883172,0.0009188701109378316,0.044009499999888034,0.04161560961811812
Dew,15.46641848824169,0.9999999999722624,2.7737589380375602e-11,0.4095905905905906,0.5904094094094094,1168.2309579862392,38.34264758816297,0.026544972289829005,0.0009214423778019392,0.04400949999988735,0.04161155218368368
Bubble,15.502963575208037,0.9830160160160161,0.01698398398398393,0.42328673401770356,0.5767132659822964,1161.544883811618,38.58971979889388,0.026434482244003323,0.000926141885772175,0.043940519549049054,0.041667179070212904
Dew,15.508608725716634,0.9999999999720913,2.7908717127306463e-11,0.40859159159159164,0.5914084084084084,1168.2403241931197,38.44656725693884,0.026545185112217325,0.000924029853002206,0.04400949999988666,0.04160749474924925
Dew,15.551038179892743,0.9999999999719187,2.8081312478002828e-11,0.4075925925925926,0.5924074074074074,1168.249742827501,38.551104233333064,0.026545399125882562,0.0009266326707962944,0.044009499999885945,0.04160343731481481
Dew,15.59370888431314,0.9999999999717446,2.825539319730969e-11,0.4065935935935936,0.5934064064064064,1168.2592143293657,38.656263982156446,0.02654561434082214,0.0009292509670411695,0.044009499999885245,0.041599379880380385
Dew,15.636622895904257,0.9999999999715691,2.8430977326342388e-11,0.4055945945945946,0.5944054054054053,1168.2687391436932,38.76205203372684,0.026545830767147057,0.000931884879221672,0.04400949999988453,0.041595322445945944
Dew,15.679782295264044,0.9999999999713919,2.8608083187612703e-11,0.4045955955955956,0.5954044044044045,1168.2783177205201,38.868473984720204,0.026546048415083214,0.0009345345464717723,0.04400949999988381,0.04159126501151151
Dew,15.723188955349862,0.9999999999712132,2.878672912253026e-11,0.40359659659659664,0.5964034034034034,1168.2879504636046,38.975534869897515,0.026546267293804937,0.0009372000944680132,0.04400949999988308,0.04158720757707708
Dew,15.766845460634457,0.9999999999710331,2.8966934557668246e-11,0.4025975975975976,0.5974024024024024,1168.2976379344045,39.08324165895028,0.026546487416069884,0.0009398816954675887,0.04400949999988235,0.04158315014264265
Dew,15.810753740809,0.9999999999708513,2.9148718434794785e-11,0.40159859859859864,0.5984014014014014,1168.3073805488561,39.19159954526687,0.02654670879132912,0.000942579479073866,0.044009499999881616,0.041579092708208205
Dew,15.85491597470738,0.9999999999706679,2.933210025676257e-11,0.4005995995995996,0.5994004004004003,1168.3171787779745,39.30061440131741,0.026546931430285213,0.0009452935912746872,0.044009499999880866,0.04157503527377377
Dew,15.899334366619897,0.999999999970483,2.951709983577798e-11,0.3996006006006006,0.6003993993993995,1168.3270330982123,39.4102921711484,0.026547155343764298,0.0009480241798366778,0.04400949999988012,0.04157097783933935
Dew,15.944011146688318,0.9999999999702963,2.970373729939516e-11,0.39860160160160163,0.6013983983983984,1168.3369439915375,39.52063887153601,0.026547380542717824,0.0009507713943338598,0.04400949999987937,0.04156692040490491
Dew,15.988948571251012,0.999999999970108,2.989203309656621e-11,0.3976026026026026,0.6023973973973974,1168.34691194551,39.63166059300622,0.02654760703822432,0.0009535353861730765,0.04400949999987859,0.04156286297047047
Dew,16.03414892327542,0.999999999969918,3.008200800395722e-11,0.39660360360360364,0.6033963963963964,1168.3569374533733,39.743363501094386,0.026547834841491428,0.0009563163086251969,0.04400949999987782,0.04155880553603604
Bubble,16.05219312399624,0.982017017017017,0.017982982982982954,0.41079280378123134,0.5892071962187686,1161.273119445501,39.95307083110051,0.02643073801473027,0.0009600310756422598,0.04393646211461462,0.04161643497255747
Dew,16.079614512704012,0.9999999999697263,3.02736831322295e-11,0.3956046046046046,0.6043953953953953,1168.367021014118,39.855753837372056,0.026548063963857404,0.0009591143168507364,0.04400949999987704,0.041554748101601605
Dew,16.12534767690779,0.9999999999695329,3.0467079932695726e-11,0.39460560560560565,0.6053943943943944,1168.377163132593,39.96883792076865,0.02654829441679361,0.0009619295679325859,0.04400949999987625,0.04155069066716718
Dew,16.171350781045483,0.9999999999693377,3.0662220203906e-11,0.3936066066066066,0.6063933933933934,1168.3873643195705,40.08262214863923,0.026548526211905985,0.0009647622209026538,0.044009499999875475,0.04154663323273273
Dew,16.217626218523446,0.9999999999691409,3.0859126098507346e-11,0.3926076076076076,0.6073923923923924,1168.39762509184,40.19711299810853,0.026548759360937233,0.0009676124367751678,0.04400949999987467,0.0415425757982983
Dew,16.26417641137505,0.9999999999689422,3.105782013025691e-11,0.39160860860860863,0.6083913913913914,1168.4079459723,40.31231702719886,0.026548993875768843,0.0009704803785747991,0.04400949999987386,0.04153851836386387
Dew,16.311003810732586,0.9999999999687417,3.125832518115467e-11,0.3906096096096096,0.6093903903903903,1168.418327490047,40.428240876212115,0.02654922976842312,0.0009733662113709173,0.04400949999987305,0.04153446092942943
Dew,16.358110897238216,0.9999999999685394,3.1460664508788335e-11,0.38961061061061064,0.6103893893893894,1168.428770180469,40.54489126894907,0.026549467051065364,0.0009762701023079466,0.044009499999872234,0.041530403494995
Dew,16.40550018151491,0.9999999999683351,3.166486175380492e-11,0.3886116116116116,0.6113883883883884,1168.439274585335,40.66227501409445,0.02654970573600585,0.000979192220639736,0.044009499999871395,0.04152634606056056
Dew,16.45317420459478,0.999999999968129,3.187094094759385e-11,0.38761261261261265,0.6123873873873873,1168.4498412528997,40.78039900648915,0.026549945835702207,0.000982132737761228,0.044009499999870555,0.04152228862612613
Dew,16.501135538407038,0.9999999999679211,3.207892652013034e-11,0.3866136136136136,0.6133863863863864,1168.4604707379904,40.8992702285678,0.02655018736276144,0.0009850918272441298,0.044009499999869715,0.0415182311916917
Dew,16.549386786245034,0.9999999999677112,3.228884330803872e-11,0.38561461461461466,0.6143853853853853,1168.471163602119,41.01889575174233,0.026550430329942417,0.0009880696648713056,0.04400949999986886,0.04151417375725726
Dew,16.597930583223402,0.9999999999674993,3.250071656273909e-11,0.38461561561561564,0.6153843843843844,1168.4819204135645,41.13928273776199,0.02655067475015778,0.000991066428670619,0.04400949999986801,0.041510116322822824
Bubble,16.600019286155906,0.981018018018018,0.018981981981981977,0.39916767919797724,0.6008323208020228,1161.000928252694,41.31766515796831,0.026426983378318735,0.0009939485423603297,0.043932404680180184,0.04156921952906258
Dew,16.646769596804468,0.9999999999672854,3.271457195898347e-11,0.3836166166166166,0.6163833833833834,1168.4927417474985,41.26043844026514,0.02655092063647681,0.0009940822989534194,0.044009499999867134,0.041506058888388396
Dew,16.695906527271347,0.9999999999670696,3.293043560337467e-11,0.38261761761761764,0.6173823823823823,1168.5036281860707,41.382370206189236,0.026551168002127305,0.0009971174583496304,0.04400949999986626,0.041502001453953954
Dew,16.745344108259523,0.9999999999668516,3.314833404327925e-11,0.3816186186186186,0.6183813813813814,1168.514580318531,41.50508547734363,0.02655141686049843,0.001000172091846785,0.04400949999986537,0.04149794401951952
Dew,16.79508510723178,0.9999999999666317,3.3368294275777235e-11,0.38061961961961965,0.6193803803803803,1168.525598741322,41.628591791831695,0.02655166722514276,0.0010032463868254518,0.04400949999986448,0.041493886585085085
Dew,16.84513232606424,0.9999999999664096,3.35903437570239e-11,0.37962062062062063,0.6203793793793794,1168.536684058207,41.7528967857791,0.02655191910977923,0.0010063405331020585,0.04400949999986358,0.04148982915065065
Dew,16.895488601541707,0.9999999999661855,3.3814510411663444e-11,0.37862162162162166,0.6213783783783784,1168.5478368803722,41.8780081948191,0.02655217252829546,0.0010094547229658876,0.04400949999986266,0.04148577171621622
Dew,16.946156805910725,0.9999999999659592,3.4040822642545785e-11,0.37762262262262264,0.6223773773773773,1168.5590578265412,42.003933855738666,0.026552427494750272,0.0010125891512199688,0.04400949999986175,0.041481714281781774
Dew,16.997139847456246,0.9999999999657307,3.426930934071529e-11,0.37662362362362367,0.6233763763763763,1168.570347523099,42.13068170819321,0.026552684023376644,0.0010157440152236475,0.04400949999986082,0.04147765684734735
Dew,17.048440671053445,0.9999999999655,3.449999989557484e-11,0.37562462462462465,0.6243753753753754,1168.581706604206,42.258259796357585,0.026552942128584205,0.0010189195149336461,0.04400949999985988,0.04147359941291292
Dew,17.10006225875172,0.9999999999652671,3.473292420532627e-11,0.3746256256256256,0.6253743743743744,1168.5931357119189,42.386676270669064,0.026553201824961986,0.0010221158529473643,0.04400949999985894,0.04146954197847848
Bubble,17.14644604356838,0.9800190190190191,0.01998098098098089,0.3883257040978335,0.6116742959021664,1160.7283098704122,42.68348049087819,0.026423218323626395,0.0010278938106584525,0.04392834724574575,0.04152518484719334
Dew,17.15200763036288,0.9999999999650319,3.4968112687683244e-11,0.37362662662662666,0.6263733733733734,1168.6046354963178,42.51593938958635,0.02655346312728136,0.0010253332345465907,0.04400949999985798,0.04146548454404404
Dew,17.204279844076392,0.9999999999647944,3.52055962908614e-11,0.37262762762762763,0.6273723723723723,1168.6162066156344,42.64605752142633,0.0265537260504989,0.0010285718677431187,0.04400949999985701,0.04146142710960961
Dew,17.256881997054872,0.9999999999645546,3.544540650476172e-11,0.37162862862862867,0.6283713713713713,1168.6278497363726,42.777039146152255,0.026553990609759152,0.0010318319633232135,0.04400949999985604,0.041457369675175174
Dew,17.309817226060375,0.9999999999643124,3.5687575372500327e-11,0.37062962962962964,0.6293703703703704,1168.6395655334436,42.908892857250294,0.026554256820397696,0.0010351137348942403,0.04400949999985506,0.041453312240740746
Dew,17.363088708119527,0.9999999999640679,3.5932135502263645e-11,0.3696306306306307,0.6303693693693693,1168.6513546903043,43.04162736371693,0.0265545246979443,0.0010384173989339935,0.04400949999985406,0.041449254806306304
Dew,17.416699661124518,0.9999999999638208,3.617912007934944e-11,0.36863163163163165,0.6313683683683684,1168.6632178990858,43.17525149187676,0.026554794258125805,0.001041743174835959,0.04400949999985306,0.04144519737187188
Dew,17.470653406429385,0.9999999999635715,3.642856296775654e-11,0.3676326326326326,0.6323673673673673,1168.6751558744306,43.30977435625187,0.026555065517180596,0.0010450912890339276,0.04400949999985205,0.04144113993743744
Dew,17.524953124080792,0.9999999999633195,3.66804983699354e-11,0.36663363363363366,0.6333663663663663,1168.687169299326,43.445204692348106,0.026555338490627755,0.0010484619589035877,0.04400949999985102,0.041437082503003
Dew,17.57960221718129,0.999999999963065,3.693496136196784e-11,0.36563463463463464,0.6343653653653654,1168.6992589057224,43.58155185030993,0.026555613195098925,0.0010518554167402866,0.04400949999984999,0.041433025068568566
Dew,17.634604077589874,0.999999999962808,3.719198757020909e-11,0.36463563563563567,0.6353643643643643,1168.7114254226776,43.718825156316626,0.02655588964716002,0.0010552718943519085,0.04400949999984895,0.04142896763413413
Dew,17.689962136829685,0.9999999999625484,3.7451613256631936e-11,0.36363663663663665,0.6363633633633634,1168.7236695876143,43.85703405157443,0.026556167863567036,0.0010587116264139144,0.0440094999998479,0.041424910199699704
Bubble,17.691465829776426,0.9790200200200201,0.020979979979979912,0.3781920406362083,0.6218079593637916,1160.4552612318214,44.05046599045166,0.026419442777945217,0.0010618657156663061,0.043924289811311315,0.04148402697304395
Dew,17.74567986973858,0.9999999999622862,3.771387533699269e-11,0.3626376376376377,0.6373623623623623,1168.7359921471168,43.99618810247995,0.02655644786128414,0.0010621748507161184,0.04400949999984683,0.04142085276526527
Dew,17.80176072123783,0.9999999999620212,3.7978811284424515e-11,0.36163863863863865,0.6383613613613613,1168.7483938407318,44.1362968009733,0.026556729657115582,0.0010656618033437768,0.04400949999984575,0.041416795330830834
Dew,17.858208418415174,0.9999999999617536,3.824645960974482e-11,0.36063963963963963,0.6393603603603604,1168.7608754699675,44.27737041646084,0.02655701326927351,0.0010691727392482715,0.04400949999984467,0.0414127378963964
Dew,17.915026586201595,0.9999999999614831,3.851685930400047e-11,0.35964064064064066,0.6403593593593593,1168.7734378132966,44.419418947334606,0.026557298715446688,0.0010727079069360423,0.04400949999984357,0.041408680461961965
Dew,17.972218724478864,0.9999999999612099,3.8790049810498976e-11,0.35864164164164164,0.6413583583583584,1168.7860816210953,44.562452058386576,0.026557586012685423,0.0010762675469538651,0.04400949999984246,0.04140462302752754
Dew,18.02978849807291,0.9999999999609339,3.906607147664256e-11,0.35764264264264267,0.6423573573573573,1168.798807679755,44.70647987261183,0.026557875178858405,0.0010798519110103721,0.044009499999841335,0.04140056559309309
Dew,18.087739927575562,0.999999999960655,3.93449658701504e-11,0.35664364364364365,0.6433563563563564,1168.8116168538395,44.851513492908005,0.026558166233610545,0.0010834612745840176,0.04400949999984021,0.04139650815865866
Dew,18.14607670209885,0.9999999999603733,3.962677473962333e-11,0.3556446446446447,0.6443553553553554,1168.824509934154,44.99756312560635,0.026558459194910837,0.0010870958916011292,0.04400949999983906,0.041392450724224226
Dew,18.20480269186816,0.9999999999600885,3.9911540814768947e-11,0.35464564564564566,0.6453543543543543,1168.8374877510532,45.14463948041048,0.026558754081626883,0.0010907560282497684,0.04400949999983791,0.04138839328978979
Bubble,18.235072387020825,0.9780210210210211,0.021978978978978936,0.36870105407879283,0.631298945921207,1160.181779557694,45.41857785527682,0.026415656675088686,0.0010958632542862284,0.04392023237687688,0.04144547933114102
Dew,18.263921807863046,0.9999999999598007,4.019930760783835e-11,0.3536466466466467,0.6463533533533533,1168.8505511434014,45.29275338739958,0.026559050912819675,0.0010944419537311108,0.044009499999836735,0.04138433585535536
Dew,18.323438025701687,0.9999999999595098,4.049011946776987e-11,0.35264764764764767,0.6473523523523523,1168.8637009638385,45.44191586256185,0.026559349707863212,0.001098153941844612,0.044009499999835555,0.04138027842092092
Dew,18.38335537140614,0.999999999959216,4.0784021575218976e-11,0.35164864864864864,0.6483513513513514,1168.8769380756214,45.59213806919599,0.026559650486372734,0.0011018922700573941,0.044009499999834355,0.04137622098648649
Dew,18.443677926044057,0.999999999958919,4.1081059966864023e-11,0.3506496496496497,0.6493503503503504,1168.8902633536436,45.74343133088952,0.026559953268227885,0.0011056572198197413,0.044009499999833154,0.04137216355205206
Dew,18.50441000617603,0.9999999999586188,4.138128184987998e-11,0.34965065065065065,0.6503493493493493,1168.9036777242732,45.89580762528749,0.026560258074477944,0.0011094490885030302,0.04400949999983193,0.04136810611761761
Dew,18.627118567958775,0.9999999999580085,4.199146660855493e-11,0.34765265265265266,0.6523473473473473,1168.9307771277597,46.203853333820625,0.02656087383706449,0.0011171146786743678,0.04400949999982945,0.04135999124874875
Dew,18.689103906965357,0.9999999999576985,4.230152835666331e-11,0.3466536536536537,0.6533463463463463,1168.9444640600886,46.35954736960547,0.026561184836561468,0.001120989011583128,0.0440094999998282,0.041355933814314315
Dew,18.75151572035726,0.999999999957385,4.26149701373085e-11,0.34565465465465467,0.6543453453453454,1168.9582437147972,46.51637158786515,0.026561497942930376,0.0011248914356519527,0.04400949999982692,0.04135187637987988
Bubble,18.77726054714122,0.977022022022022,0.02297797797797796,0.35979494833451275,0.6402050516654871,1159.907862307522,46.787778159918915,0.02641185995428163,0.0011298855581797908,0.043916174942442446,0.04140930718266062
Dew,18.81435844026776,0.9999999999570681,4.293184356164803e-11,0.3446556556556557,0.6553443443443443,1168.9721170409102,46.67433833750969,0.026561813177735302,0.0011288222578098276,0.04400949999982563,0.041347818945445446
Dew,18.877636560954944,0.9999999999567478,4.325220124731392e-11,0.3436566566566567,0.6563433433433433,1168.9860850005607,46.8334601494346,0.02656213056283818,0.0011327817895079898,0.044009499999824335,0.04134376151101101
Dew,18.94135463991273,0.9999999999564239,4.3576096842255955e-11,0.34265765765765765,0.6573423423423423,1169.0001485692198,46.99374973993529,0.02656245012040402,0.00113677034680474,0.044009499999823024,0.04133970407657658
Dew,19.005517298993475,0.9999999999560965,4.3903585049197394e-11,0.3416586586586587,0.6583413413413413,1169.0143087359306,47.15522001416475,0.026562771872906236,0.0011407882504513548,0.04400949999982169,0.041335646642142135
Dew,19.070129225553817,0.9999999999557653,4.4234721650789346e-11,0.34065965965965966,0.6593403403403404,1169.028566503545,47.31788406966703,0.026563095843131986,0.001144835825979877,0.04400949999982035,0.041331589207707714
Dew,19.135195173607507,0.9999999999554304,4.4569563535456364e-11,0.3396606606606607,0.6603393393393393,1169.0429228889686,47.4817551999418,0.026563422054187776,0.0011489134037917187,0.044009499999818985,0.04132753177327327
Dew,19.20071996503921,0.9999999999550918,4.4908168723933795e-11,0.3386616616616617,0.6613383383383383,1169.0573789234027,47.646846898189004,0.02656375052950494,0.001153021319250666,0.044009499999817604,0.04132347433883884
Dew,19.266708490816047,0.9999999999547494,4.5250596396673785e-11,0.3376626626626627,0.6623373373373374,1169.0719356526072,47.81317286106007,0.026564081292845616,0.0011571599127761037,0.04400949999981622,0.0413194169044044
Bubble,19.31802605480891,0.976023023023023,0.023976976976976982,0.35142263569871063,0.6485773643012893,1159.633507140062,48.158033913697274,0.026408052559264216,0.001163931871945139,0.04391211750800801,0.041375303034890315
Dew,19.33316571222321,0.9999999999544031,4.55969069218329e-11,0.3366636636636637,0.6633363363363363,1169.0865941371487,47.980746992488825,0.02656441436830839,0.0011613295299382203,0.044009499999814815,0.04131535946996997
Dew,19.40009666215,0.9999999999540529,4.594716188428376e-11,0.33566466466466466,0.6643353353353354,1169.1013554526744,48.14958340767469,0.026564749780334514,0.0011655305215569562,0.044009499999813385,0.04131130203553554
Dew,19.467506446387773,0.9999999999536986,4.6301424115217825e-11,0.3346656656656657,0.6653343343343343,1169.1162206901722,48.31969643711261,0.02656508755371381,0.0011697632438021435,0.04400949999981195,0.041307244601101106
Dew,19.504123745001053,0.9756786192264353,0.02432138077356466,0.3486516516516517,0.6513483483483483,1159.5388247044202,48.63066750144606,0.02640673755102651,0.00117567474774821,0.043910718711988164,0.041364048683183184
Dew,19.535400244972845,0.9999999999533402,4.665975772284397e-11,0.33366666666666667,0.6663333333333333,1169.1311909562585,48.49110063076157,0.02656542771359122,0.0011740280582970566,0.04400949999981049,0.041303187166666665
Dew,19.60378331349591,0.9999999999529777,4.702222812368498e-11,0.3326676676676677,0.6673323323323324,1169.1462673734436,48.66381076213638,0.02656577028547285,0.0011783253322201683,0.044009499999809014,0.04129912973223224
Dew,19.67266122423399,0.9999999999526111,4.738890251589885e-11,0.3316686686686687,0.6683313313313313,1169.1614511332689,48.83784249070165,0.026566115296433317,0.0011826554543483895,0.04400949999980753,0.041295072297797795
Dew,19.74203891945253,0.9999999999522402,4.775984817212997e-11,0.3306696696696697,0.6693303303303303,1169.1767432875995,49.01320976398128,0.026566462770373504,0.0011870187721510727,0.04400949999980603,0.04129101486336337
Dew,19.811922119537382,0.9999999999518648,4.8135135051275554e-11,0.3296706706706707,0.6703293293293293,1169.1921450590185,49.18992868280536,0.02656681273507339,0.0011914156853887951,0.0440094999998045,0.041286957428928926
Bubble,19.857365423887018,0.9750240240240241,0.024975975975975895,0.3435387955480657,0.6564612044519343,1159.3587118812773,49.52931629314009,0.02640423443756393,0.0011980015353651146,0.04390806007357357,0.04134328281811847
Dew,19.88231639666215,0.9999999999514851,4.851483413666065e-11,0.32867167167167166,0.6713283283283283,1169.2076576365978,49.3680149596452,0.026567165217551498,0.0011958465845720368,0.044009499999802956,0.0412828999944945
Dew,19.953227405874646,0.999999999951101,4.8899017891567507e-11,0.3276726726726727,0.6723273273273274,1169.2232822268224,49.547484553356675,0.026567520245222024,0.0012003118663336033,0.0440094999998014,0.041278842560060064
Dew,20.024660886582506,0.9999999999507122,4.928776029646873e-11,0.32667367367367367,0.6733263263263263,1169.2390200538962,49.72835367385929,0.026567877845901786,0.001204811933544997,0.04400949999979982,0.04127478512562563
Dew,20.096622664240506,0.9999999999503189,4.968113688770437e-11,0.3256746746746747,0.6743253253253253,1169.2548723600905,49.91063878738831,0.026568238047818115,0.001209347195446743,0.044009499999798224,0.041270727691191195
Dew,20.169118651836424,0.9999999999499207,5.00792247968544e-11,0.3246756756756757,0.6753243243243243,1169.270840406054,50.09435662121371,0.026568600879615947,0.0012139180677658763,0.0440094999997966,0.04126667025675675
Dew,20.242154851665934,0.9999999999495179,5.048210279178922e-11,0.3236766766766767,0.6763233233233232,1169.2869254711802,50.27952416917388,0.026568966370366112,0.0012185249728532356,0.044009499999794977,0.041262612822322325
Dew,20.31573735696879,0.9999999999491102,5.0889851318523986e-11,0.3226776776776777,0.6773223223223224,1169.3031288539387,50.46615869684942,0.02656933454957294,0.0012231683398121246,0.04400949999979331,0.04125855538788789
Dew,20.389872353676882,0.9999999999486975,5.1302552544594124e-11,0.3216786786786787,0.6783213213213213,1169.3194518722432,50.65427774706675,0.026569705447182526,0.0012278486046350355,0.04400949999979164,0.04125449795345345
Bubble,20.39527581992499,0.9740250250250251,0.025974974974974918,0.3361030863738169,0.6638969136261832,1159.0834744980982,50.90160001209407,0.026400405539899658,0.0012320939688724051,0.04390400263913914,0.04131308268530726
Dew,20.464566122184436,0.9999999999482797,5.172029040367437e-11,0.3206796796796797,0.6793203203203203,1169.3358958638207,50.84389914548535,0.0265700790935912,0.0012325662103424848,0.044009499999789946,0.04125044051901902
Dew,20.53982503919055,0.9999999999478568,5.214315064149801e-11,0.3196806806806807,0.6803193193193193,1169.3524621865765,51.03504100640763,0.026570455519653795,0.0012373216071273278,0.04400949999978822,0.04124638308458459
Dew,20.615655579500224,0.9999999999474288,5.257122086319477e-11,0.3186816816816817,0.6813183183183182,1169.3691522189833,51.227721738499056,0.026570834756692457,0.001242115252496983,0.04400949999978648,0.04124232565015015
Dew,20.69206431797835,0.9999999999469954,5.3004590582166624e-11,0.3176826826826827,0.6823173173173174,1169.3859673604725,51.42196005095443,0.02657121683650559,0.0012469476114265574,0.04400949999978472,0.04123826821571572
Dew,20.769057931470385,0.9999999999465566,5.34433512703451e-11,0.3166836836836837,0.6833163163163163,1169.4029090318347,51.617774959598755,0.02657160179137692,0.0012518191565104773,0.04400949999978294,0.041234210781281276
Dew,20.846643200803207,0.9999999999461124,5.388759641010757e-11,0.3156846846846847,0.6843153153153153,1169.4199786756349,51.81518579323583,0.026571989654084922,0.0012567303681202168,0.04400949999978114,0.04123015334684685
Dew,20.92482701279604,0.9999999999456626,5.4337421547682986e-11,0.3146856856856857,0.6853143143143143,1169.4371777566218,52.01421220005255,0.02657238045791218,0.0012616817345634716,0.044009499999779315,0.04122609591241242
Bubble,20.931754963481367,0.9730260260260261,0.02697397397397394,0.32907948295372635,0.6709205170462736,1158.8077930768334,52.27486280169476,0.026396565819691395,0.001266208661575215,0.04389994520470471,0.04128455632001656
Dew,21.00361636239143,0.999999999945207,5.479292434835939e-11,0.3136866866866867,0.6863133133133132,1169.4545077621676,52.21487415438298,0.026572774236655293,0.0012666737522521528,0.04400949999977746,0.04122203847797797
Dew,21.08301835473599,0.9999999999447458,5.525420465329051e-11,0.31268768768768773,0.6873123123123123,1169.4719702027014,52.41719196336402,0.026573171024634794,0.0012717069258678486,0.04400949999977558,0.041217981043543545
Dew,21.163040207410816,0.9999999999442787,5.572136453817492e-11,0.3116886886886887,0.6883113113113113,1169.4895666121602,52.62118627403451,0.026573570856705343,0.0012767817685381492,0.044009499999773695,0.04121392360910911
Dew,21.243689252636628,0.9999999999438055,5.619450837375843e-11,0.3106896896896897,0.6893103103103103,1169.50729854845,52.82687808039691,0.026573973768266288,0.00128189880201216,0.044009499999771766,0.041209866174674675
Dew,21.324972939581215,0.9999999999433262,5.667374288825091e-11,0.3096906906906907,0.6903093093093093,1169.5251675939178,53.034288730794366,0.02657437979527226,0.0012870585568437788,0.04400949999976982,0.04120580874024024
Dew,21.406898836705977,0.9999999999428408,5.71591772317494e-11,0.3086916916916917,0.6913083083083083,1169.543175355833,53.24343993543,0.026574788974244253,0.0012922615725785274,0.044009499999767845,0.0412017513058058
Bubble,21.466801050080086,0.972027027027027,0.027972972972972965,0.3224357161992457,0.6775642838007542,1158.5316658052882,53.64908497861421,0.026392715232654126,0.001300345161335227,0.04389588777027027,0.04125757266134323
Dew,21.489474634146898,0.9999999999423491,5.7650923042643887e-11,0.3076926926926927,0.6923073073073073,1169.5613234668788,53.454353774017044,0.026575201342280665,0.0012975083979436754,0.04400949999976586,0.04119769387137137
Dew,21.5727081462097,0.999999999941851,5.814909451631597e-11,0.3066936936936937,0.6933063063063063,1169.5796135856615,53.667052703780776,0.026575616937068988,0.001302799591047013,0.044009499999763835,0.04119363643693694
Dew,21.65660731384884,0.9999999999413461,5.865380847585198e-11,0.30569469469469474,0.6943053053053052,1169.5980473972234,53.88155956745461,0.02657603579689736,0.0013081357195755996,0.04400949999976178,0.041189579002502495
Dew,21.74118020729074,0.9999999999408348,5.916518444524978e-11,0.3046956956956957,0.6953043043043043,1169.6166266135792,54.09789760171353,0.0265764579606668,0.0013135173610052489,0.0440094999997597,0.04118552156806807
Dew,21.82643502865306,0.9999999999403166,5.968334472489586e-11,0.3036966966966967,0.6963033033033033,1169.6353529742573,54.316090445638295,0.02657688346790351,0.0013189451028108876,0.044009499999757604,0.04118146413363363
Dew,21.91238011464644,0.9999999999397916,6.020841446941584e-11,0.3026976976976977,0.6973023023023023,1169.6542282468458,54.536162149449645,0.026577312358771282,0.0013244195426835908,0.044009499999755466,0.041177406699199205
Dew,21.999023939362637,0.9999999999392595,6.07405217683073e-11,0.3016986986986987,0.6983013013013013,1169.6732542275715,54.75813718352569,0.026577744674084646,0.0013299412887546286,0.0440094999997533,0.041173349264764764
Bubble,22.000412683576208,0.9710280280280281,0.028971971971971877,0.3161427976799866,0.6838572023200133,1158.255090957879,55.02424908466685,0.026388853736459755,0.0013345030665006,0.04389183033583583,0.041232013972777266
Dew,22.08637511713797,0.9999999999387202,6.127979772913465e-11,0.30069969969969973,0.6993003003003002,1169.6924327418858,54.98204044767306,0.026578180455322162,0.001335510959825803,0.044009499999751116,0.04116929183033033
Dew,22.17444240544351,0.9999999999381737,6.182637656341625e-11,0.2997007007007007,0.7002992992992993,1169.7117656450564,55.20789728051971,0.026578619744639917,0.0013411291856028843,0.044009499999748895,0.0411652343958959
Dew,22.263234707867664,0.9999999999376196,6.238039567537054e-11,0.29870170170170174,0.7012982982982983,1169.731254822773,55.43573346921214,0.026579062584885238,0.001346796606936573,0.04400949999974665,0.04116117696146147
Dew,22.352761077202253,0.999999999937058,6.294199575382298e-11,0.2977027027027027,0.7022972972972973,1169.7509021917892,55.66557525945018,0.02657950901961131,0.001352513876071812,0.044009499999744364,0.041157119527027025
Dew,22.44303071858818,0.9999999999364887,6.351132086696564e-11,0.2967037037037037,0.7032962962962963,1169.7707097005552,55.89744936573971,0.026579959093091524,0.0013582816569025385,0.044009499999742054,0.04115306209259259
Bubble,22.53258882042838,0.9700290290290291,0.0299709709709709,0.31017461432541654,0.6898253856745835,1157.9780668831706,56.40033958444196,0.026384981290454013,0.0013686820189818339,0.0438877729014014,0.04120777419608268
Dew,22.53405299269774,0.9999999999359115,6.408851856045556e-11,0.2957047047047047,0.7042952952952952,1169.7906793298798,56.131382981801416,0.026580412850334557,0.0013641006252303814,0.0440094999997397,0.041149004658158156
Dew,22.625837419054516,0.9999999999353263,6.46737399587123e-11,0.2947057057057057,0.7052942942942944,1169.8108130935987,56.36740379141748,0.026580870337099508,0.0013699714690341527,0.04400949999973733,0.04114494722372373
Dew,22.71839367945752,0.9999999999347329,6.526713986996819e-11,0.29370670670670673,0.7062932932932933,1169.8311130392817,56.60553997962665,0.026581331599912016,0.0013758948887479694,0.04400949999973492,0.04114088978928929
Dew,22.811731621383938,0.9999999999341311,6.586887689446956e-11,0.2927077077077077,0.7072922922922923,1169.8515812489238,56.84582024392042,0.026581796686079937,0.001381871597539562,0.04400949999973248,0.04113683235485486
Dew,22.905861261594215,0.9999999999335208,6.647911353677782e-11,0.29170870870870874,0.7082912912912913,1169.8722198396845,57.088273806064414,0.026582265643710152,0.0013879023216039543,0.044009499999729994,0.041132774920420424
Dew,23.00079278978742,0.999999999932902,6.709801632177009e-11,0.2907097097097097,0.7092902902902902,1169.8930309646285,57.33293042412484,0.026582738521725373,0.0013939878004622973,0.04400949999972748,0.04112871748598599
Bubble,23.06332872284115,0.9690300300300301,0.030969969969969924,0.30450758155952046,0.6954924184404795,1157.700591993403,57.777342610407594,0.02638109785541861,0.0014028816984239746,0.04388371546696697,0.04118475754250399
Dew,23.096536572309926,0.9999999999322743,6.772575591471451e-11,0.28971071071071075,0.7102892892892892,1169.9140168134911,57.5798204047113,0.02658321536988158,0.0014001287872661438,0.04400949999972493,0.04112466005155155
Dew,23.19310315604172,0.9999999999316375,6.83625072455246e-11,0.2887117117117117,0.7112882882882883,1169.9351796134608,57.82897461578375,0.02658369623878576,0.0014063260491156205,0.04400949999972235,0.041120602617117114
Dew,23.2905030335851,0.9999999999309915,6.900844901800203e-11,0.2877127127127127,0.7122872872872873,1169.95652157768,58.080423835206844,0.02658418117872575,0.0014125803512224306,0.044009499999719724,0.041116545182682686
Dew,23.388747587503474,0.9999999999303363,6.96637662766942e-11,0.28671371371371374,0.7132862862862863,1169.97804511207,58.33420138053613,0.02658467024436978,0.0014188925208745528,0.04400949999971707,0.04111248774824825
Dew,23.48784770531325,0.9999999999296714,7.032864695663184e-11,0.2857147147147147,0.7142852852852852,1169.9997525117863,58.590339257417085,0.02658516348786921,0.001425263353773174,0.04400949999971436,0.04110843031381381
Dew,23.587814696362802,0.9999999999289967,7.100328437850822e-11,0.28471571571571574,0.7152842842842843,1170.021646162067,58.84887071287917,0.0265856609634223,0.0014316936761344333,0.04400949999971162,0.04110437287937938
Bubble,23.592631919155764,0.968031031031031,0.03196896896896895,0.2991203453076931,0.7008796546923068,1157.4226647556277,59.15524574702421,0.026377203393369894,0.001437101817277983,0.043879658032532534,0.041162877282467196
Dew,23.68866007129489,0.9999999999283121,7.168787681794434e-11,0.2837167167167167,0.7162832832832833,1170.0437284898367,59.10982962419388,0.026586162726174516,0.0014381843298349665,0.044009499999708844,0.04110031544494495
Dew,23.79039554654003,0.9999999999276173,7.238262765862805e-11,0.28271771771771775,0.7172822822822822,1170.0660019646166,59.37325051385643,0.026586668832239237,0.0014447361727841868,0.04400949999970601,0.04109625801051051
Dew,23.893033048924096,0.9999999999269122,7.308774555109281e-11,0.28171871871871873,0.7182812812812813,1170.0884690994644,59.639168564978036,0.026587179338719062,0.0014513500793067778,0.04400949999970316,0.04109220057607608
Dew,23.996584720392807,0.9999999999261966,7.380344457708675e-11,0.28071971971971976,0.7192802802802802,1170.1111324519331,59.90761963709937,0.02658769430372767,0.0014580269405356685,0.04400949999970025,0.04108814314164164
Dew,24.1010629228988,0.9999999999254701,7.452994442016809e-11,0.27972072072072074,0.7202792792792793,1170.1339946250641,60.17864028255753,0.026588213786412306,0.0014647676648187073,0.0440094999996973,0.04108408570720721
Bubble,24.120498170248958,0.967032032032032,0.03296796796796797,0.2939935250550675,0.7060064749449325,1157.1442836841932,60.534037847219324,0.026373297867388117,0.0014713421166167528,0.04387560059809809,0.04114205470201116
Dew,24.206480243353468,0.9999999999247325,7.526747054220703e-11,0.2787217217217217,0.7212782782782783,1170.1570582683864,60.45226776313706,0.026588737846976553,0.001471573178132497,0.0440094999996943,0.041080028272772774
Dew,24.312849498811854,0.9999999999239837,7.601625436690796e-11,0.27772272272272275,0.7222772772772772,1170.180326078981,60.72854006747896,0.02658926654670446,0.001478444424514925,0.04400949999969126,0.04107597083833833
Dew,24.420183741674425,0.9999999999232234,7.677653346944482e-11,0.2767237237237237,0.7232762762762763,1170.2038008025204,61.007495928648964,0.026589799947984227,0.0014853823665018288,0.04400949999968817,0.041071913403903905
Dew,24.528496265154182,0.9999999999224515,7.754855177378408e-11,0.27572472472472476,0.7242752752752752,1170.2274852343864,61.289174842563376,0.026590338114333523,0.0014923879855848032,0.044009499999685044,0.04106785596946947
Dew,24.637800608791785,0.9999999999216674,7.833255975693147e-11,0.27472572572572573,0.7252742742742743,1170.2513822207839,61.57361708667014,0.026590881110424874,0.0014994622826754915,0.04400949999968186,0.041063798535035036
Bubble,24.646927440921452,0.9660330330330331,0.03396696696696688,0.2891094915252192,0.7108905084747809,1156.865447334331,61.91370887507856,0.026369381241471753,0.0015056023625528788,0.043871543163663665,0.04112221819982968
Dew,24.748110564207217,0.9999999999208712,7.91288146611629e-11,0.27372672672672677,0.7262732732732733,1170.2754946599061,61.860863739417326,0.026591429002112088,0.0015066062785893323,0.044009499999678625,0.0410597411006006
Dew,24.85944018092887,0.9999999999200624,7.993758071397083e-11,0.27272772772772774,0.7272722722722722,1170.2998255031127,62.15095670006913,0.02659198185645704,0.0015138210145380555,0.044009499999675336,0.04105568366616616
Dew,24.97180377246214,0.9999999999192408,8.075912935657538e-11,0.2717287287287287,0.7282712712712713,1170.3243777561531,62.44393870932884,0.02659253974175748,0.001521107552642128,0.04400949999967199,0.04105162623173173
Dew,25.085215922466535,0.9999999999184063,8.159373948113351e-11,0.27072972972972975,0.7292702702702702,1170.3491544804258,62.739853370407204,0.0265931027275756,0.0015284669764543566,0.04400949999966861,0.041047568797297304
Bubble,25.171919875403237,0.9650340340340341,0.034965965965965906,0.2844521736790311,0.7155478263209689,1156.5861542966732,63.294249771937764,0.026365453480412967,0.0015398823431938635,0.04386748572922924,0.04110330250339739
Dew,25.199691491135496,0.9999999999175583,8.24416976768734e-11,0.26973073073073073,0.7302692692692693,1170.3741587942548,63.03874517080662,0.026593670884767138,0.001535900391501239,0.044009499999665164,0.04104351136286286
Dew,25.431893679832317,0.9999999999158211,8.417884445903674e-11,0.26773273273273274,0.7322672672672672,1170.4248629417525,63.645642506397806,0.02659482300300719,0.0015509937260070846,0.044009499999658114,0.04103539649399399
Dew,25.54965152511597,0.9999999999149314,8.506864725203513e-11,0.26673373373373377,0.7332662662662662,1170.4505693224169,63.95374181816881,0.026595407112818954,0.0015586559757490718,0.04400949999965449,0.04103133905955956
Dew,25.668535128537396,0.999999999914027,8.597302670799688e-11,0.26573473473473475,0.7342652652652653,1170.476516362145,64.2650055195272,0.026595996690974257,0.001566396869934743,0.04400949999965083,0.041027281625125124
Bubble,25.695475776276446,0.9640350350350351,0.03596496496496493,0.28000689062426837,0.7199931093757316,1156.3064031925246,64.67565234013269,0.026361514549690167,0.0015741818660007958,0.0438634282947948,0.041085247986270466
Dew,25.788561086382753,0.9999999999131077,8.689231274406848e-11,0.2647357357357357,0.7352642642642643,1170.5027075393427,64.5794835769598,0.026596591816510733,0.0015742176499041409,0.04400949999964709,0.04102322419069069
Dew,25.909745579704463,0.9999999999121731,8.78268423330599e-11,0.26373673673673675,0.7362632632632633,1170.5291462377008,64.89722492152146,0.026597192566313824,0.0015821195322458204,0.04400949999964329,0.041019166756256255
Dew,26.03210583147016,0.999999999911223,8.877696442620311e-11,0.26273773773773773,0.7372622622622622,1170.5558360640223,65.21828155295685,0.026597799022338647,0.0015901038088482647,0.04400949999963943,0.04101510932182183
Dew,26.155659166373297,0.999999999910257,8.974303728529355e-11,0.26173873873873876,0.7382612612612612,1170.5827806429186,65.54270590048051,0.026598411266944937,0.0015981717825832612,0.044009499999635514,0.041011051887387386
Bubble,26.217595586408983,0.963036036036036,0.03696396396396395,0.27576020477888197,0.724239795221118,1156.0261926698095,66.0579091430038,0.026357564415375918,0.0016085007555191172,0.043859370860360354,0.04106800007170944
Dew,26.280423251733342,0.9999999999092746,9.072542956648497e-11,0.26073973973973974,0.7392602602602603,1170.6099836692426,65.87055150574903,0.02659902938408852,0.0016063247839663518,0.044009499999631524,0.04100699445295295
Dew,26.40641610603121,0.9999999999082755,9.172452068301145e-11,0.25974074074074077,0.7402592592592592,1170.6374489097977,66.20187305256388,0.02659965345936007,0.001614564171894919,0.044009499999627465,0.04100293701851852
Dew,26.533656107487438,0.9999999999072593,9.274070118200746e-11,0.25874174174174175,0.7412582582582583,1170.6651802050603,66.53672639692664,0.026600283580024305,0.0016228913343953046,0.044009499999623336,0.04099887958408409
Dew,26.662162003098786,0.9999999999062257,9.377437313737203e-11,0.2577427427427428,0.7422572572572572,1170.693181470992,66.87516859862849,0.026600919835061135,0.0016313076894077959,0.044009499999619145,0.04099482214964965
Bubble,26.73827987319074,0.9620370370370371,0.037962962962962865,0.27169979322299564,0.7283002067770044,1155.7455213995322,67.44101341807911,0.026353603044056473,0.0016428388514101774,0.043855313425925926,0.0410515087101752
Dew,26.791952917778076,0.9999999999051741,9.482595055825587e-11,0.25674374374374376,0.7432562562562562,1170.7214567008734,67.21725795338395,0.026601562315207362,0.0016398146855853564,0.04400949999961487,0.04099076471521521
Dew,26.92304836389316,0.9999999999041042,9.589585981464616e-11,0.25574474474474473,0.7442552552552553,1170.7500099672118,67.56305402635384,0.026602211112999978,0.0016484138031267292,0.04400949999961053,0.04098670728078078
Dew,27.05546825093152,0.9999999999030155,9.698454008024352e-11,0.25474574574574577,0.7452542542542542,1170.778845423674,67.91261768629849,0.026602866322820138,0.0016571065546254077,0.04400949999960611,0.04098264984634635
Dew,27.189232895635953,0.9999999999019076,9.809244379431294e-11,0.25374674674674674,0.7462532532532533,1170.8079673071138,68.26601114134841,0.026603528040939177,0.001665894485958586,0.044009499999601596,0.040978592411911915
Bubble,27.2575293149689,0.9610380380380381,0.03896196196196189,0.2678143346704686,0.7321856653295314,1155.464388072728,68.82495900153008,0.026349630402762555,0.0016771960067398534,0.0438512559914915,0.04103572792026411
Dew,27.32436303228471,0.9999999999007799,9.922003714237786e-11,0.2527477477477478,0.7472522522522522,1170.8373799396302,68.62329797548327,0.02660419636556542,0.0016747791771939211,0.04400949999959702,0.040974534977477474
Dew,27.460879823368714,0.9999999998996322,1.0036780055746058e-10,0.25174874874874875,0.7482512512512512,1170.867087730694,68.98454318644667,0.026604871396892476,0.00168376224353188,0.044009499999592354,0.040970477543043046
Dew,27.598804870555163,0.9999999998984638,1.0153622924238149e-10,0.25074974974974973,0.7492502502502503,1170.8970951793385,69.3498132247979,0.026605553237149034,0.0016928453362764018,0.04400949999958761,0.04096642010860861
Dew,27.738160225986512,0.9999999998972742,1.0272583371439134e-10,0.24975075075075076,0.7502492492492492,1170.9274068764132,69.71917603425484,0.02660624199065006,0.0017020301438376549,0.04400949999958278,0.04096236267417417
Bubble,27.775344689146326,0.9600390390390391,0.03996096096096091,0.2640934098960299,0.73590659010397,1155.1827913977838,70.20974026222243,0.026345646458908398,0.0017115720864857274,0.043847198557057064,0.041020615384292726
Dew,27.87896840392564,0.9999999998960628,1.0393714037302588e-10,0.24875175175175177,0.7512482482482482,1170.9580275069006,70.09270109337398,0.026606937763849457,0.0017113183927680345,0.04400949999957786,0.040958305239739735
Dew,28.02125239273166,0.9999999998948294,1.0517069209237423e-10,0.24775275275275277,0.7522472472472472,1170.9889618523025,70.47045945854016,0.026607640665394238,0.0017207118488307641,0.044009499999572856,0.04095424780530531
Dew,28.165035667231614,0.9999999998935729,1.0642704883915007e-10,0.24675375375375377,0.7532462462462463,1171.020214793105,70.85252380846865,0.026608350806180636,0.0017302123181060526,0.04400949999956774,0.04095019037087087
Bubble,28.29172686185001,0.9590400400400401,0.040959959959959935,0.2605274137892965,0.7394725862107033,1154.9007300981132,71.59535204393664,0.026341651180238908,0.0017459669662300734,0.04384314112262262,0.04100613209110522
Dew,28.310342201459598,0.9999999998922932,1.0770678831749382e-10,0.24575475475475478,0.7542452452452453,1171.051791311306,71.23896849015675,0.0266090682994114,0.0017398216481333173,0.04400949999956255,0.04094613293643644
Dew,28.45719648173433,0.9999999998909895,1.0901050664179557e-10,0.24475575575575576,0.7552442442442442,1171.0836964930133,71.6298695662218,0.026609793260654966,0.0017495417290879457,0.04400949999955726,0.040942075502002
Dew,28.60562325663419,0.9999999998896612,1.1033881800219576e-10,0.24375675675675676,0.7562432432432432,1171.1159354738934,72.0253041123556,0.026610525806605813,0.0017593744766412223,0.044009499999551865,0.04093801806756757
Dew,28.755648576905305,0.9999999998883077,1.1169235942370259e-10,0.24275775775775776,0.7572422422422422,1171.1485136647684,72.4253531932952,0.026611266060210637,0.0017693219046747213,0.04400949999954637,0.04093396063313314
Bubble,28.806676778829964,0.958041041041041,0.04195895895895896,0.2571074774848706,0.7428925225151294,1154.6182029100996,72.9817896146174,0.026337644534782895,0.0017803805310126072,0.04383908368818819,0.04099224201980481
Dew,28.90729831006758,0.9999999998869282,1.1307178566401904e-10,0.24175875875875877,0.7582412412412413,1171.1814364287059,72.83009763985973,0.02661201414333103,0.0017793860221534863,0.04400949999954076,0.0409299031986987
Dew,29.060599130745956,0.9999999998855222,1.1447777382178333e-10,0.24075975975975977,0.7592402402402403,1171.2147092958514,73.23962088355879,0.02661277018162499,0.0017895689023856496,0.04400949999953505,0.040925845764264265
Dew,29.215578297699167,0.9999999998840889,1.1591102324532183e-10,0.23976076076076078,0.7602392392392392,1171.2483379146956,73.65400833367481,0.026613534303439584,0.0017998726678321855,0.04400949999952923,0.04092178832982983
Bubble,29.32019545749349,0.9570420420420421,0.04295795795795787,0.25382539924929803,0.746174600750702,1154.3352085813008,74.3690486216461,0.02633362649081226,0.0018148126743199548,0.04383502625375375,0.040978911859051025
Dew,29.372263669605566,0.9999999998826278,1.173722564071765e-10,0.23876176176176178,0.7612382382382382,1171.2823280551956,74.07334743530299,0.026614306639881905,0.0018102994915497306,0.0440094999995233,0.040917730895395396
Dew,29.530683721251776,0.9999999998811377,1.1886221981804573e-10,0.23776276276276279,0.7622372372372372,1171.3166856119726,74.49772772912316,0.0266150873248917,0.0018208515986766001,0.04400949999951725,0.04091367346096096
Dew,29.690867560298805,0.9999999998796183,1.2038168498276937e-10,0.2367637637637638,0.7632362362362362,1171.3514166076175,74.92724091342987,0.026615876495316482,0.0018315312679748866,0.04400949999951107,0.04090961602652653
Bubble,29.832283979866677,0.9560430430430431,0.043956956956956894,0.2506735829990235,0.7493264170009767,1154.051745868852,75.75712505231341,0.026329597016805664,0.001849263297193042,0.043830968819319326,0.04096611075735054
Dew,29.85284494450225,0.9999999998780685,1.2193144939990666e-10,0.23576476476476477,0.7642352352352353,1171.3865271960872,75.36198090809872,0.026616674290988723,0.00184234083342081,0.044009499999504785,0.04090555859209209
Dew,30.0166462995411,0.9999999998764877,1.2351233760791617e-10,0.23476576576576577,0.7652342342342342,1171.4220236662104,75.8020439209606,0.026617480854805503,0.0018532826858548878,0.04400949999949836,0.040901501157657665
Dew,30.18230273733499,0.9999999998748748,1.2512520227957593e-10,0.23376676676676678,0.7662332332332332,1171.4579124452964,76.24752851627406,0.026618296332810498,0.0018643592746843888,0.04400949999949181,0.04089744372322322
Bubble,30.342943486393846,0.9550440440440441,0.04495595595595592,0.24764498348562936,0.7523550165143705,1153.7678135380602,77.14601519877678,0.026325556081416544,0.0018837323074360952,0.043826911384884884,0.040953810100426875
Dew,30.349846075005452,0.9999999998732291,1.2677092536785363e-10,0.23276776776776778,0.7672322322322322,1171.4942001028587,76.6985356857744,0.026619120874278607,0.0018755731096498079,0.04400949999948512,0.04089338628878879
Dew,30.519308854362123,0.9999999998715495,1.2845041930533087e-10,0.23176876876876878,0.7682312312312312,1171.5308933544409,77.15516892199498,0.02661995463180287,0.0018869267626479675,0.0440094999994783,0.040889328854354354
Dew,30.690724362110874,0.9999999998698353,1.301646282608003e-10,0.2307697697697698,0.7692302302302302,1171.5679990655808,77.61753429446402,0.026620797761384568,0.0018984228696265323,0.04400949999947134,0.04088527141991992
Bubble,30.852175170411957,0.9540450450450451,0.04595495495495494,0.24473305732104023,0.7552669426789598,1153.483410361152,78.53571562692946,0.02632150365344463,0.0019182196189141945,0.04382285395045045,0.0409419833123094
Dew,30.864126902622708,0.9999999998680855,1.3191453061123956e-10,0.2297707707707708,0.7702292292292292,1171.605524310404,78.08574125518814,0.026621650423764572,0.0019100641503188188,0.044009499999464234,0.040881213985485484
Dew,31.039550845841394,0.9999999998662988,1.337011358695959e-10,0.22877177177177177,0.7712282282282282,1171.6434761651565,78.55989991293072,0.026622512779731947,0.001921853341604573,0.044009499999456976,0.04087715655105105
Dew,31.2170320629215,0.9999999998644745,1.3552549257397407e-10,0.22777277277277277,0.7722272272272273,1171.681862018427,79.0401251925043,0.026623384997172914,0.0019337932992796038,0.044009499999449565,0.040873099116616615
Bubble,31.359980273294706,0.9530460460460461,0.04695395395395385,0.24193172190523302,0.758068278094767,1153.1985351161616,79.92622414114318,0.02631743970181064,0.0019527251746378179,0.043818796516016015,0.040930605688518105
Dew,31.39660701327287,0.9999999998626113,1.373886855433873e-10,0.22677377377377378,0.7732262262262262,1171.7206893730843,79.52653422473954,0.026624267246570413,0.0019458869342515311,0.044009499999442,0.04086904168218219
Dew,31.578313074588486,0.9999999998607082,1.3929183887312117e-10,0.22577477477477478,0.7742252252252252,1171.7599659171797,80.01924732092773,0.02662515970261517,0.001958137236412564,0.04400949999943427,0.040864984247747746
Dew,31.762188444773315,0.9999999998587639,1.4123611702397257e-10,0.2247757757757758,0.7752242242242242,1171.7996995022304,80.51838771276603,0.02662606254371224,0.001970547268314323,0.044009499999426376,0.04086092681331331
Bubble,31.866360080073065,0.9520470470470471,0.047952952952952876,0.23923530509392604,0.760764694906074,1152.913186585937,81.31753585186921,0.026313364195533626,0.0019872488528626087,0.04381473908158159,0.04091965419163898
Dew,31.948272245873554,0.9999999998567772,1.432227269413344e-10,0.2237767767767768,0.7762232232232232,1171.8398981651399,81.02408187727966,0.026626975952479093,0.001983120173156619,0.044009499999418306,0.040856869378878884
Dew,32.136604530903114,0.9999999998547471,1.4525291980064435e-10,0.2227777777777778,0.7772222222222223,1171.8805701291155,81.53645958229714,0.026627900115766472,0.0019958591759406475,0.044009499999410055,0.04085281194444445
Dew,32.327226355172975,0.999999999852672,1.473279931579583e-10,0.2217787787787788,0.7782212212212212,1171.921723818483,82.05565412027948,0.026628835224994988,0.0020087675892338825,0.04400949999940163,0.04084875451001001
Bubble,32.371315915569824,0.9510480480480481,0.0489519519519519,0.23663852619315418,0.7633614738068458,1152.627363557249,82.7096489239908,0.026309277103710747,0.002021790604414103,0.043810681647147146,0.040909107374133495
Dew,32.52017959390702,0.9999999998505507,1.4944929191580316e-10,0.2207797797797798,0.7792202202202202,1171.963367818703,82.58180180614858,0.02662978147524664,0.00202184880091891,0.04400949999939301,0.04084469707557557
Dew,32.71550736606261,0.9999999998483818,1.5161821243584738e-10,0.21978078078078078,0.7802192192192192,1172.0055109672376,83.11504323801805,0.02663073906732948,0.00203510630510036,0.0440094999993842,0.040840639641141145
Bubble,32.874849140925406,0.9500490490490491,0.04995095095095092,0.23413645332506164,0.7658635466749384,1152.3410648199965,84.10256076868554,0.02630517839549906,0.0020563503617700677,0.04380662421271271,0.04089894520517974
Dew,32.91325369104113,0.9999999998461638,1.5383620289564012e-10,0.2187817817817818,0.7812182182182182,1172.048162278774,83.65552233022983,0.02663170820607854,0.0020485436784788234,0.0440094999993752,0.04083658220670671
Dew,33.11346369468332,0.9999999998438952,1.5610476651763562e-10,0.2177827827827828,0.7822172172172173,1172.0913309890097,84.20338694404016,0.02663268910135074,0.0020621645958375633,0.04400949999936598,0.040832524772272276
Dew,33.316183313612896,0.9999999998415745,1.5842546229546345e-10,0.2167837837837838,0.7832162162162162,1172.1350264902026,84.75878805760426,0.026633681966560397,0.002075972809761927,0.044009499999356556,0.040828467337837834
Bubble,33.37696115048082,0.94905005005005,0.050949949949949946,0.23172447738706745,0.7682755226129325,1152.0542891664836,85.49626895822048,0.026301068040099147,0.002090928060928737,0.04380256677827828,0.04088914896490758
Dew,33.5214604504796,0.9999999998392001,1.6079991356869683e-10,0.2157847847847848,0.7842152152152152,1172.1792585794374,85.32188317439339,0.02663468702432048,0.002089972234167685,0.04400949999934691,0.04082440990340341
Dew,33.72934339076116,0.9999999998367702,1.6322980216236342e-10,0.2147857857857858,0.7852142142142142,1172.2240371165742,85.89283173770566,0.02663570449867034,0.0021041668320478154,0.04400949999933705,0.04082035246896897
Bubble,33.877653368986245,0.9480510510510511,0.05194894894894886,0.22939828610281401,0.7706017138971859,1151.7670353907758,86.8907712097462,0.02629694600674038,0.0021255236410433736,0.04379850934384385,0.040879701139006575
Dew,33.9398818739405,0.9999999998342831,1.6571687674540032e-10,0.2137867867867868,0.7862132132132131,1172.2693722543552,86.471798295538,0.026636734620304327,0.0021185606930363104,0.04400949999932694,0.04081629503453453
Dew,34.153126878829994,0.999999999831737,1.6826295452577327e-10,0.21278778778778779,0.7872122122122123,1172.3152743912738,87.05895191445363,0.02663777762550081,0.002133158019109447,0.0440094999993166,0.0408122376001001
Dew,34.36913065998418,0.9999999998291301,1.7086992442478512e-10,0.2117887887887888,0.7882112112112112,1172.361754178539,87.6544663281498,0.026638833756280483,0.002147963128282272,0.044009499999306013,0.04080818016566567
Bubble,34.37692724908093,0.9470520520520521,0.05294794794794788,0.2271538405346763,0.7728461594653236,1151.4793022881165,88.28606537064707,0.026292812264667634,0.002160137044091895,0.04379445190940941,0.040870585323331585
Dew,34.58794678526259,0.9999999998264603,1.7353975041903036e-10,0.2107897897897898,0.7892102102102102,1172.4088225272394,88.2585200914835,0.026639903260569104,0.0021629804584410526,0.044009499999295175,0.040804122731231234
Dew,34.80963017448129,0.9999999998237256,1.7627447505961623e-10,0.2097907907907908,0.7902092092092092,1172.4564906157184,88.8712967398829,0.02664098639236509,0.0021782145713100157,0.044009499999284066,0.0408000652967968
Bubble,34.87478426902837,0.9460530530530531,0.053946946946946905,0.22498735378991463,0.7750126462100853,1151.1910886543917,89.68214940524068,0.026288666783129033,0.002194768214576832,0.04379039447497497,0.04086178613741774
Dew,35.03423713936395,0.9999999998209238,1.7907622317936914e-10,0.2087917917917918,0.7912082082082081,1172.5047698971607,89.49298495487793,0.026642083411911925,0.0021936701565704545,0.044009499999272686,0.04079600786236236
Dew,35.26182542459101,0.9999999998180528,1.819472057985327e-10,0.2077927927927928,0.7922072072072072,1172.5536721073872,90.12377873527737,0.02664319458587523,0.002209352036120703,0.04400949999926102,0.04079195042792793
Bubble,35.371225887074836,0.9450540540540541,0.05494594594594593,0.22289527159887368,0.7771047284011263,1150.902393274789,91.07902124190133,0.026284509531116995,0.002229417095825524,0.04378633704054054,0.04085328914559882
Dew,35.49245425012707,0.9999999998151102,1.8488972424132316e-10,0.2067937937937938,0.7932062062062062,1172.603209272877,90.76387757464651,0.026644320187525078,0.002225265168493141,0.04400949999924907,0.040787892993493495
Dew,35.72618435478405,0.9999999998120939,1.8790617447517057e-10,0.20579479479479482,0.7942052052052052,1172.6533937189886,91.41348664509273,0.02664546049692279,0.0022414146534284864,0.04400949999923683,0.04078383555905905
Bubble,35.86625366570073,0.9440550550550552,0.05594494494494484,0.22087425498218827,0.7791257450178117,1150.6132149547423,92.4766791681102,0.026280340478074867,0.002264083639624626,0.04378227960610611,0.04084508078661015
Dew,35.9630780410668,0.9999999998090009,1.9099905168648972e-10,0.20479579579579582,0.7952042042042042,1172.7042380784253,92.07281698763283,0.026646615801113313,0.0022578057366142265,0.04400949999922425,0.040779778124624626
Dew,36.203199221249776,0.9999999998058291,1.9417095510631843e-10,0.2037967967967968,0.7962032032032031,1172.7557552998967,92.74208570913535,0.026647786394321946,0.0022744438145871253,0.04400949999921138,0.04077572069019019
Bubble,36.35986915739022,0.9430560560560561,0.056943943943943864,0.2189211640116585,0.7810788359883415,1150.32355249157,93.87512145958556,0.026276159593249297,0.0022987677972126732,0.04377822217167168,0.04083714830763335
Dew,36.44661346481345,0.9999999998025754,1.9742459310173477e-10,0.2027977977977978,0.7972022022022022,1172.8079586570182,93.42151618636754,0.02664897257815668,0.0022913344398129056,0.04400949999919816,0.040771663255755757
Dew,36.69338804704159,0.9999999997992373,2.0076278854755616e-10,0.2017987987987988,0.7982012012012012,1172.8608617574048,94.11133827671513,0.026650174661814727,0.0023084833259326507,0.044009499999184604,0.04076760582132132
Bubble,36.8520739243137,0.9420570570570571,0.05794294294294289,0.21703304324745012,0.7829669567525498,1150.0334046793578,95.27434643829886,0.02627196684580168,0.002333469520707182,0.04377416473723724,0.04082947970514952
Dew,36.943591999088426,0.9999999997958116,2.0418848449697877e-10,0.2007997997997998,0.7992002002002002,1172.9144785520107,94.81178853665541,0.0266513929622948,0.002325896353202538,0.04400949999917069,0.04076354838688689
Dew,37.19729615903391,0.9999999997922953,2.0770475016631467e-10,0.19980080080080082,0.8001991991991992,1172.9688233446207,95.52311044672226,0.026652627804612746,0.002343579574096097,0.04400949999915641,0.04075949095245246
Bubble,37.34286954572033,0.9410580580580581,0.05894194194194191,0.21520710841618504,0.784792891583815,1149.7427703108062,96.67435249238737,0.026267762204850314,0.0023681887636038818,0.043770107302802806,0.04082206367083233
Dew,37.45457631561661,0.9999999997886851,2.1131480808480375e-10,0.19880180180180182,0.8011981981981982,1173.0239114633298,96.24556387835474,0.026653879537059173,0.0023615394456742676,0.04400949999914174,0.040755433518018025
Bubble,37.83225761668946,0.9400590590590591,0.059940940940940934,0.21344073421152593,0.786559265788474,1149.451648176928,98.07513806841666,0.026263545639463492,0.002402925480601718,0.04376604986836838,0.04081488954200012
Dew,37.98015085382703,0.9999999997811703,2.1882971560608633e-10,0.1968038038038038,0.8031961961961962,1173.13637518157,97.72486278664309,0.026656434978930953,0.0023983139511115706,0.04400949999911122,0.04074731864914915
Dew,38.248603343190055,0.9999999997772583,2.2274171264810741e-10,0.1958048048048048,0.8041951951951952,1173.1937826432966,98.48225626389791,0.02665773941234081,0.002417142205306097,0.044009499999095335,0.04074326121471472
Bubble,38.32023974694154,0.9390600600600602,0.06093993993993985,0.21173144312281245,0.7882685568771877,1149.1600370667559,99.47670166423809,0.026259317118652797,0.00243767962744117,0.043761992433933944,0.04080794725624331
Dew,38.52093951674431,0.9999999997732383,2.2676175441466416e-10,0.1948058058058058,0.8051941941941942,1173.2519953258902,99.25185199480516,0.0266590621422748,0.002436273731074926,0.044009499999079014,0.040739203780280286
Dew,38.7972422820097,0.9999999997691061,2.3089381373358157e-10,0.19380680680680681,0.8061931931931932,1173.311029878602,100.0339404211657,0.02666040354704333,0.0024557157490454704,0.04400949999906223,0.040735146345845845
Bubble,38.806817559800706,0.9380610610610611,0.06193893893893887,0.21007689519216596,0.789923104807834,1148.8679357670867,100.87904182243044,0.026255076611367226,0.002472451160755735,0.0437579349994995,0.04080122730982298
Dew,39.07759409412036,0.999999999764858,2.35142022746101e-10,0.19280780780780782,0.8071921921921922,1173.370902809148,100.8288127123982,0.02666176400174077,0.0024754755005862252,0.04400949999904498,0.04073108891141141
Bubble,39.29199269119222,0.9370620620620621,0.0629379379379379,0.20847487861126854,0.7915251213887315,1148.5753430622296,102.28215712418942,0.026250824086487372,0.0025072400379333695,0.04375387756506507,0.04079472071947967
Dew,39.362086922182435,0.9999999997604893,2.3951075429815275e-10,0.19180880880880882,0.8081911911911912,1173.4316326099624,101.63679089439326,0.026663143926559024,0.002495560987592445,0.044009499999027236,0.04072703147697698
Dew,39.65080840458135,0.9999999997559955,2.4400453097052026e-10,0.19080980980980983,0.8091901901901901,1173.4932367991935,102.4581862730161,0.026664543719551882,0.0025159799519057697,0.04400949999900898,0.04072297404254254
Bubble,39.77576678877414,0.9360630630630631,0.06393693693693692,0.20692330107871396,0.7930766989212862,1148.2822577337884,103.68604618370875,0.02624655951282048,0.002542046216989029,0.04374982013063063,0.0407884189873312
Dew,39.94385065206613,0.9999999997513719,2.48628098695832e-10,0.18981081081081083,0.8101891891891891,1173.5557337987327,103.29332605071802,0.026665963799308332,0.0025367405288516413,0.044009499998990204,0.040718916608108106
Dew,40.24131124250218,0.9999999997466136,2.533864460603061e-10,0.18881181181181184,0.8111881881881882,1173.6191431428792,104.14255651675357,0.02666740460969389,0.0025578513257904726,0.04400949999897088,0.04071485917367367
Bubble,40.25814151110245,0.9350640640640641,0.06493593593593594,0.20542018184708105,0.7945798181529189,1147.9886785604485,105.09070764293568,0.026242282859095488,0.0025768696564455558,0.043745762696196205,0.04078231406857192
Dew,40.54328232665894,0.9999999997417153,2.5828473174158767e-10,0.1878128128128128,0.8121871871871872,1173.6834831537296,105.00621014739923,0.026668866567029974,0.0025793206142189196,0.044009499998950985,0.040710801739239244
Bubble,40.73911852686721,0.9340650650650651,0.06593493493493485,0.20396364439645043,0.7960363556035495,1147.6946043177775,106.49614016670577,0.026237994093958474,0.002611710315223088,0.043741705261761764,0.04077639834171618
Dew,40.84986595999811,0.9999999997366716,2.6332841385492114e-10,0.18681381381381382,0.8131861861861862,1173.7487742070746,105.88465220453094,0.02667035013430279,0.0026011574743409994,0.044009499998930494,0.04070674430480481
Dew,41.161161614148526,0.9999999997314768,2.6852316588637573e-10,0.18581481481481482,0.8141851851851851,1173.8150360683264,106.77824298449374,0.02667185576062929,0.0026233708679861936,0.0440094999989094,0.04070268687037036
Bubble,41.218699514199706,0.9330660660660661,0.06693393393393388,0.20255190967753997,0.79744809032246,1147.4000337780449,107.90234243819454,0.02623369318596845,0.0026465681525355425,0.04373764782732733,0.04077066458115533
Dew,41.477279488714515,0.999999999726125,2.738749958645643e-10,0.18481581581581583,0.8151841841841841,1173.8822907239603,107.68737848900086,0.02667338394559425,0.0026459706378690836,0.04400949999888766,0.04069862943593593
Bubble,41.69688616002933,0.9320670670670671,0.0679329329329329,0.2011832898734864,0.7988167101265136,1147.1049657100518,109.30931315468926,0.02622938010359348,0.002681443127794318,0.043733590392892895,0.040765105931821165
Dew,41.798325403545235,0.9999999997206098,2.7939013985464256e-10,0.18381681681681683,0.8161831831831832,1173.9505591625777,108.61244456348088,0.02667493516610838,0.002668966381056261,0.04400949999886526,0.0406945720015015
Dew,42.124413955770024,0.9999999997149248,2.850751834267491e-10,0.18281781781781783,0.8171821821821822,1174.019864171403,109.55385719915658,0.02667650993995137,0.0026923684392977463,0.04400949999884217,0.04069051456706707
Bubble,42.17368015947264,0.9310680680680681,0.06893193193193192,0.19985618263444038,0.8001438173655595,1146.809398878967,110.71705102361415,0.02622505481520683,0.0027163352005176323,0.04372953295845847,0.04075971588576977
Dew,42.4556532724365,0.9999999997090631,2.9093695107822035e-10,0.18181881881881884,0.8181811811811812,1174.0902270918355,110.51201603454864,0.026678108752050338,0.002716186756548835,0.04400949999881836,0.04068645713263263
Bubble,42.64908321529841,0.9300690690690692,0.06993093093093083,0.1985690657436995,0.8014309342563005,1146.5133320461782,112.12555475881503,0.026220717289083595,0.0027512443302456957,0.043725475524024025,0.040754488260518036
Dew,42.79215943758139,0.9999999997030173,2.969826422427836e-10,0.18081981981981982,0.8191801801801801,1174.1616708836707,111.48734865961507,0.0266797321241062,0.002740431967796452,0.044009499998793805,0.040682399698198195
Dew,42.93846531466692,0.9294595962048156,0.07054040379518439,0.19780280280280282,0.8021971971971972,1146.3325090107478,112.9853331836868,0.026218066122599287,0.0027725525869837357,0.043723000149985855,0.04075137608358358
Bubble,43.12309703739469,0.9290700700700701,0.07092992992992986,0.1973204921781873,0.8026795078218126,1146.2167639691463,113.53482307705747,0.026216367493397234,0.0027861704764606554,0.04372141808958959,0.04074941717898171
Dew,43.134058132400014,0.9999999996967801,3.0321986654488266e-10,0.17982082082082082,0.8201791791791792,1174.2342204669,112.48031599861987,0.026681380622360147,0.0027651155317314205,0.04400949999876848,0.04067834226376377
Dew,43.48147414897065,0.9999999996903435,3.0965657363654914e-10,0.17882182182182182,0.8211781781781782,1174.307900491039,113.4913803022236,0.02668305480690754,0.0027902489442269795,0.04400949999874233,0.04067428482932933
Bubble,43.595723342304595,0.9280710710710711,0.07192892892892888,0.1961090855296909,0.8038909144703091,1145.9196934012743,114.94485469476322,0.0262120053962166,0.002821113598511923,0.043717360655155156,0.04074449705087884
Dew,43.83452525185872,0.999999999683699,3.1630101563726574e-10,0.17782282282282283,0.8221771771771772,1174.382734032999,114.52098622731584,0.026684755202110447,0.002815843273148038,0.04400949999871535,0.04067022739489489
Bubble,44.066963852783815,0.9270720720720721,0.0729279279279279,0.19493353575648378,0.8050664642435162,1145.6221190917765,116.3556483248925,0.02620763096550287,0.002856073655544706,0.043713303220720715,0.040739722555474964
Dew,44.19334839173732,0.999999999676838,3.231620018329928e-10,0.17682382382382383,0.8231761761761762,1174.458748150971,115.56964204136777,0.026686482422795022,0.0028419111549903924,0.044009499998687474,0.040666169960460456
Bubble,44.53682029736224,0.9260730730730731,0.07392692692692693,0.19379259523788936,0.8062074047621107,1145.3240397855577,117.76720267402955,0.0262032441691067,0.00289105060643315,0.04370924578628629,0.04073508862555869
Bubble,45.00529440998859,0.9250740740740742,0.07492592592592584,0.19268507510686442,0.8073149248931356,1145.0254542230991,119.17951643962795,0.026198844974765625,0.0029260444097170594,0.04370518835185186,0.04073059043254654
Dew,45.305797385275646,0.9999999996548615,3.4513842425247784e-10,0.17382682682682685,0.8261731731731732,1174.6941384472896,118.8349934675286,0.026691831047494414,0.0029230826072674703,0.044009499998598225,0.040653997657157166
Bubble,45.47238792965567,0.9240750750750751,0.07592492492492486,0.19160984183804328,0.8083901581619567,1144.726361140346,120.59258830738274,0.02619443335010139,0.002961055023541441,0.043701130917417425,0.040726223372625214
Bubble,45.938102600073265,0.9230760760760761,0.07692392392392389,0.19056581407070217,0.809434185929298,1144.426759268609,122.00641694876072,0.02619000926261766,0.0029960824055996287,0.04369707348298299,0.040721983053848165
Bubble,46.40244015182887,0.9220770770770771,0.07792292292292291,0.1895519596150923,0.8104480403849078,1144.1266473298954,123.42100095553344,0.026185572679593087,0.0030311265115389556,0.043693016048548555,0.0407178652839767
Bubble,46.865402313195986,0.9210780780780782,0.07892192192192182,0.18856729271183004,0.8114327072881699,1143.8260240396712,124.83633887604945,0.026181123568144463,0.003066187295848397,0.04368895861411412,0.040713866059349096
Bubble,47.32699087714148,0.9200790790790792,0.07992092092092085,0.18761087158092296,0.812389128419077,1143.5248881243374,126.25242945772709,0.02617666189562666,0.0031012647177790357,0.043684901179679686,0.04070998155492592
Bubble,47.7872076033056,0.9190800800800801,0.08091991991991987,0.1866817958298395,0.8133182041701605,1143.2232382956906,127.66927129256797,0.026172187629048094,0.0031363587326966617,0.04368084374524525,0.040706208113762896
Bubble,48.2460542546266,0.9180810810810811,0.08191891891891889,0.18577920427190106,0.8142207957280988,1142.921073260423,129.08686294762953,0.02616770073528805,0.003171469295267679,0.04367678631081081,0.04070254223815032
Bubble,48.703532597137674,0.9170820820820821,0.08291791791791792,0.18490227282026295,0.815097727179737,1142.6183917200403,130.50520296319334,0.026163201181094727,0.0032065963594166257,0.04367272887637638,0.0406989805810595
Bubble,49.15964439974186,0.9160830830830832,0.08391691691691683,0.18405021251611473,0.8159497874838852,1142.315192370786,131.92428985096922,0.026158688933083492,0.0032417398782844417,0.04366867144194195,0.040695519938134195
Bubble,49.61439143400192,0.9150840840840841,0.08491591591591585,0.18322226768127042,0.8167777323187295,1142.011473903558,133.34412209239932,0.026154163957734865,0.003276899804189024,0.04366461400750751,0.040692157240187474
Bubble,50.06777547396537,0.9140850850850851,0.08591491491491487,0.18241771418609157,0.8175822858139083,1141.7072350038395,134.7646981370282,0.026149626221392896,0.0033120760885872844,0.04366055657307307,0.04068888954616681
Bubble,50.51979829595069,0.9130860860860861,0.0869139139139139,0.18163585782440497,0.8183641421755949,1141.402474351618,136.18601640093604,0.026145075690263208,0.0033472686820386287,0.043656499138638644,0.04068571403655382
Bubble,50.97046167840445,0.9120870870870871,0.08791291291291292,0.18087603278780712,0.8191239672121929,1141.0971906213224,137.60807526523226,0.02614051233041157,0.0033824775341698117,0.04365244170420421,0.04068262800716768
Bubble,51.41976740172346,0.9110880880880882,0.08891191191191183,0.1801376002323327,0.8198623997676672,1140.7913824817472,139.03087307461635,0.02613593610776201,0.0034177025936413343,0.043648384269769774,0.040679628863343614
Bubble,51.86771724809921,0.9100890890890891,0.08991091091091086,0.1794199469310198,0.8205800530689802,1140.4850485959876,140.45440813597904,0.026131346988095317,0.003452943808114734,0.04364432683533533,0.04067671411446034
Bubble,52.314313001378466,0.9090900900900901,0.09090990990990988,0.17872248400644727,0.8212775159935528,1140.1781876213722,141.8786787170694,0.0261267449370474,0.0034882011242214146,0.043640269400900905,0.04067388136879219
Bubble,52.7595564469145,0.9080910910910911,0.0919089089089089,0.17804464573773682,0.8219553542622632,1139.8707982093972,143.30368304520218,0.02612212992010774,0.0035234744875323742,0.04363621196646647,0.04067112832866382
Bubble,53.20344937145169,0.9070920920920922,0.09290790790790782,0.17738588843698597,0.822614111563014,1139.5628790056685,144.72941930602124,0.026117501902617975,0.003558763842529233,0.04363215453203204,0.040668452785886815
Bubble,53.64599356298083,0.9060930930930932,0.09390690690690684,0.17674568939046523,0.8232543106095348,1139.2544286498294,146.15588564230003,0.0261128608497702,0.003594069132576107,0.0436280970975976,0.04066585261745938
Bubble,54.08719081063271,0.9050940940940941,0.09490590590590586,0.1761235458602367,0.8238764541397632,1138.945445775507,147.58308015278197,0.026108206726605628,0.0036293902998924036,0.04362403966316316,0.04066332578151135
Dew,54.303179526391,0.9046041034176329,0.0953958965823671,0.17582482482482484,0.8241751751751751,1138.7938026468805,148.28365131956883,0.026105921523084052,0.0036467276810731118,0.04362204956603071,0.04066211252602603
Bubble,54.52704290455986,0.9040950950950951,0.09590490490490489,0.17551897414226214,0.8244810258577379,1138.6359290102514,149.01100089107885,0.026103539498013136,0.003664727285526959,0.04361998222872873,0.04066087031347879
Bubble,54.9655516358338,0.9030960960960961,0.09690390390390391,0.1749315086772424,0.8250684913227576,1138.3258769754736,150.43964586457892,0.02609885912872782,0.0037000800293323873,0.0436159247942943,0.040658484322492625
Dew,55.04571012176694,0.9029133546219734,0.09708664537802662,0.17482582582582584,0.8251741741741742,1138.2692203063943,150.70138036127483,0.02609800424342757,0.0037065565488015946,0.04361518258979715,0.040658055091591594
Bubble,55.40271879634345,0.9020970970970972,0.09790290290290282,0.1743607012108481,0.8256392987891518,1138.0152882863886,151.8690130334269,0.026094165583329547,0.003735448469941125,0.04361186735985986,0.040656165987967854
Bubble,55.83854617868711,0.9010980980980982,0.09890190190190185,0.173806120000105,0.8261938799998949,1137.7041615519563,153.29910030951302,0.026089458826241595,0.00377083254474165,0.04360780992542543,0.04065391355638042
Bubble,56.273035576100014,0.9000990990990991,0.09990090090090087,0.17326734906304322,0.8267326509369567,1137.392495374831,154.72990555551095,0.026084738821729354,0.0038062321898558746,0.043603752490991,0.04065172533821955
Dew,56.636092036961045,0.8992622387352065,0.1007377612647934,0.17282782782782785,0.8271721721721721,1137.1311566333404,155.92944681218296,0.02608077832392958,0.00383590839144754,0.04360035358262304,0.04064994022272272
Bubble,56.7061887823393,0.8991001001001001,0.10089989989989989,0.17274398746887268,0.8272560125311273,1137.0802883512958,156.16142658394637,0.02608000553389881,0.003841647340117236,0.043599695056556566,0.04064959970510483
Bubble,57.138007591630576,0.8981011011011012,0.1018988988988988,0.17223564866614902,0.8277643513338511,1136.7675390712152,157.59366115628973,0.02607525892669534,0.003877077929049345,0.043595637622122124,0.04064753508705757
Dew,57.49197148332656,0.8972802131242785,0.10271978687572145,0.17182882882882883,0.8281711711711712,1136.5103327530373,158.77154349611973,0.026071352951587395,0.003906214666885478,0.04359230358560426,0.04064588278828829
Bubble,57.568493798569165,0.8971021021021022,0.10289789789789783,0.17174195984658477,0.8282580401534153,1136.454246117978,159.02660698209817,0.026070498963902348,0.003912523888845809,0.04359158018768769,0.04064552996991691
Bubble,57.9976491980441,0.8961031031031031,0.10389689689689685,0.17126256134232196,0.8287374386576781,1136.1404080684406,160.46026171817388,0.026065725609139882,0.003947985150350433,0.043587522753253255,0.04064358289289184
Dew,58.39506469466887,0.8951753632039089,0.1048246367960911,0.17082982982982983,0.8291701701701701,1135.8485547984583,161.7925248623661,0.02606128273333874,0.003980936472554969,0.04358375473765268,0.040641825353853855
Bubble,58.42547558517911,0.8951041041041041,0.10489589589589587,0.17079710605461895,0.8292028939453812,1135.8260234928773,161.89462296775346,0.026060938825863418,0.003983461643038144,0.04358346531881883,0.040641692446240836
Bubble,58.85197475524707,0.8941051051051051,0.1058948948948949,0.17034525891207952,0.8296547410879204,1135.5110909549242,163.3296882797338,0.026056138577362515,0.0040189532949967905,0.043579407884384386,0.04063985726907141
Bubble,59.27714850362172,0.8931061061061062,0.10689389389389381,0.16990669635662836,0.8300933036433716,1135.1956090115298,164.76545514792133,0.026051324826759568,0.004054460032909485,0.04357535044994995,0.04063807604725245
Dew,59.35190132392392,0.892930308167962,0.10706969183203795,0.16983083083083084,0.8301691691691692,1135.1401415108903,165.01845301934847,0.02605047876650345,0.004060716458309506,0.043574636446624175,0.040637767919419414
Bubble,59.700998625702994,0.8921071071071072,0.10789289289289283,0.1694811058556188,0.8305188941443812,1134.879576212901,166.20192101030975,0.02604649753700851,0.004089981782037636,0.043571293015515516,0.040636347511432594
Bubble,60.123526916863305,0.8911081081081081,0.10889189189189186,0.16906818543852067,0.8309318145614794,1134.5629911024491,167.6390832483827,0.026041656670893504,0.0041255184662045506,0.04356723558108109,0.04063467043515855
Dew,60.37069031694972,0.8905224784666037,0.10947752153339632,0.16883183183183184,0.8311681681681682,1134.3772804720072,168.48221086527113,0.026038815627619647,0.004146365391059447,0.04356485704629212,0.040633710484984986
Bubble,60.544735172389224,0.8901091091091091,0.10989089089089088,0.16866764325674707,0.8313323567432528,1134.245852216743,169.07693918644128,0.02603680219102778,0.004161070007779648,0.04356317814664665,0.04063304363308728
Bubble,60.964625187433825,0.8891101101101102,0.11088988988988979,0.16827919716531603,0.831720802834684,1133.9281580854572,170.51548609098907,0.02603193405985235,0.0041966363276640575,0.04355912071221222,0.040631465959286926
Bubble,61.38319875696034,0.8881111111111112,0.11188888888888882,0.1679025743250492,0.8320974256749509,1133.6099072313177,171.95472117007557,0.02602705223963471,0.004232217345275175,0.04355506327777778,0.04062993630562119
Dew,61.46200212765568,0.8879229337865496,0.11207706621345033,0.16783283283283285,0.8321671671671671,1133.5500716921924,172.22629271780735,0.02602613514242032,0.004238930923272396,0.04355429899557407,0.040629653050550545
Bubble,61.80045767568945,0.8871121121121122,0.11288788788788784,0.16753751082418597,0.8324624891758141,1133.2910981700531,173.39464157273576,0.026022156692467616,0.004267812978533575,0.04355100584334334,0.04062845360021243
Bubble,62.21640373807192,0.8861131131131131,0.11388688688688686,0.16718375131827698,0.832816248681723,1132.971729410351,174.83524438841746,0.026017247380267994,0.0043034231438495996,0.04354694840890891,0.04062701680597918
Bubble,62.63103873822344,0.8851141141141141,0.11488588588588589,0.1668410486873681,0.8331589513126318,1132.6517994537958,176.27652664643418,0.026012324264775486,0.004339047756110568,0.043542890974474474,0.04062562491924375
Dew,62.63985666482206,0.8850931710397448,0.11490682896025513,0.16683383383383385,0.8331661661661661,1132.645321239398,176.3072607698595,0.026012226301442804,0.004339807407030819,0.04354280591417792,0.04062559561611612
Bubble,63.04436446989865,0.8841151151151152,0.1158848848848848,0.1665091637094931,0.8334908362905068,1132.3313067948316,177.71848531545658,0.02600738730755142,0.004374686728668919,0.043538833540040046,0.0406242769684061
Bubble,63.45638272644897,0.8831161161161162,0.11688388388388382,0.1661878647495865,0.8338121352504134,1132.010249920704,179.16111730302737,0.026002436469977488,0.004410339973330911,0.04353477610560561,0.04062297201268044
Bubble,63.86709530078087,0.8821171171171172,0.11788288288288284,0.16587692746296845,0.8341230725370316,1131.6886273114176,180.6044194550761,0.025997471713254623,0.004446007400345326,0.04353071867117118,0.04062170914089085
Dew,63.923793581701304,0.881979439105928,0.11802056089407202,0.16583483483483485,0.8341651651651651,1131.6445003845424,180.80412863386883,0.0259967919620044,0.004450942448934704,0.04353015949192873,0.040621538181681675
Bubble,64.27650398533441,0.8811181181181181,0.11888188188188187,0.1655761345126204,0.8344238654873796,1131.3664374396812,182.04838855548658,0.02599249299840167,0.004481688918393449,0.04352666123673674,0.04062048747032301
Bubble,64.68461057203491,0.8801191191191192,0.11988088088088078,0.16528527529950326,0.8347147247004966,1131.0436787708645,183.49302132568616,0.02598750028625432,0.004517384434579564,0.04352260380230231,0.040619306145628926
Bubble,65.09141685227138,0.8791201201201202,0.1208798798798798,0.16500414570521416,0.8349958542947858,1130.7203497629455,184.93831442423016,0.025982493537463795,0.004553093854421343,0.04351854636786787,0.04061816433778173
Dew,65.34133892131503,0.8785054746905917,0.12149452530940824,0.16483583583583583,0.8351641641641642,1130.5214851337569,185.82890728290351,0.02597941415895068,0.004575096826887709,0.043516049985455836,0.04061748074724725
Bubble,65.49692461687738,0.8781211211211212,0.12187887887887883,0.1647325478463495,0.8352674521536504,1130.3964488664678,186.38426444644801,0.025977472712495807,0.004588817081841737,0.04351448893343343,0.04061706124307794
Bubble,65.90113565608502,0.8771221221221221,0.12287787787787785,0.16447028983993936,0.8355297101600607,1130.0719745244828,187.83086792407593,0.025972437771629112,0.004624554019160513,0.043510431498999004,0.04061599608218492
Bubble,66.3040517595111,0.8761231231231231,0.12387687687687687,0.1642171855793755,0.8357828144206245,1129.7469251725136,189.27812132494907,0.02596738867495462,0.004660304567087288,0.04350637406456457,0.04061496809923064
Bubble,66.70567471613646,0.8751241241241242,0.12487587587587579,0.16397305452030986,0.8360269454796903,1129.4212992384973,190.72602105267768,0.02596232538237398,0.004696068624714112,0.043502316630130135,0.040613976560934247
Dew,66.93587202530583,0.8745511288444886,0.12544887115551148,0.16383683683683684,0.8361631631631632,1129.234821334896,191.55836005116467,0.025959427500008642,0.004716626780651889,0.0434999894098019,0.04061342331281281
Bubble,67.10600631429135,0.8741251251251252,0.1258748748748748,0.16373772147598897,0.836262278524011,1129.0950951427442,192.17456344639072,0.02595724785359852,0.004731846089509744,0.04349825919569569,0.04061302075577473
Bubble,67.50504834160998,0.8731261261261262,0.12687387387387383,0.163511016421542,0.836488983578458,1128.7683112978868,193.62374478045547,0.02595215604814802,0.004767636857313313,0.043494201761261266,0.040612099993196094
Bubble,67.90280258504175,0.8721271271271271,0.12787287287287286,0.16329277430679218,0.8367072256932078,1128.440946108833,195.07356126425378,0.025947049925349543,0.004803440822329383,0.04349014432682683,0.040611213602847036
Bubble,68.29927083081645,0.8711281281281281,0.12887187187187188,0.16308283487714087,0.8369171651228592,1128.1129979727168,196.52400904196676,0.025941929444336202,0.0048392578771231974,0.043486086892392396,0.04061036093385351
Bubble,68.69445486444563,0.8701291291291292,0.1298708708708708,0.16288104250212526,0.8371189574978747,1127.784465278858,197.97508419238554,0.02593679456404614,0.00487508791261659,0.043482029457957955,0.040609541354122376
Dew,68.78108554478499,0.869911566238487,0.13008843376151294,0.16283783783783784,0.8371621621621621,1127.7138130347325,198.29394861971707,0.02593569676246214,0.0048829609704714606,0.043481145826277615,0.04060936587837837
Bubble,69.08835647069381,0.8691301301301302,0.13086986986986981,0.16268724601127263,0.8373127539887274,1127.4553464087073,199.42678272874724,0.025931645243221176,0.004910930818084486,0.04347797202352353,0.040608754249674785
Bubble,69.48097743357907,0.8681311311311312,0.13186886886886884,0.1625012985368954,0.8374987014631045,1127.1256397358025,200.8791005985786,0.025926481440405737,0.00494678648115161,0.04347391458908909,0.0406079990240076
Bubble,69.87231953635879,0.8671321321321321,0.13286786786786786,0.16232305736347652,0.8376769426365235,1126.7953436257242,202.3320336835867,0.02592130311394569,0.004982654787790334,0.04346985715465466,0.040607275097481764
Bubble,70.2623845615153,0.8661331331331332,0.13386686686686677,0.1621523837833348,0.8378476162166653,1126.4644564360442,203.78557779954997,0.025916110221987122,0.0050185356223185346,0.04346579972022022,0.040606581906736015
Bubble,70.65117429075816,0.8651341341341342,0.1348658658658658,0.16198914295826347,0.8380108570417366,1126.1329765162807,205.2397286962382,0.02591090272247516,0.005054428867398164,0.04346174228578579,0.04060591890412499
Dew,71.02434066575775,0.8641763907962471,0.135823609203753,0.16183883883883884,0.8381611611611611,1125.8167559548963,206.6405596219033,0.02590594549638303,0.005089003569746867,0.04345785241121896,0.04060530844394394
Bubble,71.0386905050185,0.8641351351351352,0.13586486486486482,0.16183320378685992,0.8381667962131402,1125.8009022078543,206.69448205736094,0.025905680573152904,0.005090334404034518,0.04345768485135136,0.04060528555718033
Bubble,71.42493498443696,0.8631361361361362,0.13686386386386384,0.1616844387772626,0.8383155612227374,1125.4682318440368,208.14983350052879,0.02590044373156017,0.005126252111575804,0.04345362741691692,0.040604681348093856
Bubble,71.80990950836443,0.8621371371371371,0.13786286286286287,0.1615427239250587,0.8384572760749412,1125.1349637499093,209.60577857724238,0.025895192155032346,0.0051621818677134185,0.043449569982482485,0.04060410577322162
Bubble,72.19361585536772,0.8611381381381382,0.13886186186186178,0.16140793859611244,0.8385920614038876,1124.8010962423123,211.0623127729117,0.02588992580069925,0.005198123548482928,0.04344551254804805,0.04060355834260811
Bubble,72.57605580321953,0.8601391391391392,0.1398608608608608,0.1612799654140669,0.8387200345859332,1124.466627629803,212.51943150685224,0.025884644625483993,0.0052340770282645254,0.04344145511361362,0.04060303857952923
Bubble,72.95723112890157,0.8591401401401402,0.14085985985985983,0.1611586901523428,0.8388413098476571,1124.131556212603,213.9771301323885,0.025879348586101695,0.0052700421797860775,0.04343739767917919,0.04060254602005374
Bubble,73.33714360861072,0.8581411411411412,0.14185885885885885,0.16104400163037955,0.8389559983696205,1123.7958802825588,215.43540393688153,0.025874037639058475,0.005306018874124337,0.043433340244744746,0.040602080212621794
Bubble,73.71579501776,0.8571421421421422,0.14285785785785776,0.16093579161397015,0.8390642083860299,1123.4595981230907,216.89424814185807,0.025868711740650165,0.005342006980708648,0.04342928281031031,0.040601640717640136
Dew,74.07042505718367,0.8562081747129318,0.14379182528706821,0.16083983983983985,0.8391601601601602,1123.1469268374974,218.26551553477674,0.025863771248823893,0.005375832273829573,0.043425489501596574,0.04060125100950951
Bubble,74.09318713098567,0.8561431431431432,0.14385685685685679,0.16083395471945647,0.8391660452805435,1123.1227080091514,218.35365790309885,0.025863370846961282,0.005378006367323618,0.04342522537587588,0.040601227107093074
Bubble,74.46932172214731,0.8551441441441442,0.1448558558558558,0.16073838832167325,0.8392616116783267,1122.785208207174,219.81362831080568,0.025858014913863716,0.005414016900113767,0.04342116794144145,0.040600838964168474
Bubble,74.84420056434567,0.8541451451451452,0.14585485485485483,0.16064899246540007,0.8393510075346,1122.4470969750305,221.2741543897417,0.02585264389701569,0.005450038443587481,0.04341711050700701,0.040600475882898224
Bubble,75.21782542991913,0.8531461461461461,0.14685385385385386,0.16056566978021683,0.8394343302197831,1122.1083725619847,222.73523109941544,0.025847257751860545,0.005486070860622065,0.04341305307257257,0.040600137467812346
Bubble,75.59019809045991,0.8521471471471472,0.14785285285285277,0.16048832539860372,0.8395116746013963,1121.7690332086452,224.19685333427378,0.025841856433625587,0.005522114012468996,0.04340899563813814,0.04059982333360643
Bubble,75.96132031682446,0.8511481481481482,0.1488518518518518,0.16041686687712223,0.8395831331228778,1121.4290771469216,225.65901592394823,0.025836439897320967,0.005558167758760503,0.04340493820370371,0.040599533104821436
Bubble,76.33119387914692,0.8501491491491492,0.14985085085085081,0.16035120412057335,0.8396487958794266,1121.0885025999755,227.12171363348506,0.025831008097738452,0.0055942319575157315,0.04340088076926927,0.04059926641553571
Bubble,76.69982054684479,0.8491501501501502,0.15084984984984984,0.16029124930895716,0.8397087506910428,1120.7473077821787,228.58494116358747,0.02582556098945034,0.005630306465147219,0.043396823334834835,0.040599022909068326
Bubble,77.06720208864328,0.8481511511511511,0.15184884884884886,0.1602369168271854,0.8397630831728146,1120.4054908990624,230.04869315094828,0.02582009852680822,0.005666391136469576,0.0433927659004004,0.04059880223769361
Bubble,77.43334027257549,0.8471521521521522,0.15284784784784777,0.16018812319733391,0.839811876802666,1120.0630501472754,231.51296416849107,0.025814620663941888,0.005702485824705943,0.043388708465965965,0.04059860406236597
Bubble,77.79823686601709,0.8461531531531532,0.1538468468468468,0.1601447870134328,0.8398552129865672,1119.7199837145379,232.97774872576133,0.025809127354758172,0.005738590381498103,0.04338465103153153,0.04059842805245505
Bubble,78.16189363569129,0.8451541541541542,0.15484584584584582,0.1601068288785871,0.8398931711214129,1119.376289779594,234.44304126920773,0.025803618552939746,0.00577470465691391,0.043380593597097096,0.04059827388549039
Bubble,78.52431234768751,0.8441551551551552,0.15584484484484484,0.16007417134440693,0.8399258286555931,1119.0319665121667,235.90883618260114,0.02579809421194399,0.005810828499458106,0.04337653616266266,0.04059814124691531
Bubble,78.88549476748203,0.8431561561561562,0.15684384384384376,0.1600467388525966,0.8399532611474034,1118.687012072913,237.37512778737357,0.02579255428500181,0.005846961756081148,0.043372478728228234,0.04059802982984983
Bubble,79.2454426599597,0.8421571571571572,0.15784284284284278,0.1600244576786565,0.8399755423213435,1118.3414246133761,238.84191034305215,0.025786998725116504,0.005883104272190391,0.0433684212937938,0.04059793933486186
Bubble,79.6041577894402,0.8411581581581582,0.1588418418418418,0.16000725587756154,0.8399927441224385,1117.9952022759444,240.30917804766221,0.025781427485062635,0.0059192558916605,0.043364363859359364,0.04059786946974672
Bubble,79.96164191967891,0.8401591591591592,0.15984084084084083,0.1599950632313946,0.8400049367686054,1117.6483431937982,241.77692503817283,0.025775840517384747,0.005955416456844905,0.04336030642492493,0.04059781994931431
Bubble,80.31789681392394,0.8391601601601602,0.16083983983983985,0.15998781119879632,0.8400121888012037,1117.3008454908734,243.24514539096705,0.025770237774396385,0.00599158580858786,0.0433562489904905,0.040597790495183916
Bubble,80.67292423489957,0.8381611611611612,0.16183883883883876,0.15998543286619482,0.8400145671338052,1116.9527072818075,244.71383312230185,0.02576461920817878,0.006027763786236255,0.043352191556056054,0.04059778083558605
Bubble,81.02672594486828,0.8371621621621622,0.16283783783783778,0.1599878629007373,0.8400121370992626,1116.6039266718974,246.18298218881952,0.025758984770579692,0.006063950227652678,0.043348134121621626,0.04059779070517134
Bubble,81.37930370562997,0.8361631631631632,0.1638368368368368,0.15999503750483474,0.8400049624951652,1116.2545017570562,247.65258648805192,0.025753334413212422,0.006100144969228311,0.04334407668718719,0.04059781984482588
Bubble,81.73065927856327,0.8351641641641642,0.16483583583583583,0.16000689437228935,0.8399931056277107,1115.9044306237624,249.1226398589569,0.02574766808745442,0.006136347845896611,0.04334001925275276,0.04059786800149306
Bubble,82.08079442464819,0.8341651651651653,0.16583483483483474,0.16002337264590819,0.8399766273540918,1115.5537113490184,250.59313608246083,0.02574198574444628,0.00617255869114714,0.043335961818318315,0.04059793492800136
Bubble,82.4297109044906,0.8331661661661662,0.16683383383383377,0.16004441287656854,0.8399555871234314,1115.2023420003036,252.06406888203836,0.025736287335090504,0.006208777337040298,0.04333190438388389,0.040598020382898184
Bubble,82.77741047835845,0.8321671671671672,0.1678328328328328,0.1600699569836644,0.8399300430163357,1114.8503206355285,253.5354319242916,0.025730572810050385,0.0062450036142220585,0.04332784694944945,0.04059812413028916
Bubble,83.12389490620333,0.8311681681681682,0.1688318318318318,0.16009994821688556,0.8399000517831143,1114.497645302988,255.0072188195331,0.02572484211974876,0.006281237351938782,0.04332378951501502,0.04059824593968288
Bubble,83.46916594769849,0.8301691691691692,0.16983083083083084,0.16013433111927775,0.8398656688807223,1114.1443140413178,256.4794231224232,0.025719095214366935,0.006317478378053356,0.043319732080580584,0.04059838558584095
Bubble,83.81322536226433,0.8291701701701703,0.17082982982982975,0.16017305149153052,0.8398269485084695,1113.7903248794469,257.9520383325897,0.025713332043843445,0.006353726519060922,0.04331567464614615,0.04059854284863285
Bubble,84.15600851149009,0.8281711711711712,0.17182882882882877,0.16021598881310123,0.8397840111868988,1113.4356547236448,259.42480152202995,0.025707552070407688,0.006389975328471815,0.043311617211711714,0.04059871723856441
Bubble,84.49764956645252,0.8271721721721722,0.1728278278278278,0.16026322550921646,0.8397367744907834,1113.0803436382394,260.8982161804169,0.025701756214448573,0.006426237108968829,0.04330755977727728,0.04059890909040568
Bubble,84.83808427355035,0.8261731731731732,0.17382682682682682,0.16031464426988434,0.8396853557301156,1112.7243686805957,262.37202189775866,0.02569594394169149,0.006462505475241704,0.04330350234284284,0.040599117927702134
Bubble,85.17731439154375,0.8251741741741743,0.17482582582582573,0.16037019559190027,0.8396298044080998,1112.367727840367,263.8462119595619,0.025690115201092427,0.006498780248467438,0.04329944490840841,0.04059934354939651
Bubble,85.51534167911305,0.8241751751751752,0.17582482482482475,0.16042983106800907,0.8395701689319909,1112.0104190972693,265.32077959965955,0.025684269941358733,0.006535061248540213,0.04329538747397398,0.04059958575888272
Bubble,85.85216789487775,0.8231761761761762,0.17682382382382378,0.16049350335764354,0.8395064966423563,1111.6524404210404,266.7957180009378,0.02567840811094803,0.006571348294089731,0.04329133003953955,0.04059984436388706
Bubble,86.18779479745383,0.8221771771771772,0.1778228228228228,0.16056116615862445,0.8394388338413755,1111.2937897713869,268.2710202960641,0.025672529658066885,0.006607641202499555,0.0432872726051051,0.040600119176353255
Bubble,86.52222414547985,0.8211781781781782,0.17882182182182182,0.16063277417972968,0.8393672258202705,1110.934465097949,269.7466795682288,0.02566663453066985,0.0066439397899258285,0.04328321517067067,0.04060041001233098
Bubble,86.8554576976613,0.8201791791791793,0.17982082082082074,0.16070828311431587,0.8392917168856842,1110.574464340244,271.2226888521408,0.02566072267645809,0.006680243871322084,0.043279157736236244,0.0406007166918688
Bubble,87.18749721279468,0.8191801801801802,0.18081981981981976,0.16078764961407024,0.8392123503859298,1110.2137854276257,272.69904113393943,0.025654794042878293,0.006716553260437862,0.04327510030180181,0.04060103903890755
Bubble,87.51834444981722,0.8181811811811812,0.18181881881881878,0.16087083126489027,0.8391291687351097,1109.8524262792366,274.1757293531817,0.025648848577121446,0.006752867769867548,0.04327104286736737,0.04060137688118235
Bubble,87.84800116784893,0.8171821821821822,0.1828178178178178,0.1609577865622844,0.8390422134377155,1109.4903848039646,275.65274640288925,0.025642886226121712,0.006789187211052258,0.04326698543293293,0.040601730050122714
Bubble,88.17646912622274,0.8161831831831833,0.18381681681681672,0.1610484748881228,0.8389515251118771,1109.1276589003924,277.1300851305038,0.025636906936555154,0.006825511394303689,0.0432629279984985,0.04060209838075811
Bubble,88.50375008452758,0.8151841841841843,0.18481581581581574,0.1611428564879981,0.838857143512002,1108.764246456753,278.6077383387171,0.025630910654838582,0.006861840128824966,0.04325887056406407,0.04060248171162601
Bubble,88.8298458026491,0.8141851851851852,0.18581481481481477,0.1612408924492825,0.8387591075507176,1108.4001453508856,280.08569878628185,0.02562489732712842,0.006898173222731002,0.04325481312962963,0.040602879884682766
Bubble,89.15475804081608,0.8131861861861862,0.1868138138138138,0.16134254467987977,0.8386574553201204,1108.0353534501853,281.56395918888154,0.02561886689931938,0.00693451048307029,0.043250755695195195,0.040603292745217345
Bubble,89.47848855963315,0.8121871871871872,0.1878128128128128,0.16144777588758322,0.8385522241124168,1107.6698686115592,283.04251221991956,0.025612819317043366,0.006970851715844751,0.04324669826076077,0.04060372014176743
Bubble,89.80103912012697,0.8111881881881883,0.18881181181181173,0.16155654956009843,0.8384434504399015,1107.3036886813798,284.52135051141204,0.02560675452566828,0.007007196726032073,0.04324264082632633,0.04060416192603834
Bubble,90.12241148379167,0.8101891891891893,0.18981081081081075,0.1616688299456521,0.8383311700543479,1106.9368114954373,286.0004666548234,0.025600672470296754,0.007043545317606677,0.04323858339189189,0.04060461795282427
Bubble,90.44260741262232,0.8091901901901902,0.19080980980980977,0.1617845820341903,0.8382154179658097,1106.5692348788912,287.4798532019334,0.025594573095764933,0.007079897293561438,0.043234525957457456,0.04060508807993186
Bubble,90.76162866917217,0.8081911911911912,0.1918088088088088,0.16190377153914173,0.8380962284608582,1106.2009566462295,288.95950266574636,0.025588456346641395,0.007116252455930433,0.04323046852302302,0.04060557216810622
Bubble,91.07947701658021,0.8071921921921922,0.19280780780780782,0.162026364879704,0.837973635120296,1105.8319746012146,290.4394075212989,0.02558232216722579,0.007152610605809212,0.043226411088588594,0.04060607008095892
Bubble,91.39615421862872,0.8061931931931933,0.19380680680680673,0.16215232916369085,0.8378476708363092,1105.46228653684,291.91956020661263,0.0255761705015477,0.007188971543378598,0.04322235365415416,0.04060658168489833
Bubble,91.71166203977712,0.8051941941941942,0.19480580580580575,0.1622816321708523,0.8377183678291477,1105.0918902352826,293.3999531235481,0.02557000129336541,0.007225335067926073,0.04321829621971972,0.040607106849061915
Bubble,92.02600224521085,0.8041951951951952,0.19580480480480478,0.16241424233670207,0.8375857576632979,1104.720783467854,294.8805786387072,0.025563814486164644,0.007261700977868358,0.04321423878528529,0.040607645445250515
Bubble,92.33917660088986,0.8031961961961962,0.1968038038038038,0.16255012873680763,0.8374498712631923,1104.348963994957,296.3614290843336,0.025557610023157453,0.007298069070773917,0.043210181350850856,0.04060819734786454
Bubble,92.65118687358394,0.8021971971971973,0.1978028028028027,0.1626892610715609,0.837310738928439,1103.9764295660318,297.8424967592388,0.02555138784728082,0.007334439143386101,0.04320612391641642,0.04060876243384214
Bubble,92.96203483093129,0.8011981981981983,0.19880180180180174,0.16283160965133028,0.8371683903486696,1103.6031779195157,299.32377392963747,0.02554514790119562,0.007370810991644073,0.043202066481981986,0.04060934058259887
Bubble,93.27172224146666,0.8001991991991992,0.19980080080080076,0.1629771453821361,0.8370228546178639,1103.2292067827875,300.80525283016823,0.02553889012728517,0.007407184410708236,0.04319800904754755,0.040609931675969546
Bubble,93.58025087468505,0.7992002002002002,0.20079979979979978,0.16312583975162925,0.8368741602483707,1102.8545138721267,302.2869256646897,0.02553261446765418,0.007443559194980206,0.043193951613113124,0.04061053559815125
Bubble,93.88762250107186,0.7982012012012012,0.2017987987987988,0.16327766481555175,0.8367223351844482,1102.479096892659,303.7687846072758,0.025526320864127375,0.007479935138127609,0.04318989417867868,0.04061115223564836
Bubble,94.19383889216077,0.7972022022022023,0.20279779779779772,0.16343259318453757,0.8365674068154624,1102.1029535383138,305.25082180308226,0.025520009258248322,0.007516312033105747,0.04318583674424425,0.040611781477219
Bubble,94.49890182057135,0.7962032032032033,0.20379679679679674,0.16359059801130107,0.8364094019886988,1101.726081491772,306.73302936928474,0.025513679591278156,0.007552689672181015,0.04318177930980981,0.0406124232138229
Bubble,94.80281306006674,0.7952042042042042,0.20479579579579577,0.16375165297818536,0.8362483470218146,1101.3484784244179,308.21539939597574,0.02550733180419429,0.007589067846953291,0.04317772187537538,0.0406130773385709
Bubble,95.1055743855795,0.7942052052052052,0.2057947947947948,0.16391573228505463,0.8360842677149454,1100.9701419962923,309.6979239471005,0.025500965837689207,0.007625446348379281,0.043173664440940944,0.04061374374667575
Bubble,95.40718757327772,0.7932062062062063,0.2067937937937937,0.16408281063751567,0.8359171893624844,1100.5910698560392,311.180595061323,0.025494581632169097,0.007661824966794165,0.04316960700650651,0.04061442233540427
Bubble,95.7076544006043,0.7922072072072073,0.20779279279279272,0.16425286323549404,0.8357471367645058,1100.2112596408629,312.6634047530015,0.02548817912775272,0.00769820349193588,0.043165549572072075,0.04061511300403096
Bubble,96.0069766463211,0.7912082082082083,0.20879179179179175,0.1644258657620802,0.8355741342379198,1099.830708976474,314.1463450130334,0.025481758264270033,0.007734581712966252,0.04316149213763764,0.04061581565379269
Bubble,96.30515609055907,0.7902092092092092,0.20979079079079077,0.16460179437271957,0.8353982056272804,1099.44941547704,315.62940780978545,0.025475318981260892,0.0077709594184941725,0.043157434703203205,0.0406165301878448
Bubble,96.60219451486435,0.7892102102102102,0.2107897897897898,0.16478062568468485,0.8352193743153151,1099.0673767451397,317.1125850900074,0.02546886121797386,0.007807336396598378,0.04315337726876877,0.04061725651121834
Bubble,96.89809370223551,0.7882112112112113,0.2117887887887887,0.16496233676681615,0.8350376632331838,1098.684590371706,318.59586877969554,0.025462384913364774,0.007843712434849003,0.043149319834334336,0.040617994530778426
Bubble,97.19285543719012,0.7872122122122123,0.21278778778778773,0.16514690512956934,0.8348530948704307,1098.301053935983,320.07925078501023,0.025455890006095567,0.007880087320330456,0.04314526239989991,0.040618744155183746
Bubble,97.48648150579012,0.7862132132132132,0.21378678678678675,0.16533430871529592,0.834665691284704,1097.9167650054717,321.5627229931243,0.02544937643453293,0.007916460839662576,0.04314120496546546,0.040619505294847175
Bubble,97.77897369569551,0.7852142142142142,0.21478578578578578,0.16552452588882385,0.8344754741111761,1097.5317211358777,323.0462772731608,0.02544284413674687,0.007952832779023993,0.04313714753103103,0.04062027786189746
Bubble,98.07033379621929,0.7842152152152152,0.2157847847847848,0.1657175354282405,0.8342824645717596,1097.1459198710663,324.52990547700546,0.02543629305050964,0.007989202924172422,0.0431330900965966,0.040621061770141804
Bubble,98.36056359835906,0.7832162162162163,0.2167837837837837,0.16591331651595895,0.8340866834840409,1096.7593587430047,326.0135994402029,0.025429723113294174,0.008025571060466972,0.04312903266216217,0.040621856935029566
Bubble,98.64966489485087,0.7822172172172173,0.21778278278278274,0.16611184872999776,0.8338881512700024,1096.3720352717137,327.4973509828117,0.025423134262272874,0.008061936972889481,0.04312497522772773,0.040622663273616896
Bubble,98.93763948021096,0.7812182182182182,0.21878178178178176,0.16631311203548005,0.83368688796452,1095.9839469652145,328.9811519102106,0.025416526434316192,0.008098300446064641,0.0431209177932933,0.040623480704532096
Bubble,99.2244891507911,0.7802192192192192,0.21978078078078078,0.16651708677639748,0.8334829132236025,1095.595091319481,330.46499401403497,0.025409899565991437,0.008134661264283269,0.04311686035885886,0.040624309147942336
Bubble,99.51021570480617,0.7792202202202203,0.2207797797797797,0.1667237536675121,0.8332762463324879,1095.205465818382,331.94886907288054,0.02540325359356123,0.00817101921151996,0.04311280292442443,0.0406251485255206
Bubble,99.79482094239859,0.7782212212212213,0.22177877877877872,0.16693309378654603,0.833066906213454,1094.815067933631,333.4327688532254,0.025396588452982264,0.008207374071455989,0.04310874548998999,0.040625998760414055
Bubble,100.07830666566616,0.7772222222222223,0.22277777777777774,0.1671450885665068,0.8328549114334931,1094.4238951247337,334.9166851101782,0.02538990407990387,0.008243725627498021,0.043104688055555555,0.040626859777212865
Bubble,100.36067467871361,0.7762232232232232,0.22377677677677676,0.1673597197882402,0.8326402802117598,1094.031944838932,336.4006095882804,0.025383200409666636,0.008280073662798112,0.04310063062112113,0.040627731501919936
Bubble,100.64192678770453,0.7752242242242242,0.2247757757757758,0.16757696957316623,0.8324230304268337,1093.6392145111563,337.8845340223192,0.02537647737730111,0.00831641796027397,0.04309657318668669,0.04062861386192141
Bubble,100.92206480088898,0.7742252252252253,0.2257747747747747,0.16779682037618956,0.8322031796238104,1093.2457015639643,339.36845013807755,0.02536973491752626,0.008352758302627682,0.04309251575225225,0.04062950678595789
Bubble,101.2010905286621,0.7732262262262263,0.22677377377377372,0.1680192549787895,0.8319807450212106,1092.8514034074926,340.8523496530968,0.025362972964748192,0.008389094472364743,0.04308845831781782,0.04063041020409636
Bubble,101.4790057835948,0.7722272272272273,0.22777277277277275,0.1682442564822732,0.8317557435177267,1092.4563174393995,342.3362242774016,0.025356191453058678,0.008425426251812163,0.04308440088338339,0.04063132404770275
Bubble,101.75581238048684,0.7712282282282282,0.22877177177177177,0.16847180830121344,0.8315281916987867,1092.0604410448095,343.8200657142641,0.025349390316233723,0.008461753423137519,0.043080343448948955,0.04063224824941538
Bubble,102.03151213640238,0.7702292292292293,0.22977077077077068,0.16870189415702386,0.8312981058429761,1091.663771596261,345.30386566088924,0.025342569487732204,0.008498075768366104,0.04307628601451451,0.04063318274311875
Bubble,102.30610687071359,0.7692302302302303,0.2307697697697697,0.16893449807170466,0.8310655019282953,1091.2663064536482,346.78761580913726,0.025335728900694354,0.008534393069398948,0.04307222858008008,0.040634127463918236
Bubble,102.57959840514536,0.7682312312312313,0.23176876876876873,0.1691696043617281,0.830830395638272,1090.8680429641634,348.2713078461788,0.025328868487940293,0.008570705108029224,0.043068171145645644,0.040635082348115165
Bubble,102.85198856381217,0.7672322322322322,0.23276776776776775,0.1694071976320872,0.8305928023679128,1090.4689784622444,349.7549334552029,0.02532198818196865,0.008607011665959912,0.043064113711211216,0.040636047333182726
Bubble,103.12327917325815,0.7662332332332332,0.23376676676676678,0.1696472627704472,0.8303527372295528,1090.0691102695157,351.2384843160042,0.025315087914955042,0.008643312524818545,0.043060056276776774,0.04063702235774218
Bubble,103.39347206250467,0.7652342342342343,0.2347657657657657,0.16988978494149218,0.8301102150585079,1089.668435694733,352.72195210569294,0.025308167618750627,0.00867960746617492,0.04305599884234235,0.04063800736153988
Bubble,103.66256906307258,0.7642352352352353,0.2357647647647647,0.1701347495814792,0.8298652504185207,1089.266952033719,354.2053284994783,0.02530122722488049,0.00871589627156056,0.043051941407907905,0.04063900228542517
Bubble,103.93057200905037,0.7632362362362363,0.23676376376376373,0.17038214239230517,0.8296178576076948,1088.8646565693173,355.68860517037007,0.025294266664542354,0.008752178722462058,0.04304788397347348,0.04064000707132635
Bubble,104.19748273710121,0.7622372372372372,0.23776276276276276,0.17063194933695125,0.8293680506630488,1088.4615465713218,357.171773791088,0.025287285868604882,0.008788454600367741,0.04304382653903904,0.040641021662232026
Bubble,104.46330308651746,0.7612382382382383,0.23876176176176167,0.17088415663382717,0.8291158433661729,1088.0576192964227,358.6548260337611,0.025280284767606173,0.008824723686760908,0.04303976910460461,0.0406420460021683
Bubble,104.72803489926213,0.7602392392392393,0.2397607607607607,0.17113875075182056,0.8288612492481794,1087.6528719881505,360.1377535706845,0.025273263291752363,0.008860985763138698,0.043035711670170174,0.04064308003617852
Bubble,104.99168001999293,0.7592402402402403,0.24075975975975972,0.17139571840533863,0.8286042815946614,1087.2473018768087,361.6205480747897,0.025266221370915862,0.008897240611023899,0.043031654235735746,0.040644123710303286
Bubble,105.25424029610357,0.7582412412412413,0.24175875875875874,0.17165504654947858,0.8283449534505215,1086.8409061794184,363.1032012201861,0.02525915893463398,0.008933488011978593,0.043027596801301304,0.04064517697156072
Bubble,105.51571757776608,0.7572422422422422,0.24275775775775776,0.17191672237528352,0.8280832776247166,1086.4336820996582,364.58570468261405,0.02525207591210728,0.008969727747615616,0.04302353936686687,0.040646239767927216
Bubble,105.77611371795368,0.7562432432432433,0.24375675675675668,0.17218073330511396,0.8278192666948859,1086.0256268277979,366.06805013989117,0.025244972232197942,0.009005959599609804,0.043019481932432435,0.040647312048318715
Bubble,106.03543057248663,0.7552442442442443,0.2447557557557557,0.17244706698811438,0.8275529330118857,1085.6167375406421,367.55022927234785,0.025237847823428274,0.00904218334970905,0.043015424497998,0.04064839376257223
Bubble,106.29367000005266,0.7542452452452453,0.24575475475475472,0.1727157113599269,0.8272842886400731,1085.2070114014616,369.03223388263063,0.025230702613978955,0.009078398782623667,0.043011367063563566,0.040649484861688345
Bubble,106.55083386225621,0.7532462462462463,0.24675375375375375,0.17298665438892016,0.8270133456110799,1084.7964455599374,370.51405543205044,0.025223536531687574,0.0091146056748465,0.04300730962912913,0.0406505852968006
Bubble,106.80692402363272,0.7522472472472473,0.24775275275275266,0.1732598844361028,0.8267401155638971,1084.385037152092,371.9956857181335,0.02521634950404687,0.009150803810992043,0.0430032521946947,0.04065169502063723
Bubble,107.06194235169858,0.7512482482482483,0.24875175175175168,0.17353539001441598,0.8264646099855839,1083.972783300226,373.47711643527805,0.025209141458203087,0.009186992973202355,0.04299919476026026,0.04065281398654355
Bubble,107.31589071696257,0.7502492492492493,0.2497507507507507,0.17381315984230897,0.8261868401576911,1083.559681112856,374.95833928216234,0.02520191232095439,0.009223172943737678,0.04299513732582583,0.04065394214869954
Bubble,107.56877099297077,0.7492502502502503,0.25074974974974973,0.17409318283976252,0.8259068171602374,1083.1457276846459,376.439345962097,0.02519466201874908,0.009259343504985446,0.04299107989139139,0.04065507946210369
Bubble,107.82058505633208,0.7482512512512512,0.25174874874874875,0.17437544812437,0.8256245518756301,1082.7309200963455,377.9201281832668,0.025187390477683987,0.009295504439466603,0.04298702245695696,0.04065622588255713
Bubble,108.07133478673683,0.7472522522522523,0.25274774774774766,0.17465994500749685,0.8253400549925032,1082.31525541472,379.4006776589681,0.025180097623502724,0.00933165552984182,0.042982965022522523,0.040657381366647954
Bubble,108.32102206699908,0.7462532532532533,0.2537467467467467,0.17494666299052172,0.8250533370094784,1081.8987306924823,380.88098610782146,0.025172783381593865,0.009367796558917096,0.04297890758808809,0.04065854587173601
Bubble,108.56964878307565,0.7452542542542543,0.2547457457457457,0.17523559176115833,0.8247644082388417,1081.4813429682313,382.3610452540059,0.025165447676989403,0.009403927309649911,0.04297485015365366,0.04065971935593794
Bubble,108.81721682409248,0.7442552552552553,0.25574474474474473,0.17552672118981666,0.8244732788101833,1081.0630892663778,383.8408468273579,0.02515809043436285,0.009440047565152073,0.04297079271921922,0.04066090177811244
Bubble,109.06372808236826,0.7432562562562562,0.25674374374374376,0.17582004132605578,0.8241799586739442,1080.6439665970777,385.3203825635141,0.025150711578027462,0.009476157108693645,0.042966735284784785,0.040662093097845776
Bubble,109.30918445343964,0.7422572572572573,0.25774274274274267,0.17611554239511895,0.8238844576048812,1080.2239719561614,386.79964420408504,0.025143311031934488,0.009512255723707631,0.04296267785035035,0.04066329327543778
Bubble,109.55358783609306,0.7412582582582583,0.2587417417417417,0.1764132147944937,0.8235867852055062,1079.8031023250662,388.2786234966839,0.02513588871967139,0.009548343193791123,0.04295862041591592,0.04066450227188784
Bubble,109.79694013237054,0.7402592592592593,0.2597407407407407,0.1767130490905604,0.8232869509094396,1079.381354670762,389.7573121949961,0.02512844456445997,0.009584419302707467,0.04295456298148149,0.04066572004888131
Bubble,110.03924324760952,0.7392602602602603,0.26073973973973974,0.17701503601530397,0.8229849639846961,1078.958725945684,391.23570205884926,0.025120978489154594,0.009620483834388434,0.042950505547047046,0.04066694656877616
Bubble,110.28049909044684,0.7382612612612613,0.26173873873873865,0.17731916646305296,0.822680833536947,1078.5352130876536,392.7137848541462,0.025113490416240194,0.009656536572933071,0.04294644811261261,0.04066818179458968
Bubble,110.52070957285122,0.7372622622622623,0.2627377377377377,0.17762543148732102,0.8223745685126791,1078.1108130198133,394.19155235292493,0.025105980267830588,0.009692577302609631,0.04294239067817818,0.04066942568998576
Bubble,110.75987661013501,0.7362632632632633,0.2637367367367367,0.17793382229767135,0.8220661777023287,1077.6855226505477,395.66899633327733,0.025098447965666435,0.009728605807854096,0.04293833324374375,0.040670678219262
Bubble,110.99800212098057,0.7352642642642643,0.2647357357357357,0.17824433025663017,0.8217556697433699,1077.2593388734106,397.1461085792587,0.025090893431113412,0.009764621873268476,0.042934275809309315,0.04067193934733731
Bubble,111.23508802744846,0.7342652652652653,0.26573473473473475,0.17855694687669096,0.821443053123309,1076.8322585670517,398.62288088084966,0.025083316585160283,0.00980062528362038,0.04293021837487487,0.04067320903973968
Bubble,111.4711362549936,0.7332662662662663,0.26673373373373366,0.17887166381730635,0.8211283361826937,1076.4042785951349,400.09930503373664,0.025075717348416824,0.009836615823838183,0.04292616094044044,0.04067448726259399
Bubble,111.70614873248768,0.7322672672672673,0.2677327327327327,0.1791884728819939,0.8208115271180061,1075.975395806269,401.57537283925285,0.025068095641112037,0.009872593279010133,0.04292210350600601,0.040675773982610214
Bubble,111.94012739223153,0.7312682682682683,0.2687317317317317,0.17950736601544995,0.82049263398455,1075.5456070339262,403.05107610416843,0.025060451383092094,0.00990855743437976,0.042918046071571576,0.04067706916707174
Bubble,112.17307416996371,0.7302692692692693,0.26973073073073073,0.17982833530428885,0.8201716646957112,1075.114909096363,404.5264066473327,0.025052784493818276,0.009944508075506208,0.042913988637137135,0.040678372783838374
Bubble,112.40499100487959,0.7292702702702704,0.27072972972972964,0.1801513729605163,0.8198486270394837,1074.6832987965452,406.0013562731056,0.025045094892365047,0.009980444987625353,0.04290993120270271,0.040679684801279134
Bubble,112.63587983963825,0.7282712712712713,0.27172872872872866,0.18047647133864056,0.8195235286613595,1074.250772922063,407.47591680917515,0.025037382497417934,0.010016367956560402,0.042905873768268266,0.04068100518834189
Bubble,112.86574262037502,0.7272722722722723,0.2727277277277277,0.1808036229201905,0.8191963770798094,1073.8173282450564,408.9500800817714,0.025029647227271527,0.010052276768125888,0.04290181633383384,0.04068233391449036
Bubble,113.09458129670702,0.7262732732732733,0.2737267267267267,0.1811328203141388,0.8188671796858612,1073.3829615221257,410.42383792127356,0.025021888999827307,0.010088171208263122,0.042897758899399396,0.040683670949705875
Bubble,113.32239782175265,0.7252742742742743,0.27472572572572573,0.18146405625430412,0.8185359437456959,1072.947669494258,411.8971821619671,0.025014107732591648,0.01012405106303485,0.04289370146496497,0.040685016264476855
Bubble,113.54919415212379,0.7242752752752754,0.27572472472472465,0.18179732359671527,0.8182026764032848,1072.511448886736,413.3701046415275,0.025006303342673585,0.010159916118613346,0.042889644030530534,0.040686369829788065
Bubble,113.7749722479492,0.7232762762762763,0.27672372372372367,0.1821326153171188,0.8178673846828812,1072.0742964090628,414.8425972008222,0.02499847574678282,0.010195766161276185,0.0428855865960961,0.04068773161711048
Bubble,113.99973407286721,0.7222772772772773,0.2777227227227227,0.18246992450842658,0.8175300754915733,1071.6362087548687,416.31465168337877,0.024990624861227377,0.010231600977393951,0.04288152916166166,0.04068910159839097
Bubble,114.22348159403056,0.7212782782782783,0.2787217217217217,0.182809244378251,0.8171907556217489,1071.1971826018282,417.7862599349919,0.024982750601911474,0.010267420353421312,0.04287747172722723,0.04069047974604226
Bubble,114.4462167821277,0.7202792792792793,0.27972072072072074,0.1831505682464657,0.8168494317535344,1070.7572146115779,419.2574138033212,0.02497485288433342,0.010303224075887915,0.042873414292792796,0.04069186603293302
Bubble,114.66794161136394,0.7192802802802803,0.28071971971971965,0.18349388954279766,0.8165061104572024,1070.316301429624,420.7281051373911,0.024966931623583277,0.010339011931386895,0.04286935685835836,0.04069326043237807
Bubble,114.88865806018384,0.7182812812812813,0.2817187187187187,0.18383922707008377,0.8161607729299162,1069.874439685554,422.19837473162386,0.024958986734347578,0.010374784883128223,0.042865299423923926,0.04069466302074515
Bubble,115.10836810847715,0.7172822822822823,0.2827177177177177,0.18418652558077905,0.8158134744192209,1069.4316259917707,423.6681197607204,0.024951018130879608,0.010410540441795258,0.04286124198948949,0.04069607357364633
Bubble,115.32707374170356,0.7162832832832833,0.2837167167167167,0.1845358025439117,0.8154641974560884,1068.9878569451396,425.13737800198476,0.024943025727037663,0.010446279498239158,0.04285718455505506,0.040697492162032105
Bubble,115.54477694818196,0.7152842842842844,0.28471571571571563,0.1848870518106915,0.8151129481893084,1068.5431291257578,426.60614131569736,0.0249350094362561,0.0104820018394503,0.04285312712062063,0.04069891876092912
Bubble,115.76147971975006,0.7142852852852853,0.28571471471471466,0.1852402673308532,0.8147597326691468,1068.0974390971376,428.0744015613435,0.024926969171549462,0.010517707252433318,0.04284906968618618,0.040700353345764266
Bubble,115.97718405178264,0.7132862862862863,0.2867137137137137,0.18559544315051232,0.8144045568494876,1067.6507834061258,429.5421505972063,0.024918904845510324,0.010553395524197949,0.04284501225175175,0.040701795892355806
Bubble,116.19189194316824,0.7122872872872873,0.2877127127127127,0.18595257340981405,0.8140474265901858,1067.2031585828001,431.00938027944045,0.024910816370306746,0.010589066441737335,0.042840954817317325,0.04070324637690396
Bubble,116.40560539629789,0.7112882882882883,0.2887117117117117,0.18631165234093885,0.8136883476590612,1066.7545611403712,432.47608246178424,0.024902703657679784,0.010624719792021712,0.042836897382882884,0.04070470477598272
Bubble,116.61832641709393,0.7102892892892894,0.28971071071071064,0.18667267426589948,0.8133273257341005,1066.3049875750992,433.9422489948545,0.024894566618941277,0.010660355361982116,0.04283283994844845,0.04070617106653095
Bubble,116.83005701499235,0.7092902902902903,0.29070970970970966,0.18703563488636604,0.8129643651136338,1065.8544343661986,435.4078742407447,0.024886405164971478,0.010695972998904797,0.042828782514014015,0.04070764523109097
Bubble,117.0407992028307,0.7082912912912913,0.2917087087087087,0.18740052624985998,0.81259947375014,1065.40289797569,436.87294527728744,0.024878219206215375,0.010731572375158047,0.04282472507957958,0.04070912723736381
Bubble,117.25055499703389,0.7072922922922923,0.2927077077077077,0.18776734410480478,0.8122326558951952,1064.950374848384,438.33745621756276,0.024870008652682088,0.010767153332127513,0.04282066764514515,0.04071061706808167
Bubble,117.45932641746101,0.7062932932932934,0.2937067067067066,0.1881360831129424,0.8118639168870577,1064.4968614117254,439.80139889548053,0.024861773413941073,0.01080271565649213,0.04281661021071071,0.040712114701563225
Bubble,117.66711548744668,0.7052942942942944,0.29470570570570565,0.18850673801567527,0.8114932619843246,1064.0423540757083,441.2647651387193,0.024853513399119852,0.010838259134820167,0.042812552776276276,0.040713620116450654
Bubble,117.87392423377099,0.7042952952952953,0.29570470470470467,0.188879303632044,0.811120696367956,1063.5868492327716,442.7275467679466,0.02484522851690144,0.010873783553551137,0.04280849534184185,0.040715133291701545
Bubble,118.07975468666436,0.7032962962962963,0.2967037037037037,0.18925377487831388,0.8107462251216861,1063.1303432576976,444.1897356381643,0.024836918675521735,0.010909288699988964,0.042804437907407414,0.04071665420666827
Bubble,118.28460887978245,0.7022972972972973,0.2977027027027027,0.18963014668345973,0.8103698533165402,1062.672832507506,445.6513234768595,0.02482858378276681,0.010944774358417748,0.04280038047297297,0.040718182840754874
Bubble,118.48848885019024,0.7012982982982984,0.2987017017017016,0.190008414106476,0.809991585893524,1062.2143133213508,447.11230211588725,0.024820223745970316,0.010980240315668566,0.04279632303853854,0.04071971917389346
Bubble,118.69139663835854,0.7002992992992993,0.29970070070070065,0.19038857225781838,0.8096114277421816,1061.7547820204154,448.57266334117617,0.024811838472010815,0.011015686357512499,0.04279226560410411,0.04072126318622513
Bubble,118.89333428814265,0.6993003003003003,0.3006996996996997,0.19077061631608205,0.809229383683918,1061.2942349077996,450.032398928164,0.02480342786730891,0.011051112269512015,0.042788208169669675,0.04072281485816777
Bubble,119.09430384676307,0.6983013013013013,0.3016986986986987,0.1911545415261338,0.8088454584738661,1060.832668268419,451.4915006410105,0.02479499183782469,0.011086517837002843,0.042784150735235234,0.04072437417040839
Bubble,119.29430736479082,0.6973023023023024,0.3026976976976976,0.19154034319730862,0.8084596568026913,1060.3700783688907,452.9499602319035,0.024786530289054833,0.011121902845078123,0.0427800933008008,0.040725941103895866
Bubble,119.49334689613411,0.6963033033033034,0.30369669669669663,0.19192801670163162,0.8080719832983685,1059.906461457427,454.40776944034394,0.024778043126029884,0.011157267078572033,0.04277603586636637,0.040727515639833685
Bubble,119.69142449800857,0.6953043043043043,0.30469569569569566,0.19231755747201443,0.8076824425279857,1059.441813763718,455.8649199923574,0.024769530253311335,0.011192610322041711,0.04277197843193194,0.04072909775967259
Bubble,119.88854223092504,0.6943053053053053,0.3056946946946947,0.19270896100060772,0.8072910389993924,1058.976131498823,457.3214035999374,0.02476099157498882,0.011227932359754701,0.042767920997497495,0.04073068744510397
Bubble,120.08470215867028,0.6933063063063063,0.3066936936936937,0.19310222283670558,0.8068977771632945,1058.5094108550595,458.77721195964347,0.02475242699467731,0.011263232975656212,0.04276386356306306,0.04073228467805128
Bubble,120.27990634828369,0.6923073073073074,0.3076926926926926,0.19349733858555737,0.8065026614144427,1058.0416480058843,460.23233675282813,0.024743836415514104,0.011298511953375397,0.04275980612862863,0.04073388944066524
Bubble,120.47415687002737,0.6913083083083084,0.30869169169169164,0.1938943039063542,0.8061056960936458,1057.572839105775,461.68676964430574,0.024735219740155853,0.011333769076194333,0.0427557486941942,0.040735501715315654
Bubble,120.66745579737847,0.6903093093093093,0.30969069069069066,0.1942931145106099,0.8057068854893902,1057.1029802901223,463.1405022816935,0.02472657687077577,0.011369004127033091,0.04275169125975976,0.040737121484584846
Bubble,120.85980520699718,0.6893103103103103,0.3106896896896897,0.19469376616056483,0.8053062338394352,1056.632067675104,464.5935262947987,0.0247179077090605,0.011404216888435995,0.04274763382532532,0.04073874873126114
Bubble,121.05120717869836,0.6883113113113114,0.3116886886886886,0.19509625466748604,0.804903745332514,1056.160097357569,466.0458332947436,0.024709212156207118,0.011439407142551544,0.042743576390890894,0.040740383438331994
Bubble,121.24166379543625,0.6873123123123124,0.3126876876876876,0.19550057589014022,0.8044994241098598,1055.6870654149152,467.49741487341646,0.024700490112920123,0.011474574671120218,0.04273951895645647,0.040742025588977805
Bubble,121.4311771432739,0.6863133133133134,0.31368668668668664,0.19590672573314058,0.8040932742668594,1055.2129679049708,468.94826260261647,0.024691741479408356,0.011509719255454945,0.04273546152202202,0.04074367516656516
Bubble,121.61974931135676,0.6853143143143143,0.31468568568568567,0.19631470014541677,0.8036852998545831,1054.7378008658711,470.3983680334317,0.024682966155381875,0.011544840676427193,0.04273140408758759,0.04074533215464061
Bubble,121.8073823918894,0.6843153153153153,0.3156846846846847,0.19672449511866216,0.8032755048813378,1054.2615603159334,471.84772269554276,0.024674164040048855,0.01157993871445126,0.042727346653153156,0.04074699653692444
Bubble,121.99407848010254,0.6833163163163164,0.3166836836836836,0.19713610668580617,0.8028638933141937,1053.7842422535334,473.29631809651255,0.024665335032112413,0.011615013149468298,0.04272328921871872,0.0407486682973044
Bubble,122.17983967423613,0.6823173173173174,0.3176826826826826,0.1975495311551505,0.8024504688448494,1053.3058426569798,474.74414618205475,0.02465647902976743,0.01165006377196895,0.04271923178428429,0.04075034742078664
Bubble,122.36466807548318,0.6813183183183184,0.31868168168168165,0.1979647642008772,0.8020352357991227,1052.8263574843788,476.19119755923356,0.024647595930697163,0.011685090340445552,0.042715174349849845,0.040752033889801864
Bubble,122.54856578800415,0.6803193193193193,0.3196806806806807,0.1983818021765663,0.8016181978234338,1052.3457826735244,477.6374640681018,0.02463868563207039,0.011720092642977846,0.04271111691541542,0.04075372768954013
Bubble,122.73153491886036,0.6793203203203203,0.3206796796796797,0.19880064126587,0.80119935873413,1051.8641141417509,479.08293712246245,0.02462974803053777,0.011755070457498141,0.04270705948098099,0.04075542880450134
Bubble,122.91357757800154,0.6783213213213214,0.3216786786786786,0.1992212776864212,0.8007787223135787,1051.3813477858116,480.52760811093805,0.024620783022228723,0.011790023561397602,0.04270300204654655,0.0407571372193234
Bubble,123.0946958782304,0.6773223223223224,0.32267767767767763,0.19964370768845466,0.8003562923115454,1050.8974794817452,481.9714683964137,0.024611790502748032,0.011824951731514027,0.042698944612112114,0.040758852918776664
Bubble,123.27489193517563,0.6763233233233233,0.32367667667667666,0.2000679275534245,0.7999320724465755,1050.412505084745,483.4145093154755,0.02460277036717258,0.011859854744119576,0.04269488717767768,0.040760575887758235
Bubble,123.45416786724476,0.6753243243243243,0.3246756756756757,0.20049393359261944,0.7995060664073805,1049.9264204290148,484.8567221777618,0.02459372251004769,0.011894732374906356,0.042690829743243244,0.04076230611128642
Bubble,123.632525796403,0.6743253253253254,0.3256746746746746,0.20092174113382794,0.7990782588661721,1049.4392213280257,486.29813535611726,0.02458464682539289,0.011929585286293119,0.04268677230880881,0.040764043651615046
Bubble,123.80956925283098,0.6733263263263264,0.3266736736736736,0.20134574672633726,0.7986542532736627,1048.9507115591687,487.7269380393066,0.024575538708034063,0.011964130418312336,0.042682714874374375,0.04076576575032902
Bubble,123.986098099875,0.6723273273273274,0.32767267267267264,0.20177699313889585,0.7982230068611043,1048.4612705869206,489.1664311643025,0.024566407039921075,0.011998926205708716,0.04267865743993994,0.040767517257633626
Bubble,124.16171533203709,0.6713283283283283,0.32867167167167166,0.20221000938302877,0.7977899906169712,1047.9707024831512,490.60505788735065,0.02455724722312455,0.012033695630298182,0.04267460000550551,0.040769275953109176
Bubble,124.33642308124563,0.6703293293293293,0.3296706706706707,0.20264479186480533,0.7973552081351948,1047.4790029751648,492.0428093205542,0.024548059149482524,0.01206843846342751,0.04267054257107107,0.04077104182215891
Bubble,124.5102234820362,0.6693303303303304,0.3306696696696696,0.203081337011929,0.7969186629880711,1046.9861677684635,493.47967654570596,0.02453884271028088,0.01210315447579137,0.04266648513663664,0.04077281485027395
Bubble,124.68311867149488,0.6683313313313314,0.3316686686686686,0.20351964127248917,0.7964803587275109,1046.4921925465926,494.91565061380777,0.024529597796249497,0.012137843437422122,0.0426624277022022,0.04077459502302822
Bubble,124.85511078922963,0.6673323323323324,0.33266766766766764,0.2039597011137782,0.7960402988862219,1045.9970729710026,496.3507225447478,0.02452032429755872,0.012172505117683443,0.042658370267767774,0.04077638232607362
Bubble,125.02620197735304,0.6663333333333333,0.33366666666666667,0.20440151302115597,0.795598486978844,1045.5008046809098,497.7848833270563,0.02451102210381586,0.012207139285265834,0.04265431283333333,0.040778176745135425
Bubble,125.19639438042404,0.6653343343343344,0.3346656656656656,0.20484507349685013,0.7951549265031499,1045.0033832931429,499.21812391748205,0.024501691104061283,0.01224174570817783,0.0426502553988989,0.04077997826600746
Bubble,125.36569014542314,0.6643353353353354,0.3356646646646646,0.20529037905885156,0.7947096209411484,1044.5048044019989,500.650435240768,0.024492331186764808,0.012276324153742043,0.04264619796446446,0.040781786874547525
Bubble,125.53409142182907,0.6633363363363364,0.3366636636636636,0.20573742761720315,0.7942625723827968,1044.0050635791515,502.0818108699593,0.024482942239823252,0.01231087445262823,0.042642140530030036,0.04078360256226727
Bubble,125.70160036117235,0.6623373373373374,0.33766266266266265,0.2061862131417322,0.7938137868582679,1043.504156373299,503.51223664990755,0.024473524150551935,0.012345396250954162,0.042638083095595594,0.040785425304675146
Bubble,125.8682191175792,0.6613383383383383,0.3386616616616617,0.20663673341186892,0.7933632665881312,1043.0020783102998,504.9417057845741,0.024464076805687532,0.012379889370743647,0.04263402566116116,0.040787255092752314
Bubble,126.03394984736215,0.6603393393393394,0.3396606606606606,0.20708898500023293,0.7929110149997671,1042.4988248928366,506.37020907324614,0.02445460009137997,0.012414353576650546,0.04262996822672673,0.04078909191257845
Bubble,126.19879470908603,0.6593403403403404,0.3406596596596596,0.2075429644901582,0.7924570355098417,1041.9943916003133,507.7977372828386,0.0244450938931897,0.012448788632641091,0.0426259107922923,0.04079093575027677
Bubble,126.36275586351617,0.6583413413413414,0.34165865865865863,0.20799866847465623,0.7920013315253438,1041.4887738886976,509.2242811477014,0.024435558096083745,0.012483194301990743,0.042621853357857856,0.04079278659200982
Bubble,126.52583547358937,0.6573423423423423,0.34265765765765765,0.2084560935555062,0.7915439064444939,1040.9819671903629,510.64983136972313,0.024425992584431667,0.012517570347288176,0.04261779592342343,0.0407946444239757
Bubble,126.68803570413979,0.6563433433433433,0.3436566566566567,0.20891523664947076,0.7910847633505292,1040.473966913818,512.0743792134311,0.024416397241999014,0.012551916544639956,0.04261373848898899,0.04079650923365183
Bubble,126.84935872281301,0.6553443443443444,0.3446556556556556,0.20937609381418615,0.7906239061858138,1039.964768444027,513.4979142327196,0.024406771951954447,0.01258623262941383,0.04260968105455456,0.040798381005026314
Bubble,127.00980669861772,0.6543453453453454,0.3456546546546546,0.20983866193333905,0.790161338066661,1039.4543671415374,514.9204275384448,0.02439711659684907,0.01262051837423354,0.042605623620120124,0.04080025972544226
Bubble,127.16938180282517,0.6533463463463464,0.34665365365365364,0.21030293763615512,0.789697062363845,1038.9427583427948,516.3419097060715,0.02438743105862348,0.012654773539037099,0.04260156618568568,0.04080214538120924
Bubble,127.32808620869446,0.6523473473473473,0.34765265265265266,0.21076891755637256,0.7892310824436275,1038.4299373598606,517.7623512794111,0.02437771521860085,0.012688997883102526,0.042597508751251255,0.04080403795865521
Bubble,127.48592209143973,0.6513483483483484,0.3486516516516516,0.211236598331456,0.788763401668544,1037.9158994802528,519.1817427709096,0.02436796895748293,0.012723191165056328,0.04259345131681682,0.04080593744412321
Bubble,127.64289162820235,0.6503493493493494,0.3496506506506506,0.21170597660190638,0.7882940233980936,1037.4006399667862,520.6000746621163,0.024358192155345973,0.01275735314288622,0.04258939388238238,0.04080784382396864
Bubble,127.7989969980022,0.6493503503503504,0.3506496496496496,0.21217704901043122,0.7878229509895688,1036.8841540574028,522.0173374038145,0.02434838469163643,0.012791483573945796,0.04258533644794795,0.04080975708455587
Bubble,127.95424038171213,0.6483513513513514,0.35164864864864864,0.21264981220129742,0.7873501877987026,1036.366436965012,523.433521416577,0.024338546445166965,0.012825582214969402,0.042581279013513516,0.04081167721225557
Bubble,128.10862396201804,0.6473523523523523,0.35264764764764767,0.21312426281964975,0.7868757371803504,1035.8474838773193,524.8486170911904,0.02432867729411206,0.012859648822083784,0.04257722157907908,0.040813604193442016
Bubble,128.26214992338865,0.6463533533533534,0.3536466466466466,0.21360039751075582,0.7863996024892442,1035.327289956666,526.2626147889677,0.02431877711600399,0.012893683150817197,0.04257316414464465,0.040815538014489935
Bubble,128.41482047774917,0.6453543543543544,0.3546456456456456,0.21407849016796576,0.7859215098320343,1034.8058503534105,527.6760386825207,0.024308845788046853,0.012927697678189732,0.04256910671021021,0.0408174797878172
Bubble,128.56663776369464,0.6443553553553554,0.3556446446446446,0.21455800251738374,0.7854419974826162,1034.2831601526996,529.0878486697777,0.02429888318586585,0.012961667600782451,0.04256504927577578,0.04081942732722435
Bubble,128.71760399460405,0.6433563563563564,0.35664364364364365,0.2150391901073053,0.7849608098926947,1033.759214452251,530.498533906347,0.024288889185334155,0.012995604562991734,0.04256099184134134,0.04082138167062082
Bubble,128.86772136174363,0.6423573573573574,0.35764264264264256,0.21552204964565375,0.7844779503543462,1033.234008311254,531.9080847652601,0.024278863661372236,0.01302950832102994,0.04255693440690691,0.04082334280463582
Bubble,129.0169920579784,0.6413583583583584,0.3586416416416416,0.21600657784075805,0.783993422159242,1032.707536762675,533.3164915986416,0.024268806488236632,0.01306337863072113,0.042552876972472474,0.040825310715900245
Bubble,129.1654182777572,0.6403593593593594,0.3596406406406406,0.2164927714009847,0.7835072285990152,1032.1797948130918,534.7237447386912,0.024258717539515702,0.013097215247525995,0.04254881953803804,0.0408272853910451
Bubble,129.31300221707542,0.6393603603603604,0.36063963963963963,0.2169806270343797,0.7830193729656203,1031.6507774425165,536.1298344986699,0.024248596688125193,0.013131017926566835,0.042544762103603605,0.040829266816700134
Bubble,129.45974607344343,0.6383613613613613,0.36163863863863865,0.21747014144836838,0.7825298585516317,1031.1204796042216,537.5347511739684,0.02423844380630378,0.013164786422654522,0.04254070466916917,0.040831254979492554
Bubble,129.60565204585572,0.6373623623623624,0.36263763763763757,0.21796131134945626,0.7820386886505438,1030.588896224562,538.9384850431709,0.024228258765608583,0.013198520490315316,0.042536647234734735,0.04083324986604582
Bubble,129.75072233475115,0.6363633633633634,0.3636366366366366,0.2184541334429258,0.7815458665570743,1030.0560222027975,540.3410263691189,0.024218041436910687,0.013232219883817693,0.0425325898003003,0.04083525146297845
Bubble,129.89495914200396,0.6353643643643644,0.3646356356356356,0.2189486044326865,0.7810513955673135,1029.5218524109196,541.7423654002577,0.0242077916903907,0.013265884357205885,0.042528532365865866,0.04083725975690336
Bubble,130.0383646708684,0.6343653653653654,0.36563463463463464,0.21944472175275279,0.7805552782472474,1028.9863816934667,543.142493767822,0.024197509395534108,0.013299513697544584,0.04252447493143143,0.04083927473739881
Bubble,130.18094112596629,0.6333663663663665,0.36663363363363355,0.2199424807634249,0.7800575192365751,1028.4496048673466,544.5413991365187,0.02418719442112676,0.013333107597638357,0.042520417496997,0.04084129638562065
Bubble,130.32269071325925,0.6323673673673674,0.36763263263263257,0.22044187879123328,0.7795581212087668,1027.9115167216578,545.939072917948,0.024176846635250337,0.013366665839573936,0.04251636006256257,0.04084332469071059
Bubble,130.46361563999838,0.6313683683683684,0.3686316316316316,0.22094291253553397,0.7790570874644661,1027.3721120174994,547.3355053205858,0.024166465905277545,0.01340018817693193,0.04251230262812813,0.04084535963926308
Bubble,130.603718114731,0.6303693693693694,0.3696306306306306,0.22144557869396858,0.7785544213060314,1026.8313854878015,548.7306865458086,0.024156052097867756,0.013433674363249541,0.04250824519369369,0.04084740121786555
Bubble,130.743000347245,0.6293703703703704,0.37062962962962964,0.22194987396579308,0.7780501260342069,1026.2893318371316,550.1246067957261,0.02414560507896216,0.013467124152208139,0.04250418775925926,0.04084944941311207
Bubble,130.88146454856914,0.6283713713713714,0.37162862862862855,0.22245579503927984,0.7775442049607203,1025.7459457415184,551.5172562508142,0.02413512471377925,0.01350053729710289,0.042500130324824824,0.040851504211552044
Bubble,131.01911293092195,0.6273723723723724,0.3726276276276276,0.2229633386095712,0.7770366613904287,1025.2012218482587,552.9086251053325,0.024124610866809924,0.013533913551686247,0.042496072890390396,0.040853565599762776
Bubble,131.1559477076935,0.6263733733733734,0.3736266266266266,0.22347250136859098,0.776527498631409,1024.6551547757317,554.2987035496604,0.024114063401812807,0.013567252669749213,0.042492015455955955,0.04085563356430853
Bubble,131.29197109345068,0.6253743743743744,0.3746256256256256,0.22398328000377948,0.7760167199962205,1024.1077391132278,555.6874817694554,0.024103482181809823,0.013600554405102798,0.04248795802152152,0.04085770809173535
Bubble,131.42718530403076,0.6243753753753755,0.37562462462462454,0.22449567360965003,0.7755043263903498,1023.5589694208307,557.0749545034575,0.024092867069083097,0.013633818619857619,0.04248390058708709,0.04085978917836559
Bubble,131.56159255593533,0.6233763763763764,0.37662362362362356,0.22500967444110884,0.7749903255588912,1023.008840228895,558.4611035688308,0.024082217925162304,0.01366704486926598,0.04247984315265266,0.040861876792742564
Bubble,131.69519517049986,0.6223773773773774,0.3776226226226226,0.22552616970151695,0.774473830298483,1022.4573460972352,559.8475982043366,0.024071534612217775,0.013700272783803763,0.042475785718218216,0.04086397453824271
Bubble,131.82799516792358,0.6213783783783784,0.3786216216216216,0.22604343525990186,0.7739565647400982,1021.9044813838055,561.2311821713427,0.024060816987614343,0.01373342501106212,0.04247172828378379,0.04086607541230809
Bubble,131.95999486420564,0.6203793793793794,0.37962062062062063,0.22656230327735144,0.7734376967226486,1021.3502405840884,562.6134226103062,0.024050064911900784,0.013766538762825282,0.04246767084934935,0.04086818279476097
Bubble,132.09119648039706,0.6193803803803805,0.38061961961961954,0.22708277058317197,0.7729172294168279,1020.794618108826,563.9943100024218,0.024039278243576937,0.013799613800670702,0.04246361341491492,0.04087029667272355
Bubble,132.22160223859342,0.6183813813813814,0.38161861861861857,0.22760483401674592,0.7723951659832541,1020.2376083383476,565.3738348599042,0.02402845684037232,0.013832649887048779,0.04245955598048048,0.04087241703335901
Bubble,132.35121436185875,0.6173823823823824,0.3826176176176176,0.2281284904218153,0.7718715095781847,1019.6792056223552,566.7519877163875,0.024017600559240626,0.01386564678505576,0.04245549854604605,0.0408745438638482
Bubble,132.48003507425315,0.6163833833833834,0.3836166166166166,0.22865373664829444,0.7713462633517055,1019.1194042797432,568.1287591316357,0.024006709256355174,0.013898604258546457,0.042451441111611615,0.04087667715139705
Bubble,132.6080666012629,0.6153843843843844,0.38461561561561564,0.22918057457780885,0.7708194254221911,1018.5581985986751,569.5041490929474,0.023995782787110304,0.013931522295160367,0.04244738367717718,0.04087881690364777
Bubble,132.73531116803747,0.6143853853853855,0.38561461461461455,0.22970899178962953,0.7702910082103706,1017.9955828353632,570.8781308393901,0.023984821006092265,0.013964400248099277,0.04244332624274274,0.040880963070153584
Bubble,132.8617710018765,0.6133863863863864,0.38661361361361357,0.2302389895227376,0.7697610104772625,1017.4315512153346,572.2507032001022,0.02397382376710865,0.013997238077838769,0.04243926880830831,0.04088311565594661
Bubble,132.9874483306362,0.6123873873873874,0.3876126126126126,0.23077056467040602,0.769229435329594,1016.8660979323136,573.621856885235,0.02396279092316171,0.014030035552361365,0.04243521137387388,0.040885274648408854
Bubble,133.1123453830695,0.6113883883883884,0.3886116116116116,0.23130371414166936,0.7686962858583307,1016.29921714823,574.9915826545447,0.023951722326448148,0.014062792440968136,0.04243115393943944,0.0408874400349864
Bubble,133.23646438884552,0.6103893893893895,0.38961061061061053,0.23183843484000796,0.7681615651599921,1015.7309029930419,576.3598712788316,0.023940617828354556,0.014095508513365187,0.042427096505005,0.040889611803102695
Bubble,133.3598075785346,0.6093903903903904,0.39060960960960955,0.23237472369490786,0.767625276305092,1015.1611495645353,577.7267135997406,0.023929477279452292,0.014128183541081933,0.04242303907057057,0.04089178994028686
Bubble,133.48237718358098,0.6083913913913914,0.3916086086086086,0.23291257764280773,0.7670874223571923,1014.5899509281141,579.0921004952236,0.023918300529492183,0.014160817296652696,0.04241898163613614,0.040893974434096265
Bubble,133.60417543631763,0.6073923923923924,0.3926076076076076,0.2334519936322375,0.7665480063677624,1014.0173011166199,580.4560228901515,0.023907087427399838,0.014193409553868802,0.042414924201701704,0.04089616527213733
Bubble,133.7252047287342,0.6063933933933934,0.3936066066066066,0.23399413282605397,0.766005867173946,1013.4431942258985,581.8206252450245,0.02389583782352863,0.014226011097701613,0.04241086676726727,0.04089836717047302
Bubble,133.84546699411712,0.6053943943943945,0.39460560560560554,0.23453676847935284,0.7654632315206471,1012.8676240420081,583.1817821812677,0.023884551560869507,0.014258524189472625,0.042406809332832834,0.04090057108517889
Bubble,133.96496461102163,0.6043953953953954,0.39560460460460456,0.23508096541109888,0.764919034588901,1012.2905845852154,584.5414624942086,0.023873228487876767,0.014290995461182305,0.0424027518983984,0.04090278134101717
Bubble,134.0836998153531,0.6033963963963964,0.3966036036036036,0.23562672118250488,0.7643732788174952,1011.7120697561734,585.899658277496,0.02386186845012552,0.014323424714691278,0.042398694463963965,0.04090499792808275
Bubble,134.20167484388855,0.6023973973973974,0.3976026026026026,0.23617403340634277,0.7638259665936573,1011.1320734219787,587.2563617422669,0.023850471292340244,0.014355811754772095,0.04239463702952953,0.04090722083667987
Bubble,134.31889193425351,0.6013983983983985,0.3986016016016015,0.23672289971861282,0.7632771002813873,1010.5505894159629,588.6115651653043,0.02383903685838943,0.014388156387881011,0.042390579595095096,0.040909450057207156
Bubble,134.43535332492095,0.6003993993993995,0.39960060060060054,0.23727331782133831,0.7627266821786617,1009.9676115374883,589.9652609681116,0.02382756499128039,0.014420458424028913,0.04238652216066066,0.04091168558033136
Bubble,134.5510612985525,0.5994004004004004,0.40059959959959957,0.23782557539300903,0.7621744246069909,1009.3831335785683,591.3179729431089,0.023816055533786896,0.014452730244835262,0.042382464726226234,0.0409139285744587
Bubble,134.66601801326408,0.5984014014014014,0.4015985985985986,0.23837911694599226,0.7616208830540078,1008.7971492193669,592.668679094742,0.023804508325983253,0.01448494765850384,0.042378407291791785,0.040916176783476144
Bubble,134.78022575068752,0.5974024024024024,0.4025975975975976,0.23893421761612546,0.7610657823838746,1008.2096521811904,594.0178808762269,0.023792923208853373,0.014517122520176057,0.04237434985735736,0.0409184313248479
Bubble,134.893686750005,0.5964034034034035,0.4035965965965965,0.23949085355889468,0.7605091464411053,1007.6206361238527,595.3655313830894,0.02378130002186899,0.014549253710152355,0.04237029242292293,0.04092069210172945
Bubble,135.0064032551719,0.5954044044044045,0.40459559559559555,0.24004903316806683,0.7599509668319332,1007.0300946746272,596.7116426985862,0.023769638603672278,0.014581341504104206,0.04236623498848849,0.04092295914821211
Bubble,135.11837750973388,0.5944054054054054,0.40559459459459457,0.24060875462189063,0.7593912453781093,1006.4380214248267,598.0562082363427,0.02375793879199467,0.014613385736201408,0.042362177554054053,0.04092523245689681
Bubble,135.22961175805614,0.5934064064064064,0.4065935935935936,0.24117001616035547,0.7588299838396445,1005.8444099303515,599.3992215450106,0.023746200423669414,0.014645386243923133,0.042358120119619626,0.040927512020635284
Bubble,135.34010824533138,0.5924074074074074,0.4075925925925926,0.2417328160857795,0.7582671839142207,1005.2492537114953,600.7406763091728,0.02373442333462656,0.014677342868077486,0.042354062685185184,0.0409297978325324
Bubble,135.44986921757933,0.5914084084084085,0.40859159159159153,0.24229715276336122,0.7577028472366387,1004.652546252734,602.0805663500894,0.023722607359887498,0.014709255452817182,0.04235000525075076,0.04093208988594839
Bubble,135.5588969216129,0.5904094094094094,0.40959059059059055,0.24286302462109993,0.7571369753789,1004.054281002497,603.418885625224,0.02371075233355917,0.01474112384562629,0.042345947816316315,0.04093438817449859
Bubble,135.66719360725688,0.5894104104104104,0.4105895895895896,0.2434304442095986,0.7565695557904014,1003.45445137438,604.7556536181273,0.02369885808886225,0.01477294849693437,0.04234189038188188,0.04093669274915729
Bubble,135.77476151892233,0.5884114114114114,0.4115885885885886,0.24399938391555986,0.7560006160844402,1002.8530507415376,606.090817259877,0.02368692445799826,0.014804728143733306,0.04233783294744745,0.040939003497773054
Bubble,135.88160290772896,0.5874124124124125,0.4125875875875875,0.2445698547087841,0.755430145291216,1002.2500724442306,607.4243932548931,0.023674951272327414,0.014836463171129442,0.04233377551301302,0.04094132046489973
Bubble,135.98772002368057,0.5864134134134135,0.41358658658658654,0.24514185529494983,0.7548581447050503,1001.6455097846141,608.7563761476335,0.023662938362245034,0.014868153440901798,0.042329718078578576,0.04094364364528045
Bubble,136.09311525557908,0.5854144144144144,0.41458558558558556,0.24571613754281765,0.7542838624571823,1001.0393561177075,610.088112280157,0.023650885559330388,0.014899830715965432,0.04232566064414415,0.040945976092630156
Bubble,136.19779059252897,0.5844154154154154,0.4155845845845846,0.24629125520248826,0.7537087447975117,1000.4316045005074,611.4170005402641,0.023638792688056333,0.014931433597082024,0.042321603209709714,0.040948311933004904
Bubble,136.30174841248197,0.5834164164164164,0.4165835835835836,0.24686790338284592,0.7531320966171541,999.8222482047846,612.7442873501438,0.023626659577903667,0.014962991494736988,0.04231754577527528,0.04095065398958943
Bubble,136.40499096863533,0.5824174174174175,0.4175825825825825,0.24744608191705134,0.7525539180829486,999.2112803830348,614.0699693139005,0.02361448605546897,0.014994504319603903,0.04231348834084084,0.040953002261706103
Bubble,136.5075205147141,0.5814184184184185,0.41858158158158154,0.24802578902734554,0.7519742109726546,998.5986941496205,615.394040172648,0.02360227194638099,0.015025971914915228,0.0423094309064064,0.04095535674213457
Bubble,136.60933930528935,0.5804194194194194,0.41958058058058056,0.24860702435545032,0.7513929756445497,997.9844825807646,616.7164962232674,0.02359001707530005,0.015057394184283425,0.042305373471971976,0.04095771742941966
Bubble,136.71044959559626,0.5794204204204204,0.4205795795795796,0.249189787381763,0.7508102126182369,997.3686387142182,618.037333488487,0.023577721265909752,0.01508877102493701,0.04230131603753754,0.040960084321451026
Bubble,136.8108536415372,0.5784214214214215,0.4215785785785785,0.24977407773322552,0.7502259222667744,996.7511555490396,619.3565482658098,0.023565384340911252,0.015120102340664262,0.0422972586031031,0.04096245741671349
Bubble,136.9105530464071,0.5774224224224225,0.4225775775775775,0.25035972188512007,0.7496402781148799,996.1320256062678,620.6738288578543,0.023553006111635143,0.015151380776911404,0.04229320116866867,0.04096483601043641
Bubble,137.009545827672,0.5764234234234235,0.42357657657657655,0.2509455462584326,0.7490544537415674,995.5112389409418,621.9870900257596,0.02354058633102679,0.015182557196589213,0.04228914373423424,0.040967215336128626
Bubble,137.10783911665501,0.5754244244244244,0.42457557557557557,0.2515327950959155,0.7484672049040847,994.8887916974675,623.2985470596452,0.02352812489594417,0.015213683810797208,0.0422850862997998,0.04096960044728207
Bubble,137.20543550771885,0.5744254254254254,0.4255745745745746,0.25212296056217015,0.7478770394378299,994.2646769458742,624.6108285382224,0.023515621630492756,0.015244822515592447,0.04228102886536536,0.04097199740432326
Bubble,137.3023366218109,0.5734264264264265,0.4265735735735735,0.25271316643144576,0.7472868335685544,993.638887054971,625.9188570975601,0.023503076342124143,0.015275853721489811,0.042276971430930926,0.040974394525461325
Bubble,137.39854501912578,0.5724274274274275,0.42757257257257253,0.25330478919425975,0.7466952108057403,993.0114149900294,627.225061570424,0.02349048885232583,0.015306834631989421,0.0422729139964965,0.040976797401312486
Bubble,137.494062957421,0.5714284284284284,0.42857157157157155,0.25389782290878943,0.7461021770912104,992.3822534707351,628.5294296406016,0.02347785897670666,0.015337764951371322,0.042268856562062064,0.04097920600774404
Bubble,137.58889368660948,0.5704294294294294,0.4295705705705706,0.2544962537012146,0.7455037462987852,991.7513958611453,629.8389388519424,0.023465186546050756,0.01536880886450546,0.04226479912762762,0.04098163653440748
Bubble,137.6830375611085,0.5694304304304305,0.4305695695695695,0.2550922937039312,0.7449077062960687,991.1188334870315,631.1399388537204,0.02345247134284602,0.0153996451217681,0.042260741693193195,0.04098405735087852
Bubble,137.77649775667305,0.5684314314314315,0.4315685685685685,0.25568973667562933,0.7443102633243707,990.4845595762174,632.439081938527,0.023439713194508736,0.015430430285598425,0.04225668425875877,0.04098648386550807
Bubble,137.86927708687531,0.5674324324324325,0.43256756756756753,0.2562906772451154,0.7437093227548847,989.848567071756,633.7400147128089,0.023426911921649144,0.015461250108888464,0.042252626824324326,0.04098892458563104
Bubble,137.9613767603556,0.5664334334334334,0.43356656656656656,0.25689107508812564,0.7431089249118744,989.2108477547783,635.035691394566,0.023414067317306532,0.015491938870698016,0.0422485693898899,0.040991363101470425
Bubble,138.05279953494647,0.5654344344344344,0.4345655655655656,0.25749286907940083,0.7425071309205993,988.5713944440818,636.3294933424976,0.023401179199004044,0.015522576102181192,0.04224451195545545,0.04099380728776599
Bubble,138.14354766828168,0.5644354354354355,0.4355645645645645,0.258096052784298,0.741903947215702,987.9301995678875,637.621407829951,0.023388247374948167,0.015553161499322109,0.04224045452102102,0.04099625711838342
Bubble,138.23362341775328,0.5634364364364365,0.4365635635635635,0.2587006205600734,0.7412993794399266,987.2872555116738,638.911423600852,0.023375271652259746,0.015583694792944679,0.042236397086586594,0.040998712570404744
Bubble,138.32302904007304,0.5624374374374375,0.43756256256256254,0.25930656626559107,0.740693433734409,986.6425546176213,640.1995286308967,0.023362251836960255,0.015614175696082531,0.04223233965215216,0.04100117361888771
Bubble,138.4117667912141,0.5614384384384384,0.43856156156156156,0.2599138835655644,0.7400861164344357,985.996089184335,641.485710660377,0.02334918773396472,0.01564460391651504,0.04222828221771772,0.04100364023810154
Bubble,138.49983991732176,0.5604394394394395,0.4395605605605605,0.2605256828711088,0.7394743171288911,985.3478521787844,642.7753181285988,0.023336079163942088,0.015675105052543128,0.04222422478328329,0.04100612506098101
Bubble,138.5872487953208,0.5594404404404405,0.4405595595595595,0.2611359578438317,0.7388640421561683,984.6978344654009,644.058008785946,0.02332292589769304,0.01570543619604626,0.04222016734884885,0.04100860369278272
Bubble,138.6739965743837,0.5584414414414415,0.4415585585585585,0.26174759853153856,0.7382524014684614,984.0460288516438,645.3387612589311,0.023309727751955837,0.015735714284926552,0.04221610991441442,0.04101108787143584
Bubble,138.76008550704964,0.5574424424424425,0.44255755755755755,0.26236059839997233,0.7376394016000276,983.3924274590855,646.6175632299536,0.02329648452714972,0.015765939026411633,0.04221205247997998,0.041013577570401485
Bubble,138.84551784449673,0.5564434434434434,0.44355655655655657,0.26297495071411536,0.7370250492858845,982.7370223640388,647.8944021463998,0.023283196022544854,0.015796110122505737,0.042207995045545545,0.04101607276232538
Bubble,138.9302958363297,0.5554444444444445,0.4445555555555555,0.2635906485487852,0.7364093514512148,982.079805597144,649.1692652426763,0.023269862036252035,0.015826227270514914,0.04220393761111112,0.0410185734190809
Bubble,139.01442173048756,0.5544454454454455,0.4455545545545545,0.26420768479046813,0.7357923152095318,981.4207691430388,650.4421395474128,0.023256482365214323,0.015856290163224044,0.04219988017667668,0.041021079511776484
Bubble,139.09789863981052,0.5534464464464465,0.44655355355355353,0.26482832213485397,0.7351716778651461,980.7599055808488,651.7168653325851,0.023243056820385445,0.015886388851128228,0.04219582274224224,0.04102360023035072
Bubble,139.18072716147773,0.5524474474474474,0.44755255255255255,0.2654481725351889,0.734551827464811,980.0972055872131,652.9859851299594,0.023229585167554977,0.015916348436019464,0.04219176530780781,0.04102611775275167
Bubble,139.26291032492955,0.5514484484484484,0.4485515515515516,0.266069347723977,0.7339306522760229,979.4326615864443,654.2530899381549,0.023216067213848557,0.015946253141242463,0.04218770787337338,0.041028640655780935
Bubble,139.34445037005747,0.5504494494494495,0.4495505505505505,0.2666918402024064,0.7333081597975937,978.7662653756123,655.5181665325958,0.023202502751448258,0.015976102654708852,0.042183650438938944,0.04103116890898208
Bubble,139.42534955092322,0.5494504504504505,0.4505495495495495,0.2673156835625508,0.7326843164374491,978.0980087163763,656.7812710327396,0.023188891571616677,0.016005898289369165,0.0421795930045045,0.0410337026487893
Bubble,139.50561007415325,0.5484514514514515,0.45154854854854853,0.26794079985124813,0.7320592001487519,977.4278832884746,658.0422716133031,0.02317523346359371,0.016035636954560797,0.04217553557007007,0.041036241558595844
Bubble,139.58523418145822,0.5474524524524524,0.45254754754754756,0.2685672073183113,0.7314327926816886,976.7558807512909,659.3011989237634,0.023161528216055462,0.016065319367443476,0.04217147813563564,0.04103878571252332
Bubble,139.66422410569595,0.5464534534534535,0.45354654654654647,0.26919490843997795,0.7308050915600219,976.081992710727,660.5580569896905,0.02314777561632841,0.01609494562124195,0.042167420701201205,0.04104133512062896
Bubble,139.74258206711178,0.5454544544544545,0.4545455455455455,0.26982388438608823,0.7301761156139118,975.4062107159637,661.812814224177,0.023133975450311872,0.016124514975500246,0.042163363266766764,0.0410438897064341
Bubble,139.82031029291818,0.5444554554554555,0.4555445445445445,0.2704541400307311,0.7295458599692689,974.7285262740479,663.0654788604822,0.023120127502823353,0.016154027622445305,0.042159305832332336,0.041046449489734814
Bubble,139.89741099449924,0.5434564564564565,0.45654354354354354,0.2710856540461944,0.7289143459538056,974.0489308322033,664.3160154803215,0.023106231557178412,0.01618348273279702,0.0421552483978979,0.041049014383908615
Bubble,139.9738863884436,0.5424574574574574,0.45754254254254256,0.2717184251928024,0.7282815748071976,973.367415793618,665.564422355769,0.02309228739556446,0.016212880266235543,0.04215119096346347,0.04105158438392057
Bubble,140.04973868104054,0.5414584584584585,0.4585415415415415,0.2723524399010524,0.7276475600989476,972.683972505251,666.8106773649603,0.023078294798750915,0.016242219705563755,0.04214713352902903,0.04105415943465812
Bubble,140.1236353183492,0.5404594594594595,0.4595405405405405,0.2728950067239447,0.7271049932760553,971.9975506171693,667.8989456411462,0.023064228829319862,0.016267854619891647,0.04214307609459459,0.0410563630698093
Bubble,140.1982488759701,0.5394604604604605,0.4605395395395395,0.2735295819053278,0.7264704180946722,971.3102209341451,669.1380351524182,0.0230501386082932,0.016297011775851883,0.04213901866016016,0.04105894039690849
Bubble,140.27227237031482,0.5384614614614615,0.46153853853853855,0.27420925366369175,0.7257907463363081,970.6209575186283,670.4472793416613,0.02303599977982204,0.01632780096566592,0.042134961225725735,0.04106170088375508
Bubble,140.34565726030553,0.5374624624624625,0.46253753753753746,0.2748472654748026,0.7251527345251974,969.929711677329,671.6835133240155,0.023021811174101115,0.01635687547137515,0.042130903791291294,0.04106429216872591
Bubble,140.41843049496876,0.5364634634634635,0.4635365365365365,0.27548648964768235,0.7245135103523178,969.2364939070392,672.9175551771581,0.02300757302591865,0.01638589096374043,0.04212684635685686,0.04106688837770407
Bubble,140.49059426413095,0.5354644644644645,0.4645355355355355,0.27612692196992655,0.7238730780300735,968.5412952507123,674.1493990638947,0.022993285108316913,0.016414847308225344,0.04212278892242243,0.04106948949358086
Bubble,140.56215075186773,0.5344654654654655,0.4655345345345345,0.27676855894160707,0.7232314410583929,967.8441066965513,675.3790404043033,0.02297894719295083,0.016443744399870994,0.04211873148798799,0.04107209550214134
Bubble,140.63310213656172,0.5334664664664664,0.46653353353353355,0.27741139792346536,0.7225886020765347,967.1449191777353,676.6064761062366,0.02296455905008078,0.016472582168646832,0.042114674053553555,0.04107470639266616
Bubble,140.70341566128613,0.5324674674674675,0.46753253253253246,0.2780053582112026,0.7219946417887976,966.4436953684085,677.750162433874,0.022950119778811843,0.016499457188186947,0.04211061661911912,0.04107711876237481
Bubble,140.7731616680135,0.5314684684684685,0.4685315315315315,0.27864954834812655,0.7213504516518736,965.7404810106137,678.9716495387291,0.02293563045070375,0.01652814087565583,0.042106559184684686,0.04107973514061592
Bubble,140.8423090121624,0.5304694694694695,0.4695305305305305,0.2792949375761141,0.7207050624238859,965.0352400923562,680.1909376223688,0.02292109019594352,0.01655676541974272,0.04210250175025026,0.041082356388965395
Bubble,140.91085984751845,0.5294704704704705,0.47052952952952953,0.2799415290312972,0.7200584709687027,964.3279633211927,681.4080331842295,0.02290649877907502,0.016585330974641623,0.04209844431581582,0.04108498252016061
Bubble,140.97881632204906,0.5284714714714714,0.47152852852852856,0.2805893279813149,0.7194106720186852,963.6186413478912,682.6229461591498,0.022891855963202208,0.016613837774624825,0.04209438688138138,0.04108761355559612
Bubble,141.04618057715416,0.5274724724724725,0.47252752752752747,0.28123834080098226,0.7187616591990178,962.9072647654804,683.83568823069,0.022877161509965927,0.01664228609462413,0.042090329446946954,0.04109024952116319
Bubble,141.1129547484596,0.5264734734734735,0.4735265265265265,0.28188857653779065,0.7181114234622092,962.1938241095677,685.0462753288573,0.02286241517955074,0.016670676308405206,0.04208627201251252,0.041092890453608234
Bubble,141.1791409648258,0.5254744744744745,0.4745255255255255,0.2825400454394262,0.7174599545605738,961.4783098571916,686.254725222029,0.022847616730656925,0.01669900883233152,0.04208221457807808,0.041095536394552226
Bubble,141.24474134918955,0.5244754754754755,0.47552452452452454,0.28319276050397846,0.7168072394960215,960.760712427177,687.4610599776662,0.02283276592050824,0.016727284182645304,0.042078157143643644,0.04109818739678691
Bubble,141.30975801875107,0.5234764764764765,0.47652352352352345,0.2838467375866695,0.7161532624133305,960.041022179967,688.6653060855629,0.02281786250484719,0.01675550297821901,0.04207409970920921,0.04110084352470827
Bubble,141.3741930842429,0.5224774774774775,0.4775225225225225,0.28450199469397336,0.7154980053060266,959.3192294166805,689.8674932827948,0.02280290623791193,0.01678366591306546,0.04207004227477478,0.04110350485144957
Bubble,141.438048650646,0.5214784784784785,0.4785215215215215,0.2851585529019805,0.7148414470980196,958.595324379384,691.0676559770873,0.022787896872441992,0.01681177378938479,0.04206598484034034,0.0411061714626114
Bubble,141.50132681722252,0.5204794794794795,0.4795205205205205,0.28581643644329974,0.7141835635567002,957.8692972507968,692.2658333311889,0.022772834159670546,0.016839827519394793,0.042061927405905905,0.04110884345661447
Bubble,141.56402967771865,0.5194804804804805,0.48051951951951954,0.28647567293688,0.7135243270631199,957.1411381541423,693.4620695716739,0.022757717849320146,0.016867828132379848,0.04205786997147148,0.04111152094563313
Bubble,141.62608838317874,0.5184814814814815,0.48151851851851846,0.28706807707154064,0.7129319229284593,956.4107762583074,694.5485754162081,0.022742546241580133,0.01689326771194185,0.04205381253703704,0.041113926995026064
Bubble,141.68768070986107,0.5174824824824825,0.4825175175175175,0.2877841411827202,0.7122158588172797,955.6783522447319,695.8264970737563,0.02272732266603811,0.01692315306311795,0.0420497551026026,0.041116835289413615
Bubble,141.74858822415212,0.5164834834834835,0.4835165165165165,0.2884160090818389,0.7115839909181612,954.943666274432,696.9674088706382,0.022712042354749603,0.016949843173705754,0.04204569766816817,0.0411194016208859
Bubble,141.80892634619508,0.5154844844844845,0.4845155155155155,0.28904806347876794,0.710951936521232,954.2068054966275,698.1047622401919,0.022696707364214176,0.016976443106759623,0.04204164023373373,0.04112196870981902
Bubble,141.86869715372953,0.5144854854854856,0.48551451451451444,0.28968037730930385,0.7103196226906963,953.467759707557,699.2386839049146,0.022681317435869545,0.017002955836653944,0.042037582799299304,0.041124536852441745
Bubble,141.9279027356219,0.5134864864864865,0.48651351351351346,0.2903130330480211,0.709686966951979,952.7265186564074,700.369314573678,0.0226658723099342,0.017029384660303723,0.04203352536486487,0.04112710638372454
Bubble,141.986545194156,0.5124874874874875,0.4875125125125125,0.290946123189084,0.7090538768109159,951.9830720473684,701.4968095358905,0.022650371725455698,0.017055733210581188,0.04202946793043043,0.04112967767933247
Bubble,142.04473167827783,0.5114884884884885,0.4885115115115115,0.29165971158633286,0.7083402884136671,951.237502581072,702.7458785474166,0.02263481763424302,0.017084898352536747,0.042025410495996,0.04113257591860789
Bubble,142.10226133538524,0.5104894894894895,0.48951051051051053,0.29229619980565,0.70770380019435,950.4896205163243,703.8708029187602,0.022619205505445068,0.01711117169696637,0.042021353061561566,0.041135161015510645
Bubble,142.15923445529478,0.5094904904904906,0.49050950950950944,0.29293341008476526,0.7070665899152349,949.7395019751705,704.9930514663155,0.02260353713393209,0.017137375472199942,0.042017295627127124,0.04113774904505928
Bubble,142.21565319353283,0.5084914914914915,0.49150850850850847,0.2935714734581352,0.7064285265418647,948.9871364853464,706.1128342074459,0.022587812254148083,0.017163514568634686,0.042013238192692696,0.04114034053945021
Bubble,142.27151972840227,0.5074924924924925,0.4925075075075075,0.29421053373064515,0.7057894662693549,948.2325135385545,707.2303791712628,0.022572030599576708,0.017189594290229433,0.04200918075825826,0.04114293608274702
Bubble,142.3268362635826,0.5064934934934935,0.4935065065065065,0.2948507482040584,0.7051492517959417,947.4756225931512,708.3459333054215,0.022556191902804782,0.017215620375017834,0.04200512332382383,0.04114553631383079
Bubble,142.38160503079018,0.5054944944944946,0.4945055055055054,0.2954922884233338,0.7045077115766663,946.7164530769622,709.4597633980036,0.02254029589558889,0.01724159901593417,0.04200106588938939,0.04114814192943138
Bubble,142.43582829247129,0.5044954954954955,0.49550450450450445,0.29613534104169087,0.7038646589583092,945.9549943902209,710.5721571651634,0.02252434230892495,0.01726753688544411,0.04199700845495496,0.04115075368764083
Bubble,142.4895083447784,0.5034964964964965,0.4965035035035035,0.2967801088095565,0.7032198911904436,945.1912359088521,711.6834245096111,0.02250833087312605,0.017293441164090356,0.04199295102052052,0.04115337241193002
Bubble,142.5426475197231,0.5024974974974975,0.4975025025025025,0.2974268113633989,0.7025731886366011,944.425166987093,712.7938984505691,0.022492261317884503,0.01731931956136895,0.041988893586086096,0.04115599899435245
Bubble,142.5944369850364,0.35864164164164164,0.6413583583583584,0.2978189225999792,0.7021810774000209,797.2582363675631,712.9473745226132,0.019255295135461377,0.01732237839001786,0.04140462302752754,0.04115759155413982
Bubble,142.59524818870864,0.5014984984984985,0.4985015015015015,0.29807568663576356,0.7019243133642363,943.6567769614701,713.9039369829283,0.022476133372366335,0.01734518035809468,0.04198483615165165,0.04115863440127115
Bubble,142.64712521472975,0.5004994994994995,0.49950050050050054,0.2986268983983213,0.7013731016016788,942.8858804129699,714.8616214937247,0.022459942602881543,0.017367503816695763,0.04198077871721722,0.04116087314784479
Bubble,142.69864896840224,0.49950050050050054,0.5004994994994995,0.29927969349075945,0.7007203065092406,942.1128085900793,715.9704505575125,0.022443696882455115,0.017393322357282234,0.041976721282782785,0.04116352447511272
Bubble,142.711525608029,0.35964064064064066,0.6403593593593593,0.29923383002230197,0.7007661699776981,798.7733860919606,715.408139701978,0.019289998550562706,0.017379740588943093,0.041408680461961965,0.041163338200635585
Bubble,142.74974794535774,0.4985015015015015,0.5014984984984985,0.2998426572665365,0.7001573427334635,941.3374835483656,716.9399222738763,0.022427394338122474,0.01741590668774484,0.04197266384834835,0.041165810952488044
Bubble,142.7701344097975,0.36063963963963963,0.6393603603603604,0.29943873830941686,0.7005612616905831,800.1579343201371,715.8799004622884,0.019321541510293725,0.01739084968520134,0.0414127378963964,0.041164170435643695
Bubble,142.80021183862326,0.49750250250250255,0.5024974974974974,0.3004946813850392,0.6995053186149608,940.5596948718685,718.0404365547367,0.022411029939751425,0.017441518371276044,0.041968606413913916,0.04116845914844534
Bubble,142.83348969690846,0.36163863863863865,0.6383613613613613,0.2997710361709024,0.7002289638290976,801.5469591383952,716.5550920879309,0.019353186376100912,0.017406681392199246,0.041416795330830834,0.04116552006340812
Bubble,142.83583752027587,0.49650350350350353,0.5034964964964965,0.2970298510587044,0.7029701489412955,939.7659442742194,712.8738279115435,0.022394282010126252,0.017321940244522414,0.04196454897947948,0.041154386740074926
Bubble,142.88564202646168,0.4955045045045045,0.5044954954954954,0.2977854453116713,0.7022145546883288,938.9837034305169,714.1390948708641,0.02237780514135559,0.017351390767496075,0.041960491545045046,0.04115745558613336
Bubble,142.89652453420277,0.3626376376376377,0.6373623623623623,0.30012224708655594,0.699877752913444,802.9297376294722,717.2563731237539,0.019384674240767775,0.017423113298183798,0.04142085276526527,0.04116694650654205
Bubble,142.9299569160279,0.49450550550550554,0.5054944944944945,0.2975130617576918,0.7024869382423082,938.1943072811102,713.8287974407638,0.02236115454444315,0.01734431769523007,0.04195643411061062,0.04115634930032887
Bubble,142.9558282878111,0.36363663663663665,0.6363633633633634,0.3004160246664399,0.6995839753335602,804.2992752556216,717.8600380219705,0.0194158363018359,0.017437271723448316,0.041424910199699704,0.04116813968418275
Bubble,142.9787357248062,0.4935065065065065,0.5064934934934935,0.29826863897496025,0.7017313610250399,937.4072594932921,715.0891764967541,0.022344556703640224,0.01737364641928523,0.04195237667617618,0.0411594180771968
Bubble,143.0270067372558,0.49250750750750755,0.5074924924924924,0.29903047753129897,0.700969522468701,936.6178043340959,716.3546437661385,0.022327898263015282,0.01740308363141386,0.04194831924174174,0.04116251228449337
Bubble,143.0574171780878,0.36463563563563567,0.6353643643643643,0.3017043764154317,0.6982956235845682,805.7498801630123,720.0624044399548,0.019448949036787955,0.017488545722207982,0.04142896763413413,0.041173372324811275
Bubble,143.0747727105258,0.4915085085085085,0.5084914914914915,0.29979891808128273,0.7002010819187174,935.8259311431053,717.6256585662913,0.022311178950825416,0.017432639824477236,0.041944261807307315,0.04116563330578714
Bubble,143.11672208414313,0.36563463463463464,0.6343653653653654,0.30206090526757823,0.6979390947324217,807.1079718116761,720.755053703826,0.019479822447817232,0.017504752838848073,0.041433025068568566,0.04117482036674426
Bubble,143.12203633228157,0.49050950950950956,0.5094904904904904,0.3005743118944948,0.6994256881055052,935.0316291481353,718.9026904856364,0.022294398492557616,0.017462325714936992,0.04194020437287287,0.04116878256775949
Bubble,143.16880022209202,0.48951051051051053,0.5104894894894895,0.30135702277602805,0.6986429772239718,934.2348874652232,720.1862219868499,0.022277556610927188,0.0174921523024144,0.04193614693843844,0.04117196154800483
Bubble,143.17582118626788,0.36663363363363366,0.6333663663663663,0.3024395323342202,0.6975604676657798,808.4602752844019,721.4786162634164,0.019510550126829312,0.017521671378752494,0.041437082503003,0.04117635816057544
Bubble,143.21506693166845,0.4885115115115115,0.5114884884884885,0.3021474290963162,0.6978525709036838,933.435695097509,721.4767511178375,0.022260653025849744,0.017522130931604287,0.041932089504004004,0.04117517178327469
Bubble,143.2347257470457,0.3676326326326326,0.6323673673673673,0.30284108475190563,0.6971589152480945,809.8068420732766,722.2342183611462,0.019541133359164825,0.017539327071277422,0.04144113993743744,0.04117798906571987
Bubble,143.2608389451546,0.48751251251251254,0.5124874874874874,0.3029459261324141,0.6970540738675859,932.6340409341539,722.7747946299822,0.022243687454414032,0.017552273363460907,0.04192803206956957,0.0411784148789868
Bubble,143.2934462664272,0.36863163163163165,0.6313683683683684,0.3032664369247253,0.6967335630752747,811.147721698067,723.0230403147525,0.019571573382072455,0.01755774685747456,0.04144519737187188,0.04117971663356978
Bubble,143.30564798836866,0.4865135135135135,0.5134864864864865,0.30365860776191017,0.6963413922380899,931.8294450886981,723.9394409114932,0.022226648432034916,0.0175793205907325,0.04192397463513514,0.041181309435425
Bubble,143.34976055263346,0.48551451451451455,0.5144854854854854,0.3043366753612085,0.6956633246387915,931.022153693886,725.048279493372,0.022209541808883244,0.017605069036740473,0.0419199172007007,0.041184063406979554
Bubble,143.3790412393603,0.3696306306306307,0.6303693693693693,0.30438811134966204,0.6956118886503381,812.5362735353859,724.9109223013376,0.019603157579850206,0.017601644549406617,0.041449254806306304,0.04118427231424666
Bubble,143.39340417454738,0.4845155155155155,0.5154844844844845,0.30502505054710694,0.694974949452893,930.2123786939917,726.168757020656,0.022192372621749806,0.017631078707407183,0.041915859766266265,0.041186859242797066
Bubble,143.42695451598888,0.37062962962962964,0.6293703703703704,0.30460917017547234,0.6953908298245278,813.8450551373991,725.3646677621352,0.019632811255491035,0.01761227804120288,0.041453312240740746,0.04118517014466769
Bubble,143.4365853233027,0.48351651651651656,0.5164834834834835,0.3057247695204221,0.6942752304795778,929.4001130089798,727.3023233040753,0.02217514068353735,0.017657382864484025,0.04191180233183184,0.041189701151407195
Bubble,143.46974750172626,0.37162862862862867,0.6283713713713713,0.30472413701370743,0.6952758629862925,815.138939471985,725.6477850947741,0.019662099787292903,0.017618952540215473,0.041457369675175174,0.04118563708248117
Bubble,143.47931050909312,0.48251751751751754,0.5174824824824824,0.30643692032632713,0.6935630796736729,928.5853496349433,728.4504889064741,0.022157845808892747,0.01768401613238017,0.041907744897397396,0.04119259355190538
Bubble,143.51950486823878,0.37262762762762763,0.6273723723723723,0.30504044496157434,0.6949595550384258,816.4414680135412,726.2454152872061,0.01969159107464279,0.01763291317064059,0.04146142710960961,0.041186921767211435
Bubble,143.5215864510509,0.48151851851851857,0.5184814814814814,0.30716269189060313,0.6928373081093968,927.7680818182141,729.6148962591604,0.022140487818362815,0.017711016136965883,0.04190368746296296,0.04119554127311369
Bubble,143.55963447407245,0.37362662662662666,0.6263733733733734,0.30513279757112927,0.6948672024288707,817.7205871531121,726.4872141126052,0.019720512038983676,0.01763862330244728,0.04146548454404404,0.04118729685733514
Bubble,143.56341993198404,0.48051951951951954,0.5194804804804805,0.30790335786593676,0.6920966421340631,926.9483029135197,730.7972932377384,0.02212306653501191,0.01773842288916233,0.041899630028528534,0.0411985494879725
Bubble,143.59704796507071,0.4795205205205205,0.5204794794794795,0.3070941798434802,0.6929058201565199,926.1180019495674,729.6842940409737,0.022105390727614017,0.017712820375450446,0.04189557259409409,0.0411952630114343
Bubble,143.63815165816698,0.47852152152152155,0.5214784784784785,0.307881482580198,0.6921185174198021,925.2932812686907,730.9332430456848,0.02208784470416391,0.0177417610188428,0.041891515159659665,0.04119846064149948
Bubble,143.65265620904162,0.3746256256256256,0.6253743743743744,0.3066493639927437,0.6933506360072562,819.0956142054771,728.9574293528359,0.019751740075416427,0.017695952056524744,0.04146954197847848,0.04119345639185653
Bubble,143.67897618331511,0.47752252252252253,0.5224774774774774,0.30871328207439225,0.6912867179256078,924.4661796583706,732.2433461963434,0.02207023844041134,0.017772103480202046,0.04188745772522522,0.04120183899514515
Bubble,143.68976917895773,0.37562462462462465,0.6243753753753754,0.30671731160092536,0.6932826883990747,820.3589815354281,729.1536251369126,0.0197802696932065,0.01770059626415515,0.04147359941291292,0.041193732361067166
Bubble,143.71884784337016,0.47652352352352356,0.5234764764764764,0.30981110597959316,0.690188894020407,923.6359814156167,733.9363212604056,0.02205255483086227,0.01781126576085815,0.04188340029079079,0.04120629780693612
Bubble,143.71981214295843,0.37662362362362367,0.6233763763763763,0.3066146630878602,0.6933853369121398,821.6045161929225,729.0814793690921,0.01980836379491546,0.017699024012304197,0.04147765684734735,0.041193315454131345
Bubble,143.75368423907946,0.47552452452452454,0.5244754754754755,0.30941997846170183,0.6905800215382981,922.7983750711687,733.4432162379754,0.022034690903252996,0.01779998523763592,0.04187934285635636,0.041204709242522196
Bubble,143.75600310394154,0.37762262262262264,0.6223773773773773,0.30669991063220964,0.6933000893677903,822.8571239763288,729.300199002597,0.01983662291260988,0.017704184797734848,0.041481714281781774,0.041193661687032715
Bubble,143.7931572384129,0.47452552552552557,0.5254744744744744,0.3102735928624662,0.6897264071375339,921.9634878972093,734.7749992475437,0.022016888448826117,0.017830806093614728,0.04187528542192192,0.041208176197410906
Bubble,143.82598687318296,0.47352652652652655,0.5264734734734735,0.31010570243846325,0.6898942975615368,921.1194143411624,734.6041593607684,0.021998863148136556,0.017826955306389707,0.041871227987487485,0.04120749431045382
Bubble,143.8418939290641,0.37862162162162166,0.6213783783783784,0.3081990670645578,0.6918009329354422,824.1971239723521,731.7105601473515,0.019866983061331958,0.01776007259932494,0.04148577171621622,0.041199750510882704
Bubble,143.8645484896913,0.4725275275275276,0.5274724724724724,0.310965161475643,0.689034838524357,920.2792409814941,735.9390432992919,0.021980927510143987,0.01785783676948673,0.04186717055305306,0.04121098500333332
Bubble,143.87515758270737,0.37962062062062063,0.6203793793793794,0.3082586703331267,0.6917413296668732,825.434706320694,731.8826644348344,0.01989486877189875,0.017764145535801086,0.04148982915065065,0.04119999258955799
Bubble,143.8957992526939,0.47152852852852856,0.5284714714714714,0.31075906928144875,0.6892409307185511,919.4290703721798,735.7097399950876,0.021962749587375135,0.017852635246813905,0.04186311311861862,0.041210147959886596
Bubble,143.90788356457918,0.38061961961961965,0.6193803803803803,0.30832509558613846,0.6916749044138616,826.6668958010703,732.0630990698991,0.019922619061146576,0.017768408666767637,0.041493886585085085,0.04120026237572311
Bubble,143.93345861289905,0.47052952952952953,0.5294704704704705,0.3116240824359341,0.6883759175640659,918.5835581020922,737.0474484932831,0.021944679426897942,0.017883571292615426,0.04185905568418419,0.041213661210813546
Bubble,143.94007054397127,0.3816186186186186,0.6183813813813814,0.3083983121485043,0.6916016878514957,827.8937245703319,732.2518127870895,0.0199502347436999,0.01777286078934075,0.04149794401951952,0.04120055974479115
Bubble,143.9633038486774,0.46953053053053057,0.5304694694694694,0.3114091783770517,0.6885908216229482,917.727399676632,736.8028864622875,0.021926351404927342,0.017878015913526252,0.04185499824974975,0.04121278837797839
Bubble,143.9717172246419,0.38261761761761764,0.6173823823823823,0.3084782976898342,0.6915217023101659,829.1152247980905,732.4487662217875,0.0199777166341721,0.01777750097418847,0.041502001453953954,0.04120088460606726
Bubble,144.0000804172057,0.46853153153153154,0.5314684684684685,0.3122814497913241,0.687718550208676,916.8765073627819,738.1459281098125,0.021908145659350425,0.01790906439900652,0.04185094081531532,0.04121633110832747
Bubble,144.02808401558298,0.4675325325325326,0.5324674674674674,0.3119986146975181,0.688001385302482,916.0138091533947,737.7998059322139,0.021889654262087905,0.017901165624949714,0.041846883380880884,0.04121518237359398
Bubble,144.04705956582316,0.3836166166166166,0.6163833833833834,0.30988930450255275,0.6901106954974472,830.4104802332474,734.6871386369996,0.020006970126126823,0.017829349276147502,0.041506058888388396,0.04120661541023712
Bubble,144.0687489709558,0.46653353353353355,0.5334664664664664,0.31363442002674985,0.6863655799732501,915.1627173304373,740.2473752167258,0.0218714366592192,0.017957656016503717,0.04184282594644645,0.04122182619693864
Bubble,144.07595938785988,0.38461561561561564,0.6153843843843844,0.30994428735417145,0.6900557126458285,831.6179440416092,734.8395108895261,0.020034102953943648,0.01783295039514355,0.041510116322822824,0.04120683872308897
Bubble,144.0908071417925,0.4655345345345346,0.5344654654654655,0.3126197980194249,0.6873802019805751,914.2888828875755,738.8358303467983,0.02185267194528159,0.017925205316408392,0.04183876851201201,0.0412177053096559
Bubble,144.12123007192662,0.38561461461461466,0.6143853853853853,0.3105293111317061,0.689470688868294,832.8500353257431,735.79908878571,0.02006182370858698,0.01785520768613124,0.04151417375725726,0.04120921479716143
Bubble,144.13111107681132,0.46453553553553556,0.5354644644644644,0.3142969788214976,0.6857030211785023,913.4329169703672,741.3363236920072,0.021834330713471708,0.017982898877004994,0.04183471107757758,0.041224517179483514
Bubble,144.1400968691932,0.38761261261261265,0.6123873873873873,0.30944315678552164,0.6905568432144784,835.1757626226591,734.2738224237621,0.020113914484404416,0.017820102564966397,0.04152228862612613,0.0412048033812844
Bubble,144.14853385911283,0.3866136136136136,0.6133863863863864,0.31058547317888446,0.6894145268211155,834.0460706722622,735.9484893976907,0.020088670608856888,0.01785873425165632,0.0415182311916917,0.04120944289931604
Bubble,144.1652043502052,0.46353653653653654,0.5364634634634635,0.3151312416221657,0.6848687583778342,912.5678178519324,742.6058893133713,0.021815767586063524,0.018012214776024393,0.04183065364314315,0.04122790553784843
Bubble,144.19030698699902,0.46253753753753757,0.5374624624624624,0.3148402914689801,0.6851597085310199,911.6903524765233,742.2451905554701,0.021796905201831855,0.01800398191638194,0.04182659620870871,0.041226723843801265
Bubble,144.19548274414967,0.44555455455455456,0.5544454454454455,0.29600412117383246,0.7039958788261677,895.882274104449,714.555295008924,0.021454342414508564,0.017364555576891698,0.04175761982332332,0.041150220738147524
Bubble,144.20572204176165,0.44355655655655657,0.5564434434434434,0.2957311827152904,0.7042688172847096,893.9807324057363,714.1682421610064,0.021412966055070624,0.017355617266156628,0.04174950495445446,0.04114911219859815
Bubble,144.2158944686055,0.3886116116116116,0.6113883883883884,0.31117788961269155,0.6888221103873085,836.4477069541554,736.9709041396069,0.02014257902042018,0.017882500349924474,0.04152634606056056,0.04121184899866195
Bubble,144.22425521565896,0.46153853853853855,0.5384614614614615,0.31577542210061643,0.6842245778993835,910.8204755435496,743.6557648791772,0.021778220601562575,0.018036535339042432,0.041822538774274276,0.04123052187686165
Bubble,144.23573793711472,0.38961061061061064,0.6103893893893894,0.31106747177544186,0.6889325282245581,837.6183524010163,736.8609563160117,0.020168798805481416,0.017880027048857935,0.041530403494995,0.041211400536615955
Bubble,144.23577337394897,0.4445555555555556,0.5554444444444444,0.29730408594094837,0.7026959140590516,894.9765046822058,716.6129300521644,0.021434734031709098,0.01741232449032551,0.041753562388888894,0.04115550054504916
Bubble,144.24493192126567,0.4425575575575576,0.5574424424424425,0.2970022663448533,0.7029977336551467,893.068414192522,716.1812680498905,0.021393192964675484,0.017402354267880265,0.041745447520020025,0.04115427470475962
Bubble,144.2476945324464,0.4605395395395396,0.5394604604604605,0.31544510448366725,0.6845548955163328,909.936388861469,743.2361308084438,0.021759192579635503,0.01802694415816886,0.04181848133983985,0.041229180291860415
Bubble,144.2557990439736,0.3906096096096096,0.6093903903903903,0.3109852918081017,0.6890147081918984,838.7854189851539,736.7921635681772,0.020194927301700662,0.01787850258308353,0.04153446092942943,0.041211066762678605
Bubble,144.25880152810782,0.4465535535535536,0.5534464464464464,0.29919591486059155,0.7008040851394084,896.9126567096981,719.5067445335416,0.02147693089944287,0.017479375280936134,0.04176167725775776,0.04116318420820629
Bubble,144.28001441320848,0.45954054054054055,0.5404594594594594,0.31628881029799066,0.6837111897020093,909.0599976534733,744.5099133489656,0.021740344903710556,0.018056338598583882,0.04181442390540541,0.041232607003025286
Bubble,144.28626295092857,0.4415585585585586,0.5584414414414414,0.29834131167903666,0.7016586883209633,892.1563732877378,718.2928663464478,0.021373422673717408,0.017451357403871295,0.04174139008558558,0.04115971323738441
Bubble,144.30031888285737,0.4395605605605606,0.5604394394394394,0.298370277452195,0.701629722547805,890.2378172283385,718.3705969055193,0.021331606795906205,0.017453196029090325,0.04173327521671672,0.04115983088187209
Bubble,144.3028835689157,0.4585415415415416,0.5414584584584584,0.3160562150618914,0.6839437849381087,908.1704496327571,744.2291081631089,0.021721178891443146,0.018049941873134388,0.04181036647097098,0.041231662317473876
Bubble,144.30583520045747,0.4405595595595596,0.5594404404404404,0.2992126541024589,0.7007873458975412,891.2144079265919,719.6485549395752,0.021352931567897197,0.01748279148442341,0.04173733265115115,0.04116325219463714
Bubble,144.31614686189135,0.39160860860860863,0.6083913913913914,0.3122656453546674,0.6877343546453326,840.0167930108548,738.7831972141256,0.020222598833511143,0.01792455388240379,0.04153851836386387,0.04121626691860798
Bubble,144.32020071731597,0.43856156156156156,0.5614384384384384,0.29929131645837936,0.7007086835416205,889.2907130236282,719.8010782584843,0.021310984492050798,0.017486361091858586,0.04172921778228229,0.0411635716817957
Bubble,144.3343655794797,0.45754254254254256,0.5424574574574574,0.3169097932787342,0.6830902067212657,907.2883704199133,745.5122689839365,0.02170218781158104,0.018079542487104458,0.04180630903653653,0.04123512912540158
Bubble,144.33471912742385,0.3936066066066066,0.6063933933933934,0.31139747235488235,0.6886025276451175,842.2943614589989,737.5796740047803,0.020273468532111837,0.017896884775904898,0.04154663323273273,0.04121274083396935
Bubble,144.33597789918832,0.3926076076076076,0.6073923923923924,0.3122292185380952,0.6877707814619046,841.1751642591171,738.7795316545136,0.020248507659786807,0.017924529288472487,0.0415425757982983,0.04121611897109247
Bubble,144.3527687543435,0.39460560560560565,0.6053943943943944,0.3113383568654013,0.6886616431345988,843.4421976764803,737.5388561386603,0.020299113784478136,0.0178959986159512,0.04155069066716718,0.04121250073640883
Bubble,144.35494683644816,0.45654354354354354,0.5434564564564565,0.31656819137186043,0.6834318086281395,906.3913159705603,745.0722194034835,0.021682834805122814,0.01806947874527278,0.0418022516021021,0.0412337417092568
Bubble,144.37379089748345,0.45554454454454457,0.5444554554554555,0.3161499658694385,0.6838500341305616,905.489743456455,744.5190155138953,0.021663369949051103,0.018056806303635535,0.041798194167667675,0.04123204308637873
Bubble,144.40709710456827,0.45454554554554555,0.5454544544544544,0.3173358006447075,0.6826641993552924,904.6025652217412,746.2765345318824,0.02164424572268849,0.018097317453777656,0.041794136733233234,0.041236859354318485
Bubble,144.4207522980378,0.3956046046046046,0.6043953953953953,0.3131482437480946,0.6868517562519055,844.668617749201,740.3039729512436,0.02032664512088922,0.017959889333886637,0.041554748101601605,0.04121985159198289
Bubble,144.42471807320476,0.4535465465465466,0.5464534534534534,0.3169229412014845,0.6830770587985154,903.6945811438617,745.7297923625505,0.02162461991714472,0.018084794262713772,0.0417900792987988,0.04123518252568983
Bubble,144.43817364491602,0.39660360360360364,0.6033963963963964,0.3131287894056299,0.6868712105943701,845.807226765912,740.3183743172729,0.020352058146437927,0.017960273141082988,0.04155880553603604,0.04121977257817096
Bubble,144.43999125645792,0.3976026026026026,0.6023973973973974,0.3124717985383886,0.6875282014616114,846.916609047951,739.3804908312753,0.020376763016774553,0.017938681161791276,0.04156286297047047,0.04121710420976366
Bubble,144.44241111565094,0.45254754754754756,0.5474524524524524,0.316620302707319,0.683379697292681,902.7841216274923,745.3392349792592,0.021604931059431568,0.01807586162020331,0.041786021864364364,0.041233953359445775
Bubble,144.4665570307667,0.39860160160160163,0.6013983983983984,0.31282666702360795,0.687173332976392,848.0626003720683,739.9535659927811,0.020402343789510002,0.017951957228744916,0.04156692040490491,0.041218545508116385
Bubble,144.4715078562829,0.4515485485485486,0.5484514514514514,0.31749555036979193,0.6825044496302081,901.8846496645634,746.6446265528934,0.021585501351356062,0.018105958859908962,0.04178196442992993,0.04123750817782691
Bubble,144.481061053281,0.3996006006006006,0.6003993993993995,0.31276969156762735,0.6872303084323728,849.1852223600932,739.9069710173471,0.020427357413673686,0.017950927570228436,0.04157097783933935,0.04121831410230192
Bubble,144.49538575719768,0.4005995995995996,0.5994004004004003,0.31272985009353405,0.6872701499064661,850.3038568759076,739.8844402906424,0.02045227024527129,0.01795045142135515,0.04157503527377377,0.0412181522861549
Bubble,144.49671393787713,0.45054954954954957,0.5494504504504505,0.31795323478979115,0.6820467652102089,900.978093665199,747.3474104070175,0.021565898305109986,0.018122184301799068,0.0417779069954955,0.04123936706309874
Bubble,144.5100049697157,0.40159859859859864,0.5984014014014014,0.31273098705650526,0.6872690129434946,851.4192753128644,739.9213366493977,0.020477100866243388,0.017951344558515405,0.041579092708208205,0.04121815690392999
Bubble,144.51964231544068,0.4495505505505506,0.5504494494494494,0.31832941326198255,0.6816705867380174,900.0663092624325,747.9293671561505,0.021546166291109965,0.01813562408751669,0.04177384956106106,0.04124089491196354
Bubble,144.5508307308366,0.4025975975975976,0.5974024024024024,0.3137529142938818,0.6862470857061181,852.572394416868,741.4812947018178,0.02050283327483102,0.017987379658357262,0.04158315014264265,0.041222307461404595
Bubble,144.55407830080708,0.4485515515515516,0.5514484484484484,0.3199261226026376,0.6800738773973625,899.1658942204675,750.2537765225676,0.021526702634636387,0.018189125648404567,0.041769792126626626,0.041247379946950616
Bubble,144.5573495471597,0.44755255255255255,0.5524474474474474,0.31862809706126,0.6813719029387401,898.2252457920539,748.4344080549578,0.021506271885598376,0.018147336400959703,0.0417657346921922,0.04124210801621431
Bubble,144.56291177029902,0.40359659659659664,0.5964034034034034,0.3137105834896331,0.686289416510367,853.6762333830047,741.4496961937166,0.020527375679187273,0.017986688136693057,0.04158720757707708,0.04122213553484315
Bubble,144.5724860172203,0.4045955955955956,0.5954044044044045,0.3135949061919598,0.6864050938080403,854.7725651837211,741.3072792541191,0.020551732796469154,0.01798343823469836,0.04159126501151151,0.04122166571149864
Bubble,144.61155379296318,0.4055945945945946,0.5944054054054053,0.3146851215250558,0.6853148784749441,855.9110562388856,742.9553274382362,0.020577098719481293,0.01802148256555773,0.041595322445945944,0.04122609362107402
Bubble,144.62132833643417,0.4065935935935936,0.5934064064064064,0.31463655669235113,0.6853634433076488,857.000354021878,742.9093052599279,0.02060127714610638,0.01802045244819301,0.041599379880380385,0.04122589637500598
Bubble,144.6309064718178,0.4075925925925926,0.5924074074074074,0.3146060260725861,0.685393973927414,858.0858372207516,742.8884675900489,0.02062535916750299,0.018020001198145223,0.04160343731481481,0.04122577237489382
Bubble,144.66491728419055,0.40859159159159164,0.5914084084084084,0.3156354038059362,0.6843645961940636,859.2049762813011,744.43236281511,0.020650245381495947,0.018055619887278537,0.04160749474924925,0.0412299531925578
Bubble,144.6656597938134,0.4095905905905906,0.5904094094094094,0.3152901544655004,0.6847098455344998,860.2698978594642,743.9436848039481,0.020673823799266612,0.01804438107667449,0.04161155218368368,0.04122855096236164
Bubble,144.6734576048761,0.41058958958958963,0.5894104104104103,0.3152731016249798,0.6847268983750203,861.3421087960924,743.9377440822491,0.020697572778582852,0.018044267296936426,0.04161560961811812,0.04122848170224987
Bubble,144.99427530295836,0.4375625625625626,0.5624374374374375,0.36318038827678173,0.6368196117232183,889.180493741426,807.8878980750728,0.021310415258530918,0.01950333832696974,0.041725160347847845,0.04142305714698615
Dew,149.95879428287284,0.9999999837011242,1.6298875774902026e-08,0.09490590590590592,0.9050940940940941,1195.2103056515382,494.96969399392106,0.02715800696325431,0.012271937241691648,0.04400949993380212,0.040333460336836845
