Branch,Pressure [bar],x_CO2 [-],x_CH4 [-],y_CO2 [-],y_CH4 [-],rho_L [kg/m3],rho_V [kg/m3],rho_L_mol_cm3 [mol/cm3],rho_V_mol_cm3 [mol/cm3],M_liq [kg/mol],M_vap [kg/mol]
Dew,17.87186184672699,0.9999222364026373,7.776359736262687e-05,0.999,0.0010000000000000009,1045.9577774577335,46.681853816219785,0.02376781077067028,0.0010613966970791048,0.044007325182362014,0.04398153296
Dew,17.89318925905966,0.9998443417168935,0.00015565828310656454,0.9980010010010011,0.001998998998998913,1045.8606945397607,46.71126669827853,0.02376678122910897,0.0010627405528788895,0.04400514669857003,0.04395359391503503
Dew,17.914568004878298,0.9997662374603116,0.00023376253968842122,0.9970020020020021,0.0029979979979979365,1045.7633511234908,46.74075447184138,0.023765748831124072,0.001064087823166171,0.04400296235370204,0.043925654870070066
Dew,17.93599825165836,0.9996879228836091,0.000312077116390939,0.996003003003003,0.00399699699699696,1045.6657462844796,46.77031740459766,0.02376471356618577,0.001065438520558505,0.04400077212680281,0.043897715825105106
Dew,17.957480167678458,0.9996093972335847,0.0003906027664153286,0.995004004004004,0.004995995995995983,1045.5678790934671,46.799955765808406,0.02376367542370761,0.001066792657741417,0.04399857599680755,0.04386977678014014
Dew,17.97901392202421,0.9995306597530913,0.00046934024690879013,0.9940050050050051,0.0059949949949948955,1045.4697486163438,46.82966982631281,0.02376263439304609,0.001068150247468765,0.0439963739425411,0.043841837735175186
Dew,18.000599684594196,0.9994517096810076,0.0005482903189923383,0.9930060060060061,0.006993993993993919,1045.3713539141197,46.85945985854151,0.023761590463500362,0.0010695113025632615,0.04399416594271713,0.04381389869021022
Dew,18.022237626105234,0.9993725462522113,0.0006274537477887398,0.9920070070070071,0.007992992992992942,1045.2726940428922,46.8893261365279,0.023760543624311823,0.0010708758359169513,0.043991951975937436,0.04378595964524525
Dew,18.043927918097506,0.9992931686975491,0.0007068313024508016,0.991008008008008,0.008991991991991966,1045.1737680538004,46.91926893591869,0.023759493864663465,0.0010722438604916732,0.043989732020691105,0.043758020600280285
Dew,18.06567073293995,0.9992135762438102,0.0007864237561897862,0.990009009009009,0.009990990990990989,1045.0745749930036,46.94928853398529,0.023758441173679777,0.0010736153893195445,0.04398750605535369,0.04373008155531532
Dew,18.087466243836065,0.9991337681136959,0.0008662318863041017,0.9890100100100101,0.010989989989989901,1044.9751139016385,46.97938520963667,0.023757385540426106,0.00107499043550348,0.04398527405818646,0.04370214251035036
Dew,18.10931462482865,0.9990537435257918,0.0009462564742082647,0.9880110110110111,0.011988988988988925,1044.8753838157847,47.00955924342842,0.02375632695390829,0.0010763690122176242,0.043983036007335566,0.04367420346538539
Bubble,18.12398533796472,0.999,0.0010000000000000009,0.9873416126106641,0.012658387389335862,1044.8084071858473,47.02982512565454,0.023755615979462835,0.0010772948222913755,0.04398153296,0.04365548237354695
Dew,18.131216050805794,0.9989735016945379,0.0010264983054620003,0.987012012012012,0.012987987987987948,1044.7753837664288,47.03981091757623,0.023755265403072212,0.001077751132707891,0.04398079188083121,0.043646264420420425
Dew,18.15317069750644,0.9988930418302004,0.0011069581697996313,0.986013013013013,0.013986986986986971,1044.675112779433,47.07014051596766,0.02375420087680344,0.0010791368102924597,0.04397854165658689,0.04361832537545546
Dew,18.17517874152534,0.9988123631388403,0.0011876368611597411,0.9850140140140141,0.014985985985985883,1044.5745698754904,47.10054832417189,0.023753133363926666,0.0010805260583622337,0.04397628531239847,0.0435903863304905
Dew,18.197240360319608,0.998731464822285,0.0012685351777150652,0.9840150150150151,0.015984984984984907,1044.4737540700964,47.1310346294549,0.023752062853205375,0.0010819188903814204,0.04397402282594344,0.04356244728552553
Dew,18.219355732213536,0.9986503460780974,0.0013496539219025243,0.9830160160160161,0.01698398398398393,1044.372664373504,47.16159972078858,0.023750989333341264,0.0010833153198879753,0.04397175417478,0.04353450824056057
Dew,18.241525036404923,0.9985690060995464,0.0014309939004536632,0.982017017017017,0.017982982982982954,1044.271299790695,47.192243888865015,0.023749912792973976,0.0010847153604941694,0.043969479336346255,0.043506569195595604
Dew,18.263748452970116,0.9984874440755748,0.0015125559244252055,0.981018018018018,0.018981981981981977,1044.1696593213373,47.22296742610646,0.023748833220680526,0.0010861190258870544,0.043967198287959364,0.04347863015063063
Dew,18.286026162870602,0.9984056591907701,0.0015943408092299438,0.9800190190190191,0.01998098098098089,1044.0677419597484,47.25377062668027,0.023747750604974863,0.0010875263298290485,0.04396491100681464,0.04345069110566567
Dew,18.308358347957913,0.9983236506253321,0.0016763493746679195,0.9790200200200201,0.020979979979979912,1043.9655466948523,47.284653786508294,0.02374666493430733,0.0010889372861583953,0.04396261746998469,0.04342275206070071
Dew,18.330745190980306,0.9982414175550424,0.0017585824449576264,0.9780210210210211,0.021978978978978936,1043.8630725101527,47.3156172032821,0.023745576197064428,0.001090351908789758,0.043960317654418574,0.04339481301573574
Dew,18.35318687558839,0.9981589591512322,0.0018410408487677995,0.977022022022022,0.02297797797797796,1043.7603183836827,47.34666117647478,0.02374448438156809,0.0010917702117147383,0.04395801153694088,0.043366873970770776
Dew,18.37568358634099,0.9980762745807508,0.0019237254192492378,0.976023023023023,0.023976976976976982,1043.6572832879694,47.37778600735317,0.023743389476075332,0.001093192209002406,0.043955699094250844,0.0433389349258058
Bubble,18.39615970570503,0.9980010010010011,0.001998998998998913,0.9751159398913976,0.02488406010860245,1043.5634844496446,47.406122303306155,0.023742392634989447,0.0010944866964059273,0.04395359391503503,0.04331356649558032
Dew,18.39823735172161,0.9979933629620925,0.002006637037907463,0.9750240240240241,0.024975975975975895,1043.553966825742,47.40899818185604,0.023742291483904145,0.0010946180575549405,0.04395338030169536,0.04331099588084084
Dew,18.420844718434722,0.9979102235377121,0.0020897764622878805,0.9740250250250251,0.025974974974974918,1043.4503666964597,47.44028579152262,0.023741190363191122,0.0010960474897004258,0.043951055138088134,0.04328305683587588
Dew,18.443507670777972,0.9978268554198817,0.0021731445801183016,0.9730260260260261,0.02697397397397394,1043.3464824818468,47.471655174423596,0.023740086116854502,0.0010974806589105785,0.04394872357860206,0.043255117790910916
Dew,18.4662263970055,0.9977432577571963,0.0022567422428037484,0.972027027027027,0.027972972972972965,1043.2423131320093,47.50310663913607,0.023738978732886728,0.0010989175795700324,0.043946385599425826,0.04322717874594595
Dew,18.489001086310193,0.9976594296936052,0.0023405703063947873,0.9710280280280281,0.028971971971971877,1043.1378575913452,47.534640496096564,0.023737868199212822,0.001100358266143678,0.04394404117661825,0.04319923970098098
Dew,18.51183192883052,0.9975753703683788,0.0024246296316211215,0.9700290290290291,0.0299709709709709,1043.0331147985084,47.566257057616234,0.023736754503690016,0.0011018027331772726,0.04394169028610727,0.04317130065601602
Dew,18.534719115655705,0.9974910789160748,0.0025089210839252868,0.9690300300300301,0.030969969969969924,1042.9280836863636,47.597956637890896,0.023735637634107142,0.0011032509952979374,0.04393933290368903,0.043143361611051055
Dew,18.557662838832584,0.9974065544665032,0.0025934455334967713,0.968031031031031,0.03196896896896895,1042.8227631819425,47.629739553016265,0.02373451757818415,0.0011047030672147711,0.043936969005026874,0.04311542256608609
Dew,18.58066329137179,0.9973217961446936,0.002678203855306406,0.967032032032032,0.03296796796796797,1042.7171522064086,47.6616061210011,0.023733394323571654,0.001106158963719424,0.04393459856565049,0.04308748352112112
Dew,18.60372066725461,0.997236803070859,0.002763196929140921,0.9660330330330331,0.03396696696696688,1042.6112496750095,47.69355666178246,0.02373226785785037,0.0011076186996867175,0.04393222156095484,0.043059544476156154
Dew,18.626835161438528,0.997151574360362,0.0028484256396380313,0.9650340340340341,0.034965965965965906,1042.505054497033,47.72559149723663,0.02373113816853055,0.0011090822900751693,0.043929837966199224,0.043031605431191194
Dew,18.650006969865192,0.9970661091236784,0.002933890876321567,0.9640350350350351,0.03596496496496493,1042.398565575768,47.757710951197886,0.02373000524305157,0.0011105497499277026,0.04392744775650628,0.04300366638622623
Bubble,18.6673829707295,0.9970020020020021,0.0029979979979979365,0.9632875044478348,0.036712495552165186,1042.3186889996214,47.78179880754103,0.02372915536678392,0.001111650313296474,0.043925654870070066,0.042982760168392774
Dew,18.673236289465848,0.996980406466363,0.0030195935336370127,0.963036036036036,0.03696396396396395,1042.2917818084597,47.78991534946899,0.023728869068781324,0.001112021094372162,0.04392505090686103,0.04297572734126126
Dew,18.696523318167515,0.9968944654890126,0.0031055345109873723,0.9620370370370371,0.037962962962962865,1042.1847020862647,47.82220501983409,0.02372772963301571,0.001113496338621892,0.04392264739210984,0.0429477882962963
Dew,18.719868254901343,0.9968082852872306,0.0031917147127693444,0.9610380380380381,0.03896196196196189,1042.0773252942063,47.85458029207849,0.02372658692297808,0.0011149754979764774,0.04392023718695939,0.042919849251331334
Dew,18.74327129960793,0.9967218649515903,0.003278135048409672,0.9600390390390391,0.03996096096096091,1041.9696503111302,47.88704149799883,0.023725440925818693,0.0011164585878222567,0.04391782026597573,0.04289191020636637
Dew,18.766732653244635,0.996635203567598,0.0033647964324019803,0.9590400400400401,0.040959959959959935,1041.8616760096613,47.91958897141935,0.023724291628614218,0.0011179456236329892,0.043915396603583165,0.0428639711614014
Dew,18.790252517792204,0.9965483002156562,0.0034516997843438047,0.958041041041041,0.04195895895895896,1041.753401256156,47.952223048206115,0.023723139018367125,0.0011194366209704696,0.04391296617406326,0.04283603211643643
Dew,18.813831096262284,0.996461153971026,0.0035388460289739604,0.9570420420420421,0.04295795795795787,1041.6448249106577,47.98494406628406,0.02372198308200515,0.001120931595485214,0.04391052895155385,0.04280809307147147
Dew,18.83746859270272,0.9963737639037897,0.0036262360962102985,0.9560430430430431,0.043956956956956894,1041.53594582685,48.01775236564647,0.023720823806380742,0.0011224305629169721,0.04390808491004785,0.04278015402650651
Dew,18.861165212206558,0.9962861290788123,0.003713870921187681,0.9550440440440441,0.04495595595595592,1041.4267628520092,48.050648288377005,0.02371966117827046,0.001123933539095532,0.04390563402339231,0.04275221498154154
Dew,18.884921160918072,0.9961982485557037,0.0038017514442963266,0.9540450450450451,0.04595495495495494,1041.3172748269592,48.083632178661624,0.023718495184374435,0.0011254405399412951,0.043903176265287315,0.04272427593657657
Dew,18.908736646039888,0.9961101213887794,0.003889878611220534,0.9530460460460461,0.04695395395395385,1041.207480586022,48.11670438280409,0.023717325811315786,0.001126951581465936,0.04390071160928485,0.04269633689161161
Dew,18.9326118758398,0.9960217466270223,0.0039782533729776645,0.9520470470470471,0.047952952952952876,1041.097378956976,48.14986524924038,0.023716153045640103,0.0011284666797730376,0.0438982400287878,0.04266839784664665
Bubble,18.937673871920783,0.996003003003003,0.00399699699699696,0.9518355264723483,0.048164473527651804,1041.0740269043595,48.15689502540454,0.023715904286504337,0.0011287879301520583,0.043897715825105106,0.04266248224227323
Dew,18.956547059658803,0.9959331233140425,0.0040668766859575005,0.9510480480480481,0.0489519519519519,1040.9869687609946,48.18311512855722,0.02371497687381464,0.001129985851058829,0.04389576149704876,0.042640458801681685
Dew,18.980542407918254,0.995844250488038,0.004155749511961904,0.9500490490490491,0.04995095095095092,1040.8762488126133,48.21645437350763,0.023713797282228045,0.0011315091116128517,0.04389327598716898,0.04261251975671672
Dew,19.0045981321259,0.9957551271817551,0.004244872818244926,0.94905005005005,0.050949949949949946,1040.7652179196673,48.24988333902246,0.023712614257189436,0.001133036477818538,0.04389078347209723,0.04258458071175176
Dew,19.028714444884923,0.995665752422447,0.004334247577553037,0.9480510510510511,0.05194894894894886,1040.6538748832543,48.28340238223225,0.023711427784928112,0.0011345679661540326,0.04388828392462868,0.04255664166678679
Dew,19.052891559900743,0.995576125231834,0.004423874768165997,0.9470520520520521,0.05294794794794788,1040.5422184976717,48.3170118624812,0.02371023785159265,0.001136103593192832,0.043885777317403715,0.04252870262182183
Dew,19.07712969198795,0.9954862446260621,0.004513755373937932,0.9460530530530531,0.053946946946946905,1040.430247550377,48.35071214134185,0.023709044443250508,0.001137643375604444,0.043883263622906864,0.042500763576856865
Dew,19.101429057078725,0.9953961096156614,0.004603890384338548,0.9450540540540541,0.05494594594594593,1040.3179608219325,48.384503582634444,0.023707847545887315,0.0011391873301551585,0.04388074281346559,0.0424728245318919
Dew,19.12578987223032,0.9953057192055046,0.004694280794495399,0.9440550550550552,0.05594494494494484,1040.205357085951,48.418386552443174,0.02370664714540619,0.0011407354737087486,0.04387821486124912,0.04244488548692693
Dew,19.15021235563173,0.9952150723947647,0.0047849276052354004,0.9430560560560561,0.056943943943943864,1040.0924351090532,48.45236141912978,0.02370544322762732,0.001142287823227113,0.04387567973826728,0.04241694644196197
Dew,19.17469672661285,0.9951241681768719,0.004875831823128042,0.9420570570570571,0.05794294294294289,1039.9791936508013,48.4864285533551,0.023704235778286946,0.0011438443957711088,0.043873137416369314,0.042389007396997004
Dew,19.199243205651428,0.9950330055394723,0.004966994460527701,0.9410580580580581,0.05894194194194191,1039.865631463667,48.520588328093595,0.023703024783037277,0.001145405208501218,0.04387058786724265,0.04236106835203204
Bubble,19.207049483391174,0.995004004004004,0.004995995995995983,0.9407408403472075,0.059259159652792624,1039.8295035838776,48.53145091374409,0.023702639491309394,0.0011459016221565708,0.04386977678014014,0.04235219671162397
Dew,19.223852014380988,0.9949415834643827,0.00505841653561732,0.9400590590590591,0.059940940940940934,1039.7517472929587,48.5548411186508,0.023701810227445306,0.0011469702786782898,0.04386803106241173,0.04233312930706708
Dew,19.248523375599053,0.994849900927548,0.005150099072451986,0.9390600600600602,0.06093993993993985,1039.6375398767755,48.58918730268161,0.023700592096992372,0.0011485396236643058,0.043865466973236775,0.04230519026210211
Dew,19.27325751327482,0.9947579568989972,0.005242043101002835,0.9380610610610611,0.06193893893893887,1039.5230079459554,48.623627260207115,0.023699370377073564,0.0011501132609231099,0.043862895570912525,0.04227725121713714
Dew,19.298054652557205,0.9946657503427985,0.005334249657201609,0.9370620620620621,0.0629379379379379,1039.408150224021,48.65816137363211,0.02369814505299699,0.0011516912080211609,0.043860316826467065,0.042249312172172176
Dew,19.322915019783714,0.9945732802170145,0.005426719782985481,0.9360630630630631,0.06393693693693692,1039.2929654271204,48.69279002776575,0.02369691610998311,0.0011532734826283611,0.043857730710760455,0.04222137312720721
Dew,19.347838842487192,0.9944805454736577,0.00551945452634233,0.9350640640640641,0.06493593593593594,1039.177452263972,48.727513609834666,0.023695683533163973,0.0011548601025187088,0.043855137194483605,0.04219343408224225
Dew,19.37282634940533,0.9943875450586438,0.005612454941356132,0.9340650650650651,0.06593493493493485,1039.0616094358159,48.762332509505526,0.023694447307582744,0.0011564510855711803,0.043852536248156895,0.04216549503727728
Dew,19.397877770488233,0.9942942779117467,0.00570572208825325,0.9330660660660661,0.06693393393393388,1038.9454356363487,48.79724711890093,0.023693207418192808,0.0011580464497704523,0.04384992784212894,0.042137555992312316
Dew,19.422993336907574,0.9942007429665513,0.005799257033448779,0.9320670670670671,0.0679329329329329,1038.8289295516713,48.83225783262056,0.023691963849857167,0.0011596462132077575,0.04384731194657526,0.04210961694734735
Dew,19.448173281064182,0.9941069391504065,0.005893060849593435,0.9310680680680681,0.06893193193193192,1038.7120898602298,48.867365047757055,0.02369071658734771,0.001161250394081613,0.04384468853149699,0.04208167790238239
Dew,19.473417836597072,0.9940128653843793,0.005987134615620745,0.9300690690690692,0.06993093093093083,1038.5949152327591,48.902569163916645,0.023689465615344546,0.0011628590106986698,0.04384205756671956,0.04205373885741743
Bubble,19.47552539197442,0.9940050050050051,0.0059949949949948955,0.9299857260775289,0.07001427392247107,1038.5851238776454,48.905505695009275,0.023689361065363547,0.0011629932984471238,0.043841837735175186,0.0420514080006393
Dew,19.498727238391435,0.9939185205832052,0.0060814794167947965,0.9290700700700701,0.07092992992992986,1038.4774043322236,48.93787058323624,0.02368821091843524,0.0011644720814744782,0.04383941902189133,0.042025799812452455
Dew,19.52410172258869,0.9938239036552415,0.006176096344758409,0.9280710710710711,0.07192892892892888,1038.359555813759,48.973269710407294,0.02368695248111413,0.0011660896249344158,0.043836772866482285,0.04199786076748749
Dew,19.549541526592943,0.9937290135024184,0.006270986497581659,0.9270720720720721,0.0729279279279279,1038.2413683246089,49.00876695268781,0.023685690287781485,0.0011677116597143425,0.04383411906978268,0.04196992172252252
Dew,19.5750468890826,0.9936338490201891,0.006366150979810875,0.9260730730730731,0.07392692692692693,1038.122840504071,49.044362719931144,0.023684424322742974,0.0011693382045616539,0.0438314576009016,0.04194198267755756
Dew,19.600618050016617,0.993538409097482,0.006461590902517963,0.9250740740740742,0.07492592592592584,1038.003970983434,49.080057424597214,0.023683154570208764,0.0011709692783359199,0.04382878842876565,0.0419140436325926
Dew,19.626255250644977,0.9934426926166495,0.006557307383350465,0.9240750750750751,0.07592492492492486,1037.8847583859153,49.11585148177747,0.023681881014292815,0.001172604900009856,0.04382611152211755,0.04188610458762763
Dew,19.651958733517564,0.9933466984534182,0.006653301546581854,0.9230760760760761,0.07692392392392389,1037.7652013265988,49.151745309214654,0.023680603639012116,0.0011742450886701719,0.043823426849514686,0.04185816554266266
Dew,19.677728742492267,0.9932504254768377,0.006749574523162243,0.9220770770770771,0.07792292292292291,1037.645298412376,49.18773932731982,0.023679322428285934,0.0011758898635183595,0.04382073437932774,0.0418302264976977
Dew,19.703565522745308,0.9931538725492304,0.00684612745076964,0.9210780780780782,0.07892192192192182,1037.5250482418817,49.2238339591967,0.02367803736593507,0.0011775392438716603,0.04381803407973923,0.04180228745273274
Dew,19.72946932077999,0.9930570385261381,0.006942961473861894,0.9200790790790792,0.07992092092092085,1037.4044494054267,49.26002963066084,0.023676748435680947,0.0011791932491639087,0.04381532591874205,0.041774348407767774
Bubble,19.743115853943,0.9930060060060061,0.006993993993993919,0.9195537623133232,0.08044623768667686,1037.3408921046966,49.27909763212623,0.023676069081167622,0.0011800647166683013,0.04381389869021022,0.04175965685276721
Dew,19.755440384436223,0.9929599222562714,0.007040077743728568,0.9190800800800801,0.08091991991991987,1037.2835004849414,49.296326770261054,0.02367545562114504,0.001180851898946438,0.043812609864138034,0.04174640936280281
Dew,19.781478962899563,0.9928625225814564,0.007137477418543626,0.9180810810810811,0.08191891891891889,1037.1622000539087,49.33272580929953,0.02367415890584797,0.0011825152128889544,0.043809885883536494,0.04171847031783783
Dew,19.80758530671065,0.992764838336581,0.007235161663418945,0.9170820820820821,0.08291791791791792,1037.0405466772918,49.3692271818529,0.023672858273208582,0.001184183210780439,0.0438071539443527,0.04169053127287287
Dew,19.83375966777553,0.9926668683495425,0.007333131650457478,0.9160830830830832,0.08391691691691683,1036.91853891148,49.405831324796225,0.02367155370654339,0.0011858559125301248,0.04380441401380639,0.04166259222790791
Dew,19.86000229937411,0.9925686114411921,0.0074313885588078565,0.9150840840840841,0.08491591591591585,1036.7961753042132,49.442538677820885,0.023670245189065544,0.001187533338168329,0.04380166605892028,0.041634653182942946
Dew,19.88631345617138,0.9924700664252815,0.007529933574718537,0.9140850850850851,0.08591491491491487,1036.6734543945229,49.47934968346148,0.023668932703884173,0.0011892155078475058,0.0437989100465185,0.04160671413797798
Dew,19.91269339422493,0.9923712321084068,0.007628767891593208,0.9130860860860861,0.0869139139139139,1036.550374712656,49.51626478711035,0.023667616234003392,0.0011909024418430057,0.0437961459432251,0.04157877509301302
Dew,19.939142370997736,0.9922721072899536,0.007727892710046463,0.9120870870870871,0.08791291291291292,1036.426934780014,49.55328443704936,0.023666295762321588,0.0011925941605542558,0.04379337371546243,0.041550836048048045
Dew,19.965660645365624,0.9921726907620402,0.007827309237959877,0.9110880880880882,0.08891191191191183,1036.30313310908,49.59040908446457,0.023664971271630513,0.0011942906845055262,0.04379059332944961,0.041522897003083085
Dew,19.99224847762855,0.9920729813094615,0.007927018690538535,0.9100890890890891,0.08991091091091086,1036.1789682033525,49.627639183472596,0.023663642744614483,0.0011959920343469922,0.04378780475120097,0.04149495795811812
Bubble,20.009833933569166,0.9920070070070071,0.007992992992992942,0.9094296977829015,0.09057030221709857,1036.096812116825,49.65226386545982,0.023662763600736464,0.001197117496211107,0.04378595964524525,0.04147651673508232
Dew,20.018906129520676,0.9919729777096316,0.008027022290368514,0.9090900900900901,0.09090990990990988,1036.0544385572716,49.664975191143654,0.023662310163849423,0.0011976982308557064,0.04378500794652438,0.04146701891315316
Dew,20.045633864219944,0.9918726787325256,0.008127321267474391,0.9080910910910911,0.0919089089089089,1035.929542656154,49.702417567522545,0.02366097351180213,0.0011994092949365394,0.043782202881019694,0.04143907986818819
Dew,20.07243194635933,0.9917720831406224,0.008227916859377661,0.9070920920920922,0.09290790790790782,1035.8042789761132,49.7399667756551,0.023659632770829206,0.0012011252476232458,0.043779389520077115,0.041411140823223225
Dew,20.099300642036106,0.9916711896888446,0.008328810311155415,0.9060930930930932,0.09390690690690684,1035.6786459839955,49.77762328160827,0.023658287923176344,0.001202846110079386,0.043776567828875505,0.04138320177825826
Dew,20.126240218823476,0.9915699971245001,0.008430002875499845,0.9050940940940941,0.09490590590590586,1035.552642137306,49.8153875544975,0.02365693895097741,0.001204571903599426,0.04377373777238078,0.04135526273329329
Dew,20.15325094578028,0.991468504187222,0.008531495812778097,0.9040950950950951,0.09590490490490489,1035.4262658841283,49.853260066508184,0.023655585836253358,0.0012063026496096998,0.04377089931534421,0.04132732368832834
Dew,20.180333093461947,0.9913667096089073,0.00863329039109269,0.9030960960960961,0.09690390390390391,1035.2995156630623,49.891241292920846,0.023654228560911622,0.0012080383696694654,0.043768052422300696,0.04129938464336337
Dew,20.207486933931072,0.9912646121136575,0.008735387886342545,0.9020970970970972,0.09790290290290282,1035.1723899031367,49.929331712135,0.023652867106744857,0.0012097790854719316,0.043765197057567144,0.041271445598398404
Dew,20.234712740769083,0.991162210417715,0.008837789582285038,0.9010980980980982,0.09890190190190185,1035.0448870237449,49.96753180569684,0.023651501455430296,0.0012115248188453837,0.04376233318524066,0.04124350655343344
Dew,20.262010789085668,0.9910595032294024,0.00894049677059757,0.9000990990990991,0.09990090090090087,1034.9170054345602,50.00584205831902,0.023650131588528606,0.001213275591754121,0.04375946076919683,0.04121556750846848
Bubble,20.27569162586407,0.991008008008008,0.008991991991991966,0.899599338487703,0.10040066151229705,1034.8528873457526,50.02504031259503,0.02364944467664344,0.0012141531305653733,0.043758020600280285,0.04120159068345913
Dew,20.28938135553127,0.9909564892490592,0.009043510750940858,0.8991001001001001,0.10089989989989989,1034.7887435354635,50.04426295791093,0.023648757487483026,0.001215031426299655,0.043756579773088014,0.04118762846350351
Dew,20.316824718307277,0.9908531671689781,0.00914683283102186,0.8981011011011012,0.1018988988988988,1034.6600997164678,50.082794995601056,0.02364737913361848,0.0012167923447217142,0.0437536901603415,0.04115968941853855
Dew,20.344341157177304,0.9907495356733416,0.009250464326658473,0.8971021021021022,0.10289789789789783,1034.5310723576335,50.12143866576279,0.02364599650814043,0.0012185583693993466,0.04375079189415778,0.041131750373573576
Dew,20.37193095347968,0.9906455934381566,0.009354406561843363,0.8961031031031031,0.10389689689689685,1034.4016598289932,50.16019446604442,0.023644609592134026,0.001220329522852118,0.04374788493750867,0.04110381132860861
Dew,20.399594390136496,0.9905413391311902,0.009458660868809752,0.8951041041041041,0.10489589589589587,1034.2718604904717,50.1990628973876,0.023643218366563072,0.0012221058277410409,0.04374496925313556,0.04107587228364365
Dew,20.427331751667786,0.9904367714119029,0.009563228588097052,0.8941051051051051,0.1058948948948949,1034.1416726918064,50.238044464062334,0.023641822812269075,0.0012238873068699105,0.04374204480354755,0.04104793323867868
Dew,20.45514332420133,0.9903318889313828,0.009668111068617237,0.8931061061061062,0.10689389389389381,1034.0110947724634,50.2771396736881,0.02364042290997017,0.0012256739831863024,0.04373911155101955,0.04101999419371372
Dew,20.48302939548501,0.9902266903322778,0.009773309667722196,0.8921071071071072,0.10789289289289283,1033.8801250615575,50.31634903726273,0.023639018640260166,0.0012274658797827706,0.04373616945759043,0.04099205514874875
Dew,20.510990254898303,0.9901211742486721,0.009878825751327912,0.8911081081081081,0.10889189189189186,1033.7487618765126,50.355673069188825,0.023637609983579607,0.0012292630198979823,0.04373321848505958,0.04096411610378379
Dew,20.539026193464913,0.9900153393062396,0.009984660693760286,0.8901091091091091,0.10989089089089088,1033.6170035279306,50.39511228730336,0.02363619692032464,0.0012310654269179447,0.043730258594991175,0.04093617705881882
Bubble,20.540699965432424,0.990009009009009,0.009990990990990989,0.89004944836164,0.10995055163835997,1033.6091208449957,50.39746154608527,0.023636112352947627,0.001231172997134142,0.04373008155531532,0.040934508524307925
Dew,20.56713750386392,0.9899091841218473,0.010090815878152689,0.8891101101101102,0.11088988988988979,1033.4848483121812,50.434667212902895,0.023634779430683418,0.0012328731243771204,0.04372728974870307,0.04090823801385386
Dew,20.59532448044226,0.9898027073036997,0.010197292696300334,0.8881111111111112,0.11188888888888882,1033.3522945161344,50.47433837077255,0.023633357494741946,0.0012346861359596463,0.043724311907270864,0.040880298968888895
Dew,20.62358741922737,0.9896959074512164,0.010304092548783629,0.8871121121121122,0.11288788788788784,1033.2193404158827,50.51412628921598,0.02363193109245657,0.001236504485500578,0.04372132503152447,0.04085235992392393
Dew,20.65192661793889,0.9895887831549608,0.01041121684503919,0.8861131131131131,0.11388688688688686,1033.0859842766617,50.55403150008159,0.023630500203653045,0.0012383281969870466,0.04371832908204612,0.04082442087895896
Dew,20.68034237600136,0.9894813329965684,0.010518667003431677,0.8851141141141141,0.11488588588588589,1032.9522243527547,50.59405453879255,0.023629064808025315,0.0012401572945595187,0.04371532401916835,0.040796481833993994
Dew,20.708834994556643,0.9893735555486737,0.010626444451326343,0.8841151151151152,0.1158848848848848,1032.818058887407,50.634195944375364,0.02362762488513444,0.0012419918025130202,0.04371230980297198,0.040768542789029034
Dew,20.737404776477526,0.9892654493748376,0.010734550625162395,0.8831161161161162,0.11688388388388382,1032.6834861127384,50.67445625949241,0.023626180414407554,0.0012438317452984657,0.04370928639328406,0.04074060374406407
Dew,20.76605202637876,0.9891570130294736,0.010842986970526464,0.8821171171171172,0.11788288288288284,1032.548504249648,50.71483603046615,0.023624731375136605,0.001245677147523787,0.04370625374967581,0.04071266469909911
Dew,20.794777050631424,0.9890482450577726,0.010951754942227426,0.8811181181181181,0.11888188188188187,1032.4131115077294,50.755335807313806,0.023623277746477402,0.0012475280339553267,0.04370321183146053,0.04068472565413414
Bubble,20.80486912317532,0.9890100100100101,0.010989989989989901,0.8807676616518799,0.11923233834812003,1032.3655153271004,50.76956081397944,0.023622766666018636,0.001248178368682294,0.04370214251035036,0.04067492442412459
Dew,20.82358015737542,0.9889391439956278,0.011060856004372165,0.8801191191191192,0.11988088088088078,1032.2773060851719,50.79595614377623,0.023621819507448294,0.0012493844295190907,0.04370016059769148,0.040656786609169174
Dew,20.85246165653239,0.9888297083695589,0.01117029163044116,0.8791201201201202,0.1208798798798798,1032.14108616867,50.83669759734781,0.023620356636929067,0.0012512463593020336,0.04369710000715979,0.04062884756420421
Dew,20.881421859819547,0.9887199366966345,0.011280063303365557,0.8781211211211212,0.12187887887887883,1032.004449933333,50.877560729309394,0.023618889113659888,0.0012531138485534243,0.04369403001839225,0.04060090851923924
Dew,20.910461080762587,0.9886098274843953,0.01139017251560473,0.8771221221221221,0.12287787787787785,1031.8673955425834,50.91854610475807,0.023617416916239926,0.0012549869226861374,0.04369095058964918,0.04057296947427428
Dew,20.939579634709027,0.9884993792307751,0.011500620769224843,0.8761231231231231,0.12387687687687687,1031.7299211480658,50.959654292638454,0.0236159400231263,0.0012568656072779905,0.04368786167892225,0.04054503042930931
Dew,20.968777838842225,0.9883885904240222,0.011611409575977796,0.8751241241241242,0.12487587587587579,1031.5920248895507,51.00088586577579,0.02361445841263286,0.0012587499280731279,0.04368476324393225,0.040517091384344346
Dew,20.998056012195327,0.9882774595426186,0.011722540457381327,0.8741251251251252,0.1258748748748748,1031.453704894832,51.042241400909,0.023612972062928908,0.0012606399109834113,0.0436816552421268,0.04048915233937938
Dew,21.02741447566434,0.9881659850552003,0.011834014944799773,0.8731261261261262,0.12687387387387383,1031.3149592796306,51.08372147872085,0.02361148095203794,0.0012625355820897453,0.043678537630678194,0.04046121329441442
Dew,21.05685355202242,0.9880541654204746,0.011945834579525378,0.8721271271271271,0.12787287287287286,1031.1757861474994,51.12532668387176,0.023609985057836607,0.001264436967643497,0.04367541036648104,0.04043327424944945
Bubble,21.068208492309218,0.9880110110110111,0.011988988988988925,0.871742405259877,0.12825759474012294,1031.1220731967876,51.141369980826155,0.02360940764527092,0.0012651704214374415,0.04367420346538539,0.040422514717599195
Dew,21.086373565934448,0.9879419990871391,0.012058000912860896,0.8711281281281281,0.12887187187187188,1031.0361835897154,51.16705760503453,0.023608484358053215,0.0012663440940679446,0.043672273406149986,0.040405335204484485
Dew,21.115974843970896,0.987829484493797,0.012170515506203008,0.8701291291291292,0.1298708708708708,1030.8961496851805,51.20891483492701,0.02360697883026655,0.0012682569879596808,0.0436691267060174,0.04037739615951952
Dew,21.145657714621745,0.9877166200688743,0.01228337993112572,0.8691301301301302,0.13086986986986981,1030.7556825003198,51.25089897034426,0.023605468451904615,0.0012701756760900114,0.043665970222131006,0.04034945711455456
Dew,21.175422508311872,0.9876034042305339,0.012396595769466027,0.8681311311311312,0.13186886886886884,1030.6147800889773,51.29301061219612,0.02360395320024331,0.0012721001854064916,0.04366280391025152,0.04032151806958959
Dew,21.205269557415306,0.9874898353865914,0.01251016461340868,0.8671321321321321,0.13286786786786786,1030.4734404923117,51.33525036554026,0.023602433052405156,0.0012740305430343562,0.04365962772585022,0.040293579024624625
Dew,21.235199196269605,0.9873759119344262,0.012624088065573845,0.8661331331331332,0.13386686686686677,1030.3316617386888,51.3776188396163,0.02360090798535792,0.0012759667762779852,0.043656441624106576,0.040265639979659665
Dew,21.2652117611915,0.9872616322608961,0.012738367739103865,0.8651341341341342,0.1348658658658658,1030.1894418435777,51.42011664788325,0.023599377975913355,0.0012779089126224554,0.043653245559905775,0.04023770093469469
Dew,21.29530759049092,0.9871469947422483,0.0128530052577517,0.8641351351351352,0.13586486486486482,1030.0467788094372,51.46274440805236,0.0235978430007257,0.001279856979734984,0.04365003948783625,0.04020976188972973
Dew,21.3254870244873,0.9870319977440295,0.012968002255970551,0.8631361361361362,0.13686386386386384,1029.9036706256143,51.50550274212663,0.023596303036290532,0.0012818110054665481,0.04364682336218719,0.040181822844764764
Bubble,21.330726765011324,0.987012012012012,0.012987987987987948,0.8629628298132745,0.13703717018672543,1029.8787965805213,51.51291953549757,0.023596035313818983,0.0012821502434943698,0.043646264420420425,0.040176975979901046
Dew,21.355750405524432,0.9869166396209962,0.01308336037900384,0.8621371371371371,0.13786286286286287,1029.7601152682246,51.54839227643585,0.023594758058943146,0.0012837710178533928,0.043643597136945995,0.0401538837997998
Dew,21.386098077985483,0.9868009187170242,0.013199081282975757,0.8611381381381382,0.13886186186186178,1029.6161107000519,51.591413641672055,0.023593208044857397,0.001285737045118563,0.04364036076579577,0.04012594475483484
Dew,21.416530388309138,0.9866848333650157,0.013315166634984384,0.8601391391391392,0.1398608608608608,1029.4716548704278,51.63456747292864,0.023591652970044136,0.0012877091156735286,0.04363711420211273,0.04009800570986987
Dew,21.447047685005206,0.9865683818868064,0.013431618113193641,0.8591401401401402,0.14085985985985983,1029.3267457151182,51.67785440973744,0.023590092810349777,0.0012896872581197659,0.04363385739896359,0.04007006666490491
Dew,21.477650318670616,0.986451562593072,0.013548437406927995,0.8581411411411412,0.14185885885885885,1029.181381156213,51.721275096107114,0.02358852754145497,0.0012916715012503796,0.04363059030910295,0.04004212761993994
Dew,21.508338642005054,0.9863343737832335,0.013665626216766468,0.8571421421421422,0.14285785785785776,1029.0355591020098,51.7648301805603,0.023586957138873123,0.001293661874051701,0.04362731288497065,0.04001418857497498
Dew,21.53911300982779,0.9862168137453604,0.013783186254639545,0.8561431431431432,0.14385685685685679,1028.8892774468884,51.808520316174594,0.02358538157794878,0.0012956584057049877,0.04362402507868905,0.039986249530010017
Dew,21.569973779093353,0.9860988807560751,0.013901119243924905,0.8551441441441442,0.1448558558558558,1028.7425340712068,51.85234616061949,0.02358380083385642,0.0012976611255880286,0.043620726842060385,0.03995831048504505
Bubble,21.592432000774103,0.986013013013013,0.013986986986986971,0.8544187482802301,0.14558125171976993,1028.6356873528985,51.884238604509896,0.0235826496890622,0.001299118842259891,0.04361832537545546,0.03993802330990313
Dew,21.600921308908845,0.9859805730804536,0.01401942691954638,0.8541451451451452,0.14585485485485483,1028.5953268411652,51.89630837619886,0.023582214881598593,0.0012996700632768965,0.04361741812656397,0.03993037144008008
Dew,21.6319559605496,0.9858618889719277,0.01413811102807221,0.8531461461461461,0.14685385385385386,1028.4476536086988,51.94040762988774,0.023580623696004745,0.0013016852485475626,0.043614098883353464,0.039902432395115116
Dew,21.663078097476802,0.9857428266721856,0.014257173327814437,0.8521471471471472,0.14785285285285277,1028.2995122113518,51.98464459337551,0.023579027251729546,0.001303706711377682,0.04361076906325408,0.039874493350150156
Dew,21.694288085354035,0.9856233844110684,0.014376615588931463,0.8511481481481482,0.1488518518518518,1028.1509004721472,52.0290199431055,0.023577425523251237,0.0013057344819482925,0.04360742861675973,0.039846554305185196
Dew,21.72558629206464,0.9855035604064718,0.014496439593528214,0.8501491491491492,0.14985085085085081,1028.001816199472,52.07353436031703,0.023575818484870236,0.001307768590645586,0.04360407749403022,0.03981861526022023
Dew,21.7569730877289,0.9853833528642398,0.014616647135760254,0.8491501501501502,0.15084984984984984,1027.8522571869466,52.118188531087,0.023574206110707513,0.0013098090680626717,0.04360071564488831,0.039790676215255255
Dew,21.788448844721437,0.9852627599780622,0.014737240021937846,0.8481511511511511,0.15184884884884886,1027.702221213294,52.16298314637208,0.023572588374702823,0.0013118559450013651,0.043597343018816875,0.03976273717029029
Dew,21.820013937689193,0.985141779929369,0.014858220070630913,0.8471521521521522,0.15284784784784777,1027.55170604222,52.207918902052334,0.023570965250613397,0.0013139092524740211,0.04359395956495586,0.03973479812532533
Dew,21.85166874356846,0.9850204108872245,0.014979589112775464,0.8461531531531532,0.1538468468468468,1027.400709422276,52.252996498972166,0.02356933671201201,0.001315969021705303,0.04359056523209944,0.03970685908036037
Bubble,21.853331687478054,0.9850140140140141,0.014985985985985883,0.8461005811576794,0.15389941884232058,1027.3927471602549,52.25535497638555,0.023569250783208054,0.0013160771512201264,0.0435903863304905,0.039705388797260065
Dew,21.883413641604058,0.9848986510082189,0.015101348991781165,0.8451541541541542,0.15484584584584582,1027.2492290867299,52.298216642987825,0.023567702732285516,0.0013180352841341305,0.04358715996869291,0.0396789200353954
Dew,21.9152490133661,0.9847764984363603,0.0152235015636398,0.8441551551551552,0.15584484484484484,1027.0972627534347,52.34358004500731,0.023566063284633124,0.0013201080714154378,0.04358374372282963,0.039650980990430434
Dew,21.947175242769244,0.9846539513029648,0.01534604869703514,0.8431561561561562,0.15684384384384376,1026.9448081246926,52.38908742103771,0.023564418342064658,0.0013221874154221319,0.04358031644224808,0.03962304194546547
Dew,21.979192716090985,0.9845310077265461,0.015468992273453911,0.8421571571571572,0.15784284284284278,1026.7918628871191,52.43473949222994,0.023562767877398902,0.0013242733482469906,0.043576878074328626,0.03959510290050051
Dew,22.011301821990056,0.9844076658127023,0.0155923341872977,0.8411581581581582,0.1588418418418418,1026.6384247115097,52.480536984923425,0.023561111863261906,0.0013263659022045694,0.043573428566090484,0.03956716385553554
Dew,22.043502951525763,0.9842839236540035,0.015716076345996553,0.8401591591591592,0.15984084084084083,1026.4844912526949,52.526480630693776,0.02355945027208512,0.0013284651098331888,0.043569967864188465,0.039539224810570574
Dew,22.07579649817616,0.9841597793298772,0.01584022067012275,0.8391601601601602,0.16083983983983985,1026.3300601494102,52.57257116639658,0.023557783076103834,0.0013305710038968347,0.04356649591490985,0.039511285765605614
Dew,22.108182857858836,0.984035230906492,0.015964769093507965,0.8381611611611612,0.16183883883883876,1026.1751290241416,52.61880933421971,0.023556110247355114,0.0013326836173872837,0.043563012664171105,0.03948334672064064
Bubble,22.11343279601352,0.9840150150150151,0.015984984984984907,0.8379993074003235,0.16200069259967662,1026.1499774417903,52.62629513431183,0.023555838603740442,0.0013330260360950102,0.04356244728552553,0.03947882015003715
Dew,22.140662428948264,0.9839102764366414,0.016089723563358638,0.8371621621621622,0.16283783783783778,1026.0196954829944,52.66519588172422,0.023554431757676256,0.0013348029835259412,0.04355951805751461,0.03945540767567568
Dew,22.17323561229696,0.983784913959625,0.01621508604037501,0.8361631631631632,0.1638368368368368,1025.863757115547,52.71173156189765,0.023552747578702907,0.0013369291357660127,0.043556012040105396,0.03942746863071071
Dew,22.20590281125471,0.9836591415011293,0.016340858498870757,0.8351641641641642,0.16483583583583583,1025.7073114946961,52.75841713320092,0.023551057681867053,0.0013390621077945116,0.04355249455672775,0.039399529585745746
Dew,22.23866443168873,0.9835329570731063,0.01646704292689373,0.8341651651651653,0.16583483483483474,1025.550356176516,52.80525335961804,0.0235493620383953,0.0013412019335343535,0.043548965551781844,0.03937159054078078
Dew,22.271520882003387,0.9834063586736526,0.016593641326347473,0.8331661661661662,0.16683383383383377,1025.3928887001148,52.852241010704645,0.023547660619307072,0.0013433486471464261,0.04354542496928039,0.03934365149581582
Dew,22.30447257316151,0.9832793442868847,0.016720655713115342,0.8321671671671672,0.1678328328328328,1025.2349065874719,52.899380861641134,0.02354595339541251,0.0013455022830317885,0.04354187275284507,0.03931571245085085
Dew,22.337519918703656,0.9831519118828147,0.016848088117185266,0.8311681681681682,0.1688318318318318,1025.0764073432913,52.94667369327942,0.023544240337310604,0.0013476628758337123,0.04353830884570316,0.039287773405885885
Dew,22.37066333477001,0.9830240594172249,0.016975940582775125,0.8301691691691692,0.16983083083083084,1024.917388454851,52.994120292198204,0.023542521415387364,0.0013498304604399537,0.04353473319068391,0.039259834360920925
Bubble,22.37274182918696,0.9830160160160161,0.01698398398398393,0.8301064203764381,0.1698935796235619,1024.907379448515,52.99708429489014,0.023542413153839675,0.0013499663004386292,0.04353450824056057,0.039258079462924665
Dew,22.40390324012093,0.9828957848315389,0.01710421516846104,0.8291701701701703,0.17082982982982975,1024.7578473918425,53.04172145075331,0.023540796599813736,0.001352005071984905,0.04353114573021504,0.039231895315955966
Dew,22.437240056158316,0.9827670860526937,0.017232913947306368,0.8281711711711712,0.17182882882882877,1024.597781606212,53.08947796713101,0.023539065860543558,0.001354186745851837,0.04352754640631913,0.03920395627099099
Dew,22.470674206946605,0.9826379609930087,0.017362039006991237,0.8271721721721722,0.1728278278278278,1024.4371885320056,53.13739064540002,0.02353732916731167,0.0013563755176751085,0.043523935160609914,0.039176017226026025
Dew,22.504206119234752,0.9825084075500551,0.01749159244994488,0.8261731731731732,0.17382682682682682,1024.2760655852098,53.185460295566294,0.023535586489631874,0.0013585714233424668,0.043520311934288694,0.03914807818106106
Dew,22.537836222478468,0.9823784236065212,0.01762157639347884,0.8251741741741743,0.17482582582582573,1024.1144101635814,53.23368773362898,0.023533837796794747,0.0013607744989973804,0.04351667666814052,0.0391201391360961
Dew,22.57156494886111,0.9822480070300784,0.017751992969921502,0.8241751751751752,0.17582482482482475,1023.9522196464887,53.28207378163153,0.02353208305786564,0.001362984781041261,0.04351302930253048,0.03909220009113114
Dew,22.605392733316954,0.9821171556732459,0.017882844326754202,0.8231761761761762,0.17682382382382378,1023.7894913947435,53.330619267720685,0.023530322241682555,0.0013652023061358958,0.043509369777399894,0.039064261046166164
Bubble,22.63126486559388,0.982017017017017,0.017982982982982954,0.822413888237233,0.1775861117627669,1023.6649542602466,53.3677464512246,0.0235289744327594,0.0013668986907387295,0.043506569195595604,0.03904294210888623
Dew,22.63932001355372,0.981985867373251,0.018014132626748974,0.8221771771771772,0.1778228228228228,1023.626222750435,53.3793250262028,0.02352855531685406,0.0013674271112058213,0.04350569803226241,0.0390363220012012
Dew,22.673347230074473,0.9818541399518922,0.018145860048107768,0.8211781781781782,0.17882182182182182,1023.4624110367585,53.42819189759828,0.02352678225175709,0.0013696592334406614,0.04350201400620017,0.03900838295623624
Dew,22.707474826201555,0.9817219712153961,0.018278028784603852,0.8201791791791793,0.17982082082082074,1023.2980535578375,53.477220728702136,0.023525003014534637,0.0013718987102976292,0.04349831763785983,0.03898044391127128
Dew,22.741703248099046,0.9815893589542777,0.01841064104572239,0.8191801801801802,0.18081981981981976,1023.1331475985647,53.52641237263997,0.023523217573093842,0.0013741455795039255,0.04349460886544864,0.03895250486630631
Dew,22.77603294479636,0.9814563009431936,0.01854369905680644,0.8181811811811812,0.18181881881881878,1022.9676904244094,53.575767688927534,0.02352142589510346,0.001376399879059237,0.04349088762673033,0.03892456582134134
Dew,22.81046436821304,0.9813227949295464,0.018677205070453604,0.8171821821821822,0.1828178178178178,1022.8016791441485,53.62528754353385,0.02351962794500925,0.0013786616472383371,0.043487153858706426,0.03889662677637637
Dew,22.844997973179954,0.9811888386779198,0.018811161322080192,0.8161831831831833,0.18381681681681672,1022.6351112538358,53.67497280893293,0.023517823695869997,0.0013809309225934054,0.043483407498858935,0.03886868773141141
Dew,22.879634217466705,0.9810544299036793,0.01894557009632067,0.8151841841841843,0.18481581581581574,1022.467983826658,53.72482436417511,0.02351601311173274,0.0013832077439568638,0.043479648483293394,0.03884074868644645
Bubble,22.88900759897799,0.981018018018018,0.018981981981981977,0.8149141181714769,0.18508588182852312,1022.4227028008899,53.73830441892209,0.023515522436165347,0.0013838239010627578,0.04347863015063063,0.03883319573946642
Dew,22.914373561803735,0.9809195663165818,0.019080433683418132,0.8141851851851852,0.18581481481481477,1022.3002940486252,53.774843094941474,0.02351419615929032,0.0013854921504437854,0.043475876747958504,0.03881280964148149
Dew,22.949216469908148,0.9807842456097835,0.019215754390216555,0.8131861861861862,0.1868138138138138,1022.1320390854247,53.825029893609944,0.023512372804985818,0.0013877841814546176,0.04347209222833864,0.03878487059651652
Dew,22.984163408507744,0.9806484654596843,0.019351534540315702,0.8121871871871872,0.1878128128128128,1021.9632160822267,53.87538565931589,0.02351054301500997,0.001390083876677773,0.043468294859449606,0.03875693155155156
Dew,23.01921484736717,0.9805122235257739,0.019487776474226122,0.8111881881881883,0.18881181181181173,1021.7938221635025,53.925911298018825,0.02350870675529896,0.0013923912760923926,0.04346448457583427,0.038728992506586596
Dew,23.05437125931253,0.9803755174504734,0.019624482549526617,0.8101891891891893,0.18981081081081075,1021.6238544328279,53.97660772256468,0.02350686399153189,0.0013947064199710025,0.04346066131155809,0.03870105346162163
Dew,23.08963312025758,0.9802383448589762,0.01976165514102384,0.8091901901901902,0.19080980980980977,1021.4533099726892,54.02747585275286,0.02350501468912825,0.0013970293488823082,0.043456825000204785,0.03867311441665666
Dew,23.125000909229428,0.9801007033590869,0.019899296640913104,0.8081911911911912,0.1918088088088088,1021.2821858442877,54.0785166154014,0.023503158813245495,0.0013993601036939507,0.043452975574871724,0.038645175371691695
Bubble,23.145975373622054,0.9800190190190191,0.01998098098098089,0.8075999240891629,0.19240007591083702,1021.1806258521699,54.10877988390718,0.02350205715643991,0.001400742577294174,0.04345069110566567,0.038628639380998586
Dew,23.160475108394614,0.9799625905410582,0.0200374094589418,0.8071921921921922,0.19280780780780782,1021.1104790873408,54.12973094441363,0.023501296328776497,0.0014016987255753152,0.0434491129681654,0.038617236326726735
Dew,23.196056203086144,0.9798240039774266,0.020175996022573386,0.8061931931931933,0.19380680680680673,1020.9381867198754,54.18111978084756,0.023499427200346815,0.0014040452560004212,0.04344523711219685,0.03858929728176177
Dew,23.23174468183018,0.9796849412228448,0.020315058777155247,0.8051941941941942,0.19480580580580575,1020.7653057380356,54.232684072984114,0.023497551392312386,0.0014063997367507947,0.04344134793857695,0.0385613582367968
Dew,23.267541036372272,0.9795453998139138,0.02045460018608622,0.8041951951951952,0.19580480480480478,1020.5918331158662,54.28442477639387,0.02349566886875666,0.001408762209918316,0.043437445378411724,0.038533419191831834
Dew,23.303445761706012,0.979405377269012,0.02059462273098801,0.8031961961961962,0.1968038038038038,1020.4177658051086,54.336342854011505,0.02349377959348801,0.0014111327179082785,0.04343352936229755,0.038505480146866874
Dew,23.339459356099468,0.9792648710881229,0.020735128911877194,0.8021971971971973,0.1978028028028027,1020.243100734993,54.38843927620287,0.02349188353003711,0.0014135113034422695,0.043429599820316384,0.03847754110190191
Dew,23.375582321123733,0.9791238787526594,0.02087612124734059,0.8011981981981983,0.19880180180180174,1020.0678348120172,54.44071502083888,0.023489980641654033,0.0014158980095612427,0.04342565668203078,0.03844960205693694
Bubble,23.402173216190747,0.9790200200200201,0.020979979979979912,0.8004644973390919,0.19953550266090814,1019.938724066023,54.47919345114472,0.02348857858295692,0.0014176553209974626,0.04342275206070071,0.038429082615662274
Dew,23.411815161681343,0.9789823977252892,0.021017602274710816,0.8001991991991992,0.19980080080080076,1019.8919649197434,54.49317107336903,0.023488070891305772,0.0014182928796285903,0.043421699876479064,0.038421663011971974
Dew,23.448158386034144,0.9788404254497539,0.02115957455024608,0.7992002002002002,0.20079979979979978,1019.715487918567,54.54580842689266,0.023486154241673128,0.0014206959573331741,0.043417729332170286,0.038393723967007014
Dew,23.484612505833134,0.97869795935069,0.021302040649309965,0.7982012012012012,0.2017987987987988,1019.5384006455033,54.59862808223692,0.0234842306551481,0.0014231072866925426,0.043413744977079116,0.03836578492204205
Dew,23.521178036145987,0.9785549968334446,0.021445003166555406,0.7972022022022023,0.20279779779779772,1019.3606999139641,54.65163104802698,0.023482300093830972,0.001425526912055959,0.04340974673864083,0.03833784587707709
Dew,23.55785549548852,0.978411535283891,0.021588464716108934,0.7962032032032033,0.20379679679679674,1019.1823825135319,54.70481834076862,0.02348036251952746,0.0014279548781077685,0.043405734543745994,0.03830990683211211
Dew,23.594645405852823,0.9782675720682418,0.021732427931758263,0.7952042042042042,0.20479579579579577,1019.003445209726,54.75819098492056,0.023478417893745634,0.0014303912298705077,0.0434017083187354,0.038281967787147146
Dew,23.631548292738046,0.9781231045328581,0.021876895467141864,0.7942052052052052,0.2057947947947948,1018.8238847437783,54.8117500129747,0.02347646617769312,0.0014328360127082392,0.04339766798939463,0.038254028742182186
Bubble,23.657605864401816,0.9780210210210211,0.021978978978978936,0.7935013801174821,0.20649861988251794,1018.6969979757423,54.849564693584625,0.023475086702328788,0.0014345626929471269,0.04339481301573574,0.038234344837800825
Dew,23.668564685180527,0.97797813000406,0.02202186999594002,0.7932062062062063,0.2067937937937937,1018.6436978323961,54.86549646553439,0.023474507332274016,0.0014352892723298477,0.04339361348094875,0.038226089697217226
Dew,23.705695115785183,0.97783264578793,0.022167354212070025,0.7922072072072073,0.20779279279279272,1018.4628811675252,54.91943139139666,0.023472541318085887,0.0014377510547924515,0.04338954471805687,0.03819815065225226
Dew,23.742940120755826,0.9776866491701187,0.02231335082988132,0.7912082082082083,0.20879179179179175,1018.2814314161127,54.97355584763082,0.02347056809541669,0.0014402214065047392,0.04338546162480668,0.038170211607287285
Dew,23.780300239926632,0.9775401374156447,0.022459862584355294,0.7902092092092092,0.20979079079079077,1018.0993452198585,55.02787089966097,0.023468587624241557,0.0014427003742304167,0.04338136412470884,0.038142272562322325
Dew,23.817776016795122,0.9773931077686949,0.02260689223130503,0.7892102102102102,0.2107897897897898,1017.9166191949801,55.08237762135263,0.02346659986421987,0.0014451880050917849,0.0433772521406914,0.03811433351735736
Dew,23.8553679985517,0.9772455574524204,0.022754442547579547,0.7882112112112113,0.2117887887887887,1017.7332499319534,55.137077095089225,0.023464604774691807,0.0014476843465730607,0.04337312559509414,0.0380863944723924
Dew,23.89307673611494,0.9770974836687301,0.022902516331269884,0.7872122122122123,0.21278778778778773,1017.549233995271,55.1919704118658,0.023462602314675337,0.0014501894465241705,0.04336898440966272,0.03805845542742743
Bubble,23.912277792889476,0.977022022022022,0.02297797797797796,0.7867044412690776,0.21329555873092237,1017.4554480060569,55.219912200775155,0.023461581498630053,0.001451465216352043,0.043366873970770776,0.03804425457714995
Dew,23.93090278416263,0.9769488835980831,0.02305111640191689,0.7862132132132132,0.21378678678678675,1017.3645679231794,55.247058671370006,0.023460592442862742,0.0014527033531642195,0.043364828505542935,0.038030516382462465
Dew,23.96884670116568,0.9767997543992775,0.023200245600722532,0.7852142142142142,0.21478578578578578,1017.1792482274295,55.30234298207149,0.02345857511761752,0.0014552261150852037,0.04336065780327478,0.0380025773374975
Dew,24.00690904942116,0.9766500932092363,0.023349906790763642,0.7842152152152152,0.2157847847847848,1016.9932713930096,55.35782446130897,0.023456550296970847,0.0014577577812556737,0.04335647222278644,0.03797463829253253
Dew,24.045090395086174,0.9764998971427935,0.023500102857206454,0.7832162162162163,0.2167837837837837,1016.8066338778896,55.413504235379484,0.023454517938618354,0.0014602984010244726,0.04335227168338839,0.03794669924756757
Dew,24.083391308212793,0.9763491632924725,0.023650836707527587,0.7822172172172173,0.21778278278278274,1016.619332112741,55.46938343963117,0.02345247799991642,0.0014628480241245852,0.043348056103767116,0.037918760202602604
Dew,24.12181236278268,0.9761978887282663,0.02380211127173366,0.7812182182182182,0.21878178178178176,1016.4313625006846,55.52546321855476,0.023450430437879095,0.001465406700676966,0.043343825401978966,0.037890821157637644
Dew,24.16035413674124,0.9760460704974135,0.02395392950258642,0.7802192192192192,0.21978078078078078,1016.2427214170012,55.58174472587383,0.02344837520917415,0.0014679744811943588,0.04333957949544399,0.03786288211267267
Bubble,24.16619323653784,0.976023023023023,0.023976976976976982,0.7800678542204043,0.21993214577959572,1016.2140744822273,55.59025362672895,0.023448062953599056,0.0014683633798036981,0.0433389349258058,0.03785864888169622
Dew,24.199017212033603,0.9758937056241718,0.02410629437582817,0.7792202202202203,0.2207797797797797,1016.0534052088652,55.63822912464067,0.023446312270119837,0.0014705514165852716,0.043335318300939445,0.03783494306770771
Dew,24.23780217464063,0.975740791109587,0.024259208890412987,0.7782212212212213,0.22177877877877872,1015.8634101950597,55.69491758733184,0.023444241576681093,0.0014731375581579712,0.04333104173459346,0.03780700402274274
Dew,24.2767096146148,0.9755873239312614,0.02441267606873869,0.7772222222222223,0.22277777777777774,1015.6727326656938,55.751811295943895,0.023442163084465926,0.001475732957624493,0.04332674971187854,0.037779064977777777
Dew,24.315740126117742,0.9754333010431188,0.024566698956881263,0.7762232232232232,0.22377677677677676,1015.4813688819152,55.80891144209364,0.023440076748721686,0.00147833766710479,0.043322442147604945,0.03775112593281282
Dew,24.354894307455204,0.9752787193751662,0.024721280624833804,0.7752242242242242,0.2247757757757758,1015.2893150756236,55.866219227110655,0.02343798252433143,0.001480951739130699,0.04331811895591405,0.03772318688784785
Dew,24.394172761117233,0.9751235758332515,0.024876424166748543,0.7742252252252253,0.2257747747747747,1015.096567449168,55.92373586214602,0.023435880365809892,0.001483575226650348,0.04331378005027158,0.03769524784288288
Bubble,24.419356211578528,0.9750240240240241,0.024975975975975895,0.7735860768174704,0.2264139231825296,1014.9728776382775,55.96060573672269,0.023434531046820455,0.0014852576399739222,0.04331099588084084,0.037677372753797275
Dew,24.433576093813937,0.9749678672988206,0.02503213270117942,0.7732262262262263,0.22677377377377372,1014.9031221750591,55.98146256826713,0.02343377022729989,0.0014862081830322197,0.04330942534346081,0.037667308797917916
Dew,24.47310491651491,0.9748115906286702,0.02518840937132985,0.7722272272272273,0.22777277277277275,1014.7089753956599,56.039400576563956,0.023431652062568205,0.0014888506620695328,0.04330505474757564,0.037639369752952956
Dew,24.51275984448753,0.9746547426546956,0.025345257345304312,0.7712282282282282,0.22877177177177177,1014.5141232228832,56.09755112825159,0.02342952582500176,0.0014915027179845484,0.04330066817401359,0.03761143070798799
Dew,24.55254149733647,0.9744973201836402,0.025502679816359793,0.7702292292292293,0.22977077077077068,1014.3185617378833,56.15591547477693,0.023427391467603587,0.0014941644054330006,0.04329626553346868,0.03758349166302302
Dew,24.592450499043377,0.9743393199968359,0.025660680003164096,0.7692302302302303,0.2307697697697697,1014.1222869907433,56.214494877925425,0.023425248942988783,0.0014968357795085536,0.04329184673592431,0.037555552618058055
Dew,24.632487478006336,0.9741807388499448,0.025819261150055093,0.7682312312312313,0.23176876876876873,1013.9252950001533,56.27329060992735,0.02342309820338031,0.0014995168957472613,0.04328741169064596,0.037527613573093095
Bubble,24.671770534652143,0.9740250250250251,0.025974974974974918,0.7672538328683041,0.2327461671316958,1013.7318576244402,56.33098445277852,0.02342098575589032,0.0015021484240848747,0.04328305683587588,0.03750027863398118
Dew,24.672653067081182,0.974021573472696,0.025978426527304012,0.7672322322322322,0.23276776776776775,1013.7275817530955,56.332303953569756,0.023420939200604972,0.0015022078101322041,0.043282960306173825,0.037499674528128135
Dew,24.712947903622467,0.9738618205686183,0.026138179431381855,0.7662332332332332,0.23376676676676678,1013.5291432045165,56.39153620230729,0.02341877188608911,0.0015049085790981094,0.04327849249031537,0.03747173548316317
Dew,24.753372629524314,0.9737014768147708,0.0262985231852292,0.7652342342342343,0.2347657657657657,1013.3299752769996,56.45098866037281,0.023416596210854426,0.0015076192595359925,0.043274008150137766,0.0374437964381982
Dew,24.793927891263785,0.9735405388614691,0.026459461138530836,0.7642352352352353,0.2357647647647647,1013.1300738604251,56.510662642895426,0.02341441212551344,0.0015103399087980152,0.04326950719196026,0.037415857393233234
Dew,24.83461433994131,0.9733790033320096,0.026620996667990466,0.7632362362362363,0.23676376376376373,1012.9294348116442,56.57055947600989,0.023412219580265393,0.001513070584702133,0.04326498952134644,0.037387918348268274
Dew,24.87543263132567,0.9732168668223873,0.026783133177612734,0.7622372372372372,0.23776276276276276,1012.7280539541266,56.63068049697956,0.023410018524891607,0.001515811345537131,0.04326045504309638,0.03735997930330331
Dew,24.916383425895727,0.973054125901013,0.026945874098986973,0.7612382382382383,0.23876176176176167,1012.5259270776172,56.691027054309984,0.023407808908750993,0.0015185622500674253,0.043255903661238666,0.03733204025833835
Bubble,24.923439840081855,0.9730260260260261,0.02697397397397394,0.7610660952150032,0.23893390478499682,1012.4910145139097,56.70140489767707,0.02340742705656582,0.0015190361321726416,0.043255117790910916,0.03732722592752181
Dew,24.95746738888669,0.9728907771084255,0.02710922289157447,0.7602392392392393,0.2397607607607607,1012.3230499377892,56.75160050787545,0.023405590680775624,0.001521323357538238,0.04325133527902242,0.03730410121337338
Dew,24.998685190332335,0.972726816957,0.027273183042999968,0.7592402402402403,0.24075975975975972,1012.1194182558853,56.81240222903433,0.023403363789466003,0.0015240947276804935,0.0432467497989091,0.037276162168408414
Dew,25.04003750511088,0.9725622419306524,0.02743775806934746,0.7582412412412413,0.24175875875875874,1011.9150277183555,56.87343360075464,0.023401128182886345,0.0015268764207160097,0.04324214712256423,0.03724822312344345
Dew,25.081525012991094,0.9723970484845423,0.02760295151545763,0.7572422422422422,0.24275775775775776,1011.7098739765008,56.934696017740826,0.02339888380866,0.001529668497362749,0.04323752715084914,0.03722028407847848
Dew,25.123148398677483,0.9722312330447672,0.027768766955232883,0.7562432432432433,0.24375675675675668,1011.5039526460927,56.99619088655778,0.02339663061396441,0.0015324710188400134,0.04323288978381233,0.03719234503351352
Dew,25.164908351857843,0.9720647920080573,0.02793520799194275,0.7552442442442443,0.2447557557557557,1011.2972593070058,57.05791962576182,0.023394368545526397,0.0015352840468738568,0.043228234920681015,0.03716440598854855
Bubble,25.17436759551517,0.972027027027027,0.027972972972972965,0.7550180701808414,0.24498192981915864,1011.2503483089605,57.07188143735563,0.023393854922900803,0.0015359211391625725,0.04322717874594595,0.037158080569470404
Dew,25.206805567249635,0.9718977217414657,0.02810227825853424,0.7542452452452453,0.24575475475475472,1011.0897895028439,57.1198836660283,0.02339209754961728,0.0015381076437024238,0.04322356245985245,0.037136466943583586
Dew,25.2488407446482,0.971730018582051,0.028269981417948897,0.7532462462462463,0.24675375375375375,1010.8815387405407,57.18208445028506,0.023389817572047597,0.0015409418720814761,0.04321887229888497,0.03710852789861862
Dew,25.291014588975244,0.9715616788365602,0.028438321163439716,0.7522472472472473,0.24775275275275266,1010.6725024899883,57.24452343384619,0.02338752855816236,0.0015437867952899492,0.043214164334489234,0.03708058885365366
Dew,25.33332781032744,0.9713926987811049,0.028607301218895074,0.7512482482482483,0.24875175175175168,1010.4626761836312,57.30720208454694,0.023385230452835675,0.001546642477135566,0.043209438462519116,0.03705264980868869
Dew,25.375781124025952,0.9712230746608326,0.02877692533916743,0.7502492492492493,0.2497507507507507,1010.2520552160706,57.37012188288064,0.023382923200465623,0.00154950898196053,0.0432046945779625,0.03702471076372373
Dew,25.418375250666855,0.9710528026895966,0.028947197310403395,0.7492502502502503,0.25074974974974973,1010.0406349436583,57.43328432213931,0.023380606744968904,0.0015523863746473442,0.04319993257493206,0.036996771718758766
Bubble,25.424557116104065,0.9710280280280281,0.028971971971971877,0.7491051832562178,0.25089481674378233,1010.0098589465032,57.44242772163368,0.023380269327368915,0.0015528037967737513,0.04319923970098098,0.036992714624333976
Dew,25.46111091617106,0.9708818790496184,0.02911812095038154,0.7482512512512512,0.25174874874874875,1009.8284106840916,57.496690908552026,0.02337828102977561,0.0015552747206245947,0.043195152346655837,0.03696883267379379
Dew,25.503988851837228,0.9707102998911481,0.02928970010885186,0.7472522522522523,0.25274774774774766,1009.615377715994,57.56034316143305,0.023375945997823694,0.001558174085873026,0.04319035378546773,0.03694089362882883
Dew,25.54700979439164,0.9705380613321172,0.02946193866788287,0.7462532532532533,0.2537467467467467,1009.4015312784927,57.62424261332022,0.023373601591553463,0.001561084536931381,0.043185536782797775,0.036912954583863865
Dew,25.590174486042784,0.9703651594577903,0.029634840542209655,0.7452542542542543,0.2547457457457457,1009.186866570794,57.68839081012828,0.023371247752901992,0.00156400614090267,0.0431807012291624,0.036885015538898905
Dew,25.633483674533302,0.97019159032041,0.029808409679589885,0.7442552552552553,0.25574474474474473,1008.9713787517543,57.752789311293924,0.023368884423297563,0.0015669389654602442,0.04317584701415452,0.03685707649393394
Bubble,25.674011577392484,0.9700290290290291,0.0299709709709709,0.7433230659028747,0.2566769340971252,1008.7695463031332,57.813056723213336,0.023366670240975444,0.0015696844352677383,0.04317130065601602,0.03683100591702833
Dew,25.67693811319384,0.9700173499388373,0.029982650061162762,0.7432562562562562,0.25674374374374376,1008.7550629394358,57.817439689926864,0.0233665115436538,0.0015698830788540628,0.04317097402643346,0.036829137448968964
Dew,25.72053856099863,0.9698424342981865,0.030157565701813546,0.7422572572572573,0.25774274274274267,1008.5379142106642,57.88234353296616,0.02336412905436386,0.0015728385499171275,0.04316608215371475,0.036801198404004004
Dew,25.764285782619417,0.9696668393494573,0.030333160650542767,0.7412582582582583,0.2587417417417417,1008.3199276005812,57.947502441331665,0.023361736895294617,0.0015758054480718173,0.04316117128275985,0.036773259359039044
Dew,25.80818054848324,0.9694905610091596,0.03050943899084039,0.7402592592592593,0.2597407407407407,1008.1010981021869,58.01291803008717,0.02335933500578063,0.0015787838433365688,0.043156241299365614,0.03674532031407408
Dew,25.852223634826093,0.969313595158935,0.030686404841064954,0.7392602602602603,0.26073973973973974,1007.8814206658769,58.07859192859149,0.023356923324618074,0.0015817738063322586,0.04315129208835374,0.03671738126910911
Dew,25.8964158237536,0.9691359376451707,0.03086406235482926,0.7382612612612613,0.26173873873873865,1007.6608901989722,58.14452578067035,0.023354501790058546,0.001584775408289181,0.04314632353356,0.03668944222414414
Bubble,25.922734027008786,0.9690300300300301,0.030969969969969924,0.7376675433696196,0.26233245663038046,1007.5294101997188,58.183780774936494,0.02335305763335889,0.0015865633650552979,0.043143361611051055,0.03667283769211989
Dew,25.940757903296188,0.9689575842786118,0.031042415721388217,0.7372622622622623,0.2627377377377377,1007.4395015652497,58.2107212447724,0.023352070339802963,0.0015877887210536273,0.04314133551782331,0.036661503179179177
Dew,25.98525066746972,0.9687785308339634,0.03122146916603662,0.7362632632632633,0.2637367367367367,1007.2172495844492,58.27717999414124,0.023349628910994968,0.00159081381709493,0.043136327922974685,0.03663356413421422
Dew,26.029894916334115,0.9685987730494927,0.031401226950507316,0.7352642642642643,0.2647357357357357,1006.9941290318017,58.34390371698189,0.02334717744021489,0.001593850769512388,0.043131300629826085,0.03660562508924925
Dew,26.07469145605386,0.968418306626621,0.03158169337337901,0.7342652652652653,0.26573473473473475,1006.7701346375172,58.41089411663314,0.02334471586347284,0.0015968996520423842,0.04312625351815898,0.03657768604428428
Dew,26.119641098958752,0.9682371272295128,0.03176287277048715,0.7332662662662663,0.26673373373373366,1006.5452610862958,58.478152911740416,0.023342244116202414,0.0015999605390655503,0.043121186466712876,0.036549746999319316
Dew,26.164744663605685,0.9680552304846581,0.03194476951534185,0.7322672672672673,0.2677327327327327,1006.3195030168114,58.545681836432436,0.023339762133253807,0.0016030335056140686,0.043116099353173655,0.036521807954354356
Bubble,26.170727395306095,0.968031031031031,0.03196896896896895,0.7321346234246401,0.2678653765753599,1006.2894504055752,58.55461160531126,0.02333943147288336,0.0016034408781738986,0.04311542256608609,0.036518098298701854
Dew,26.21000297484118,0.9678726119804487,0.032127388019551256,0.7312682682682683,0.2687317317317317,1006.0928550211994,58.613482640499655,0.02333726984888711,0.0016061186273790549,0.04311099205416169,0.03649386890938939
Dew,26.255416863866255,0.9676892672667485,0.03231073273325145,0.7302692692692693,0.26973073073073073,1005.86531164453,58.68155708958059,0.02333476719676535,0.001609215980718193,0.04310586444521985,0.03646592986442442
Dew,26.300987168297105,0.9675051918544607,0.03249480814553929,0.7292702702702704,0.27072972972972964,1005.6368673842832,58.74990696533527,0.023332254109947582,0.0016123256426630495,0.04310071640080138,0.03643799081945946
Dew,26.346714732233714,0.9673203812150825,0.03267961878491761,0.7282712712712713,0.27172872872872866,1005.4075166898054,58.81853406564284,0.023329730520881723,0.0016154476909270878,0.04309554779425746,0.03641005177449449
Dew,26.39260040632333,0.9671348307802606,0.03286516921973932,0.7272722722722723,0.2727277277277277,1005.1772539617665,58.887440204784085,0.023327196361397365,0.0016185822039133015,0.04309035849782479,0.03638211272952953
Bubble,26.417994505039488,0.967032032032032,0.03296796796796797,0.7267204859199913,0.2732795140800086,1005.0496666422711,58.92556037231793,0.023325791726722778,0.0016203172496469806,0.04308748352112112,0.036366680898543835
Dew,26.438645047828658,0.9669485359413369,0.03305146405866312,0.7262732732732733,0.2737267267267267,1004.9460735516088,58.95662721363809,0.023324651562698553,0.0016217292607222757,0.043085148382612806,0.03635417368456456
Dew,26.484849520693352,0.9667614914835847,0.033238508516415334,0.7252742742742743,0.27472572572572573,1004.7139656510578,59.02609693987121,0.023322095968512858,0.0016248889411600688,0.04307991730278107,0.0363262346395996
Dew,26.53121469561355,0.9665736938324594,0.03342630616754059,0.7242752752752754,0.27572472472472465,1004.4809326464265,59.09585124814433,0.02331952968069612,0.001628061325746641,0.04307466515836015,0.03629829559463464
Dew,26.577741450103588,0.9663851377044268,0.03361486229557313,0.7232762762762763,0.27672372372372367,1004.2469647112546,59.1658920203028,0.023316952543413726,0.0016312464957238377,0.04306939180158521,0.036270356549669674
Dew,26.624430668569236,0.9661958183249266,0.033804181675073396,0.7222772772772773,0.2777227227227227,1004.0120559943343,59.236221155589504,0.023314364485291277,0.001634444533064052,0.04306409709892595,0.03624241750470471
Bubble,26.664538080181778,0.9660330330330331,0.03396696696696688,0.7214214731129739,0.27857852688702617,1003.8100585870901,59.296637695536575,0.0233121383609374,0.0016371927387354576,0.043059544476156154,0.03621848319540947
Dew,26.671283242376255,0.9660057308767259,0.03399426912327409,0.7212782782782783,0.2787217217217217,1003.7762005923486,59.306840570843704,0.023311765434290737,0.001637655520478533,0.04305878091565863,0.03621447845973974
Dew,26.71830006992474,0.9658148704994224,0.034185129500577595,0.7202792792792793,0.27972072072072074,1003.5393925492541,59.377752200717765,0.023309155317702182,0.0016408795414262279,0.04305344311585217,0.03618653941477478
Dew,26.765482056720266,0.9656232322889435,0.03437676771105649,0.7192802802802803,0.28071971971971965,1003.3016258556764,59.448957997884655,0.02330653406213581,0.00164411668012241,0.04304808356235418,0.036158600369809814
Dew,26.81283011544889,0.9654308112970393,0.034569188702960656,0.7182812812812813,0.2817187187187187,1003.0628944482992,59.52045993325712,0.02330390159351393,0.001647367021547666,0.04304270211677675,0.036130661324844854
Dew,26.86034516605215,0.9652376025307645,0.034762397469235456,0.7172822822822823,0.2827177177177177,1002.8231922092225,59.59225999620712,0.02330125783706235,0.00165063065145694,0.04303729863948199,0.03610272227987989
Dew,26.90802813580207,0.965043600951956,0.03495639904804406,0.7162832832832833,0.2837167167167167,1002.5825129653296,59.664360194785736,0.023298602717302004,0.0016539076563886234,0.04303187298956739,0.03607478323491492
Bubble,26.910360753954002,0.9650340340340341,0.034965965965965906,0.7162340806771077,0.28376591932289236,1002.5706258761913,59.66785368663808,0.02329847134054367,0.0016540675900907336,0.043031605431191194,0.036073407183659895
Dew,26.95587995937858,0.964848801476701,0.035151198523299024,0.7152842842842844,0.28471571571571563,1002.3408504876418,59.73676255595058,0.023295936158040445,0.0016571981236739024,0.04302642502485096,0.03604684418994995
Dew,27.003901578948323,0.9646531989747994,0.03534680102520065,0.7142852852852853,0.28571471471471466,1002.0981984906596,59.80946912579765,0.023293258082363034,0.0016605021414462702,0.043020954601856176,0.036018905144984986
Dew,27.052093944241893,0.9644567882692147,0.0355432117307853,0.7132862862862863,0.2867137137137137,1001.8545506316959,59.88248196978869,0.023290568412624113,0.0016638197986509557,0.04301546157579666,0.035990966100020026
Dew,27.100458012636203,0.9642595641355213,0.03574043586447878,0.7122872872872873,0.2877127127127127,1001.6099005102033,59.95580317299488,0.023287867070438065,0.0016671511850548557,0.043009945800560695,0.03596302705505506
Dew,27.148994749232898,0.9640615213013395,0.0359384786986605,0.7112882882882883,0.2887117117117117,1001.3642416670823,60.029434840328,0.023285153976670105,0.00167049639125616,0.04300440712869542,0.03593508801009009
Bubble,27.1554650761551,0.9640350350350351,0.03596496496496493,0.7111549493424996,0.2888450506575004,1001.3313681074934,60.039217978288505,0.023284790629577876,0.0016709420348175938,0.04300366638622623,0.03593135891445966
Dew,27.19770512694291,0.9638626544457659,0.0361373455542341,0.7102892892892894,0.28971071071071064,1001.1175675839913,60.10337909679146,0.023282429051427116,0.0016738555086945762,0.042998845411390915,0.03590714896512513
Dew,27.246590126568492,0.9636629581987916,0.036337041801208385,0.7092902902902903,0.29070970970970966,1000.8698716826348,60.17763808772337,0.023279692214048152,0.001677228629661384,0.042993260498463935,0.035879209920160166
Dew,27.295650736889275,0.9634624271407145,0.036537572859285466,0.7082912912912913,0.2917087087087087,1000.6211473240505,60.252213979052456,0.023276943383094995,0.001680615847309887,0.042987652238341445,0.0358512708751952
Dew,27.344887954745346,0.9632610558015419,0.03673894419845807,0.7072922922922923,0.2927077077077077,1000.3713878078785,60.3271089575454,0.02327418247634235,0.0016840172556656823,0.04298202047804395,0.03582333183023023
Dew,27.394302785126406,0.9630588386603836,0.036941161339616446,0.7062932932932934,0.2937067067067066,1000.1205863716217,60.40232523107285,0.023271409410768027,0.0016874329496374939,0.0429763650631685,0.03579539278526527
Bubble,27.39985351985492,0.963036036036036,0.03696396396396395,0.7061808571115471,0.29381914288845296,1000.0922848433123,60.410739751520275,0.023271096191154337,0.0016878162914546262,0.04297572734126126,0.035792248278072925
Dew,27.443896241258884,0.9628557701448363,0.037144229855163746,0.7052942942942944,0.29470570570570565,999.8687361898998,60.47786502886941,0.023268624102543028,0.001690863025027893,0.04297068583787144,0.035767453740300305
Dew,27.49366934469521,0.9626518446303602,0.03734815536963978,0.7042952952952953,0.29570470470470467,999.615830373686,60.55373060180125,0.02326582646702128,0.0016943075785442777,0.042964982644851074,0.03573951469533534
Dew,27.543623125403837,0.9624470564396427,0.037552943560357314,0.7032962962962963,0.2967037037037037,999.3618619695321,60.62992422263568,0.023263016418729347,0.0016977667078099611,0.04295925532532975,0.03571157565037037
Dew,27.593758621862676,0.9622413998419559,0.037758600158044046,0.7022972972972973,0.2977027027027027,999.1068239587912,60.70644818632198,0.023260193871356076,0.0017012405113756284,0.04295350371903598,0.035683636605405404
Bubble,27.64352848748831,0.9620370370370371,0.037962962962962865,0.701308712001491,0.29869128799850897,998.8533756127612,60.78242776163252,0.02325738798751831,0.0017046905668791387,0.0429477882962963,0.03565598880089418
Dew,27.644076881149257,0.9620348690525021,0.03796513094749791,0.7012982982982984,0.2987017017017016,998.8507092568115,60.78330481026254,0.023257358737741745,0.001704729088730573,0.0429477276641861,0.035655697560440444
Dew,27.69457895903788,0.96182745823175,0.03817254176825005,0.7002992992992993,0.29970070070070065,998.593510712134,60.86049643460582,0.02325451092986741,0.0017082325403146009,0.04294192699746568,0.03562775851547548
Dew,27.745265920093523,0.9616191614847615,0.038380838515238574,0.6993003003003003,0.3006996996996997,998.33522110567,60.938025422529876,0.02325165035884383,0.001711750967529724,0.04293610155401079,0.03559981947051051
Dew,27.796138837768613,0.9614099728605074,0.0385900271394925,0.6983013013013013,0.3016986986986987,998.0758331498696,61.01589416053491,0.023248776934900437,0.0017152844727521639,0.042930251167388724,0.03557188042554554
Dew,27.84719879450368,0.961199886351171,0.03880011364882892,0.6973023023023024,0.3026976976976976,997.815339487871,61.094105058748525,0.02324589056737388,0.0017188331593447669,0.04292437566957865,0.03554394138058058
Bubble,27.886492316450088,0.9610380380380381,0.03896196196196189,0.696535545270083,0.30346445472991695,997.6146399139548,61.1542903626855,0.023243665980094506,0.0017215650571430455,0.042919849251331334,0.035522497455990225
Dew,27.89844688182408,0.9609888958914451,0.03901110410855494,0.6963033033033034,0.30369669669669663,997.5537326926468,61.17266055121916,0.02324299116469658,0.0017223971316691498,0.04291847489095189,0.03551600233561562
Dew,27.949884200442373,0.9607769953578127,0.03922300464218725,0.6953043043043043,0.30469569569569566,997.2910052661236,61.2515630962275,0.023240078634384997,0.001725976495098403,0.042912548660251765,0.03548806329065065
Dew,28.00151186036222,0.9605641785678215,0.03943582143217846,0.6943053053053053,0.3056946946946947,997.0271496383035,61.33081517660302,0.02323715288302778,0.001729571356030004,0.04290659680457341,0.03546012424568569
Dew,28.053330980980064,0.9603504392793428,0.0396495607206571,0.6933063063063063,0.3066936936936937,996.7621581663572,61.41041930003409,0.023234213816273632,0.0017331818218986096,0.04290061914934295,0.03543218520072072
Dew,28.105342691192728,0.9601357711898236,0.039864228810176386,0.6923073073073074,0.3076926926926926,996.4960231337154,61.49037799939729,0.023231261338819118,0.0017368080011894462,0.042894615518296646,0.035404246155755756
Bubble,28.128747284196834,0.9600390390390391,0.03996096096096091,0.6918585050849972,0.30814149491500276,996.3760772160225,61.52633553064065,0.02322993012953133,0.001738439948245141,0.04289191020636637,0.035391694486052325
Dew,28.157548129502658,0.9599201679355205,0.04007983206447957,0.6913083083083084,0.30869169169169164,996.2287367491343,61.570693833079545,0.0232282953543961,0.0017404500034515677,0.042888585733459425,0.03537630711079079
Dew,28.209948444128422,0.9597036230907281,0.04029637690927192,0.6903093093093093,0.30969069069069066,995.9602911457581,61.65136938531719,0.02322531576575917,0.0017441079393116495,0.042882529615123316,0.03534836806582582
Dew,28.26254479311293,0.9594861301669911,0.04051386983300886,0.6893103103103103,0.3106896896896897,995.6906783801555,61.732407266528725,0.023222322474672652,0.0017477819204876725,0.04287644698182545,0.03532042902086086
Dew,28.315338344437187,0.9592676826123043,0.04073231738769569,0.6883113113113114,0.3116886886886886,995.4198904313484,61.81381011366507,0.023219315381897577,0.0017514720598031687,0.04287033765032562,0.035292489975895895
Dew,28.36833027613196,0.9590482738103019,0.040951726189698154,0.6873123123123124,0.3126876876876876,995.1479191998243,61.89558059055406,0.02321629438717837,0.001755178471201366,0.04286420143558367,0.035264550930930935
Bubble,28.37029561291859,0.9590400400400401,0.040959959959959935,0.68727485060136,0.31272514939864005,995.1376869609514,61.89857088521926,0.02321618039574139,0.0017553154168453288,0.0428639711614014,0.035263503237762256
Dew,28.421521776394414,0.9588278970794317,0.04117210292056827,0.6863133133133134,0.31368668668668664,994.874756506528,61.97772138826096,0.023213259389229295,0.0017589012697598611,0.042858038150736355,0.03523661188596597
Dew,28.474914043702974,0.9586065456721168,0.04139345432788317,0.6853143143143143,0.31468568568568567,994.6003940918423,62.06023522544427,0.02321021028572068,0.0017626405717052261,0.042851847607073924,0.035208672841001
Dew,28.528508286937985,0.9583842127739042,0.04161578722609581,0.6843153153153153,0.3156846846846847,994.3248236145532,62.14312484872987,0.02320714697326504,0.0017663964944282034,0.04284562961401629,0.035180733796036034
Dew,28.582305725500458,0.9581608915025984,0.04183910849740158,0.6833163163163164,0.3166836836836836,994.0480366507906,62.226393033080015,0.023204069347402725,0.001770169156498831,0.04283938397908883,0.03515279475107107
Bubble,28.61113947382141,0.958041041041041,0.04195895895895896,0.6827819464152587,0.31721805358474126,993.8994685652702,62.271003710540846,0.02320241673793837,0.0017721916309254638,0.04283603211643643,0.035137850006673396
Dew,28.636307589434114,0.9579365749073834,0.042063425092616624,0.6823173173173174,0.3176826826826826,993.7700246929614,62.31004258217352,0.02320097730258756,0.0017739586776819567,0.042833110507897794,0.03512485570610611
Dew,28.690515119550135,0.9577112559679269,0.042288744032073,0.6813183183183184,0.31868168168168165,993.4907791486575,62.39407632879478,0.023197870732172093,0.0017777651789530763,0.04282680900410525,0.03509691666114114
Dew,28.74492956755246,0.9574849275934741,0.0425150724065259,0.6803193193193193,0.3196806806806807,993.2102913395537,62.4784971352253,0.023194749528392712,0.0017815887825143213,0.0428204792694038,0.035068977616176174
Dew,28.799552196164868,0.9572575826219212,0.04274241737807882,0.6793203203203203,0.3206796796796797,992.9285525002753,62.563307893641586,0.023191613582354335,0.0017854296118107057,0.042814121103490574,0.03504103857121121
Bubble,28.85128099105242,0.9570420420420421,0.04295795795795787,0.678377257363956,0.321622742636044,992.661421421607,62.6436409745901,0.023188639114671162,0.001789068750400938,0.04280809307147147,0.035014663891788055
Dew,28.854384279260664,0.9570292138187889,0.04297078618121105,0.6783213213213214,0.3216786786786786,992.6455537767295,62.64851152652224,0.023188462784003962,0.0017892877915467078,0.04280773430403863,0.035013099526246254
Dew,28.909427101994897,0.9567998138766276,0.043200186123372356,0.6773223223223224,0.32267767767767763,992.3612862270519,62.73411098706281,0.02318529702215884,0.0017931634477031631,0.042801318666680195,0.03498516048128129
Dew,28.96468196093711,0.9565693754135131,0.04343062458648692,0.6763233233233233,0.32367667667667666,992.075740817295,62.82010925959431,0.023182116184425363,0.0017970567075543317,0.04279487398496474,0.03495722143631632
Dew,29.020150164206026,0.9563378909724135,0.043662109027586514,0.6753243243243243,0.3246756756756757,991.7889084222901,62.906509360007966,0.023178920157225724,0.001800967699685233,0.04278840005034113,0.03492928239135135
Dew,29.07583303160946,0.9561053530200992,0.043894646979900684,0.6743253253253254,0.3256746746746746,991.5007798239186,62.99331433619701,0.023175708825770785,0.001804896554009552,0.042781896652127234,0.03490134334638639
Bubble,29.090722245282986,0.9560430430430431,0.043956956956956894,0.6740583436464022,0.32594165635359795,991.4235449000921,63.016489347591744,0.023174847483854493,0.001805946927687407,0.04278015402650651,0.03489387665909268
Dew,29.131731894780913,0.9558717539461243,0.04412824605387561,0.6733263263263264,0.3266736736736736,991.2113457098652,63.080527268489725,0.02317248207404312,0.0018088434017873782,0.04277536357748142,0.034873404301421426
Dew,29.18784809732433,0.9556370860617898,0.04436291393821025,0.6723273273273274,0.32767267267267264,990.9205966723654,63.16815127010803,0.02316923978478016,0.001812808375643763,0.042768800611373524,0.034845465256456466
Dew,29.244182994955807,0.955401341599091,0.04459865840090897,0.6713283283283283,0.32867167167167166,990.6285232069122,63.256189487618286,0.023165981839456475,0.0018167916095871463,0.04276220753655544,0.03481752621149149
Dew,29.300737955651506,0.9551645127096462,0.04483548729035379,0.6703293293293293,0.3296706706706707,990.3351157109607,63.34464510140208,0.023162708118266307,0.0018207932390284394,0.04275558413353118,0.03478958716652653
Bubble,29.32946527702226,0.9550440440440441,0.04495595595595592,0.6698228562398997,0.33017714376010043,990.1858383496746,63.389555219333424,0.023161041802797627,0.001822826308225861,0.04275221498154154,0.034775422613375524
Dew,29.357514359794095,0.9549265914636063,0.04507340853639377,0.6693303303303304,0.3306696696696696,990.0403644825956,63.43352132612352,0.0231594185001054,0.00182481340080011,0.042748930180526334,0.034761648121561566
Dew,29.41451360032608,0.9546875698485473,0.04531243015145279,0.6683313313313314,0.3316686686686686,989.7442597191832,63.522821411219134,0.023156112862552706,0.0018288522331759984,0.04274224545345712,0.0347337090765966
Dew,29.47173708290121,0.9544474397683431,0.04555256023165688,0.6673323323323324,0.33266766766766764,989.4467915159993,63.61254864138268,0.023152791081851705,0.0018329098758910907,0.04273552972589885,0.03470577003163164
Dew,29.529186226040295,0.9542061930420204,0.04579380695797955,0.6663333333333333,0.33366666666666667,989.1479498648335,63.70270633706556,0.023149453032891416,0.0018369864701618366,0.04272878276905391,0.034677830986666665
Bubble,29.567544282969116,0.9540450450450451,0.04595495495495494,0.6656686307749771,0.33433136922502293,988.9483166258365,63.76295387396105,0.023147222391642464,0.0018397100346931575,0.04272427593657657,0.03465924122362902
Dew,29.586862461290025,0.953963821402591,0.04603617859740903,0.6653343343343344,0.3346656656656656,988.847724652568,63.79329785498665,0.02314609858918703,0.0018410821587068324,0.04272200435171912,0.034649891941701705
Dew,29.64476723338312,0.9537203164958661,0.04627968350413383,0.6643353353353354,0.3356646646646646,988.5461056597343,63.88432658864854,0.02314272762286026,0.0018451970857677963,0.04271519424025255,0.03462195289673674
Dew,29.70290200040042,0.9534756698792515,0.04652433012074851,0.6633363363363364,0.3366636636636636,988.2430825590459,63.975795968860616,0.023139340004619362,0.0018493313971308367,0.04270835219853983,0.03459401385177178
Dew,29.761268233938075,0.9532298730205175,0.046770126979482476,0.6623373373373374,0.33766266266266265,987.9386449138977,64.06770946427939,0.023135935603738594,0.0018534852401483279,0.04270147798795974,0.03456607480680681
Bubble,29.804897841378462,0.9530460460460461,0.04695395395395385,0.6615932946295001,0.3384067053704999,987.7109485122782,64.13647643050184,0.023133388492311852,0.0018565923383116953,0.04269633689161161,0.034545266134635016
Dew,29.819867419275354,0.9529829172965516,0.04701708270344835,0.6613383383383383,0.3386616616616617,987.6327821768501,64.16007058195217,0.023132514288037604,0.0018576587637609847,0.04269457136734935,0.034538135761841844
Dew,29.878701055545807,0.9527347939920869,0.04726520600791301,0.6603393393393394,0.3396606606606606,987.3254836880801,64.25288286787257,0.023129075923860234,0.0018618521185203882,0.042687632092968456,0.034510196716876884
Dew,29.93777065591061,0.9524854942984083,0.04751450570159169,0.6593403403403404,0.3406596596596596,987.016738673804,64.34614990754429,0.02312562037605298,0.0018660654566118652,0.042680659918463364,0.03448225767191191
Dew,29.997077747735798,0.9522350093120387,0.04776499068796127,0.6583413413413414,0.34165865865865863,986.7065362446779,64.43987532655851,0.02312214750794312,0.001870298931877865,0.04267365459483016,0.03445431862694695
Bubble,30.04155909255563,0.9520470470470471,0.047952952952952876,0.6575948406036213,0.34240515939637867,986.4737483067563,64.51023416777527,0.023119540411435536,0.0018734762457390155,0.04266839784664665,0.0344334412109551
Dew,30.05662387277014,0.9519833300333982,0.04801666996660181,0.6573423423423423,0.34265765765765765,986.3948653941676,64.53406279117509,0.023118657181316456,0.0018745526998415719,0.04266661587037725,0.03442637958198198
Dew,30.116410587331526,0.95173044736544,0.04826955263456005,0.6563433433433433,0.3436566566566567,986.0817149968839,64.62871600893091,0.02311514925639445,0.0018788269177314112,0.04265954349068716,0.03439844053701702
Dew,30.1764394624881,0.9514763521122644,0.04852364788773559,0.6553443443443444,0.3446556556556556,985.767073806897,64.72383872923496,0.02311162359181122,0.0018831217445052961,0.042652437198577794,0.03437050149205206
Dew,30.236712084248595,0.951221034977707,0.048778965022292876,0.6543453453453454,0.3456546546546546,985.4509304560138,64.81943474399274,0.023108080044589883,0.001887437340875846,0.042645296734062935,0.03434256244708709
Bubble,30.277529943865545,0.9510480480480481,0.0489519519519519,0.6536712421481017,0.34632875785189826,985.2367152843146,64.88423250734645,0.02310567810413565,0.0018903618790269713,0.042640458801681685,0.03432370977600564
Dew,30.297230053755328,0.9509644865638999,0.04903551343610011,0.6533463463463464,0.34665365365365364,985.1332734520332,64.91550788824082,0.023104518470118678,0.0018917738693360175,0.04263812183431205,0.03431462340212212
Dew,30.357994987475372,0.9507066973698084,0.04929330263019166,0.6523473473473473,0.34765265265265266,984.8140911769566,65.01206204077829,0.02310093872212637,0.0018961314941847792,0.042630912233609326,0.034286684357157156
Dew,30.419008517402567,0.9504476577897422,0.04955234221025792,0.6513483483483484,0.3486516516516516,984.4933718851768,65.10910112483275,0.023097340652657426,0.001900510381553914,0.042623667663312034,0.034258745312192196
Dew,30.48027229125601,0.9501873581118356,0.04981264188816433,0.6503493493493494,0.3496506506506506,984.1711037016299,65.20662910871812,0.023093724112046625,0.001904910699434717,0.04261638785180803,0.03423080626722723
Bubble,30.512812275383553,0.9500490490490491,0.04995095095095092,0.6498205443140425,0.35017945568595743,983.9998487038806,65.25847666320081,0.02309180152503841,0.0019072493553627967,0.04261251975671672,0.034216017155652596
Dew,30.541787972686507,0.949925788516507,0.050074211483492996,0.6493503503503504,0.3506496496496496,983.847274619917,65.30465000651886,0.02309008894889323,0.0019093326177055938,0.04260907252447269,0.03420286722226226
Dew,30.603557241484115,0.94966293907488,0.05033706092512,0.6483513513513514,0.35164864864864864,983.5218725003814,65.40316787877977,0.023086435010034576,0.0019137763081599586,0.04260172140362473,0.0341749281772973
Dew,30.665581793789478,0.9493987997471879,0.05060120025281211,0.6473523523523523,0.35264764764764767,983.1948850681665,65.50218683320975,0.023082762140519332,0.00191824194453468,0.0425943342084816,0.03414698913233233
Dew,30.727863342309657,0.9491333603811367,0.05086663961886329,0.6463533533533534,0.3536466466466466,982.8662999112217,65.60171102540174,0.023079070183580058,0.001922729702539136,0.04258691065511367,0.03411905008736737
Bubble,30.747407941894025,0.94905005005005,0.050949949949949946,0.646040860549462,0.3539591394505381,982.7631478090433,65.63297165483291,0.023077910628290798,0.0019241387874294892,0.04258458071175176,0.034110310588621226
Dew,30.790403616537535,0.9488666107102466,0.05113338928975333,0.6453543543543544,0.3546456456456456,982.5361044782851,65.7017446595659,0.02307535898060543,0.0019272397598848073,0.042579450456397896,0.0340911110424024
Dew,30.853204362974065,0.9485985403521575,0.051401459647842464,0.6443553553553554,0.3556446446446446,982.2042860768155,65.80229198927438,0.023071628371111704,0.0019317722963153483,0.042571953321970404,0.034063171997437434
Dew,30.91626734535389,0.9483291388069068,0.051670861193093116,0.6433563563563564,0.35664364364364365,981.870831870899,65.90335731821877,0.023067878192713883,0.0019363274936371854,0.042564418958178314,0.034035232952472474
Dew,30.979594344877185,0.9480583954551699,0.0519416045448301,0.6423573573573574,0.35764264264264256,981.5357288791027,66.00494500098931,0.023064108281096077,0.0019409055357509039,0.042556847068030555,0.03400729390750751
Bubble,30.9813187747268,0.9480510510510511,0.05194894894894886,0.64233036966194,0.35766963033805993,981.5266118287789,66.00772231511066,0.023064005367575996,0.0019410302836274315,0.04255664166678679,0.03400653914155026
Dew,31.04318716044513,0.9477862995564732,0.05221370044352682,0.6413583583583584,0.3586416416416416,981.1989639723045,66.107059443868,0.02306031846998156,0.0019455066086831957,0.042549237351147864,0.03397935486254254
Dew,31.107047608895773,0.9475128402473687,0.0524871597526313,0.6403593593593594,0.3596406406406406,980.8605238714609,66.20970510562626,0.0230565085911019,0.0019501309006191038,0.04254158950371177,0.03395141581757758
Dew,31.171177525248403,0.947238006539577,0.05276199346042295,0.6393603603603604,0.36063963963963963,980.5203951453577,66.31288649835078,0.02305267847416594,0.001954778601935255,0.04253390321841261,0.033923476772612614
Bubble,31.21454658343739,0.9470520520520521,0.05294794794794788,0.6386873129678766,0.3613126870321233,980.2902399781009,66.38273330629697,0.023050085696127157,0.0019579239484988596,0.04252870262182183,0.033904653629265126
Dew,31.235578762951075,0.9469617873180942,0.05303821268190576,0.6383613613613613,0.36163863863863865,980.1785642082934,66.41660818828282,0.02304882794682765,0.001959449905233651,0.042526178184396635,0.03389553772764765
Dew,31.300253194130203,0.9466841713392607,0.05331582866073929,0.6373623623623624,0.36263763763763757,979.835017317732,66.5208747966667,0.02304495683465371,0.0019641450053759033,0.042518414087211964,0.03386759868268268
Dew,31.365202709848905,0.9464051472287949,0.053594852771205084,0.6363633633633634,0.3636366366366366,979.4897405719074,66.62569100062814,0.023041064961090336,0.0019688640995185152,0.04251061060875359,0.03383965963771772
Dew,31.430429220365788,0.9461247034797899,0.05387529652021006,0.6353643643643644,0.3646356356356356,979.1427199073889,66.73106153405782,0.023037152147429515,0.001973607387148498,0.04250276742720743,0.033811720592752746
Bubble,31.447093157368226,0.9460530530530531,0.053946946946946905,0.6351099915752088,0.3648900084247912,979.0540314586755,66.7580091268535,0.02303615156674042,0.001974819882913384,0.042500763576856865,0.033804606538783526
Dew,31.495934655399513,0.9458428284506689,0.05415717154933108,0.6343653653653654,0.36563463463463464,978.7939410965824,66.83699118851584,0.023033218212774393,0.0019783750701197755,0.042494884216993004,0.033783781547787786
Dew,31.56172096440052,0.9455595103631016,0.05444048963689843,0.6333663663663665,0.36663363363363355,978.4433897451996,66.94348481416148,0.02302926297400414,0.0019831673526905253,0.04248696064870529,0.03375584250282283
Dew,31.62779011682416,0.9452747372998818,0.05472526270011823,0.6323673673673674,0.36763263263263257,978.0910512896698,67.05054732069131,0.023025286245738023,0.001987984441560953,0.04247899638905529,0.033727903457857866
Bubble,31.678960267082946,0.9450540540540541,0.05494594594594593,0.6315967638205879,0.368403236179412,977.817985459376,67.13355412186222,0.02302220293178652,0.0019917181843419163,0.0424728245318919,0.03370635195764094
Dew,31.694144102410796,0.9449884972027601,0.05501150279723989,0.6313683683683684,0.3686316316316316,977.7369109945029,67.15818367830244,0.023021287840298773,0.0019928265459119928,0.042470991100809485,0.0336999644128929
Dew,31.76078493147162,0.9447007778702368,0.05529922212976317,0.6303693693693694,0.3696306306306306,977.3809539495992,67.26639891867681,0.023017267567675234,0.0019976938774448356,0.04246294444272803,0.03367202536792793
Dew,31.827714635176484,0.9444115669553115,0.05558843304468855,0.6293703703703704,0.37062962962962964,977.0231650675112,67.37519813597638,0.02301322523548422,0.00200258665042097,0.04245485606950188,0.033644086322962966
Dew,31.89493526585167,0.9441208519631835,0.05587914803681639,0.6283713713713714,0.37162862862862855,976.6635290806403,67.48458648787214,0.023009160648931562,0.0020075050817034363,0.042446725631688435,0.033616147277998006
Bubble,31.910149665686095,0.9440550550550552,0.05594494494494484,0.6281460428395481,0.3718539571604519,976.5821011567953,67.50937249206483,0.023008239743221442,0.002008618947092243,0.04244488548692693,0.033609845505935355
Dew,31.96244889727833,0.9438286202489128,0.0561713797510873,0.6273723723723724,0.3726276276276276,976.3020305383883,67.59456919658011,0.02300507361077238,0.0020124493907984885,0.04243855277564615,0.03358820823303304
Dew,32.030257625001546,0.943534859015028,0.05646514098497198,0.6263733733733734,0.3736266266266266,975.9386538042469,67.70515154993427,0.02300096392127059,0.0020174197998985652,0.042430337143467646,0.03356026918806807
Dew,32.09836356663952,0.9432395553090931,0.05676044469090694,0.6253743743743744,0.3746256256256256,975.5733830528353,67.8163389024642,0.022996831378157608,0.0020224165339256207,0.04242207837291163,0.033532330143103105
Bubble,32.14066309004848,0.9430560560560561,0.056943943943943864,0.6247562942631135,0.3752437057368864,975.3463777157252,67.8854683024013,0.022994261952596396,0.002025522262529181,0.04241694644196197,0.03351504427190827
Dew,32.166768862202815,0.9429426960212166,0.05705730397878334,0.6243753753753755,0.37562462462462454,975.2062022668548,67.92813667650837,0.022992675776589755,0.0020274398205757326,0.042413776097333204,0.033504391098138145
Dew,32.235475674419625,0.9426442678815186,0.05735573211848141,0.6233763763763764,0.37662362362362356,974.8370952340218,68.04055036335095,0.0229884969091056,0.002032489890364636,0.042405429945613145,0.03347645205317318
Dew,32.30448618906217,0.9423442574575405,0.05765574254245951,0.6223773773773774,0.3776226226226226,974.4660455439011,68.1535855243671,0.022984294565581626,0.0020375669766737412,0.04239703954208533,0.03344851300820821
Bubble,32.370502261932735,0.9420570570570571,0.05794294294294289,0.6214260340329494,0.3785739659670507,974.1108142895815,68.26184549005336,0.022980269511066475,0.0020424282192797382,0.042389007396997004,0.03342190675084086
Dew,32.37380261528601,0.9420426511516049,0.05795734884839507,0.6213783783783784,0.3786216216216216,974.0930365846907,68.26724779221287,0.022980068533187292,0.002042671315797713,0.04238860450646297,0.033420573963243244
Dew,32.44342718597214,0.9417394351981176,0.05826056480188241,0.6203793793793794,0.37962062062062063,973.7180515399393,68.38154287202896,0.02297581859633915,0.0020478031469927114,0.042380124453763164,0.03339263491827828
Dew,32.51336215807515,0.9414345956608199,0.05856540433918018,0.6193803803803805,0.38061961961961954,973.3410733852013,68.49647654266916,0.022971544536654082,0.0020529627125256047,0.04237159899422998,0.03336469587331332
Dew,32.58360981298006,0.941128118429978,0.058871881570021954,0.6183813813813814,0.38161861861861857,972.9620848846073,68.61205465796054,0.022967246132901162,0.0020581502577243917,0.04236302773325594,0.03333675682834835
Bubble,32.59966888903475,0.9410580580580581,0.05894194194194191,0.6181538263276515,0.38184617367234863,972.8754100208135,68.63850787202507,0.022966262369399026,0.0020593369034245523,0.04236106835203204,0.03333039278705849
Dew,32.65417245686448,0.940819989219517,0.059180010780482885,0.6173823823823824,0.3826176176176176,972.5810685873773,68.72828314798606,0.022962923160952893,0.0020633660310295436,0.0423544102713018,0.03330881778338339
Dew,32.72505242106901,0.9405101935640956,0.059489806435904416,0.6163833833833834,0.3836166166166166,972.1980068242588,68.8451680203987,0.022958575393735213,0.0020686102840465556,0.0423457462038148,0.033280878738418423
Dew,32.79625206247329,0.9401987168161158,0.059801283183884245,0.6153843843843844,0.38461561561561564,971.8128817038795,68.96271536175917,0.022954202601176324,0.0020738832715994707,0.042337035121144985,0.03325293969345346
Bubble,32.828164665943866,0.9400590590590591,0.059940940940940934,0.6149382815934766,0.3850617184065234,971.6401640412607,69.01545915231128,0.02295224047798081,0.002076248398677157,0.04233312930706708,0.033240463518856025
Dew,32.86777376388186,0.9398855441426734,0.060114455857326596,0.6143853853853855,0.38561461461461455,971.4256751090372,69.08093133891,0.02294980455015463,0.0020791852517857727,0.04232827660845992,0.03322500064848849
Dew,32.93961993441548,0.9395706605224423,0.06042933947755768,0.6133863863863864,0.38661361361361357,971.0363686929063,69.19982220037343,0.022945381004445466,0.0020845164860322633,0.04231947024565757,0.03319706160352352
Dew,33.011793009909525,0.9392540507424928,0.06074594925750713,0.6123873873873874,0.3876126126126126,970.6449438751526,69.31939427777759,0.022940931724666373,0.0020898772391520874,0.04231061560727733,0.03316912255855856
Bubble,33.055991275032866,0.9390600600600602,0.06093993993993985,0.6117780546731103,0.3882219453268898,970.4050754725001,69.39270292863864,0.02293820378682494,0.0020931627865509277,0.04230519026210211,0.03315208132616507
Dew,33.084295453324344,0.9389356993950402,0.061064300604959806,0.6113883883883884,0.3886116116116116,970.2513818379838,69.43965398732708,0.022936456468221657,0.0020952677794033774,0.04230171226240907,0.033141183513593596
Dew,33.15712975515932,0.9386155908741259,0.06138440912587405,0.6103893893893895,0.38961061061061053,969.8556635221016,69.5606078312916,0.022931954989245367,0.002100688378548743,0.04229275977460032,0.03311324446862863
Dew,33.23029843387687,0.9382937093722268,0.061706290627773164,0.6093903903903904,0.39060960960960955,969.4577696225685,69.68226239953347,0.022927427038543058,0.002106139311916235,0.042283757701761446,0.03308530542366367
Bubble,33.283150387277544,0.9380610610610611,0.06193893893893887,0.6086718430267072,0.3913281569732927,969.17014342615,69.77024269884679,0.022924152245576826,0.0021100801465157156,0.04227725121713714,0.03306520978080164
Dew,33.303804036336345,0.9379700388767882,0.06202996112321171,0.6083913913913914,0.3916086086086086,969.057680584593,69.80462437107283,0.022922872363532434,0.0021116208584617646,0.04227470559606869,0.0330573663786987
Dew,33.37764913823542,0.9376445631666848,0.062355436833315216,0.6073923923923924,0.3926076076076076,968.6553765992073,69.92770051568422,0.02291829070818234,0.002117133300832782,0.0422656030038652,0.033029427333733735
Dew,33.45183634455851,0.9373172658086044,0.0626827341913956,0.6063933933933934,0.3936066066066066,968.2508375988702,70.05149769552365,0.022913681812950712,0.002122676925433206,0.04225644946555988,0.03300148828876877
Bubble,33.50964366301862,0.9370620620620621,0.0629379379379379,0.6056183850396907,0.3943816149603093,967.9353670041593,70.14808186689547,0.022910085803519827,0.0021270005561439495,0.042249312172172176,0.03297981359914043
Dew,33.526368290040224,0.9369881301533449,0.06301186984665505,0.6053943943943945,0.39460560560560554,967.844043252953,70.1760228668092,0.022909045414720892,0.0021282520224903075,0.04224724451552381,0.03297354924380381
Dew,33.60124763963134,0.9366571393320416,0.06334286066795831,0.6043953953953954,0.39560460460460456,967.434972963141,70.30128308152014,0.022904381246736535,0.002133858886122494,0.042237987681984786,0.03294561019883884
Dew,33.67647708897888,0.9363242762522996,0.06367572374770031,0.6033963963963964,0.3966036036036036,967.0236058587273,70.42728548914725,0.022899689038535162,0.0021394978144089975,0.042228678486919115,0.032917671153873874
Bubble,33.73547275266231,0.9360630630630631,0.06393693693693692,0.6026164637802864,0.3973835362197136,966.7007452990666,70.52622596267263,0.022896004409580187,0.002143924148770602,0.04222137312720721,0.03289585874720183
Dew,33.752059364916384,0.9359895235942473,0.06401047640575278,0.6023973973973974,0.3976026026026026,966.6099207918003,70.55403733848443,0.02289496851588001,0.002145169109461166,0.04221931644594126,0.03288973210890891
Dew,33.82799722596008,0.9356528638064959,0.06434713619350414,0.6013983983983985,0.3986016016016015,966.1938963323196,70.68154597944901,0.02289021940069029,0.0021508730774950015,0.04220990106819083,0.03286179306394395
Dew,33.90429346282096,0.9353142791020141,0.06468572089798584,0.6003993993993995,0.39960060060060054,965.7755107630949,70.80981886496012,0.022885441410970105,0.002156610028905832,0.04220043185621719,0.03283385401897898
Bubble,33.960639297323,0.9350640640640641,0.06493593593593594,0.5996648842487879,0.40033511575121206,965.4662773942377,70.9046738991262,0.022881908012331448,0.002160850886427716,0.04219343408224225,0.03281331180438122
Dew,33.980950898924405,0.9349737514539042,0.06502624854609579,0.5994004004004004,0.40059959959959957,965.3547420746361,70.93886355285184,0.022880634260735354,0.002162380278344421,0.0421909083058614,0.032805914974014014
Dew,34.057972390940876,0.9346312625910828,0.0653687374089173,0.5984014014014014,0.4015985985985986,964.9315679598906,71.06868770783052,0.022875797659939127,0.002168184144794824,0.042181329906135316,0.03277797592904905
Dew,34.13536082933033,0.9342867939938665,0.06571320600613353,0.5974024024024024,0.4025975975975976,964.5059658088677,71.19929910348615,0.022870931314395365,0.0021740219516542805,0.04217169613909822,0.03275003688408408
Bubble,34.18514492943929,0.9340650650650651,0.06593493493493485,0.5967625033674384,0.4032374966325616,964.2319623640911,71.28343094067839,0.022867796559998686,0.0021777808965045375,0.04216549503727728,0.03273214080217728
Dew,34.21311913889421,0.9339403268894525,0.06605967311054747,0.5964034034034035,0.4035965965965965,964.0779127031262,71.3307056243388,0.022866034925700503,0.0021798940268146034,0.042162006479730396,0.03272209783911912
Dew,34.291250279344034,0.9335918422472933,0.06640815775270666,0.5954044044044045,0.40459559559559555,963.647385410136,71.4629152679475,0.022861108191153307,0.0021858007027458783,0.04215226039580374,0.03269415879415415
Dew,34.369757245879235,0.9332413207743789,0.06675867922562105,0.5944054054054054,0.40559459459459457,963.2143603775593,71.59593614706085,0.02285615080367372,0.0021917423165818857,0.04214245734774989,0.032666219749189186
Bubble,34.40899127331094,0.9330660660660661,0.06693393393393388,0.5939082078667265,0.4060917921332736,962.997799274295,71.66250016954035,0.02285367000046198,0.002194714250270918,0.042137555992312316,0.03265231460573706
Dew,34.44864306977793,0.9328887429103803,0.06711125708961976,0.5934064064064064,0.4065935935935936,962.7788137272838,71.72977649182029,0.02285116245171758,0.002197719210207559,0.042132596788524324,0.032638280704224226
Dew,34.52791081900138,0.932534088822705,0.06746591117729488,0.5924074074074074,0.4075925925925926,962.3407212494284,71.86444465201832,0.022846142819191406,0.0022037317303485963,0.042122678163468145,0.03261034165925926
Dew,34.60756359881226,0.9321773384014285,0.06782266159857152,0.5914084084084085,0.40859159159159153,961.9000583961633,71.9999490994137,0.022841091585364313,0.0022097802286632617,0.04211270091016629,0.03258240261429429
Bubble,34.63217994563635,0.9320670670670671,0.0679329329329329,0.591100918077815,0.40889908192218516,961.7637871819546,72.0418845994576,0.02283952828125975,0.0022116510177029006,0.04210961694734735,0.032573803019918975
Dew,34.68760455240489,0.9318184712540989,0.06818152874590115,0.5904094094094094,0.40959059059059055,961.4568002753712,72.13629843009723,0.022836008424777527,0.00221586506183623,0.042102664458302234,0.032554463569329326
Dew,34.768036861551764,0.9314574667004297,0.06854253329957026,0.5894104104104104,0.4105895895895896,961.0109216441864,72.27350136692326,0.02283089300715218,0.002221986591674926,0.04209256822950959,0.03252652452436436
Dew,34.84886374726071,0.9310943037668563,0.06890569623314365,0.5884114114114114,0.4115885885885886,960.5623969023566,72.41156676198878,0.022825744997294464,0.0022281451852078265,0.04208241163721982,0.032498585479399406
Bubble,34.854712555963616,0.9310680680680681,0.06893193193193192,0.5883395866660723,0.41166041333392767,960.5299251357762,72.42158717997484,0.022825371349591488,0.002228591267581511,0.04208167790238239,0.03249657675387351
Dew,34.930088470452944,0.9307289611809633,0.06927103881903675,0.5874124124124125,0.4125875875875875,960.1112000854534,72.55050359919251,0.022820564054998594,0.0022343412147857403,0.04207219408650645,0.03247064643443444
Dew,35.011714332650016,0.9303614173657812,0.06963858263421888,0.5864134134134135,0.41358658658658654,959.6573048579169,72.69032099683855,0.022815349834947266,0.002240575058184971,0.042061914973925495,0.03244270738946947
Bubble,35.0765907071511,0.9300690690690692,0.06993093093093083,0.5856231974223647,0.4143768025776353,959.2962121762256,72.80161080047803,0.022811199152320442,0.0022455350675858374,0.04205373885741743,0.032420607387239175
Dew,35.09374467668191,0.9299916504339424,0.07000834956605756,0.5854144144144144,0.41458558558558556,959.2006845059393,72.83102821032143,0.022810101986609824,0.0022468470987135392,0.04205157368735209,0.03241476834450451
Dew,35.1761828874065,0.9296196381816911,0.07038036181830888,0.5844154154154154,0.4155845845845846,958.7413119301573,72.97263463486466,0.022804820154137564,0.0022531577253195986,0.04204116960581289,0.032386829299539545
Dew,35.25903239244899,0.9292453580827538,0.07075464191724624,0.5834164164164164,0.4165835835835836,958.2791596381861,73.11514980833803,0.022799503976256692,0.0022595073327028497,0.042030702099314705,0.03235889025457458
Bubble,35.29781599576411,0.9290700700700701,0.07092992992992986,0.5829507641090254,0.4170492358909746,958.0626473356612,73.18195829402087,0.022797011635975632,0.0022624824843804985,0.042025799812452455,0.03234586733786767
Dew,35.342296662958105,0.9288687871348048,0.07113121286519519,0.5824174174174175,0.4175825825825825,957.8141991600189,73.25858341414647,0.022794153074662305,0.0022658963214287394,0.04202017052455057,0.03233095120960961
Dew,35.42597921437857,0.9284899024342761,0.0715100975657239,0.5814184184184185,0.41858158158158154,957.3464033200166,73.40294528418781,0.022788767099339836,0.002272325098045397,0.0420095742409755,0.03230301216464465
Dew,35.51008360724164,0.9281086803090606,0.0718913196909394,0.5804194194194194,0.41958058058058056,956.8757428495327,73.5482454018872,0.02278334566109582,0.0022787940752035433,0.04199891258655071,0.032275073119679684
Bubble,35.51839001245841,0.9280710710710711,0.07192892892892888,0.5803213293575115,0.41967867064248854,956.8292296384694,73.56263244092862,0.022782808746753973,0.002279433583697396,0.04199786076748749,0.0322723298309947
Dew,35.59461344797662,0.9277250968783421,0.07227490312165787,0.5794204204204204,0.4205795795795796,956.402188605451,73.69449390531686,0.02277788837582675,0.0022853036717796703,0.04198818489340047,0.03224713407471472
Dew,35.67957238973799,0.9273391279057508,0.0726608720942492,0.5784214214214215,0.4215785785785785,955.9257110113564,73.84170109038581,0.022772394853425366,0.002291854313002038,0.04197739048370525,0.03221919502974976
Bubble,35.73831434232487,0.9270720720720721,0.0729279279279279,0.5777339636150691,0.422266036384931,955.5959581011709,73.94363597222643,0.022768590430521696,0.0022963884304130666,0.04196992172252252,0.03219996886978119
Dew,35.764964133256775,0.9269507487922434,0.0730492512077566,0.5774224224224225,0.4225775775775775,955.4462800488568,73.98987741412674,0.02276686469765574,0.002298446430580344,0.04196652866950262,0.03219125598478479
Dew,35.85079242770703,0.9265599345688145,0.07344006543118552,0.5764234234234235,0.42357657657657655,954.9638652486929,74.1390334980534,0.022761297506025152,0.0023050804628382557,0.04195559875248342,0.032163316939819823
Dew,35.93706107159901,0.9261666598890079,0.073833340110992,0.5754244244244244,0.42457557557557557,954.4784356816114,74.28918013162384,0.02275569286965257,0.002311756854849937,0.04194460002378228,0.03213537789485486
Bubble,35.95759056522376,0.9260730730730731,0.07392692692692693,0.5751877641377633,0.4248122358622368,954.3628317325355,74.32497157287548,0.022754356632815994,0.0023133470886212066,0.04194198267755756,0.0321287592071514
Dew,36.023773913688466,0.9257708990212451,0.07422910097875489,0.5744254254254254,0.4255745745745746,953.9899599490102,74.4403282757794,0.02275005037313363,0.0023184760585796362,0.041933531763763125,0.03210743884988989
Dew,36.11093485391208,0.9253726258409483,0.0746273741590517,0.5734264264264265,0.4265735735735735,953.4984061733311,74.59248906658962,0.022744369594401948,0.002325238533025318,0.04192239324179883,0.03207949980492493
Bubble,36.17622025606521,0.9250740740740742,0.07492592592592584,0.5726818540275145,0.4273181459724855,953.1298495336631,74.70664188483461,0.022740107298845864,0.0023303096217007907,0.0419140436325926,0.03205867631886166
Dew,36.19854784434526,0.924971813819974,0.07502818618002602,0.5724274274274275,0.42757257257257253,953.0037419788449,74.74567381899354,0.022738650104401074,0.0023320447443660433,0.04191118371597577,0.03205156075995996
Dew,36.28661689018184,0.9245684360280879,0.07543156397191204,0.5714284284284284,0.42857157157157155,952.5059345183583,74.89989403063672,0.022732891467668537,0.0023388951661131134,0.041899902433134975,0.032023621714994996
Dew,36.375146050738834,0.9241624651100647,0.0758375348899353,0.5704294294294294,0.4295705705705706,952.0049504085307,75.05516138581483,0.022727093241108484,0.002345790279265336,0.04188854862823179,0.03199568267003003
Bubble,36.39420498511158,0.9240750750750751,0.07592492492492486,0.570215381310827,0.4297846186891729,951.8970104980784,75.08864950997273,0.022725842373493264,0.002347276092380623,0.04188610458762763,0.031989696377735154
Dew,36.46413944048938,0.923753873286378,0.07624612671362192,0.5694304304304305,0.4305695695695695,951.5007557548304,75.21148775953374,0.02272125497454386,0.0023527305724687555,0.04187712152435507,0.03196774362506507
Dew,36.55360123011534,0.9233426323419173,0.07665736765808272,0.5684314314314315,0.4315685685685685,950.9933161318407,75.36888522166277,0.022715376210384178,0.002359716542180126,0.041865620332411695,0.0319398045801001
Bubble,36.61154631821614,0.9230760760760761,0.07692392392392389,0.5677875180571013,0.43221248194289874,950.6643136118025,75.4709970128133,0.022711561801313698,0.0023642465627996666,0.04185816554266266,0.03192179622900367
Dew,36.64353564759449,0.9229287136167712,0.0770712863832289,0.5674324324324325,0.43256756756756753,950.4825965720171,75.52736604122603,0.02270945648346246,0.0023667486928355846,0.04185404425086879,0.031911865535135135
Dew,36.7339469793079,0.9225120879967769,0.07748791200322312,0.5664334334334334,0.43356656656656656,949.9685615541619,75.68694269079104,0.022703495320868027,0.0023738275370232503,0.04184239246548938,0.031883926490170175
Dew,36.82483957118086,0.9220927259037989,0.07790727409620113,0.5654344344344344,0.4345655655655656,949.4511749915634,75.84762785099502,0.02269749224177417,0.002380953595661063,0.04183066414906058,0.03185598744520521
Bubble,36.828245817065394,0.9220770770770771,0.07792292292292291,0.5653974595345224,0.4346025404654778,949.4317578534205,75.85368692314707,0.02269726552653681,0.0023812210945642395,0.0418302264976977,0.03185495336670037
Dew,36.916217829853004,0.9216705972857472,0.07832940271425284,0.5644354354354355,0.4355645645645645,948.9304002198247,76.00943441519861,0.022691446757261334,0.002388127398179553,0.04181885846111438,0.03182804840024024
Dew,37.008086223874045,0.9212456716063262,0.07875432839367387,0.5634364364364365,0.4365635635635635,948.4061999843557,76.17237549425592,0.02268535837013517,0.0023953494827092404,0.04180697454764099,0.03180010935527528
Bubble,37.04430503940167,0.9210780780780782,0.07892192192192182,0.5630444234016143,0.43695557659838574,948.1993421941407,76.23672173850468,0.02268295349306666,0.002398199748801834,0.04180228745273274,0.031789145911049886
Dew,37.10044928493702,0.9208179178344928,0.07918208216550718,0.5624374374374375,0.43756256256256254,947.8785364275126,76.33646442144013,0.02267922657473935,0.0024026203962739163,0.04179501154079398,0.031772170310310315
Dew,37.19331160914079,0.9203873044336242,0.07961269556637585,0.5614384384384384,0.43856156156156156,947.347371075386,76.50171475750005,0.02267305085676314,0.0024099406949890678,0.04178296855858734,0.03174423126534535
Bubble,37.25972553922378,0.9200790790790792,0.07992092092092085,0.5607276489327176,0.43927235106728224,946.9670655978449,76.62010392650339,0.02266862564448187,0.0024151825862119007,0.041774348407767774,0.031724352586807274
Dew,37.28667785828615,0.9199537993503838,0.08004620064961622,0.5604394394394395,0.4395605605605605,946.8126648242142,76.6681402958633,0.022666830693043313,0.002417310944265975,0.04177084470458416,0.03171629222038038
Dew,37.380552761207156,0.9195173700032705,0.08048262999672955,0.5594404404404405,0.4405595595595595,946.274377926414,76.8357550679921,0.02266056555136046,0.00242473171902171,0.04175863906757627,0.03168835317541542
Bubble,37.474508866978425,0.9190800800800801,0.08091991991991987,0.558446396275686,0.441553603724314,945.7349270211403,77.00383592707409,0.022654281924035746,0.002432169667113822,0.04174640936280281,0.031660552702497964
Dew,37.47494111513666,0.9190779832708484,0.08092201672915153,0.5584414414414415,0.4415585585585585,945.732469976217,77.00457334889077,0.022654254890229177,0.0024322036038950316,0.041746350721255154,0.031660414130450454
Dew,37.5698477871135,0.9186356054796325,0.0813643945203675,0.5574424424424425,0.44255755755755755,945.1868998948919,77.17460966278988,0.022647898158682303,0.00243972719346901,0.0417339787238731,0.03163247508548549
Dew,37.66527771542102,0.9181902023916365,0.08180979760836346,0.5564434434434434,0.44355655655655657,944.6376259155448,77.34587878897634,0.022641494796048572,0.0024473030924994548,0.04172152211789499,0.03160453604052052
Bubble,37.688656569729496,0.9180810810810811,0.08191891891891889,0.5561999457402359,0.443800054259764,944.5029254133909,77.38792015457497,0.022639922274655975,0.0024491610514922085,0.04171847031783783,0.03159772613051501
Dew,37.7612359110703,0.9177417391915568,0.08225826080844317,0.5554444444444445,0.4445555555555555,944.0846055674839,77.51839576781404,0.022635044231723942,0.002454931916150586,0.04170897992963984,0.03157659699555556
Dew,37.857727459323335,0.91729018047358,0.08270981952641995,0.5544454454454455,0.4455545545545545,943.5277956601157,77.6921759069408,0.022628545884935746,0.0024626142902375472,0.041696351168911835,0.03154865795059059
Bubble,37.90217019132125,0.9170820820820821,0.08291791791791792,0.5539875971154756,0.4460124028845243,943.2710597167547,77.77235899980018,0.022625546638944387,0.00246615679903972,0.04169053127287287,0.031535853288032385
Dew,37.95475752125707,0.9168354902278109,0.08316450977218914,0.5534464464464465,0.44655355355355353,942.9671522663839,77.8672347876484,0.02262199916450003,0.002470350851476015,0.041683634828620794,0.031520718905625626
Dew,38.052331335371065,0.9163776318263002,0.08362236817369983,0.5524474474474474,0.44755255255255255,942.4026307057145,78.04358827145506,0.022615403468571407,0.0024781422477392527,0.04167082988439141,0.03149277986066066
Bubble,38.11505127253004,0.9160830830830832,0.08391691691691683,0.5518086690151626,0.44819133098483743,942.0393288662135,78.15715483188714,0.022611154959176625,0.0024831569691975896,0.04166259222790791,0.03147491511869382
Dew,38.15045421924474,0.9159165680086522,0.08408343199134781,0.5514484484484484,0.4485515515515516,941.8341855264516,78.22125250689203,0.022608758184385364,0.0024859891383233286,0.041657935294160696,0.03146484081569569
Dew,38.249131571234564,0.9154522608672112,0.08454773913278882,0.5504494494494495,0.4495505505505505,941.2617704877686,78.40024393647684,0.022602062687992485,0.0024938921942197004,0.04164494999776374,0.03143690177073073
Bubble,38.327301351194585,0.9150840840840841,0.08491591591591585,0.5496624982494234,0.4503375017505766,940.8077317895903,78.54231000013135,0.022596747177301438,0.0025001616211939776,0.041634653182942946,0.031414893075041556
Dew,38.34836887222657,0.9149846718317994,0.08501532816820051,0.5494504504504505,0.4505495495495495,940.6853385410471,78.580579303923,0.022595316343984866,0.0025018520983967696,0.04163187291650681,0.031408962725765766
Dew,38.4482305325312,0.9145136549384318,0.08548634506156812,0.5484514514514515,0.45154854854854853,940.1046340309343,78.76245166738029,0.022588515132597572,0.002509875154760101,0.04161869996820932,0.0313810236808008
Bubble,38.53892196234685,0.9140850850850851,0.08591491491491487,0.5475484392216513,0.4524515607783487,939.5762674075692,78.92782683571137,0.022582323234940062,0.0025171708140802494,0.04160671413797798,0.031355769101649486
Dew,38.54860537103997,0.9140393810981806,0.08596061890181937,0.5474524524524524,0.45254754754754756,939.5200187804738,78.94552903966506,0.022581665056920316,0.002517950943475341,0.04160543593274806,0.03135308463583584
Dew,38.64955713192111,0.9135617054418604,0.08643829455813952,0.5464534534534535,0.45354654654654647,938.9312402858906,79.13000251988825,0.02257476215329003,0.002526085706141114,0.04159207675856073,0.03132514559087087
Bubble,38.749914638331504,0.9130860860860861,0.0869139139139139,0.5454658633493564,0.4545341366506435,938.3449346337134,79.31370765332115,0.022567883073385555,0.002534184606765181,0.04157877509301302,0.031297525618925987
Dew,38.75109164516846,0.9130805865843072,0.08691941341569284,0.5454544544544545,0.4545455455455455,938.3382480640953,79.31589013474257,0.022567805737459385,0.0025342801766797987,0.041578621288226786,0.031297206545905905
Dew,38.85321483286498,0.9125959823941273,0.08740401760587262,0.5444554554554555,0.4555445445445445,937.7409907219233,79.5032102517252,0.022560795112215044,0.002542535102535831,0.04156506834345586,0.031269267500940945
Dew,38.95593271125839,0.9121078499754001,0.08789215002459992,0.5434564564564565,0.45654354354354354,937.1394159337766,79.69198158780463,0.02255372956704737,0.0025508512450135843,0.04155141672457602,0.031241328455975974
Bubble,38.96028090889959,0.9120870870870871,0.08791291291291292,0.5434141585079737,0.4565858414920263,937.113732374462,79.69995475274746,0.02255342663360164,0.0025512030580479633,0.041550836048048045,0.031240145507558843
Dew,39.0592513929076,0.9116161456487845,0.08838385435121557,0.5424574574574574,0.45754254254254256,936.5334704185543,79.88222321839409,0.022546608377809512,0.002559229379626885,0.04153766521000539,0.03121338941101101
Dew,39.16317708889397,0.9111208249320412,0.08887917506795882,0.5414584584584585,0.4585415415415415,935.9230999158572,80.07395458661715,0.022539430806365484,0.002567670296459778,0.0415238125557074,0.031185450366046048
Bubble,39.170022301324025,0.9110880880880882,0.08891191191191183,0.541392728496412,0.458607271503588,935.8826595291474,80.08657042034442,0.022538953856221976,0.002568226226648788,0.041522897003083085,0.03118361209356829
Dew,39.26771611109399,0.9106218425199268,0.08937815748007313,0.5404594594594595,0.4595405405405405,935.3082491614246,80.26719551285956,0.02253219610022647,0.002576174800538418,0.04150985749462849,0.03115751132108108
Dew,39.37287487452801,0.9101191522634426,0.08988084773655745,0.5394604604604605,0.4605395395395395,934.6888618617864,80.46196620465659,0.022524903492175376,0.0025847437122157413,0.0414957987361178,0.031129572276116117
Bubble,39.37914034048683,0.9100890890890891,0.08991091091091086,0.5394009925234516,0.4605990074765484,934.6517149899921,80.47355693045654,0.022524464681549,0.00258525417123841,0.04149495795811812,0.031127909133943074
Dew,39.478659899779316,0.9096127071484116,0.09038729285158845,0.5384614614614615,0.46153853853853855,934.0648806680863,80.65828726690178,0.02251755219987874,0.0025933778675685452,0.04148163496532791,0.031101633231151154
Dew,39.58507781549096,0.9091024592733509,0.09089754072664909,0.5374624624624625,0.46253753753753746,933.4362471490481,80.85617971240585,0.02251014142548557,0.0026020781188079802,0.04146736484259617,0.03107369418618619
Bubble,39.58763654894745,0.9090900900900901,0.09090990990990988,0.5374383847140163,0.4625616152859838,933.4208976420999,80.8609165467686,0.02250995904955258,0.0026022869504659873,0.04146701891315316,0.031073020802832287
Dew,39.692135360933655,0.9085883598266334,0.09141164017336648,0.5364634634634635,0.4635365365365365,932.8029017630658,81.05566497279001,0.02250267035521292,0.0026108453347030297,0.041452987002805856,0.03104575514122122
Bubble,39.79551244703971,0.9080910910910911,0.0919089089089089,0.5355043536343822,0.46449564636561774,932.1902063634577,81.2486515235913,0.022495436899868965,0.002619324622985559,0.04143907986818819,0.031018931678266914
Dew,39.7998393886676,0.9080703590628734,0.09192964093712665,0.5354644644644645,0.4645355355355355,932.1647838293472,81.25676490978802,0.022495138158917048,0.002619680401019446,0.04143850005472574,0.031017816096256257
Dew,39.9081968672785,0.9075484062785336,0.09245159372146644,0.5344654654654655,0.4655345345345345,931.5218314981036,81.45950182690352,0.02248754398965003,0.002628584220972547,0.041423902580328006,0.03098987705129129
Bubble,40.00276955292954,0.9070920920920922,0.09290790790790782,0.5335983618355296,0.46640163816447044,930.9596400249268,81.63676410709904,0.022480898171799407,0.0026363672474815293,0.041411140823223225,0.03096562672938873
Dew,40.01721488420667,0.9070224497867214,0.09297755021327858,0.5334664664664664,0.46653353353353355,930.8739817197462,81.66389848148499,0.022479886983201296,0.0026375577156959274,0.041409193134083234,0.030961938006326326
Dew,40.126900648668396,0.9064924368911137,0.09350756310888633,0.5324674674674675,0.46753253253253246,930.2211702130099,81.86997809722297,0.02247216625762269,0.002646601824726381,0.041394370242231256,0.030933998961361366
Bubble,40.20940938268158,0.9060930930930932,0.09390690690690684,0.5317198854137861,0.468280114586214,929.7291974902201,82.02525653649175,0.022466342804308526,0.0026534148826923105,0.04138320177825826,0.030913091304162775
Dew,40.23726149466948,0.9059583138590107,0.09404168614098926,0.5314684684684685,0.4685315315315315,929.5633314320238,82.07776437707483,0.02246438091273763,0.002655717506505273,0.04137943240202751,0.0309060599163964
Dew,40.34830488412487,0.9054200258934494,0.09457997410655071,0.5304694694694695,0.4695305305305305,928.9003985322096,82.28728151666722,0.022456530029632223,0.0026649057388981124,0.04136437808096313,0.030878120871431436
Bubble,40.41543345031852,0.9050940940940941,0.09490590590590586,0.5298684135880107,0.4701315864119894,928.4988776159007,82.41413104513032,0.022451770736023093,0.0026704675874336748,0.04135526273329329,0.030861311117552442
Dew,40.46003841007344,0.9048775171043623,0.09512248289563772,0.5294704704704705,0.47052952952952953,928.232303335031,82.49855421814954,0.02244861267012893,0.002674167519731562,0.04134920571595838,0.03085018182646647
Dew,40.57246980000768,0.9043307304787248,0.09566926952127518,0.5284714714714714,0.47152852852852856,927.5589762914879,82.7116077045662,0.022440627876240953,0.0026835038673502045,0.041333913712527724,0.030822242781501502
Bubble,40.62084326787149,0.9040950950950951,0.09590490490490489,0.5280434482925863,0.47195655170741363,927.2686792513537,82.80338986159559,0.022437181905230242,0.002687525420620179,0.04132732368832834,0.030810272240136695
Dew,40.685606919313344,0.9037796078496504,0.09622039215034954,0.5274724724724725,0.47252752752752747,926.8803464443264,82.92646773474112,0.022432574669607058,0.002692915821192973,0.04131850044391548,0.03079430373653654
Dew,40.799457774826394,0.9032240898643957,0.09677591013560424,0.5264734734734735,0.4735265265265265,926.1963413889187,83.14316061870439,0.022424452050905958,0.002702404442390342,0.04130296425020115,0.030766364691571575
Bubble,40.82564034543205,0.9030960960960961,0.09690390390390391,0.5262445037855477,0.4737554962144523,926.038601238769,83.19303521072312,0.022422576249875904,0.0027045884412862787,0.04129938464336337,0.03075996108715056
Dew,40.914030518512746,0.9026641159512211,0.09733588404877892,0.5254744744744745,0.4745255255255255,925.5068872327307,83.3617132336879,0.02241625899924916,0.0027119708143832884,0.04128730343737244,0.03073842564660661
Dew,41.02933345127533,0.9020996242850555,0.09790037571494449,0.5244754754754755,0.47552452452452454,924.8119085533281,83.58215304071199,0.02240799447155127,0.0027216160435648735,0.041271516276365126,0.03071048660164164
Bubble,41.029826191194616,0.9020970970970972,0.09790290290290282,0.5244711062711517,0.4755288937288482,924.8086424131228,83.58306931458135,0.02240795370756316,0.002721656708606162,0.041271445598398404,0.030710364407929548
Dew,41.14537502689606,0.9015305517519155,0.09846944824808439,0.5234764764764765,0.47652352352352345,924.1113283548582,83.8045081017971,0.02239965740187709,0.002731341259945698,0.0412556010020679,0.03068254755667668
Bubble,41.233402311491474,0.9010980980980982,0.09890190190190185,0.5227227935363083,0.47727720646369154,923.5788016021442,83.97349439341221,0.02239331421555033,0.002738730281912785,0.04124350655343344,0.030661469275741676
Dew,41.262163856114185,0.9009568339120264,0.09904316608797356,0.5224774774774775,0.4775225225225225,923.405068022933,84.0288070978145,0.02239124670076398,0.002741147617843854,0.041239555812291,0.030654608511711715
Dew,41.37970871085314,0.9003784049615756,0.0996215950384244,0.5214784784784785,0.4785215215215215,922.6930472778453,84.25507934702527,0.022382761254518796,0.00275103629660111,0.04122337886669659,0.030626669466746748
Bubble,41.43637021083769,0.9000990990990991,0.09990090090090087,0.5209991146002604,0.4790008853997396,922.3490776262959,84.36431266653454,0.02237865771074929,0.002755809220716158,0.04121556750846848,0.030613263077990067
Dew,41.498018528595296,0.8997951976930486,0.10020480230695133,0.5204794794794795,0.4795205205205205,921.9751841260336,84.48335482431592,0.022374199924487755,0.0027610085013258013,0.0412070682856894,0.030598730421781784
Dew,41.617102416919735,0.8992071434540778,0.10079285654592221,0.5194804804804805,0.48051951951951954,921.2513948097386,84.71366418119071,0.022365561546298623,0.002771065463664537,0.041190622149265936,0.030570791376816814
Bubble,41.63873139194989,0.8991001001001001,0.10089989989989989,0.5192996293769322,0.4807003706230679,921.1194692987375,84.7555263532011,0.02236398412972343,0.0027728935847205843,0.04118762846350351,0.030565733506769843
Dew,41.73696965815378,0.898614127633761,0.10138587236623893,0.5184814814814815,0.48151851851851846,920.5214583055468,84.94603876638219,0.022356842314719357,0.002781208442598386,0.0411740372520985,0.030542852331851854
Bubble,41.840487355788085,0.8981011011011012,0.1018988988988988,0.5176239083494476,0.4823760916505523,919.8899754253002,85.14713767343498,0.02234929340868585,0.0027899834338416096,0.04115968941853855,0.03051886854976533
Dew,41.857629714441565,0.8980161658071196,0.10198383419288044,0.5174824824824825,0.4825175175175175,919.7855534567192,85.18051064801972,0.022348046152655166,0.002791438725294499,0.04115731402977435,0.030514913286886887
Dew,41.979092232514105,0.8974131418731106,0.10258685812688942,0.5164834834834835,0.4835165165165165,919.0434598630223,85.41711263518785,0.02233916928341783,0.0028017576279423884,0.04114044923529096,0.03048697424192192
Bubble,42.04163960156854,0.8971021021021022,0.10289789789789783,0.5159715322562829,0.48402846774371694,918.6605948044462,85.53914884882083,0.022334585483497184,0.0028070788282218936,0.041131750373573576,0.03047265648147275
Dew,42.1013670491254,0.8968049809522491,0.10319501904775089,0.5154844844844845,0.4845155155155155,918.2950861575155,85.65587830183162,0.022330210431398077,0.00281216649667187,0.041123440774490795,0.030459035196956957
Dew,42.22446419645101,0.8961916064893295,0.10380839351067053,0.5144854854854856,0.48551451451451444,917.5403389262542,85.89684201088005,0.022321168290998138,0.0028226667084832345,0.04110628650635134,0.030431096151991993
Bubble,42.242189626795614,0.8961031031031031,0.10389689689689685,0.514342091788572,0.485657908211428,917.4313262272434,85.93156210327506,0.02231986028966378,0.0028241798282467954,0.04110381132860861,0.03042708585473467
Dew,42.34839390774064,0.8955729400321378,0.10442705996786222,0.5134864864864865,0.48651351351351346,916.7791221385235,86.14003893949403,0.0223120415159234,0.002833259672219522,0.041088984236796404,0.03040315710702703
Bubble,42.442138927274456,0.8951041041041041,0.10489589589589587,0.5127351872981101,0.48726481270189,916.2021684773183,86.32437966377681,0.02230511776233535,0.002841286494559015,0.04107587228364365,0.030382145492573738
Dew,42.473166623193286,0.8949489018428715,0.10505109815712849,0.5124874874874875,0.4875125125125125,916.0113390695723,86.3855051053616,0.02230282875647483,0.002843946829578652,0.04107153173579567,0.03037521806206206
Dew,42.598792996058734,0.894319409863222,0.10568059013677804,0.5114884884884885,0.4885115115115115,915.236889302362,86.63327739407117,0.02229352860209168,0.002854729656166656,0.04105392670842113,0.030347279017097096
Bubble,42.641488997130146,0.8941051051051051,0.1058948948948949,0.5111504285156008,0.4888495714843993,914.9731203308231,86.71760376107574,0.022290357836302985,0.002858398888072847,0.04104793323867868,0.03033782448031295
Dew,42.72528389897641,0.8936843802970075,0.10631561970299248,0.5104894894894895,0.48951051051051053,914.4556705758143,86.88339358761813,0.02228413961723961,0.0028656096625941253,0.04103616681114162,0.03031933997213213
Bubble,42.840241328821556,0.8931061061061062,0.10689389389389381,0.5095874342787656,0.4904125657212343,913.7441805563919,87.11123663038101,0.022275580445996805,0.002875517069988088,0.04101999419371372,0.030294112157971606
Dew,42.85265043057319,0.8930437273922361,0.10695627260776387,0.5094904904904906,0.49050950950950944,913.6675782387866,87.1358923941313,0.022274660331196,0.002876588395618987,0.04101824964572777,0.03029140092716717
Dew,42.980903922321474,0.8923973633780422,0.1076026366219578,0.5084914914914915,0.49150850850850847,912.8725051728068,87.39081347884911,0.02226508923687597,0.002887667439336913,0.04100017275748825,0.030263461882202206
Bubble,43.03839741314977,0.8921071071071072,0.10789289289289283,0.5080458322698417,0.49195416773015826,912.5153479151011,87.50528051200855,0.02226078552548383,0.002892641101802991,0.04099205514874875,0.030250998112923953
Dew,43.11005594567631,0.8917451983989885,0.10825480160101153,0.5074924924924925,0.4925075075075075,912.0703417115725,87.64819749642585,0.022255424789608243,0.0028988484164223127,0.04098193363343246,0.030235522837237242
Bubble,43.23595873927496,0.8911081081081081,0.10889189189189186,0.506525258762179,0.493474741237821,911.2866211604277,87.89973765202349,0.02224597300846566,0.0029097710453272686,0.04096411610378379,0.030208472172812213
Dew,43.24011831950121,0.8910871380800928,0.10891286191990729,0.5064934934934935,0.4935065065065065,911.2609686827172,87.90808612462499,0.022245665273984347,0.0029101329894221364,0.04096352963417148,0.030207583792272275
Dew,43.37110311781507,0.8904230927701752,0.1095769072298248,0.5054944944944946,0.4945055055055054,910.4442844070204,88.17052209952699,0.022235809322214892,0.0029215228621070413,0.0409449582524272,0.030179644747307312
Bubble,43.43292679471488,0.8901091091091091,0.10989089089089088,0.5050253583755077,0.49497464162449234,910.0579990381976,88.29461030285057,0.022231142828276023,0.0029269069626943578,0.04093617705881882,0.030166524398702158
Dew,43.5030226778401,0.889752963711941,0.11024703628805894,0.5044954954954955,0.49550450450450445,909.6201645665656,88.43554925222008,0.022225855144414754,0.00293301978087926,0.0409262167262504,0.03015170570234235
Bubble,43.62930306536281,0.8891101101101102,0.11088988988988979,0.5035457838395447,0.4964542161604552,908.8294802865474,88.68990072386636,0.022216294917878545,0.0029440489163733903,0.04090823801385386,0.030125145078471898
Dew,43.63588960840901,0.8890766519963993,0.1109233480036008,0.5034964964964965,0.4965035035035035,908.7884884261886,88.70321254718382,0.022215801032193193,0.0029446255362444926,0.04090730228944938,0.030123766657377378
Dew,43.769716798721696,0.8883940562569359,0.111605943743064,0.5024974974974975,0.4975025025025025,907.9491322455757,88.97355812237186,0.02220564523260033,0.0029563419643484573,0.040888212107099975,0.030095827612412415
Bubble,43.8250890354731,0.8881111111111112,0.11188888888888882,0.5020861957656175,0.49791380423438253,907.6010636358676,89.08561118196663,0.02220142920986411,0.0029611969691805845,0.040880298968888895,0.03008432472042486
Dew,43.904517427481665,0.8877050725846549,0.11229492741534514,0.5014984984984985,0.4985015015015015,907.1019691754586,89.24663333111992,0.02219538594654059,0.0029681709485827167,0.04086894327317796,0.030067888567447448
Bubble,44.020286187680135,0.8871121121121122,0.11288788788788784,0.5006462624259908,0.49935373757400925,906.3727478087627,89.48174395212556,0.022186545636448618,0.002978351184290611,0.04085235992392393,0.03004405404711818
Dew,44.04030497242931,0.887009594439954,0.11299040556004605,0.5004994994994995,0.49950050050050054,906.2468691491766,89.52248678597277,0.022185021327113984,0.0029801144212633383,0.040849492808085974,0.03003994952248248
Dew,44.177093220295845,0.8863075125601011,0.11369248743989892,0.49950050050050054,0.5004994994994995,905.3836987693213,89.80116840454441,0.02217454947788061,0.002992174365386681,0.040829857656068856,0.03001201047751752
Bubble,44.214896002992546,0.8861131131131131,0.11388688688688686,0.499225659540585,0.5007743404594149,905.1445315199965,89.87830131793409,0.02217164412947033,0.0029955116252475054,0.04082442087895896,0.030004323989397924
Dew,44.31489627719627,0.885598714862612,0.114401285137388,0.4985015015015015,0.5014984984984985,904.5123211892255,90.0827294575106,0.022163968451044843,0.00300435281646612,0.040810034682511265,0.029984071432552554
Bubble,44.408919960789774,0.8851141141141141,0.11488588588588589,0.4978240700707972,0.5021759299292028,903.9164134764378,90.27528557211292,0.022156724620387296,0.003012678355974996,0.040796481833993994,0.02996512568063279
Dew,44.45372857949843,0.8848830863441605,0.11511691365583952,0.49750250250250255,0.5024974974974974,903.632595988947,90.36722261889761,0.022153276245553414,0.0030166518644556915,0.04079002067111059,0.029956132387587587
Dew,44.593604905175,0.8841605089748094,0.11583949102519067,0.49650350350350353,0.5034964964964965,902.744379045503,90.65470201873632,0.022142470805103703,0.003029073655763552,0.04076981232091885,0.029928193342622623
Bubble,44.60235953882648,0.8841151151151152,0.1158848848848848,0.496441184020163,0.503558815979837,902.688392377013,90.67269901702771,0.02214178704027483,0.0030298514407870883,0.040768542789029034,0.02992645045113926
Dew,44.734540385684234,0.8834308615872548,0.11656913841274522,0.4955045045045045,0.5044954954954954,901.8475223969708,90.94522329827886,0.022131550016056115,0.0030416203953624365,0.04074940624324522,0.029900254297657657
Bubble,44.79521621322387,0.8831161161161162,0.11688388388388382,0.4950766982415779,0.504923301758422,901.4604669126486,91.07054396517057,0.02212683131982284,0.0030470309443977727,0.04074060374406407,0.02988828982279014
Dew,44.87655051840112,0.8826940197608104,0.11730598023918967,0.49450550550550554,0.5054944944944945,900.9418741001111,91.2388436679016,0.02212051170524505,0.003054294349001868,0.040728798958411375,0.029872315252692693
Bubble,44.987491458460774,0.8821171171171172,0.11788288288288284,0.49373031625084446,0.5062696837491555,900.2326357662155,91.4688227396447,0.022111857389333103,0.0030642169319310005,0.04071266469909911,0.02985063550380002
Dew,45.01965117963287,0.8819498556998252,0.11805014430017481,0.4935065065065065,0.5064934934934935,900.0272780811497,91.53562196786098,0.0221093536376828,0.0030670978455284077,0.04070798689235124,0.029844376207727726
Dew,45.16385863825206,0.8811982381061954,0.11880176189380466,0.49250750750750755,0.5074924924924924,899.1035739792811,91.83561873207232,0.02209807351414933,0.0030800332793203163,0.040686966373045495,0.02981643716276276
Bubble,45.179186747382886,0.8811181181181181,0.11888188188188187,0.4924017480462927,0.5075982519537073,899.0048976124743,91.86753767462305,0.02209686517871659,0.003081409468930011,0.04068472565413414,0.029813479383680595
Dew,45.3091895699862,0.8804390320456151,0.11956096795438484,0.4915085085085085,0.5084914914914915,898.1705969824768,92.13889625510302,0.02208666896866146,0.0030931031128438326,0.040665733626781005,0.0297884981177978
Bubble,45.37030355117956,0.8801191191191192,0.11988088088088078,0.4910907099342463,0.5089092900657537,897.777251118019,92.26669111580449,0.022081854617490765,0.003098608621366743,0.040656786609169174,0.029776813528359463
Dew,45.45566107240209,0.8796720988072045,0.12032790119279543,0.49050950950950956,0.5094904904904904,897.2281776551376,92.44551866257433,0.02207513756581401,0.0031063098793383884,0.04064428477422504,0.029760559072832832
Bubble,45.56084333938625,0.8791201201201202,0.1208798798798798,0.4897969243601226,0.5102030756398774,896.5496949412143,92.66628542085554,0.02206682563477665,0.003115814455650925,0.04062884756420421,0.029740630175456525
Dew,45.603290680627566,0.8788972957560688,0.12110270424393127,0.48951051051051053,0.5104894894894895,896.2761417570408,92.75555198518735,0.022063476797984323,0.003119656185638843,0.04062261582630181,0.02973262002786787
Bubble,45.75080757986858,0.8781211211211212,0.12187887887887883,0.4885201197449337,0.5114798802550664,895.3222277321405,93.06632295983995,0.02205177815929614,0.00313302703863897,0.04060090851923924,0.029704921729711353
Dew,45.75209638385519,0.8781144761783918,0.12188552382160822,0.4885115115115115,0.5114884884884885,895.3143100530937,93.06906423659859,0.02205168408239225,0.003133144715143256,0.04060072267986013,0.0297046809829029
Dew,45.9020966426808,0.8773234891185695,0.12267651088143054,0.48751251251251254,0.5124874874874874,894.3424981133004,93.38612549540602,0.022039756758006367,0.0031467782309359143,0.040578601113118604,0.029676741937937942
Bubble,45.9401977388218,0.8771221221221221,0.12287787787787785,0.48726003032703047,0.5127399696729696,894.094848132529,93.46680611563862,0.02203671211936901,0.0031502464376426125,0.04057296947427428,0.029669680758557276
Dew,46.05331040732145,0.8765241792078766,0.12347582079212335,0.4865135135135135,0.5134864864864865,893.3605161022818,93.70680799148485,0.022027692082285746,0.0031605595790747485,0.040556246780873856,0.029648802892972975
Bubble,46.12901528075216,0.8761231231231231,0.12387687687687687,0.4860163960088309,0.5139836039911689,892.8675547757028,93.86773728436457,0.022021627442910096,0.003167472720437641,0.04054503042930931,0.029634899987834813
Dew,46.205757136780136,0.8757163864802273,0.12428361351977268,0.48551451451451455,0.5144854854854854,892.368168547292,94.03118619699472,0.02201548722754941,0.003174491692055034,0.04053365520934798,0.02962086384800801
Bubble,46.31726166846597,0.8751241241241242,0.12487587587587579,0.4847889622084195,0.5152110377915806,891.6403462865129,94.2691188757606,0.02200652405742628,0.003184705955272094,0.040517091384344346,0.029600572297641358
Dew,46.35945681900641,0.8748999461973781,0.12510005380262199,0.4845155155155155,0.5154844844844845,891.365254145306,94.35933692232895,0.022003139278125805,0.003188577592459734,0.040510821791299924,0.029592924803043045
Bubble,46.50493836306588,0.8741251251251252,0.1258748748748748,0.483577479715788,0.516422520284212,890.4132212812743,94.67095331360105,0.021991401890013553,0.003201946210874773,0.04048915233937938,0.029566690718310633
Dew,46.514429992129394,0.8740746886267552,0.12592531137324486,0.48351651651651656,0.5164834834834835,890.3515654581107,94.69133941737383,0.02199064522541629,0.0032028203968101415,0.040487741779812014,0.02956498575807808
Dew,46.67069776682589,0.8732404388446517,0.12675956115534828,0.48251751751751754,0.5174824824824824,889.326888691102,95.02727547841207,0.021978001964591407,0.0032172233196294552,0.04046441028278593,0.029537046713113115
Bubble,46.6920468239294,0.8731261261261262,0.12687387387387383,0.4823817045535633,0.5176182954464368,889.1861783677049,95.07324303607105,0.021976260867354044,0.003219193556463145,0.04046121329441442,0.029533248426517687
Dew,46.8282818499072,0.8723970165100466,0.12760298348995336,0.48151851851851857,0.5184814814814814,888.2910034102206,95.36722956108257,0.0219652062901583,0.0032317896777346827,0.04044082225661714,0.02950910766814815
Bubble,46.87858850869401,0.8721271271271271,0.12787287287287286,0.4812013978420881,0.5187986021579118,887.959216144848,95.47599049615702,0.02196110091571272,0.003236448061751661,0.04043327424944945,0.02950023874150559
Dew,46.987204569195065,0.871544235629455,0.12845576437054487,0.48051951951951954,0.5194804804804805,887.2436822528538,95.71128889977746,0.021952254891462512,0.0032465228947712987,0.0404169724996184,0.029481168623183188
Bubble,47.06456487326227,0.8711281281281281,0.12887187187187188,0.4800363256686421,0.519963674331358,886.7323332030214,95.87919816201425,0.021945921960934638,0.003253709796959512,0.040405335204484485,0.029467655121427946
Dew,47.14748889980115,0.8706819043084606,0.1293180956915394,0.4795205205205205,0.5204794794794795,886.1846906223469,96.0595436340136,0.021939144347930928,0.003261426506010508,0.04039285564507089,0.02945322957821822
Bubble,47.24997737175423,0.8701291291291292,0.1298708708708708,0.4788862589606933,0.5211137410393067,885.505528123737,96.28286851732868,0.021930723928441507,0.0032709788328182787,0.04037739615951952,0.02943549115980407
Dew,47.30915849186809,0.8698098241118232,0.13019017588817675,0.47852152152152155,0.5214784784784785,885.1137853856586,96.41208694214887,0.021925871105507456,0.003276504163423448,0.04036846614332833,0.029425290533253257
Bubble,47.43482745652837,0.8691301301301302,0.13086986986986981,0.47775097336304845,0.5222490266369515,884.2787994796402,96.68700406169256,0.02191550674322876,0.003288255240580078,0.04034945711455456,0.029403740582083313
Dew,47.472237699922914,0.8689277912553485,0.1310722087446515,0.47752252252252253,0.5224774774774774,884.0307183519283,96.76901518312488,0.02191243154361606,0.003291759641057359,0.04034379829514998,0.029397351488288287
Bubble,47.619116578140144,0.8681311311311312,0.13186886886886884,0.47663024911871893,0.5233697508812811,883.0521458344338,97.09160731094963,0.021900270329862158,0.0033055390920248675,0.04032151806958959,0.02937239724231318
Dew,47.63675161391336,0.8680355941609855,0.1319644058390145,0.47652352352352356,0.5234764764764764,882.9352303147302,97.13042804668328,0.021898821863605655,0.0033071968407309546,0.040318846183324056,0.029369412443323323
Dew,47.80272609208727,0.8671328207049311,0.13286717929506892,0.47552452452452454,0.5244754754754755,881.8265571960602,97.49642871280395,0.021885028758791662,0.0033228197980766302,0.040293598281967644,0.02934147339835836
Bubble,47.80284618533724,0.8671321321321321,0.13286786786786786,0.47552387095341253,0.5244761290465875,881.8255657428093,97.4966807975529,0.021885014612474583,0.0033228304594682123,0.040293579024624625,0.029341455119908925
Dew,47.97018779582547,0.8662196236180428,0.13378037638195714,0.47452552552552557,0.5254744744744744,880.705395536779,97.86712402097928,0.021871066557834724,0.003338632688952773,0.040268058862510746,0.029313534353393393
Bubble,47.98601772504162,0.8661331331331332,0.13386686686686677,0.4744316279634925,0.5255683720365075,880.59905775038,97.90222707091182,0.021869739514762905,0.0033401294157688216,0.040265639979659665,0.029310908316520112
Dew,48.139164226582764,0.8652955843969764,0.13470441560302351,0.47352652652652655,0.5264734734734735,879.5709831782309,98.24262465010412,0.021856922053085297,0.0033546398362552586,0.04024221622065362,0.02928559530842843
Bubble,48.168632642331765,0.8651341341341342,0.1348658658658658,0.47335331350731774,0.5266466864926822,879.3726203935987,98.30824869773141,0.02185444495998442,0.0033574360343358407,0.04023770093469469,0.02928075105299169
Dew,48.309683765105696,0.8643604615066286,0.1356395384933714,0.4725275275275276,0.5274724724724724,878.4230245966056,98.62304530982985,0.021842590893619594,0.0033708457171598145,0.04021606360137434,0.029257656263463466
Bubble,48.35069238042755,0.8641351351351352,0.13586486486486482,0.47228872509980635,0.5277112749001935,878.146252199694,98.71474826235645,0.021839130870953696,0.003374750389136445,0.04020976188972973,0.02925097766641529
Dew,48.481775713084396,0.8634140049097146,0.13658599509028535,0.47152852852852856,0.5284714714714714,877.261213830577,99.008504944227,0.021828068568482517,0.003387254970827014,0.040189594011870194,0.0292297172184985
Bubble,48.532198380669115,0.8631361361361362,0.13686386386386384,0.47123766431014413,0.5287623356898558,876.9199516865867,99.12172836710403,0.021823797170039027,0.0033920725547030833,0.040181822844764764,0.029221582607268374
Dew,48.65547033744533,0.862455955644783,0.13754404435521705,0.47052952952952953,0.5294704704704705,876.0852339615376,99.39912694879077,0.021813350398529465,0.0034038724066084184,0.04016280020975587,0.029201778173533532
Bubble,48.713152082502475,0.8621371371371371,0.13786286286286287,0.47019993666251503,0.5298000633374849,875.6937173628224,99.52919163260133,0.02180844377915913,0.0034094026061409657,0.0401538837997998,0.029192560436638024
Dew,48.83079891745553,0.8614860411274486,0.13851395887255133,0.46953053053053057,0.5304694694694694,874.8947459280122,99.79503940174047,0.02179843132737408,0.0034207030127898345,0.040135674571653006,0.02917383912856857
Bubble,48.89355492346061,0.8611381381381382,0.13886186186186178,0.4691753515397534,0.5308246484602466,874.4675477274881,99.93714069811065,0.02179307061977954,0.0034267406191351765,0.04012594475483484,0.029163905823526345
Dew,49.007793795039035,0.8605039912784269,0.1394960087215731,0.46853153153153154,0.5314684684684685,873.6894295344044,100.19637531136057,0.021783306696117576,0.003437751965935247,0.04010820954424341,0.029145900083603606
Bubble,49.073408339139455,0.8601391391391392,0.1398608608608608,0.46816372208980006,0.5318362779101998,873.241441270137,100.34557822185549,0.021777677612909167,0.0034440866699579483,0.04009800570986987,0.029135613542234318
Dew,49.1864884281473,0.8595095136485648,0.14049048635143524,0.4675325325325326,0.5324674674674674,872.4689217272178,100.60327287933498,0.021767971081881006,0.003455024640833798,0.040080396948589954,0.02911796103863864
Bubble,49.25271376319284,0.8591401401401402,0.14085985985985983,0.46716486513492417,0.5328351348650758,872.0153964707134,100.75450688135935,0.021762264679096782,0.0034614408354762863,0.04007006666490491,0.029107678469823033
Dew,49.36691744798878,0.8585023087732123,0.1414976912267877,0.46653353353353355,0.5334664664664664,871.2328558324067,101.01587578324191,0.021752419039551132,0.0034725266211627563,0.04005222840955278,0.029090021993673672
Bubble,49.431472627294646,0.8581411411411412,0.14185885885885885,0.4661786010835263,0.5338213989164736,870.789411799469,101.16392937375075,0.021746831738427366,0.003478803193158675,0.04004212761993994,0.029080095583647023
Dew,49.549116720037944,0.857482065694602,0.14251793430539808,0.4655345345345346,0.5344654654654655,869.9808510524418,101.43433347852078,0.0217366449059929,0.003490263710882008,0.040023695230563566,0.02906208294870871
Bubble,49.60968636113442,0.8571421421421422,0.14285785785785776,0.46520475384454,0.5347952461554599,869.5634857168818,101.57384841609922,0.021731378710518445,0.0034961738210827014,0.04001418857497498,0.029052859958960404
Dew,49.73312340929692,0.8564484613375908,0.14355153866240916,0.46453553553553556,0.5354644644644644,868.7125116966271,101.85880152210339,0.021720642787906298,0.003508241946440495,0.03999478837616685,0.029034143903743745
Bubble,49.78735639239286,0.8561431431431432,0.14385685685685679,0.4642431507442467,0.5357568492557533,868.3376166735784,101.98426674572575,0.021715905514516527,0.003513552797942021,0.039986249530010017,0.029025966766590378
Dew,49.91897605017421,0.8554011598393283,0.14459884016067168,0.46353653653653654,0.5364634634634635,867.4274263525322,102.28944191960782,0.021704406548731434,0.00352646760986554,0.039965498453272894,0.02900620485877878
Bubble,49.96448414671744,0.8551441441441442,0.1448558558558558,0.4632936224455053,0.5367063775544947,867.1118031102473,102.39518712053156,0.021700412069093258,0.0035309402030538656,0.03995831048504505,0.028999411270678347
Dew,50.10671462136598,0.8543398118384246,0.14566018816157547,0.46253753753753757,0.5374624624624624,866.1251670168416,102.72642349814231,0.021687929794958725,0.0035449472428116476,0.03993581569127769,0.028978265813813815
Bubble,50.14107104770961,0.8541451451451452,0.14585485485485483,0.4623560028692633,0.5376439971307367,865.8860434575596,102.80661231930915,0.021684898292441804,0.0035483361163660444,0.03993037144008008,0.0289731888264848
Dew,50.29638062620868,0.8532640536961504,0.14673594630384956,0.46153853853853855,0.5384614614614615,864.8052881237908,103.169922307123,0.021671205860696385,0.0035636876616583126,0.03990572992028239,0.028950326768848848
Bubble,50.31711851690005,0.8531461461461461,0.14685385385385386,0.461430129118291,0.5385698708817089,864.6603361360819,103.21854514205917,0.02166936410227298,0.0035657406184641865,0.039902432395115116,0.028947294878256407
Dew,50.48801717898972,0.8521735066748382,0.14782649332516182,0.4605395395395396,0.5394604604604605,863.467325538559,103.62012204966786,0.021654227791778047,0.0035826959737525112,0.03987523054811547,0.028922387723883888
Bubble,50.492627973727096,0.8521471471471472,0.14785285285285277,0.4605158414030806,0.5394841585969194,863.4346795561894,103.63098841031217,0.02165380941581137,0.0035831537905791364,0.039874493350150156,0.02892172495715361
Bubble,50.667600835522755,0.8511481481481482,0.1488518518518518,0.45961298296981073,0.5403870170301893,862.2090721179857,104.04394496744156,0.021638234149791647,0.003600575714594136,0.039846554305185196,0.028896474679236013
Dew,50.681669097785075,0.8510677760461707,0.1489322239538293,0.45954054054054055,0.5404594594594594,862.1107954552863,104.0772145475062,0.021636988328293787,0.003601979594905364,0.039844306535394294,0.02889444867891892
Bubble,50.842038517481505,0.8501491491491492,0.14985085085085081,0.4587214000303422,0.5412785999696578,860.9835122112053,104.45741767898103,0.021622638220454363,0.0036180064730521166,0.03981861526022023,0.028871539743504582
Dew,50.877383004028815,0.8499464056591621,0.15005359434083795,0.4585415415415416,0.5414584584584584,860.7350869530383,104.54140024124159,0.02161947789223337,0.0036215462682151144,0.039812945124926016,0.028866509633953957
Bubble,51.015942432647,0.8491501501501502,0.15084984984984984,0.45784094169414163,0.5421590583058583,859.7579982151354,104.87140943293913,0.02160702154354227,0.003635446149163003,0.039790676215255255,0.02884691592999773
Dew,51.07520743184507,0.8488090509912828,0.15119094900871727,0.45754254254254256,0.5424574574574574,859.339877156619,105.01288873744507,0.021601692380943175,0.0036414040846234107,0.03978113668143525,0.02883857058898899
Bubble,51.18931399188818,0.8481511511511511,0.15184884884884886,0.45697145990211385,0.5430285400978861,858.5325284985189,105.28592314011705,0.021591384034296127,0.003652894826811057,0.03976273717029029,0.028822599097940816
Dew,51.27519294221006,0.8476552223420826,0.15234477765791737,0.45654354354354354,0.5434564564564565,857.9245175463572,105.49189938742595,0.021583621655192915,0.0036615615046906996,0.03974886750944991,0.028810631544024027
Bubble,51.36215460387668,0.8471521521521522,0.15284784784784777,0.45611280936223864,0.5438871906377614,857.3071014194672,105.70096173442433,0.02157572560745074,0.003670352590562254,0.03973479812532533,0.028798585183946103
Dew,51.47739225023717,0.84648445050713,0.1535155494928701,0.45554454454454457,0.5444554554554555,856.4884325198448,105.97866192717485,0.021565257023162646,0.003682027382623756,0.03971612448671093,0.02878269249905906
Bubble,51.534465675069086,0.8461531531531532,0.1538468468468468,0.4552648474869968,0.5447351525130032,856.0817153253682,106.11652817319874,0.021560046177230865,0.0036878195256717376,0.03970685908036037,0.028774870200262738
Dew,51.68186036108796,0.8452962447443755,0.15470375525562455,0.45454554554554555,0.5454544544544544,855.0310200542112,106.47341716517992,0.021546589380657625,0.003702810992108168,0.03968289388861574,0.028754753454094093
Bubble,51.70624860967437,0.8451541541541542,0.15484584584584582,0.454427434332485,0.545572565667515,854.8563685527909,106.53262543751707,0.021544345657347027,0.0037052957180910544,0.0396789200353954,0.02875145023307398
Bubble,51.87750480964898,0.8441551551551552,0.15584484484484484,0.4536004325392106,0.5463995674607893,853.631059427395,106.94925653252368,0.021528623960991398,0.003722781254475942,0.039650980990430434,0.028728321440841406
Dew,51.88865471774231,0.844090091264218,0.155909908735782,0.4535465465465466,0.5464534534534534,853.5516497387036,106.97641773102418,0.021527609179179487,0.003723922054407397,0.03964916134599004,0.028726814409129133
Bubble,52.048235674659786,0.8431561561561562,0.15684384384384376,0.45278370727447625,0.5472162927255237,852.4057862638358,107.36642448774418,0.021512881000833574,0.003740276222193661,0.03962304194546547,0.028705480052693567
Dew,52.09783536147288,0.8428654516851257,0.15713454831487422,0.45254754754754756,0.5474524524524524,852.0496608664986,107.48792888991349,0.02150830639551542,0.0037453707689233,0.039614911801895976,0.028698875364164163
Bubble,52.21844260206855,0.8421571571571572,0.15784284284284278,0.45197712617632496,0.5480228738236751,851.1805473656648,107.78413235740669,0.02149711668901624,0.003757780709330575,0.03959510290050051,0.028682922366858328
Dew,52.3094651064323,0.8416217613529896,0.1583782386470104,0.4515485485485486,0.5484514514514514,850.5243603578585,108.00822943048156,0.021488670498612777,0.0037671678464911156,0.039580129464629514,0.0286709363191992
Bubble,52.38812698690556,0.8411581581581582,0.1588418418418418,0.451180559298995,0.548819440701005,849.9553410252338,108.20238322076155,0.021481330937150885,0.003775294804699683,0.03956716385553554,0.028660644749137366
Dew,52.52360972987569,0.8403584275092318,0.15964157249076805,0.45054954954954957,0.5494504504504505,848.9750204960241,108.53761263395111,0.021468690413437245,0.003789324545709676,0.03954479775648779,0.028642997274234232
Bubble,52.55729022185169,0.8401591591591592,0.15984084084084083,0.45039387905983364,0.5496061209401663,848.7301655235999,108.62118018241281,0.02146552365631349,0.0037928185978485605,0.039539224810570574,0.02863864363142153
Bubble,52.72593369721395,0.8391601601601602,0.16083983983983985,0.4496169601876237,0.5503830398123764,847.5050191304242,109.04052637263639,0.02144969475704011,0.003810352179066844,0.039511285765605614,0.02861691551024568
Dew,52.740471101900546,0.8390743575745102,0.16092564242548973,0.4495505505505506,0.5504494494494494,847.4001986963948,109.07684723189786,0.021448344458397408,0.003811868784538318,0.039508886121260633,0.028615058229269272
Bubble,52.894058800899835,0.8381611611611612,0.16183883883883876,0.4488496796722827,0.5511503203277174,846.2799001038678,109.46042494770698,0.021433844149322315,0.003827895639394023,0.03948334672064064,0.02859545694538192
Dew,52.959861057592114,0.8377698034575731,0.16223019654242693,0.4485515515515516,0.5514484484484484,845.8003938529004,109.62535903139063,0.021427639552726363,0.003834781613517048,0.03947240160409009,0.028587119184304306
Bubble,53.061666918392135,0.8371621621621622,0.16283783783783778,0.4480919167158972,0.5519080832841027,845.0548066904935,109.88087909023035,0.02141797174260275,0.0038454490706273936,0.03945540767567568,0.02857426455847016
Dew,53.18198350655963,0.8364434031430507,0.16355659685694937,0.44755255255255255,0.5524474474474474,844.1735994799824,110.18393272207372,0.021406543594505657,0.003858091590321914,0.03943530611343783,0.02855918013933934
Bubble,53.228759432736936,0.8361631631631632,0.1638368368368368,0.44734355268504367,0.5526564473149563,843.8297371251632,110.30189200947086,0.021402077445770638,0.0038630125653298423,0.03942746863071071,0.028553335031684723
Bubble,53.39533772450789,0.8351641641641642,0.16483583583583583,0.4466044710643549,0.553395528935645,842.604689630933,110.72346694168726,0.0213861611671571,0.0038805862168379474,0.039399529585745746,0.028532665106435658
Dew,53.40691838867363,0.8350948790602101,0.16490512093978998,0.4465535535535536,0.5534464464464464,842.5199492330526,110.75293134520462,0.02138506210381727,0.0038818126060083044,0.039397591886472065,0.028531241094374372
Bubble,53.56140317179151,0.8341651651651653,0.16583483483483474,0.44587455741130316,0.5541254425886968,841.3796624189487,111.1456071504613,0.021370222814530552,0.0038981701192697853,0.03937159054078078,0.028512251582104214
Dew,53.634749866828415,0.8337232443179994,0.16627675568200065,0.44555455455455456,0.5544454454454455,840.8379979335241,111.33273888936947,0.021363171222479077,0.003905959341004713,0.03935923132277126,0.028503302049409412
Bubble,53.726957150153666,0.8331661661661662,0.16683383383383377,0.44515369931216503,0.554846300687835,840.1546536883363,111.5683159270414,0.021354262295091915,0.003915764367533242,0.03934365149581582,0.02849209131481129
Dew,53.865566658426225,0.8323276875815198,0.1676723124184802,0.4445555555555556,0.5554444444444444,839.1267480061813,111.92376199792257,0.021340855617474595,0.0039305473289472535,0.039320201731699866,0.028475363004444445
Bubble,53.892001032626816,0.8321671671671672,0.1678328328328328,0.44444178633912135,0.5555582136608788,838.9296616260973,111.99159659067774,0.021338279515469943,0.00393336905733403,0.03931571245085085,0.028472181216217664
Bubble,54.056536189677466,0.8311681681681682,0.1688318318318318,0.4437387100084602,0.5562612899915398,837.7046844070013,112.41545248896527,0.021322274381716445,0.0039509842851839895,0.039287773405885885,0.028452518252355008
Dew,54.099462401610346,0.830907350469806,0.1690926495301939,0.44355655655655657,0.5564434434434434,837.3851437435936,112.52643185884138,0.021318099035020667,0.00395559302730272,0.03928047910688308,0.028447423959479478
Bubble,54.22056398918396,0.8301691691691692,0.16983083083083084,0.44304436373986866,0.5569556362601314,836.4797201934682,112.83988699819085,0.021306246799301237,0.003968610148409451,0.039259834360920925,0.02843309944248746
Dew,54.336536060836096,0.8294613237616354,0.17053867623836458,0.4425575575575576,0.5574424424424425,835.6120667312111,113.14120630135686,0.021294884227770084,0.003981113895684045,0.03924003802009461,0.02841948491451452
Bubble,54.3840857964172,0.8291701701701703,0.17082982982982975,0.4423586428167474,0.5576413571832525,835.2547671354673,113.26490352367229,0.021290196673107498,0.0039862467451593836,0.039231895315955966,0.028413921858001685
Bubble,54.547102974011786,0.8281711711711712,0.17182882882882877,0.441681444347568,0.5583185556524318,834.0298233703953,113.69050550012282,0.021274123907426574,0.004003894174414283,0.03920395627099099,0.02839498262132621
Dew,54.576892377092825,0.8279886428654211,0.17201135713457896,0.4415585585585586,0.5584414414414414,833.8063300550045,113.76857212761558,0.02127119286060351,0.004007128482906402,0.039198851494562946,0.028391545869549548
Bubble,54.70961688193877,0.8271721721721722,0.1728278278278278,0.4410126672281693,0.5589873327718308,832.8048870229684,114.11669639198814,0.02125802840595308,0.0040215525359942605,0.039176017226026025,0.0283762789048769
Dew,54.82064236898026,0.8264882830896254,0.17351171691037454,0.4405595595595596,0.5594404404404404,831.9666725557006,114.40904771236698,0.021247005418802742,0.004033656524007419,0.03915689087269887,0.028363606824584588
Bubble,54.87162887748724,0.8261731731731732,0.17382682682682682,0.44035221210504705,0.559647787894953,831.5799562051047,114.5434796938117,0.02124191007177982,0.004039221930567931,0.03914807818106106,0.028357807930030333
Bubble,55.033140315233425,0.8251741741741743,0.17482582582582573,0.43969998133955873,0.5603000186604413,830.3550290158051,114.97085893059426,0.02122576880739255,0.004056902459661123,0.0391201391360961,0.028339566966122696
Dew,55.06790389170175,0.8249591313544158,0.17504086864558416,0.4395605605605606,0.5604394394394394,830.091701814022,115.0631859086016,0.021222300160988812,0.004060719048638782,0.0391141250249542,0.02833566777961962
Bubble,55.19415254702256,0.8241751751751752,0.17582482482482475,0.4390558789730088,0.5609441210269911,829.1301035410387,115.39883765814734,0.0212096045146649,0.004074594225665427,0.03909220009113114,0.028321553329473295
Dew,55.31880226352794,0.8234000685860001,0.17659993141399982,0.43856156156156156,0.5614384384384384,828.1800813802998,115.7315773082415,0.02119705663298535,0.004088338502642267,0.03907052265414741,0.028307728734654657
Bubble,55.3546669219368,0.8231761761761762,0.17682382382382378,0.4384198106926347,0.5615801893073652,827.9051778536253,115.82741946347235,0.021193417094853187,0.0040922973318475026,0.039064261046166164,0.028303764382433344
Bubble,55.514684786272056,0.8221771771771772,0.1778228228228228,0.4377916837984327,0.5622083162015672,826.680250013105,116.25660796511976,0.0211772064485908,0.004110011882357694,0.0390363220012012,0.02828619753245812
Dew,55.57347096718026,0.8218098342723704,0.17819016572762952,0.4375625625625626,0.5624374374374375,826.2302387702384,116.41485390212546,0.021171250238457836,0.004116538884465899,0.03902604850748875,0.028279789689689694
Bubble,55.67420748351461,0.8211781781781782,0.17882182182182182,0.43717140717079334,0.5628285928292068,825.4553180656291,116.68640681356159,0.02116097247588327,0.0041277379822391375,0.03900838295623624,0.02826885023120187
Dew,55.83205244128192,0.8201871007138011,0.17981289928619892,0.4365635635635636,0.5634364364364364,824.2405367538968,117.113693214409,0.021144855460320418,0.004145345899181895,0.03898066545314691,0.028251850644724727
Bubble,55.83323635431359,0.8201791791791793,0.17982082082082074,0.4365588912389638,0.5634411087610361,824.2303800438247,117.11681969157492,0.021144715076102476,0.004145475737437129,0.03898044391127128,0.02825171997363575
Bubble,55.99177273645441,0.8191801801801802,0.18081981981981976,0.43595404795026765,0.5640459520497324,823.0054339666757,117.5478503146117,0.021128434147981344,0.004163225254808039,0.03895250486630631,0.028234804297187055
Dew,56.09469897361735,0.8185304495091018,0.1814695504908982,0.4355645645645646,0.5644354354354354,822.209229590889,117.82882297830936,0.021117845070532614,0.0041747871325997325,0.038934333822639035,0.02822391159975976
Bubble,56.14981796483448,0.8181811811811812,0.18181881881881878,0.4353567907400891,0.5646432092599108,821.7804778393984,117.97950243119443,0.02111212958960835,0.004180986642129102,0.03892456582134134,0.028218100780899705
Bubble,56.307373371436434,0.8171821821821822,0.1828178178178178,0.4347670345025959,0.565232965497404,820.5555096533074,118.41177982329013,0.021095801298421764,0.004198760008107355,0.03889662677637637,0.028201607044615478
Dew,56.361573713783734,0.8168383540030277,0.18316164599697232,0.4345655655655656,0.5654344344344344,820.1344340132882,118.5610264459574,0.021090189618889338,0.004204892248903675,0.03888701091993684,0.028195972554794797
Bubble,56.46444028530239,0.8161831831831833,0.18381681681681672,0.43418469556217887,0.5658153044378211,819.330527385691,118.84468630671584,0.021079449171204096,0.004216545462389669,0.03886868773141141,0.02818532074817528
Bubble,56.62102003250208,0.8151841841841843,0.18481581581581574,0.4336096916455673,0.5663903083544326,818.1055289996741,119.27822573151525,0.02106307310407622,0.0042343431155717785,0.03884074868644645,0.028169239590639245
Dew,56.632851825474944,0.815109173084119,0.18489082691588096,0.4335665665665666,0.5664334334334333,818.0141261613885,119.31114844073612,0.021061857410098254,0.004235693215825662,0.038838650848010484,0.028168033509829833
Bubble,56.77711393611615,0.8141851851851852,0.18581481481481477,0.43304194185465195,0.5669580581453479,816.8805124440943,119.71240198238252,0.02104667299249181,0.004252153079208821,0.03881280964148149,0.028153361309526722
Dew,56.908721802600006,0.8133411373475606,0.18665886265243936,0.4325675675675676,0.5674324324324325,815.8461233748606,120.08010228220674,0.021032814202944793,0.004267224562168269,0.03878920412184473,0.028140094464864866
Bubble,56.93272331620024,0.8131861861861862,0.1868138138138138,0.43248136663993525,0.5675186333600648,815.6554756533609,120.1472189790443,0.02103024873123128,0.0042699754658244654,0.03878487059651652,0.028137683680073734
Bubble,57.08784948976139,0.8121871871871872,0.1878128128128128,0.43192788777464275,0.5680721122253574,814.4304165473228,120.58268067668206,0.021013800214395934,0.00428781038892134,0.03875693155155156,0.028122204514508947
Dew,57.18938697885168,0.8115323343564891,0.18846766564351097,0.43156856856856857,0.5684314314314314,813.6280657799584,120.8688777425564,0.021003022911171985,0.004299523673556398,0.0387386172562413,0.0281121554198999
Bubble,57.24249377073299,0.8111881881881883,0.18881181181181173,0.431381428329442,0.5686185716705581,813.2053330311287,121.01879106633905,0.02099732733540197,0.004305657962990917,0.038728992506586596,0.028106921661346637
Bubble,57.396657469942255,0.8101891891891893,0.18981081081081075,0.4308419126477682,0.5691580873522318,811.980222995091,121.45555417533005,0.020980829986974415,0.00432351830352345,0.03870105346162163,0.02809183300469664
Dew,57.475067266793786,0.809680691904479,0.190319308095521,0.4305695695695696,0.5694304304304304,811.3573955926622,121.6785502284875,0.020972443268260924,0.004332631133588801,0.03868683229772024,0.028084216374934932
Bubble,57.550341895084046,0.8091901901901902,0.19080980980980977,0.43030926632175676,0.5696907336782431,810.7550843145408,121.89297406767854,0.02096430806114093,0.004341391527018744,0.03867311441665666,0.028076936463591225
Bubble,57.70354835069786,0.8081911911911912,0.1918088088088088,0.42978341616871724,0.5702165838312827,809.5299148496916,122.33105484453245,0.02094776144922575,0.00435927775099626,0.038645175371691695,0.02806222999132716
Dew,57.76600117080298,0.8077839585269306,0.19221604147306937,0.4295705705705706,0.5704294294294294,809.0313329097869,122.51029142712692,0.02094103143443322,0.004366591119209543,0.03863378627948102,0.028056277329969972
Bubble,57.85627813813301,0.8071921921921922,0.19280780780780782,0.42926429020819096,0.570735709791809,808.3047124454902,122.76980064459468,0.020931190041843253,0.004377177094005563,0.038617236326726735,0.028047711574824084
Bubble,58.00853255552293,0.8061931931931933,0.19380680680680673,0.42875181763953557,0.5712481823604645,807.0794749314765,123.20921564456309,0.02091459372889181,0.0043950896756371274,0.03858929728176177,0.028033379233997596
Dew,58.062448127812985,0.8058396332100923,0.19416036678990767,0.4285715715715716,0.5714284284284283,806.646748083582,123.36538170799379,0.020908737682837353,0.004401451861097079,0.03857940925557198,0.028028338285005006
Bubble,58.16031289775944,0.8051941941941942,0.19480580580580575,0.4282459288200486,0.5717540711799514,805.8542001216304,123.64930405956991,0.020897972399547167,0.0044130156165330114,0.0385613582367968,0.02801923102114745
Bubble,58.31162045645659,0.8041951951951952,0.19580480480480478,0.42774655524359345,0.5722534447564066,804.6288858142233,124.09007014361721,0.020881325942256,0.0044309550383973845,0.038533419191831834,0.028005265020359785
Dew,58.364691249254236,0.80384511964986,0.19615488035013984,0.4275725725725726,0.5724274274274275,804.2005069154475,124.24522466866348,0.020875512920951078,0.004437266183369098,0.03852362861505242,0.028000399240040042
Bubble,58.46245651993278,0.8031961961961962,0.1968038038038038,0.42725362951973883,0.5727463704802612,803.4035297916755,124.5315181900531,0.020864654244729556,0.004448908064008386,0.038505480146866874,0.02799147934692372
Bubble,58.61282237316664,0.8021971971971973,0.1978028028028027,0.42676708535337166,0.5732329146466284,802.1781298203916,124.97365253199372,0.02084795719393672,0.004466874817228058,0.03847754110190191,0.02797787214676116
Dew,58.673040538084265,0.8017974385883813,0.19820256141161877,0.4265735735735736,0.5734264264264264,801.6888946783614,125.1513642423282,0.020841298034647533,0.004474092138108137,0.0384663610368988,0.027972460195075075
Bubble,58.762719297784216,0.8011981981981983,0.19880180180180174,0.42628685752479595,0.5737131424752041,800.9526836506159,125.41647754281469,0.020831234676097533,0.004484855423014631,0.03844960205693694,0.02796444159587027
Bubble,58.91214857201642,0.8001991991991992,0.19980080080080076,0.425812881870287,0.574187118129713,799.7271890162694,125.85999763659404,0.02081448657667626,0.004502850007433047,0.038421663011971974,0.027951185899781593
Dew,58.98783670465871,0.7996933505779545,0.2003066494220455,0.4255745745745746,0.5744254254254254,799.1079051219021,126.08550501142972,0.020806029390620644,0.004511993758423478,0.03840751592334768,0.027944521150110112
Bubble,59.06111147067402,0.7992002002002002,0.20079979979979978,0.4253450952631006,0.5746549047368994,798.5016436347963,126.30421726860108,0.0207977127803746,0.004520858697667042,0.038393723967007014,0.027938103293026942
Bubble,59.20960926511684,0.7982012012012012,0.2017987987987988,0.4248834355949105,0.5751165644050895,797.2760452069999,126.74914093575526,0.020780913171124675,0.004538881622030114,0.03836578492204205,0.027925192038620286
Dew,59.30945570975342,0.7975292773866337,0.2024707226133663,0.42457557557557557,0.5754244244244244,796.4531130628671,127.04953643875785,0.020769636588471477,0.004551041956362634,0.03834699320184309,0.027916582105145145
Bubble,59.357643223226226,0.7972022022022023,0.20279779779779772,0.4244278417576941,0.5755721582423059,796.0503914168868,127.19477317713498,0.02076408763208212,0.004556918909978138,0.03833784587707709,0.027912450427551104
Bubble,59.5052146093652,0.7962032032032033,0.20379679679679674,0.4239782536260028,0.5760217463739972,794.8246799314919,127.64111857443145,0.020747236045618733,0.004574970692120068,0.03830990683211211,0.027899876778288566
Dew,59.63831421791126,0.7953012477829358,0.20469875221706424,0.4235765765765766,0.5764234234234233,793.7196057447559,128.0455620013756,0.020732041334673226,0.004591315602020128,0.038284681808795275,0.027888643060180178
Bubble,59.65232468436024,0.7952042042042042,0.20479579579579577,0.42353461203967463,0.5764653879603255,793.5989084007281,128.08818175247887,0.020730358293315643,0.0045930371002311345,0.038281967787147146,0.027887469436298065
Bubble,59.7989747054591,0.7942052052052052,0.2057947947947948,0.4230968587869115,0.5769031412130884,792.3730744572036,128.5359673797243,0.02071345425595566,0.004611118267263957,0.038254028742182186,0.027875226773567904
Bubble,59.945165926305734,0.7932062062062063,0.2067937937937937,0.4226649365877595,0.5773350634122404,791.1471757160614,128.98448016875463,0.020696523813516166,0.0046292143273615255,0.038226089697217226,0.027863147188147332
Dew,59.974876194352966,0.7930048339739215,0.20699516602607848,0.4225775775775776,0.5774224224224225,790.901903993587,129.07593449244325,0.020693156157777715,0.004632902830522611,0.03822045791194202,0.027860704015215215
Bubble,60.09089959690555,0.7922072072072073,0.20779279279279272,0.42223878907795276,0.5777612109220472,789.9212097748026,129.43372487679082,0.020679566845161573,0.004647325415869007,0.03819815065225226,0.02785122910369467
Bubble,60.2361769635927,0.7912082082082083,0.20879179179179175,0.4218183607931381,0.5781816392068619,788.6951742131167,129.8837063062184,0.02066258322923582,0.004665451669346693,0.038170211607287285,0.027839470969036127
Dew,60.31966095060611,0.7906349918196651,0.20936500818033488,0.4215785785785786,0.5784214214214214,787.9937001172027,130.1432991513464,0.02065287973680663,0.0046759026381480015,0.03815418044162025,0.027832764970250248
Bubble,60.38099926899758,0.7902092092092092,0.20979079079079077,0.42140359715356673,0.5785964028464332,787.4690665926983,130.33442930519294,0.020645572843254637,0.004683593225585042,0.038142272562322325,0.027827871257737686
Bubble,60.52536775201921,0.7892102102102102,0.2107897897897898,0.42099444444854045,0.5790055555514596,786.2428844570775,130.78589876783133,0.020628535563898043,0.0047017502236075485,0.03811433351735736,0.027816428467670108
Bubble,60.669283647786195,0.7882112112112113,0.2117887887887887,0.42059084982236966,0.5794091501776304,785.0166253314354,131.2381196352464,0.020611471267002412,0.004719922803698323,0.0380863944723924,0.027805141120616206
Dew,60.67325306872451,0.7881862763283892,0.21181372367161075,0.4205795795795796,0.5794204204204204,784.988367675251,131.25064693036254,0.020611106716857168,0.004720426852627953,0.03808569711752712,0.027804825925285284
Bubble,60.812748187622475,0.7872122122122123,0.21278778778778773,0.42019276125951016,0.5798072387404899,783.790286722418,131.69109689576177,0.020594379827552516,0.004738111107405541,0.03805845542742743,0.02779400776185517
Bubble,60.95576259902092,0.7862132132132132,0.21378678678678675,0.41980012759555685,0.5801998724044433,782.5638661179596,132.1448356039702,0.02057726111967373,0.004756315278100803,0.038030516382462465,0.027783026960470046
Dew,61.03631471959784,0.7856522787552062,0.21434772124479387,0.4195805805805806,0.5804194194194194,781.8779155790149,132.401380763476,0.02056770850199378,0.0047666025834335385,0.038014828706038,0.02777688688032032
Bubble,61.09832810559958,0.7852142142142142,0.21478578578578578,0.41941289840527707,0.5805871015947228,781.3373609870853,132.59934080888746,0.02056011501662369,0.004774535458856452,0.0380025773374975,0.02777219730621632
Bubble,61.2404459270749,0.7842152152152152,0.2157847847847848,0.4190311688027895,0.5809688311972107,780.1107687797322,133.0547252538046,0.020542941390784386,0.004792774972710647,0.03797463829253253,0.027761521459154368
Bubble,61.3821172792249,0.7832162162162163,0.2167837837837837,0.4186546021228845,0.5813453978771155,778.8840869265516,133.51078044306678,0.020525740113653733,0.004811027657932288,0.03794669924756757,0.027750990003754795
Dew,61.4096011955244,0.7830257606935114,0.21697423930648863,0.4185815815815816,0.5814184184184183,778.6533767590034,133.5993992211074,0.020522540960025086,0.004814575313406527,0.037941372770345864,0.027748947835355357
Bubble,61.52334337385095,0.7822172172172173,0.21778278278278274,0.4182832935646735,0.5817167064353264,777.657312838714,133.96761771569595,0.020508511055837172,0.0048292967945818815,0.037918760202602604,0.027740605602454962
Bubble,61.66412541874729,0.7812182182182182,0.21878178178178176,0.4179171958693953,0.5820828041306048,776.4304439077181,134.42524235585958,0.020491254087039314,0.004847582532099125,0.037890821157637644,0.027730366933567212
Dew,61.7939806906081,0.7802983962718973,0.21970160372810274,0.41758258258258263,0.5824174174174174,775.3044350123221,134.84920323922057,0.020475438001899063,0.004864512841465086,0.037865096460472,0.027721008790390394
Bubble,61.80446461765837,0.7802192192192192,0.21978078078078078,0.4175562625263212,0.5824437374736788,775.203477505185,134.8836596990115,0.02047396907605523,0.004865885021286167,0.03786288211267267,0.02772027269632413
Bubble,61.94436217025388,0.7792202202202203,0.2207797797797797,0.41720044776071824,0.5827995522392817,773.9764109826665,135.34287513249458,0.020456655890761965,0.004884204414322124,0.03783494306770771,0.02771032161054192
Bubble,62.08381927207736,0.7782212212212213,0.22177877877877872,0.4168497065220854,0.5831502934779146,772.7492416714312,135.80289409613172,0.020439314398109542,0.004902540864777012,0.03780700402274274,0.027700512416291425
Dew,62.190459859304255,0.7774604005212482,0.22253959947875177,0.4165835835835836,0.5834164164164164,771.8188726376025,136.1560342602237,0.020426201952310534,0.0049166103834593885,0.037785726119793764,0.027693069745425427
Bubble,62.22283711452139,0.7772222222222223,0.22277777777777774,0.4165039944726368,0.5834960055273631,771.5219668822642,136.2637220828423,0.020421944464112208,0.004920894527626583,0.037779064977777777,0.02769084387357601
Bubble,62.361416884780986,0.7762232232232232,0.22377677677677676,0.41616326797606895,0.5838367320239309,770.2945839052553,136.72536463926883,0.020404545953839344,0.004939265559267249,0.03775112593281282,0.02768131476201744
Bubble,62.49955976582663,0.7752242242242242,0.2247757757757758,0.41582748408653036,0.5841725159134695,769.0670900095929,137.18782736639224,0.02038711873140655,0.004957654117530719,0.03772318688784785,0.02767192388054736
Dew,62.600530169771524,0.7744969552121258,0.22550304478787414,0.4155845845845846,0.5844154154154154,768.1769514143832,137.52735760496037,0.020374507653659904,0.004971144329445418,0.03770284732629573,0.02766513070046046
Bubble,62.63726693635628,0.7742252252252253,0.2257747747747747,0.4154966005378745,0.5845033994621256,767.8394824433448,137.65111592017283,0.02036966265996625,0.004976060361699241,0.03769524784288288,0.02766267004710676
Bubble,62.77453957075706,0.7732262262262263,0.22677377377377372,0.41517057573312577,0.5848294242668741,766.6117584332402,138.1152360121874,0.02035217760169835,0.004994484452520714,0.037667308797917916,0.02765355209835136
Bubble,62.911378839074445,0.7722272272272273,0.22777277277277275,0.4148493687341755,0.5851506312658245,765.3839151844617,138.58019341027963,0.020334663417801102,0.005012926552224149,0.037639369752952956,0.027644568889363435
Dew,63.02500579645443,0.771401275499892,0.22859872450010796,0.4145855855855856,0.5854144144144144,764.3729463505365,138.96809725705813,0.020320274702578706,0.005028300233588499,0.0376162703279565,0.0276371916554955
Bubble,63.04778590696489,0.7712282282282282,0.22877177177177177,0.41453293925173024,0.5854670607482698,764.1559498804054,139.04599393922382,0.02031711996848108,0.005031386824535388,0.03761143070798799,0.02763571929337071
Bubble,63.18376193565915,0.7702292292292293,0.22977077077077068,0.414221247635434,0.5857787523645659,762.9278596824751,139.51264348137974,0.02029954711294403,0.005049865434692585,0.03758349166302302,0.027627002201470085
Bubble,63.31930808191778,0.7692302302302303,0.2307697697697697,0.4139142548642424,0.5860857451357577,761.6996417298393,139.98014797736164,0.020281944709384648,0.005068362549461909,0.037555552618058055,0.027618416522358462
Bubble,63.454425497998955,0.7682312312312313,0.23176876876876873,0.41361192253700924,0.5863880774629907,760.4712931392122,140.4485134267444,0.020264312614976993,0.005086878337154453,0.037527613573093095,0.02760996118206944
Dew,63.46583958716241,0.7681509667683949,0.23184903323160502,0.4135865865865866,0.5864134134134134,760.3756203422378,140.4882331978142,0.020262975271961633,0.005088447528066376,0.03752536881365037,0.02760925261053053
Bubble,63.5891153316027,0.7672322322322322,0.23276776776776775,0.4133142128632422,0.5866857871367579,759.242811004609,140.9177458887146,0.02024665068586418,0.005105412967641206,0.037499674528128135,0.027601635123714816
Bubble,63.72337872584939,0.7662332332332332,0.23376676676676678,0.41302108865410025,0.5869789113458999,758.0141923971263,141.38785148280587,0.020228958777148656,0.005123966612370739,0.03747173548316317,0.02759343730723277
Bubble,63.857216819215274,0.7652342342342343,0.2347657657657657,0.41273251331356625,0.5872674866864337,756.7854343646861,141.85883638958128,0.02021123674288148,0.0051425394443849505,0.0374437964381982,0.02758536670914104
Dew,63.925072557144354,0.7647318728599991,0.2352681271400009,0.4125875875875876,0.5874124124124124,756.1712216508497,142.09857350735328,0.020202413447374494,0.005151987165859969,0.037429746877550504,0.02758131356556557
Bubble,63.99063074550469,0.7642352352352353,0.2357647647647647,0.41244845082980547,0.5875515491701946,755.556533931802,142.33070685134356,0.02019348443605215,0.005161131638335722,0.037415857393233234,0.0275774223222952
Bubble,64.12362163380341,0.7632362362362363,0.23676376376376373,0.4121688657667419,0.5878311342332581,754.3274880993373,142.803469172885,0.02017570170857817,0.005179743370502719,0.037387918348268274,0.0275696031556531
Bubble,64.25619060842645,0.7622372372372372,0.23776276276276276,0.4118937232557726,0.5881062767442274,753.0982938442452,143.2771297221762,0.020157888411294102,0.005198374818809072,0.03735997930330331,0.027561908234043125
Bubble,64.38821346797849,0.7612382382382383,0.23876176176176167,0.41162224607113973,0.5883777539288603,751.8688263848487,143.7507780917369,0.020140041133083104,0.005216996822814402,0.03733204025833835,0.027554315820761406
Dew,64.40523383175974,0.7611171845244709,0.23888281547552911,0.4115885885885886,0.5884114114114114,751.724731362968,143.81256677395822,0.020138007557802273,0.005219417558689049,0.03732865474428326,0.0275533745206006
Bubble,64.51994224382756,0.7602392392392393,0.2397607607607607,0.411355881668362,0.588644118331638,750.6393258319588,144.2262486546704,0.020122166234174205,0.005235668063905083,0.03730410121337338,0.027546866396854348
Bubble,64.65125245630875,0.7592402402402403,0.24075975975975972,0.41109385849479924,0.5889061415052007,749.4096676460955,144.70263688708937,0.02010426031146578,0.005254359563619134,0.037276162168408414,0.027539538384278386
Bubble,64.78214521019856,0.7582412412412413,0.24175875875875874,0.4108361438718387,0.5891638561281612,748.179848706103,145.17994941612142,0.02008632321135368,0.0052730715065977,0.03724822312344345,0.027532330869109466
Dew,64.90952365328981,0.7572759757467338,0.2427240242532663,0.41058958958958963,0.5894104104104103,746.9976531044093,145.64730046860032,0.020069129987965135,0.005291371342608592,0.03722122750474793,0.027525435475635636
Bubble,64.91262160528198,0.7572422422422422,0.24275775775775776,0.4105827056496711,0.5894172943503289,746.9498658656372,145.65819293587182,0.02006835477909581,0.005291804079213887,0.03722028407847848,0.027525242952212578
Bubble,65.04268273629958,0.7562432432432433,0.24375675675675668,0.410333512200029,0.589666487799971,745.7197159528936,146.1373742081871,0.02005035485880053,0.005310557469590263,0.03719234503351352,0.0275182737490387
Bubble,65.17232969290816,0.7552442442442443,0.2447557557557557,0.4100885324091213,0.5899114675908785,744.4893957703399,146.61750006345673,0.020032323293415182,0.005329331867617385,0.03716440598854855,0.02751142238942719
Bubble,65.30156355962956,0.7542452452452453,0.24575475475475472,0.4098477356706925,0.5901522643293075,743.2589020944476,147.0985774014173,0.020014259924714443,0.005348127464972421,0.037136466943583586,0.027504688017411686
Bubble,65.43038541579602,0.7532462462462463,0.24675375375375375,0.40961109187925504,0.5903889081207451,742.0282316754041,147.58061319196017,0.019996164593288176,0.005366944455137625,0.03710852789861862,0.0274980697910308
Dew,65.4420958130409,0.7531684496095695,0.24683155039043048,0.4095905905905906,0.5904094094094094,741.9406565677477,147.62504409741018,0.019994976963220744,0.005368672179651576,0.037106352156968815,0.027497496430670672
Bubble,65.55879633550921,0.7522472472472473,0.24775275275275266,0.40937857142346606,0.5906214285765339,740.7973812368372,148.06361447596086,0.019978037138529536,0.005385783033419429,0.03708058885365366,0.027491566882142934
Bubble,65.68679738758358,0.7512482482482483,0.24875175175175168,0.4091501451796295,0.5908498548203706,739.566347475532,148.5475883660967,0.01995987739862283,0.005404643396967084,0.03705264980868869,0.027485178476244508
Bubble,65.81438963549721,0.7502492492492493,0.2497507507507507,0.4089257845053697,0.5910742154946302,738.335127061139,149.03254204770133,0.01994168521053104,0.00542352574479229,0.03702471076372373,0.02747890377229305
Bubble,65.94157413734031,0.7492502502502503,0.25074974974974973,0.408705461233413,0.591294538766587,737.1037166358852,149.51848277960147,0.01992346040998344,0.005442430277788169,0.036996771718758766,0.02747274198253331
Dew,66.00851399726696,0.7487384450223337,0.25126155497766633,0.40859159159159164,0.5914084084084084,736.482284516593,149.77574729561127,0.019914368149639938,0.005452426669734033,0.03698245804147741,0.027469557385705706
Bubble,66.06835194594177,0.7482512512512512,0.25174874874874875,0.4084891613622845,0.5915108386377156,735.8721128144622,150.00542952716157,0.01990520283146787,0.005461357546084754,0.03696883267379379,0.027466692715385467
Bubble,66.19472410810393,0.7472522522522523,0.25274774774774766,0.40827683076006643,0.5917231692399336,734.6403121829943,150.4933668989294,0.019886912308198137,0.005480307073678962,0.03694089362882883,0.02746075445694001
Bubble,66.32069166560798,0.7462532532532533,0.2537467467467467,0.40806845586625007,0.59193154413375,733.408311299825,150.98231356492005,0.019868588672130493,0.005499279401146213,0.036912954583863865,0.02745492682794965
Bubble,66.44625565446066,0.7452542542542543,0.2547457457457457,0.40786401035523795,0.5921359896447622,732.1761066944906,151.47227708732092,0.01985023175393103,0.005518274737123651,0.036885015538898905,0.027449209092165357
Bubble,66.5714171050068,0.7442552552552553,0.25574474474474473,0.4076634683475126,0.5923365316524875,730.9436948675838,151.96326510621805,0.01983184138296712,0.005537293292229657,0.03685707649393394,0.02744360052581362
Dew,66.61653863838778,0.7439161319911535,0.25608386800884664,0.4075925925925926,0.5924074074074074,730.5387788752029,152.14135136587473,0.01982595699910763,0.0055441829077551375,0.03684759222004187,0.027441618340740742
Bubble,66.6961770418843,0.7432562562562562,0.25674374374374376,0.40746680440423866,0.5925331955957615,729.7110722904504,152.45528534054816,0.01981341738729422,0.0055563352790856824,0.036829137448968964,0.027438100417445523
Bubble,66.8205364839541,0.7422572572572573,0.25774274274274267,0.40727399352193616,0.5927260064780637,728.4782354048565,152.94834558898296,0.01979495959364186,0.005575400912335712,0.036801198404004004,0.02743270806778773
Bubble,66.94449644425097,0.7412582582582583,0.2587417417417417,0.4070850111273023,0.5929149888726976,727.2451806226737,153.44245373088032,0.019776467827400057,0.0055944904086677755,0.036773259359039044,0.027427422789597707
Bubble,67.06805792992496,0.7402592592592593,0.2597407407407407,0.4068998330721402,0.5931001669278598,726.0119043255525,153.9376177272285,0.019757941912605336,0.005613603986835072,0.03674532031407408,0.02742224390752187
Bubble,67.19122194218022,0.7392602602602603,0.26073973973973974,0.4067184356283928,0.5932815643716072,724.7784028645913,154.43384562159167,0.019739381671926542,0.00563274186767698,0.03671738126910911,0.02741717075795669
Dew,67.27758088087035,0.7385872179682605,0.26141278203173945,0.4065935935935936,0.5934064064064064,723.9651581860938,154.7837762953523,0.019727346041529342,0.005646224084893386,0.03669855826840706,0.027413679295775772
Bubble,67.31398947621534,0.7382612612612613,0.26173873873873865,0.4065407954832815,0.5934592045167185,723.5446725599975,154.93114554105247,0.019720786926650413,0.005651904274139798,0.03668944222414414,0.027412202688912757
Bubble,67.43636152115779,0.7372622622622623,0.2627377377377377,0.4063668897345934,0.5936331102654065,722.310709700749,155.42952569721902,0.01970215749666708,0.005671091431299377,0.036661503179179177,0.027407339059882966
Bubble,67.55833906001357,0.7362632632632633,0.2637367367367367,0.40619669588602425,0.5938033041139757,721.0765105442567,155.92899438718908,0.01968349320045552,0.005690303566382305,0.03663356413421422,0.027402579241712275
Bubble,67.67992306959273,0.7352642642642643,0.2647357357357357,0.4060301918426618,0.5939698081573381,719.8420713160064,156.4295599945406,0.0196647938550684,0.005709540908787606,0.03660562508924925,0.027397922616471396
Bubble,67.80111452045634,0.7342652652652653,0.26573473473473475,0.40586735590655487,0.5941326440934451,718.607388209218,156.93123099035543,0.019646059276117313,0.0057288036901095496,0.03657768604428428,0.027393368577332853
Bubble,67.92191437684161,0.7332662662662663,0.26673373373373366,0.4057081667723883,0.5942918332276117,717.3724573844762,157.43401593420813,0.01962728927775714,0.005748092144158919,0.036549746999319316,0.027388916528450054
Dew,68.00970843012433,0.7325758683200047,0.2674241316799953,0.4055945945945946,0.5944054054054053,716.5414840227966,157.8014530103238,0.019614915978061722,0.005762175919478816,0.036530438612340295,0.027385740250810812
Bubble,68.04232359660591,0.7322672672672673,0.2677327327327327,0.4055526035232508,0.594447396476749,716.13727496938,157.93792347520727,0.01960848367267091,0.005767406506986023,0.036521807954354356,0.027384565884838893
Bubble,68.16234313115397,0.7312682682682683,0.2687317317317317,0.4054006456265163,0.5945993543734838,714.9018370581679,158.44296235303312,0.019589642272053898,0.005786747016903227,0.03649386890938939,0.027380316072262607
Bubble,68.28197392537797,0.7302692692692693,0.26973073073073073,0.40525227292980226,0.5947477270701976,713.6661397113554,158.94914139898674,0.01957076488559796,0.005806113914507808,0.03646592986442442,0.027376166527118693
Bubble,68.40121691758131,0.7292702702702704,0.27072972972972964,0.4051074656570275,0.5948925343429726,712.430178955353,159.4564695370365,0.01955185132147529,0.005825507442704407,0.03643799081945946,0.02737211669632872
Bubble,68.52007303941478,0.7282712712712713,0.27172872872872866,0.40496620440455927,0.5950337955954407,711.1939507820889,159.96495578489424,0.019532901386322268,0.005844927846728375,0.03641005177449449,0.02736816603723049
Bubble,68.63854321580548,0.7272722722722723,0.2727277277277277,0.4048284701374579,0.5951715298625421,709.9574511486239,160.474609255097,0.019513914885222906,0.005864375374169008,0.03638211272952953,0.027364314017473093
Bubble,68.7566283648861,0.7262732732732733,0.2737267267267267,0.4046942441858084,0.5953057558141918,708.720675976762,160.98543915610162,0.019494891621692233,0.005883850274993029,0.03635417368456456,0.02736056011491427
Dew,68.84486589034474,0.7255900373216337,0.27440996267836615,0.4045955955955956,0.5954044044044045,707.9129799907213,161.36910507679738,0.019482914599219872,0.005898467638631567,0.03633506559737563,0.027357801205845845
Bubble,68.87432939792309,0.7252742742742743,0.27472572572572573,0.40456350824112186,0.5954364917588781,707.4836211526559,161.4974547933759,0.019475831397659387,0.005903352801567788,0.0363262346395996,0.027356903817519783
Bubble,68.99164721924231,0.7242752752752754,0.27572472472472465,0.40443624435284853,0.5955637556471515,706.2462825264065,162.01066557052624,0.019456734013450452,0.005922883208685387,0.03629829559463464,0.02735334462326589
Bubble,69.10858272615468,0.7232762762762763,0.27672372372372367,0.4043124349249497,0.5956875650750503,705.0086559116568,162.525080990402,0.01943759926777112,0.005942441753585847,0.036270356549669674,0.027349882040043468
Bubble,69.22513680888454,0.7222772772772773,0.2777227227227227,0.404192062712568,0.595807937287432,703.7707370851866,163.04071065625348,0.019418426957689246,0.005962028695981873,0.03624241750470471,0.0273465155855649
Bubble,69.34131035049047,0.7212782782782783,0.2787217217217217,0.4040751108187664,0.5959248891812335,702.5325217864948,163.5575642728552,0.019399216878616996,0.005981644298082148,0.03621447845973974,0.027343244787272875
Bubble,69.45710422678631,0.7202792792792793,0.27972072072072074,0.4039615626913575,0.5960384373086424,701.2940057173779,164.07565164767738,0.0193799688242928,0.00600128882461607,0.03618653941477478,0.027340069182251705
Bubble,69.57251930626674,0.7192802802802803,0.28071971971971965,0.4038514021198007,0.5961485978801994,700.0551845415073,164.59498269205093,0.01936068258676323,0.006020962542858033,0.036158600369809814,0.027336988317140553
Bubble,69.68755645002844,0.7182812812812813,0.2817187187187187,0.4037446132321806,0.5962553867678193,698.8160538840017,165.11556742234558,0.019341357956364567,0.006040665722651876,0.036130661324844854,0.02733400174804892
Bubble,69.80221651168068,0.7172822822822823,0.2827177177177177,0.4036411804922543,0.5963588195077457,697.5766093309818,165.6374159611503,0.01932199472170392,0.006060398636435176,0.03610272227987989,0.027331109040474096
Dew,69.85092379515459,0.7169665370002298,0.2830334629997702,0.40359659659659664,0.5964034034034034,697.2472530275102,165.85953036384345,0.019317596908779492,0.0060688023008491285,0.036093891818946906,0.027329862160880885
Bubble,69.91650033727448,0.7162832832832833,0.2837167167167167,0.40354108869658617,0.5964589113034138,696.3368464291384,166.16053853849368,0.01930259266964049,0.0060801615592646395,0.03607478323491492,0.027328309769220974
Bubble,70.03040876521155,0.7152842842842844,0.28471571571571563,0.4034443229717221,0.5965556770282778,695.096760685282,166.684945493023,0.019283151585266337,0.006099954768839894,0.03604684418994995,0.027325603518323072
Bubble,70.14394262616531,0.7142852852852853,0.28571471471471466,0.4033508687877198,0.5966491312122802,693.8563475658923,167.21064728874015,0.019263671251887007,0.006119778545994339,0.036018905144984986,0.027322989881420914
Bubble,70.2571027429924,0.7132862862862863,0.2867137137137137,0.40326071189214835,0.5967392881078516,692.6156024966574,167.73765445589956,0.019244151451001813,0.006139633172908417,0.035990966100020026,0.02732046845991619
Bubble,70.36988993064394,0.7122872872872873,0.2877127127127127,0.40317383840020093,0.5968261615997992,691.3745208620142,168.26597768048555,0.01922459196228402,0.006159518935784168,0.03596302705505506,0.027318038865491955
Bubble,70.48230499608285,0.7112882882882883,0.2887117117117117,0.40309023473179445,0.5969097652682055,690.1330980046787,168.79562774804492,0.019204992563560678,0.00617943612314623,0.03593508801009009,0.027315700718353483
Bubble,70.59434873819106,0.7102892892892894,0.28971071071071064,0.4030098876238476,0.5969901123761524,688.8913292251717,169.3266155589749,0.019185353030792232,0.006199385026288287,0.03590714896512513,0.027313453647571654
Bubble,70.7060219476771,0.7092902902902903,0.29070970970970966,0.40293278412790345,0.5970672158720965,687.6492097813368,169.85895212980304,0.01916567313805184,0.006219365939298499,0.035879209920160166,0.027311297291016445
Bubble,70.81732540699034,0.7082912912912913,0.2917087087087087,0.4028589116077827,0.5971410883922172,686.4067348878597,170.392648594467,0.01914595265750457,0.006239379159084798,0.0358512708751952,0.027309231295291322
Bubble,70.92825989022006,0.7072922922922923,0.2927077077077077,0.40278825773731036,0.5972117422626897,685.1638997157697,170.92771620560634,0.019126191359386077,0.006259424985400244,0.03582333183023023,0.02730725531566967
Bubble,71.03882616300687,0.7062932932932934,0.2937067067067066,0.4027208104981046,0.5972791895018955,683.9206993919543,171.46416633587134,0.0191063890119815,0.006279503720868691,0.03579539278526527,0.027305369016032914
Bubble,71.14902498244558,0.7052942942942944,0.29470570570570565,0.402656558177426,0.5973434418225739,682.6771289986443,172.00201047923804,0.019086545381603464,0.006299615671010333,0.035767453740300305,0.027303572068810403
Dew,71.24243381049962,0.704664855815774,0.295335144184226,0.4025975975975976,0.5974024024024024,682.0147414943356,172.4571505762206,0.01907741535988137,0.0063166667726672005,0.03574985020919398,0.027301923115915915
Bubble,71.25885709698355,0.7042952952952953,0.29570470470470467,0.40259548936608963,0.5974045106339103,681.4331835729112,172.5412602523311,0.019066660232570275,0.006319761144267198,0.03573951469533534,0.027301864154920998
Bubble,71.36832324542982,0.7032962962962963,0.2967037037037037,0.4025375282777668,0.5974624717222332,680.1888581049949,173.0818635091585,0.01904673332715132,0.006339938531955483,0.03571157565037037,0.027300243154845433
Bubble,71.47742416040904,0.7022972972972973,0.2977027027027027,0.40248279127211006,0.5975172087278898,678.9441475423687,173.6239575158148,0.01902676442567295,0.006360151917154131,0.035683636605405404,0.02729871232281875
Bubble,71.58616056297467,0.7012982982982984,0.2987017017017016,0.4024312052792242,0.5975687947207757,677.6990467824077,174.16749266758356,0.019006753286305255,0.006380399766063517,0.035655697560440444,0.02729726961529227
Bubble,71.69453316599378,0.7002992992992993,0.29970070070070065,0.4023827600822147,0.5976172399177853,676.453550676343,174.71248108232305,0.018986699665164586,0.006400682398985559,0.03562775851547548,0.027295914746529704
Bubble,71.80254267318755,0.6993003003003003,0.3006996996996997,0.40233744575808966,0.5976625542419103,675.207654027627,175.258935007263,0.018966603316259576,0.00642100013927097,0.03559981947051051,0.027294647439014327
Bubble,71.91018977901362,0.6983013013013013,0.3016986986986987,0.4022952526759607,0.5977047473240393,673.9613515913738,175.8068668203235,0.018946463991467148,0.006441353313342818,0.03557188042554554,0.027293467423398703
Bubble,72.01747516856678,0.6973023023023024,0.3026976976976976,0.40225617149533033,0.5977438285046698,672.7146380738251,176.35628903151414,0.018926281440509084,0.0064617422507224735,0.03554394138058058,0.027292374438456765
Bubble,72.12439951746533,0.6963033033033034,0.30369669669669663,0.4022201931644432,0.5977798068355568,671.4675081317873,176.9072142843303,0.018906055410927724,0.006482167284054988,0.03551600233561562,0.02729136823103771
Bubble,72.23096349174509,0.6953043043043043,0.30469569569569566,0.4021873089186704,0.5978126910813295,670.2199563720786,177.45965535716127,0.01888578564806179,0.006502628749134654,0.03548806329065065,0.027290448556020815
Bubble,72.33716774774179,0.6943053053053053,0.3056946946946947,0.40215751027894336,0.5978424897210566,668.9719773509594,178.0136251646941,0.018865471895021656,0.006523126984930052,0.03546012424568569,0.027289615176271622
Bubble,72.44301293198382,0.6933063063063063,0.3066936936936937,0.4021307890502517,0.5978692109497484,667.7235655735648,178.56913675934402,0.018845113892664533,0.006543662333609571,0.03543218520072072,0.02728886786259995
Bubble,72.54849968107305,0.6923073073073074,0.3076926926926926,0.4021071373201609,0.5978928626798391,666.4747154933295,179.12620333266722,0.018824711379569346,0.0065642351405661055,0.035404246155755756,0.027288206393718432
Bubble,72.65362862156908,0.6913083083083084,0.30869169169169164,0.4020865474573967,0.5979134525426034,665.2254215114042,179.68483821679757,0.018804264092011212,0.006584845754442111,0.03537630711079079,0.027287630556202914
Bubble,72.75840036987208,0.6903093093093093,0.30969069069069066,0.40206901211046947,0.5979309878895307,663.975677976075,180.24505488589205,0.018783771763935968,0.006605494527154625,0.03534836806582582,0.027287140144453985
Bubble,72.86281553210208,0.6893103103103103,0.3106896896896897,0.4020545242063474,0.5979454757936525,662.7254791821651,180.80686695758095,0.01876323412693396,0.0066261818139200495,0.03532042902086086,0.027286734960659885
Bubble,72.96687470398133,0.6883113113113114,0.3116886886886886,0.4020430769491609,0.597956923050839,661.4748193704505,181.37028819442386,0.018742650910214195,0.006646907973278841,0.035292489975895895,0.02728641481476026
Bubble,73.07057847070357,0.6873123123123124,0.3126876876876876,0.40203466381895747,0.5979653361810426,660.2236927270444,181.93533250535543,0.01872202184057744,0.006667673367119372,0.035264550930930935,0.027286179524411338
Bubble,73.17392740682035,0.6863133133133134,0.31368668668668664,0.40202927857050413,0.5979707214294958,658.9720933828082,182.50201394717763,0.018701346642389968,0.00668847836070307,0.03523661188596597,0.027286028914952434
Bubble,73.27692207610679,0.6853143143143143,0.31468568568568567,0.4020269152321189,0.5979730847678811,657.7200154127318,183.07034672601458,0.0186806250375563,0.006709323322687847,0.035208672841001,0.02728596281937328
Bubble,73.3795630314383,0.6843153153153153,0.3156846846846847,0.4020275681045543,0.5979724318954456,656.467452835324,183.64034519880624,0.018659856745492073,0.006730208625152481,0.035180733796036034,0.027285981078282794
Bubble,73.48185081466,0.6833163163163164,0.3166836836836836,0.4020312317599043,0.5979687682400958,655.2143996119954,184.2120238747812,0.01863904148309664,0.006751134643619923,0.03515279475107107,0.02728608353987852
Bubble,73.58378595645951,0.6823173173173174,0.3176826826826826,0.4020379010405804,0.5979620989594197,653.9608496464377,184.7853974169731,0.018618178964725347,0.0067721017570815875,0.03512485570610611,0.027286270059917954
Bubble,73.68536897623078,0.6813183183183184,0.31868168168168165,0.4020475710582787,0.5979524289417213,652.7067967839977,185.36048064368134,0.018597268902161606,0.006793110348019489,0.03509691666114114,0.027286540501689723
Bubble,73.78660038194133,0.6803193193193193,0.3196806806806807,0.40206023719303263,0.5979397628069673,651.4522348110485,185.93728853000167,0.01857631100458871,0.006814160802430197,0.035068977616176174,0.027286894735987027
Bubble,73.88748067000165,0.6793203203203203,0.3206796796796797,0.40207589509227804,0.597924104907722,650.1971574543638,186.51583620933047,0.018555304978561584,0.00683525350984756,0.03504103857121121,0.02728733264108154
Bubble,73.98801032512102,0.6783213213213214,0.3216786786786786,0.40209454066993433,0.5979054593300658,648.9415583804782,187.09613897484573,0.018534250527978066,0.006856388863364282,0.035013099526246254,0.027287854102697684
Bubble,74.08818982017974,0.6773223223223224,0.32267767767767763,0.4021161701055917,0.5978838298944082,647.68543119506,187.67821228109423,0.018513147354050366,0.006877567259656467,0.03498516048128129,0.027288459013989887
Bubble,74.18801961607963,0.6763233233233233,0.32367667667667666,0.4021407798436281,0.597859220156372,646.4287694422652,188.2620717454239,0.018491995155275814,0.006898789099002755,0.03495722143631632,0.02728914727551794
Bubble,74.28750016160997,0.6753243243243243,0.3246756756756757,0.40216836659246175,0.5978316334075383,645.1715666041041,188.8477331495854,0.018470793627407913,0.006920054785308538,0.03492928239135135,0.027289918795226045
Bubble,74.38663189330335,0.6743253253253254,0.3256746746746746,0.4021989273237684,0.5978010726762316,643.9138160998006,189.43521244121627,0.018449542463426984,0.006941364726125877,0.03490134334638639,0.027290773488420926
Bubble,74.48541523528911,0.6733263263263264,0.3266736736736736,0.40223245927176327,0.5977675407282367,642.6555112851456,190.02452573539415,0.01842824135351051,0.006962719332675277,0.034873404301421426,0.027291711277751773
Bubble,74.58385059915511,0.6723273273273274,0.32767267267267264,0.40226895993250683,0.5977310400674932,641.396645451868,190.61568931617848,0.01840688998500385,0.006984119019866635,0.034845465256456466,0.027292732093190816
Bubble,74.68193838379396,0.6713283283283283,0.32867167167167166,0.4023084270632565,0.5976915729367435,640.1372118269799,191.2087196381537,0.018385488042390076,0.007005564206319684,0.03481752621149149,0.027293835872015174
Bubble,74.77967897526183,0.6703293293293293,0.3296706706706707,0.4023508586818103,0.5976491413181897,638.8772035721472,191.80363332796935,0.018364035207260383,0.007027055314384117,0.03478958716652653,0.02729502255878854
Bubble,74.87707274662344,0.6693303303303304,0.3306696696696696,0.4023962530659315,0.5976037469340685,637.616613783043,192.40044718589826,0.018342531158283874,0.007048592770159553,0.034761648121561566,0.02729629210534503
Bubble,74.97412005780825,0.6683313313313314,0.3316686686686686,0.4024446087590421,0.5975553912409579,636.3554354887185,192.99917819429282,0.018320975571177674,0.007070177003722509,0.0347337090765966,0.027297644470948478
Bubble,75.07082125545564,0.6673323323323324,0.33266766766766764,0.4024959245455742,0.5975040754544257,635.0936616509606,193.599843492662,0.018299368118676565,0.007091808448349932,0.03470577003163164,0.027299079621603054
Bubble,75.16717667276265,0.6663333333333333,0.33366666666666667,0.402550199485324,0.597449800514676,633.831285163663,194.20246041748862,0.018277708470502835,0.007113487541687345,0.034677830986666665,0.027300597531014034
Bubble,75.26318662933133,0.6653343343343344,0.3346656656656656,0.4026074328905401,0.5973925671094599,632.5682988522015,194.80704647921854,0.018255996293336064,0.007135214725029015,0.034649891941701705,0.027302198179947047
Bubble,75.35885143101443,0.6643353353353354,0.3356646646646646,0.4026676243308911,0.5973323756691089,631.3046954728031,195.41361936975485,0.018234231250782686,0.007156990443513928,0.03462195289673674,0.027303881556367007
Bubble,75.45417136975857,0.6633363363363364,0.3366636636636636,0.4027307736330569,0.597269226366943,630.0404677119325,196.02219696406848,0.018212413003345786,0.007178815146144742,0.03459401385177178,0.027305647655426646
Bubble,75.54914672345046,0.6623373373373374,0.33766266266266265,0.40279688088311555,0.5972031191168844,628.7756081856777,196.63279732489056,0.018190541208394834,0.007200689285898644,0.03456607480680681,0.027307496479533327
Bubble,75.64377775575721,0.6613383383383383,0.3386616616616617,0.4028659464155479,0.597134053584452,627.5101094391429,197.24543869242336,0.01816861552013539,0.007222613319387884,0.034538135761841844,0.027309428038041487
Bubble,75.73806471596853,0.6603393393393394,0.3396606606606606,0.4029379708282611,0.5970620291717389,626.2439639458472,197.86013950309507,0.018146635589578904,0.007244587707391974,0.034510196716876884,0.027311442347672812
Bubble,75.83200783883987,0.6593403403403404,0.3406596596596596,0.40301295497243256,0.5969870450275675,624.9771641071372,198.47691838018267,0.018124601064512743,0.0072666129145446305,0.03448225767191191,0.02731353943223222
Bubble,75.92560734443049,0.6583413413413414,0.34165865865865863,0.40309089995462777,0.5969091000453723,623.7097022515995,199.09579413808794,0.018102511589470006,0.007288689409430074,0.03445431862694695,0.027315719322667072
Bubble,76.01886343794249,0.6573423423423423,0.34265765765765765,0.4031718071365435,0.5968281928634566,622.441570634488,199.71678578396163,0.01808036680569979,0.007310817664599325,0.03442637958198198,0.027317982057059997
Bubble,76.11177630956446,0.6563433433433433,0.3436566566566567,0.40325567813485824,0.5967443218651417,621.1727614371661,200.33991251943183,0.018058166351137533,0.007332998156589125,0.03439844053701702,0.027320327680624708
Bubble,76.20434613430314,0.6553443443443444,0.3446556556556556,0.40334251482100025,0.5966574851789997,619.903266766547,200.9651937421721,0.018035909860375336,0.007355231365935243,0.03437050149205206,0.02732275624569951
Bubble,76.29657307183068,0.6543453453453454,0.3456546546546546,0.40343231932107276,0.5965676806789273,618.6330786545656,201.59264904769668,0.01801359696463295,0.007377517777192514,0.03434256244708709,0.027325267811745213
Bubble,76.388457266314,0.6533463463463464,0.34665365365365364,0.4035250940157117,0.5964749059842883,617.3621890576409,202.2222982309868,0.01799122729172838,0.007399857878948798,0.03431462340212212,0.027327862445341168
Bubble,76.47999884632756,0.6523473473473473,0.34765265265265266,0.4036208459889252,0.5963791540110748,616.0905898562951,202.85416640899922,0.017968800466052925,0.007422252317416549,0.034286684357157156,0.027330540344606115
Bubble,76.57119792440741,0.6513483483483484,0.3486516516516516,0.4037195696226563,0.5962804303773436,614.8182728541665,203.4882640041839,0.0179463161085284,0.007444701296068307,0.034258745312192196,0.02733330135241961
Bubble,76.66205459730497,0.6503493493493494,0.3496506506506506,0.40382127215227265,0.5961787278477273,613.5452297782438,204.12461611668368,0.017923773836599797,0.007467205456555486,0.03423080626722723,0.027336145671133495
Bubble,76.75256894554998,0.6493503503503504,0.3506496496496496,0.4039259569788506,0.5960740430211494,612.271452277937,204.76324336019377,0.017901173264193958,0.007489765303865711,0.03420286722226226,0.027339073395865797
Bubble,76.84274103335382,0.6483513513513514,0.35164864864864864,0.4040336277582401,0.5959663722417597,610.9969319247398,205.40416655699516,0.017878514001695264,0.007512381347111672,0.0341749281772973,0.027342084628859807
Bubble,76.93257090844736,0.6473523523523523,0.35264764764764767,0.40414428840982736,0.5958557115901727,609.7216602118033,206.04740674989827,0.01785579565591872,0.0075350540998511285,0.03414698913233233,0.027345179479729174
Bubble,77.02205860191401,0.6463533533533534,0.3536466466466466,0.40425794308372437,0.5957420569162757,608.445628553528,206.69298516564953,0.017833017830083314,0.007557784078951589,0.03411905008736737,0.027348358064540244
Bubble,77.11120412802849,0.6453543543543544,0.3546456456456456,0.4043745962085532,0.5956254037914468,607.1688282851678,207.3409232722965,0.01781018012378574,0.007580571806270388,0.0340911110424024,0.027351620507148452
Bubble,77.20000701000166,0.6443553553553554,0.3556446446446446,0.4044942334308549,0.5955057665691451,605.8912498007426,207.99121882462816,0.017787282107676983,0.007603417081075954,0.034063171997437434,0.027354966406130058
Bubble,77.2884667604378,0.6433563563563564,0.35664364364364365,0.40461683876538235,0.5953831612346175,604.6128834045379,208.64386732484945,0.017764323348361748,0.007626319633404808,0.034035232952472474,0.027358395314424997
Bubble,77.37658430734938,0.6423573573573574,0.35764264264264256,0.4047424549797431,0.5952575450202569,603.3337219359228,209.29893806285475,0.01774130348556578,0.007649281431253618,0.03400729390750751,0.027361908428116675
Bubble,77.46435959680569,0.6413583583583584,0.3586416416416416,0.4048710874375367,0.5951289125624633,602.0537564117311,209.95645325706386,0.01771822210419335,0.007672303009697935,0.03397935486254254,0.027365505897209083
Bubble,77.55179255724141,0.6403593593593594,0.3596406406406406,0.40500274175755047,0.5949972582424496,600.7729777680721,210.6164353470201,0.017695078785404744,0.007695384907998337,0.03395141581757758,0.027369187878843085
Bubble,77.6388830993003,0.6393603603603604,0.36063963963963963,0.4051374238143626,0.5948625761856373,599.4913768600808,211.2789069956654,0.017671873106593457,0.007718527669625952,0.033923476772612614,0.027372954537313227
Bubble,77.72563111566785,0.6383613613613613,0.36163863863863865,0.40527513973909646,0.5947248602609035,598.208944461689,211.9438910917491,0.01764860464136395,0.0077417318422910485,0.03389553772764765,0.027376806044088903
Bubble,77.81203648090059,0.6373623623623624,0.36263763763763757,0.4054158959201435,0.5945841040798566,596.9256712654103,212.61141075216457,0.01762527295950961,0.0077649979779686375,0.03386759868268268,0.027380742577834488
Bubble,77.89809905126336,0.6363633633633634,0.3636366366366366,0.4055596990350813,0.5944403009649186,595.64154788216,213.28148936184513,0.017601877626991773,0.007788326634046811,0.03383965963771772,0.02738476432530208
Bubble,77.9838186645635,0.6353643643643644,0.3646356356356356,0.40570655593309013,0.5942934440669099,594.3565648411015,213.9541504338886,0.017578418205919304,0.007811718369097856,0.033811720592752746,0.02738887147804297
Bubble,78.0691951399844,0.6343653653653654,0.36563463463463464,0.40585647380648854,0.5941435261935114,593.0707125895158,214.62941781705632,0.0175548942545288,0.007835173749037852,0.033783781547787786,0.027393064237205018
Bubble,78.15422827790752,0.6333663663663665,0.36663363363363355,0.40600946008272104,0.593990539917279,591.7839814926723,215.30731556752983,0.01753130532716475,0.007858693343243503,0.03375584250282283,0.02739734281051186
Bubble,78.23891785975852,0.6323673673673674,0.36763263263263257,0.40616552245201337,0.5938344775479867,590.496361833769,215.98786798356738,0.017507650974261678,0.00788227772554097,0.033727903457857866,0.02740170741303636
Bubble,78.32326364782088,0.6313683683683684,0.3686316316316316,0.4063246688688166,0.5936753311311835,589.2078438138451,216.67109960861106,0.01748393074232525,0.007905927474249527,0.0336999644128929,0.02740615826724095
Bubble,78.40726539000224,0.6303693693693694,0.3696306306306306,0.4064871388634308,0.5935128611365691,587.9184175615568,217.35731806216808,0.017460144174206393,0.00792965161894087,0.03367202536792793,0.027410702072079123
Bubble,78.49092280032308,0.6293703703703704,0.37062962962962964,0.4066524926209566,0.5933475073790435,586.6280730947672,218.04600104186468,0.017436290807944402,0.00795343439828421,0.033644086322962966,0.02741532652723
Bubble,78.57423558717743,0.6283713713713714,0.37162862862862855,0.4068209566561788,0.5931790433438212,585.3368003769021,218.73743939998027,0.017412370178423422,0.00797728433702799,0.033616147277998006,0.027420037967641617
Bubble,78.65720343454633,0.6273723723723724,0.3726276276276276,0.4069925400838034,0.5930074599161965,584.0445892801478,219.43165880907176,0.017388381816263624,0.008001202035355467,0.03358820823303304,0.027424836648225336
Bubble,78.73982600638938,0.6263733733733734,0.3736266266266266,0.40716725213662447,0.5928327478633756,582.7514295945148,220.12868501406737,0.017364325248073534,0.008025188092525013,0.03356026918806807,0.027429722827195066
Bubble,78.82210294644123,0.6253743743743744,0.3746256256256256,0.4073451024714848,0.5926548975285153,581.4573110278455,220.82854421002995,0.01734019999643356,0.008049243118090032,0.033532330143103105,0.027434696774624116
Bubble,78.90403387803167,0.6243753753753755,0.37562462462462454,0.40752610097756675,0.5924738990224334,580.1622232058855,221.53126280769922,0.0173160055798813,0.00807336772484476,0.033504391098138145,0.02743975876708365
Bubble,78.91598862494635,0.4415585585585586,0.5584414414414414,0.437216538705247,0.562783461294753,258.256276202556,252.18980693161896,0.009096238626426488,0.00892072175468427,0.028391545869549548,0.028270112426631192
Bubble,78.98561840387687,0.6233763763763764,0.37662362362362356,0.40771025782593656,0.5922897421740634,578.8661556723147,222.23686749563154,0.017291741512895628,0.0080975625306216,0.03347645205317318,0.027444909089028278
Bubble,79.06685610588278,0.6223773773773774,0.3776226226226226,0.40789758347237004,0.59210241652763,577.5690978888131,222.94538524493706,0.017267407305881687,0.008121828158373902,0.03344851300820821,0.027450148032875113
Bubble,79.14774654565298,0.6213783783783784,0.3786216216216216,0.40808811968301584,0.5919118803169842,576.2710392366328,223.65688215867144,0.017243002465200916,0.008146166393655245,0.033420573963243244,0.027455476766699693
Bubble,79.22828926144204,0.6203793793793794,0.37962062062062063,0.40828181847564743,0.5917181815243526,574.9719690106764,224.3713120025909,0.01721852649297679,0.008170575671087487,0.03339263491827828,0.027460893948581172
Bubble,79.30848377206267,0.6193803803803805,0.38061961961961954,0.4084787195369276,0.5915212804630723,573.6718764282332,225.08873804458597,0.017193978887338923,0.008195057685127885,0.03336469587331332,0.027466400688438034
Bubble,79.38832957395148,0.6183813813813814,0.38161861861861857,0.40867883434932056,0.5913211656506795,572.3707506233193,225.80918825887514,0.017169359142236544,0.008219613074803383,0.03333675682834835,0.02747199730740082
Bubble,79.46782614159363,0.6173823823823824,0.3826176176176176,0.40888217494703405,0.5911178250529658,571.0685806480764,226.53269124342222,0.01714466674746297,0.008244242494108555,0.03330881778338339,0.027477684142030695
Bubble,79.54697292723944,0.6163833833833834,0.3836166166166166,0.40908875359604474,0.5909112464039551,569.7653554726842,227.25927581901607,0.017119901188635517,0.00826894659999569,0.033280878738418423,0.02748346153537072
Bubble,79.62576936064448,0.6153843843843844,0.38461561561561564,0.40929858287744836,0.5907014171225518,568.4610639852999,227.988971134948,0.01709506194717616,0.008293726055452835,0.03325293969345346,0.02748932983927691
Bubble,79.70421484877258,0.6143853853853855,0.38561461461461455,0.40951167569241526,0.5904883243075848,567.155694991913,228.72180667616365,0.017070148500289487,0.008318581529644552,0.03322500064848849,0.027495289414556808
Bubble,79.78230877548756,0.6133863863863864,0.38661361361361357,0.4097280452687975,0.5902719547312025,565.8492372161469,229.457812272493,0.017045160320939005,0.00834351369811248,0.03319706160352352,0.02750134063115427
Bubble,79.86005050123164,0.6123873873873874,0.3876126126126126,0.4099477051670365,0.5900522948329634,564.5416792990078,230.19701810696645,0.017020096877821696,0.008368523242946459,0.03316912255855856,0.027507483868314715
Bubble,79.93743936268325,0.6113883883883884,0.3886116116116116,0.4101706695334064,0.5898293304665935,563.2330097985636,230.93945504182153,0.01699495763534036,0.008393610862390035,0.033141183513593596,0.027513719521667555
Bubble,80.01447467236362,0.6103893893893895,0.38961061061061053,0.41039695216677874,0.5896030478332213,561.9232171894514,231.685153421022,0.016969742053570606,0.008418777235184685,0.03311324446862863,0.02752004797712639
Bubble,80.07982669113014,0.4425575575575576,0.5574424424424425,0.43985927141605374,0.5601407285839463,269.3677138705264,265.4760951469649,0.009478275721068885,0.009366211212498182,0.02841948491451452,0.028344021838063633
Bubble,80.09115571828795,0.6093903903903904,0.39060960960960955,0.41062656787720514,0.5893734321227948,560.6122898624548,232.43414481382436,0.01694444958822979,0.008444023072288297,0.03308530542366367,0.02752646964888451
Bubble,80.16748176351724,0.6083913913913914,0.3916086086086086,0.4108595316291499,0.5891404683708502,559.3002161237931,233.18646091669535,0.016919079690637166,0.00846934908416118,0.0330573663786987,0.027532984955453702
Bubble,80.24345197828163,0.6073923923923924,0.3926076076076076,0.4110937581799654,0.5889062418200346,557.9869840376539,233.93940759215042,0.016893631802927706,0.008494675116180874,0.033029427333733735,0.027539535578769418
Bubble,80.31906570697282,0.6063933933933934,0.3936066066066066,0.41133341261767986,0.5886665873823201,556.6725820457391,234.6983956164849,0.016868105376786558,0.008520161467503298,0.03300148828876877,0.027546238004015157
Bubble,80.39432211686614,0.6053943943943945,0.39460560560560554,0.4115778365926845,0.5884221634073156,555.3569981558909,235.46259823331783,0.01684249984888267,0.008545783304586663,0.03297354924380381,0.027553073819101073
Bubble,80.46922027344593,0.6043953953953954,0.39560460460460456,0.4118243136424047,0.5881756863575954,554.0402201086164,236.228488558684,0.01681681464585966,0.008571435811506725,0.03294561019883884,0.027559967052609678
Bubble,80.54375935370138,0.6033963963963964,0.3966036036036036,0.4120742178524007,0.5879257821475992,552.7222358805534,236.9978662588199,0.016791049199587953,0.008597172103798305,0.032917671153873874,0.027566956133646806
Bubble,80.6179384605349,0.6023973973973974,0.3976026026026026,0.4123275673012659,0.587672432698734,551.4030332492458,237.77076661363404,0.016765202933954153,0.008622992970720191,0.03288973210890891,0.027574041567817193
Bubble,80.69175666804293,0.6013983983983985,0.3986016016016015,0.4125843798550602,0.5874156201449399,550.0825998988261,238.54722454784965,0.016739275268043065,0.008648899186048756,0.03286179306394395,0.02758122385478166
Bubble,80.76521302080425,0.6003993993993995,0.39960060060060054,0.41284467384454276,0.5871553261554572,548.7609234179313,239.32727551411492,0.0167132656160538,0.008674891534137736,0.03283385401897898,0.02758850350719728
Bubble,80.8383065331345,0.5994004004004004,0.40059959959959957,0.4131084680808005,0.5868915319191994,547.4379912974033,240.11095551318516,0.01668717338720886,0.008700970810393465,0.032805914974014014,0.027595881051154472
Bubble,80.91103607547362,0.5984014014014014,0.4015985985985986,0.4133728384606015,0.5866271615393984,546.1137906483377,240.89439482749327,0.01666099797713109,0.008727022332478726,0.03277797592904905,0.02760327470814118
Bubble,80.96456438882157,0.4465535535535536,0.5534464464464464,0.44415382616286375,0.5558461738371362,282.4304254917594,278.8612316289026,0.009898988430175492,0.009796935756062858,0.028531241094374372,0.028464127822449857
Bubble,80.98340082210726,0.5974024024024024,0.4025975975975976,0.4136436405243328,0.5863563594756672,544.7883093079912,241.68536566054723,0.01663473880155379,0.008753275653005144,0.03275003688408408,0.027610848240289636
Bubble,81.05539958126786,0.5964034034034035,0.4035965965965965,0.41391800361505926,0.5860819963849409,543.4615341859569,242.48007843723465,0.016608395245865045,0.00877961840328133,0.03272209783911912,0.02761852136382251
Bubble,81.12703123749185,0.5954044044044045,0.40459559559559555,0.4141959499630142,0.5858040500369858,542.1334523525549,243.2785733561856,0.016581966698268148,0.008806051480808647,0.03269415879415415,0.027626294700453614
Bubble,81.19829464031565,0.5944054054054054,0.40559459459459457,0.4144775013976479,0.5855224986023521,540.8040507638098,244.08088999451732,0.01655545254137443,0.008832575758836841,0.032666219749189186,0.02763416886068807
Bubble,81.26918860318865,0.5934064064064064,0.4065935935935936,0.41476268036451513,0.5852373196354849,539.4733162572076,244.8870686564346,0.016528852152049356,0.00885919212607308,0.032638280704224226,0.027642144472261612
Bubble,81.33971190226426,0.5924074074074074,0.4075925925925926,0.41505150994910694,0.584948490050893,538.1412355469355,245.69715040381405,0.016502164901241925,0.008885901487415915,0.03261034165925926,0.02765022218080707
Bubble,81.40986327511848,0.5914084084084085,0.40859159159159153,0.41534401389874537,0.5846559861012546,536.8077952186953,246.51117708404865,0.016475390153800114,0.008912704764600297,0.03258240261429429,0.02765840265046677
Bubble,81.47964141938523,0.5904094094094094,0.40959059059059055,0.4156402167398254,0.5843597832601746,535.4729817240569,247.32919148670206,0.016448527268271264,0.00893960290062985,0.032554463569329326,0.027666686567171365
Bubble,81.54904496395383,0.5894104104104104,0.4105895895895896,0.41593951965163456,0.5840604803483654,534.1367813020609,248.15039088131604,0.01642157559446475,0.008966571929169057,0.03252652452436436,0.027675057183678048
Bubble,81.58308635951883,0.44555455455455456,0.5544454454454455,0.4406667105199742,0.5593332894800258,286.0994728311793,278.81955827916164,0.010037415045289719,0.009829148494451786,0.028503302049409412,0.02836660351978054
Bubble,81.6180725757433,0.5884114114114114,0.4115885885885886,0.4162431677411532,0.5837568322588468,532.7991802582455,248.97647111659285,0.016394534482000234,0.008993661478199258,0.032498585479399406,0.027683549321943546
Bubble,81.68672279735199,0.5874124124124125,0.4125875875875875,0.416550592547735,0.583449407452265,531.4601645344322,249.80667231662161,0.01636740326705753,0.009020848819003396,0.03247064643443444,0.027692147083806212
Bubble,81.75499353330706,0.5864134134134135,0.41358658658658654,0.4168587909418907,0.5831412090581093,530.1197183103895,250.6368995175412,0.016340181229217026,0.009048013154901691,0.03244270738946947,0.027700766480623494
Bubble,81.82288215328708,0.5854144144144144,0.41458558558558556,0.41717555015337265,0.5828244498466272,528.7778242225332,251.47778787944543,0.016312867597962653,0.009075466924344583,0.03241476834450451,0.027709625298161376
Bubble,81.89038886142443,0.5844154154154154,0.4155845845845846,0.41749333065304944,0.5825066693469506,527.4344725449768,252.31905290540072,0.016285461835946858,0.009102907354213494,0.032386829299539545,0.02771851267810706
Bubble,81.95751217257751,0.5834164164164164,0.4165835835835836,0.4178149928700435,0.5821850071299567,526.0896489854892,253.16460994025115,0.016257963262850644,0.009130449238202075,0.03235889025457458,0.02772750861819622
Bubble,81.9900363454766,0.44355655655655657,0.5564434434434434,0.4403296403499175,0.5596703596500825,286.5053902569716,281.6899374451532,0.010071400161401962,0.009933638343985885,0.028447423959479478,0.02835717666485176
Bubble,82.02425041225995,0.5824174174174175,0.4175825825825825,0.41814057624936213,0.5818594237506378,524.7433386894802,254.0145211470515,0.016230371178609575,0.009158094031150267,0.03233095120960961,0.027736614221588962
Bubble,82.09060184921557,0.5814184184184185,0.41858158158158154,0.41847012249138626,0.5815298775086136,523.3955265934843,254.86885174927866,0.016202684874271133,0.009185843268590153,0.03230301216464465,0.0277458306545215
Bubble,82.1188325839009,0.4445555555555556,0.5554444444444444,0.44129374943000943,0.5587062505699906,288.99320567105093,284.10137321083295,0.010148885744703053,0.01000915912163529,0.028475363004444445,0.02838413994205905
Bubble,82.15656469301905,0.5804194194194194,0.41958058058058056,0.41880367522995277,0.5811963247700473,522.0461974137679,255.72766960052473,0.016174903631603267,0.00921369855367989,0.032275073119679684,0.027755159137303097
Bubble,82.22213709158862,0.5794204204204204,0.4205795795795796,0.4191412807790435,0.5808587192209564,520.6953356343619,256.5910462304786,0.016147026722683054,0.009241661587432863,0.03224713407471472,0.027764600965198737
Bubble,82.28731688596301,0.5784214214214215,0.4215785785785785,0.41947894534936175,0.5805210546506383,519.342924799296,257.4534315083494,0.016119053387887505,0.009269569364657126,0.03221919502974976,0.027774044443743415
Bubble,82.35210257135874,0.5774224224224225,0.4225775775775775,0.41982472107398794,0.580175278926012,517.9889502553785,258.32602355968197,0.016090982920958605,0.009297749625044496,0.03219125598478479,0.02778371476726506
Bubble,82.4033174006345,0.4515485485485486,0.5484514514514514,0.44770524050987237,0.5522947594901276,301.81167497456994,295.90389331556304,0.010526746375299396,0.010359529030534028,0.0286709363191992,0.02856345036954922
Bubble,82.41649186136175,0.5764234234234235,0.42357657657657655,0.420174728672773,0.5798252713272272,516.6333950483645,259.2034443198075,0.01606281454164157,0.009326044298233657,0.032163316939819823,0.027793503443780593
Bubble,82.48048263013133,0.5754244244244244,0.42457557557557557,0.4205290284315752,0.5794709715684248,515.2762426010353,260.0857850011338,0.01603454747870058,0.009354455615408047,0.03213537789485486,0.027803412159307
Bubble,82.54407267575509,0.5744254254254254,0.4255745745745746,0.42088768412278854,0.5791123158772113,513.9174760336978,260.97314175601906,0.01600618094879468,0.009382985939410587,0.03210743884988989,0.02781344269736939
Bubble,82.60725957487318,0.5734264264264265,0.4265735735735735,0.42124853763777603,0.578751462362224,512.5570777254264,261.8624839817408,0.015977714142747866,0.00941154626059713,0.03207949980492493,0.027823534702057187
Bubble,82.6700412517387,0.5724274274274275,0.42757257257257253,0.42161610752511375,0.5783838924748862,511.1950309968317,262.76017009915296,0.015949146277938392,0.009440321939548559,0.03205156075995996,0.027833814543799157
Bubble,82.7324147603318,0.5714284284284284,0.42857157157157155,0.42198293976453305,0.5780170602354668,509.8313164745362,263.6556904721784,0.0159204764848883,0.009469005605477853,0.032023621714994996,0.027844073755712285
Bubble,82.74008575898485,0.4485515515515516,0.5514484484484484,0.4453755569965157,0.5546244430034843,299.9120371285258,295.0524594840045,0.010491159854022361,0.010353336890822077,0.028587119184304306,0.028498296017543837
Bubble,82.79437807845679,0.5704294294294294,0.4295705705705706,0.42235685929008965,0.5776431407099103,508.46591745317954,264.56008693797475,0.01589170397446945,0.009497919216337272,0.03199568267003003,0.02785453117804031
Bubble,82.85592865478401,0.5694304304304305,0.4305695695695695,0.4227388910776312,0.5772611089223687,507.0988155505457,265.47484379067134,0.01586282790234037,0.009527105362463012,0.03196774362506507,0.027865215476323753
Bubble,82.91699862406992,0.5684314314314315,0.4315685685685685,0.42309502628664736,0.5769049737133527,505.72979056793724,266.3513505555335,0.015833841102554178,0.009555145234030721,0.0319398045801001,0.027875175523959718
Bubble,82.970076144288,0.4495505505505506,0.5504494494494494,0.4459680118227875,0.5540319881772126,303.25041702298506,297.74337121441175,0.010597581685603614,0.01044168958405327,0.028615058229269272,0.02851486522536837
Bubble,82.97772419838634,0.5674324324324325,0.43256756756756753,0.42348426532720485,0.5765157346727953,504.35925114701405,267.27401187834363,0.015804756089602842,0.009584502026359997,0.031911865535135135,0.02788606138777655
Bubble,83.03802871738723,0.5664334334334334,0.43356656656656656,0.42387979124060227,0.5761202087593977,502.98695142301005,268.2044798702859,0.015775564894056605,0.009614055152990419,0.031883926490170175,0.027897123076817573
Bubble,83.09790908704286,0.5654344344344344,0.4345655655655656,0.4242825415381632,0.5757174584618368,501.6128708881711,269.1441144580937,0.015746266592771122,0.00964384348997336,0.03185598744520521,0.027908386810499473
Bubble,83.15736240664982,0.5644354354354355,0.4355645645645645,0.42469884684311315,0.5753011531568868,500.2369895195534,270.1020272459316,0.01571686027459282,0.009674131107727657,0.03182804840024024,0.027920029637615223
Bubble,83.18294734515183,0.4165835835835836,0.5834164164164164,0.41391006783040324,0.5860899321695968,260.49430375738683,256.773661048205,0.009406479893779832,0.009297229243249668,0.027693069745425427,0.027618299423415604
Bubble,83.21632779683826,0.5634364364364365,0.4365635635635635,0.42510901746939433,0.5748909825306058,498.85910119786627,271.04974410997306,0.015687339173099765,0.009704088051691321,0.03180010935527528,0.02793150089592725
Bubble,83.27487236904258,0.5624374374374375,0.43756256256256254,0.4255327998890567,0.5744672001109432,497.479407738792,272.015916489025,0.015657709337449827,0.00973454825150539,0.031772170310310315,0.027943352835809242
Bubble,83.33314361449567,0.5614384384384384,0.43856156156156156,0.42599947365755764,0.5740005263424424,496.09837954764885,273.043559826019,0.01562798529915044,0.009766762445663628,0.03174423126534535,0.02795640431975986
Bubble,83.39090768232933,0.5604394394394395,0.4395605605605605,0.4264561044796337,0.5735438955203662,494.71525034492885,274.0554367660032,0.015598142648812928,0.009798481271974755,0.03171629222038038,0.027969174932226094
Bubble,83.44809867828282,0.5594404404404405,0.4405595595595595,0.4269070284859912,0.5730929715140087,493.32978621807933,275.0574250584072,0.015568173691046095,0.00982987381967122,0.03168835317541542,0.027981785941948854
Bubble,83.50491858172545,0.5584414414414415,0.4415585585585585,0.427362705107031,0.572637294892969,491.94263948775625,276.06549858104137,0.015538098695134063,0.009861408635201758,0.031660414130450454,0.02799452986823654
Bubble,83.5445334133932,0.4055945945945946,0.5944054054054053,0.4029533860445019,0.5970466139554981,250.7392126304388,247.16777395250344,0.009155831112617637,0.009049828612578966,0.027385740250810812,0.02731187346564203
Bubble,83.56128889063662,0.5574424424424425,0.44255755755755755,0.4278027200893008,0.5721972799106992,490.55354127936675,277.0495842071025,0.015507908880151352,0.009892212970270861,0.03163247508548549,0.028006835784846282
Bubble,83.61719932095681,0.5564434434434434,0.44355655655655657,0.42825499084831764,0.5717450091516824,489.16244584169584,278.0502332736227,0.0154776024939754,0.00992346000077049,0.03160453604052052,0.028019484459254534
Bubble,83.67264222717871,0.5554444444444445,0.4445555555555555,0.42871921027306925,0.5712807897269307,487.76931563916395,279.0670431672101,0.015447178038463677,0.009955136669064009,0.03157659699555556,0.02803246730247534
Bubble,83.71098852073575,0.44755255255255255,0.5524474474474474,0.4449203417997939,0.5550796582002061,305.94067621831925,301.88561383027786,0.010712516071037206,0.01059784539549863,0.02855918013933934,0.028485564995928504
Bubble,83.71272955449402,0.41758258258258263,0.5824174174174174,0.41473559807855903,0.5852644019214409,265.40818238637127,261.40150153466465,0.0095742613262464,0.009456887997655953,0.027721008790390394,0.027641387060886983
Bubble,83.72739583473775,0.5544454454454455,0.4455545545545545,0.42891136125440926,0.5710886387455908,486.373376677539,279.6827413308248,0.01541661066658571,0.009975188152651948,0.03154865795059059,0.028037841196656515
Bubble,83.78192729750927,0.5534464464464465,0.44655355355355353,0.42933153802982943,0.5706684619701707,484.97621783671246,280.63153693437744,0.015385950405787123,0.010004834792588863,0.031520718905625626,0.028049592297341764
Bubble,83.78397317850725,0.4305695695695696,0.5694304304304304,0.42604016654650173,0.5739598334534983,282.3082653060319,275.6841889475285,0.010052203755202195,0.00986081627656,0.028084216374934932,0.027957542379412677
Bubble,83.8359479264622,0.5524474474474474,0.44755255255255255,0.4297863166683597,0.5702136833316402,483.5768399742236,281.6294420844376,0.015355165282766469,0.01003586058836481,0.03149277986066066,0.02806231110971668
Bubble,83.84694856012997,0.45254754754754756,0.5474524524524524,0.4477880397480271,0.5522119602519728,314.649102602987,307.2326141635085,0.010963812993030536,0.010755273076083269,0.028698875364164163,0.028565766019154667
Bubble,83.88948900169623,0.5514484484484484,0.4485515515515516,0.43024607942652177,0.5697539205734781,482.1753388967443,282.63320332537825,0.015324258009791659,0.010067016877894621,0.03146484081569569,0.028075169313164706
Bubble,83.94254729795854,0.5504494494494495,0.4495505505505505,0.4307088563649527,0.5692911436350472,480.77169186068545,283.63990678500915,0.015293227537718333,0.010098219085003588,0.03143690177073073,0.028088111814312887
Bubble,83.98139283055343,0.45454554554554555,0.5454544544544544,0.45030564760762776,0.5496943523923722,318.7950361547069,312.1448845100913,0.011086689950712027,0.010900368955282425,0.028754753454094093,0.02863617605886843
Bubble,83.99511055426558,0.5494504504504505,0.4505495495495495,0.43117104661141115,0.5688289533885887,479.36584391452874,284.6441613769316,0.015262071788231637,0.010129311319911773,0.031408962725765766,0.028101037907423198
Bubble,84.04661254728356,0.5484514514514515,0.45154854854854853,0.43148631340721005,0.5685136865927899,477.9557448788553,285.4264765001989,0.015230725094901,0.010153964744291841,0.0313810236808008,0.02810985498651198
Bubble,84.0981083012193,0.5474524524524524,0.45254754754754756,0.43192288487164954,0.5680771151283505,476.5451636808166,286.3886453744149,0.015199307156404529,0.01018377026961072,0.03135308463583584,0.02812206459812082
Bubble,84.14915510313365,0.5464534534534535,0.45354654654654647,0.43238610018472706,0.5676138998152731,475.13251190093393,287.38883135757305,0.015167767074621431,0.010214630659654125,0.03132514559087087,0.02813501935931027
Bubble,84.19968407324198,0.5454544544544545,0.4545455455455455,0.4328505695306874,0.5671494304693127,473.7175294394856,288.3890754378466,0.015136096211802461,0.01024545194190549,0.031297206545905905,0.028148009192087514
Bubble,84.2174852780797,0.4395605605605606,0.5604394394394394,0.4338006624761915,0.5661993375238085,297.96587507729373,289.2897482629149,0.010515576248095524,0.010267757082431907,0.02833566777961962,0.028174580479498147
Bubble,84.2291065774868,0.4405595595595596,0.5594404404404404,0.43456671058025553,0.5654332894197445,299.4903904477693,290.439957094403,0.01055896707001951,0.010300748685738109,0.028363606824584588,0.02819600457746643
Bubble,84.24969276445478,0.5444554554554555,0.4555445445445445,0.43331762831450493,0.5666823716854952,472.30019565519115,289.39133703067904,0.015104293557275649,0.010276290005813309,0.031269267500940945,0.02816107144377689
Bubble,84.29918416311682,0.5434564564564565,0.45654354354354354,0.4337912380602644,0.5662087619397356,470.88051057048887,290.40154353564395,0.015072358758176202,0.010307314441715636,0.031241328455975974,0.028174316906480933
Bubble,84.34802911487384,0.5424574574574574,0.45754254254254256,0.43429227954130056,0.5657077204586995,469.4579768024259,291.4504272948921,0.015040275524734179,0.010339400450830729,0.03121338941101101,0.028188329553622736
Bubble,84.39634407481371,0.5414584584584585,0.4585415415415415,0.4347516839964815,0.5652483160035184,468.03301608619256,292.4349904947291,0.015008056981462592,0.010369602050956444,0.031185450366046048,0.028201177736396958
Bubble,84.44410282577273,0.5404594594594595,0.4595405405405405,0.43519200937925545,0.5648079906207446,466.6055179889115,293.388679986554,0.014975699220021068,0.010398878540573154,0.03115751132108108,0.028213492333990016
Bubble,84.4913128897406,0.5394604604604605,0.4605395395395395,0.4356405067597617,0.5643594932402383,465.17549999336217,294.35240848262237,0.014943202427174493,0.010428400712181806,0.031129572276116117,0.028226035478170524
Bubble,84.53931286920893,0.5384614614614615,0.46153853853853855,0.43654453034725776,0.5634554696527423,463.7481604830351,296.0078819838407,0.014910733370058155,0.010477666153502915,0.031101633231151154,0.028251318342002976
Bubble,84.58554664424669,0.5374624624624625,0.46253753753753746,0.4370692749704531,0.5629307250295468,462.313588859228,297.0841578421572,0.014877973184943986,0.010510302908031418,0.03107369418618619,0.028265993895869656
Bubble,84.63120546477086,0.5364634634634635,0.4635365365365365,0.4375912988788461,0.5624087011211538,460.8763737136958,298.1542443964002,0.014845068886785232,0.010542715303295926,0.03104575514122122,0.028280593359396648
Bubble,84.67629354072932,0.5354644644644645,0.4645355355355355,0.43812851887539267,0.5618714811246074,459.4365221682752,299.24532036149384,0.014812020315760645,0.010575677207125433,0.031017816096256257,0.02829561781252886
Bubble,84.72078844885472,0.5344654654654655,0.4655345345345345,0.43865722880881186,0.5613427711911881,457.9939359685836,300.32128824709145,0.014778823911129389,0.010608159651923408,0.03098987705129129,0.028310404264385195
Bubble,84.76472943723088,0.5334664664664664,0.46653353353353355,0.43925218712231756,0.5607478128776824,456.54876457899746,301.4962048621959,0.014745484100049316,0.01064340530267374,0.030961938006326326,0.02832704348733734
Bubble,84.80804229700672,0.5324674674674675,0.46753253253253246,0.4398059424313356,0.5601940575686645,455.100700983749,302.60610205425695,0.01471199056908873,0.010676749674502984,0.030933998961361366,0.028342530384214863
Bubble,84.85074778494153,0.5314684684684685,0.4685315315315315,0.44036427206650036,0.5596357279334996,453.6498200911107,303.72074613383245,0.014678345325100425,0.010710176701230466,0.0309060599163964,0.0283581452114547
Bubble,84.89282445537026,0.5304694694694695,0.4695305305305305,0.44090421525336254,0.5590957847466376,452.19602588632665,304.8048403785726,0.014644544846791513,0.010742684931698427,0.030878120871431436,0.028373245824159402
Bubble,84.93417345486807,0.5294704704704705,0.47052952952952953,0.44153384585287525,0.5584661541471249,450.7388978336544,306.0236615475809,0.014610575080856218,0.010778952041986539,0.03085018182646647,0.028390854728321195
Bubble,84.97501433596098,0.5284714714714714,0.47152852852852856,0.4421087627081642,0.557891237291836,449.27934276384525,307.15683313479985,0.01457646498824829,0.010812741673243925,0.030822242781501502,0.028406933451009735
Bubble,85.01516295502921,0.5274724724724725,0.47252752752752747,0.4426328119658417,0.5573671880341582,447.81658661656087,308.2089317836568,0.014542189050543124,0.0108441834739557,0.03079430373653654,0.028421589557561175
Bubble,85.03428685405066,0.45954054054054055,0.5404594594594594,0.4525814692502836,0.5474185307497164,334.3633431393406,323.31353315738784,0.01157188866466549,0.011265348963517026,0.02889444867891892,0.028699824053781447
Bubble,85.05471386406927,0.5264734734734735,0.4735265265265265,0.44321159462545745,0.5567884053745425,446.35102285846096,309.34294489311765,0.01450775960478485,0.010877887940059084,0.030766364691571575,0.028437776395353952
Bubble,85.09378469128092,0.5254744744744745,0.4745255255255255,0.44399715257503203,0.556002847424968,444.8831581300603,310.79489333982264,0.014473192714707999,0.01092050828438042,0.03073842564660661,0.028459746125952024
Bubble,85.13201981294257,0.5244754754754755,0.47552452452452454,0.4445890410328256,0.5554109589671744,443.411463738731,311.94449006143225,0.014438438227645286,0.010954530455257074,0.03071048660164164,0.028476299494126674
Bubble,85.16958756647419,0.5234764764764765,0.47652352352352345,0.4451901962802939,0.554809803719706,441.93665503592445,313.10580405511246,0.014403518945732286,0.010988824378279454,0.03068254755667668,0.028493112026978826
Bubble,85.18623961451881,0.5214784784784785,0.4785215215215215,0.4548310437991876,0.5451689562008124,438.7265726995906,328.3977239552499,0.014324984738413782,0.011417470896211437,0.030626669466746748,0.02876273799517363
Bubble,85.20647467685737,0.5224774774774775,0.4775225225225225,0.4457937758420923,0.5542062241579077,440.45867151454706,314.2681696271006,0.014368432444546409,0.011023088524569801,0.030654608511711715,0.028509992360726828
Bubble,85.27820207126584,0.5204794794794795,0.4795205205205205,0.44800852267002195,0.5519914773299781,437.4931523774162,318.15691182058845,0.014297755048882211,0.011135295603081715,0.030598730421781784,0.028571932273853413
Bubble,85.31326475700759,0.5194804804804805,0.48051951951951954,0.4484608927457483,0.5515391072542516,436.0066197925847,319.0778406853969,0.014262196042567213,0.011162584830534948,0.030570791376816814,0.02858458372585605
Bubble,85.32788259775944,0.4845155155155155,0.5154844844844845,0.4791347377357423,0.5208652622642578,377.4960262543508,368.60119839116874,0.012756293227749248,0.012519383369324174,0.029592924803043045,0.029442440375645012
Bubble,85.34764323677778,0.5184814814814815,0.48151851851851846,0.44904338332066146,0.5509566166793386,434.51691348703514,320.1990427358981,0.014226468070694751,0.011195428496023611,0.030542852331851854,0.028600874263064277
Bubble,85.37889961911475,0.5174824824824825,0.4825175175175175,0.44735157203458686,0.552648427965413,433.0128828330911,317.74703404240114,0.014190205253480727,0.0111281059780359,0.030514913286886887,0.028553559309154174
Bubble,85.40816939483784,0.4675325325325326,0.5324674674674674,0.45406003388020927,0.5459399661197907,349.82496208793,328.22939437271174,0.012014061067796712,0.011420180034006864,0.02911796103863864,0.02874117512992917
Bubble,85.41182553696315,0.5164834834834835,0.4835165165165165,0.4482990535456118,0.5517009464543883,431.5163714559598,319.42733657461037,0.014154122610914657,0.01117658128841707,0.03048697424192192,0.02858005756247227
Bubble,85.44355410216056,0.5154844844844845,0.4845155155155155,0.4488397018385702,0.55116029816143,430.01431453006956,320.46675434685335,0.014117791707763304,0.011207020831436288,0.030459035196956957,0.02859517789490737
Bubble,85.47451110881414,0.5144854854854856,0.48551451451451444,0.44937603860498176,0.5506239613950182,428.5086605842052,321.4957485993155,0.014081275891080755,0.011237111232558827,0.030431096151991993,0.02861017764670707
Bubble,85.50490556258919,0.5134864864864865,0.48651351351351346,0.45002924940341577,0.5499707505965843,427.00039711537266,322.7056026699664,0.014044607131167994,0.011272201168486134,0.03040315710702703,0.028628446019235306
Bubble,85.53697684110668,0.5124874874874875,0.4875125125125125,0.45270219324511357,0.5472978067548864,425.5001898794702,327.1076684963703,0.014008136139470552,0.011396208943488622,0.03037521806206206,0.028703200346573823
Bubble,85.56545327176309,0.5114884884884885,0.4885115115115115,0.4529388160217686,0.5470611839782314,423.98307015066666,327.65513185866666,0.01397104069566838,0.01141265096237086,0.030347279017097096,0.028709817985233442
Bubble,85.57825962841139,0.45754254254254256,0.5424574574574574,0.44558831195366433,0.5544116880463357,334.9490320984123,316.1205817077526,0.01161461976989598,0.011090297919524282,0.02883857058898899,0.02850424614394061
Bubble,85.58689132050107,0.5104894894894895,0.48951051051051053,0.4590862622262376,0.5409137377737624,422.4321305332234,337.56342142065427,0.01393276142955288,0.011687778378864243,0.03031933997213213,0.028881743859131673
Bubble,85.61888348183041,0.5094904904904906,0.49050950950950944,0.4578698854878331,0.5421301145121669,420.9321952016591,335.8113345394346,0.013896095337873315,0.011640825398089553,0.03029140092716717,0.028847725402233647
Bubble,85.63996606661539,0.5084914914914915,0.49150850850850847,0.4512110982178695,0.5487889017821305,419.3794170376225,325.38897049357996,0.01385761545291874,0.011352824651544347,0.030263461882202206,0.02866149883230308
Bubble,85.66413120108164,0.5074924924924925,0.4925075075075075,0.45153580394294074,0.5484641960570592,417.84171661263827,326.04811571052846,0.013819563129830712,0.011372219081651334,0.030235522837237242,0.02867057989030438
Bubble,85.68787246133354,0.5064934934934935,0.4935065065065065,0.4519252134104591,0.5480747865895409,416.30210554566804,326.8066478262076,0.013781377167020116,0.011394347705885318,0.030207583792272275,0.028681470520458843
Bubble,85.71053911401528,0.5054944944944946,0.4945055055055054,0.45225729956331334,0.5477427004366866,414.75737866756975,327.4687768552856,0.013742950990321887,0.011413737378483316,0.030179644747307312,0.02869075798717917
Bubble,85.73220432745518,0.5044954954954955,0.49550450450450445,0.45258688525274887,0.5474131147472512,413.20788766496827,328.12124971754434,0.013704295595882923,0.01143280590782085,0.03015170570234235,0.028699975523339038
Bubble,85.74360711904889,0.47052952952952953,0.5294704704704705,0.45786784483606713,0.5421321551639329,356.89949881569925,336.4860265928993,0.012221841310306514,0.011664236524393929,0.029201778173533532,0.02884766833124408
Bubble,85.75268422261296,0.5034964964964965,0.4965035035035035,0.45287387188857475,0.5471261281114254,411.65269039818423,328.69968418047563,0.0136653790702953,0.011449758423772697,0.030123766657377378,0.028708001690062646
Bubble,85.77289461614168,0.5024974974974975,0.4975025025025025,0.4532188507962124,0.5467811492037877,410.0964471649749,329.3679283841223,0.0136263555349393,0.011469181200153734,0.030095827612412415,0.028717649728971707
Bubble,85.78910754534618,0.5014984984984985,0.4985015015015015,0.45326073167113395,0.546739268328866,408.52001416495557,329.5347077914671,0.013586588005625165,0.011474520755619728,0.030067888567447448,0.02871882101307587
Bubble,85.80650368716684,0.5004994994994995,0.49950050050050054,0.45356581230073745,0.5464341876992624,406.94995591661825,330.1235435478266,0.01354695871283169,0.011491610141536171,0.03003994952248248,0.028727353215247213
Bubble,85.8284488596882,0.49950050050050054,0.5004994994994995,0.4546799497756452,0.5453200502243549,405.40412262862776,332.0190529763616,0.01350806281146418,0.01154507051760282,0.03001201047751752,0.02875851234257346
Bubble,85.84550452951676,0.4985015015015015,0.5014984984984985,0.45523975363978203,0.5447602463602178,403.83341194931086,333.0105397639343,0.013468264737085851,0.011573246362462066,0.029984071432552554,0.028774168399633926
Bubble,85.86317667878775,0.49750250250250255,0.5024974974974974,0.45607734748586026,0.5439226525141397,402.26659999835266,334.44745626992585,0.013428522574063434,0.011613729362362935,0.029956132387587587,0.028797593420230954
Bubble,85.86394177257324,0.49650350350350353,0.5034964964964965,0.454485272569051,0.5455147274309491,400.6102227269941,331.9311344619794,0.013385713535753588,0.011544198928664463,0.029928193342622623,0.028753067797349555
Bubble,85.86470665523089,0.4605395395395396,0.5394604604604605,0.45577814605377426,0.5442218539462258,341.611519391671,334.01138417459276,0.011811318023012699,0.011601957910583556,0.028922387723883888,0.028789225641811748
Bubble,85.86511661348925,0.46953053053053057,0.5304694694694694,0.4621601931662774,0.5378398068337226,356.0503232333425,344.1367550297126,0.012204438423898732,0.011880011365705385,0.02917383912856857,0.028967712608689005
Bubble,85.86519795521332,0.48751251251251254,0.5124874874874874,0.45249703628183374,0.5475029637181663,385.6668283660172,328.8044115237983,0.01299559194107461,0.011457612640028121,0.029676741937937942,0.028697462713575497
Bubble,85.87478472692791,0.4955045045045045,0.5044954954954954,0.4546504359202833,0.5453495640797167,399.0077114413779,332.2596003469357,0.013344626017867534,0.0115537665176528,0.029900254297657657,0.0287576869274
Bubble,85.88286980914135,0.49250750750750755,0.5074924924924924,0.4535821585725563,0.5464178414274437,394.069160050337,330.62421209547324,0.013216507321085407,0.01150885528041297,0.02981643716276276,0.028727810372085025
Bubble,85.8852017015505,0.49450550550550554,0.5054944944944945,0.4547062791366069,0.5452937208633932,397.40340099338755,332.4116730388178,0.013303401414711756,0.011558426874866778,0.029872315252692693,0.028759248696864654
Bubble,85.89263150292427,0.4935065065065065,0.5064934934934935,0.45485344941459116,0.5451465505854088,395.7833698809784,332.69113025687574,0.01326157287142415,0.011566488647017262,0.029844376207727726,0.02876336461391585
Bubble,85.90073935045535,0.4915085085085085,0.5084914914914915,0.4549079788947859,0.545092021105214,392.5074787293365,332.8290063545917,0.01317647761821279,0.011570668634438907,0.0297884981177978,0.028764889642069632
Bubble,85.90329472342249,0.49050950950950956,0.5094904904904904,0.45493364267266156,0.5450663573273384,390.86181974366724,332.885617590853,0.013133550978901757,0.011572347949081683,0.029760559072832832,0.028765607381972032
Bubble,85.9034755465971,0.4885115115115115,0.5114884884884885,0.454958610769128,0.545041389230872,387.5441777295201,332.92616172226275,0.013046569257975826,0.01157347646899782,0.0297046809829029,0.028766305665724634
Bubble,85.9047287075467,0.48951051051051053,0.5104894894894895,0.4549813839355669,0.5450186160644331,389.21034476377486,332.97001793203634,0.013090348055400927,0.011574744768019172,0.02973262002786787,0.02876694256378136
Bubble,85.9241326020681,0.47852152152152155,0.5214784784784785,0.4597365086213086,0.5402634913786915,371.13248270224443,340.6354395506004,0.012612704105090515,0.011786722234067586,0.029425290533253257,0.028899929326072483
Bubble,85.94993522696144,0.47752252252252253,0.5224774774774774,0.46169642464986305,0.538303575350137,369.64520894369474,343.9327148862914,0.012574099033749996,0.01187828613425684,0.029397351488288287,0.02895474237603971
Bubble,86.01554427707634,0.48251751751751754,0.5174824824824824,0.47341820942827206,0.526581790571728,378.2658544561544,363.32646538291146,0.012806488682845243,0.012407603397369035,0.029537046713113115,0.029282565999808864
Bubble,86.02753260298817,0.47652352352352356,0.5234764764764764,0.46695090479145135,0.5330490952085486,368.47739145178036,352.8798812677975,0.012546297688551407,0.012125750260456186,0.029369412443323323,0.02910169463233871
Bubble,86.03013954472439,0.48151851851851857,0.5184814814814814,0.4744857642426353,0.5255142357573649,376.70408758578424,365.15728690736114,0.012765688878908225,0.012457424452067562,0.02950910766814815,0.029312422348004356
Bubble,86.03899920486923,0.48351651651651656,0.5164834834834835,0.4562103773371132,0.5437896226628869,380.05168124884125,335.70770201853,0.01285478993153241,0.011655985678898704,0.02956498575807808,0.028801313871402143
Bubble,86.04643729755068,0.48051951951951954,0.5194804804804805,0.4772449216362364,0.5227550783637637,375.1549715032675,369.77339272697424,0.012725240857930437,0.012581782197058453,0.029481168623183188,0.02938958781319749
Bubble,86.05744851800141,0.4215785785785786,0.5784214214214214,0.41803974348717904,0.5819602565128209,286.58292824943544,281.4021587107903,0.010296602890720947,0.010146543830262318,0.027832764970250248,0.027733794227695674
Bubble,86.16231562208397,0.4865135135135135,0.5134864864864865,0.47860586353262213,0.5213941364673779,385.703588985457,372.66591282189574,0.013009077984624874,0.01266380160532892,0.029648802892972975,0.029427649329651386
Bubble,86.19137027428923,0.48551451451451455,0.5144854854854854,0.4761954502125931,0.5238045497874069,384.22215708906265,368.88540560657145,0.012971335308132865,0.012564115304810976,0.02962086384800801,0.0293602372039136
Bubble,86.70068796949985,0.45554454454454457,0.5444554554554555,0.44623918390250805,0.553760816097492,339.27377014320837,324.6043903743476,0.011787422950590869,0.011380663321393912,0.02878269249905906,0.0285224491057688
Dew,86.82113821986148,0.3866270355063481,0.6133729644936519,0.3836166166166166,0.6163833833833834,252.89951219413516,248.83366900383254,0.009417126572140057,0.00929486809189611,0.02685527376708746,0.02677108126158158
Bubble,86.86769259726226,0.4345655655655656,0.5654344344344344,0.4292470315900012,0.5707529684099988,309.4570938369948,301.3870626388794,0.01097522326054225,0.010745698396376414,0.028195972554794797,0.028047228902358824
Bubble,86.93285657724743,0.46453553553553556,0.5354644644644644,0.460500724536884,0.5394992754631159,354.74498698485536,348.2633223044212,0.012218200342360139,0.012041758012794479,0.029034143903743745,0.028921302183152014
Bubble,86.9799938944653,0.43856156156156156,0.5614384384384384,0.43385054795684763,0.5661494520431525,315.84752417772415,308.6266553297953,0.01115764274620379,0.01095353926325406,0.028307728734654657,0.028175975628731077
Bubble,87.13112403998008,0.46253753753753757,0.5374624624624624,0.4596407808895585,0.5403592191104415,352.8269060177242,348.18403674434455,0.01217557007326274,0.012049036201849673,0.028978265813813815,0.028897252104769518
Bubble,87.19101276549951,0.46353653653653654,0.5364634634634635,0.459977455434415,0.540022544565585,354.75223398002345,349.04307541231805,0.012230218868934762,0.012074829125147447,0.02900620485877878,0.0289066678952325
Bubble,87.36092232291492,0.47152852852852856,0.5284714714714714,0.46715110495992346,0.5328488950400766,368.33321561001543,361.24662166986053,0.012601326686010831,0.012410862588494276,0.0292297172184985,0.02910729363845838
Bubble,87.39523302437048,0.4255745745745746,0.5744254254254254,0.4218749536425702,0.5781250463574298,300.65608838444916,295.12880333726605,0.010759035260236137,0.010600489711348578,0.027944521150110112,0.02784105370351991
Bubble,87.59800958379692,0.4795205205205205,0.5204794794794795,0.4753293315342914,0.5246706684657085,382.3353701570717,375.5001964897218,0.012981101754621272,0.012799973132303034,0.02945322957821822,0.029336014428192787
Bubble,87.8574520947425,0.4655345345345346,0.5344654654654655,0.4624616714262645,0.5375383285737355,361.8100191926709,356.87319239893003,0.012449555657494499,0.012316103606470057,0.02906208294870871,0.028976144063245193
Bubble,87.91646464112839,0.46653353353353355,0.5334664664664664,0.4636115347090368,0.5363884652909631,363.6996531801341,358.9999041580157,0.012502556830628364,0.012375764014172737,0.029090021993673672,0.029008302335669024
Bubble,87.9170172170224,0.46853153153153154,0.5314684684684685,0.46543045759085494,0.534569542409145,366.8093466388383,361.8106773975067,0.012585281140286057,0.012450825322906053,0.029145900083603606,0.029059172224661745
Bubble,88.23996037644486,0.4295705705705706,0.5704294294294294,0.42527207018770025,0.5747279298122998,311.4057127602786,304.90379487595203,0.011099324015721508,0.010914344541978236,0.028056277329969972,0.02793606099782222
Dew,88.37558091918751,0.39444313976844986,0.6055568602315502,0.39160860860860863,0.6083913913913914,270.1061807949827,266.13009541834975,0.009976638362013983,0.009858644258617318,0.027073867067629827,0.026994593621301303
Bubble,88.39503121490067,0.4335665665665666,0.5664334334334333,0.42856690881347276,0.5714330911865273,317.85252719702964,310.2308412733203,0.011284157521543286,0.011068522203965111,0.028168033509829833,0.028028207881462746
Dew,88.64277334087761,0.37229612828310255,0.6277038717168973,0.3696306306306307,0.6303693693693693,249.44041207793833,245.88186349722162,0.009429042089234427,0.009320791234951907,0.026454480711538657,0.026379934632072072
Bubble,88.89793155662836,0.4285715715715716,0.5714284284284283,0.4244764089580479,0.5755235910419522,314.11300976168656,307.91447467902253,0.011206979399479245,0.011030901511713681,0.028028338285005006,0.027913808708386084
Dew,89.13612158308959,0.39609044239271973,0.6039095576072803,0.3926076076076076,0.6073923923923924,276.5891449903566,271.65241157337454,0.010198738385023354,0.010052810923696037,0.02711993724601489,0.027022532666266266
Dew,89.30720758833168,0.3979669068730867,0.6020330931269132,0.39460560560560565,0.6053943943943944,279.6291434013178,274.83735373236414,0.010290919263567195,0.010149685526484402,0.027172416403195888,0.0270784107561962
Bubble,89.32548429461072,0.46153853853853855,0.5384614614614615,0.45798734599681123,0.5420126540031888,363.93398594150807,358.27883457929926,0.012570980246520346,0.012418242179449245,0.028950326768848848,0.02885101042498666
Dew,89.41110652611067,0.38046244895879044,0.6195375510412096,0.37762262262262264,0.6223773773773773,261.5795864457122,257.6827904798262,0.00980327831567434,0.009686067770064965,0.026682868528528452,0.02660344699179179
Bubble,89.74379917239732,0.4535465465465466,0.5464534534534534,0.44810744410695663,0.5518925558930434,354.37066265731335,345.8084287575699,0.012335884432236155,0.01210190984034225,0.028726814409129133,0.02857469881363702
Dew,89.75833499790753,0.3938196937678233,0.6061803062321767,0.3906096096096096,0.6093903903903903,277.61133580393414,273.0597652953219,0.010260456543088364,0.01012583019975107,0.027056431128392466,0.02696665457633634
Dew,89.86364165630675,0.3893070352967141,0.6106929647032859,0.3866136136136136,0.6133863863863864,273.1687236090883,269.38266030875786,0.01014357359670525,0.010031043734803423,0.026930225428424617,0.02685489839647648
Dew,89.94653772511002,0.38475671696921215,0.6152432830307879,0.3816186186186186,0.6183813813813814,269.024116035293,264.6547692951274,0.010037102277393758,0.009906522798821944,0.02680296649374664,0.02671520317165165
Bubble,90.47624108773923,0.4725275275275276,0.5274724724724724,0.4693651661222094,0.5306348338777906,386.25547539112995,381.19183770810014,0.013201859776904966,0.01306829292007487,0.029257656263463466,0.029169214375546478
Dew,90.50893972152167,0.3871020271932973,0.6128979728067027,0.38461561561561564,0.6153843843843844,274.36641947518655,270.8690135810556,0.01021143080007847,0.010107422229718109,0.026868557878596034,0.026799020306546545
Dew,90.7343193013834,0.39012255125815753,0.6098774487418425,0.38761261261261265,0.6123873873873873,278.85626929035806,275.29743900113294,0.010346007046122556,0.010240639203388035,0.02695303299593894,0.026882837441441442
Dew,91.61068470915114,0.3969785889302474,0.6030214110697526,0.3936066066066066,0.6063933933933934,291.56036106852605,286.69072361048023,0.010740938155276648,0.010598363188300614,0.027144776075755786,0.027050471711231233
Bubble,92.94803202361484,0.3906096096096096,0.6093903903903903,0.38788305526690275,0.6121169447330973,290.46483185127767,286.55398092145197,0.010771259409617873,0.010656366997016905,0.02696665457633634,0.02689040092197168
Bubble,93.0487892489756,0.38961061061061064,0.6103893893893894,0.38699559374299336,0.6130044062570067,289.8809274198865,286.1345490195028,0.010760755355328907,0.01065059960387569,0.026938715531371372,0.02686558125003405
Dew,93.6521780753843,0.3912546461739804,0.6087453538260196,0.3886116116116116,0.6113883883883884,295.6904392916151,291.8772682455006,0.010957709417379849,0.010846110976877172,0.026984694339733557,0.02691077648640641
Dew,96.39353139809634,0.40011010862855745,0.5998898913714426,0.39660360360360364,0.6033963963963964,319.3663354903788,314.21976928811546,0.011727459143865792,0.01158017337657167,0.027232355412419213,0.02713428884612613
Bubble,99.34116173967497,0.4045955955955956,0.5954044044044045,0.40112171398817276,0.5988782860118272,336.33103479982134,331.2255455831732,0.012293788973360685,0.012150318565089852,0.027357801205845845,0.027260647019975787
Bubble,100.98415408336967,0.4325675675675676,0.5674324324324325,0.42895448288190674,0.5710455171180933,375.9977225162683,370.6081036794693,0.013361636826974096,0.013217571242272024,0.028140094464864866,0.028039047180937603
Bubble,100.98604931508615,0.40359659659659664,0.5964034034034034,0.40048687423617546,0.5995131257638245,341.750956351287,337.19870778994743,0.012504671788665614,0.012377492905389819,0.027329862160880885,0.027242892431238088
